Predicted Score,Actual Score
0.79850352,0.97402596
0.62835032,0.73417723
0.37730610,0.12823969
0.89992058,0.81259978
0.91611451,0.89496130
0.55148089,0.47500202
0.89774048,0.90291262
0.93207532,0.96124291
0.85312724,0.89341539
0.90583861,0.88575649
0.81497335,0.89799571
0.91398388,0.90173441
0.89086413,0.87073731
0.88565177,0.92330921
0.55397463,0.56876683
0.79974538,0.75344354
0.92033601,0.95312500
0.92416930,0.91624480
0.67792624,0.69825709
0.65717947,0.67295039
0.90843004,0.92591548
0.71701223,0.83874792
0.56906593,0.67183489
0.92177862,0.87838751
0.82448006,0.85806680
0.50412560,0.67744184
0.60068268,0.64183676
0.89677000,0.90314204
0.41363442,0.39795625
0.07126361,0.23219927
0.65375102,0.73923182
0.55198181,0.62878650
0.87657982,0.79866892
0.96788538,0.93340164
0.68765438,0.76762378
0.90755594,0.87750590
0.69317120,0.70610350
0.85937113,0.87274390
0.73579919,0.77471316
0.87005895,0.74017882
0.58327734,0.53162020
0.64952487,0.85185730
0.86121744,0.82243454
0.90750444,0.96494067
0.76856411,0.68949252
0.82081246,0.84601575
0.70181775,0.66256118
0.93859506,0.96178091
0.88435346,0.89498997
0.54241598,0.60363024
0.93428105,0.95655042
0.53883851,0.52236116
0.58667624,0.77376813
0.88183385,0.95441693
0.68659079,0.69354075
0.40411937,0.63580692
0.88810873,0.84415495
0.59662104,0.40421757
0.72335786,0.71092772
0.51464814,0.48772570
0.91784167,0.92003518
0.68561971,0.80931371
0.80004400,0.81769353
0.55693781,0.58732945
0.85423088,0.93263525
0.93286115,0.92334527
0.78233910,0.86228913
0.66937447,0.61061680
0.94704068,0.94150591
0.92688310,0.93775851
0.79620528,0.77325583
0.73738676,0.75315696
0.93829393,0.94875002
0.91910040,0.91922528
0.01349229,0.08555707
0.91269577,0.91582203
0.68870169,0.45671695
0.90947062,0.90770239
0.85628206,0.85985541
0.52627432,0.62730861
0.68866926,0.72826087
0.90147990,0.88688642
0.64758849,0.71479058
0.38911223,0.36846665
0.65398443,0.65540588
0.55396068,0.68428475
0.86023533,0.84891218
0.84665185,0.55244505
0.83078265,0.35617423
0.49688727,0.50777072
0.65321618,0.85436708
0.67634994,0.79423076
0.82041842,0.89748764
0.66714710,0.83244783
0.95356375,0.92120171
0.68395245,0.88900036
0.75737923,0.84893095
0.31280798,0.26438427
0.80692464,0.93618190
0.59067547,0.71952027
0.59643459,0.70891517
0.81349945,0.93338555
0.79921508,0.81782299
0.83670533,0.82515365
0.93448192,0.93354863
0.67279351,0.76575905
0.72320396,0.78066832
0.74268156,0.81996006
0.30728269,0.70684522
0.64524120,0.62531328
0.93697691,0.92056233
0.83393383,0.89564049
0.72364044,0.75606227
0.80640322,0.79218322
0.80348003,0.74072599
0.91684377,0.98071426
0.87290573,0.92811561
0.88991737,0.87471670
0.90935731,0.91462636
0.77680182,0.82258064
0.30663061,0.39279380
0.82444853,0.88937986
0.92442691,0.90602368
0.86885262,0.81310177
0.20660722,0.55831259
0.85221511,0.94914424
0.92851776,0.95865506
0.93346953,0.91876382
0.56475645,0.50917327
0.45100543,0.36498562
0.55566609,0.61657834
0.89405799,0.79741937
0.93261606,0.95239449
0.30955887,0.28675476
0.05121869,0.07518037
0.72687739,0.71153843
0.91255206,0.92348027
0.88672531,0.92421323
0.87700593,0.56428504
0.84776032,0.82616764
0.25882572,0.34419924
0.72406250,0.81334132
0.55452579,0.65832502
0.39074868,0.43220028
0.89087224,0.90905404
0.90528774,0.79105079
0.56098026,0.55054945
0.83797067,0.62651515
0.75218534,0.86879802
0.87590265,0.97530866
0.64779973,0.87283242
0.69406486,0.56747156
0.90813726,0.94212097
0.72319090,0.66474348
0.81856978,0.92114174
0.54723775,0.53451371
0.44887641,0.53433007
0.31580135,0.26161468
0.71056265,0.76617503
0.50123858,0.26211971
0.72696036,0.85384059
0.56091714,0.83106786
0.46996543,0.52025586
0.60594642,0.45982206
0.69229549,0.66571146
0.57955825,0.65996927
0.56665182,0.55469769
0.37768936,0.49744070
0.84669262,0.82678950
0.92400610,0.86687738
0.40891045,0.50203669
0.80490631,0.82179201
0.69321913,0.83482140
0.88033676,0.87538403
0.68460643,0.42339361
0.89989376,0.87560409
0.85508674,0.96667218
0.90291893,0.91998285
0.61776602,0.57792211
0.05240756,0.11602031
0.26532018,0.44695711
0.91112411,0.90727723
0.31812510,0.21682203
0.56624174,0.73896211
0.11916214,0.08269231
0.93074286,0.89456820
0.29164666,0.54569191
0.36771774,0.53317410
0.87219918,0.80749857
0.92060333,0.91145813
0.61719579,0.55948716
0.82141685,0.80233300
0.90684819,0.88644528
0.54055351,0.62116641
0.94627357,0.95716840
0.82240617,0.88170350
0.92536336,0.87957662
0.89356852,0.89387870
0.36455598,0.40693602
0.70863497,0.89572513
0.90003216,0.91693234
0.84240103,0.84765124
0.50292981,0.76251251
0.90875739,0.91515762
0.93492258,0.87500000
0.90264094,0.89019877
0.85310030,0.61056477
0.39171988,0.82854885
0.90612143,0.78734589
0.79773569,0.78923386
0.86386847,0.88581467
0.06664759,0.16648623
0.66112447,0.67439586
0.65162599,0.60586655
0.15719670,0.21057090
0.97227722,0.97528487
0.74107409,0.77255833
0.78624809,0.81333578
0.54737228,0.40319654
0.20446020,0.18734229
0.88574642,0.93949294
0.82403320,0.83993411
0.64068472,0.81172067
0.91423261,0.84017092
0.92240512,0.92468828
0.88274050,0.88304842
0.78423595,0.66082203
0.94728589,0.88372952
0.86540854,0.83225191
0.96499193,0.95003641
0.83384788,0.72066885
0.84112787,0.86759102
0.97189802,0.95790040
0.85601974,0.90465409
0.85090727,0.89721519
0.72401536,0.70557100
0.80604821,0.69692564
0.87117881,0.92170662
0.67899072,0.82425898
0.85953987,0.87733400
0.76669562,0.73381919
0.77178007,0.93076921
0.22761196,0.24927424
0.67408520,0.52957636
0.85779047,0.82738793
0.78794652,0.86590999
0.96044159,0.92802405
0.89239806,0.90368575
0.58818644,0.54557669
0.73613262,0.62063390
0.56187582,0.79854780
0.85043299,0.74737102
0.06966186,0.12833922
0.88213384,0.79881155
0.37814146,0.35335454
0.93270445,0.93185782
0.58253092,0.59370100
0.71149760,0.77021104
0.41212407,0.52511907
0.47802255,0.30528343
0.79770279,0.80870020
0.52380693,0.34392732
0.85472727,0.89617443
0.40736780,0.35266176
-0.02616280,0.07075887
0.93607157,0.87498575
0.73490131,0.88172841
0.15601701,0.12780370
0.88568461,0.90276414
0.78104389,0.83361101
0.74589252,0.88522983
0.93251997,0.95717955
0.50011212,0.46015915
0.54708964,0.38126567
0.25518924,0.25172111
0.82794821,0.80265307
0.82520974,0.76514375
0.61664337,0.07320361
0.77650547,0.89524198
0.64321494,0.73342174
0.87061107,0.80329156
0.82822406,0.85264045
0.78273731,0.78269428
0.78714484,0.87559807
0.89123422,0.90807718
0.30341825,0.36312518
0.92027867,0.80876142
0.30640322,0.25291896
0.84541154,0.86300600
0.73195064,0.79727256
0.49930155,0.61340129
0.90804684,0.89284766
0.93024909,0.91649079
0.47071493,0.55881286
0.46335471,0.54536289
0.86911130,0.75468165
0.90634203,0.94361734
0.73963964,0.59260988
0.62290543,0.64701778
0.81157875,0.71809447
0.91798681,0.93402511
0.65927321,0.58740681
0.25365633,0.41599599
0.10171831,0.14241019
0.84899402,0.67805189
0.90789181,0.80217671
0.73909581,0.66494596
0.89450526,0.95568520
0.57925600,0.61684728
0.92532182,0.88004929
0.73252857,0.88933253
0.83396304,0.82872027
0.75792640,0.80215055
0.79912245,0.80901641
0.76968843,0.82661730
0.02635121,0.11900791
0.82153827,0.87948585
0.81582111,0.80047262
0.70711124,0.46851847
0.46713987,0.57297772
0.80504119,0.71595830
0.52657819,0.74690306
0.81972671,0.73192525
0.73053253,0.75357145
0.47733402,0.57308745
0.61946714,0.62363571
0.76583570,0.65479439
0.91165656,0.93142426
0.82313710,0.83667612
0.90742528,0.89990115
0.63743883,0.67989606
0.93273121,0.94007879
0.84153968,0.91771734
0.88209176,0.91071504
0.88133359,0.92906648
0.94295156,0.91549295
0.69596696,0.66958934
0.43072814,0.41143456
0.77427095,0.88174874
0.89570582,0.85992599
-0.00567025,0.13107717
0.89299071,0.89474386
0.80644643,0.68202478
0.93990523,0.94682842
0.72619361,0.63246292
0.85719323,0.62972188
0.50309551,0.37559256
0.86063385,0.80065358
0.93917263,0.92087841
0.18522149,0.36875001
0.95610690,0.91927636
0.48543787,0.46600592
0.52420831,0.61411488
0.90809864,0.89916748
0.75312859,0.92163610
0.88499296,0.93200552
0.59881580,0.61390060
0.84497809,0.65883905
0.90904927,0.67633200
0.80786306,0.86915255
0.05859816,0.15155677
0.52085197,0.49106583
0.65392375,0.69213933
0.20790586,0.24906784
0.38242209,0.54263598
0.74964708,0.77467996
0.76021075,0.68409622
0.19673449,0.29139313
0.46805137,0.51904726
0.52744824,0.38562462
0.82945246,0.84973544
0.93148029,0.95088142
0.93958545,0.94298244
0.91971684,0.86500758
0.88432431,0.90359151
0.85007703,0.87472767
0.67000312,0.46424896
0.95215940,0.95084935
0.64526612,0.77117878
0.42308897,0.58342171
0.84436476,0.91828686
0.80691755,0.80697674
0.73967558,0.71942645
0.89309746,0.93650794
0.44751048,0.57005721
0.41975814,0.51761085
0.77836359,0.75609297
0.65324533,0.45612457
0.82733357,0.73582870
0.58237314,0.38604474
0.93068850,0.90181994
0.72076976,0.73497599
0.84382957,0.88957173
0.31611773,0.34808046
0.86249256,0.92061257
0.90685487,0.90839982
0.47064120,0.55831069
0.47216970,0.72351193
0.94221127,0.93805766
0.65539342,0.64244634
0.64066941,0.32544324
0.79053789,0.73041230
0.47265479,0.34453544
0.44304228,0.50486070
0.70901406,0.78953445
0.86536968,0.94339621
0.19918597,0.30385977
0.65146536,0.64590788
0.89496237,0.85407209
0.83941019,0.91231942
0.75669396,0.18738404
0.44016826,0.45740741
0.92297804,0.96041739
0.56454694,0.72167873
0.68376034,0.42158175
0.88298702,0.91804773
0.85456461,0.78965688
0.46033421,0.52184761
0.83648229,0.87190974
0.92489338,0.94274896
0.80663335,0.80571985
0.80309439,0.07899183
0.87142044,0.60848868
0.89176786,0.89148116
0.35260254,0.51343048
0.98187691,0.92359877
0.61173141,0.79474926
0.77190596,0.88637221
0.91470969,0.98275864
0.90754461,0.89629233
0.76568633,0.89764708
0.86768389,0.84450263
0.52767050,0.61614585
0.10271007,0.17829013
0.92191201,0.92699409
0.67939472,0.81618500
0.50968313,0.53220779
0.80937874,0.92192829
0.28002775,0.33106670
0.46510965,0.44288188
0.65229344,0.56109023
0.44264686,0.43951538
0.86514169,0.92528480
0.93407774,0.93086082
0.26260948,0.26050326
0.57791787,0.56626183
0.64918560,0.36328125
0.92397970,0.92448813
0.86202353,0.82105064
0.63792211,0.68381846
0.73643142,0.82598782
0.39970061,0.50071144
0.90148318,0.94360578
0.80399764,0.90516317
0.71869677,0.72879392
0.73904943,0.76458818
0.91719007,0.88809526
0.92719924,0.92989480
0.92085767,0.98217809
0.59602445,0.86826700
0.78440630,0.56681240
0.91751695,0.85920775
0.66357237,0.57705969
0.95590138,0.88157892
0.66195971,0.78612471
0.77686298,0.94624126
0.68946970,0.54118794
0.68703896,0.63134241
0.48584872,0.87279165
0.43446425,0.31614673
0.86127234,0.86965811
0.83517915,0.88306868
0.86908352,0.92385060
0.72968721,0.76888734
0.88783926,0.84614265
0.75343180,0.72766995
0.05604023,0.11512188
0.93813616,0.93403876
0.89035398,0.82826018
0.90988338,0.87306368
0.77446282,0.87089950
0.77523851,0.75645971
0.91442478,0.85018182
0.83931959,0.66416782
0.67731899,0.75797015
0.53284025,0.25341764
0.53975892,0.61868542
0.89703614,0.93299794
0.57620341,0.53369093
0.36877865,0.50543553
0.91841781,0.94818151
0.84298587,0.89948452
0.90772319,0.88830614
0.67868936,0.55795473
0.81496733,0.71386105
0.75709629,0.76758122
0.85053408,0.75173992
0.64844108,0.67453843
0.15233624,0.15517631
0.07752764,0.08621617
0.89840549,0.87846482
0.81397557,0.77368772
0.30701113,0.32831958
0.54050356,0.69556928
0.88804632,0.85143918
0.85215330,0.96383566
0.84043151,0.91259277
0.47485673,0.42557567
0.94973832,0.88128066
0.53328753,0.73436350
0.78347349,0.75521260
0.96068466,0.94178456
0.83194244,0.83820224
0.85813361,0.90534252
0.91669774,0.90604395
0.59043396,0.54397857
0.27266732,0.34042621
0.73788959,0.74213564
0.49887121,0.46721312
0.75662369,0.83787876
0.87136245,0.77691257
0.69152635,0.78463358
0.68313730,0.54062980
0.54061633,0.56309479
0.91476607,0.90254986
0.71658313,0.81804323
0.87342155,0.88422751
0.78954202,0.82250792
0.46683177,0.68953943
0.93460071,0.90570074
0.92373645,0.94573575
0.95378196,0.98872048
0.31517410,0.28900936
0.87998259,0.79104477
0.95255959,0.93850523
0.89205658,0.89795154
0.86689121,0.83737725
0.69020849,0.74095714
0.27145487,0.33032396
0.40999019,0.34530908
0.74997103,0.80003738
0.66517335,0.74438637
0.90723240,0.86483365
0.20283610,0.16271827
0.27643687,0.27488452
0.87454945,0.97891808
0.76624185,0.81934381
0.63835871,0.87059790
0.74179286,0.53162599
0.82986546,0.89136720
0.52003527,0.78222442
0.77804255,0.87974375
0.14167041,0.17347129
0.84730071,0.78741497
0.28164369,0.57768714
0.75340682,0.66176468
0.79711890,0.37600806
0.76098937,0.90059763
0.91297150,1.00000000
0.65085149,0.75333333
0.56002909,0.51879370
0.80847657,0.87455761
0.81371528,0.88170165
0.27597308,0.33645615
0.86686611,0.78451216
0.88606042,0.87897205
0.33403078,0.37231278
0.63962638,0.65100884
0.86790556,0.98514849
0.37817734,0.34342417
0.91223854,0.94150341
0.85923851,0.86278194
0.31153101,0.73398250
0.31943238,0.18351649
0.88947487,0.17508772
0.52791655,0.54235989
0.87492776,0.88377446
0.82507521,0.88747102
0.85536838,0.68725389
0.87727988,0.94704670
0.76167274,0.76789868
0.92773664,0.90375656
0.51494139,0.38664913
0.76293623,0.58123970
0.90420306,0.94471526
0.36681187,0.58785385
0.08600420,0.13317041
0.76058573,0.82111031
0.79289657,0.81927550
0.69527733,0.50737178
0.46017414,0.35793820
0.86223215,0.94668913
0.64477247,0.78106236
0.74500012,0.76445186
0.78959131,0.94601381
0.94019341,0.90634274
0.57522732,0.68380833
0.85321587,0.90094048
0.26671422,0.20601732
0.70132679,0.57549256
0.38026834,0.40170914
0.50243080,0.56870341
0.81855327,0.70322567
0.38134903,0.56885648
0.94638836,0.95232815
0.89409602,0.97230917
0.90237200,0.90798736
0.42687061,0.50279957
0.85998523,0.93726468
0.49570966,0.47462690
0.90371281,0.98611641
0.84851253,0.84835601
0.51312077,0.45559782
0.87068981,0.90083504
0.75528687,0.91296166
0.91154110,0.94327378
0.26930946,0.16424765
0.67315108,0.55503821
0.75950593,0.91661292
0.43609732,0.45925885
0.29414779,0.29532996
0.89289862,0.87887806
0.85455263,0.90586281
0.26473397,0.17696486
0.58988011,0.82478631
0.71638471,0.86314261
0.74468112,0.76869750
0.55163211,0.53705597
0.88021243,0.92538112
0.40232444,0.56055903
0.87900829,0.88629723
0.62306368,0.75627935
0.94679856,0.93670887
0.70467633,0.82308888
0.61184883,0.40456834
0.83091724,0.91089743
0.61674011,0.78777778
0.86693603,0.92911357
0.68769926,0.69113922
0.88491535,0.90190220
0.69590783,0.63666749
0.89685738,0.85641026
0.46040326,0.17829363
0.76134157,0.69058317
-0.08206576,0.15327817
0.87136006,0.90101820
0.84448338,0.91109407
0.92763853,0.95047361
0.95411205,0.92647058
0.45796216,0.68912905
0.91581357,0.92720586
0.55012691,0.42086020
0.22819692,0.27375650
0.90733147,0.86971354
0.78424114,0.89973330
0.82684684,0.79886061
0.45868874,0.43711844
0.89459997,0.98076922
0.08516330,0.10615226
0.80993164,0.83466554
0.85283524,0.88856828
0.89819211,0.94647890
0.39232227,0.43639743
0.52008837,0.55140448
0.81242001,0.87530923
0.83810234,0.78524160
0.88203812,0.91887212
0.93046439,0.96458089
0.62264752,0.73625642
0.77872819,0.62658280
0.78111118,0.84385967
0.67622858,0.15565036
0.94185340,0.95704174
0.90913218,0.89234298
0.26007932,0.52842444
0.86439860,0.87819541
0.90682781,0.88687754
0.80125910,0.73830181
0.57707858,0.52949911
0.72592264,0.71129984
0.70847142,0.86401820
0.85887486,0.84465569
0.36983931,0.62325048
0.80275458,0.70629656
0.94185877,0.96345747
0.88038129,0.85711020
0.43464494,0.42282653
0.88511336,0.83812600
0.79596490,0.91418177
0.73329026,0.53076196
0.70353532,0.76756668
0.65712678,0.48365700
0.78267896,0.84386742
0.74929768,0.87472898
0.43647879,0.43295455
0.59986854,0.15256086
0.62658387,0.56848830
0.39864990,0.46316090
0.72751969,0.84844136
0.47354212,0.58766234
0.89598525,0.93451458
0.92704487,0.94434857
0.69301397,0.87548947
0.87207687,0.66451401
0.86868382,0.93750000
0.85872853,0.87782383
0.76677191,0.77662879
0.40388817,0.52112883
0.86443990,0.74080932
0.45316476,0.35436183
0.88106018,0.90838045
0.88592148,0.86874288
0.46690637,0.40221879
0.79862171,0.68074971
0.78465146,0.27570876
0.61996353,0.65938246
0.72908807,0.75972068
0.84140277,0.72567880
0.90536124,0.92263740
0.77012551,0.90852314
0.81383431,0.77347380
0.66953164,0.90735614
0.26428625,0.39060232
0.92581785,0.93160450
0.89198363,0.93575215
0.92344332,0.95952332
0.80773807,0.92662084
0.07369542,0.13453953
0.54617995,0.80454558
0.93896234,0.97752655
0.85770530,0.84678727
0.74632424,0.82333183
0.90585685,0.93022865
0.82470411,0.61199600
0.67347091,0.77859968
0.80198717,0.80725890
0.84886730,0.83139491
0.79732299,0.83583742
0.69981313,0.87042934
0.59658861,0.70664060
0.38273835,0.36685368
0.78509426,0.74097306
0.67928666,0.79255486
0.88466883,0.84913212
0.91206098,0.71875864
0.76029915,0.67011690
0.70241427,0.32683048
0.71353823,0.55766112
0.81139868,0.85989255
0.06207198,0.19367094
0.81744373,0.93538404
0.90553218,0.90991825
0.78811526,0.68539327
0.88592142,0.91759419
0.79003686,0.72106284
0.40437001,0.32704347
0.91067255,0.93608046
0.78423387,0.86502969
0.91205823,0.95979702
0.86087191,0.84799147
0.40869468,0.37755728
0.93243223,0.95145708
0.55238986,0.56290847
0.85320890,0.91645712
0.89368123,0.95285410
0.56690001,0.62650567
0.41822171,0.32072335
0.82456636,0.89240617
0.40293217,0.35028657
0.47470286,0.71653408
0.92604721,0.88588905
0.37768996,0.26666120
0.76090050,0.74499589
0.82356173,0.83351606
0.90430224,0.96326405
0.87285888,0.90768588
0.91368836,0.94939309
0.72379899,0.85437626
0.94855446,0.95850748
0.45353109,0.54287916
0.44941971,0.36428204
0.82399082,0.88704598
0.37701041,0.43425927
0.94079912,0.94929725
0.72563756,0.71067512
0.79087365,0.63700873
0.74600768,0.86472732
0.69077915,0.71541029
0.80301303,0.63905811
0.84535450,0.80315578
0.85544461,0.88850272
0.62128454,0.66753322
0.42118317,0.44647831
0.62319118,0.62124932
0.73162663,0.87901765
0.84636772,0.78030300
0.37724411,0.52420342
0.88389158,0.92205089
0.89055657,0.78166133
0.84287882,0.73881441
0.83735609,0.84031099
0.65988988,0.63799721
0.93488723,0.94316679
0.87476683,0.93215811
0.87600827,0.89567053
0.78665233,0.25329894
0.69265717,0.86700290
0.90031493,0.95950282
0.87539643,0.88489062
0.73901379,0.86976236
0.80758899,0.76693648
0.71350551,0.30950662
0.84415686,0.72567809
0.93356651,0.97021693
0.17754775,0.21486366
0.87220502,0.78550839
0.93822694,0.93685639
0.51908398,0.49767870
0.62615639,0.69782382
0.35488176,0.25678471
0.87501192,0.86602592
0.74749082,0.55377764
0.76828200,0.62692308
0.42001891,0.46017650
0.95881820,0.92502511
0.89689040,0.88770777
0.68995118,0.82881659
0.70248038,0.50868225
0.90782344,0.92674989
0.26512492,0.36921552
0.90209055,0.90374178
0.94767630,0.88365299
0.65270513,0.72280091
0.39734268,0.36578321
0.71179539,0.84963846
0.98046851,0.95857555
0.87751347,0.91486543
0.74452591,0.82511932
0.51452559,0.54123598
0.80009872,0.87810737
0.88342053,0.88048673
0.83814478,0.86632097
0.90436471,0.89029562
0.81529742,0.92037600
0.54637361,0.57556325
0.65459621,0.68744832
0.95727307,0.90070903
0.52303886,0.65185744
0.80777359,0.84777701
0.29209924,0.32695955
0.90027905,0.99002868
0.66160786,0.69989926
0.75147474,0.71813726
0.80994058,0.61200142
0.72699475,0.49263832
0.91705990,0.94070256
0.93918544,0.96220237
0.82687187,0.85051167
0.94066072,0.91666669
0.81077731,0.77461988
0.28811091,0.46426493
0.26787871,0.17483173
0.91965532,0.88480097
0.81978476,0.83754009
0.82201350,0.84317225
0.84916550,0.83602023
0.02450973,0.11402626
0.91729933,0.95478034
0.90673083,0.91940153
0.94969863,0.97209769
0.82851827,0.88014835
0.66277230,0.51186508
0.82682520,0.92653054
0.90884632,0.96006495
0.76017320,0.67934263
0.83386922,0.71043456
0.92217731,0.92495000
0.71777391,0.35361624
0.62525892,0.50788003
0.96961188,0.98148149
0.65081507,0.68704647
0.81860226,0.86311477
0.43415317,0.52732795
0.80715775,0.88892710
0.92832589,0.95763242
0.86691201,0.80791467
0.84096646,0.83319384
0.83747286,0.81443512
0.60647762,0.68139619
0.68304509,0.74045002
0.77051759,0.80992734
0.85451657,0.87623996
0.21976525,0.67512143
0.77926028,0.60962784
0.90837264,0.94444442
0.84922910,0.91606665
0.46678099,0.35512239
0.88995016,0.90430218
0.91978830,0.92204130
0.60414195,0.55746180
0.47222301,0.49128383
0.91015869,0.89216524
0.93272012,0.95149255
0.94344360,0.98148149
0.65420640,0.94337589
0.89679337,0.80992484
0.88582748,0.90847337
0.88879013,0.92484701
0.58837104,0.26357070
0.12714815,0.08537281
0.93109447,0.93373901
0.82971513,0.87512636
0.91183889,0.91501004
0.76705557,0.95940173
0.95914233,0.91044438
0.57521379,0.59308600
0.87296939,0.90087485
0.61178917,0.61900586
0.74841958,0.82157707
0.66562599,0.52896458
0.79526854,0.73947090
0.84922707,0.79045957
0.63405955,0.54188710
0.79329407,0.87981242
0.62306452,0.65378422
0.52463669,0.61596203
0.95427603,0.94051993
0.57361346,0.74266541
0.67104530,0.64204597
0.82589501,0.88051951
0.88628358,0.89543957
0.75542879,0.81695253
0.80333531,0.91156465
0.81198388,0.64776045
0.90805697,0.92656809
0.94125277,0.93346846
0.86783218,0.92307693
0.89385355,0.91433054
0.78098726,0.88171500
0.65167552,0.78515816
0.27898264,0.21394357
0.80793250,0.71412039
0.55367458,0.37766421
0.92073476,0.86475295
0.15397871,0.16192956
0.60276592,0.68831170
0.76783413,0.87214881
0.82565045,0.77392119
0.21054381,0.17979489
0.51040977,0.87428027
0.21409902,0.35305768
0.83195472,0.92311543
0.94326651,0.97734177
0.38977569,0.44297516
0.52753770,0.58479846
0.73675263,0.77450913
0.94303131,0.91695273
0.95137286,0.95487177
0.94622242,0.94533968
0.79852670,0.80533808
0.78658766,0.94351768
0.95774519,0.93783897
0.91520214,0.89982951
0.87341791,0.69699663
0.45369464,0.49800220
0.17729598,0.21694674
0.57338595,0.17383404
0.89826840,0.82614231
0.53775758,0.87852186
0.81980956,0.92970103
0.90891659,0.92205727
0.79906225,0.79311341
0.40399075,0.51911014
0.78297019,0.67791635
0.81534958,0.69121093
0.72635657,0.77200490
0.94035566,0.96604937
0.41850117,0.38564792
0.74021405,0.81436181
0.65607560,0.62727273
0.44653153,0.46962860
0.87216103,0.94494885
0.49101081,0.77758312
0.39541993,0.64672607
0.66290504,0.74681777
0.92835557,0.90649003
0.75687170,0.69499135
0.68657345,0.55331343
0.36386099,0.52941179
0.11194736,0.12279566
0.60787332,0.20196499
0.67808032,0.66119969
0.88888490,0.80784112
0.76352334,0.62730896
0.89924425,0.92794609
0.90189350,0.84856158
0.36145148,0.30643708
0.55232584,0.55393302
0.94532311,0.93758202
0.25575668,0.32155719
0.77354705,0.81454670
0.93369567,0.89606696
0.32867357,0.36516562
0.92513645,0.93428081
0.37327644,0.23690413
0.85875630,0.84717596
0.84660774,0.91078752
0.83908576,0.90155697
0.79927617,0.91223651
0.11083823,0.26881394
0.78527272,0.84800750
0.54649949,0.42078146
0.93229938,0.92582595
0.66498518,0.61574668
0.87318796,0.91927910
0.88679284,0.95104164
0.75670135,0.85549217
0.65576917,0.62375444
0.88163352,0.93637651
0.88973439,0.89367819
0.92151833,0.98437500
0.67824352,0.53379685
0.75951028,0.80090910
0.53298044,0.51022112
0.94958150,0.90876842
0.53088522,0.91176468
0.85182649,0.95534998
0.96685898,0.93555743
0.76776260,0.86466682
0.96101195,0.95430315
0.87753659,0.93287402
0.66613960,0.78593373
0.48931828,0.69455785
0.88229156,0.91957241
0.90271199,0.94464284
0.92988098,0.93530023
0.90882033,0.90274012
0.68655777,0.45755017
0.70357919,0.56770021
0.43041348,0.36953107
0.82433617,0.85556936
0.58432871,0.62952900
0.87279987,0.92032969
0.83892697,0.78991342
0.85177863,0.79022276
0.93443072,0.93898064
0.52040535,0.61570078
0.70416665,0.61032093
0.79195559,0.80869693
0.53712487,0.52065676
0.94192255,0.88971859
0.67755306,0.76950121
0.72727281,0.74825537
0.93326741,0.92996031
0.89684629,0.85084409
0.87704408,0.92322910
0.83579957,0.86068684
0.70393169,0.82627243
0.89857924,0.87418145
0.20313156,0.38190293
0.64104235,0.70674533
0.44530541,0.45081618
0.07563525,0.19908528
0.86201870,0.93265975
0.07898223,0.13550466
0.86353159,0.82801121
0.81546950,0.82499671
0.84831333,0.82292283
0.92848289,0.61613685
0.59215665,0.41865605
0.78067142,0.85303593
0.74232918,0.72537714
0.89493012,0.90746534
0.60828370,0.65970802
0.84383875,0.79149979
0.60814816,0.51734716
0.78302640,0.70596415
0.59173512,0.86146969
0.55037588,0.59412861
0.84190327,0.90554196
0.51089704,0.31699321
0.80986530,0.79235536
0.83843952,0.96315634
0.90918696,0.95144135
0.64098942,0.69962430
0.90748483,0.93211806
0.86534393,0.79020721
0.15137780,0.13364494
0.85344148,0.89458221
0.70092767,0.70245183
0.83411002,0.88117242
0.76358205,0.81967878
0.43583557,0.45043087
0.95159245,0.92016530
0.67895234,0.74292898
0.83576137,0.86784792
0.44591919,0.48134920
0.18248153,0.38352272
0.92972559,0.90179396
0.59551609,0.62159163
0.72268772,0.82353109
0.72004765,0.74484628
0.51687121,0.46226159
0.93663955,0.94724113
0.74881071,0.64109588
0.35685295,0.63318902
0.86408401,0.87730807
0.56391835,0.54174799
0.36895543,0.26134872
0.34455895,0.39796156
0.96667367,0.96515346
0.82348144,0.84253895
0.84927797,0.89035964
0.69612032,0.68880910
0.70763290,0.80264014
0.88430917,0.94652826
0.57737255,0.40216938
0.51638258,0.32936326
0.88762122,0.88440251
0.90347874,0.91058183
0.86990905,0.95819235
0.87272143,0.80141354
0.87852836,0.81881869
0.23908004,0.33966598
0.85099411,0.83845812
0.69189966,0.72067273
0.84763217,0.71464974
0.85381067,0.94552267
0.74197590,0.82677245
0.90902293,0.89366513
0.36469445,0.44353002
0.89498514,0.86284196
0.72486043,0.90117520
0.66349447,0.67239612
0.40587157,0.45512497
0.34616834,0.41031593
0.79224074,0.85483080
0.12857080,0.12402173
0.89500356,0.87717927
0.81386143,0.76724756
0.80370003,0.74839228
0.91059673,0.95609128
0.85198992,0.87540984
0.86212933,0.89596272
0.92021173,0.78938752
0.83105135,0.86691177
0.75275695,0.85494852
0.42616388,0.39591315
0.89676857,0.92033941
0.90497452,0.88691229
0.48650721,0.17861831
0.84303278,0.77333140
0.68324828,0.77242583
0.85009372,0.90382445
0.92717755,0.96130955
0.75494307,0.90178835
0.89049554,0.86821795
0.37402904,0.51038188
0.43135175,0.52354044
0.66246390,0.39061904
0.82170153,0.78983051
0.94267553,0.90608150
0.81080401,0.86151963
0.34452376,0.16620064
0.86743009,0.81705415
0.23561233,0.14033276
0.89115262,0.94849259
0.84819973,0.93695247
0.91409564,0.90225464
0.58957648,0.68723565
0.64767826,0.70983922
0.93974489,0.93921524
0.93529177,0.97331643
0.79459608,0.94247788
0.95490348,0.94023150
0.87683445,0.89014053
0.64283121,0.58158690
0.91497171,0.95213675
0.95251310,0.96273726
0.26842642,0.29339823
0.95019102,0.94588178
0.61966848,0.35537711
0.85244149,0.90648854
0.88677919,0.92760080
0.72134423,0.61439639
0.53369248,0.61636692
0.80419242,0.82331884
0.93725139,0.95866567
0.88624871,0.87172282
0.37240678,0.44508946
0.68350315,0.71611089
0.61104327,0.74423760
0.77414989,0.72952181
0.60512185,0.41164085
0.80981624,0.82517481
0.90859616,0.94793499
0.73442292,0.72894895
0.77069271,0.77467930
0.53787184,0.75584644
0.64147490,0.86081523
0.88843250,0.79092300
0.90073222,0.95771295
0.22964501,0.23065026
0.50512785,0.40575597
0.92733347,0.91637313
0.91715527,0.85944188
0.90650189,0.82319373
0.90140939,0.87709641
0.70236027,0.85654885
0.86300415,0.81987131
0.73273629,0.75668681
0.76262760,0.96326727
0.89024168,0.90877980
0.81909323,0.78017247
0.79552239,0.89659327
0.80823618,0.45434865
0.87024295,0.93550819
0.37598866,0.33236539
0.73296839,0.67126918
0.86827850,0.86809969
0.72344875,0.76524013
0.93183219,0.95311350
0.76611853,0.70298028
0.72064912,0.63070697
0.35056761,0.38904256
0.66178036,0.67159504
0.88507843,0.89412314
0.33550569,0.78604466
0.91102242,0.89639795
0.86206019,0.90183181
0.77947623,0.77594239
0.32733172,0.66692740
0.79684919,0.92419624
0.47588784,0.43101856
0.76968890,0.73391855
0.95932877,0.93786341
0.79583639,0.92271572
0.88054156,0.86316317
0.67016488,0.74612027
0.87383276,0.84178931
0.89821976,0.94119513
0.81725991,0.89251560
0.86930060,0.08616666
0.80735141,0.94889951
0.86026573,0.85838568
0.77866250,0.78195721
0.58895963,0.50961137
0.91315889,0.91318637
0.50182670,0.58032495
0.89607245,0.72058821
0.88013911,0.87648863
0.78810406,0.89723504
0.91059887,0.97198546
0.67154592,0.53174502
0.63764215,0.74054253
0.81975317,0.89807105
0.79966778,0.87314165
0.70735025,0.49803987
0.84296203,0.91567296
0.67233473,0.70998877
0.82768381,0.79656887
0.68305373,0.76658165
0.94145441,0.92745882
0.82772368,0.94270670
0.89837354,0.88472223
0.47374186,0.91358906
0.94804263,0.94486678
0.93067265,0.89864576
0.83248299,0.91669101
0.56814355,0.86409551
0.89397538,0.93267393
0.66049820,0.75018275
0.76745027,0.74797732
0.94606477,0.87692684
0.46123689,0.45611110
0.81247711,0.88962030
0.69239044,0.73376626
0.85018510,0.87730265
0.75671947,0.65064371
0.15997547,0.24327958
0.90208089,0.90283960
0.89032543,0.89793319
0.93688464,0.90713865
0.90231776,0.86267680
0.77375025,0.83767259
0.70654666,0.75043857
0.28194135,0.29342574
0.59033698,0.37517300
0.44117486,0.27144331
0.47457951,0.53353494
0.92525065,0.93888563
0.57236505,0.53177083
0.47517899,0.55553466
0.81977654,0.83362466
0.87036669,0.80975300
0.65189743,0.73159635
0.40991238,0.41099244
0.91470045,0.85301232
0.44676024,0.22399463
0.86418957,0.84236497
0.92202115,0.83059180
0.82161146,0.70978802
0.72692090,0.90175575
0.78477520,0.88496017
0.88948023,0.88146681
0.92595923,0.92958516
0.81843561,0.92494768
0.86582220,0.89472997
0.80592799,0.79526842
0.50625980,0.55668980
0.53130174,0.60080689
0.87863511,0.89541948
0.86356151,0.90695620
0.70447928,0.64195281
0.94149691,0.89309132
0.90113425,0.92199475
0.34831840,0.46343273
0.50579166,0.48762295
0.48627311,0.37766227
0.68776578,0.84082973
0.71394271,0.82466567
0.50326687,0.78476727
0.65415400,0.57847667
0.88796753,0.86685240
0.44644320,0.48266807
0.89852071,0.92900878
0.90294850,0.94202763
0.69887894,0.53758651
0.86148846,0.95274055
0.77042347,0.81160688
0.60215044,0.54689425
0.62736046,0.43769249
0.92874116,0.95743710
0.25257558,0.26628786
0.92953527,0.71685928
0.89055681,0.92110193
0.93435431,0.89462847
0.86372483,0.94512832
0.49582103,0.53698891
0.81707424,0.89818394
0.64579815,0.66532636
0.82963753,0.80210078
0.23145688,0.13075037
0.93775988,0.95270759
0.89837480,0.86370462
0.26681128,0.49028674
0.86587059,0.86971426
0.38045788,0.28106725
0.72991204,0.62579632
0.53375304,0.70767403
0.55667496,0.49142787
0.87552422,0.87161088
0.69091350,0.81364524
0.89764094,0.82076824
0.81853801,0.76398718
0.85609555,0.70944595
0.64870018,0.81606609
0.54589188,0.77454114
0.55476159,0.51892120
0.31969625,0.33438757
0.87677950,0.87753981
0.94409740,0.93807071
0.67979205,0.81902450
0.84642047,0.83854169
0.81296629,0.73578578
0.19312876,0.24476069
0.60373324,0.53281617
0.81212717,0.92047477
0.88417953,0.82710451
0.80938280,0.90542126
0.25767875,0.51606286
0.81463879,0.73391616
0.92896700,0.93402922
0.32737225,0.65666670
0.94506383,0.89485359
0.57352966,0.31634554
0.67260563,0.93243587
0.55795413,0.64970696
0.90235412,0.90725738
0.80254877,0.71543360
0.42814657,0.75549358
0.94287193,0.93879426
0.74542665,0.80238050
0.61033303,0.59600776
0.72441751,0.65135133
0.82825112,0.74812269
0.95501935,0.94710082
0.83723980,0.95040262
0.37913659,0.41656491
0.78486407,0.83460188
0.60409772,0.65000886
0.52987391,0.59144676
0.41115746,0.40970385
0.92285979,0.91748369
0.87598670,0.89698690
0.29505765,0.38408521
0.84835470,0.82805753
0.76493865,0.79830301
0.94426167,0.90281177
0.79083478,0.87611806
0.92496675,0.87324220
0.86877990,0.88167590
0.90739626,0.97204489
0.94235730,0.93010205
0.94565195,0.95964092
0.88471580,0.73860455
0.53452337,0.49867678
0.42954287,0.50132352
0.67360246,0.69505018
0.76864821,0.84510601
0.88759685,0.95837182
0.92120379,0.92829204
0.77462786,0.83752120
0.94547832,0.98404253
0.87419796,0.90488315
0.89263064,0.95265329
0.94382930,0.89866310
0.37687737,0.48596954
0.45319456,0.47469667
0.61690807,0.64932239
0.79306203,0.91496086
0.82162762,0.90919358
0.89826035,0.93144357
0.88644898,0.94767022
0.55446750,0.59418839
0.84679711,0.81429839
0.87602365,0.87630820
0.83924556,0.86969548
0.88555092,0.90734369
0.30755085,0.23983876
0.95345885,0.95225853
0.72633564,0.74336976
0.26458031,0.20974027
0.85814762,0.85911715
0.88917714,0.92190522
0.73281240,0.63594991
0.91438127,0.87459141
0.92987251,0.91888404
0.90974474,0.87656248
0.69919020,0.72008377
0.92581707,0.91064250
0.92556155,0.91873574
0.85888433,0.88412184
0.90271026,0.96045852
0.67789316,0.59251827
0.93380237,0.98125660
0.69418448,0.71476805
0.96027303,0.91274738
0.91085845,0.93771875
0.81510162,0.90582424
0.84762585,0.86909419
0.50488901,0.66639233
0.43346968,0.56607145
0.86079472,0.86414915
0.47448578,0.73283887
0.81935221,0.72567838
0.86468923,0.80612981
0.76056588,0.76363367
0.90105081,0.92203224
0.63770998,0.30417153
0.13571894,0.24640717
0.89131629,0.94013160
0.59679860,0.61984944
0.76568282,0.85978144
0.92038906,0.75075912
0.83800149,0.77610731
0.82969946,0.94225049
0.43172514,0.43986452
0.60953778,0.64820087
0.66111916,0.65961528
0.84649062,0.82529610
0.17274851,0.13065517
0.27012110,0.27115142
0.87870312,0.85416496
0.93477821,0.90534735
0.93268979,0.94278848
0.78417927,0.72029686
0.81710362,0.92424244
0.71957636,0.91895717
0.73193645,0.66417360
0.33589512,0.32791984
0.88634586,0.90549296
0.75557882,0.95789301
0.89178371,0.89080381
0.65181041,0.77852327
0.93621153,0.99382716
0.87692320,0.88186079
0.58806568,0.88710868
0.94710231,0.92620957
0.65620661,0.68692023
0.89533174,0.89170754
0.75613326,0.75865537
0.91206908,0.88659948
0.90312326,0.90233785
0.71379864,0.59161586
0.84140527,0.84202844
0.48033863,0.40008104
0.31081504,0.19608384
0.17657965,0.38803819
0.69349593,0.83664083
0.95241487,0.93995357
0.17523217,0.17202541
0.94172812,0.94480026
0.82095844,0.91060805
0.95390892,0.95128202
0.76201040,0.72880971
0.76282728,0.64410317
0.44832969,0.59747022
0.81252742,0.89400923
0.91172612,0.96926028
0.24891961,0.28936982
0.92304283,0.90047210
0.85063803,0.88663781
0.78230810,0.65250051
0.53140742,0.68346667
0.80065912,0.69276422
0.86499715,0.90303099
0.81622672,0.76921195
0.48110747,0.57899725
0.94171143,0.97542685
0.86319280,0.94569963
0.90314656,0.87832510
0.88633078,0.77567565
0.86996055,0.85220218
0.87655914,0.93093783
0.48295885,0.53888887
0.68887109,0.67654282
0.19905525,0.30169028
0.69268298,0.73221946
0.85288441,0.88268322
0.53159529,0.53039193
0.91135520,0.82138282
0.93991911,0.95707542
0.81663728,0.80100870
0.27774435,0.16196567
0.44842863,0.46990740
0.74185556,0.93861771
0.34061229,0.36217457
0.88757384,0.80709219
0.84536457,0.86199093
0.88827354,0.90178287
0.70647472,0.80542874
0.77328277,0.80751878
0.92203176,0.80104631
0.90469128,0.88718373
0.71944755,0.69739503
0.91835761,0.97984850
0.45081097,0.36426768
0.88102949,0.88705528
0.55975187,0.36864805
0.73939097,0.66977620
0.91407967,0.88403136
0.65229225,0.76571822
0.36406881,0.37886363
0.65400547,0.65493828
0.34520835,0.43489569
0.87569928,0.73532635
0.85683978,0.81124872
0.83236092,0.99519229
0.84551537,0.84344262
0.88592386,0.78308499
0.89919913,0.86333960
0.87273133,0.90753543
0.77730918,0.72476077
0.80800748,0.92074680
0.51669431,0.35370290
0.95934731,0.95396715
0.84502661,0.87761462
0.74444014,0.81144160
0.94291776,0.95044720
0.91242564,0.93787879
0.92369562,0.85638297
0.73844236,0.85987854
0.87347418,0.82632869
0.91336441,0.89242089
0.79486567,0.82250887
0.79106534,0.81279546
0.85407734,0.94034493
0.74233681,0.77992052
0.76897937,0.76553100
0.52110106,0.68906206
0.83785725,0.82355517
0.54295146,0.35938177
0.79436207,0.87345409
0.85426122,0.88898343
0.82349879,0.89636159
0.95536703,0.92429376
0.77912968,0.67505187
0.48992848,0.44651172
0.83651865,0.88253027
0.96788079,0.97088867
0.84628367,0.86081493
0.88815838,0.93382460
0.54398501,0.54484087
0.62404704,0.75259417
0.77234888,0.80454546
0.83297783,0.84909785
0.93655455,0.95265228
0.85747051,0.92188805
0.56324661,0.46306127
0.94291198,0.91840661
0.70750040,0.68427199
0.95943534,0.94943053
0.89183199,0.92813319
0.41479224,0.37271520
0.89355528,0.75953388
0.95090604,0.89450550
0.78486037,0.85920537
0.71254569,0.73107523
0.84332055,0.83104122
0.89029449,0.91353768
0.92082494,0.97617865
0.90446675,0.89562041
0.15815204,0.41411451
0.87354529,0.91535169
0.85081816,0.87848437
0.54837859,0.77436620
0.89421666,0.89726198
0.85440904,0.91848284
0.33832198,0.40602154
0.91737372,0.95445096
0.81860721,0.78282315
0.68254203,0.79333568
0.38926291,0.73695797
0.77206415,0.74194068
0.84931129,0.88089836
0.60737264,0.70376295
0.82976639,0.79222780
0.36547318,0.53284085
0.69752616,0.69232672
0.77945167,0.87362635
0.85060567,0.93315899
0.86305857,0.89847904
0.93861198,0.95048326
0.73932910,0.82544190
0.51037073,0.45111784
0.86118627,0.76526254
0.70575887,0.66666669
0.94527805,0.97847730
0.85039383,0.94832075
0.84256256,0.86359763
0.89704734,0.93086141
0.88083887,0.87737757
0.82966506,0.73550689
0.85331792,0.51974297
0.84337366,0.90886420
0.82082307,0.38720176
0.89407313,0.91401410
0.57766265,0.48355031
0.69363034,0.62408209
0.40003905,0.48662463
0.92559505,0.86647338
0.76854718,0.95473486
0.76867086,0.71931773
0.92180514,0.95317155
0.58626002,0.61325783
0.50690007,0.48577949
0.80687714,0.71954024
0.96892774,0.93052202
0.68254119,0.66256094
0.92015922,0.88869721
0.83797693,0.87507844
0.82283145,0.81792372
0.84414005,0.86819649
0.83744639,0.86218625
0.93113160,0.88602632
0.94737375,0.91711634
0.62523019,0.63773948
0.89882296,0.89752495
0.93122870,0.93743151
0.64169985,0.49827948
0.81340671,0.88587773
0.83348465,0.77601486
0.84810638,0.85811526
0.89451605,0.85945159
0.80047810,0.70968443
0.58929199,0.61327791
0.87033725,0.92292207
0.78185701,0.82941765
0.80720556,0.66451561
0.81664091,0.92823392
0.84150308,0.71632773
0.89513183,0.94417560
0.64680111,0.68505210
0.89184117,0.91002417
0.91484135,0.91359538
0.65494400,0.85673094
0.66949284,0.70807981
0.79421675,0.76070392
0.02925104,0.13729459
0.66601723,0.68835652
0.68385845,0.72137666
0.79920244,0.82629925
0.87914932,0.86523712
0.53700209,0.59538245
0.10951537,0.15473181
0.84147382,0.73120302
0.62727851,0.72034764
0.83376670,0.81581563
0.58981466,0.49250498
0.91411865,0.92217743
0.63086337,0.81998229
0.79086596,0.74506533
0.84495866,0.66413325
0.39790913,0.50783974
0.95412588,0.94408256
0.39921212,0.37030447
0.70675683,0.87927926
0.48595521,0.53091592
0.88859886,0.95057774
0.84862602,0.80528605
0.52165568,0.37589082
0.71724135,0.83684266
0.92366678,0.97540987
0.54498768,0.62377995
0.60895872,0.48037428
0.25414926,0.46269619
0.87290198,0.93457288
0.79611248,0.80866539
0.78944522,0.89903843
0.62982285,0.84958625
0.63491625,0.61506706
0.85153186,0.76880431
0.79612309,0.90974027
0.72757441,0.79691225
0.40998706,0.87143034
0.86883676,0.76363635
0.29804498,0.40563783
0.88138306,0.74708658
0.87750632,0.97692186
0.10375363,0.42828083
0.92758477,0.92113245
0.90479660,0.83368820
0.89803958,0.85752261
0.84873962,0.89205337
0.57108128,0.55848861
0.86798817,0.92058164
0.88900697,0.86682916
0.82417440,0.86542338
0.72924495,0.34309050
0.07218117,0.10223510
0.89455259,0.85050559
0.71878439,0.79062480
0.89539474,0.92328155
0.93276691,0.97340423
0.34212461,0.40775433
0.74969393,0.75948274
0.80386692,0.78137255
0.87566543,0.88627803
0.73717308,0.81695038
0.80613309,0.75612265
0.15794986,0.15788215
0.78389919,0.92603093
0.77606946,0.62210047
0.27955073,0.33476782
0.81175143,0.83544338
0.85702872,0.88758588
0.88850689,0.78805077
0.40890518,0.49801278
0.42941928,0.60709095
0.70116079,0.84692925
0.78694808,0.72917205
0.76872087,0.90947235
0.81881499,0.91117525
0.94329590,0.93593907
0.33330637,0.60444576
0.60534084,0.73260748
0.66671854,0.66800827
0.82366854,0.90116984
0.56345844,0.66688097
0.89398509,0.94407284
0.81283259,0.83050269
0.93946904,0.96413970
0.26770270,0.30929348
0.88455486,0.93405366
0.82567191,0.84988165
0.70144910,0.85200143
0.10265958,0.11235981
0.84954661,0.70359343
0.79651749,0.69242609
0.84979707,0.85500002
0.62605560,0.71504486
0.73060066,0.56811988
0.74828035,0.84428191
0.79177499,0.45439693
0.72358477,0.62743056
0.38586983,0.29696268
0.89870608,0.85932982
0.86758000,0.85385585
0.70456922,0.52152991
0.36024016,0.50629544
0.91415441,0.92316020
0.86284471,0.88298571
0.89126110,0.92222607
0.84182167,0.85558599
0.80574179,0.43593705
0.94468284,0.99253732
0.12773305,0.19189817
0.60699981,0.55577368
0.87527299,0.92915082
0.17470795,0.17149614
0.94156837,0.90909094
0.43066186,0.48133001
0.18996495,0.26531985
0.21929404,0.34279943
0.77876085,0.94318181
0.10253984,0.16805555
0.91632438,0.92390758
0.94322479,0.90907645
0.87117147,0.90473849
0.72024119,0.60401648
0.96972990,0.94725490
0.43834504,0.51886147
0.91771281,0.90454543
0.88993382,0.89266211
0.75404626,0.63306081
0.79014570,0.80605441
0.57006979,0.49109986
0.90684676,0.93343937
0.84862143,0.82869685
0.86904293,0.76971161
0.62161618,0.75072098
0.65580857,0.59973037
0.89277732,0.93272662
0.08223552,0.16096221
0.48282570,0.83236551
0.13733071,0.14895315
0.80697840,0.74707866
0.49713337,0.32226485
0.58173257,0.56694961
0.92017722,0.89686990
0.91101110,0.94380414
0.54175532,0.72198862
0.43290973,0.33630988
0.84355760,0.79918033
0.57003266,0.80353743
0.87922323,0.77578127
0.83281684,0.85983205
0.50494015,0.79289818
0.91697538,0.17597333
0.27138463,0.27355328
0.69782710,0.70210099
0.86671269,0.90981239
0.85716414,0.80974191
0.85258090,0.94101930
0.78858489,0.74400544
0.58345872,0.47822964
0.88227910,0.88957387
0.88645029,0.91254580
0.60534382,0.81035084
0.91793042,0.91257709
0.32163543,0.41389197
0.82597739,0.85481483
0.72755730,0.49117348
0.90473378,0.91156292
0.35967439,0.41237518
0.84120524,0.73316973
0.84389555,0.90417427
0.85308456,0.84203482
0.86954892,0.87100881
0.66090655,0.64989978
0.79566246,0.66030031
0.70858985,0.84235799
0.45515853,0.53175914
0.47641003,0.42613587
0.80725813,0.74045897
0.85008383,0.92179739
0.78618783,0.83363283
0.74342257,0.74972790
0.90059054,0.93267393
0.96663147,0.90011698
0.83878791,0.80131948
0.54355514,0.68642855
0.73905158,0.81843573
0.64189553,0.70556027
0.72238749,0.86710781
0.65932006,0.88317168
0.95019555,0.53268218
0.38997388,0.71708071
0.44998425,0.49782473
0.67931736,0.63613039
0.90973377,0.95715326
0.92411292,0.94849253
0.31034127,0.43774909
0.91770732,0.80915117
0.82601345,0.92648935
0.91353643,0.90317327
0.88664514,0.88832200
0.95469570,0.94523060
0.92433751,0.90917122
0.41708678,0.51725292
0.85563481,0.93333334
0.91281396,0.95148885
0.29446551,0.49638805
0.75966847,0.88987964
0.51693487,0.52429187
0.63354123,0.76684982
0.94938660,0.92035741
0.69231373,0.60529757
0.63605714,0.59092259
0.65841049,0.57391024
0.57001781,0.77398944
0.79237258,0.80154157
0.85292315,0.90063465
0.92965311,0.94029009
0.82873613,0.82723516
0.35522306,0.32289064
0.50053501,0.58769631
0.60639882,0.56708324
0.94031096,0.88732040
0.83617747,0.83375001
0.82592082,0.83192021
0.87810379,0.87247783
0.72689265,0.75191194
0.52628189,0.54102367
0.60813999,0.58003098
0.37672853,0.43387705
0.90074277,0.89318383
0.88796502,0.97521418
0.92053211,0.92824352
0.86342359,0.85440701
0.34114796,0.24134728
0.56535959,0.46230251
0.78640699,0.95507568
0.86967415,0.90797651
0.89059967,0.87545484
0.56801289,0.55882353
0.12939769,0.41450471
0.94108415,0.94064313
0.73247010,0.79514021
0.77420646,0.62104017
0.60059154,0.74635702
0.74709064,0.74321967
0.70363247,0.64693373
0.69356668,0.64818114
0.73875856,0.81084216
0.79916698,0.94846493
0.84720749,0.85275441
0.09598339,0.16919251
0.56473613,0.73777807
0.79717129,0.60520834
0.87402821,0.72881877
0.20475131,0.13987172
0.80269837,0.74972749
0.54769206,0.57779288
0.89123547,0.91396326
0.51327437,0.49417111
0.93333781,0.90073121
0.66755068,0.68355483
0.15402579,0.45858580
0.46019739,0.59835202
0.38912493,0.60581255
0.45279166,0.27689710
0.76258332,0.88675213
0.75401682,0.89387077
0.88020313,0.86072850
0.84596783,0.90895396
0.26366448,0.12685186
0.89696759,0.94719952
0.92820847,0.80947930
0.81222755,0.87093079
0.60772628,0.53754151
0.71759790,0.48074982
0.85948575,0.70175231
0.57777530,0.80138272
0.28767002,0.18914123
0.83163869,0.89991969
0.83757955,0.90664697
0.92883891,0.92192310
0.67870110,0.70954633
0.58188605,0.64516598
0.87408352,0.93934959
0.67113823,0.68070573
0.89806104,0.78901410
0.26204914,0.25915682
0.95960075,0.93755049
0.70432425,0.78349674
0.38182354,0.30113637
0.80031788,0.79827219
0.71576512,0.70221823
0.75310487,0.96412265
0.29129446,0.30938494
0.29998723,0.24587674
0.81687731,0.91239721
0.52684909,0.43103448
0.79996383,0.65319914
0.92056191,0.91233766
0.50898755,0.55924815
0.69633549,0.89297050
0.85710686,0.92712766
0.77804369,0.65528846
0.89289039,0.91641706
0.77897096,0.91049892
0.82409155,0.72620887
0.82315046,0.92000842
0.89750791,0.90261990
0.86421180,0.94229674
0.70174927,0.74520206
0.74261522,0.70211607
0.92394114,0.98922598
0.77922696,0.69567865
0.69784641,0.91332501
0.87832314,0.97619045
0.90018982,0.91140813
0.90045822,0.97933853
0.77340955,0.92179483
0.87151372,0.83434474
0.39150739,0.43875387
0.20641822,0.12598751
0.89637041,0.80515140
0.88741446,0.78235292
0.88237560,0.89587718
0.92050815,0.92665416
0.68565547,0.64506000
0.65769023,0.73887980
0.91488135,0.92082554
0.83566689,0.89070284
0.87977529,0.66290534
0.87052953,0.94156039
0.63029116,0.53559911
0.64508915,0.70679015
0.82820266,0.87731093
0.81807399,0.91074419
0.37225544,0.52660644
0.77476895,0.69846857
1.00175905,0.92421627
0.85808802,0.86835557
0.41329968,0.50482512
0.85099798,0.82318991
0.32298100,0.30889091
0.62954640,0.55752653
0.20285696,0.31595987
0.57129556,0.83333331
0.19728220,0.33849600
0.64165211,0.79298246
0.81219447,0.71165258
0.57554376,0.31763548
0.32461008,0.39099726
0.80461878,0.73548859
0.26395422,0.34459993
0.91024745,0.88075078
0.80092490,0.85386860
0.82086384,0.84730196
0.83378184,0.84439600
0.74704880,0.89345825
0.69296527,0.78287286
0.77466840,0.90166646
0.34471232,0.49553746
0.87800366,0.90880620
0.87300330,0.84768492
0.84278405,0.83387977
0.86542010,0.75215387
0.85196471,0.76766616
0.70400316,0.53104299
0.62478656,0.81340581
0.79533285,0.75326777
0.46830726,0.51244235
0.21518505,0.34693033
0.88026798,0.79598188
0.92649001,0.90986842
0.38599849,0.45630932
0.89452165,0.89654469
0.49414486,0.68593282
0.54753578,0.60692453
0.85995466,0.84840775
0.47451428,0.35541871
0.61821866,0.63192332
0.69573164,0.77879041
0.33139002,0.39656276
0.95629752,0.94523376
0.62845105,0.63374132
0.88352966,0.98275864
0.79108083,0.85287970
0.36203760,0.18073878
0.57561344,0.67013109
0.87136245,0.95277780
0.77977926,0.70886618
0.90205729,0.94090909
0.15185606,0.37231132
0.70870095,0.79828602
0.88930088,0.78862488
0.06672937,0.14017177
0.76177984,0.86554027
0.93411231,0.95667285
0.86868358,0.84633219
0.91359758,0.96923077
0.87523764,0.89775115
0.75023764,0.64714241
0.88986719,0.83513546
0.45451337,0.72588235
0.77558279,0.84754902
0.37231320,0.71759260
0.67074084,0.70015180
0.85456651,0.75465667
0.30924058,0.41527238
0.87017322,0.85904509
0.83854866,0.74544257
0.66063476,0.70368671
0.93824297,0.96376812
0.90190494,0.99275362
0.82838666,0.82435900
0.45631671,0.59803253
0.90672386,0.82986039
0.53554857,0.63351828
0.86722386,0.81027752
0.95494843,0.95262128
0.65147895,0.80894148
0.89513940,0.85415053
0.77097368,0.22454269
0.77843636,0.83595204
0.76079655,0.70385230
0.85413545,0.85160822
0.06134385,0.13069455
0.96589124,0.95625663
0.41272724,0.44530153
0.62176824,0.84039712
0.26637024,0.43346915
0.84839910,0.89800197
0.95147324,0.90875059
0.79087389,0.82030994
0.79776031,0.79763937
0.31744802,0.24452288
0.84597939,0.83806610
0.60632575,0.65213674
0.65768534,0.57287008
0.89680266,0.92304611
0.63984042,0.94978607
0.55483299,0.64651471
0.91093397,0.86218202
0.88537979,0.91463667
0.78312182,0.84729153
0.77864838,0.75903976
0.34214824,0.45269471
0.87306190,0.92181176
0.95686734,0.95691174
0.87016988,0.79957718
0.80442095,0.87323833
0.83588517,0.62049538
0.71631783,0.83840066
0.94339168,0.94470590
0.86343533,0.63815278
0.75654608,0.81925821
0.78255028,0.76926482
0.86611211,0.93142217
0.73216450,0.64008701
0.84019279,0.83216071
0.86797976,0.93350875
0.71602398,0.83468765
0.87617260,0.91225690
0.85792947,0.79963523
0.91962314,0.94897085
0.50905508,0.75115359
0.67567456,0.66969699
0.91639817,0.94510549
0.28458455,0.46856546
0.56317747,0.56722486
0.89763820,0.79981911
0.78336608,0.91211033
0.87255484,0.90170288
0.94645029,0.96798378
0.70969176,0.67013174
0.90897298,0.88219142
0.88497537,0.91038436
0.83012497,0.79298246
0.91985559,0.86638868
0.08417195,0.12465912
0.64167625,0.90974259
0.49243283,0.39943701
0.47140488,0.46200973
0.58691043,0.82783753
0.82693595,0.82958025
0.95258754,0.94356018
0.44258431,0.33618388
0.76109391,0.73583418
0.55505335,0.55495280
0.71746004,0.50611144
0.62747264,0.84291822
0.92627275,0.88362384
0.40541363,0.53967869
0.34132016,0.29709384
0.75792706,0.68652040
0.84677291,0.87947094
0.73148417,0.68962061
0.67605627,0.60175437
0.72603548,0.59613425
0.59377158,0.54225522
0.77035552,0.88332212
0.88855469,0.87752408
0.90531945,0.89441079
0.01942974,0.06378902
0.83092445,0.90164453
0.25976694,0.46296296
0.71117383,0.67128801
0.61306429,0.57127637
0.42224467,0.79508626
0.90156031,0.93096691
0.91917545,0.91537356
0.90493768,0.95516568
0.74269378,0.74644977
0.93848431,0.96847826
0.57966262,0.55499166
0.73033059,0.75261503
0.63182610,0.42450452
0.79245877,0.89535546
0.97019148,0.90532106
0.86370611,0.81703997
0.82244217,0.85103798
0.85173357,0.90310782
0.95321333,0.97872341
0.84432083,0.96459067
0.84369469,0.76291794
0.86581159,0.74279559
0.93136811,0.89090663
0.52727002,0.53643906
0.88082802,0.84706134
0.65478283,0.53568822
0.92693436,0.89027262
0.90857744,0.87522280
0.69549745,0.68735337
0.93703967,0.90734500
0.58463508,0.59587657
0.65145123,0.49330035
0.68988448,0.60518789
0.92389917,0.87993860
0.79485625,0.88662660
0.56936151,0.59807694
0.82648581,0.85897189
0.78026879,0.78093833
0.03396660,0.22644928
0.86445343,0.84770489
0.44781721,0.81561995
0.53399944,0.42962953
0.80520988,0.94712073
0.80571443,0.77471656
0.86955559,0.76811635
0.50827402,0.48900464
0.84141481,0.75165170
0.73173451,0.88255924
0.86116338,0.90447593
0.77613860,0.82797444
0.15993756,0.30609041
0.42719346,0.59229332
0.69296360,0.74305391
0.87867022,0.82886869
0.93601108,0.94409192
0.74655384,0.78591627
0.69917268,0.71623808
0.50854814,0.47535211
0.89760435,0.94798648
0.51146299,0.36237374
0.66861594,0.83224422
0.82496464,0.83307701
0.51990199,0.65434241
0.54721522,0.55239666
0.92516005,0.93473929
0.83608145,0.93723059
0.92761165,0.93569988
0.96792364,0.87917340
0.88349289,0.88735884
0.90632951,0.88899755
0.51062572,0.74898958
0.57203770,0.68114477
0.74123335,0.58571428
0.62450850,0.48970768
0.92442369,0.86167032
0.30524346,0.29080674
0.63963675,0.93277830
0.75239885,0.81553400
0.81787193,0.77173913
0.77057427,0.73167789
0.69241303,0.81875646
0.96063709,0.94533569
0.38123378,0.52331150
0.78321117,0.82278323
0.85805112,0.89532495
0.95810902,0.93501192
0.82291925,0.94000000
0.91120172,0.93757176
0.17377448,0.28643617
0.52253032,0.38437003
0.82120085,0.86175376
0.63175899,0.66428620
0.18905032,0.42257217
0.56319010,0.65077490
0.90654409,0.91923076
0.68406576,0.67142022
0.76611805,0.48139769
0.89207959,0.85357428
0.28404167,0.56810105
0.89050627,0.87248802
0.78978467,0.95862800
0.74726260,0.82238585
0.65962118,0.62078261
0.86554670,0.80750889
0.82822347,0.83243144
0.91747999,0.85847986
0.96503669,0.91971737
0.65162933,0.69436836
0.88957548,0.75966048
0.51259887,0.41319931
0.89257026,0.88292122
0.68857813,0.74175900
0.77648044,0.85444778
0.51743525,0.65708536
0.92447865,0.91202533
0.74660695,0.79289150
0.05588084,0.11148074
0.40438914,0.49401122
0.78018099,0.76232862
0.79907006,0.92849016
0.37316179,0.19169508
0.15508395,0.14660482
0.81753212,0.88060230
0.69979048,0.71151268
0.33406067,0.26976076
0.82328951,0.87049526
0.70075202,0.64069766
0.67542154,0.70906752
0.25310326,0.20999916
0.92009854,0.90540540
0.32949919,0.58448458
0.48743612,0.59448087
0.91091031,0.73690474
0.67346233,0.68911612
0.82458609,0.86158252
0.71478391,0.79910553
0.87121582,0.88239187
0.72530365,0.90231508
0.52355814,0.49682686
0.72020835,0.33763418
0.89831996,0.95539623
0.54758477,0.42209944
0.74361217,0.84276849
0.86826956,0.83121246
0.35329276,0.33246276
0.76976663,0.87292683
0.80115741,0.81089091
0.85681385,0.82630205
0.91088307,0.78991252
0.78042406,0.86705172
0.66784018,0.61377645
0.17227834,0.34832197
0.89700210,0.91766828
0.53942209,0.32575008
0.49403486,0.60423815
0.77849782,0.88158941
0.80089462,0.90737563
0.80604696,0.83232540
0.64930189,0.83195084
0.76247740,0.73680902
0.84308577,0.98660505
0.36269784,0.62205803
0.56164503,0.69734889
0.83000600,0.88779718
0.75817579,0.91158903
0.76173735,0.74469572
0.91306317,0.94096643
0.58960736,0.72543061
0.65468067,0.79676998
0.89180732,0.95966935
0.77906680,0.87531143
0.43981454,0.58723468
0.58063817,0.42238268
0.75769842,0.81438857
0.43371934,0.61333448
0.47671586,0.45584652
0.69047123,0.72169811
0.88514733,0.82912940
0.91455019,0.90630299
0.83273280,0.85919821
0.91920233,0.89294875
0.30509758,0.35851455
0.44852391,0.50331545
0.87277257,0.76369637
0.57635599,0.51747334
0.94045889,0.96570659
0.19934756,0.37821880
0.91149575,0.94701755
0.28846633,0.36748573
0.62067735,0.48774403
0.88832307,0.91049600
0.85787827,0.88741851
0.91873443,0.98275864
0.95980245,0.98849702
0.95556694,0.90976351
0.19497240,0.24929525
0.41130549,0.50047541
0.92315918,0.89817476
0.90145767,0.85895091
0.87954175,0.82343489
0.08235425,0.09733385
0.63358617,0.56538570
0.74543476,0.69834185
0.80691266,0.88496679
0.59136009,0.64710796
0.90098548,0.93648565
0.49180663,0.71581823
0.74337626,0.78080195
0.34748921,0.42770770
0.87682092,0.91392887
0.89378297,0.90552974
0.89435256,0.91573662
0.58597410,0.68036401
0.88936496,0.89907104
0.60328501,0.44020849
0.69502908,0.65571481
0.87543422,0.94130152
0.77953708,0.80382884
0.72768962,0.71913344
0.16204226,0.16865297
0.19260490,0.14304200
0.17307788,0.21486166
0.45585787,0.31148237
0.84858286,0.91949451
0.89898348,0.96001065
0.87493390,0.95454544
0.81367314,0.66906595
0.82941675,0.85357368
0.59545577,0.67364585
0.84961736,0.79618436
0.78863484,0.84451681
0.37846899,0.44881848
0.90051436,0.85982561
0.72062999,0.79611725
0.23586679,0.24394307
0.63469553,0.81831789
0.25007325,0.41585678
0.85668337,0.87915879
0.45191383,0.40451533
0.74406904,0.72263235
0.87931466,0.94221395
0.60105944,0.75266081
0.84318560,0.91873604
0.71737939,0.74833596
0.86849850,0.85856056
0.72641140,0.81048852
0.91213083,0.89603448
0.21839267,0.26633644
0.85653353,0.81332099
0.64063889,0.70573384
0.94986904,0.97651005
0.84378648,0.91983503
0.94431269,0.91829187
0.49739462,0.35841557
0.94819212,0.91055554
0.54965383,0.74782741
0.95412743,0.94044352
0.93311447,0.96733141
0.93916702,0.92955494
0.79222596,0.83844447
0.78335768,0.58614844
0.87174761,0.88006818
0.94017088,0.92288601
0.34245294,0.26272455
0.90828490,0.83190924
0.63383007,0.72027773
0.85106844,0.93526757
0.78571612,0.68704498
0.19887680,0.15570776
0.75465268,0.65136182
0.87887633,0.92125106
0.79565799,0.79162019
0.75787252,0.85636902
0.87855029,0.88357931
0.83366823,0.88174993
0.79479951,0.79741377
0.56642842,0.64639425
0.55776858,0.53909063
0.69295579,0.62573582
0.74864352,0.87221742
0.71239334,0.79562014
0.75087368,0.78673470
0.76230884,0.82393950
0.40750301,0.43288681
0.38036054,0.25553018
0.87085289,0.87876654
0.85685444,0.76957691
0.72208905,0.74898672
0.63751727,0.41086957
0.50034440,0.34485158
0.55374318,0.53546131
0.83541417,0.96666664
0.92538297,0.95023924
0.64902890,0.87311041
0.91793728,0.91178250
0.82843107,0.83515948
0.73088413,0.58434588
0.94514596,0.89346659
0.94599897,0.98982012
0.93136144,0.87994564
0.86796868,0.76127243
0.89043176,0.85837102
0.94468379,0.91895425
0.28894925,0.24012481
0.68356872,0.84508663
0.87884933,0.87620687
0.71522820,0.54030800
0.80419046,0.76951873
0.92545635,0.97838503
0.83146423,0.80167454
0.65537494,0.57442808
0.50484061,0.77140731
0.82767504,0.81005025
0.84375614,0.85648358
0.85684884,0.86341697
0.88729250,0.77339107
0.90278530,0.87987375
0.17188221,0.11469042
0.83784443,0.88720489
0.93506527,0.93778312
0.59384215,0.69335526
0.94562459,0.93119937
0.87832415,0.89935899
0.91692984,0.88697916
0.84246600,0.75230956
0.81822169,0.73787737
0.92059326,0.95592654
0.68584430,0.60129112
0.91009182,0.97611338
0.93067622,0.90174145
0.90142179,0.89140624
0.39581564,0.66635603
0.77551013,0.80292118
0.60635221,0.74788964
0.95197588,0.85470283
0.59533888,0.35770595
0.73747450,0.59154373
0.87801409,0.82882243
0.73194468,0.90482342
0.72946608,0.59700030
0.88689047,0.89153439
0.95375341,0.97311831
0.68055367,0.53575748
0.18508387,0.15808170
0.83155394,0.71256495
0.81306261,0.87203765
0.57544726,0.49895087
0.73573136,0.56250000
0.45453665,0.52228165
0.73884112,0.83328664
0.84557402,0.80661660
0.92830783,0.93434107
0.50550413,0.64884073
0.73784375,0.75838923
0.06916624,0.04953431
0.90542775,0.85798162
0.86350042,0.80806857
0.91999257,0.93983078
0.32607934,0.50126493
0.90079308,0.88039112
0.80782449,0.94798410
0.82255340,0.87687516
0.60326135,0.58634460
0.92353565,0.91057914
0.51899338,0.48184818
0.57235825,0.33665380
0.80268252,0.85242832
0.88953424,0.90735292
0.54791403,0.40943256
0.61987895,0.44473892
0.89983416,0.81955886
0.86562896,0.83082032
0.91988367,0.91540599
0.45278487,0.37155995
0.24818575,0.13041443
0.80935419,0.67618191
0.91633433,0.93599880
0.92280221,0.85991228
0.94939691,0.94861281
0.87626755,0.77751720
0.87120759,0.61105484
0.84309381,0.89774948
0.69830680,0.34511524
0.84800273,0.87132150
0.94899786,0.94743907
0.61612445,0.61226863
0.71139205,0.80778700
0.92327034,0.93322879
0.92430037,0.97222221
0.41281080,0.42358845
0.88538611,0.92842150
0.88395226,0.87963533
0.92437387,0.93257427
0.88507372,0.84153783
0.86929834,0.93129760
0.60398638,0.68185139
0.83453435,0.94208270
0.79329062,0.69028759
0.90096229,0.85408163
0.13344783,0.73607951
0.92006457,0.88519126
0.51973879,0.50528187
0.68819350,0.84792101
0.85631686,0.75366879
0.47151351,0.50658047
0.71293783,0.64404887
0.85072899,0.89263630
0.32473135,0.49252614
0.73673135,0.65751696
0.65185177,0.58521760
0.71451706,0.70898658
0.96407455,0.94868690
0.73731500,0.79000568
0.80679780,0.87812442
0.92007446,0.90679687
0.84330666,0.93229169
0.40638307,0.40523237
0.68176001,0.86327744
0.92308706,0.69556737
0.73775089,0.80346686
0.64729011,0.67167324
0.87413180,0.82744044
0.75026780,0.75187397
0.45552033,0.57973754
0.82704771,0.96288943
0.84458816,0.96245849
0.93524861,0.97161305
0.86001134,0.92712247
0.87307608,0.83955443
0.31518102,0.59445947
0.75169027,0.79835540
0.80451524,0.85104710
0.91226631,0.85698450
0.66341680,0.75783801
0.74049550,0.68147451
0.84904301,0.68763447
0.92946166,0.86583000
0.92048109,0.83552742
0.86329865,0.92595226
0.80528367,0.80328435
0.77051157,0.76440734
0.60244620,0.48274773
0.79092848,0.85425282
0.32147384,0.35217968
0.79335022,0.95604396
0.59516257,0.57052928
0.78051662,0.65849674
0.94762135,0.97115386
0.55470222,0.51422232
0.93609822,0.94842172
0.88083953,0.86075163
0.94874728,0.97244149
0.90436649,0.88086736
-0.17506450,0.04580267
0.70896423,0.71991873
0.81276011,0.90789473
0.93051392,0.83249384
0.90391839,0.88196427
0.88422561,0.86628664
0.88251752,0.91282797
0.81414562,0.91710097
0.82656914,0.81452864
0.74938744,0.67801344
0.77772617,0.47775811
0.84755433,0.80510753
0.52633268,0.67446810
0.89185023,0.84147245
0.91274512,0.93378329
0.85508513,0.84296876
0.83387905,0.73563290
0.48730123,0.43004099
0.02773064,0.11223690
0.60507405,0.57947791
0.91494995,0.94054466
0.96400535,0.93813747
0.93920481,0.86860120
0.60823590,0.62798101
0.92369688,0.95646960
0.50522459,0.47371379
0.68773472,0.94417387
0.94225502,0.96932012
0.66029644,0.56598759
0.77940428,0.80576950
0.25952086,0.33701411
0.68584031,0.69234240
0.91685557,0.84282053
0.19581151,0.26069599
0.47304648,0.73901176
0.86947036,0.93899584
0.74334908,0.60856491
0.29484111,0.14977884
0.84193420,0.89643747
0.88991112,0.84919506
0.83853376,0.78197366
0.82358199,0.84337187
0.66243112,0.62717295
0.52422261,0.77907377
0.83041418,0.85116220
0.29529440,0.62323946
0.49606550,0.65485609
0.99026859,0.97540987
0.90719455,0.86293226
0.70474464,0.81600612
0.38821149,0.47790524
0.90835041,0.95002931
0.94943678,0.94913703
0.63464797,0.58176565
0.91538846,0.90195483
0.66006714,0.50837183
0.49277362,0.54774100
0.39975369,0.57565135
0.73056173,0.80611110
0.58132517,0.39445871
0.84350044,0.96013117
0.26711631,0.19643602
0.88562006,0.96178591
0.41858390,0.24278516
0.96674144,0.96150458
0.77229041,0.83796620
0.82795882,0.92015117
0.86077559,0.94868141
0.65299129,0.59982920
0.77931458,0.76569235
0.86102492,0.88745636
0.91612184,0.95939767
0.20509428,0.34010842
0.81084460,0.80897957
0.72370672,0.89536291
0.34748602,0.32583460
0.73030066,0.71392745
0.93376625,0.95888788
0.91202271,0.88028204
0.82567406,0.88586742
0.80500644,0.68154299
0.90581167,0.94550353
0.89486676,0.94453758
0.75437248,0.73705500
0.92304099,0.90509939
0.39418101,0.17494252
0.81781232,0.87989235
0.61324608,0.68179667
0.58659476,0.79959714
0.62807882,0.59616596
0.88762379,0.84470910
0.92819160,0.99497414
0.26973069,0.26573077
0.91868919,0.96437126
0.90403748,0.87511498
0.74724311,0.63227510
0.76935101,0.80413121
0.89152688,0.87317926
0.83165193,0.71612072
0.89373249,0.87742949
0.46878079,0.84252799
0.90191388,0.88625824
0.72202349,0.70597845
0.86837363,0.82569063
0.42132902,0.28093535
0.39671493,0.45139080
0.91411453,0.85651290
0.04886574,0.25443321
0.89099765,0.87771767
0.85866499,0.92113006
0.85977423,0.78771532
0.68282729,0.56883347
0.69099414,0.68409812
0.50420445,0.51866502
0.88521403,0.89704436
0.81056958,0.64072943
0.93494558,0.97974503
0.82279801,0.83071285
0.86940235,0.84090102
0.42681581,0.29403645
0.82298231,0.77840394
0.68620288,0.76021636
0.75680923,0.78524214
0.84940952,0.89633226
0.94519174,0.94120151
0.67255968,0.87318563
0.78450501,0.82413101
0.95166689,0.95733041
0.90996701,0.90329397
0.07845956,0.11286988
0.39523515,0.44786826
0.70820117,0.70078200
0.76561159,0.70576924
0.75229913,0.77261633
0.78810847,0.51436228
0.60327297,0.64331055
0.65854788,0.77381706
0.84980953,0.94997269
0.70955747,0.57921028
0.91066056,0.96609181
0.76863813,0.83745748
0.85325140,0.87462234
0.90411603,0.86753249
0.80599725,0.90942913
0.86931348,0.92438066
0.80782378,0.81891280
0.88140529,0.91215152
0.79251546,0.70312828
0.83692062,0.81175274
0.91083783,0.87305474
0.91769558,0.89770633
0.70128596,0.50900257
0.30168325,0.54919863
0.84970915,0.99425286
0.87377334,0.90091950
0.86806816,0.80878663
0.82176566,0.83850265
0.73156083,0.74399853
0.91568410,0.92098033
0.41235161,0.62598270
0.88371122,0.76550871
0.93837124,0.87920874
0.14384204,0.25909430
0.81903666,0.76881856
0.95421284,0.92859668
0.74401778,0.71317309
0.63956511,0.77956986
0.82883781,0.86996698
0.62374598,0.45161444
0.93182719,0.98084825
0.85676235,0.84113801
0.84330380,0.84279549
0.73380280,0.70817608
0.44927120,0.44838309
0.77355093,0.85638946
0.82059348,0.99642855
0.92037517,0.95770979
0.91671550,0.87345171
0.75476676,0.73427027
0.91720575,0.84351897
0.90779299,0.92926937
0.92310309,0.92618775
0.51188397,0.45971575
0.90348291,0.90075141
0.84143531,0.82073301
0.92815650,0.90561372
0.92403257,0.84722221
0.86165118,0.92095351
0.92557526,0.88191885
0.01786667,0.07497706
0.39365691,0.14390244
0.90566099,0.84716874
0.93396389,0.88255036
0.85170138,0.85113996
0.90701044,0.94928300
0.77006483,0.73880899
0.69774562,0.62105978
0.82298720,0.81262982
0.62129426,0.55583185
0.90350413,0.88450295
0.45704228,0.43947282
0.88984179,0.93605608
0.72015584,0.74731505
0.46873122,0.60952902
0.75151652,0.71591765
0.92793149,0.90945148
0.60562325,0.61156446
0.58541656,0.66399556
0.86699754,0.82773900
0.64603144,0.99888641
0.89127523,0.80901307
0.77262211,0.83635467
0.58718467,0.62672049
0.74779648,0.62334055
0.90521300,0.80335766
0.50850886,0.57727122
0.63316226,0.69110304
0.76166570,0.87603253
0.57276535,0.62082064
0.74875277,0.60234964
0.40070304,0.31594202
0.39074337,0.45400271
0.61239916,0.73377436
0.63727367,0.54876393
0.56095243,0.67029285
0.81810117,0.89851618
0.85794419,0.70219976
0.73276538,0.79977137
0.87133366,0.75698471
0.82981908,0.80296588
0.91164619,0.98493630
0.60136479,0.73153740
0.88380444,0.91952467
0.84666806,0.74732560
0.16970718,0.27417654
0.75183606,0.90460300
0.60920036,0.61332309
0.85585535,0.90574151
0.90851724,0.93852460
0.40804824,0.41883275
0.50652832,0.45576829
0.46043777,0.40355298
0.85488260,0.90396249
0.82427162,0.87063295
0.22851396,0.24686849
0.95057130,0.90374649
0.85492790,0.80468750
0.84196162,0.92537314
0.76652408,0.82373244
0.89438075,0.90890688
0.30968386,0.41073257
0.88848674,0.92492646
0.80716193,0.89233661
0.80436194,0.75138891
0.87935901,0.78554803
0.72675669,0.68115872
0.61633074,0.59684193
0.80585784,0.34331059
0.93177569,0.95993030
0.82512444,0.75191104
0.85222721,0.92942840
0.06597239,0.05887888
0.73982060,0.86328375
0.92796612,0.92137265
0.93672991,0.94824338
0.84445500,0.92727274
0.34719554,0.44329169
0.11169213,0.16621801
0.81104684,0.81493509
0.73339993,0.77093369
0.54900479,0.36946368
0.88203961,0.94431466
0.84369552,0.86139697
0.68266988,0.71845347
0.39766610,0.42334017
0.81431764,0.88576943
0.86148304,0.98041666
0.87693465,0.89055043
0.47623625,0.45699394
0.48868802,0.43135002
0.65562391,0.56313431
0.65320414,0.65316665
0.83288103,0.88094515
0.72580910,0.81349206
0.68667233,0.69447440
0.47547346,0.53202736
0.40327916,0.19074610
0.58206964,0.62072283
0.62918812,0.62310362
0.21951723,0.17857143
0.90754557,0.93130344
0.15466642,0.26686859
0.44532782,0.41347429
0.44632679,0.34925410
0.97379214,0.92120683
0.65757775,0.71532255
0.87206388,0.91563803
0.30363625,0.36190981
0.48907733,0.68842268
0.66294873,0.75373417
0.94900644,0.91406190
0.62845480,0.61812866
0.85657418,0.88348532
0.94080734,0.96102065
0.76644230,0.76305968
0.78990448,0.93243456
0.72090876,0.88182276
0.74390388,0.68118411
0.82249993,0.86943781
0.93332654,0.93299937
0.63121915,0.82679921
0.81145203,0.90753287
0.57554257,0.56599897
0.81080186,0.58724594
0.92424905,0.93863815
0.91399658,0.78259116
0.86782563,0.85712564
0.90565968,0.94747758
0.94840395,0.93136072
0.28060913,0.38836405
0.57070392,0.83414632
0.89808482,0.81010693
0.83933270,0.73488325
0.73677701,0.91078430
0.86354125,0.95604217
0.55892408,0.61352813
0.32080847,0.28458738
0.58180869,0.64388865
0.31484446,0.31385612
0.61911327,0.58470148
0.92903841,0.90445155
0.63039124,0.73867559
0.84613872,0.86246496
0.26684242,0.37729108
0.77230334,0.66213691
0.77450281,0.78770852
0.43975127,0.38212597
0.26859063,0.21620715
0.48646522,0.44405919
0.88714212,0.88106066
0.85674369,0.77390367
0.77622324,0.82036614
0.77463084,0.80996716
0.85429049,0.85842067
0.92255181,0.90472430
0.78814268,0.40315506
0.69647866,0.60859418
0.85278559,0.73751736
0.77088517,0.73597103
0.86113006,0.80103737
0.86034191,0.83284163
0.21245292,0.27266225
0.59257179,0.60189211
0.79244256,0.84333014
0.94768548,0.97828609
0.84407866,0.78776121
0.82134795,0.74959815
0.69322801,0.84598929
0.73269451,0.80587584
0.67248738,0.72466218
0.83796185,0.88078433
0.85722959,0.93350166
0.48385125,0.39687431
0.55903506,0.53868902
0.46983308,0.39282146
0.41730946,0.46381423
0.88750529,0.91736388
0.81849003,0.81108958
0.75050718,0.69661492
0.58270198,0.62597948
0.91259062,0.80019981
0.56658852,0.47633147
0.82892817,0.84880120
0.89902568,0.83789790
0.65457547,0.67357653
0.77852863,0.72186613
0.50614262,0.51307732
0.80508995,0.77973855
0.34406373,0.34047765
0.49478683,0.55808079
0.50990474,0.41156632
0.52513111,0.51598209
0.91102690,0.89465147
0.78268683,0.84753376
0.68178391,0.70289034
0.93323237,0.94705653
0.88740557,0.92244416
0.92704785,0.94948977
0.54059005,0.63704205
0.80108613,0.88767505
0.33077937,0.44295454
0.86670804,0.91778165
0.92482650,0.96724421
0.64727706,0.71548676
0.66193223,0.70466030
0.93160927,0.96487606
0.62605268,0.69793046
0.85205215,0.83635980
0.96503472,0.95140678
0.74992996,0.73388773
0.22516775,0.30173033
0.87491739,0.91107738
0.86281741,0.84156317
0.68387944,0.68461519
0.83433855,0.82612556
0.91000068,0.90076631
0.54258782,0.57860386
0.88963664,0.89237136
0.87177521,0.80948132
0.74533027,0.63861454
0.35410428,0.38626665
0.33118421,0.52671957
0.76388896,0.87913013
0.95771945,0.95767272
0.88332272,0.86352932
0.52355164,0.33011273
0.79196829,0.94629246
0.98767769,0.93036580
0.92774487,0.91126776
0.90706289,0.97853369
0.66134447,0.64231008
0.77181423,0.78312474
0.93488073,0.96205503
0.90695822,0.91715837
0.84892434,0.68434751
0.80592883,0.88573885
0.88576782,0.89452815
0.30115619,0.26408178
0.46031085,0.52276689
0.86532086,0.91676831
0.61436772,0.59834677
0.79638982,0.62980771
0.87066597,0.84498233
0.90338099,0.97385532
0.61384279,0.71306640
0.81027102,0.85761565
0.23188362,0.26958776
0.89240825,0.88651258
0.92909849,0.97886825
0.86391413,0.88575268
0.81237817,0.81904554
0.81370366,0.85631067
0.82859981,0.78633600
0.44773975,0.53611565
0.49729878,0.52867132
0.77247018,0.58175290
0.90423858,0.74276859
0.13180512,0.16462965
0.92255282,0.93084574
0.92147827,0.92125493
0.70957208,0.86562502
0.46610832,0.52665967
0.67804533,0.76739419
0.87112725,0.86697251
0.90286881,0.90608108
0.14543611,0.21021059
0.79507482,0.71524066
0.78369391,0.82290912
0.65183467,0.77031821
0.79750860,0.79810995
0.72492731,0.51792771
0.58981359,0.67713457
0.70554429,0.73488283
0.89747167,0.88671398
0.92368627,0.86932921
0.43176210,0.45771959
0.56372374,0.53966188
0.85426044,0.88286805
0.84419084,0.80708271
0.74533564,0.92190522
0.76393723,0.70137870
0.80173934,0.84829384
0.89396662,0.83466822
0.82477134,0.71924812
0.89227909,0.93329918
0.51806712,0.76857030
0.53108597,0.55803180
0.89591980,0.88090771
0.86237866,0.84025007
0.95149684,0.91762823
0.84257549,0.86246240
0.56615460,0.51923591
0.76172239,0.53985041
0.28298032,0.41860464
0.85407591,0.74591571
0.71322793,0.71431565
0.86462015,0.85822320
0.85088468,0.86392111
0.87318343,0.84782684
0.46445796,0.31394839
0.65854943,0.64767081
0.64661556,0.60114735
0.82482809,0.80974412
0.30173284,0.37164414
0.54229254,0.46460047
0.81828159,0.84319019
0.20902306,0.16497388
0.91045368,0.94478381
0.58151013,0.60501510
0.73271191,0.81430602
0.85616380,0.85963488
0.41888389,0.52581948
0.77262956,0.90674686
0.61891317,0.59478402
0.76976323,0.84960896
0.82301551,0.80011517
0.29518932,0.29427531
0.87554204,0.88049716
0.93074721,0.94305301
0.76182097,0.88107681
0.77249259,0.66533875
0.92885661,0.92313504
0.39380300,0.73524374
0.82405752,0.86621511
0.94622087,0.93106729
0.60821813,0.47980279
0.76876670,0.83803141
0.93502164,0.86684155
0.82365620,0.88924634
0.56031060,0.68040210
0.64366502,0.81234568
0.18209672,0.34900808
0.82044935,0.93970716
0.89496839,0.92941880
0.77553296,0.80512625
0.79017675,0.91325521
0.89919895,0.74869227
0.38255733,0.21674128
0.88243884,0.95140427
0.61983293,0.76357943
0.61993414,0.73503256
0.87513220,0.93443501
0.44841081,0.43088040
0.56413293,0.61491698
0.11225003,0.20233637
0.76250196,0.93137479
0.85049188,0.88597447
0.81291687,0.82273108
0.94799209,0.95281094
0.93045032,0.95226735
0.81931943,0.78538090
0.94740641,0.94541657
0.88407683,0.90407228
0.56697303,0.57378972
0.85567677,0.81096095
0.87022835,0.94468367
0.74435592,0.91102755
0.59078246,0.65889424
0.42795008,0.55896705
0.16079986,0.25727087
0.52686918,0.55153459
0.37118691,0.56407166
0.45384905,0.62411201
0.50576234,0.44689736
0.78966558,0.89418244
0.74326128,0.74401551
0.93706280,0.91926515
0.48862812,0.48811969
0.67523187,0.60936344
0.84850913,0.96453899
0.86899310,0.94567049
0.44632360,0.58518744
0.76065719,0.85896105
0.89927238,0.92436975
0.73952860,0.76619637
0.42998433,0.37865728
0.56337970,0.53696579
0.84039044,0.68268484
0.60596049,0.54181010
0.83766949,0.86332214
0.54578978,0.63521641
0.83269584,0.87784016
0.93284798,0.94144881
0.65846550,0.56423545
0.89105242,0.88804388
0.67156118,0.90700543
0.93260694,0.95015210
0.52103591,0.62058789
0.79871964,0.79883087
0.76496947,0.92123985
0.34313589,0.29284340
0.53853285,0.65918279
0.94434506,0.95156682
0.74089569,0.83087158
0.64606696,0.55090457
0.86335301,0.89478815
0.67031139,0.71079355
0.09744489,0.29572579
0.80969769,0.90395570
0.82370728,0.70062238
0.50107872,0.42544800
0.12944406,0.13499986
0.49051136,0.59261674
0.75336730,0.83686870
0.81858569,0.71431649
0.88082612,0.80535322
0.45019788,0.44080490
0.64071798,0.68046820
0.91144234,0.88211900
0.91274393,0.92337251
0.87107301,0.90806741
0.60780424,0.42550504
0.81933725,0.81607956
0.81311154,0.75267017
0.51259696,0.54109889
0.55883265,0.64185476
0.73681760,0.78316742
0.80469406,0.83877629
0.75018579,0.80120999
0.88284379,0.89555258
0.94867098,0.88730419
0.77010405,0.89329320
0.89026183,0.86925638
0.84420049,0.90426528
0.33976799,0.32794622
0.72300673,0.72307694
0.68322051,0.78880227
0.57509488,0.69225228
0.60117310,0.49802372
0.85822850,0.94826311
0.68814832,0.65071899
0.71412385,0.69458610
0.89843988,0.91751724
0.68984407,0.60509634
0.71715260,0.72117525
0.56481165,0.51230520
0.79651737,0.83057493
0.86130780,0.62790275
0.70716357,0.72464728
0.70363957,0.60357124
0.81299651,0.57811230
0.62261856,0.76451755
0.68472022,0.65460360
0.92996484,0.91930300
0.79777271,0.41803375
0.88929963,0.91481394
0.45835513,0.57398993
0.27192986,0.30924433
0.76797473,0.72230905
0.39110699,0.49731249
0.77674603,0.73707688
0.93422407,0.87325001
0.65608615,0.81795913
0.77611095,0.80513459
0.85693872,0.90945530
0.60055077,0.66351891
0.86236542,0.83636242
0.87725782,0.81954020
0.92467588,0.93428570
0.65956002,0.72480237
0.95074117,0.95489550
0.88822591,0.97859430
0.66779202,0.76543307
0.87955987,0.88159877
0.62810284,0.66364735
0.68349779,0.66201407
0.80081284,0.81898528
0.94442314,0.90554053
0.90565467,0.90113240
0.37818903,0.20370160
0.41499907,0.31864753
0.26586741,0.22531345
0.50768328,0.56835264
0.82375962,0.89218456
0.89800560,0.91149521
0.35537231,0.43312377
0.68480855,0.41225928
0.83835745,0.85576922
0.86741686,0.72041112
0.70225245,0.84452683
0.85070813,0.82641959
0.85285884,0.87013572
0.65745932,0.40221089
0.88263923,0.93004912
0.89639246,0.94750637
0.63861340,0.42811745
0.95190716,0.95471442
0.89234442,0.91122085
0.44075531,0.51083529
0.41947085,0.27325070
0.56783265,0.48874459
0.47741848,0.53219175
0.87625623,0.91258496
0.42877492,0.51421547
0.26735032,0.16824375
0.91121483,0.95793831
0.88732487,0.87224317
0.23773161,0.35857671
0.84962571,0.88580358
0.61802834,0.65312827
0.42408347,0.45671040
0.84440368,0.84324133
0.90552413,0.91488916
0.49850991,0.43936557
0.92836547,0.96191794
0.31180626,0.36642864
0.91750252,0.90795249
0.87468505,0.92329091
0.88185513,0.82083333
0.94613808,0.94758064
0.50647664,0.37408519
0.90064788,0.87000698
0.85670412,0.88083166
0.88773704,0.88705063
0.60900396,0.59842324
0.71261895,0.60643572
0.79613972,0.83627653
0.28220427,0.39646974
0.94338483,0.90601200
0.56905347,0.48900181
0.83829063,0.87262613
0.72407573,0.70908070
0.69852710,0.75484210
0.64023072,0.77926588
0.66234362,0.75887817
0.42671520,0.24975027
0.49216914,0.61219209
0.91567034,0.95826328
0.95998663,0.96291733
0.56826192,0.49350649
0.82232493,0.75180954
0.54794461,0.55396414
0.92199671,0.92468077
0.84349924,0.89616227
0.90626800,0.87778515
0.74932981,0.94268423
0.46546787,0.69172472
0.89800262,0.92317021
0.73711133,0.62751853
0.81033301,0.68234134
0.58569008,0.72234392
0.49588549,0.52153915
0.70995313,0.48065290
0.88005781,0.90427721
0.90688980,0.92455280
0.87006581,0.86911076
0.62771779,0.60090137
0.67527860,0.78461540
0.92918348,0.94017917
0.90542853,0.89266616
0.87884450,0.92072195
0.90169513,0.86983883
0.75621861,0.66580093
0.87710673,0.77782387
0.82057595,0.91726822
0.88699633,0.89858943
0.72428125,0.89878005
0.47940412,0.56363636
0.81961077,0.79968596
0.55851758,0.68719727
0.88671005,0.85790408
0.88809460,0.90293932
0.75192332,0.95863920
0.30996242,0.36549816
0.84877473,0.90652174
0.78828990,0.81130463
0.86569780,0.69390404
0.91099548,0.86177069
0.73607838,0.66614151
0.01936299,0.10867411
0.87990850,0.83432090
0.33662677,0.27899492
0.90243286,0.93369395
0.63818431,0.76367360
0.56960040,0.52248341
0.59534055,0.70664138
0.50118303,0.47202370
0.71005857,0.72612965
0.94074517,0.89943314
0.53081179,0.55499828
0.91068435,0.89636755
0.86637664,0.75809509
0.62320578,0.63974792
0.83790720,0.78104293
0.83763403,0.88610148
0.90436840,0.93431371
0.78337836,0.83934772
0.70920759,0.71283698
0.90910459,0.89842480
0.65542579,0.54730159
0.66008592,0.43214285
0.54759538,0.35497200
0.64554793,0.52035463
0.20953041,0.16419658
0.33325577,0.40966952
0.71334666,0.61902410
0.53226793,0.72706509
0.88164371,0.90523183
0.89969420,0.81309521
0.68578100,0.62879652
0.72723311,0.82935148
0.54658860,0.72596747
0.85458493,0.78171802
0.77138525,0.76299530
0.89851332,0.91868389
0.09211665,0.25794923
0.88074833,0.94805503
0.58292174,0.54948288
0.92535341,0.96323186
0.76753253,0.70808846
0.86771929,0.74844444
0.87038600,0.82007611
0.85079974,0.84158826
0.91273808,0.90366298
0.64130032,0.79571223
0.87651324,0.80758429
0.65725309,0.79464287
0.24328768,0.39908019
0.69875747,0.73734641
0.28426296,0.07455605
0.20182294,0.17020099
0.89873654,0.93589354
0.49853122,0.63321871
0.85415256,0.80233514
0.67785513,0.67605603
0.92608356,0.91330028
0.79354668,0.71992844
0.91307521,0.91117382
0.35147858,0.47939801
0.80653572,0.85910517
0.54661202,0.56120360
0.80936515,0.99609375
0.79213476,0.82705593
0.45619020,0.31308284
0.82508570,0.71998125
0.65926892,0.61743915
0.88780713,0.79744208
0.82221270,0.80658859
0.69067454,0.86582166
0.88836217,0.94588816
0.61326569,0.67820317
0.76078856,0.86383486
0.81742746,0.55416667
0.76059872,0.64915603
0.75383466,0.77142859
0.74848855,0.55404264
0.54828680,0.72441417
0.68779004,0.84533483
0.58573735,0.71924734
0.83898592,0.87103897
0.83658266,0.86925709
0.88259542,0.89299560
0.84483075,0.85965991
0.91475326,0.96687371
0.92046583,0.87602341
0.76265401,0.78267020
0.82596403,0.90069497
0.93223643,0.88417375
0.70037502,0.69139767
0.81319022,0.81770831
0.67061305,0.67526495
0.48990798,0.52850091
0.81226909,0.81791282
0.73622715,0.61894262
0.89224714,0.91690284
0.41857523,0.49491447
0.69144690,0.82243747
0.70726502,0.62001604
0.83789629,0.76807755
0.54980218,0.42000598
0.57017231,0.63359320
0.84186447,0.92971718
0.81896007,0.57530427
0.78507680,0.80952382
0.84085298,0.92160279
0.92170572,0.84482759
0.83499074,0.84970713
0.36836201,0.28383347
0.90240824,0.88441843
0.67927021,0.69579417
0.14685196,0.22469424
0.87652773,0.82103914
0.85004961,0.75675434
0.66674203,0.65243727
0.85257459,0.88136077
0.75275469,0.85177046
0.84129977,0.89009333
0.83292919,0.81751615
0.37545115,0.26774266
0.63039261,0.70526057
0.71460015,0.83430231
0.55547035,0.62772018
0.85147023,0.85244316
0.72924727,0.57725251
0.32610494,0.29824492
0.73119831,0.61118960
0.91631758,0.93584907
0.85832548,0.93856561
0.37309593,0.36630476
0.64950490,0.58595842
0.33852458,0.38987574
0.75699013,0.87111205
0.73699081,0.83429378
0.93053007,0.41153699
0.91450429,0.95909977
0.88131177,0.92901236
0.57089758,0.61069566
0.90835720,0.89789295
0.73385710,0.74303269
0.87452745,0.85485041
0.92830193,0.88345087
0.34308308,0.27619258
0.84475726,0.95724529
0.87836564,0.83617675
0.48619202,0.49744982
0.92538905,0.94597828
0.85120344,0.87699610
0.89134508,0.94724703
0.84084475,0.90196633
0.93841839,0.92557651
0.57658589,0.73717207
0.68941987,0.69321382
0.93922877,0.94005603
0.85990059,0.88258708
0.88885254,0.90425348
0.97903985,0.88550907
0.39611810,0.45869714
0.86561239,0.88097888
0.20662686,0.25123823
0.90827799,0.92153847
0.92681956,0.94516450
0.76773763,0.57412654
0.91014624,0.87704951
0.95092928,0.96241832
0.83930224,0.82477778
0.20484120,0.29932868
0.78805488,0.69225293
0.38310003,0.97664815
0.84474123,0.90223086
0.36684909,0.60148513
0.68948150,0.79319382
0.82966441,0.78682846
0.75134152,0.89248890
0.66630250,0.35644263
0.79971302,0.80514705
0.80417949,0.84663057
0.61856967,0.65003949
0.86105126,0.64214063
0.68766004,0.59708977
0.30274674,0.20019954
0.84944600,0.88225627
0.20248592,0.15344574
0.89695311,0.92121214
0.79341364,0.67571312
0.76928902,0.76544768
0.93046594,0.97370946
0.77674329,0.84361732
0.77733272,0.82224995
0.49507123,0.37674493
0.86520863,0.90007275
0.88548934,0.89105046
0.87170285,0.96345901
0.90955949,0.87839490
0.83270812,0.71089637
0.89865041,0.89089328
0.58402389,0.75335133
0.86681885,0.89259034
0.12176824,0.06829837
0.86519480,0.94404960
0.81019974,0.96098900
0.32534581,0.62072366
0.70814079,0.48020723
0.71322918,0.81188536
0.85150993,0.89475161
0.90870595,0.88479143
0.91713333,0.85508496
0.91202945,0.92049551
0.59931153,0.63504386
0.91573727,0.84325689
0.93785733,0.86173087
0.75124872,0.84849393
0.55193496,0.45001563
0.88154262,0.87728935
0.91944993,0.88124722
0.65309781,0.52454460
0.32569292,0.55092359
0.83244205,0.90826315
0.74707782,0.78231227
0.81038576,0.89741707
0.88656110,0.86492676
0.43821770,0.15921940
0.25705314,0.29984215
0.70165247,0.43859890
0.93701094,0.99230766
0.79925072,0.84102565
0.29901004,0.17442191
0.57376242,0.70329672
0.40239096,0.40908498
0.52942681,0.40095246
0.52786106,0.48571542
0.49277180,0.49918452
0.87837356,0.88721877
0.27672735,0.08909262
0.82584852,0.82946324
0.90824813,0.75512242
0.94427943,0.92004907
0.89717525,0.88721830
0.51643783,0.53965944
0.93785292,0.94276226
0.80520767,0.85317880
0.80830127,0.90883893
0.61255020,0.61259478
0.28459641,0.41220814
0.68618613,0.76328313
0.90614653,0.94481438
0.78415799,0.82163745
0.81982559,0.79190278
0.13773400,0.14329004
0.67396057,0.54568022
0.81848139,0.91237390
0.53737855,0.64533132
0.91867578,0.89040375
0.26187587,0.23491916
0.78290254,0.70512819
0.91049415,0.87333721
0.55955338,0.50275481
0.49164632,0.41492388
0.66728711,0.83216679
0.87780911,0.84765434
0.87687016,0.87943816
0.92156059,0.91746032
0.62389708,0.84982634
0.87898916,0.68396997
0.71219337,0.84090906
0.79427886,0.70183557
0.52226764,0.77616769
0.68198162,0.94641560
0.54668641,0.61118776
0.54452229,0.68366092
0.30847132,0.45492229
0.74808943,0.80246884
0.68852687,0.71277618
0.78539765,0.86717635
0.61627913,0.76205230
0.93904793,0.96383440
0.37372607,0.43993151
0.40117189,0.38756835
0.91452765,0.91624326
0.23424658,0.31154683
0.85163796,0.91513997
0.95536518,0.96767455
0.18882328,0.18740541
0.69870901,0.66513056
0.31786484,0.25474322
0.94572204,0.94279474
0.73808402,0.81180859
0.94207269,0.94845963
0.93093812,0.97481686
0.43898240,0.18055958
0.38047320,0.19880952
0.19372827,0.38651857
0.81515908,0.80794996
0.69508070,0.82167602
0.91338170,0.96399838
0.78520066,0.84096026
0.80878806,0.85861164
0.57872331,0.65253198
0.43895662,0.45501372
0.52290523,0.42889556
0.93207967,0.92932373
0.69679713,0.59381235
0.88990390,0.91048646
0.93419635,0.92507005
0.93725777,0.88690591
0.09340721,0.23253667
0.92687547,0.92717087
0.88770795,0.90045935
0.82884413,0.93431395
0.81994706,0.90154886
0.77438855,0.88411397
0.26685500,0.43741089
0.83438939,0.83839709
0.91804570,0.91226202
0.34257174,0.31578946
0.38073236,0.40491804
0.89334589,0.93180543
0.90726376,0.88696444
0.92809546,0.93975824
0.91260016,0.95710742
0.92004156,0.93605047
0.89970505,0.91082805
0.60887104,0.60890597
0.83377600,0.90525424
0.88605821,0.90705884
0.69541144,0.75723577
0.81982481,0.76311040
0.91529799,0.83497620
0.86210459,0.93640012
0.89722329,0.89069539
0.77090830,0.81720781
0.47433418,0.63918066
0.77418453,0.91938615
0.58909142,0.87966478
0.57149994,0.02964612
0.92300910,0.90822428
0.67854345,0.71300256
0.48491642,0.57531393
0.82302982,0.88143426
0.78269166,0.85934305
0.55966634,0.64706433
0.82905799,0.96249998
0.83621538,0.92266011
0.66792029,0.83189654
0.71454132,0.77686781
0.75990689,0.59934556
0.82392168,0.76567739
0.77004778,0.84105265
0.90873194,0.91954386
0.18850499,0.12743473
0.80596161,0.62894773
0.59723401,0.41752899
0.46954930,0.50101358
0.72714859,0.78430188
0.79278713,0.68559217
0.52584738,0.60607475
0.88538903,0.88823915
0.91552120,0.84758389
0.78351724,0.75931394
0.16319728,0.23200859
0.36553884,0.38606334
0.93740547,0.89179516
0.87890983,0.94080716
0.55240285,0.46410990
0.72873724,0.65484893
0.72299099,0.31590417
0.25267300,0.24041301
0.90814745,0.94095367
0.83777285,0.87500000
0.43065888,0.61891466
0.95890319,0.92870259
0.27901658,0.27204525
0.72421104,0.45376888
0.69176930,0.57336152
0.88504314,0.87294120
0.75900948,0.85196078
0.84955180,0.85354626
0.89984965,0.97498119
0.47056189,0.42754343
0.91917920,0.94963878
0.37070912,0.45171499
0.91021270,0.96791446
0.89068258,0.86007518
0.90571779,0.83196211
0.88164812,0.85797906
0.84648484,0.91861320
0.63303173,0.35621205
0.85026991,0.85198003
0.73103547,0.79217917
0.28348044,0.17416899
0.93008423,0.91427881
0.75908267,0.87962961
0.53432691,0.47461370
0.83176148,0.92484587
0.94890350,0.91949022
0.63281393,0.60943729
0.61700171,0.77308971
0.87285352,0.87145025
0.46534681,0.55161566
0.69429177,0.63959783
0.30828625,0.34424084
0.59010005,0.69670886
0.51261854,0.71045119
0.84726024,0.73442084
0.26153627,0.45881557
0.60798353,0.66664827
0.86531448,0.93217814
0.91268212,0.81453234
0.63055182,0.75454545
0.74551845,1.00000000
0.83229101,0.93357509
0.72118992,0.71567297
0.73592061,0.84580421
0.67250133,0.80489445
0.58425236,0.77475005
0.80880499,0.74435073
0.89983749,0.88111013
0.15067279,0.25292870
0.92132616,0.93983138
0.82302022,0.94122696
0.92538595,0.85635376
0.86898410,0.80575335
0.82062221,0.85893720
0.68627578,0.93557674
0.89086640,0.90379173
0.22492114,0.14004968
0.93532395,0.83660132
0.92120594,0.93454885
0.46100211,0.26287934
0.87114859,0.91712707
0.57518601,0.65285587
0.58516645,0.76490575
0.58577752,0.58143669
0.43246755,0.12236842
0.88818425,0.93267488
0.90726954,0.95400006
0.83094478,0.85818166
0.87992692,0.91877991
0.75849402,0.72395557
0.51218200,0.80206394
-0.00616544,0.10837964
0.24287358,0.16903889
0.89451492,0.91320348
0.87516636,0.68061656
0.90921044,0.93670887
0.38503110,0.37096778
0.93199885,0.87613404
0.88475698,0.90014768
0.61511290,0.89949495
0.90703475,0.91311008
0.64196992,0.51841706
0.89302498,0.89685607
0.79352117,0.86471170
0.70046723,0.83123648
0.21972728,0.25009397
0.87052035,0.92673993
0.85236079,0.89891565
0.79309708,0.84587008
0.92989492,0.90423000
0.75209594,0.73255002
0.92188126,0.92189580
0.92547560,0.88496912
0.58431840,0.71860522
0.64373761,0.74341798
0.95194280,0.92109185
0.73252386,0.99761903
0.59387541,0.46135831
0.67137611,0.71771282
0.91746145,0.87048554
0.66681278,0.72692442
0.61081618,0.57671326
0.74320674,0.88399357
0.39725327,0.40305534
0.92392921,0.88357663
0.90437055,0.94397849
0.44200879,0.66152561
0.67091483,0.75018382
0.90467006,0.93260264
0.60922909,0.85270655
0.71166819,0.55598551
0.54509252,0.68247974
0.88661730,0.90051502
0.93969232,0.96181631
0.80928087,0.95810419
0.88032365,0.88069820
0.77645439,0.83784002
0.78066373,0.88187933
0.77860069,0.54209012
0.51826000,0.77091575
0.60756707,0.81152558
0.71909052,0.61299437
0.95060289,0.87382627
0.66181171,0.62929517
0.90827143,0.88459653
0.91845948,0.97421932
0.30191270,0.30498749
0.18778771,0.23558581
0.78920901,0.89388430
0.75242507,0.64270473
0.02811170,0.35376799
0.93162084,0.95362890
0.86165226,0.95308578
0.35346180,0.49136579
0.98029351,0.96046054
0.75661319,0.69312167
0.91575956,0.94805765
0.81974006,0.81778711
0.80969298,0.84878772
0.74552315,0.85112309
0.82158202,0.73909897
0.86937398,0.89631337
0.77462512,0.54158878
0.05464780,0.11928131
0.86197448,0.79812777
0.76893491,0.79585254
0.69688374,0.81701428
0.83287996,0.83949620
0.55882537,0.89025772
0.73568177,0.65752423
0.82103354,0.75183153
0.87349808,0.84598374
0.84194946,0.89336401
0.91407645,0.92591268
0.66798031,0.20265526
0.95997882,0.91118538
0.92331648,0.87318838
0.29173315,0.39870444
0.88957036,0.95628518
0.92240632,0.93480587
0.86795235,0.68611109
0.74602151,0.80030638
0.58687323,0.58126551
0.89632243,0.89695305
0.62679440,0.67022020
0.50184345,0.55239910
0.62819535,0.85537314
0.73851913,0.94570857
0.86170161,0.87090105
0.45846981,0.34116378
0.87748027,0.91170633
0.81022799,0.75524253
0.68301183,0.78257108
0.91848791,0.71781015
0.65097523,0.55659592
0.25069278,0.23622312
0.91267371,0.90851682
0.63878006,0.69989014
0.87220240,0.82449800
0.50921428,0.36360854
0.64171302,0.74996972
0.83853006,0.98918617
0.35586676,0.58207434
0.81227505,0.79490948
0.91061997,0.89624220
0.54987615,0.72093529
0.36001652,0.47539854
0.73709625,0.71786344
0.46706009,0.30410188
0.94368112,0.92258757
0.86467588,0.85097408
0.83078879,0.97181028
0.94362783,0.97244811
0.58176875,0.74257195
0.88252807,0.83984154
0.94875324,0.95610476
0.92336851,0.89228970
0.91087884,0.95104462
0.48240277,0.48661110
0.73724848,0.23532061
0.93829268,0.94193619
0.89130545,0.94814813
0.76195347,0.76838869
0.87968111,0.91721088
0.82330966,0.71718627
0.86754090,0.87530082
0.65530562,0.80126286
0.84805292,0.87911576
0.90963030,0.87978101
0.72083092,0.76279688
0.57206237,0.59722221
0.78849024,0.77453446
0.79089159,0.83986402
0.22562301,0.33316183
0.93467081,0.92045456
0.14346009,0.16410257
0.84339786,0.87043571
0.94164121,0.94557279
0.94083130,0.89435160
0.91131938,0.87352216
0.84373450,0.78661382
0.91515243,0.93115294
0.23842371,0.33930302
0.89563286,0.96018147
0.84759724,0.88915795
0.58069408,0.62549937
0.28934312,0.42995441
0.87111413,0.86061025
0.79603249,0.82341480
0.79143178,0.61313039
0.90102470,0.85261708
0.91409779,0.93497360
0.92493129,0.93336874
0.86627734,0.92636108
0.72110540,0.70151520
0.34206089,0.43657759
0.86003530,0.89725381
0.84610200,0.89741272
0.76833081,0.92162603
0.93141866,0.96660280
0.82808888,0.87866646
0.84973866,0.92998105
0.87584865,0.94204807
0.39094317,0.40268132
0.97291148,0.96721530
0.94330657,0.82956123
0.95464838,0.93272763
0.42039183,0.28030348
0.83839440,0.84774113
0.62039173,0.66428322
0.86349201,0.85773218
0.90403771,0.83218777
0.79320699,0.67524999
0.91511989,0.86763257
0.74702245,0.45857561
0.72601408,0.55131948
0.72169453,0.57006878
0.87714684,0.91356343
0.14282018,0.35344827
0.77100205,0.68637580
0.80225742,0.85277158
0.39695826,0.51030177
0.91227102,0.86988801
0.91223681,0.89293605
0.53257656,0.51675773
0.92732573,0.91071427
0.86921716,0.91369045
0.83633727,0.76848835
-0.00231367,0.12009080
0.30219439,0.33951929
0.49781400,0.57617915
0.83397615,0.73087358
0.91178405,0.89735472
0.77073032,0.20103613
0.31840140,0.39131579
0.85320950,0.91408473
0.85559869,0.85691029
0.93420935,0.91631782
0.72183663,0.77734041
0.77086085,0.56578946
0.94035608,0.90342987
0.86205113,0.80230767
0.47343719,0.64375412
0.94258893,0.93873984
0.76521426,0.73178452
0.88404703,0.90988481
0.26134640,0.25153777
0.90334088,0.86816931
0.54298502,0.52582270
0.82346129,0.84114772
0.94951153,0.93597382
-0.07557529,0.05177786
0.93492162,0.94183105
0.82457066,0.83697361
0.83007288,0.88469118
0.84539384,0.21718000
0.17726111,0.13375518
0.93728352,0.88863069
0.82139719,0.89505064
0.91148674,0.93717951
0.87102902,0.96428573
0.38586539,0.42815128
0.45589641,0.82392406
0.63454866,0.71136653
0.62461060,0.72151899
0.40056348,0.29105273
0.92039120,0.88285232
0.93126684,0.95917141
0.91653109,0.88766891
0.78102475,0.75831223
0.91333324,0.94079292
0.44405812,0.27233332
0.88663948,0.92894202
0.80181617,0.74482477
0.73001832,0.68835163
0.58521986,0.69626689
0.67966586,0.76337951
0.54760420,0.52755839
0.05909210,0.48439011
0.88207847,0.81957686
0.72162402,0.64755809
0.73456252,0.69263530
0.92265481,0.93752217
0.44510165,0.59006566
0.53228331,0.81194216
0.59973735,0.55855328
0.86407244,0.92853534
0.34683019,0.31734344
0.89833236,0.92831528
0.63853836,0.72871143
0.91473055,0.90732759
0.94983399,0.91167587
0.89176011,0.89145327
0.77900553,0.60457516
0.53884989,0.55800653
0.55335224,0.51890302
0.88676471,0.91044778
0.85253948,0.80315363
0.90760690,0.93414629
0.42393804,0.30079299
0.90033305,0.86599702
0.85783648,0.84880590
0.34175068,0.32693663
0.84473598,0.79857057
0.43190894,0.81092477
0.93133450,0.92455530
0.49442494,0.51497561
0.74241656,0.89615589
0.53604090,0.40874887
0.90642786,0.89347422
0.87082440,0.88959527
0.89485991,0.89362514
0.85173017,0.94016254
0.91725838,0.70615774
0.69953340,0.74715853
0.70968622,0.77799922
0.40748537,0.38993159
0.75148481,0.88015294
0.79490674,0.73414218
0.87651992,0.91260988
0.60784477,0.58093786
0.34706432,0.32032537
0.90084708,0.91386050
0.88302183,0.83528072
0.91914850,0.90238804
0.83141786,0.86159825
0.66500366,0.55233061
0.56158793,0.84287149
0.89941740,0.95948678
0.67343795,0.78245258
0.65789825,0.85784400
0.80990946,0.82536179
0.38250780,0.40037879
0.38437283,0.37431037
0.87856942,0.82199389
0.92898780,0.53693014
0.74609607,0.78574461
0.30934805,0.22848853
0.90663087,0.82250047
0.69420201,0.73024690
0.90314311,0.89206827
0.87003410,0.92170960
0.51860428,0.44967532
0.82393384,0.92603070
0.51719725,0.51326311
0.79096961,0.78067976
0.82471400,0.88254195
0.56181115,0.77216905
0.81541491,0.94628650
0.83690828,0.84378111
0.87346822,0.84498900
0.69204259,0.65070677
0.89075893,0.87078249
0.87978232,0.88635421
0.84108424,0.87408596
0.67122936,0.68906432
0.59343660,0.49958915
0.89180708,0.91602910
0.87518466,0.84021819
0.72072560,0.78692722
0.63720179,0.58999157
0.82152104,0.84815788
0.78749776,0.84443849
0.69800609,0.78091633
0.66060001,0.84737122
0.21959490,0.17152122
0.45410231,0.54855615
0.94787955,0.94437683
0.92179227,0.92429012
0.60799271,0.55621076
0.84197956,0.81466025
0.87399018,0.80726790
0.90851188,0.78682929
0.91712165,0.94617754
0.90276372,0.88148147
0.57153881,0.67054486
0.74940926,0.85064381
0.87580454,0.92771083
0.83023804,0.75047678
0.95438600,0.95686454
0.81619966,0.87358367
0.20019192,0.23834726
0.59238040,0.77629673
0.84286612,0.89035308
0.84543014,0.97187579
0.93793029,0.90651137
0.64668489,0.90096408
0.57729208,0.53995329
0.93329346,0.98958331
0.83059800,0.76987988
0.92465425,0.91929823
0.65758455,0.66241825
0.69766617,0.64942288
0.89509529,0.89044762
0.43790281,0.67610937
0.83363771,0.72676283
0.79505920,0.76720375
0.85981500,0.83216292
0.91392326,0.90534341
0.91850233,0.96796197
0.86909920,0.87003565
0.76089668,0.63031000
0.93339074,0.92950636
0.89040089,0.88743019
0.90396428,0.87090665
0.85198373,0.70694989
0.93189842,0.97563297
0.80049109,0.79623288
0.89776790,0.88405353
0.44013882,0.49265650
0.89459980,0.99444443
0.79551244,0.79036933
0.72581565,0.70986301
0.92109382,0.92288488
0.45000806,0.30756614
0.53440130,0.68696600
0.79182947,0.86625421
0.37257844,0.35050800
0.50515544,0.46106213
0.57722002,0.44303864
0.90697318,0.87660164
0.79760784,0.83545738
0.87630355,0.85069126
0.84548765,0.81162632
0.48132142,0.57950193
0.69484580,0.73750222
0.94406724,0.95530301
0.94339359,0.95363468
0.22685510,0.32808661
0.46633276,0.55121565
0.90740108,0.92689967
0.84921515,0.90217435
0.92872554,0.88427126
0.59506613,0.65315610
0.90510535,0.87675571
0.69967437,0.66503936
-0.03175694,0.11494103
0.61320996,0.67119473
0.79146194,0.79233122
0.59888327,0.66094005
0.85944837,0.93963963
0.68573910,0.69750714
0.85697860,0.85764241
0.43450204,0.52840298
0.49250686,0.73471564
0.84496945,0.89596272
0.51282990,0.35766375
0.72000194,0.63896549
0.41941249,0.40296757
0.83976042,0.88704634
0.44504827,0.45070335
0.83515704,0.83443046
0.54912663,0.47934622
0.68659741,0.67756408
0.93612599,0.93684494
0.49924240,0.56713766
0.80718154,0.90593648
0.60594553,0.70142967
0.48516521,0.50965667
0.71945256,0.88671875
0.52239436,0.52885211
0.87135553,0.83463115
0.53130013,0.34641609
0.91280580,0.82876712
0.86225307,0.91406453
0.55082136,0.30129331
0.20459688,0.63616073
0.30379066,0.04845155
0.83790708,0.88600469
0.69588113,0.61904764
0.60916805,0.45204136
0.76195043,0.81475151
0.68589085,0.90451390
0.10449088,0.22177146
0.22783127,0.29945654
0.84960949,0.68983757
0.88682079,0.91415662
0.87837702,0.87006044
0.52915019,0.80337584
0.91429824,0.96874243
0.90480936,0.88009894
0.85008073,0.85188872
0.95492184,0.93316805
0.92042309,0.90077287
0.75233620,0.80911100
0.12683403,0.11408894
0.78678548,0.85279375
0.90344948,0.93032849
0.93070090,0.91492677
0.76027822,0.90733528
0.78380549,0.81771487
0.87027991,0.91498768
0.87221909,0.95652425
0.92098868,0.90646917
0.58605278,0.64652777
0.68317890,0.58315706
0.93873560,0.85891318
0.76697743,0.69257730
0.93886441,0.94185799
0.83557212,0.88832200
0.65045893,0.85598040
0.84394372,0.78168249
0.84834731,0.90263158
0.78972358,0.83303654
0.87066102,0.91967493
0.68057513,0.71624804
0.88430476,0.80990237
0.89696288,0.90912700
0.79360473,0.80256462
0.68855226,0.59552443
0.26456764,0.23681186
0.54544199,0.50253379
0.54672855,0.54191619
0.22626764,0.18189681
0.61286288,0.42438155
0.74381316,0.72044647
0.82473952,0.91439730
0.92357087,0.91684574
0.90377945,0.92506206
0.19630164,0.24160588
0.36483741,0.27595365
0.92083418,0.85697168
0.67801070,0.66573411
0.76794153,0.89220566
0.61696237,0.47112080
0.67535675,0.48271435
0.75804937,0.77254188
0.91130567,0.96651059
0.83284372,0.72334933
0.93583822,0.64689296
0.34450912,0.72345650
0.11050826,0.18042041
0.87184465,0.60098600
0.63636458,0.49399674
0.72886533,0.71402138
0.94747961,0.94178361
0.37301165,0.29500368
0.90691656,0.90296113
0.14651787,0.05136472
0.92388535,0.94964486
0.37757778,0.47654912
0.55399626,0.55289757
0.91221458,0.81119543
0.85743487,0.90784472
0.94412529,0.89685374
0.73866761,0.67636144
0.67052609,0.40288460
0.48153657,0.42986614
0.95067942,0.98393756
0.57087123,0.61065215
0.70056397,0.65012896
0.91009033,0.95646000
0.53950083,0.50420672
0.92078805,0.87978321
0.96127188,0.92094803
0.70470834,0.66511738
0.53109729,0.60660034
0.17761296,0.44250327
0.88961053,0.89464885
0.95176315,0.92523944
0.93210351,0.94815439
0.82808304,0.88486564
0.84799707,0.83461541
0.85838968,0.87142307
0.76080322,0.83375567
0.53042233,0.56789601
0.78256017,0.84102881
0.87580574,0.85782647
0.74304265,0.67394406
0.94587272,0.95129144
0.81670547,0.59579164
0.89347053,0.87803340
0.87581247,0.86035794
0.67683858,0.66070873
0.67945218,0.82681078
0.68542957,0.67062145
0.59556293,0.58097559
0.40901640,0.39346027
0.23060179,0.34014612
0.32710201,0.21975319
0.69395363,0.59207392
0.76709872,0.87201297
0.75993180,0.78771836
0.75318015,0.70762616
0.64625251,0.67272651
0.85017610,0.87387979
0.82354802,0.96345621
0.53859639,0.42077038
0.42736214,0.15829608
0.94920218,0.91199678
0.93459857,0.95495719
0.35939842,0.35403588
0.67048633,0.66532016
0.83382648,0.92055923
0.57279575,0.91490322
0.93161267,0.97001278
0.87947619,0.88018858
0.87267578,0.93117476
0.93541992,0.95382863
0.87139511,0.86244410
0.71307218,0.73442101
0.92388356,0.91228068
0.81917155,0.93927830
0.56987464,0.46267676
0.58238482,0.70179617
0.93453884,0.91501409
0.92612600,0.91996789
0.55414814,0.54710144
0.31395030,0.31135127
0.91939980,0.93886197
0.92415416,0.90465760
0.88946414,0.94040430
0.57970083,0.66389376
0.83397204,0.82772726
0.93931228,0.91983473
0.36788577,0.39805523
0.91612220,0.87549829
0.74911809,0.66744733
0.88698733,0.79849559
0.85681224,0.85115749
0.55702043,0.81344086
0.88808572,0.87896824
0.82659036,0.66121429
0.61072826,0.55836362
0.61596584,0.51431823
0.94822806,0.87147808
0.95391262,0.91590399
0.91012967,0.90799302
0.95641708,0.85250485
0.93422198,0.96512985
0.93316889,0.95205468
0.88449186,0.91211528
0.57570183,0.65570402
0.86388826,0.75059289
0.94621241,0.72716153
0.80626106,0.57137841
0.80972278,0.76650643
0.92853451,0.91661173
0.59708411,0.76482922
0.72964489,0.74185425
0.38377023,0.31294981
0.93428355,0.96527582
0.90096080,0.85145080
0.86884558,0.80889010
0.66071755,0.76749974
0.40145060,0.41971815
0.85543555,0.84762043
0.76037228,0.87377679
0.41441438,0.40974379
0.47493324,0.66561794
0.88454747,0.82890910
0.75313646,0.86212122
0.78984541,0.68294156
0.13193423,0.31551424
0.80203396,0.72432435
0.71804541,0.87636930
0.86984074,0.89229268
0.48598367,0.70499414
0.95302677,0.94096440
0.72215438,0.69155443
0.53201663,0.42263299
0.83697391,0.78516775
0.82777888,0.73881149
0.50602388,0.26188931
0.84528315,0.92157781
0.73638409,0.71014494
0.59895486,0.63020581
0.29820311,0.46329337
0.60055059,0.48507112
0.69469589,0.77320921
0.55427778,0.51368695
0.95474356,0.95154363
0.82822859,0.82196611
0.23853180,0.31492946
0.84385836,0.86184406
0.87377048,0.91306508
0.79111457,0.81522924
0.41200453,0.29763985
0.90250564,0.91791171
0.87691033,0.84123367
0.88382435,0.86639059
0.63253337,0.70728254
0.36549395,0.50532764
0.69297439,0.75413793
0.76696187,0.79802209
0.33993089,0.06908450
0.46817067,0.46709225
0.46585172,0.48625547
0.71110916,0.91732252
0.89761209,0.91885495
0.52626109,0.35408440
0.84804696,0.91003817
0.69013524,0.76037735
0.57189047,0.57758534
0.96245670,0.90748078
0.94319242,0.92078489
0.64799261,0.43711427
0.89822787,0.89867485
0.49184948,0.58305603
0.66683275,0.66135561
0.44431531,0.60321182
0.69923729,0.78839141
0.81700975,0.87336266
0.91780591,0.91758722
0.86602932,0.82968795
0.96527272,0.94885772
0.74464202,0.74861449
0.92736524,0.87827450
0.81460541,0.85758328
0.79340076,0.82503259
0.82057905,0.79437703
0.75234276,0.77544993
0.84142292,0.96475953
0.94819367,0.88080531
0.86683369,0.93811256
0.41467881,0.53290743
0.91692829,0.88905644
0.81201714,0.82162529
0.87671191,0.82956201
0.52453715,0.54464805
0.79965222,0.85636365
0.92509460,0.93567741
0.54979730,0.62207139
0.76745474,0.75282866
0.77706742,0.83056438
0.65771848,0.60219049
0.56680501,0.59485096
0.72689259,0.92739350
0.38887376,0.36347941
0.90534133,0.93956929
0.57880020,0.58518565
0.16980225,0.31247404
0.88036579,0.84383649
0.65606701,0.60194921
0.89613712,0.90385151
0.90049767,0.91632074
0.81415629,0.79541570
0.85472739,0.92923933
0.90024430,0.87799019
0.88186789,0.91084057
0.48888168,0.60825026
0.70007509,0.80930573
0.53610694,0.44092557
0.92769504,0.93097347
0.92527682,0.94509882
0.85675400,0.82213134
0.73582399,0.79500026
0.71940440,0.73055553
0.60641080,0.65812683
0.78547084,0.89912975
0.71855211,0.60179102
0.72434348,0.67281604
0.65671790,0.68463725
0.88344133,0.98814118
0.40518421,0.46337771
0.69091219,0.68644661
0.81912285,0.84266508
0.73632574,0.79233730
0.79989594,0.84904999
0.46819174,0.62392473
0.86591202,0.87537408
0.85748065,0.86046410
0.85136181,0.92244172
0.73064554,0.12338441
0.87471557,0.92666966
0.91857672,0.89816177
0.88741660,0.92510438
0.85835570,0.78233039
0.80592060,0.88588852
0.72723222,0.63951617
0.90436071,0.89922249
0.50334263,0.43105555
0.54062438,0.26039925
0.67526174,0.57132524
0.29217619,0.52865130
0.24000239,0.34113720
0.91081148,0.85555959
0.55763197,0.68694735
0.86688215,0.94155842
0.48248866,0.67960298
0.95132643,0.98026317
0.69759870,0.71152312
0.30859834,0.11945333
0.90663046,0.91170597
0.93170393,0.94761902
0.91018391,0.87409574
0.52122289,0.63698959
0.89131665,0.91972297
0.62581289,0.60412472
0.03925139,0.17510287
0.62755775,0.65124583
0.92099512,0.94237727
0.84256357,0.81131107
0.90124440,0.85678673
0.89078635,0.89682353
0.83314967,0.68675578
0.81697053,0.69969225
0.84835428,0.89197922
0.94774270,0.93751657
0.51275682,0.52735651
0.77254868,0.67539680
0.83953661,0.81089741
0.95398533,0.93118787
0.33350793,0.23821059
0.74735570,0.88850033
0.30721122,0.29759315
0.89530981,0.98387098
0.88959956,0.68531996
0.91266549,0.90717655
0.74509859,0.63645130
0.64854759,0.63410997
0.75267357,0.56390709
0.42611235,0.38640112
0.55478436,0.59971195
0.63179600,0.81190509
0.40831280,0.77822804
0.94441569,0.94847524
0.60359764,0.50519210
0.88552058,0.93418801
0.94773471,0.94858783
0.86641037,0.86462289
0.89175487,0.93756014
0.85026401,0.81495655
0.39632156,0.48136434
0.59721041,0.37597519
0.61638659,0.70359051
0.59227979,0.62592953
0.62272966,0.51125449
0.46671313,0.54233509
0.91595280,0.87815273
0.15352792,0.49069935
0.84265953,0.90702724
0.90857869,0.93976974
0.89165545,0.93013632
0.86827207,0.91496599
0.43509939,0.46256721
0.52465445,0.81667751
0.54756254,0.61455625
0.87864482,0.86431748
0.89876449,0.92088908
0.96826726,0.95627242
0.39338237,0.35047990
0.41798505,0.27582550
0.87937367,0.89698404
0.51905477,0.49309525
0.48501301,0.59674865
0.82152236,0.90041858
0.75197327,0.84657222
0.67290807,0.74964249
0.78699124,0.84259510
0.96241844,0.92773968
0.83854413,0.86005497
0.44568932,0.43663746
0.50200737,0.65562260
0.80747718,0.77084839
0.87048113,0.88929200
0.69267899,0.56137246
0.72169107,0.95222330
0.87442636,0.93880033
0.66200089,0.61130273
0.60285491,0.66463548
0.60985345,0.57126212
0.68742019,0.81140125
0.89604986,0.87110692
0.61082655,0.51611155
0.70069152,0.82379520
0.87785989,0.92742449
0.74988985,0.86062193
0.94961071,0.87861025
0.66851336,0.76460183
0.65577936,0.62398291
0.78569865,0.88543117
0.76797998,0.65755576
0.61831218,0.71240228
0.87762743,0.88966560
0.60311455,0.61563998
0.25450903,0.27041593
0.88076329,0.82627690
0.44269758,0.36762342
0.28369600,0.70276552
0.78202754,0.76733917
0.30509892,0.50571364
0.91075957,0.89392662
0.82580590,0.70371163
0.90489960,0.92180008
0.91492778,0.95222223
0.91549194,0.97394812
0.84517431,0.87787205
0.37675995,0.26346931
0.78375894,0.60044956
0.90153784,0.88773692
0.94024891,0.94300526
0.59723270,0.65546620
0.89598417,0.88994503
0.93135381,0.94645202
0.85646582,0.85202897
0.87993675,0.84666324
0.94947976,0.92938083
0.63444555,0.65601927
0.61183608,0.79284823
0.75742525,0.86666667
0.53646630,0.49213353
0.90336269,0.90919971
0.23853999,0.37278584
0.63740861,0.61247760
0.93082058,0.98069954
0.91713083,0.89074618
0.82899088,0.92161173
0.74019212,0.78991175
0.55008805,0.50117564
0.91233552,0.92743641
0.93645614,0.93714100
0.56069613,0.62839681
0.83084798,0.86453646
0.64387178,0.51834238
0.55701292,0.51592159
0.89769763,0.91337049
0.76795757,0.84103644
0.21089041,0.26368701
0.95661008,0.94897270
0.74008387,0.86834514
0.82988751,0.83479828
0.39143676,0.32072389
0.90291601,0.91436714
0.81069946,0.92822248
0.86273444,0.66482651
0.78176707,0.87753588
0.96500778,0.95978361
0.88918638,0.88037038
0.78904021,0.82229638
0.85312533,0.81553066
0.90721315,0.90870708
0.23404175,0.22173683
0.75427622,0.81991667
0.87730771,0.88727701
0.88837564,0.97264469
0.89268965,0.88453460
0.42675501,0.39998743
0.83389395,0.72426903
0.32204956,0.37020344
0.61118239,0.62159497
0.85260260,0.80033547
0.88309008,0.87703180
0.82359380,0.72613961
0.94086123,0.91932911
0.82796878,0.80875707
0.89807898,0.96621388
0.85396898,0.73590565
0.45479488,0.53175282
0.84715068,0.95569479
0.61986911,0.85787910
0.87294185,0.91462767
0.85386026,0.84964156
0.86071295,0.92041367
0.47911790,0.43037850
0.68914759,0.65663856
0.28966093,0.34939492
0.94032919,0.91933256
0.74140835,0.79794973
0.87313098,0.24443860
0.19399041,0.19908604
0.90949714,0.92154646
0.75352919,0.79469872
0.60037804,0.67562401
0.82212174,0.79151249
0.64201623,0.66866726
0.76982021,0.84853733
0.47671157,0.66561460
0.74722564,0.81181318
0.18971449,0.16883211
0.59114909,0.69151980
0.94375592,0.94042695
0.76940179,0.57627106
0.45181155,0.52826089
0.92088401,0.93764573
0.92212522,0.87558526
0.34787828,0.41945186
0.53409159,0.40059206
0.91289079,0.93563622
0.85493660,0.81188291
0.14168358,0.14387700
0.55171382,0.67460316
0.77653414,0.75912517
0.69574887,0.69298339
0.93877226,0.92375308
0.81311655,0.94433659
0.64494449,0.33902389
0.90616608,0.88370687
0.50291562,0.60963219
0.80557442,0.91833335
0.41707510,0.58405799
0.83098245,0.75930297
0.90061009,0.87258023
0.93883717,0.93895632
0.45020804,0.43178505
0.49928492,0.38442686
0.69205058,0.56603146
0.37531102,0.71205699
0.43734103,0.32590580
0.94073510,0.88000000
0.11270797,0.09435582
0.95784390,0.93921590
0.88527530,0.94690579
0.87509555,0.86420643
0.76827300,0.86055839
0.89979744,0.82858294
0.80002087,0.91889256
0.85555589,0.79470009
0.49297860,0.47681984
0.89298582,0.91692543
0.75342840,0.76311851
0.54153615,0.53652096
0.57094920,0.43902439
0.93306190,0.92598152
0.32758871,0.14750355
0.03036600,0.12500930
0.87478930,0.94349796
0.73327214,0.90295762
0.94587761,0.93720138
0.90902972,0.90058959
0.08462018,0.21902834
0.46768522,0.37369376
0.53224546,0.24889717
0.90743673,0.96393663
0.61204416,0.78216499
0.82994086,0.79706925
0.13124281,0.23380351
0.86870557,0.80832392
0.75649846,0.81209868
0.76533657,0.72360629
0.85687959,0.93560302
0.38818160,0.42252624
0.72336012,0.76539201
0.83516085,0.97972971
0.81977499,0.96800590
0.78192425,0.77814007
0.69281983,0.67242688
0.66631711,0.55221295
0.74658805,0.48824480
0.00095743,0.07052541
0.87946337,0.89690268
0.91569662,0.92507643
0.34412196,0.54578048
0.90570867,0.91136366
0.90600860,0.91526860
0.83321637,0.88864428
0.28609627,0.31234205
0.75692445,0.68848288
0.90647125,0.90304595
0.42933670,0.56129384
0.81675309,0.84524548
0.39273691,0.30743930
0.31620932,0.52422714
0.87849331,0.71524698
0.54508704,0.64460522
0.84520388,0.90030444
0.94137061,0.94745803
0.91891921,0.88062829
0.89012218,0.92783791
0.91034913,0.92027003
0.12755138,0.17943431
0.60171449,0.95145631
0.90851498,0.93441278
0.59883529,0.68503690
0.94454491,0.87123710
0.78430301,0.88809526
0.76595199,0.69953054
0.71138012,0.81813127
0.40560651,0.37159628
0.42981294,0.29625952
0.31407124,0.28532243
0.85409725,0.85054159
0.71898568,0.92562938
0.80600530,0.87106997
0.89026713,0.84478593
0.75763315,0.73150969
0.92919469,0.92903388
0.83694386,0.76272196
0.14800155,0.08568238
0.69143289,0.76789194
0.65106803,0.81197923
0.44434771,0.48532185
0.89373857,0.79078865
0.77059454,0.65116352
0.89587545,0.96470785
0.46656519,0.55118233
0.74748760,0.78396225
0.84024864,0.77738202
0.79476637,0.86583269
0.84133863,0.84166664
0.82866395,0.70324481
0.94327080,0.94711012
0.73867404,0.85160482
0.93292546,0.93683344
0.78863090,0.58848786
0.84736425,0.88028342
0.91887927,0.84917581
0.69392645,0.70565295
0.40661985,0.41524440
0.47895810,0.54964250
0.80907655,0.69148803
0.72281677,0.95602828
0.86229801,0.83180285
0.63756227,0.79387879
0.23566371,0.47865498
0.72304428,0.90606135
0.89702713,0.95982093
0.86921275,0.81467670
0.88446057,0.78690267
0.24891698,0.17064413
0.84004164,0.84632868
0.91839862,0.93790323
0.86471152,0.85245901
0.72998059,0.47078872
0.91724390,0.84759617
0.44877326,0.76904571
0.81819922,0.67385155
0.70031238,0.73476619
0.79145819,0.88548368
0.68698758,0.70113432
0.83312583,0.84885603
0.90623927,0.90338469
0.90822524,0.82758075
0.57507193,0.52502859
0.67639035,0.65216792
0.50466502,0.62694097
0.88780308,0.83595008
0.87410456,0.93602693
0.91728622,0.83276290
0.93364978,0.85947710
0.75383151,0.79183537
0.93378735,0.95738298
0.42622524,0.66735572
0.47788036,0.64438772
0.50717449,0.56597847
0.69926137,0.64929682
0.63647032,0.61122042
0.67808568,0.66178775
0.73500735,0.65776700
0.87803590,0.89681071
0.78919905,0.76346344
0.91273075,0.95932311
0.91968960,0.92198241
0.38898194,0.48826945
0.07744712,0.10680799
0.66657484,0.68948412
0.34563941,0.29136214
0.90147924,0.97972971
0.86821955,0.80772376
0.75556564,0.76360542
0.90984821,0.84191996
0.79647899,0.77688491
0.78091991,0.78312802
0.89162713,0.84217387
0.90657079,0.90997022
0.94736081,0.90726715
0.93287802,0.93198651
0.91130424,0.81842673
0.86892915,0.79706222
0.77935326,0.80172646
0.33887994,0.31707820
0.91218305,0.95548791
0.73087370,0.86841512
0.82804102,0.84227818
0.87326622,0.84136605
0.83005190,0.84452415
0.88276356,0.83379704
0.72279227,0.80149972
0.51511103,0.48747450
0.94561970,0.98148149
0.82984436,0.87855417
0.74405950,0.64632630
-0.03028625,0.13333993
0.41850364,0.59449309
0.69182158,0.80787051
0.46623597,0.39782366
0.81807339,0.89029396
0.76501358,0.83938628
0.43451017,0.47833067
0.74320889,0.68499780
0.47284606,0.60607290
0.92079520,0.93123323
0.92715895,0.86792201
0.88115561,0.88176209
0.51951152,0.62249100
0.85195959,0.87446427
0.80300593,0.85988402
0.73788756,0.83945477
0.90969765,0.92678893
0.67366636,0.45893669
0.75875998,0.76620084
0.67326760,0.65751547
0.90785593,0.86638761
0.94914067,0.93196636
0.93860388,0.91527689
0.53241688,0.43201447
0.59978384,0.69329590
0.84035283,0.82569033
0.92024267,0.90167713
0.96256787,0.93781269
0.53199828,0.99166667
-0.01386732,0.07119388
0.81005567,0.91083103
0.81581092,0.85227573
0.26332724,0.22015037
0.44758850,0.33580360
0.76620048,0.71583664
0.76134902,0.69845706
0.85030413,0.93265718
0.73448795,0.74616790
0.26131761,0.17975725
0.48330298,0.64841282
0.52212673,0.58648145
0.64203978,0.76639825
0.52035427,0.58259737
0.72754312,0.57789510
0.72297019,0.73101193
0.86430800,0.88887489
0.94353616,0.92653334
0.84847593,0.77204609
0.91851807,0.94158655
0.73310566,0.73460716
0.93069118,0.85845518
0.95033801,0.96074772
0.76684994,0.76332963
0.93365848,0.92130870
0.66122746,0.63106823
0.74409521,0.86904764
0.78916061,0.62137681
0.62004352,0.69717968
0.67467123,0.62352329
0.89276016,0.19285475
0.77264977,0.93114913
0.73959696,0.67452687
0.92204940,0.93856800
0.32923853,0.34905660
0.73118389,0.75569052
0.64802003,0.56770831
0.87716901,0.92663145
0.91467750,0.94022715
0.75721669,0.67264873
0.96750581,0.88423645
0.76245940,0.86261904
0.68140727,0.60852438
0.73897183,0.53065002
0.51546991,0.68030012
0.52889407,0.47194296
0.90029693,0.93220341
0.87274820,0.89097673
0.72091544,0.66884613
0.86734712,0.88850945
0.83648187,0.88932097
0.15691406,0.16695653
0.52949345,0.61830258
0.73196214,0.67327338
0.57640994,0.85753751
0.56523359,0.53779238
0.67922139,0.86649662
0.93598241,0.89299858
0.92467082,0.96202534
0.61971468,0.57181078
0.56271708,0.60144925
0.88474065,0.85056043
0.81416798,0.78023899
0.92919815,0.91588992
0.22728634,0.28081399
0.72643441,0.75372505
0.73648334,0.80725032
0.76859391,0.72609496
0.87997878,0.98553824
0.75724941,0.78690523
0.81440133,0.88962543
0.11704111,0.12251612
0.93258792,0.96561623
0.78141916,0.81306690
0.93487746,0.93226063
0.83490252,0.90780938
0.89070582,0.95410550
0.42576873,0.50064051
0.83061177,0.17005523
0.74532038,0.67373949
0.85592031,0.94060165
0.86047357,0.84559554
0.29348251,0.26626548
0.94065440,0.94038880
0.89581829,0.93379462
0.90011227,0.86828297
0.87716430,0.93649572
0.89695233,0.87033379
0.47344664,0.30239484
0.53068626,0.75320405
0.68255323,0.64618421
0.80215448,0.80412138
0.71145749,0.84704185
0.94648266,0.96123320
0.93805605,0.99000001
0.76062059,0.79330862
0.86890709,0.84130782
0.62277073,0.56824267
0.92519879,0.93353629
0.89810300,0.94065863
0.63526893,0.83396387
0.94560349,0.86737651
0.94336921,0.93076921
0.83056116,0.81203127
0.89840978,0.91948223
0.91693228,0.96731538
0.58291900,0.66242820
0.54236102,0.50470990
0.93291903,0.95643938
0.58931983,0.72128850
0.88478065,0.84586579
0.65476179,0.76629037
0.80212009,0.91518635
0.82656008,0.65751314
0.73647511,0.86267960
0.93475091,0.92284340
0.79148376,0.71982896
0.38151473,0.44666255
0.76521891,0.80244207
0.45108843,0.55172747
0.91643918,0.89200079
0.73413181,0.57812291
0.69454390,0.70387191
0.71073419,0.35829931
0.80044127,0.78926712
0.56986767,0.62279826
0.66568172,0.63501704
0.92417049,0.95910424
0.39432728,0.80791867
0.56735420,0.37608716
0.84883416,0.60309088
0.37909356,0.67371470
0.91439706,0.80536258
0.74424851,0.70601851
0.80249488,0.77915603
0.51020014,0.49406329
0.62260574,0.89151007
0.94079649,0.94268775
0.83425319,0.73738050
0.88957584,0.92052633
0.84854293,0.83014584
0.62452871,0.46121386
0.85480523,0.83173078
0.87942231,0.88455808
0.63034314,0.66780853
0.87551343,0.95223755
0.88000488,0.83463120
0.68528712,0.56047386
0.80456907,0.71757340
0.32756621,0.27852824
0.17178261,0.19048506
0.62629819,0.73409849
0.88110739,0.93607050
0.65152276,0.67824072
0.16180903,0.52498394
0.48810613,0.47280738
0.82857448,0.77034056
0.68236613,0.58825344
0.56659800,0.51538432
0.43889743,0.48177847
0.46426821,0.58467114
0.83684701,0.90775782
0.91452992,0.92439532
0.76941359,0.67871708
0.63473308,0.68213701
0.66150254,0.80082154
0.59170347,0.75862384
0.39477292,0.33779141
0.93964410,0.98343235
0.88349682,0.88749582
0.66701645,0.73438913
0.79773223,0.72330016
0.61434799,0.67253858
0.81158102,0.87918276
0.16059935,0.28183806
0.94842160,0.97442567
0.76385283,0.69661677
0.92029667,0.94012767
0.90460938,0.92631358
0.86885643,0.88204587
0.89542508,0.93467259
0.31116349,0.41041511
0.89787364,0.91388887
0.85548693,0.84910339
0.93515170,0.96799505
0.83162618,0.92860109
0.79631412,0.83098817
0.90739125,0.93587887
0.94429445,0.96623707
0.87211728,0.91050261
0.79819983,0.90038919
0.65830719,0.86312574
0.87642765,0.82508343
0.87551236,0.88796860
0.38530058,0.39896694
0.33787301,0.33061740
0.72192401,0.88319206
0.36270776,0.41717896
0.42367619,0.55536669
0.92211306,0.90886855
0.89136964,0.57984751
0.93570882,0.90169120
0.85393900,0.81267005
0.89330721,0.94749999
0.88078320,0.84824699
0.89591801,0.91906285
0.78720963,0.81047422
0.94512951,0.97802615
0.67798340,0.91478366
0.54380178,0.44305736
0.65677857,0.78115833
0.88500571,0.94915253
0.82854152,0.87132651
0.58346850,0.69052649
0.75092053,0.76175255
0.63517433,0.71315020
0.60276628,0.58285314
0.58635521,0.52807713
0.92921281,0.98107141
0.43077159,0.65546507
0.51734275,0.44111520
0.62357861,0.56628370
0.69998407,0.73233843
0.93242550,0.96042806
0.61222768,0.55050504
0.75340199,0.66516650
0.86890525,0.86129528
0.85851651,0.82908076
0.69953108,0.74611723
0.70417267,0.76525813
0.63348526,0.90927100
0.60354197,0.60400087
0.71211141,0.94416016
0.82632357,0.66264325
0.83334291,0.09637783
0.95451134,0.96862489
0.71465486,0.80731523
0.89462948,0.92791831
0.53214014,0.55941457
0.59858716,0.60825813
0.90192139,0.86800700
0.94415927,0.97567004
0.72775191,0.66535783
0.78186232,0.72670645
0.90265661,0.86571139
0.84754682,0.91038311
0.79177910,0.59109044
0.78103840,0.82247573
0.40907475,0.45888653
0.92522556,0.91079795
0.43192962,0.49548846
0.88517815,0.89794171
0.16570908,0.11910129
1.00016975,0.89069951
0.07278651,0.15725546
0.87035817,0.96538460
0.91800064,0.94564301
0.83976865,0.71695369
0.85758984,0.62296212
0.53947437,0.53124499
0.81857133,0.65715879
0.77711415,0.66834688
0.39924920,0.21868169
0.55636966,0.55416667
0.57655460,0.43706784
0.79150105,0.80063033
0.93321401,0.90268874
0.69524384,0.60752630
0.49511963,0.61615503
0.42472738,0.37033582
0.49445367,0.61427045
0.92515033,0.97887844
0.83706129,0.90608376
0.55180311,0.56728727
0.95761621,0.97202671
0.44205773,0.35575166
0.92372370,0.92224234
0.56831604,0.63843971
0.35778570,0.30286923
0.88935572,0.91054130
0.70506328,0.68342865
0.22746894,0.28797027
0.25780562,0.20291358
0.88872373,0.86948252
0.73975050,0.91682285
0.92926645,0.78800392
0.89941204,0.87119436
0.41182685,0.43287298
0.76786506,0.70836127
0.15596986,0.32228628
0.86630601,0.86419630
0.11040491,0.16025908
0.62842882,0.74384892
0.76475191,0.81542057
0.74268144,0.58880627
0.81293279,0.76590323
0.91882277,0.99206346
0.71832383,0.77681589
0.60264909,0.50917512
0.82793576,0.85952008
0.68112469,0.63465470
0.91208827,0.88424534
0.84062594,0.63328665
0.97601938,0.94574910
0.11587042,0.11811777
0.94845968,0.91740221
0.88775373,0.90386921
0.92216933,0.94970340
0.92554802,0.87843370
0.42834458,0.39732978
0.84779429,0.84708250
0.71077639,0.80015755
0.43655527,0.55821848
0.90322870,0.39024442
0.66911328,0.84693062
0.72113824,0.69758278
0.75840092,0.93098426
0.83537591,0.82907850
0.87513912,0.99166667
0.86754602,0.97223514
0.20824930,0.24435264
0.55469877,0.42901236
0.91448915,0.82156307
0.20006573,0.35357124
0.82187504,0.92150867
0.69666690,0.56147814
0.37849361,0.23245470
0.56077027,0.48848704
0.93365163,0.92389894
0.96991348,0.95277780
0.76231629,0.76972771
0.70837992,0.67172754
0.91405964,0.84837419
0.87872088,0.82475513
0.56806326,0.23030707
0.76977879,0.82152689
0.71106589,0.76228070
0.22972172,0.28620270
0.69232523,0.66100800
0.64721453,0.86522591
0.49745801,0.36501867
0.89788014,0.94780713
0.61436015,0.69999999
0.89785814,0.85361654
0.80286491,0.97650141
0.50959331,0.64468789
0.46950895,0.61029834
0.75281239,0.73559529
0.89069229,0.93532604
0.74172950,0.70510715
0.87898707,0.90939397
0.88684070,0.91705018
0.88338840,0.85875821
0.09760195,0.34002978
0.76256692,0.95213205
0.92911494,0.98165137
0.42240578,0.30604681
0.14345002,0.25812802
0.82496279,0.82496858
0.64880300,0.51854765
0.65191144,0.76430041
0.83657241,0.93725395
0.23939270,0.33801779
0.66580433,0.63362235
0.51361799,0.50731504
0.68426383,0.62807781
0.76056600,0.87558323
0.84093350,0.94364434
0.90150332,0.75039101
0.68693376,0.74451780
0.93129945,0.86319327
0.35649270,0.38241962
0.71534514,0.81843013
0.89880526,0.86405939
0.73242742,0.86405599
0.54561025,0.43701848
0.92922336,0.87335420
0.71358645,0.50978321
0.89729136,0.81202036
0.86115813,0.88600940
0.52828199,0.50539047
0.86771250,0.85573643
0.90101504,0.91987669
0.87714410,0.88797641
0.50624275,0.70683777
0.70905358,0.79020047
0.77346098,0.73596215
0.90414727,0.94090211
0.91151547,0.94067794
0.95386446,0.95086616
0.63916147,0.59285712
0.85838079,0.86079091
0.51510423,0.49104384
0.81227803,0.81961870
0.73527950,0.82330829
0.87278795,0.87552047
0.76815665,0.78884101
0.84517819,0.79976088
0.81266975,0.82835734
0.76768029,0.71350086
0.80508083,0.86343962
0.73838884,0.59022194
0.74295551,0.72376144
0.90494645,0.77212322
0.89504874,0.87821120
0.59634793,0.67949569
0.91062164,0.92183858
0.57923692,0.56200981
0.37070125,0.54360116
0.54327756,0.48100710
0.46384919,0.50808626
0.62050045,0.63141090
0.90437454,0.97427428
0.71989548,0.64895022
0.89527136,0.92226720
0.87207210,0.91636389
0.69582778,0.70371795
0.31506389,0.17081459
0.67703235,0.66695982
0.72894961,0.71938390
0.92760926,0.90761811
0.62465096,0.71532935
0.85891581,0.88697839
0.83283669,0.82639384
0.91384286,0.94949025
0.92858821,0.96667588
0.83972681,0.86410254
0.64021474,0.78773451
0.72948927,0.77489179
0.15182048,0.21120690
0.85669589,0.79312551
0.85794502,0.70562029
0.94253910,0.87896007
0.72041285,0.91606569
0.90558386,0.90378344
0.77673721,0.90067273
0.95188111,0.91130340
0.88334137,0.84284276
0.81427824,0.87324744
0.94595969,0.93165481
0.61795646,0.54390246
0.88018560,0.85810858
0.93609989,0.89733505
0.63584030,0.70793337
0.86108810,0.95843238
0.02826458,0.05111977
0.54606235,0.58055115
0.66758078,0.60134947
0.16939521,0.17964554
0.88328511,0.98333335
0.31862143,0.27774772
0.90766335,0.93567622
0.24047109,0.21625404
0.19624287,0.15141453
0.75871718,0.85147029
0.80462289,0.92382288
0.77498150,0.73685557
0.70953786,0.71868426
0.44156680,0.44562212
0.75634784,0.66638315
0.85162604,0.86071163
0.63128781,0.67451662
0.11197406,0.13947834
0.20021492,0.26940882
0.92017365,0.95736259
0.93658864,0.94181597
0.92189753,0.99242425
0.86755371,0.92092192
0.68569648,0.66526419
0.91359234,0.95984846
0.69820809,0.69779003
0.38628638,0.38681319
0.25355887,0.32338411
0.77063262,0.80857682
0.49739936,0.53040332
0.87160945,0.86771774
0.95469928,0.87664849
0.11244828,0.18619974
0.44949311,0.49730280
0.84417868,0.88230950
0.81260276,0.72491962
0.68486530,0.67751479
0.53300560,0.62500000
0.49281096,0.64033121
0.87259960,0.90594268
0.71800792,0.68416995
0.32517093,0.33631256
0.84834790,0.84237599
0.59634298,0.70284545
0.83394015,0.87696075
0.73274243,0.81707221
0.92382985,0.98026657
0.93003446,0.93594086
0.70467478,0.68148047
0.86559141,0.85499483
0.65289026,0.55622739
0.53835821,0.65000129
0.37937102,0.44748220
0.21594325,0.29259095
0.39556149,0.36457625
0.87536788,0.95988846
0.93232512,0.90913469
0.91208696,0.94531852
0.65029305,0.73246604
0.72000068,0.83462989
0.67435575,0.71052945
0.85899633,0.94230771
0.84797525,0.66252059
0.85471869,0.90287155
0.78005522,0.75985974
0.40780371,0.46171406
0.33891511,0.31956398
0.92623711,0.85933375
0.48766696,0.76866412
0.92746401,0.94714755
0.85435987,0.87915987
0.93370491,0.93169492
0.84584606,0.86261386
0.34856737,0.19632471
0.89925653,0.90105909
0.59451193,0.72031099
0.75462186,0.76688313
0.92346108,0.96012962
0.83486736,0.86866605
0.87594604,0.90585440
0.83747107,0.93271685
0.84051591,0.88478261
0.91836065,0.86176914
0.52704650,0.51347333
0.92417014,0.93015492
0.69241697,0.68921834
0.56503630,0.79513890
0.60899413,0.59012729
0.53523982,0.62888986
0.94239050,0.89901131
0.85391426,0.76649535
0.71223056,0.82911712
0.88367999,0.88514960
0.80026120,0.89969790
0.74145365,0.76841235
0.86500287,0.84677452
0.61727309,0.64934814
0.79993731,0.76868510
0.60513568,0.61119562
0.93213832,0.97107846
0.60698843,0.63371974
0.84650886,0.89817280
0.49713692,0.68898940
0.82742310,0.81780916
0.32272816,0.25656238
0.80664146,0.84428668
0.87798095,0.85637277
0.81613755,0.81129110
0.91094077,0.89091057
0.14341122,0.20130895
0.92330688,0.94965976
0.92028785,0.91128057
0.89496183,0.81745720
0.54360926,0.54087633
0.81098247,0.84246558
0.73937410,0.78334731
0.43925318,0.60525763
0.71795058,0.62561375
0.92535681,0.90607119
0.94835508,0.91905630
0.82058948,0.85009265
0.93470073,0.96336478
0.49545455,0.71349239
0.03282255,0.11315766
0.28053594,0.39373800
0.11470991,0.18446052
0.64403445,0.75481474
0.92142659,0.97979796
0.79923999,0.89345986
0.79282111,0.82663476
0.64484054,0.29397160
0.49345908,0.62876254
0.24338284,0.28677204
0.85033578,0.73443598
0.92495227,0.95912063
0.72478658,0.83815354
0.84390771,0.94038206
0.20490640,0.37639332
0.92351246,0.86912143
0.56569910,0.66216218
0.37833285,0.42071429
0.82762712,0.90442324
0.83480722,0.81430185
0.87240791,0.84434795
0.43051976,0.38420847
0.65056056,0.65241379
0.26771715,0.28744543
0.88871765,0.89842528
0.39430279,0.22208612
0.78352058,0.88827115
0.90635264,0.92057413
0.92686218,0.93169284
0.52926236,0.71136886
0.77945691,0.72549576
0.83916581,0.82310528
0.80313575,0.82157713
0.76390767,0.91352737
0.91760743,0.83189255
0.44632381,0.50598788
0.54582334,0.52617741
0.83259332,0.89521056
0.48046950,0.47556207
0.89578176,0.90490377
0.65796500,0.65470612
0.62529302,0.77047533
0.95766443,0.94232351
0.92060179,0.92753059
0.90649539,0.89827532
0.60615712,0.48258558
0.92084908,0.93193859
0.45520037,0.52693659
0.79486120,0.74553573
0.78863078,0.66983384
0.30888593,0.59997392
0.93052578,0.89775598
0.56794798,0.62719846
0.77351260,0.81560630
0.77371353,0.70691872
0.12109977,0.06146450
0.88940442,0.73465145
0.46827024,0.85437572
0.52215934,0.60141242
0.87914366,0.92879355
0.62224305,0.55277306
0.38038731,0.42435005
0.62052149,0.61499906
0.40204334,0.56885421
0.58509141,0.73046875
0.92494440,0.99295777
0.90728402,0.94686663
0.60898787,0.84868419
0.88300323,0.87420022
0.94490743,0.84413356
0.74860811,0.71263474
0.87696755,0.96101540
0.69398469,0.67569047
0.76518214,0.76929212
0.83992207,0.80854803
0.83076125,0.70490855
0.45049262,0.46597019
0.75950438,0.84792453
0.87271750,0.80308068
0.80068070,0.97528517
0.85912073,0.85825270
0.74759442,0.81442559
0.85430354,0.98765433
0.84828347,0.87371445
0.89898908,0.89968103
0.92410672,0.96111113
0.83567315,0.88765866
0.92545217,0.90612924
0.28955895,0.47920039
0.87145883,0.86153930
0.70595777,0.73372692
0.80816007,0.86213523
0.56456786,0.48991859
0.76693451,0.81857145
0.95738977,0.95981508
0.86703998,0.93555748
0.66620612,0.75470591
0.88825583,0.99586779
0.16299695,0.15128127
0.86600947,0.93831909
0.68672097,0.65180963
0.72792321,0.73469114
0.72864115,0.73667657
0.89461511,0.95084673
0.42081350,0.45411944
0.71026450,0.82596397
0.90675199,0.91558367
0.90498078,0.87270057
0.75913531,0.79986250
0.91515326,0.92148459
0.93350542,0.92151356
0.45722377,0.49974844
0.88995665,0.84275365
0.89253122,0.85395765
0.86843348,0.81715631
0.64119726,0.60693753
0.92277622,0.95842308
0.44115350,0.32973275
0.91487837,0.95446908
0.92844498,0.95598608
0.75594944,0.78623497
0.56769073,0.52014506
0.84434181,0.83970904
0.57880461,0.63051218
0.80437034,0.88158399
0.78506488,0.61583138
0.84931558,0.95565987
0.79626232,0.75523072
0.82099771,0.67953658
0.56888270,0.53720492
0.89463449,0.94218749
0.60385120,0.66828531
0.87606108,0.89803207
0.77727562,0.72039056
0.93865407,0.95181960
0.57893056,0.57788283
0.20079303,0.19792528
0.90387279,0.86498845
0.87031806,0.83672267
0.86048543,0.96998775
0.35036433,0.35605732
0.58163720,0.77120531
0.51530600,0.59340554
0.87316006,0.92227584
0.64454263,0.70291263
0.69190395,0.47399795
0.82418275,0.82838124
0.90762305,0.96343940
0.61376643,0.73905796
0.82559264,0.80588073
0.25731409,0.68041873
0.52031565,0.52807361
0.84744322,0.84815532
0.56047124,0.61597735
0.91261494,0.92333215
0.26255906,0.36546922
0.90496445,0.70270622
0.61280006,0.30880341
0.95858383,0.96578383
0.57098913,0.78835350
0.85836577,0.90789402
0.92088246,0.94718617
0.85111856,0.95959967
0.79336816,0.87348652
0.64942670,0.84302080
0.21511310,0.25022730
0.85149288,0.92284918
0.19095349,0.31365532
0.40113801,0.27681780
0.91603404,0.95272404
0.31721872,0.23379037
0.49805352,0.17387006
0.91771263,0.94375002
0.89235270,0.80404592
0.79211760,0.89114791
0.81751901,0.94414365
0.83836681,0.81688803
0.26666337,0.26702121
0.79309767,0.86121500
0.88101709,0.93752176
0.57518250,0.60269165
0.81137860,0.83144921
0.81057072,0.76140672
0.56089413,0.25086823
0.68147057,0.78410792
0.69663638,0.85786331
0.46835092,0.29281345
0.67442095,0.70345747
0.89754742,0.90486759
0.46674183,0.47359255
0.57263732,0.75320292
0.89936471,0.88372147
0.94204116,0.96178764
0.63425034,0.80204189
0.02381259,0.21891502
0.83695710,0.88470757
0.92990261,0.95590001
0.69013333,0.72039109
0.10962600,0.13315079
0.85427505,0.88758594
0.90648961,0.86063218
0.88020504,0.73494339
0.92158204,0.92040634
0.90147179,0.91938025
0.51109076,0.26233122
0.26244792,0.35845995
0.39939475,0.29174992
0.67315143,0.74594754
0.80225205,0.86434209
0.81470746,0.68731707
0.67231691,0.73861116
0.69569314,0.79933137
0.87408531,0.87618434
0.78555214,0.91233575
0.85291797,0.90985346
0.91140789,0.95246643
0.77922481,0.88553327
0.26167780,0.30136934
0.70602429,0.69969070
0.30863392,0.59131038
0.67046821,0.92737734
0.94913489,0.90550238
0.34762365,0.32065657
0.05323231,0.12341198
0.40785593,0.63449591
0.69194245,0.56483519
0.84141171,0.79153407
0.66586626,0.75685716
0.89544845,0.85959321
0.55008483,0.32328284
0.95906675,0.97483182
0.85862702,0.93755800
0.85715789,0.75008893
0.54758805,0.54827785
0.84517074,0.77899390
0.82130432,0.86642855
0.89515173,0.85757929
0.72311491,0.80524760
0.88307643,0.89142627
0.83456314,0.85637563
0.70624959,0.55213892
0.77775615,0.79657477
0.79554009,0.93150687
0.56709129,0.64687014
0.81374335,0.81788236
0.89640903,0.93490839
0.58027363,0.60836816
0.72295940,0.75797695
0.38215759,0.37491038
0.89925468,0.84554595
0.78742659,0.94024563
0.91967106,0.89032346
0.95076549,0.94315207
0.60471469,0.70266181
0.15806490,0.17724867
0.84150887,0.95757121
0.78507227,0.66002661
0.91608942,0.89160919
0.73592043,0.71016461
0.50133395,0.17304045
0.66859341,0.63766545
0.81906247,0.65249920
0.82033235,0.79832476
0.90145093,0.75634831
0.87318903,0.93308949
0.88108367,0.91925669
0.73024029,0.61354744
0.64583910,0.71067053
0.53686112,0.49853435
0.91750211,0.96987951
0.53211772,0.47457367
0.75367951,0.46507189
0.89177620,0.95709866
0.86223239,0.84032446
0.78802079,0.79147798
0.28715944,0.22571428
0.44825190,0.62316215
0.85984826,0.94026083
0.90316421,0.95509452
0.87296641,0.91946626
0.90615666,0.86271608
0.78742760,0.67736185
0.33495092,0.29299012
0.92153752,0.93160981
0.93387711,0.84429461
0.94763350,0.93079340
0.94669700,0.92286462
0.22045934,0.27491388
0.52439296,0.47344095
-0.03610724,0.27841941
0.52697843,0.48061144
0.89531946,0.93051064
0.79288381,0.75789320
0.89943647,0.94412440
0.76980305,0.77607644
0.59635651,0.72667122
0.51877832,0.69301343
0.17848939,0.17293985
0.89004236,0.96814185
0.88850105,0.82575756
0.75194502,0.72635400
0.66195017,0.86697614
0.53113222,0.31173092
0.25572616,0.39001819
0.38175565,0.16899768
0.84954590,0.85553277
0.59449756,0.81164742
0.15734863,0.16834933
0.40314406,0.42169273
0.82779181,0.80127829
0.84343338,0.89919740
0.73141009,0.79312229
0.70101160,0.57057905
0.91540396,0.88174176
0.81251216,0.85781008
0.51168656,0.64401621
0.79119211,0.83227658
0.84454668,0.95726961
0.89104903,0.91936576
0.67211348,0.83569002
0.69153070,0.68053460
0.93586946,0.80092055
0.86091781,0.79621947
0.83725500,0.63051528
0.39068800,0.36483938
0.83404350,0.93216443
0.55508459,0.86294699
0.88262355,0.85502547
0.47177240,0.61018181
0.45535642,0.49695927
0.33702317,0.32577950
0.85325426,0.82228351
0.78775638,0.87309384
0.89368272,0.95283973
0.28812051,0.26299021
0.34450498,0.89971167
0.54372931,0.33002645
0.83609641,0.84373164
0.93748331,0.92684191
0.85039169,0.87118959
0.52033710,0.69461000
0.88774097,0.88480371
0.74421471,0.77288473
0.56385052,0.62577182
0.85027713,0.84312797
0.63875782,0.85797119
0.77030885,0.82330436
0.88977444,0.95151877
0.78822136,0.69807410
0.80200982,0.72405922
0.77848500,0.77265352
0.76684934,0.67525947
0.62114215,0.83003324
0.56620598,0.62389106
0.80491018,0.75815243
0.36208457,0.28270778
0.82889092,0.77167141
0.69488055,0.65917218
0.86600536,0.93516433
0.89415121,0.93100321
0.88761848,0.87618065
0.77128690,0.81323248
0.58148587,0.52777779
0.66805488,0.84273905
0.88432407,0.92441005
0.58907348,0.58058608
0.90310872,0.92202109
0.92797756,0.92261904
0.82605064,0.92895114
0.92220217,0.97321427
0.95799667,0.94377512
0.78426111,0.76018411
0.71978182,0.67623830
0.79770935,0.89098436
0.93510866,0.91602188
0.14347380,0.17230944
0.54757226,0.32973078
0.74541277,0.81386065
0.38147634,0.27668396
0.83990049,0.87431556
0.67293119,0.56918818
0.61278337,0.42682275
0.73855329,0.63289338
0.62850487,0.77915019
0.81321275,0.60599780
0.88225830,0.88887203
0.91036701,0.87887549
0.84208214,0.86881334
0.87978154,0.84907150
0.91907775,0.91576087
0.41714710,0.28926456
0.66495132,0.47911146
0.55099380,0.72467917
0.44420332,0.25419217
0.39303416,0.47933921
0.82486337,0.79894364
0.94541621,0.92743337
0.61380279,0.64779776
0.90669620,0.84539419
0.89910191,0.91399813
0.80518931,0.87271202
0.89813304,0.89002138
0.58229375,0.66373658
0.83124286,0.95114291
0.80918127,0.88769233
0.88643944,0.90360600
0.90909779,0.90453696
0.83635581,0.87023139
0.69952410,0.56904960
0.26455432,0.16021530
0.70040298,0.58776891
0.61943173,0.71616167
0.56247020,0.37820470
0.66104579,0.65054834
0.49438363,0.50625002
0.89934540,0.94345587
0.41059041,0.17151481
0.50531650,0.46443731
0.91539216,0.88044626
0.79855967,0.88876408
0.20081961,0.11137762
0.79338217,0.82759631
0.53557509,0.33913177
0.28614640,0.40757680
0.61489713,0.59522474
0.89905387,0.82589042
0.92839259,0.89339018
0.85681438,0.93048781
0.87360799,0.87427169
0.81262666,0.87892240
0.91068190,0.87680632
0.73062342,0.65094632
0.86921847,0.92667466
0.85647780,0.82291138
0.96388090,0.93553358
0.67929602,0.88555944
0.95962715,0.91696113
0.74851829,0.72555214
0.19550651,0.28170526
0.29812914,0.37861234
0.75835180,0.80787998
0.83717388,0.75822806
0.77665371,0.76342481
0.88561308,0.92787415
0.09664720,0.25668153
0.85903990,0.90701222
0.29695266,0.44807673
0.82037526,0.81018358
0.92437267,0.91454196
0.47952625,0.38902196
0.68643922,0.68171883
0.76360208,0.94202447
0.85220617,0.88461536
0.59512699,0.61678380
0.86391306,0.81605130
0.85843813,0.85770750
0.61544514,0.76175278
0.94697225,0.84337181
0.79238999,0.74940479
0.44141376,0.31749630
0.92180866,0.93988925
0.43659011,0.40856928
0.61943400,0.61964816
0.84556782,0.84441388
0.29838860,0.26264372
0.68790603,0.81456357
0.90296465,0.94091511
0.93583298,0.94483697
0.61768842,0.77436751
0.81941730,0.73497641
0.85129023,0.92367995
0.73355657,0.77442616
0.94734895,0.94002044
0.60713166,0.63948178
0.50220174,0.29001552
0.54879344,0.47703418
0.34724778,0.46399826
0.33450001,0.37721276
0.78286785,0.78236324
0.89747262,0.92214078
0.31218815,0.27103627
0.48315826,0.76398522
0.72134483,0.67205632
0.81071711,0.83523494
0.74011922,0.64715928
0.64999425,0.51620871
0.52406347,0.32157460
0.50787890,0.45544040
0.90662968,0.87108934
0.86778617,0.89443016
0.81120694,0.83858269
0.55939698,0.57860529
0.85860121,0.88908589
0.91068977,0.89660627
0.92551237,0.92574090
0.43745321,0.54323483
0.62682402,0.60007393
0.82127541,0.91481650
0.80124331,0.81704611
0.68370301,0.58841795
0.84032881,0.88918424
0.93520141,0.91494471
0.48067650,0.68860352
0.55876583,0.52295959
0.91664040,0.88658679
0.90370226,0.94576925
0.46808094,0.49879763
0.93683016,0.90279007
0.88431352,0.88721806
0.81442893,0.81605262
0.76417398,0.87434340
0.86810231,0.90211141
0.88178760,0.77503872
0.73364681,0.71505392
0.91122568,0.88430274
0.62470818,0.92897898
0.87397027,0.90256023
0.40477985,0.40279752
0.70683855,0.84916544
0.79702193,0.83684731
0.61772382,0.70334005
0.81431055,0.87882924
0.80995536,0.87598771
0.31001166,0.31770834
0.49167246,0.28206921
0.85366940,0.89248365
0.76999801,0.85238957
0.12812710,0.05983176
0.88655007,0.85267913
0.79960829,0.77992070
0.80317408,0.86928755
0.86609882,0.96528614
0.77175796,0.71977520
0.97559285,0.96238422
0.85154557,0.85739511
0.85115290,0.78503537
0.68584216,0.79966629
0.87822992,0.93440080
0.91247863,0.92379886
0.90339470,0.98342597
0.29429451,0.20089869
0.91497993,0.90116090
0.78349817,0.69155842
0.74008638,0.78557223
0.90338242,0.89515465
0.87530547,0.93720782
0.83021522,0.92423284
0.93702102,0.90575522
0.29415700,0.13828705
0.91274405,0.86878383
0.51907575,0.60396838
0.95644081,0.96349204
0.61320555,0.51846373
0.93756127,0.93656617
0.93536937,0.89278406
0.81196195,0.87902308
0.29083407,0.30046332
0.82374239,0.53138095
0.94533670,0.87888008
0.62814009,0.75535089
0.93749952,0.93247199
0.70770139,0.79126173
0.69829625,0.76397306
0.28718090,0.49263170
0.78924751,0.87048954
0.39733964,0.31396824
0.83640563,0.84852940
0.83842981,0.83923560
0.82043195,0.77722436
0.60958457,0.54607058
0.37138265,0.39491045
0.21578240,0.36439809
0.93967855,0.92298979
0.43452916,0.35971594
0.82541203,0.66836733
0.71915907,0.82934022
0.68369603,0.74916667
0.26862317,0.56794870
0.17748249,0.26325795
0.22085866,0.32736620
0.33655062,0.47069946
0.87090987,0.84627378
0.22341794,0.24463277
0.85559642,0.89110482
0.77625346,0.88505620
0.93033165,0.94174266
0.33979118,0.41137549
0.78650075,0.91608393
0.85430336,0.79931033
0.50045896,0.51875001
0.89503860,0.91388160
0.88568604,0.92925030
0.75245917,0.78833914
0.75893855,0.79221088
0.39756274,0.35390970
0.73786455,0.81076223
0.62821811,0.05911645
0.91956508,0.91886663
0.62012583,0.56222737
0.70671451,0.68636763
0.87566352,0.95931786
0.38648894,0.32346126
0.80944091,0.78118002
0.76839161,0.85876667
0.90048909,0.88779765
0.62045193,0.71874297
0.50140941,0.53004801
0.90614116,0.95449668
0.69009292,0.79494876
0.90125829,0.87537640
0.76960421,0.86697876
0.92463696,0.93665755
0.86924189,0.90814400
0.44789773,0.65395433
0.86461490,0.89931768
0.23538026,0.18908121
0.67140853,0.82154208
0.60519856,0.69164246
0.86519003,0.93209720
0.40566140,0.35555893
0.89078152,0.80653161
0.64032632,0.85493028
0.41763169,0.38282001
0.30306077,0.19711182
0.78892624,0.95179147
0.26473415,0.12941177
0.36259785,0.31220102
0.59368527,0.44861254
0.59249258,0.58635527
0.48932835,0.44241595
0.71794915,0.79017901
0.76170152,0.73001599
0.62360132,0.71861422
0.53137213,0.73753810
0.75419456,0.71454597
0.84799403,0.92307693
0.85432810,0.80853629
0.73409027,0.81911242
0.54246712,0.61310273
0.28236222,0.16138309
0.87648529,0.91361284
0.83461142,0.93801761
0.80340791,0.73944688
0.92963845,0.95026594
0.36444449,0.68241286
0.41962600,0.29026577
0.96425802,0.90825266
0.72569507,0.56674302
0.87737662,0.83006382
0.27759516,0.37950405
0.21110350,0.24927419
0.62287301,0.66252685
0.08276039,0.16204339
0.93879008,0.93233085
0.20701170,0.31582168
0.62020844,0.54292929
0.57164872,0.50508738
0.69649661,0.72426468
0.95162892,0.96746254
0.53887171,0.65416348
0.80179840,0.73229450
0.79187202,0.83696705
0.83989012,0.91287881
0.75579381,0.78899848
0.67061311,0.67014772
0.61536342,0.66860127
0.94004154,0.98486894
0.83972514,0.91407204
0.82302755,0.79912353
0.90036571,0.90790600
0.63696194,0.70644838
0.85052037,0.91641748
0.74016255,0.84031063
0.66183752,0.87734169
0.54477632,0.62949657
0.84429604,0.94938821
0.89469570,0.82608330
0.84240454,0.94702840
0.62920582,0.63105524
0.89417374,0.88569623
0.82796681,0.77464294
0.58288974,0.74545455
0.96140134,0.98336834
0.91765320,0.91069108
0.96112072,0.89937484
0.85846138,0.78953713
0.71157718,0.76818180
0.55801404,0.57471848
0.91566348,0.93378985
0.43926081,0.52639496
0.73131329,0.76866150
0.85535955,0.89826912
0.89935017,0.84943604
0.78573650,0.81756449
0.18879944,0.24496280
0.87865698,0.76861268
0.84393603,0.85765803
0.93450439,0.90140927
0.86893404,0.84456784
0.92094362,0.91470444
0.86569810,0.92037565
0.82160777,0.85377020
0.84496194,0.79467213
0.91658497,0.94008398
0.78959072,0.65170592
0.85983139,0.91676092
0.70681232,0.90826541
0.69179714,0.60053039
0.67715096,0.76889235
0.50780177,0.65831244
0.87009066,0.86602229
0.92008847,0.93534577
0.81970847,0.86279762
0.83089292,0.94604290
0.62685615,0.39957401
0.18182600,0.24195077
0.78101480,0.93266457
0.75310946,0.80518061
0.78071302,0.72062546
0.78133172,0.78055555
0.61603212,0.56966841
0.92768407,0.92892653
0.85294062,0.95193678
0.40250409,0.38558289
0.79749399,0.90510201
0.85739219,0.89741594
0.43354297,0.37056318
0.91262144,0.89875025
0.88614166,0.86353403
0.83772689,0.83863795
0.86037177,0.93527162
0.68665498,0.75619966
0.92075551,0.92960197
0.38665295,0.44396770
0.62145805,0.70168668
0.67064917,0.83679587
0.74181032,0.69344342
0.84699947,0.89650995
0.60454977,0.60600597
0.88986671,0.99450552
0.44809908,0.51262629
0.95105481,0.95794207
0.89430445,0.94287515
0.84270990,0.83426428
0.90050918,0.86212325
0.85847306,0.94481504
0.69869739,0.85546035
0.52954155,0.60193843
0.91278613,0.86465520
0.58685273,0.69813317
0.68587697,0.64303428
0.49483174,0.53717440
0.68453729,0.84272724
0.55756003,0.54914093
0.77317297,0.78872246
0.89595604,0.90750098
0.95298016,0.96502912
0.72275227,0.54791605
0.21789259,0.28604645
0.88176501,0.88689107
0.79462075,0.63084817
0.63905621,0.81448370
0.70408946,0.84798652
0.75757837,0.81720990
0.64601368,0.61100036
0.46321991,0.37871712
0.89872950,0.93508095
0.73711181,0.95268255
0.72466099,0.63884330
0.93046272,0.91655874
0.27677944,0.18856642
0.63261962,0.43263334
0.35833532,0.22155657
0.87949872,0.89042938
0.45391443,0.45910111
0.78105175,0.73458838
0.89714587,0.89012313
0.88631088,0.83894086
0.87630874,0.95038587
0.78200030,0.79125559
0.76915193,0.82203388
0.87207735,0.82721812
0.85789347,0.92786938
0.26258290,0.23721561
0.76212531,0.80576110
0.83343703,0.80829614
0.20629174,0.37508041
0.34720939,0.39418384
0.82230908,0.93737882
0.66870105,0.72736418
0.91480625,0.94878781
0.94319546,0.96307963
0.22080567,0.23443674
0.94771135,0.95625705
0.34723300,0.32948253
0.24391189,0.33280957
0.86292827,0.92866290
0.73985648,0.59002978
0.85880709,0.86577785
0.57201636,0.67957091
0.35156655,0.37083334
0.36035070,0.30060565
0.92953628,0.88114440
0.82154983,0.86221063
0.86578858,0.92929351
0.95722914,0.94755554
0.86680949,0.93284994
0.80252939,0.79547930
0.87371689,0.59764564
0.15340942,0.18849500
0.54328322,0.45049426
0.58270830,0.73779058
0.80541050,0.74086756
0.88353097,0.90647060
0.84711540,0.87305856
0.79769945,0.78616065
0.86168557,0.81487179
0.89355648,0.88617051
0.68406510,0.94964349
0.77253139,0.88360649
0.70639050,0.69574910
0.86746269,0.92451078
0.73900539,0.87648630
0.81279969,0.66000003
0.88134438,0.86680472
0.88624036,0.92136472
0.81301826,0.98305082
0.81559557,0.85917401
0.85589385,0.85643667
0.93290573,0.97607863
0.84072435,0.86778843
0.14831597,0.11444855
0.53817397,0.66009390
0.52291489,0.31722808
0.49547380,0.52303976
0.81346512,0.81928641
0.90732551,0.92797798
0.43205309,0.52903360
0.83497179,0.57935721
0.94318759,0.84517330
0.44333327,0.61519480
0.93825376,0.92339206
0.27191901,0.37234765
0.49701157,0.34595588
0.95858496,0.97681099
0.82971323,0.92441779
0.37249261,0.26586309
0.90681297,0.93525636
0.74481165,0.87356466
0.68573976,0.76463962
0.84098190,0.83113098
0.82475418,0.81653941
0.84255332,0.74366540
0.35559398,0.74915254
0.21903154,0.15166023
0.82021719,0.93917751
0.75751293,0.57265884
0.75535554,0.72574067
0.79979473,0.96226418
0.58950645,0.53176051
0.90413213,0.91369045
0.76477796,0.91626227
0.80626231,0.78528452
0.76802826,0.89729768
0.72136682,0.58861798
0.19495952,0.73949623
0.57777464,0.33631712
0.78556794,0.65859860
0.96432030,0.94795454
0.90958655,0.90801525
0.84857965,0.82967067
0.34104997,0.30645886
0.31884047,0.50251269
0.72862446,0.57917917
0.91693246,0.94779015
0.40826640,0.41248873
0.46035859,0.48412770
0.86805838,0.84244376
0.92506653,0.96799999
0.71821976,0.70853096
0.18677783,0.34913969
0.74071801,0.74974638
0.53098494,0.58547497
0.81712091,0.89215314
0.80058777,0.78218085
0.89554620,0.93565577
0.84884357,0.78867966
0.90748775,0.96692306
0.27674454,0.26499084
0.09805161,0.19875507
0.87500620,0.89975178
0.66750634,0.64754456
0.93866813,0.95454317
0.63828957,0.42990908
0.84337229,0.87952393
0.64587802,0.80987573
0.68008143,0.68158633
0.88424408,0.96209157
0.62442946,0.77735543
0.83830047,0.91145277
0.84493303,0.89309311
0.27555332,0.53292096
0.89535069,0.96157050
0.82831883,0.87500000
0.69237375,0.82282609
0.78714406,0.91638511
0.47503394,0.58630854
0.93996978,0.93979931
0.74623144,0.59177703
0.81843400,0.89854771
0.79181004,0.72432882
0.84736931,0.63698202
0.89805770,0.93027323
0.72949058,0.56061918
0.71689612,0.77020580
0.39296132,0.42132545
0.83174014,0.94683260
0.89660984,0.90500355
0.91244543,0.94230771
0.72563434,0.65608561
0.69341546,0.74019837
0.85568231,0.70291167
0.44591898,0.44576421
0.56910205,0.90727490
0.86783779,0.94602466
0.33796528,0.33775628
0.89368737,0.95109040
0.94688308,0.91905427
0.50237989,0.50566500
0.85991460,0.90048444
0.55075616,0.59053195
0.96491826,0.97306174
0.80099714,0.75476748
0.26412177,0.33456340
0.90743816,0.96128732
0.85953379,0.81549895
0.83237070,0.85439688
0.73777956,0.85401893
0.91654432,0.85075760
0.94999194,0.95165145
0.94637334,0.92686504
0.38313419,0.48505858
0.94147551,0.95390511
0.83640808,0.80599838
0.86539924,0.90769231
0.80699682,0.79080892
0.82315743,0.90397990
0.65990847,0.36405113
0.90479141,0.87470949
0.85810518,0.93694389
0.56970716,0.79691780
0.84153670,0.78330952
0.85901481,0.96805274
0.61474693,0.76921332
0.92018211,0.93607086
0.79729933,0.72216403
0.75677186,0.94570917
0.57577246,0.78358960
0.12906855,0.22785492
0.21725720,0.30344516
0.87724727,0.97201425
0.95840478,0.92996705
0.35371798,0.49853569
0.78853917,0.71849275
0.78759086,0.95070422
0.87025869,0.88003707
0.73066914,0.83245796
0.73871857,0.69407368
0.96347296,0.97383201
0.91121042,0.84758884
0.95768720,0.91683120
0.91725039,0.84386200
0.94112444,0.90087718
0.72044480,0.79504013
0.92048740,0.90407240
0.92985380,0.88486165
0.46604267,0.47393841
0.87226421,0.81459248
0.77922583,0.65215379
0.58649343,0.70029688
0.80771524,0.76731455
0.73313075,0.65735173
0.85278928,0.87525922
0.41466916,0.51220894
0.77821589,0.79191267
0.93104184,0.83404255
0.96222317,0.95983928
0.45509940,0.36042839
0.83437961,0.80392855
0.88637865,0.85172158
0.56488913,0.72687620
0.91255808,0.92983389
0.89288002,0.95673680
0.87644088,0.95630878
0.90609354,0.97462410
0.90739739,0.89845413
0.87562639,0.79668605
0.91731215,0.88697374
0.87378800,0.86759579
0.48323262,0.88792294
0.95879662,0.93200159
0.91964877,0.93097031
0.89672941,0.85191262
0.42811185,0.43764684
0.94115674,0.95304269
0.92909026,0.92646158
0.42842817,0.39971015
0.69766909,0.67215383
0.09615022,0.25180703
0.82716721,0.81518060
0.89361709,0.86124969
0.79686445,0.81611842
0.78629231,0.84769130
0.57989949,0.50645941
0.00007600,0.08762792
0.27373213,0.21655035
0.88425040,0.88651985
0.80075288,0.83152914
0.87013465,0.82580411
0.51654220,0.56879222
0.59861887,0.51782811
0.92545950,0.92928571
0.65857005,0.61852694
0.80099839,0.87166262
0.60712403,0.56360048
0.94075274,0.86212993
0.80627418,0.78719491
0.32695627,0.27508554
0.83531511,0.04841315
0.82692397,0.80169010
0.56638932,0.68397969
0.93968236,0.91978264
0.82510734,0.94484937
0.40566826,0.38727298
0.86574775,0.90857321
0.82741624,0.89265734
-0.01460999,0.06653640
0.88749230,0.89169848
0.84409142,0.90864319
0.96129918,0.94609249
0.83102572,0.90433514
0.46422219,0.75037980
0.57642567,0.76231754
0.85809141,0.80713177
0.39549664,0.62611806
0.34828296,0.40342155
0.87979323,0.91816008
0.87247598,0.88266206
0.43760937,0.33628988
0.31397152,0.30961546
0.91643423,0.87369770
0.87273574,0.84653473
0.78398639,0.76207525
0.46878582,0.72625697
0.70756525,0.83388489
0.78609425,0.68317592
0.73770130,0.86365926
0.91480047,0.74751997
0.91059786,0.92639738
0.88897735,0.96173269
0.92376363,0.93501294
0.29400510,0.25788260
0.92537117,0.88248795
0.21539983,0.27713567
0.26330745,0.23388544
0.61448860,0.88203245
0.37517646,0.22875798
0.59719312,0.45881549
0.43242109,0.37987551
0.75048858,0.68915665
0.57487822,0.52350962
0.91160679,0.90397918
0.68954873,0.75808090
0.76783514,0.92827880
0.65559739,0.66389322
0.85619467,0.74797606
0.48276407,0.61400348
0.80701268,0.87679505
0.89897889,0.85100001
0.67971200,0.76419407
0.39120311,0.70871383
0.29369074,0.37168610
0.21111253,0.25433421
0.42255506,0.55558765
0.23626113,0.37943745
0.65405530,0.70826066
0.73434985,0.68231523
0.87252986,0.83614987
0.45580280,0.66354609
0.62367690,0.56455427
0.90845335,0.91570240
0.80366421,0.94852942
0.80034053,0.87019229
0.51319051,0.67060351
0.82333356,0.87860221
0.38485509,0.43408552
0.83957559,0.90430224
0.50607562,0.47454759
0.68422884,0.51738435
0.67629164,0.49768543
0.88687092,0.91897058
0.73383522,0.75338256
0.26781136,0.33257172
0.78596479,0.89344037
0.91239548,0.91629022
0.72544909,0.73072940
0.81007212,0.88801169
0.38304704,0.32324985
0.94837129,0.94017380
0.41341645,0.62384528
0.75267237,0.81833214
0.92439592,0.89733124
0.82361615,0.93570572
0.76182687,0.80914003
0.75654197,0.67290825
0.61799419,0.72541469
0.92033064,0.97580647
0.76260847,0.73941207
0.89887965,0.92059553
0.90359795,0.89386451
0.89732260,0.90226364
0.84973288,0.93188852
0.80985498,0.92187917
0.86889672,0.82926828
0.93790543,0.90646851
0.39782670,0.59047621
0.66817176,0.65952832
0.85624230,0.79450709
0.79700792,0.90077573
0.43604389,0.55291277
0.67387319,0.79394019
0.95642269,0.94914114
0.82737929,0.85851353
0.60903215,0.66111636
0.50930130,0.68265980
0.83384019,0.79583335
0.93138254,0.91269839
0.61130798,0.28492424
0.68608612,0.65308434
0.48176405,0.60615385
0.87353700,0.82792622
0.80513465,0.82487172
0.73739284,0.79496950
0.72406924,0.73055607
0.83865440,0.87011999
0.92656887,0.92416620
0.84368950,0.74605095
0.87493414,0.91570044
0.67279226,0.91728526
0.91964233,0.96706986
0.20566016,0.23533912
0.61512524,0.62380713
0.97786456,0.96905977
0.88241887,0.78756368
0.93763471,0.89470923
0.72603112,0.71027851
0.84813595,0.89061230
0.94224787,0.91687191
0.97163999,0.93857831
0.70998627,0.83492053
0.67184341,0.50351262
0.43623543,0.45799181
0.65469086,0.71102941
0.75156403,0.54235274
0.75854450,0.90381426
0.81638455,0.85565293
0.91456759,0.86322647
0.18005592,0.17943865
0.87193400,0.91248631
0.60080087,0.66569257
0.84567666,0.79492009
0.88959014,0.85245121
0.82076591,0.81559318
0.31724149,0.41204482
0.71132958,0.82869667
0.54545283,0.57735616
0.55641395,0.94763815
0.79679644,0.52567416
0.38836104,0.27283254
0.89883059,0.77820754
0.72479916,0.80371416
0.75721580,0.64583331
0.78591323,0.69887793
0.53776503,0.70807451
0.88172156,0.92517263
0.29474086,0.36639267
0.94047886,0.92623454
0.76025307,0.75976318
0.95397300,0.94687277
0.76603127,0.66178685
0.74308318,0.86329669
0.89537501,0.96053946
0.91953683,0.96490383
0.87161839,0.76452470
0.06334752,0.04907224
0.74862790,0.73474181
0.86844313,0.84605688
0.68470407,0.80925405
0.90550649,0.83467120
0.82898211,0.87336600
0.68967998,0.80581552
0.31040177,0.29188052
0.75837106,0.90178400
0.90226340,0.96808511
0.92705774,0.90359366
0.90649492,0.94184738
0.33128887,0.37508628
0.40751326,0.57276696
0.24303126,0.31777900
0.77119976,0.72867787
0.34142071,0.45838079
0.94068336,0.96690059
0.66709661,0.76967627
0.91208547,0.84325379
0.70564717,0.77817506
0.53490037,0.78527069
0.85110784,0.88919914
0.58487618,0.47211823
0.79831249,0.81373334
0.85752904,0.92434543
0.71076334,0.90702969
0.29094476,0.36060503
0.78406721,0.79690802
0.87547493,0.90548658
0.73540258,0.74968606
0.85186517,0.85537040
0.91323304,0.94372815
0.64763069,0.63958174
0.26387471,0.29538941
0.81959397,0.87087911
0.84077930,0.78552634
0.74043429,0.80993885
0.69568145,0.64122051
0.55394435,0.90967745
0.87370002,0.94041324
0.54979938,0.66906327
0.89982271,0.85280538
0.79203534,0.77713078
0.87172115,0.90087938
0.44328731,0.36320755
0.47882518,0.80348140
0.34630728,0.45288461
0.62681150,0.80483484
0.80147094,0.66613168
0.52824271,0.45424199
0.80643588,0.80536550
0.50405180,0.58970314
0.91713941,0.86410403
0.88547504,0.93724263
0.74318981,0.79350895
0.91773182,0.94241124
0.76990110,0.09493448
0.75279212,0.70093668
0.86971211,0.91849816
0.52298290,0.77214825
0.90255833,0.91477275
0.03080362,0.19832759
0.82462263,0.77344030
0.89158833,0.81774193
0.59417349,0.74101347
0.84481233,0.79667425
0.40612239,0.39893100
0.78013384,0.75262189
0.94822389,0.97436619
0.59920287,0.58208001
0.90973163,0.85481483
0.69989902,0.65468109
0.86555898,0.92648536
0.67345685,0.74169868
0.93789566,0.96470946
0.15599626,0.14268395
0.91849923,0.85882354
0.85197926,0.96330440
0.81789511,0.82924050
0.78070384,0.77595627
0.62526619,0.44452891
0.84280717,0.84760499
0.62471688,0.63616735
0.75472182,0.75533837
0.85392880,0.77235162
0.95574248,0.92451161
0.56580925,0.52540648
0.79889739,0.87541831
0.82566714,0.86324370
0.91101694,0.92401743
0.93206906,0.79488355
0.70724773,0.81569493
0.92211336,0.91648656
0.65473861,0.78724122
0.82081288,0.81261754
0.90859771,0.89749157
0.75803053,0.54038197
0.76608998,0.41161060
0.32797116,0.27785650
0.87846386,0.83435541
0.93376231,0.93596226
0.65325922,0.66906357
0.37172768,0.09331770
0.53765118,0.70543820
0.56070292,0.39207914
0.55229211,0.66717333
0.84692448,0.76567328
0.86632442,0.87568682
0.95947665,0.93506479
0.64629304,0.70934904
0.88017488,0.90208632
0.40108326,0.35040271
0.77004892,0.85967463
0.86714453,0.82354587
0.70854205,0.61100799
0.59181035,0.69261646
0.93583167,0.92561406
0.77884907,0.67673612
0.91931140,0.86098039
0.93173832,0.97058821
0.82553542,0.73329091
0.44284078,0.55677921
0.67360252,0.68556148
0.95015967,0.90425187
0.89679760,0.93237972
0.87274116,0.92176437
0.51954728,0.75551468
0.92036808,0.94066691
0.85308582,0.91112089
0.83515507,0.79359227
0.64025396,0.65434331
0.48864922,0.66588682
0.81873327,0.88086140
0.75461501,0.86908519
0.87713206,0.92590219
0.39164418,0.27918723
0.62381953,0.75859374
0.42924619,0.60708481
0.80553693,0.88536286
0.79622281,0.82017541
0.84837902,0.85367477
0.63706464,0.29310322
0.75816214,0.75720918
0.80669695,0.84809572
0.81686246,0.90018588
0.80080813,0.90471417
0.72403568,0.83271801
0.83919215,0.92495608
0.81434411,0.80089670
0.50695974,0.62819201
0.75460786,0.87680167
0.16112477,0.18476626
0.60564941,0.65500969
0.80628020,0.86213160
0.93917525,0.88749844
0.71884960,0.68462902
0.80921340,0.60758698
0.40643194,0.44687781
0.52804029,0.54361302
0.75560999,0.89737171
0.40172124,0.33808678
0.91866380,0.93352044
0.87278831,0.88174605
0.73878044,0.67734772
0.56268787,0.60252136
0.43826473,0.47512907
0.70994967,0.71401262
0.92644000,0.85995477
0.68188232,0.70470148
0.66962850,0.72416669
0.86261398,0.92451495
0.88864005,0.89092827
0.58221775,0.48940939
0.89693332,0.85253119
0.73821688,0.72226584
0.72272152,0.82371795
0.76295030,0.72313339
0.76033318,0.69491524
0.42746305,0.28302512
0.80133665,0.66316849
0.81743562,0.78918386
0.71539289,0.86122358
0.71162975,0.61486304
0.96488374,0.93851012
0.86515439,0.86617076
0.32285488,0.21854033
0.87551200,0.86709678
0.61167651,0.44594145
0.70082158,0.70934421
0.61229974,0.57563108
0.73633206,0.84181809
0.90652895,0.89143956
0.38002741,0.33776334
0.93498319,0.88076925
0.71353471,0.62833571
0.59561568,0.65507013
0.45153433,0.54255599
0.80620730,0.94780439
0.86287415,0.84815168
0.92965889,0.96512538
0.87527084,0.94533569
0.17239064,0.13820100
0.56911886,0.63128549
0.90652072,0.87087184
0.77481169,0.77670741
0.71049541,0.57333332
0.65496844,0.73601484
0.50233293,0.60244495
0.96866071,0.93458170
0.82080436,0.74855393
0.83517176,0.85432756
0.92099261,0.90358436
0.51205277,0.36324245
0.92656386,0.90914899
0.33878028,0.23429488
0.68294084,0.67422217
0.80216205,0.91130614
0.84145367,0.86633402
0.48593235,0.45963559
0.85704005,0.93364704
0.86675644,0.90337920
0.84937823,0.88635087
0.85297167,0.86596137
-0.00952488,0.14238474
0.64601797,0.67353058
0.74149048,0.65959710
0.70084697,0.68902355
0.93326366,0.94130772
0.92612112,0.93890327
0.60291553,0.83010000
0.79972613,0.76870990
0.64914304,0.78508079
0.32475603,0.20129573
0.75448120,0.73593277
0.59168285,0.69652408
0.88365340,0.89276779
0.95493442,0.95815170
0.77145386,0.85358393
0.86760145,0.95081967
0.75816530,0.87386876
0.87899673,0.92785192
0.89187348,0.82240474
0.71265703,0.51847291
0.48112062,0.54570955
0.88114405,0.91483933
0.87532651,0.96159512
0.92108595,0.91969699
0.91191536,0.77557325
0.91939145,0.94213098
0.26430184,0.59547079
0.74924326,0.63316905
0.90680373,0.85747862
0.84665155,0.88942462
0.64294517,0.76581365
0.88577259,0.92413795
0.87435102,0.86388087
0.87319511,0.90184408
0.94665205,0.94159889
0.65351433,0.47769994
0.45600116,0.51582682
0.67467344,0.65855271
0.66240489,0.55837613
0.74222732,0.86041665
0.88047695,0.81261653
0.64402854,0.64788085
0.91553342,0.90757883
0.50007898,0.68867254
0.20335943,0.27033615
0.83713615,0.86742425
0.93396688,0.95296687
0.89345092,0.87668997
0.50120914,0.70405483
0.89772522,0.90872830
0.30530459,0.26891235
0.36696249,0.28844616
0.94198334,0.93867528
0.91106480,0.95836520
0.90469599,0.85400099
0.58759451,0.64777327
0.93790162,0.94413793
0.23155218,0.58318377
0.85189229,0.87031418
0.85989559,0.90730679
0.85810202,0.89260840
0.89054930,0.85858172
0.61269784,0.44202900
0.23295766,0.22620282
0.90558624,0.93948317
0.92221117,0.95407110
0.86300194,0.85167789
0.43530491,0.31044713
0.48145413,0.53255486
0.58194774,0.65804696
0.53307205,0.71916008
0.88694119,0.82708436
0.89011890,0.90111095
0.88315761,0.88809043
0.44787365,0.61163920
0.59433055,0.29148528
0.83061832,0.84470338
0.78132147,0.76190341
0.52813685,0.67272520
0.86224920,0.96080023
0.83747423,0.93525702
0.89250433,0.96389180
0.63133949,0.64065313
0.73234779,0.72689146
0.80157626,0.77282280
0.37550867,0.57794201
0.05702496,0.35547245
0.72169656,0.93001091
0.81786102,0.76111454
0.51536041,0.52020627
0.10176176,0.17866541
0.75537080,0.69835669
0.53975773,0.33899325
0.66256309,0.67985255
0.94112253,0.92778361
0.10029095,0.10347844
0.75485247,0.86087668
0.92757118,0.91655713
0.49623930,0.68643981
0.67968041,0.61396575
0.70579225,0.78740156
0.82591271,0.83333802
0.41922894,0.77130038
0.88539171,0.94031703
0.76473916,0.91185915
0.88108021,0.83411217
0.42338586,0.89218092
0.79518849,0.73265839
0.94226444,0.94374889
0.82336247,0.89110535
0.38927114,0.51438850
0.59384394,0.74140918
0.67197818,0.72272569
0.23979953,0.25613412
0.86387122,0.91926461
0.61316460,0.67595762
0.40582821,0.35258478
0.73621374,0.75138831
0.88060230,0.97033179
0.52209246,0.56723893
0.07835913,0.06769641
0.89146161,0.90299064
0.78510469,0.75866234
0.57658589,0.55458927
0.57271314,0.64275974
0.67812788,0.78007442
0.91194654,0.93749142
0.35583472,0.33064476
0.09366924,0.13935617
0.65554041,0.76309842
0.85396045,0.70236617
0.83120185,0.82342285
0.93565428,0.96078664
0.74678040,0.61427450
0.75944340,0.86798906
0.85057926,0.94516754
0.76229572,0.86344659
0.86264950,0.78021848
0.88802600,0.88256192
0.92648512,0.92800957
0.45243478,0.70984000
0.07911485,0.19401021
0.93658501,0.93364310
0.86685467,0.85556608
0.78066230,0.82829678
0.72924650,0.86018974
0.88113523,0.93216723
0.79750413,0.83884478
0.90068203,0.91721135
0.91544926,0.85417455
0.53484267,0.44195944
0.68978500,0.63091153
0.83675361,0.92968750
0.92433727,0.98076922
0.92214406,0.93113101
0.89249408,0.93695152
0.72093284,0.59340662
0.72330058,0.75494677
0.66373825,0.56511414
0.70791018,0.59271789
0.56238919,0.57225901
0.66985631,0.63688868
0.61657786,0.85099202
0.43924165,0.51166642
0.82960671,0.86235178
0.88371128,0.71102273
0.76845121,0.74606460
0.80098563,0.90601236
0.80928147,0.82942766
0.91276467,0.95560515
0.24926412,0.17277816
0.41679206,0.41530049
0.30641705,0.35408485
0.64619243,0.86810982
0.86910558,0.87404394
0.82819736,0.84020394
0.85025138,0.88895178
0.87268203,0.88835049
0.80804700,0.75410956
0.22526506,0.19355844
0.76056659,0.70774949
0.85574836,0.79755753
0.94434673,0.94196790
0.65573204,0.53551751
0.76026332,0.69441104
0.79117042,0.74720901
0.44756061,0.80436713
0.70270556,0.90191597
0.82009161,0.81031436
0.42847469,0.57670254
0.41709083,0.37342286
0.90931523,0.90213126
0.83657885,0.91887301
0.27010995,0.21821387
0.91348249,0.84253246
0.78124624,0.91629750
0.53257453,0.85547787
0.44076645,0.17727028
0.88280332,0.76651859
0.81311363,0.61042839
0.38825041,0.57232702
0.78687203,0.77196455
0.52969176,0.31979588
0.94906795,0.94718504
0.83317983,0.82682014
0.70457989,0.79161072
0.92567998,0.92636448
0.86185098,0.87543857
0.66899323,0.73408186
0.85958946,0.91348845
0.86905086,0.83029968
0.62414455,0.54387695
0.36191881,0.09005424
0.94052786,0.93725491
0.89794719,0.89542693
0.85747343,0.90824288
0.65692782,0.68916667
0.85997611,0.75555056
0.90808553,0.88198572
0.88668728,0.78076386
0.70588541,0.90701753
0.90353370,0.81612223
0.84399688,0.93109173
0.74862170,0.63605124
0.07997495,0.22940685
0.74226695,0.68094826
0.13869834,0.09789793
0.61988789,0.55041182
0.82075304,0.66631186
0.57836759,0.38241181
0.55621743,0.58136481
0.10240400,0.14239281
0.38159895,0.41961285
0.76562977,0.67160743
0.88658702,0.81496948
0.88451540,0.94230771
0.57545966,0.54797554
0.16353023,0.22549520
0.94292462,0.88494551
0.83673936,0.87281960
0.88266659,0.79909480
0.91420114,0.97513658
0.78762788,0.87907219
0.86171627,0.82881582
0.44370127,0.28370300
0.73518318,0.50191200
0.52975756,0.55876905
0.78284937,0.84394497
0.74131435,0.86643320
0.85869932,0.88522571
0.90830815,0.92619932
0.66536361,0.62764049
0.82508683,0.83414376
0.69576627,0.59026688
0.82894742,0.88969105
0.86500418,0.87930161
0.57259059,0.64108753
0.74302310,0.69405240
0.65122539,0.44936466
0.58185625,0.65328610
0.17242008,0.35587573
0.84884745,0.92472613
0.85525823,0.89193571
0.91109157,0.91976273
0.71771115,0.56158555
0.82615453,0.93181819
0.83371425,0.93839288
0.92906153,0.89677179
0.62271810,0.61343890
0.80769825,0.64621210
0.81614065,0.93771851
0.65442121,0.64251715
0.81803524,0.80676502
0.88376135,0.92940140
0.16472250,0.56573516
0.76175725,0.83414179
0.79487658,0.61239034
0.92474079,0.94537038
0.61535567,0.89517760
0.86084402,0.84082633
0.93910021,0.95478034
0.76187581,0.82629454
0.89121556,0.90221554
0.69109690,0.71525139
0.70696080,0.65284371
0.74171889,0.88858747
0.58007812,0.34324324
0.86684704,0.92129201
0.25798917,0.52965587
0.82575530,0.85662329
0.66960299,0.62984276
0.80881160,0.84014910
0.47771358,0.67456281
0.78539133,0.81367642
0.85679233,0.87737381
0.70271885,0.71979111
0.60978335,0.60012245
0.76987159,0.80896324
0.46198544,0.79903263
0.82329684,0.84898800
0.88393819,0.89979094
0.58073366,0.54217803
0.88063216,0.87184513
0.38735831,0.35023639
0.88945460,0.86972600
0.88758683,0.93309766
0.81115198,0.42963848
0.95153964,0.95238096
0.83507013,0.90292448
0.44026768,0.59359169
0.90286332,0.84764689
0.94208848,0.93941593
0.63860482,0.54642147
0.52630472,0.46075755
0.85528028,0.78745866
0.92679513,0.88140428
0.84982800,0.85532874
0.85628736,0.87586004
0.40780097,0.41097781
0.45452201,0.81294906
0.64257026,0.69873011
0.78242594,0.76341772
0.38112122,0.41939652
0.92463732,0.93331707
0.41402030,0.38063678
0.77657640,0.81461120
0.88741469,0.86356544
0.82905275,0.81888497
0.77729708,0.70126402
0.86675519,0.84600532
0.79126018,0.71799242
0.52427304,0.80576766
0.17312014,0.11573371
0.04412001,0.14471753
0.22900608,0.27370870
0.34648454,0.21802193
0.84963959,0.86745286
0.84798789,0.91761792
0.38938349,0.55567831
0.23672134,0.08684523
0.92087710,0.90174997
0.82336116,0.97752810
0.72947252,0.50587827
0.91239607,0.95787656
0.82439655,0.82811010
0.67052132,0.58943623
0.83093280,0.84034121
0.63180876,0.72468823
0.53093058,0.41787943
0.44291228,0.67524695
0.75772887,0.88715434
0.82911587,0.85143358
0.71857774,0.76572299
0.84816599,0.73267573
0.46597818,0.41130349
0.43251216,0.41253459
0.47075167,0.42333701
0.80661720,0.80225331
0.21521392,0.37073177
0.88254035,0.89083129
0.96378875,0.92635638
0.88939440,0.90638530
0.95290995,0.92786336
0.90510947,0.88932884
0.83318108,0.87222224
0.82248592,0.76081729
0.84858149,0.84429973
0.77632368,0.86156839
0.38063025,0.45977011
0.83962435,0.87298405
0.62539583,0.47832707
0.43152478,0.52225542
0.77412468,0.79806578
0.87049377,0.88583738
0.86425316,0.87263954
0.56968731,0.70811111
0.87590224,0.81082720
0.84420592,0.75315470
0.55675256,0.55298787
0.86461496,0.86960250
0.88042819,0.89337331
0.29657567,0.29517210
0.40570918,0.38227704
0.82281816,0.94754153
0.88095462,0.89941752
0.77756763,0.72067940
0.84055138,0.92671192
0.70286191,0.72892541
0.37127867,0.40477979
0.51619720,0.49698871
0.42113727,0.22254266
0.86484230,0.91021466
0.62794131,0.75062531
0.81932539,0.89143640
0.90667486,0.92778337
0.92099082,0.84831065
0.83344764,0.81224483
0.67356217,0.76156652
0.85016680,0.82895660
0.64070857,0.54846936
0.93999505,0.93164825
0.68962514,0.79267889
0.30356821,0.17075326
0.49819615,0.27600297
0.95788121,0.93757331
0.84623975,0.71526593
0.64686096,0.66985452
0.58253384,0.41604635
0.87736249,0.81719166
0.10091233,0.21320389
0.66397232,0.72617304
0.94650912,0.94099051
0.78967166,0.75108284
0.43306649,0.46733695
0.10373485,0.10089324
0.95712250,0.94463146
0.84029835,0.74892473
0.73353755,0.84465814
0.60001338,0.58803153
0.72451425,0.78171647
0.84141940,0.86781013
0.24696296,0.48348597
0.87209034,0.89264327
0.48986888,0.50515997
0.91247123,0.91790068
0.26083344,0.32206389
0.83101404,0.85796642
0.56134325,0.50573266
0.16128916,0.20284900
0.92168897,0.87166619
0.87663496,0.93390751
0.92379200,0.99810249
0.66843343,0.66365343
0.59124368,0.42079458
0.72675920,0.71060944
0.85157454,0.93063945
0.67079127,0.73101854
0.83387035,0.95595813
0.77885479,0.61693120
0.71645147,0.85039145
0.95307213,0.96496212
0.42015302,0.24882154
0.84242541,0.92705601
0.87583518,0.88428366
0.29221231,0.38980940
0.85290897,0.93256634
0.91358554,0.83937222
0.68340397,0.72542518
0.78076971,0.67465597
0.70202261,0.82082480
0.90594131,0.90278625
0.86761665,0.89822596
0.81984502,0.68520772
0.52945286,0.38532355
0.64794362,0.48704740
0.88232571,0.83126938
0.08954948,0.18162036
0.92496920,0.90208477
0.90100503,0.77817488
0.84978855,0.97225618
0.06208569,0.19789402
0.86160433,0.89963681
0.92100382,0.94377440
0.90328193,0.85839826
0.64979249,0.61078435
0.41533086,0.61413044
0.92839116,0.93711191
0.88593054,0.76545084
0.95192766,0.97058821
0.39524469,0.36443609
0.40753421,0.36312521
0.76459169,0.76708263
0.47515985,0.52937502
0.84622800,0.79024607
0.68700230,0.89081454
0.92569041,0.86110950
0.51049644,0.75369942
0.30934227,0.35006940
0.92139775,0.94548410
0.78533363,0.66498518
0.75863588,0.81830639
0.84372628,0.82892108
0.72654879,0.88184768
0.27777475,0.27616072
0.87347186,0.79850364
0.91184533,0.89065719
0.88277626,0.93086231
0.92444634,0.72998244
0.87355971,0.84679800
0.46805549,0.21632653
0.22027305,0.33326069
0.26438379,0.19183815
0.52341974,0.48743087
0.93541420,0.94407952
0.89849609,0.89401984
0.89767849,0.81552893
0.90007281,0.92807019
0.93700433,0.78325993
0.77053046,0.86732459
0.82717395,0.77313966
0.84062564,0.77454948
0.67092615,0.74046820
0.89245975,0.85392076
0.81247926,0.83129698
0.89108694,0.83756614
0.92539001,0.93528140
0.84322333,0.88186926
0.71222073,0.79381973
0.65606081,0.69688696
0.94197482,0.91922879
0.91587669,0.92652273
0.86193395,0.84664577
0.79112399,0.76540387
0.85433573,0.89585638
0.92242301,0.93859649
0.32720840,0.32080314
0.70004421,0.77245408
0.94793499,0.91573280
0.62193024,0.64191377
0.81321073,0.85057473
0.10741705,0.14787246
0.89063859,0.84416056
0.80837232,0.79087746
0.85392594,0.89317387
0.70998734,0.64391613
0.77616400,0.88299233
0.52346891,0.43194795
0.79979479,0.67963105
0.76994723,0.65176547
0.80178696,0.82643163
0.78481638,0.75226355
0.83306885,0.75716102
0.43628314,0.44025022
0.70138830,0.60747039
0.63291562,0.78223419
0.90163428,0.86879975
0.84061581,0.76255196
0.89765179,0.88927275
0.92536062,0.96808511
0.48174497,0.54241073
0.78984660,0.75661653
0.18028802,0.09863760
0.46908289,0.55715907
0.84173465,0.73624593
0.84361434,0.79540890
0.73982978,0.71696526
0.55322409,0.59149587
0.92838061,0.93978560
0.89453089,0.96419412
0.48579234,0.69525450
0.87963128,0.49738893
0.71941954,0.76723981
0.90895361,0.95720690
0.90389585,0.90099812
0.85406667,0.95794469
0.13024539,0.30288059
0.52715647,0.71082675
0.71990752,0.86419159
0.71718806,0.65958905
0.89203322,0.85815513
0.61556220,0.74333793
0.56744319,0.66988039
0.54517293,0.71070814
0.73626000,0.94148535
0.59212726,0.81313258
0.81206650,0.79290372
0.74079120,0.64735752
0.85384703,0.79436970
0.87513012,0.87596530
0.94065452,0.87224531
0.89610982,0.95764995
0.34403688,0.36092472
0.77619779,0.62922239
0.91972536,0.92874461
0.78325886,0.74860299
0.68150759,0.70526314
0.85908949,0.89749998
0.34452742,0.37449864
0.90618181,0.95026022
0.58372939,0.32028005
0.47384825,0.64425415
0.90516102,0.96162230
0.77412546,0.76695514
0.81204176,0.77394414
0.48432225,0.63053328
0.87249398,0.95596242
0.78556120,0.76823986
0.76773322,0.75105363
0.45107025,0.32566988
0.67093116,0.68333334
0.58247191,0.69332433
0.07619971,0.08037448
0.76255322,0.89220911
0.91688919,0.96814519
0.75888509,0.84479272
0.83148646,0.79338527
0.87031412,0.94954646
0.42561781,0.43284315
0.83098781,0.69583505
0.90482765,0.89440757
0.35318899,0.36039910
0.15162700,0.35332921
0.83629227,0.68539518
0.54862714,0.74256802
0.61962014,0.48081312
0.69787711,0.53971231
0.59490985,0.72615498
0.94989133,0.92392248
0.92478538,0.96382010
0.56211293,0.73432392
0.87120062,0.86331171
0.76909703,0.78166544
0.86224616,0.89899069
0.52677077,0.76608050
0.80663157,0.86064786
0.68763202,0.82148719
0.47572356,0.58672035
0.94354802,0.93351567
0.29242003,0.42465344
0.49178204,0.68576086
0.60017931,0.52576363
0.75857580,0.70784760
0.81992006,0.53574198
0.92248613,0.91157508
0.83986109,0.74523485
0.88568950,0.91091871
0.76957405,0.82977635
0.57906342,0.81792766
0.87653518,0.88826263
0.67581421,0.72435689
0.77703166,0.75868577
0.66360468,0.67637467
0.79209495,0.99567723
0.94069093,0.92606348
0.49633989,0.57397401
0.88250273,0.90356058
0.85251009,0.71961153
0.79450768,0.79880536
0.62727791,0.50130612
0.91122699,0.93789756
0.87410283,0.95311296
0.74357516,0.81991476
0.67393577,0.72814614
0.60603106,0.71362889
0.83740848,0.83389235
0.76986957,0.83451200
0.84643650,0.78860199
0.73154414,0.73657191
0.82370424,0.84061986
0.86485505,0.94540530
0.80280513,0.80648643
0.19229585,0.31366667
0.74718785,0.84796661
0.79034120,0.73351729
0.42051452,0.54718840
0.91129106,0.88162988
0.75214076,0.81057250
0.85495418,0.92400765
0.57782233,0.57354552
0.83525634,0.87233663
0.45846108,0.50428438
0.24993777,0.13711420
0.35205764,0.32454872
0.86577278,0.89262384
0.94395626,0.96363014
0.16353393,0.19509904
0.94910342,0.99425286
0.60208809,0.72651094
0.66463012,0.60988230
0.40952152,0.60228240
0.87909383,0.88930732
0.89810419,0.86408865
0.40545338,0.34537953
0.85300559,0.84377444
0.95647073,0.90561378
0.15163791,0.13695097
0.22593823,0.50378859
0.82408118,0.74292064
0.80202484,0.79004449
0.15488374,0.24258862
0.75985277,0.86763489
0.79552388,0.94272786
0.90402395,0.87228262
0.91067147,0.93089473
0.62537676,0.82659674
0.79975665,0.56715345
0.30734432,0.43750000
0.56387478,0.64929664
0.82338405,0.87730443
0.74432707,0.87369418
0.95614642,0.93460876
0.75218642,0.83190787
0.94083381,0.93884945
0.89630193,0.93355179
0.81358308,0.68113589
0.79454339,0.92294228
0.90089941,0.92998475
0.51533759,0.72939563
0.92384380,0.81197727
0.90691531,0.93533128
0.65413743,0.66155618
0.79638755,0.83815289
0.72483253,0.64594233
0.54712969,0.42381462
0.31180751,0.33714616
0.16840500,0.19290447
0.83665031,0.88418782
0.64536178,0.52502614
0.24724090,0.22745098
0.89928108,0.81343281
0.20357507,0.29205781
0.92196387,0.87623543
0.57345062,0.67069441
0.73447263,0.84294069
0.90216333,0.93773043
0.78029484,0.81463414
0.93475503,0.94401836
0.87745219,0.86678141
0.82657713,0.87521613
0.56006920,0.57271230
0.44007114,0.53940362
0.70072860,0.71821153
0.86796594,0.91012084
0.70668256,0.47917229
0.84310514,0.98165137
0.84257901,0.91362369
0.85981774,0.85909718
0.76125759,0.54266471
0.87292516,0.91173846
0.90468222,0.90658933
0.91889274,0.86791629
0.94380903,0.95744681
0.74265528,0.58418125
0.77559733,0.82290292
0.85643411,0.87208658
0.61602366,0.74011052
0.42312658,0.60045093
0.87816978,0.83905226
0.75405735,0.65093398
0.89001209,0.90899503
0.57160211,0.69546163
0.29457214,0.74472129
0.77805907,0.88727701
0.68318576,0.73769182
0.59469736,0.73922074
0.62384546,0.76217532
0.92573404,0.93277627
0.76479131,0.83050299
0.94107759,0.90052283
0.08703434,0.21194558
0.10818464,0.17284226
0.88594985,0.77059960
0.90763611,0.91963649
0.82802546,0.89316058
0.88841993,0.86691087
0.93381816,0.93498981
0.81727445,0.82219505
0.56259072,0.58228850
0.70872986,0.70582694
0.94432050,0.95121115
0.76955563,0.86135387
0.58726329,0.56164718
0.37639463,0.30777812
0.91906387,0.91045171
0.83399189,0.89441824
0.71939534,0.84645456
0.87199575,0.94160479
0.90901220,0.91924030
0.91010052,0.90334094
0.62695640,0.61994076
0.50989318,0.40143004
0.80939806,0.81551468
0.73826307,0.78577238
0.36346805,0.20197700
0.77809739,0.66645622
0.62547493,0.78876680
0.88066530,0.89681494
0.95912838,0.90065694
0.88557661,0.84817350
0.65659702,0.47467282
0.50661099,0.79190505
0.32779020,0.28224444
0.65097773,0.76277483
0.87983143,0.91742486
0.80119324,0.83657098
0.82489890,0.82361144
0.81902027,0.68787706
0.80256033,0.91034049
0.93582535,0.96686637
0.69108504,0.61069554
0.84737676,0.83503401
0.66922790,0.69078428
0.85608089,0.91370666
0.83252203,0.84787780
0.85701621,0.90089047
0.82124037,0.82089055
0.83522201,0.80405194
0.91688257,0.93518662
0.94631177,0.97240955
0.81479287,0.84013987
0.80227232,0.87225527
0.91829693,0.92179430
0.84099466,0.92888987
0.27057844,0.45072746
0.91528654,0.85822284
0.88706887,0.85104918
0.68637204,0.76822382
0.87081623,0.82194221
0.68523264,0.59787560
0.77595943,0.84872788
0.79346228,0.83742207
0.28279388,0.34439981
0.91749078,0.93610096
0.21375990,0.26666668
0.69369054,0.62235463
0.42912084,0.60673052
0.28044605,0.18010005
0.86413187,0.84380031
0.82924056,0.92732280
0.83704162,0.83649731
0.83401191,0.90593380
0.56031388,0.70613438
0.91084290,0.92788690
0.48435193,0.48370764
0.82035381,0.81176519
0.65773207,0.77148271
0.89200687,0.96093750
0.93143463,0.90387791
0.84974062,0.84759659
0.77631915,0.89461780
0.91222829,0.94208241
0.93776524,0.95119363
0.93853325,0.90923703
0.92906284,0.98130840
0.54116869,0.56146836
0.92290115,0.91173589
0.63644749,0.50154185
0.72596347,0.58893472
0.18834513,0.14646147
0.61118436,0.50424671
0.35724524,0.41088435
0.52688473,0.29401568
0.38248599,0.48030955
0.25180578,0.07546584
0.64969760,0.74223316
0.74837947,0.87124062
0.92049801,0.91920114
0.55795765,0.74406934
0.94724870,0.92366052
0.74562258,0.64682537
0.61028671,0.60321188
0.46749997,0.37818581
0.61877853,0.62571734
0.88785315,0.91259533
0.70710337,0.72680253
0.67226142,0.66029036
0.90401572,0.87170118
0.79689169,0.76955587
0.91517824,0.93319839
0.69144595,0.85587108
0.52369726,0.58505511
0.80817837,0.96349204
0.61523265,0.61569321
0.66705728,0.69259226
0.62434173,0.66327536
0.90266216,0.91928649
0.94120610,0.95802468
0.92239821,0.90012270
0.93438411,0.90114379
0.23371643,0.20503296
0.25046158,0.35523197
0.35320693,0.26745707
0.91805583,0.90437460
0.78863895,0.63581181
0.63478595,0.61104149
0.89183450,0.93285304
0.58246624,0.81210190
0.38155323,0.47129482
0.88520622,0.81258750
0.48571199,0.45364729
0.92452747,0.98169702
0.63784397,0.78268450
0.58016485,0.61704546
0.92433155,0.88990861
0.83153403,0.97045207
0.67424512,0.70130837
0.93963057,0.89285284
0.59413046,0.62724870
0.63245398,0.56385195
0.52892452,0.25637975
0.68609774,0.79500234
0.71271640,0.69508725
0.65148181,0.63013417
0.91899014,0.98334062
0.55422002,0.69055158
0.86583591,0.92383808
0.91667664,0.94218361
0.89094621,0.86891854
0.87216198,0.86367422
0.60942292,0.51754659
0.76196432,0.78297937
0.91825545,0.93371862
0.90050608,0.90143776
0.82589203,0.91566491
0.18868887,0.30468205
0.50891232,0.56979698
0.41547453,0.23250675
0.91469073,0.86995327
0.28393090,0.41469720
0.90144032,0.93900478
0.54984224,0.43546876
0.82701814,0.77786911
0.50038117,0.69936556
0.89281845,0.95305806
0.85232776,0.76403230
0.82575256,0.80402207
0.80357045,0.75223839
0.78660887,0.83078456
0.75195420,0.78764856
0.95961499,0.95811826
0.56892908,0.65855736
0.93119359,0.91666669
0.09210807,0.07999019
0.79072791,0.76587898
0.85457015,0.61953080
0.67228675,0.75495642
0.90969902,0.95080733
0.79531878,0.77038592
0.65233421,0.80060756
0.59110707,0.74267250
0.87015533,0.79971099
0.82694817,0.91238075
0.23414797,0.22217397
0.90039742,0.87666112
0.51830268,0.74300504
0.65758061,0.45698714
0.26086777,0.36278734
0.44532913,0.37106428
0.81219655,0.71309465
0.44929868,0.44977465
0.63364887,0.59016037
0.91560137,0.91565895
0.93545556,0.91120613
0.86156809,0.91013020
0.92321646,0.89345205
0.83772051,0.80820620
0.67013133,0.86757928
0.88769996,0.91666669
0.79425657,0.85315496
0.93019801,0.87983447
0.40261447,0.49665090
0.94435000,0.95381582
0.88904333,0.90521133
0.74125856,0.67910516
0.64338368,0.40959081
0.23208946,0.20271671
0.36172104,0.68091470
0.73163497,0.68552852
0.94407332,0.96753246
0.16995031,0.10126051
0.84938061,0.80754149
0.94195759,0.93436402
0.81342906,0.74362189
0.87455511,0.82724601
0.66467679,0.79828215
0.82821834,0.69347245
0.73777783,0.82698303
0.96756053,0.93198323
0.64623952,0.51811862
0.58884227,0.70439917
0.91691744,0.92944145
0.82298875,0.90636706
0.75516051,0.71667582
0.58486754,0.42832315
0.85319042,0.89857936
0.85399908,0.86661679
0.95448601,0.92589283
0.35753042,0.25634059
0.70474857,0.83868378
0.89653087,0.78827751
0.93225551,0.92849410
0.87950349,0.89989805
0.69122964,0.76666665
0.57892621,0.55991811
0.36203480,0.28589076
0.90002275,0.88310915
0.51397634,0.55888957
0.92039967,0.89850473
0.55221659,0.27880543
0.86266208,0.92014730
0.68444830,0.73731178
0.57396656,0.52108461
0.70216978,0.83567995
0.34058040,0.32528889
0.93779367,0.96169591
0.51144135,0.77822578
0.53395206,0.58068180
0.92668664,0.87170529
0.71039551,0.71845239
0.92750728,0.87380368
0.77497655,0.76607144
0.90919077,0.95326221
0.94753969,0.89258462
0.44556651,0.34081885
0.44849759,0.59745753
0.76629150,0.68646055
0.78958744,0.82647961
0.91463685,0.90271491
0.85385203,0.91725850
0.83682597,0.88718826
0.84483206,0.87114435
0.63697898,0.60120356
0.82043082,0.46852174
0.72709954,0.73190427
0.59554398,0.39402726
0.75559545,0.62926930
0.46681970,0.49691918
0.93629742,0.98701298
0.90354770,0.89826065
0.79604912,0.85449898
0.85939205,0.90821499
0.68446797,0.75923043
0.64072227,0.70555204
0.85123718,0.94282120
0.85943174,0.77347064
0.80156040,0.67157787
0.88165289,0.70553362
0.56713212,0.81201661
0.93264735,0.88078886
0.79343444,0.83578432
0.96179456,0.94103128
0.67065638,0.53107768
0.45439437,0.52988833
0.27958089,0.20009609
0.49983782,0.39013493
0.76977587,0.78663665
0.94687605,0.89193547
0.61834157,0.44416144
0.79448307,0.93978345
0.81914854,0.81386513
0.22975308,0.33039546
0.73408282,0.65399677
0.80049539,0.75515068
0.94833952,0.96022224
0.85519230,0.87657964
0.81605172,0.84198749
0.68975681,0.86983937
0.64725763,0.78114754
0.65773720,0.78111744
0.70735747,0.56970626
0.85797405,0.92520034
0.81654131,0.79707003
0.88527989,0.89074498
0.93437517,0.84968865
0.67080092,0.76813245
0.74599308,0.90280050
0.82215714,0.94572371
0.77327120,0.82553840
0.50967091,0.65357143
0.90127569,0.95462906
0.56844479,0.66510111
0.88184279,0.79662228
0.91914439,0.90443242
0.76744437,0.84760690
0.70182115,0.83841294
0.44189140,0.67039657
0.73121017,0.83207256
0.80922687,0.81657487
0.73973197,0.77877766
0.26178497,0.31129807
0.53435290,0.68655598
0.34336665,0.59858119
0.09790736,0.17453220
0.85867918,0.93983346
0.80135429,0.93475556
0.82546359,0.75798655
0.69149739,0.70731276
0.64183724,0.71174288
0.52515078,0.35124078
0.91396666,0.91406113
0.74602669,0.76807600
0.73306853,0.76313525
0.47887871,0.31278375
0.43845791,0.44432133
0.83045667,0.90317613
0.76733750,0.79202557
0.92227662,0.93099362
0.59431422,0.70170403
0.48790783,0.54166949
0.78867787,0.85633147
0.92473185,0.90139705
0.73923016,0.75012022
0.83017612,0.80881226
0.78054893,0.82235855
0.48826709,0.60790813
0.75658333,0.74700153
0.91629893,0.96954507
0.84704596,0.91812015
0.86876619,0.84948391
-0.03410500,0.08566161
0.92329848,0.12643468
0.62823677,0.85046059
0.85418391,0.90807289
0.93494129,0.93888801
0.69257361,0.60186297
0.95503664,0.91981262
0.65614170,0.69896704
0.65448594,0.66550720
0.84027910,0.77146763
0.82522571,0.90429294
0.66804338,0.79958069
0.34506834,0.40756464
0.66907340,0.39721471
0.38924775,0.17623153
0.51990676,0.73163074
0.82641852,0.89707863
0.75121695,0.56689388
0.65595007,0.87054497
0.89287198,0.88084084
0.90313399,0.91818798
0.88878906,0.94163120
0.95093894,0.86440676
0.73704177,0.87353730
0.34517121,0.56899458
0.63862824,0.49455270
0.69409126,0.61777139
0.53197956,0.52595538
0.73336542,0.94755542
0.39095992,0.36901370
0.89972889,0.87933469
0.82775331,0.87507808
0.89521462,0.91969991
0.93957233,0.97183162
0.82653105,0.69854492
0.94024682,0.90601087
0.90283155,0.91934985
0.77976739,0.76273364
0.84449351,0.86068255
0.81428313,0.91656953
0.71189868,0.60021871
0.86214793,0.85117328
0.78972673,0.86987966
0.86687869,0.84303600
0.61297679,0.77068216
0.55483866,0.79150760
0.94357431,0.97414732
0.88917506,0.88803732
0.94834924,0.90785474
0.62948680,0.71074456
0.83916867,0.83252627
0.57633901,0.63190854
0.90720809,0.88191229
0.11325675,0.20976952
0.88792193,0.95288247
0.91808891,0.92028987
0.51668942,0.49156144
0.78659070,0.83364457
0.80046642,0.87213224
0.83721834,0.88528138
0.58123261,0.58817035
0.31251538,0.31286803
0.50559163,0.62922794
0.65852165,0.61418188
0.68896377,0.24347527
0.10663515,0.11873738
0.66864383,0.76134181
0.35464007,0.39613393
0.62584853,0.82008451
0.81584519,0.80440974
0.31899220,0.33329469
0.73313254,0.92367554
0.85247993,0.89866668
0.50665897,0.70171762
0.40375465,0.42954203
0.74737716,0.80566639
0.81140047,0.83036262
0.92324561,0.92585701
0.66067427,0.74073303
0.76808709,0.80979818
0.87495655,0.86962384
0.68795002,0.62326616
0.76619065,0.63095152
0.78064317,0.89482588
0.73219955,0.83699787
0.55835956,0.49342829
0.84687072,0.91283423
0.84406519,0.80642664
0.47960857,0.62330812
0.84206051,0.89504141
0.82037652,0.89152396
0.72788823,0.92405063
0.24376899,0.32725823
0.44899744,0.39709273
0.87646472,0.93515384
0.88934255,0.88094622
0.85253078,0.85957152
0.31374294,0.27339184
0.92809021,0.86980635
0.88220012,0.79888940
0.42089200,0.42548537
0.86635876,0.86160082
0.31719306,0.54627961
0.66295302,0.43585798
0.61795986,0.50837368
0.88502645,0.85884035
0.91388023,0.88307792
0.20006704,0.45987770
0.81586432,0.91107064
0.25806314,0.24315847
0.72578144,0.90119338
0.79374617,0.90645260
0.56205046,0.72031248
0.85281956,0.87706041
0.75852621,0.80713564
0.81586629,0.85912198
0.80510736,0.72882140
0.88890892,0.99019605
0.86381495,0.83900726
0.66952401,0.32135075
0.50795925,0.39172241
0.64203358,0.67829460
0.38978484,0.37510505
0.92568195,0.83604652
0.93061709,0.85988456
0.60850745,0.65158045
0.23540971,0.31108308
0.48512840,0.50334930
0.86415374,0.85481507
0.83426446,0.79130161
0.82958519,0.84695125
0.78127241,0.61887354
0.17466712,0.14263675
0.58964068,0.48690495
0.82227701,0.86300260
0.10615653,0.26383927
0.57349223,0.53753352
0.81231654,0.62433434
0.61841846,0.45224568
0.92188823,0.95352924
0.88465953,0.80819237
0.73927623,0.69459707
0.46644858,0.67878431
0.91732204,0.89837396
0.93511152,0.95400435
0.90456706,0.91041696
0.82477272,0.75858337
0.80337876,0.82003665
0.66799021,0.70340455
0.67775935,0.48337805
0.40725365,0.37991992
0.71907055,0.86611974
0.59995216,0.58784384
0.61029744,0.75064933
0.89607930,0.90627605
0.65362430,0.65292746
0.89184356,0.91074139
0.58413547,0.76752019
0.76337504,0.87040246
0.69434518,0.61211991
0.51530850,0.43487820
0.83099794,0.90623552
0.92665297,0.89944851
0.89710385,0.84052944
0.30059242,0.26004007
0.68278116,0.84988815
0.67125839,0.53417081
0.76779723,0.83466578
0.68065590,0.52981442
0.64078766,0.86218321
0.82661450,0.81845027
0.88687813,0.86103523
0.35401779,0.51631916
0.70567751,0.83559859
0.56160313,0.18303572
0.72406328,0.93627453
0.91233617,0.83944249
0.72140574,0.84463322
0.09985334,0.09526616
0.89433789,0.93244487
0.84469497,0.77100843
0.85170060,0.94883019
0.96377265,0.92723972
0.75845051,0.68794161
0.91976851,0.86485237
0.97065723,0.92160589
0.81324393,0.89840817
0.87645310,0.92906165
0.84300464,0.75259233
0.87665629,0.61574060
0.64663380,0.59257960
0.89534879,0.79675978
0.79098022,0.59789425
0.93519622,0.93469661
0.72210914,0.54686409
0.92888498,0.93159062
0.77750129,0.70015490
0.78017181,0.86223722
0.82008839,0.90609950
0.90146899,0.94830412
0.87950468,0.94938821
0.33359215,0.35658288
0.65835446,0.71201617
0.64177269,0.45272169
0.85201228,0.82881021
0.43969536,0.37209436
0.75407988,0.92400002
0.66039401,0.68304229
0.76613253,0.71880341
0.93536913,0.88179296
0.79433638,0.76571894
0.81982267,0.77197582
0.56337845,0.57446116
0.19550490,0.32542616
0.49204007,0.65605420
0.68662924,0.61134416
0.37603951,0.58115762
0.85479444,0.81293952
0.80503416,0.60676390
0.85286170,0.82358974
0.78298968,0.85777777
0.43805352,0.27318868
0.64818424,0.81480813
0.85511267,0.87839675
0.32933247,0.29782945
0.15841478,0.04680178
0.08331156,0.06657046
0.87471092,0.90623760
0.73058581,0.81647158
0.74122494,0.58619440
0.89454579,0.92981434
0.88624918,0.95986170
0.64128095,0.74702710
0.52101541,0.64082605
0.89257127,0.76300967
0.81977302,0.83017105
0.79970837,0.84848541
0.70925188,0.79630065
0.82226270,0.79869944
0.63544649,0.59406590
0.78826118,0.79819822
0.82844663,0.81499010
0.93294102,0.91630435
0.49911970,0.34444845
