Predicted Score,Actual Score
0.86695880,0.97402596
0.86023253,0.73417723
0.44962847,0.12823969
0.88728738,0.81259978
0.87481672,0.89496130
0.55912578,0.47500202
0.91112256,0.90291262
0.87333846,0.96124291
0.86947131,0.89341539
0.85522985,0.88575649
0.78400373,0.89799571
0.89330548,0.90173441
0.84890759,0.87073731
0.88748395,0.92330921
0.40817961,0.56876683
0.65541977,0.75344354
0.95191664,0.95312500
0.90668255,0.91624480
0.78777355,0.69825709
0.61606055,0.67295039
0.90714657,0.92591548
0.64244562,0.83874792
0.61575556,0.67183489
0.94712323,0.87838751
0.86066496,0.85806680
0.30901271,0.67744184
0.65631628,0.64183676
0.85537970,0.90314204
0.56281990,0.39795625
0.15874243,0.23219927
0.70097989,0.73923182
0.53682244,0.62878650
0.87190062,0.79866892
0.97454685,0.93340164
0.80392009,0.76762378
0.92780691,0.87750590
0.67926985,0.70610350
0.87571216,0.87274390
0.77984256,0.77471316
0.77390146,0.74017882
0.61537844,0.53162020
0.78966820,0.85185730
0.87476063,0.82243454
0.90566421,0.96494067
0.81078410,0.68949252
0.82116300,0.84601575
0.67696607,0.66256118
0.94685233,0.96178091
0.90709484,0.89498997
0.37167814,0.60363024
0.94890493,0.95655042
0.49173319,0.52236116
0.77027375,0.77376813
0.88575602,0.95441693
0.68702304,0.69354075
0.32652748,0.63580692
0.88280189,0.84415495
0.68806434,0.40421757
0.57392192,0.71092772
0.51035035,0.48772570
0.85103732,0.92003518
0.71522826,0.80931371
0.76996499,0.81769353
0.54475582,0.58732945
0.88107657,0.93263525
0.91317677,0.92334527
0.85683393,0.86228913
0.38815683,0.61061680
0.94716203,0.94150591
0.93385690,0.93775851
0.76325208,0.77325583
0.65574062,0.75315696
0.98103029,0.94875002
0.93169451,0.91922528
0.06667942,0.08555707
0.91467953,0.91582203
0.66667426,0.45671695
0.89796084,0.90770239
0.88770384,0.85985541
0.65948534,0.62730861
0.69194591,0.72826087
0.94636065,0.88688642
0.59713101,0.71479058
0.41353005,0.36846665
0.65263772,0.65540588
0.61129510,0.68428475
0.81829631,0.84891218
0.72717577,0.55244505
0.87250507,0.35617423
0.54952776,0.50777072
0.77831739,0.85436708
0.68041086,0.79423076
0.85298306,0.89748764
0.69789624,0.83244783
0.92083746,0.92120171
0.75690234,0.88900036
0.75505900,0.84893095
0.33957505,0.26438427
0.88933784,0.93618190
0.58137965,0.71952027
0.68777490,0.70891517
0.86245847,0.93338555
0.79028827,0.81782299
0.85843939,0.82515365
0.95107502,0.93354863
0.78233582,0.76575905
0.78631473,0.78066832
0.70500773,0.81996006
0.32470465,0.70684522
0.78326082,0.62531328
0.90750599,0.92056233
0.87086564,0.89564049
0.79908186,0.75606227
0.91260356,0.79218322
0.83363533,0.74072599
0.93041205,0.98071426
0.90537965,0.92811561
0.92568904,0.87471670
0.90878105,0.91462636
0.89041692,0.82258064
0.36675185,0.39279380
0.88173163,0.88937986
0.93025953,0.90602368
0.82491398,0.81310177
0.46536291,0.55831259
0.79456395,0.94914424
0.92229164,0.95865506
0.92998987,0.91876382
0.65008211,0.50917327
0.42986366,0.36498562
0.48836374,0.61657834
0.93309784,0.79741937
0.95451170,0.95239449
0.37224472,0.28675476
0.08499625,0.07518037
0.78731191,0.71153843
0.91488081,0.92348027
0.93807632,0.92421323
0.84888613,0.56428504
0.83691257,0.82616764
0.26021183,0.34419924
0.64586514,0.81334132
0.55309379,0.65832502
0.41444093,0.43220028
0.87235188,0.90905404
0.87917292,0.79105079
0.64847231,0.55054945
0.75498903,0.62651515
0.79123938,0.86879802
0.88320112,0.97530866
0.83340824,0.87283242
0.50383151,0.56747156
0.90726244,0.94212097
0.67574805,0.66474348
0.84100538,0.92114174
0.68015862,0.53451371
0.46911472,0.53433007
0.28195083,0.26161468
0.75325263,0.76617503
0.43838748,0.26211971
0.69715667,0.85384059
0.78648090,0.83106786
0.53228635,0.52025586
0.63111955,0.45982206
0.65350187,0.66571146
0.58758056,0.65996927
0.70394647,0.55469769
0.43799978,0.49744070
0.85307598,0.82678950
0.92241353,0.86687738
0.37396649,0.50203669
0.74590504,0.82179201
0.65050185,0.83482140
0.91281462,0.87538403
0.67714596,0.42339361
0.92141491,0.87560409
0.84205240,0.96667218
0.92757398,0.91998285
0.63773495,0.57792211
0.21063170,0.11602031
0.37099868,0.44695711
0.90891093,0.90727723
0.33922890,0.21682203
0.33689949,0.73896211
0.10949892,0.08269231
0.94948667,0.89456820
0.22625524,0.54569191
0.37154704,0.53317410
0.90818542,0.80749857
0.83559489,0.91145813
0.76972228,0.55948716
0.85318375,0.80233300
0.85853016,0.88644528
0.61535275,0.62116641
0.93546873,0.95716840
0.84549832,0.88170350
0.95578516,0.87957662
0.90859890,0.89387870
0.38694122,0.40693602
0.86227053,0.89572513
0.89345890,0.91693234
0.92239565,0.84765124
0.57491517,0.76251251
0.96081090,0.91515762
0.96329629,0.87500000
0.90108740,0.89019877
0.86215883,0.61056477
0.48729941,0.82854885
0.89912874,0.78734589
0.77037561,0.78923386
0.80000097,0.88581467
0.10925332,0.16648623
0.46681139,0.67439586
0.67760170,0.60586655
0.36616769,0.21057090
0.99381196,0.97528487
0.57755828,0.77255833
0.70840853,0.81333578
0.54234111,0.40319654
0.19405031,0.18734229
0.87559122,0.93949294
0.85169560,0.83993411
0.80597603,0.81172067
0.93459255,0.84017092
0.92229122,0.92468828
0.90136623,0.88304842
0.77032262,0.66082203
0.86795056,0.88372952
0.87118781,0.83225191
0.93612295,0.95003641
0.85166079,0.72066885
0.76549304,0.86759102
0.93894714,0.95790040
0.83167058,0.90465409
0.86885953,0.89721519
0.67487347,0.70557100
0.69586700,0.69692564
0.89048833,0.92170662
0.74998927,0.82425898
0.72487533,0.87733400
0.74581528,0.73381919
0.84116983,0.93076921
0.30338976,0.24927424
0.78126073,0.52957636
0.86600018,0.82738793
0.67180192,0.86590999
0.93071169,0.92802405
0.88942540,0.90368575
0.68145907,0.54557669
0.54500270,0.62063390
0.78563142,0.79854780
0.85803354,0.74737102
0.09591675,0.12833922
0.86782479,0.79881155
0.35248640,0.35335454
0.92629629,0.93185782
0.60985434,0.59370100
0.69364297,0.77021104
0.55282038,0.52511907
0.37573200,0.30528343
0.68775141,0.80870020
0.58562320,0.34392732
0.81145144,0.89617443
0.45565054,0.35266176
0.05522943,0.07075887
0.94426078,0.87498575
0.75017780,0.88172841
0.14829642,0.12780370
0.90848905,0.90276414
0.76981992,0.83361101
0.76342726,0.88522983
0.98379809,0.95717955
0.63263375,0.46015915
0.57734525,0.38126567
0.17053907,0.25172111
0.83341134,0.80265307
0.80970138,0.76514375
0.53620350,0.07320361
0.78028959,0.89524198
0.75791281,0.73342174
0.86623323,0.80329156
0.85528302,0.85264045
0.79068118,0.78269428
0.86531448,0.87559807
0.90025145,0.90807718
0.23651323,0.36312518
0.93802005,0.80876142
0.27661946,0.25291896
0.91994983,0.86300600
0.70989585,0.79727256
0.59061801,0.61340129
0.94271368,0.89284766
0.96095347,0.91649079
0.62542707,0.55881286
0.37049842,0.54536289
0.89053035,0.75468165
0.90389514,0.94361734
0.72325885,0.59260988
0.75400448,0.64701778
0.88371456,0.71809447
0.91960943,0.93402511
0.54830623,0.58740681
0.38003603,0.41599599
0.25949410,0.14241019
0.78722370,0.67805189
0.90626293,0.80217671
0.49550000,0.66494596
0.89738017,0.95568520
0.59671181,0.61684728
0.88993001,0.88004929
0.87075585,0.88933253
0.83789337,0.82872027
0.71495259,0.80215055
0.82850784,0.80901641
0.79782897,0.82661730
0.11216199,0.11900791
0.83074927,0.87948585
0.81328034,0.80047262
0.63722718,0.46851847
0.34270555,0.57297772
0.87770617,0.71595830
0.40158617,0.74690306
0.78937697,0.73192525
0.70639622,0.75357145
0.51338065,0.57308745
0.67649913,0.62363571
0.68602729,0.65479439
0.94007689,0.93142426
0.69480526,0.83667612
0.88144994,0.89990115
0.62998879,0.67989606
0.91357744,0.94007879
0.81080246,0.91771734
0.89311850,0.91071504
0.91759086,0.92906648
0.89503914,0.91549295
0.77019626,0.66958934
0.41810545,0.41143456
0.66784191,0.88174874
0.84008837,0.85992599
0.48858809,0.13107717
0.89742601,0.89474386
0.82876062,0.68202478
0.96971697,0.94682842
0.74300146,0.63246292
0.89125216,0.62972188
0.46638286,0.37559256
0.91483784,0.80065358
0.95191270,0.92087841
0.25294039,0.36875001
0.98754221,0.91927636
0.49405479,0.46600592
0.64441568,0.61411488
0.90388775,0.89916748
0.82489705,0.92163610
0.89450479,0.93200552
0.65807271,0.61390060
0.88594353,0.65883905
0.89602333,0.67633200
0.78212231,0.86915255
0.12111253,0.15155677
0.64551699,0.49106583
0.61923546,0.69213933
0.26161960,0.24906784
0.49453968,0.54263598
0.80757827,0.77467996
0.75499445,0.68409622
0.18325567,0.29139313
0.47732106,0.51904726
0.48704454,0.38562462
0.90268350,0.84973544
0.91104341,0.95088142
0.91659921,0.94298244
0.91300023,0.86500758
0.85092497,0.90359151
0.87733233,0.87472767
0.68165612,0.46424896
0.93411547,0.95084935
0.79414767,0.77117878
0.65482670,0.58342171
0.92076743,0.91828686
0.75549948,0.80697674
0.73245996,0.71942645
0.90077662,0.93650794
0.54126036,0.57005721
0.35405657,0.51761085
0.76572907,0.75609297
0.53044301,0.45612457
0.82817966,0.73582870
0.49487036,0.38604474
0.90034592,0.90181994
0.67322552,0.73497599
0.85546517,0.88957173
0.35627344,0.34808046
0.84653157,0.92061257
0.89320135,0.90839982
0.53357947,0.55831069
0.64105588,0.72351193
0.91798520,0.93805766
0.58414024,0.64244634
0.66737401,0.32544324
0.81567860,0.73041230
0.50460136,0.34453544
0.47272456,0.50486070
0.78959745,0.78953445
0.87789810,0.94339621
0.36583388,0.30385977
0.67580724,0.64590788
0.86014235,0.85407209
0.89529473,0.91231942
0.78328645,0.18738404
0.42276329,0.45740741
0.86551547,0.96041739
0.44264299,0.72167873
0.66949743,0.42158175
0.94094771,0.91804773
0.79530931,0.78965688
0.49007624,0.52184761
0.78898382,0.87190974
0.92727512,0.94274896
0.81981021,0.80571985
0.85734081,0.07899183
0.86449134,0.60848868
0.88941604,0.89148116
0.59597492,0.51343048
0.97742796,0.92359877
0.61449999,0.79474926
0.78417540,0.88637221
0.89511275,0.98275864
0.89535618,0.89629233
0.84287071,0.89764708
0.82916367,0.84450263
0.59409821,0.61614585
0.11385241,0.17829013
0.88157290,0.92699409
0.81293273,0.81618500
0.54452062,0.53220779
0.80139029,0.92192829
0.29619980,0.33106670
0.57749319,0.44288188
0.58804399,0.56109023
0.68005657,0.43951538
0.88005519,0.92528480
0.92217356,0.93086082
0.31967267,0.26050326
0.66146672,0.56626183
0.48416263,0.36328125
0.91762906,0.92448813
0.78285551,0.82105064
0.61413980,0.68381846
0.74936843,0.82598782
0.48764974,0.50071144
0.86547142,0.94360578
0.82169843,0.90516317
0.69858700,0.72879392
0.73768157,0.76458818
0.86821818,0.88809526
0.97230625,0.92989480
0.92776775,0.98217809
0.72413588,0.86826700
0.84589756,0.56681240
0.85898781,0.85920775
0.69168591,0.57705969
0.94716746,0.88157892
0.70707881,0.78612471
0.87058324,0.94624126
0.66442502,0.54118794
0.55892611,0.63134241
0.63805926,0.87279165
0.43875223,0.31614673
0.85729843,0.86965811
0.84139597,0.88306868
0.91941434,0.92385060
0.77835757,0.76888734
0.86470544,0.84614265
0.73507488,0.72766995
0.09889114,0.11512188
0.97198659,0.93403876
0.80495727,0.82826018
0.82967013,0.87306368
0.83569419,0.87089950
0.73193794,0.75645971
0.87084609,0.85018182
0.82219279,0.66416782
0.67155278,0.75797015
0.39930999,0.25341764
0.50001085,0.61868542
0.90750653,0.93299794
0.66466439,0.53369093
0.30821207,0.50543553
0.92219102,0.94818151
0.79638934,0.89948452
0.87565768,0.88830614
0.64544117,0.55795473
0.82873428,0.71386105
0.71511602,0.76758122
0.83168739,0.75173992
0.74123710,0.67453843
0.16600934,0.15517631
0.10620421,0.08621617
0.90493405,0.87846482
0.76814097,0.77368772
0.27404028,0.32831958
0.67925632,0.69556928
0.83699739,0.85143918
0.85795170,0.96383566
0.85616791,0.91259277
0.55256879,0.42557567
0.89784199,0.88128066
0.67702091,0.73436350
0.81464148,0.75521260
0.94714898,0.94178456
0.82412565,0.83820224
0.81399792,0.90534252
0.88999969,0.90604395
0.81623268,0.54397857
0.32738033,0.34042621
0.71389598,0.74213564
0.44005546,0.46721312
0.74048758,0.83787876
0.91077012,0.77691257
0.72371972,0.78463358
0.56659937,0.54062980
0.50377548,0.56309479
0.88121438,0.90254986
0.71768510,0.81804323
0.87223822,0.88422751
0.80591393,0.82250792
0.58353519,0.68953943
0.92030138,0.90570074
0.96989471,0.94573575
0.96545565,0.98872048
0.32556570,0.28900936
0.87759113,0.79104477
0.95256406,0.93850523
0.87331367,0.89795154
0.87632573,0.83737725
0.69551599,0.74095714
0.30955780,0.33032396
0.37046877,0.34530908
0.78347969,0.80003738
0.79984879,0.74438637
0.84092867,0.86483365
0.70061117,0.16271827
0.36804733,0.27488452
0.84049964,0.97891808
0.86110234,0.81934381
0.78550017,0.87059790
0.79766536,0.53162599
0.75260311,0.89136720
0.75855303,0.78222442
0.78493804,0.87974375
0.15167925,0.17347129
0.84189236,0.78741497
0.43333712,0.57768714
0.83550793,0.66176468
0.75059724,0.37600806
0.66152203,0.90059763
0.93630308,1.00000000
0.74351466,0.75333333
0.53060967,0.51879370
0.81606865,0.87455761
0.81302178,0.88170165
0.28709441,0.33645615
0.86713195,0.78451216
0.89815259,0.87897205
0.46620396,0.37231278
0.58490789,0.65100884
0.90268028,0.98514849
0.31302366,0.34342417
0.88546413,0.94150341
0.83328849,0.86278194
0.57648474,0.73398250
0.33304623,0.18351649
0.90373802,0.17508772
0.74997258,0.54235989
0.86581540,0.88377446
0.90167546,0.88747102
0.82670444,0.68725389
0.86066794,0.94704670
0.76096106,0.76789868
0.90052772,0.90375656
0.54699808,0.38664913
0.75871205,0.58123970
0.92842013,0.94471526
0.44500768,0.58785385
0.06332862,0.13317041
0.82005948,0.82111031
0.74737453,0.81927550
0.77570999,0.50737178
0.28695548,0.35793820
0.86429119,0.94668913
0.72973353,0.78106236
0.74463534,0.76445186
0.76241839,0.94601381
0.87667751,0.90634274
0.65339470,0.68380833
0.89054054,0.90094048
0.37791172,0.20601732
0.73460835,0.57549256
0.39032406,0.40170914
0.64041799,0.56870341
0.82947409,0.70322567
0.25964212,0.56885648
0.95029849,0.95232815
0.86613709,0.97230917
0.85817003,0.90798736
0.57394147,0.50279957
0.85175359,0.93726468
0.43661064,0.47462690
0.88267183,0.98611641
0.78729212,0.84835601
0.41781715,0.45559782
0.85675144,0.90083504
0.86083376,0.91296166
0.91275698,0.94327378
0.45359445,0.16424765
0.55884171,0.55503821
0.85373425,0.91661292
0.33262527,0.45925885
0.38871527,0.29532996
0.90337110,0.87887806
0.85265923,0.90586281
0.23290455,0.17696486
0.50000244,0.82478631
0.90883863,0.86314261
0.70358098,0.76869750
0.53129798,0.53705597
0.93276626,0.92538112
0.30652648,0.56055903
0.86796057,0.88629723
0.56599575,0.75627935
0.93622476,0.93670887
0.86728179,0.82308888
0.52056551,0.40456834
0.85225940,0.91089743
0.75988203,0.78777778
0.85751128,0.92911357
0.80878067,0.69113922
0.87785083,0.90190220
0.64511085,0.63666749
0.90552175,0.85641026
0.46067929,0.17829363
0.88260144,0.69058317
0.12485170,0.15327817
0.83534145,0.90101820
0.87554008,0.91109407
0.94333756,0.95047361
0.93865353,0.92647058
0.66455793,0.68912905
0.84857368,0.92720586
0.37794119,0.42086020
0.19382267,0.27375650
0.89508235,0.86971354
0.86715513,0.89973330
0.79409850,0.79886061
0.43095905,0.43711844
0.89670491,0.98076922
0.22884208,0.10615226
0.81376594,0.83466554
0.84759271,0.88856828
0.81905252,0.94647890
0.39833516,0.43639743
0.65464824,0.55140448
0.87867033,0.87530923
0.83747566,0.78524160
0.87251520,0.91887212
0.90220922,0.96458089
0.65354615,0.73625642
0.75607586,0.62658280
0.86788988,0.84385967
0.80354273,0.15565036
0.91829598,0.95704174
0.91887671,0.89234298
0.33041847,0.52842444
0.86944944,0.87819541
0.94283170,0.88687754
0.74819362,0.73830181
0.70597583,0.52949911
0.75476384,0.71129984
0.77953053,0.86401820
0.87362421,0.84465569
0.37413490,0.62325048
0.83276105,0.70629656
0.93219239,0.96345747
0.77908933,0.85711020
0.61632222,0.42282653
0.88003635,0.83812600
0.76963550,0.91418177
0.72463876,0.53076196
0.72609371,0.76756668
0.58338815,0.48365700
0.73414123,0.84386742
0.77919680,0.87472898
0.54068321,0.43295455
0.72295451,0.15256086
0.54718906,0.56848830
0.51328248,0.46316090
0.66081727,0.84844136
0.50233036,0.58766234
0.82954651,0.93451458
0.90128368,0.94434857
0.70433319,0.87548947
0.69381785,0.66451401
0.88295007,0.93750000
0.81394541,0.87782383
0.81165528,0.77662879
0.42648461,0.52112883
0.85327613,0.74080932
0.49557537,0.35436183
0.85269904,0.90838045
0.89308906,0.86874288
0.36712888,0.40221879
0.75961405,0.68074971
0.77759022,0.27570876
0.61232191,0.65938246
0.76241010,0.75972068
0.78677833,0.72567880
0.85093784,0.92263740
0.89051986,0.90852314
0.76352358,0.77347380
0.76245677,0.90735614
0.34216946,0.39060232
0.93109179,0.93160450
0.86742651,0.93575215
0.88682365,0.95952332
0.91877961,0.92662084
0.15819627,0.13453953
0.59346300,0.80454558
0.90315181,0.97752655
0.88944000,0.84678727
0.80114484,0.82333183
0.85401809,0.93022865
0.89967835,0.61199600
0.64777231,0.77859968
0.68741763,0.80725890
0.84466320,0.83139491
0.81737262,0.83583742
0.90192705,0.87042934
0.63944042,0.70664060
0.39872634,0.36685368
0.78290641,0.74097306
0.70768964,0.79255486
0.88837975,0.84913212
0.88837612,0.71875864
0.90872335,0.67011690
0.77283597,0.32683048
0.54086703,0.55766112
0.78582388,0.85989255
0.16194615,0.19367094
0.82856452,0.93538404
0.91808343,0.90991825
0.79520082,0.68539327
0.88386512,0.91759419
0.74054152,0.72106284
0.48125392,0.32704347
0.93341482,0.93608046
0.76127642,0.86502969
0.91089022,0.95979702
0.79438281,0.84799147
0.25122282,0.37755728
0.93883258,0.95145708
0.67070329,0.56290847
0.81499869,0.91645712
0.88925534,0.95285410
0.58919692,0.62650567
0.42221197,0.32072335
0.93954557,0.89240617
0.43909401,0.35028657
0.43289116,0.71653408
0.90098989,0.88588905
0.37811983,0.26666120
0.73025000,0.74499589
0.88719189,0.83351606
0.88875628,0.96326405
0.79370487,0.90768588
0.92731816,0.94939309
0.76334345,0.85437626
0.78385246,0.95850748
0.58688921,0.54287916
0.32684648,0.36428204
0.86342198,0.88704598
0.59156907,0.43425927
0.91638863,0.94929725
0.73937869,0.71067512
0.81412691,0.63700873
0.66398036,0.86472732
0.71077526,0.71541029
0.73206031,0.63905811
0.84776020,0.80315578
0.92678398,0.88850272
0.63170576,0.66753322
0.56290185,0.44647831
0.64870512,0.62124932
0.73199785,0.87901765
0.76507998,0.78030300
0.36212540,0.52420342
0.84129632,0.92205089
0.86155629,0.78166133
0.77834129,0.73881441
0.84301865,0.84031099
0.64766026,0.63799721
0.93125939,0.94316679
0.88634527,0.93215811
0.84706676,0.89567053
0.93662494,0.25329894
0.70437050,0.86700290
0.85411322,0.95950282
0.89313275,0.88489062
0.61236399,0.86976236
0.81528485,0.76693648
0.53129435,0.30950662
0.74604833,0.72567809
0.92812485,0.97021693
0.19874573,0.21486366
0.87168670,0.78550839
0.92824125,0.93685639
0.45309737,0.49767870
0.69355458,0.69782382
0.51581794,0.25678471
0.90283775,0.86602592
0.77515125,0.55377764
0.76198739,0.62692308
0.61070794,0.46017650
0.93558109,0.92502511
0.86205184,0.88770777
0.68713748,0.82881659
0.62330151,0.50868225
0.85526001,0.92674989
0.32694936,0.36921552
0.90113729,0.90374178
0.89357495,0.88365299
0.65433896,0.72280091
0.48108551,0.36578321
0.76463020,0.84963846
0.95927066,0.95857555
0.86674821,0.91486543
0.73033953,0.82511932
0.50929648,0.54123598
0.88380182,0.87810737
0.84866267,0.88048673
0.83676100,0.86632097
0.90503657,0.89029562
0.87374085,0.92037600
0.55610734,0.57556325
0.69007397,0.68744832
0.92112267,0.90070903
0.52506191,0.65185744
0.91145581,0.84777701
0.32774973,0.32695955
0.89986229,0.99002868
0.60223758,0.69989926
0.78936970,0.71813726
0.87411493,0.61200142
0.85350293,0.49263832
0.95233810,0.94070256
0.93841803,0.96220237
0.76766729,0.85051167
0.94369382,0.91666669
0.85046834,0.77461988
0.20592330,0.46426493
0.23182648,0.17483173
0.95503813,0.88480097
0.81599647,0.83754009
0.83407772,0.84317225
0.87970829,0.83602023
0.20880933,0.11402626
0.95798558,0.95478034
0.92362410,0.91940153
0.91257179,0.97209769
0.86201918,0.88014835
0.73082614,0.51186508
0.80246258,0.92653054
0.91339582,0.96006495
0.82405758,0.67934263
0.79646504,0.71043456
0.88511002,0.92495000
0.69364268,0.35361624
0.44990727,0.50788003
0.96630293,0.98148149
0.64829111,0.68704647
0.89000851,0.86311477
0.51262569,0.52732795
0.86260390,0.88892710
0.96407992,0.95763242
0.85709155,0.80791467
0.89419067,0.83319384
0.85948044,0.81443512
0.57835805,0.68139619
0.72475541,0.74045002
0.59055418,0.80992734
0.82126582,0.87623996
0.20847905,0.67512143
0.67024982,0.60962784
0.88820970,0.94444442
0.80412638,0.91606665
0.44286597,0.35512239
0.87214893,0.90430218
0.90663522,0.92204130
0.64452052,0.55746180
0.48162350,0.49128383
0.91438210,0.89216524
0.93797272,0.95149255
0.93632263,0.98148149
0.60012746,0.94337589
0.92095011,0.80992484
0.88682944,0.90847337
0.87197959,0.92484701
0.34489083,0.26357070
0.03110820,0.08537281
0.94569159,0.93373901
0.79600710,0.87512636
0.93569118,0.91501004
0.74335885,0.95940173
0.93901563,0.91044438
0.52126884,0.59308600
0.87813538,0.90087485
0.66912740,0.61900586
0.72825623,0.82157707
0.52087629,0.52896458
0.84746730,0.73947090
0.76115370,0.79045957
0.68651307,0.54188710
0.85120350,0.87981242
0.62931460,0.65378422
0.40690464,0.61596203
0.96336192,0.94051993
0.52510971,0.74266541
0.62932551,0.64204597
0.91830146,0.88051951
0.83879060,0.89543957
0.80214310,0.81695253
0.75377333,0.91156465
0.84462839,0.64776045
0.88854003,0.92656809
0.92409319,0.93346846
0.82305610,0.92307693
0.90152824,0.91433054
0.90025312,0.88171500
0.75400573,0.78515816
0.29646227,0.21394357
0.83019781,0.71412039
0.41782504,0.37766421
0.90286934,0.86475295
0.19255181,0.16192956
0.62460303,0.68831170
0.85039043,0.87214881
0.81124592,0.77392119
0.14483184,0.17979489
0.56941998,0.87428027
0.33755830,0.35305768
0.84909093,0.92311543
0.91132355,0.97734177
0.42564622,0.44297516
0.56422526,0.58479846
0.81303322,0.77450913
0.92843723,0.91695273
0.96688986,0.95487177
0.95592362,0.94533968
0.73039782,0.80533808
0.80165464,0.94351768
0.96290302,0.93783897
0.88879514,0.89982951
0.85559094,0.69699663
0.50277144,0.49800220
0.15172878,0.21694674
0.67074054,0.17383404
0.84444225,0.82614231
0.77763444,0.87852186
0.88872063,0.92970103
0.82889974,0.92205727
0.72186822,0.79311341
0.38746014,0.51911014
0.56388676,0.67791635
0.66835016,0.69121093
0.71803135,0.77200490
0.92556930,0.96604937
0.46053427,0.38564792
0.79774427,0.81436181
0.63274157,0.62727273
0.53060353,0.46962860
0.88091862,0.94494885
0.52179062,0.77758312
0.62633377,0.64672607
0.58851129,0.74681777
0.88622206,0.90649003
0.65095454,0.69499135
0.77204674,0.55331343
0.41012955,0.52941179
0.09239417,0.12279566
0.48332360,0.20196499
0.60564828,0.66119969
0.84956038,0.80784112
0.65433782,0.62730896
0.89802462,0.92794609
0.92335743,0.84856158
0.33769545,0.30643708
0.48920649,0.55393302
0.90863842,0.93758202
0.34899867,0.32155719
0.85403156,0.81454670
0.91912848,0.89606696
0.39279407,0.36516562
0.93144387,0.93428081
0.34386820,0.23690413
0.88992608,0.84717596
0.79908252,0.91078752
0.85288340,0.90155697
0.96031159,0.91223651
0.09030154,0.26881394
0.61667359,0.84800750
0.53744215,0.42078146
0.92561078,0.92582595
0.67549551,0.61574668
0.71171916,0.91927910
0.87548864,0.95104164
0.70601010,0.85549217
0.57623011,0.62375444
0.88840961,0.93637651
0.87475049,0.89367819
0.91514128,0.98437500
0.69023913,0.53379685
0.79679000,0.80090910
0.47264689,0.51022112
0.94151151,0.90876842
0.67235744,0.91176468
0.81736064,0.95534998
0.95503885,0.93555743
0.80063629,0.86466682
0.97446066,0.95430315
0.88351095,0.93287402
0.62400913,0.78593373
0.53685135,0.69455785
0.88741249,0.91957241
0.90241843,0.94464284
0.85413462,0.93530023
0.92072743,0.90274012
0.73082644,0.45755017
0.69857502,0.56770021
0.44192430,0.36953107
0.82595742,0.85556936
0.69069755,0.62952900
0.89242983,0.92032969
0.71069169,0.78991342
0.90606064,0.79022276
0.94940746,0.93898064
0.49645016,0.61570078
0.70556098,0.61032093
0.73836303,0.80869693
0.56331766,0.52065676
0.89051759,0.88971859
0.59048408,0.76950121
0.63766086,0.74825537
0.92325395,0.92996031
0.87567508,0.85084409
0.89683646,0.92322910
0.74861163,0.86068684
0.74378353,0.82627243
0.91477984,0.87418145
0.18655042,0.38190293
0.58417749,0.70674533
0.35637531,0.45081618
0.12327474,0.19908528
0.83015531,0.93265975
0.06805053,0.13550466
0.89407277,0.82801121
0.85819256,0.82499671
0.81179750,0.82292283
0.83353251,0.61613685
0.57326925,0.41865605
0.74058139,0.85303593
0.74775016,0.72537714
0.84608018,0.90746534
0.59884858,0.65970802
0.78541207,0.79149979
0.52700782,0.51734716
0.76848066,0.70596415
0.69926471,0.86146969
0.42109141,0.59412861
0.81615704,0.90554196
0.47386032,0.31699321
0.73209274,0.79235536
0.82074755,0.96315634
0.91858733,0.95144135
0.62420166,0.69962430
0.93873197,0.93211806
0.83108401,0.79020721
0.13088194,0.13364494
0.87749338,0.89458221
0.61381316,0.70245183
0.81871545,0.88117242
0.75746173,0.81967878
0.44111937,0.45043087
0.91832769,0.92016530
0.70846891,0.74292898
0.85815823,0.86784792
0.43707383,0.48134920
0.26219559,0.38352272
0.92616194,0.90179396
0.53918159,0.62159163
0.73802674,0.82353109
0.79232574,0.74484628
0.63473153,0.46226159
0.91514724,0.94724113
0.63907731,0.64109588
0.41307893,0.63318902
0.90332001,0.87730807
0.66351777,0.54174799
0.20829451,0.26134872
0.30872005,0.39796156
0.93590492,0.96515346
0.84419584,0.84253895
0.86178190,0.89035964
0.73603880,0.68880910
0.79798877,0.80264014
0.91153473,0.94652826
0.49039644,0.40216938
0.44574481,0.32936326
0.89954358,0.88440251
0.91562760,0.91058183
0.85132670,0.95819235
0.83601993,0.80141354
0.82264298,0.81881869
0.28216612,0.33966598
0.90158254,0.83845812
0.65577650,0.72067273
0.87548232,0.71464974
0.82713151,0.94552267
0.78178269,0.82677245
0.84866679,0.89366513
0.36206818,0.44353002
0.90987563,0.86284196
0.80778670,0.90117520
0.65921861,0.67239612
0.41780129,0.45512497
0.32823810,0.41031593
0.79767358,0.85483080
0.12685281,0.12402173
0.88263869,0.87717927
0.78332359,0.76724756
0.72702521,0.74839228
0.94257092,0.95609128
0.89723170,0.87540984
0.90997952,0.89596272
0.88296890,0.78938752
0.86907160,0.86691177
0.72041404,0.85494852
0.41171059,0.39591315
0.91154766,0.92033941
0.92610943,0.88691229
0.47992605,0.17861831
0.80842799,0.77333140
0.69592476,0.77242583
0.86275899,0.90382445
0.92367524,0.96130955
0.87719971,0.90178835
0.86244148,0.86821795
0.33148241,0.51038188
0.45935801,0.52354044
0.57683498,0.39061904
0.69597274,0.78983051
0.94642788,0.90608150
0.79955375,0.86151963
0.32634977,0.16620064
0.71968842,0.81705415
0.32410029,0.14033276
0.87816256,0.94849259
0.90251911,0.93695247
0.89358556,0.90225464
0.65982151,0.68723565
0.70978558,0.70983922
0.94145244,0.93921524
0.94738907,0.97331643
0.89735544,0.94247788
0.95383799,0.94023150
0.89417797,0.89014053
0.64822239,0.58158690
0.91969860,0.95213675
0.91651601,0.96273726
0.67889744,0.29339823
0.98146051,0.94588178
0.49548283,0.35537711
0.88083190,0.90648854
0.88253397,0.92760080
0.67536825,0.61439639
0.50002205,0.61636692
0.85339075,0.82331884
0.95100671,0.95866567
0.92069441,0.87172282
0.40638971,0.44508946
0.74808317,0.71611089
0.59965634,0.74423760
0.65602314,0.72952181
0.48133159,0.41164085
0.77402681,0.82517481
0.89325017,0.94793499
0.79075575,0.72894895
0.76373458,0.77467930
0.67263341,0.75584644
0.70055264,0.86081523
0.83216035,0.79092300
0.85068434,0.95771295
0.25299162,0.23065026
0.54193008,0.40575597
0.93229526,0.91637313
0.93793464,0.85944188
0.93247122,0.82319373
0.93273002,0.87709641
0.65509021,0.85654885
0.90101248,0.81987131
0.74594069,0.75668681
0.82785439,0.96326727
0.88481855,0.90877980
0.82693398,0.78017247
0.82661653,0.89659327
0.81537175,0.45434865
0.85717046,0.93550819
0.41975349,0.33236539
0.55275267,0.67126918
0.92774010,0.86809969
0.77482426,0.76524013
0.92654604,0.95311350
0.77858353,0.70298028
0.62300265,0.63070697
0.49253368,0.38904256
0.67486691,0.67159504
0.89529407,0.89412314
0.58429158,0.78604466
0.92790896,0.89639795
0.82265419,0.90183181
0.73068458,0.77594239
0.46350527,0.66692740
0.77451581,0.92419624
0.44398135,0.43101856
0.74978232,0.73391855
0.95374340,0.93786341
0.86204576,0.92271572
0.92293471,0.86316317
0.74334210,0.74612027
0.83324003,0.84178931
0.86762917,0.94119513
0.74822068,0.89251560
0.82110488,0.08616666
0.84112400,0.94889951
0.82880557,0.85838568
0.75127965,0.78195721
0.64553112,0.50961137
0.87798220,0.91318637
0.39394134,0.58032495
0.76952219,0.72058821
0.82439017,0.87648863
0.68390000,0.89723504
0.87994695,0.97198546
0.62785840,0.53174502
0.74658942,0.74054253
0.85973293,0.89807105
0.84957373,0.87314165
0.63349271,0.49803987
0.85623056,0.91567296
0.66989601,0.70998877
0.77839279,0.79656887
0.76741195,0.76658165
0.90787292,0.92745882
0.81139272,0.94270670
0.92097086,0.88472223
0.64450592,0.91358906
0.92338830,0.94486678
0.84063435,0.89864576
0.86538363,0.91669101
0.71770561,0.86409551
0.86456978,0.93267393
0.56900084,0.75018275
0.73520011,0.74797732
0.91961116,0.87692684
0.38000870,0.45611110
0.76754957,0.88962030
0.76011765,0.73376626
0.80717081,0.87730265
0.65339762,0.65064371
0.24932866,0.24327958
0.87625903,0.90283960
0.83460271,0.89793319
0.92416734,0.90713865
0.92238635,0.86267680
0.74592787,0.83767259
0.58729243,0.75043857
0.30568448,0.29342574
0.53232473,0.37517300
0.39220837,0.27144331
0.45263273,0.53353494
0.92421526,0.93888563
0.58921480,0.53177083
0.46761176,0.55553466
0.83426797,0.83362466
0.93290597,0.80975300
0.63290954,0.73159635
0.38169366,0.41099244
0.80812335,0.85301232
0.43120846,0.22399463
0.83053827,0.84236497
0.91123140,0.83059180
0.82842350,0.70978802
0.78238428,0.90175575
0.81236136,0.88496017
0.88979673,0.88146681
0.85229290,0.92958516
0.86989653,0.92494768
0.85601997,0.89472997
0.80470252,0.79526842
0.54690045,0.55668980
0.54538321,0.60080689
0.88896930,0.89541948
0.84513038,0.90695620
0.68002260,0.64195281
0.91507322,0.89309132
0.87466931,0.92199475
0.31341553,0.46343273
0.48079664,0.48762295
0.53381103,0.37766227
0.76443100,0.84082973
0.60049939,0.82466567
0.65906608,0.78476727
0.58654022,0.57847667
0.72641873,0.86685240
0.42688212,0.48266807
0.91021681,0.92900878
0.95683253,0.94202763
0.60059822,0.53758651
0.91160131,0.95274055
0.89682978,0.81160688
0.73491782,0.54689425
0.47682521,0.43769249
0.93865466,0.95743710
0.28408557,0.26628786
0.94720435,0.71685928
0.84268093,0.92110193
0.93906349,0.89462847
0.78030252,0.94512832
0.50990319,0.53698891
0.77262384,0.89818394
0.70271593,0.66532636
0.79573971,0.80210078
0.29181525,0.13075037
0.92223018,0.95270759
0.91800463,0.86370462
0.31972232,0.49028674
0.87594241,0.86971426
0.42199335,0.28106725
0.54213333,0.62579632
0.66327721,0.70767403
0.46523255,0.49142787
0.85430664,0.87161088
0.73707956,0.81364524
0.89340329,0.82076824
0.88280219,0.76398718
0.84378457,0.70944595
0.64600074,0.81606609
0.53574431,0.77454114
0.49311927,0.51892120
0.44099417,0.33438757
0.92980736,0.87753981
0.94177681,0.93807071
0.66017759,0.81902450
0.88014770,0.83854169
0.81067681,0.73578578
0.15842509,0.24476069
0.61070228,0.53281617
0.85144407,0.92047477
0.91453969,0.82710451
0.86151373,0.90542126
0.48274553,0.51606286
0.79004449,0.73391616
0.92844719,0.93402922
0.19583094,0.65666670
0.97589296,0.89485359
0.61409330,0.31634554
0.81547129,0.93243587
0.55666524,0.64970696
0.85800749,0.90725738
0.80860686,0.71543360
0.37447467,0.75549358
0.95408863,0.93879426
0.75914800,0.80238050
0.66116017,0.59600776
0.67429721,0.65135133
0.87092125,0.74812269
0.93461424,0.94710082
0.81963348,0.95040262
0.49911499,0.41656491
0.69392043,0.83460188
0.51534170,0.65000886
0.63356549,0.59144676
0.42866293,0.40970385
0.92945045,0.91748369
0.92188823,0.89698690
0.29151383,0.38408521
0.87110430,0.82805753
0.83583295,0.79830301
0.92229056,0.90281177
0.83255982,0.87611806
0.93878061,0.87324220
0.86674219,0.88167590
0.85023707,0.97204489
0.95538539,0.93010205
0.92163402,0.95964092
0.85567021,0.73860455
0.47215891,0.49867678
0.50217021,0.50132352
0.68080223,0.69505018
0.85448873,0.84510601
0.87758213,0.95837182
0.88951832,0.92829204
0.82261443,0.83752120
0.93674624,0.98404253
0.86368328,0.90488315
0.92752737,0.95265329
0.90602922,0.89866310
0.28765339,0.48596954
0.44187349,0.47469667
0.77361900,0.64932239
0.81346583,0.91496086
0.86369586,0.90919358
0.87427223,0.93144357
0.86254019,0.94767022
0.71192420,0.59418839
0.77269924,0.81429839
0.88596022,0.87630820
0.87096751,0.86969548
0.90043110,0.90734369
0.27756953,0.23983876
0.95663333,0.95225853
0.72682822,0.74336976
0.34007591,0.20974027
0.87439275,0.85911715
0.89736807,0.92190522
0.68509281,0.63594991
0.90539050,0.87459141
0.91287833,0.91888404
0.83859253,0.87656248
0.77624679,0.72008377
0.83341789,0.91064250
0.87995243,0.91873574
0.57838851,0.88412184
0.92599136,0.96045852
0.61949980,0.59251827
0.92480177,0.98125660
0.72714531,0.71476805
0.92490858,0.91274738
0.92374223,0.93771875
0.80575883,0.90582424
0.85980916,0.86909419
0.35596544,0.66639233
0.39362219,0.56607145
0.86088669,0.86414915
0.58858645,0.73283887
0.80870914,0.72567838
0.87054145,0.80612981
0.73433197,0.76363367
0.86464262,0.92203224
0.57413614,0.30417153
0.14394486,0.24640717
0.85412943,0.94013160
0.45163298,0.61984944
0.80158305,0.85978144
0.87308145,0.75075912
0.82952201,0.77610731
0.88307679,0.94225049
0.33639428,0.43986452
0.62595856,0.64820087
0.58578563,0.65961528
0.81916738,0.82529610
0.05847657,0.13065517
0.40823597,0.27115142
0.86416113,0.85416496
0.89515036,0.90534735
0.92921835,0.94278848
0.75837111,0.72029686
0.83116364,0.92424244
0.73755634,0.91895717
0.73474479,0.66417360
0.35552296,0.32791984
0.91211307,0.90549296
0.79839164,0.95789301
0.89953327,0.89080381
0.63576227,0.77852327
0.96498579,0.99382716
0.76201415,0.88186079
0.73985595,0.88710868
0.95213342,0.92620957
0.69056880,0.68692023
0.91386545,0.89170754
0.77257311,0.75865537
0.86548293,0.88659948
0.87679803,0.90233785
0.69875062,0.59161586
0.87273967,0.84202844
0.47134706,0.40008104
0.38259542,0.19608384
0.34042171,0.38803819
0.92798281,0.83664083
0.92113549,0.93995357
0.07650027,0.17202541
0.93843341,0.94480026
0.71720016,0.91060805
0.92562431,0.95128202
0.75071794,0.72880971
0.69455326,0.64410317
0.43062940,0.59747022
0.71775544,0.89400923
0.94181639,0.96926028
0.30875874,0.28936982
0.89786744,0.90047210
0.77595133,0.88663781
0.84212106,0.65250051
0.45953780,0.68346667
0.70049107,0.69276422
0.88097423,0.90303099
0.83316272,0.76921195
0.37222233,0.57899725
0.93059421,0.97542685
0.89307719,0.94569963
0.92225683,0.87832510
0.87343025,0.77567565
0.89601505,0.85220218
0.92630500,0.93093783
0.46406746,0.53888887
0.57088757,0.67654282
0.19796440,0.30169028
0.76804805,0.73221946
0.92061263,0.88268322
0.50286269,0.53039193
0.91120082,0.82138282
0.91017181,0.95707542
0.83462191,0.80100870
0.50418794,0.16196567
0.46932906,0.46990740
0.69387162,0.93861771
0.28691059,0.36217457
0.86446154,0.80709219
0.76496500,0.86199093
0.86852485,0.90178287
0.81916451,0.80542874
0.82039535,0.80751878
0.94930118,0.80104631
0.83126587,0.88718373
0.65808237,0.69739503
0.91575265,0.97984850
0.45441130,0.36426768
0.82942629,0.88705528
0.51284951,0.36864805
0.77951461,0.66977620
0.92987686,0.88403136
0.71589929,0.76571822
0.30301774,0.37886363
0.58734787,0.65493828
0.46632838,0.43489569
0.67446482,0.73532635
0.81447470,0.81124872
0.87644154,0.99519229
0.89704186,0.84344262
0.80014819,0.78308499
0.87543023,0.86333960
0.83905673,0.90753543
0.74138975,0.72476077
0.76175857,0.92074680
0.62997383,0.35370290
0.96890217,0.95396715
0.85606790,0.87761462
0.75807238,0.81144160
0.95594710,0.95044720
0.88902450,0.93787879
0.88730597,0.85638297
0.69054472,0.85987854
0.87043518,0.82632869
0.86707348,0.89242089
0.82561255,0.82250887
0.76593161,0.81279546
0.81777310,0.94034493
0.79329836,0.77992052
0.78537691,0.76553100
0.63720548,0.68906206
0.84685612,0.82355517
0.48414984,0.35938177
0.75513691,0.87345409
0.88831228,0.88898343
0.89458770,0.89636159
0.91855019,0.92429376
0.84166473,0.67505187
0.42677793,0.44651172
0.74693483,0.88253027
0.94290894,0.97088867
0.86221910,0.86081493
0.91718054,0.93382460
0.52847648,0.54484087
0.63049710,0.75259417
0.71637702,0.80454546
0.84596449,0.84909785
0.89723021,0.95265228
0.84667760,0.92188805
0.68616676,0.46306127
0.93039900,0.91840661
0.76161540,0.68427199
0.96035010,0.94943053
0.87981027,0.92813319
0.37369856,0.37271520
0.84256876,0.75953388
0.93823195,0.89450550
0.76859641,0.85920537
0.64943016,0.73107523
0.82171905,0.83104122
0.95141864,0.91353768
0.92135775,0.97617865
0.86975169,0.89562041
0.10212362,0.41411451
0.92300826,0.91535169
0.80553162,0.87848437
0.61481768,0.77436620
0.81162655,0.89726198
0.88907713,0.91848284
0.34044111,0.40602154
0.87097007,0.95445096
0.87933010,0.78282315
0.60384285,0.79333568
0.50896788,0.73695797
0.68244696,0.74194068
0.83093083,0.88089836
0.73871684,0.70376295
0.81964809,0.79222780
0.44819131,0.53284085
0.72654355,0.69232672
0.91014653,0.87362635
0.89005888,0.93315899
0.83346713,0.89847904
0.93723845,0.95048326
0.84372956,0.82544190
0.59169567,0.45111784
0.80823743,0.76526254
0.71907169,0.66666669
0.90369451,0.97847730
0.83655477,0.94832075
0.83147246,0.86359763
0.91155410,0.93086141
0.85475850,0.87737757
0.83101201,0.73550689
0.69279975,0.51974297
0.94797987,0.90886420
0.89644784,0.38720176
0.86638319,0.91401410
0.55597538,0.48355031
0.66338348,0.62408209
0.35127169,0.48662463
0.92111689,0.86647338
0.84766597,0.95473486
0.71278691,0.71931773
0.89014274,0.95317155
0.56921732,0.61325783
0.48622227,0.48577949
0.78180879,0.71954024
0.91402698,0.93052202
0.60631222,0.66256094
0.92088962,0.88869721
0.78875011,0.87507844
0.79243445,0.81792372
0.89575177,0.86819649
0.79935342,0.86218625
0.91079009,0.88602632
0.98040271,0.91711634
0.67757094,0.63773948
0.88538855,0.89752495
0.90856218,0.93743151
0.63799131,0.49827948
0.81915814,0.88587773
0.82035309,0.77601486
0.82628495,0.85811526
0.76825929,0.85945159
0.78546327,0.70968443
0.48729736,0.61327791
0.93179238,0.92292207
0.84609234,0.82941765
0.78549016,0.66451561
0.73867118,0.92823392
0.72735405,0.71632773
0.89793760,0.94417560
0.72218549,0.68505210
0.90295595,0.91002417
0.92654645,0.91359538
0.69885510,0.85673094
0.69029260,0.70807981
0.74768651,0.76070392
0.11184084,0.13729459
0.63087606,0.68835652
0.61162710,0.72137666
0.77441418,0.82629925
0.88618237,0.86523712
0.53256005,0.59538245
0.16688952,0.15473181
0.82962132,0.73120302
0.64217544,0.72034764
0.72971833,0.81581563
0.52941328,0.49250498
0.88480961,0.92217743
0.67321545,0.81998229
0.85086024,0.74506533
0.75429213,0.66413325
0.42164865,0.50783974
0.90979171,0.94408256
0.45992413,0.37030447
0.78700387,0.87927926
0.46913597,0.53091592
0.84767270,0.95057774
0.83477318,0.80528605
0.44597569,0.37589082
0.80861485,0.83684266
0.88741273,0.97540987
0.32374907,0.62377995
0.72528291,0.48037428
0.45742404,0.46269619
0.88339597,0.93457288
0.86221629,0.80866539
0.84078628,0.89903843
0.79474348,0.84958625
0.65691376,0.61506706
0.85123998,0.76880431
0.76676685,0.90974027
0.70830846,0.79691225
0.23183906,0.87143034
0.88293093,0.76363635
0.39619166,0.40563783
0.89528382,0.74708658
0.84729105,0.97692186
0.29725650,0.42828083
0.89115000,0.92113245
0.86784530,0.83368820
0.91799200,0.85752261
0.86648864,0.89205337
0.53499269,0.55848861
0.89334673,0.92058164
0.91701746,0.86682916
0.85847980,0.86542338
0.52930647,0.34309050
0.06731826,0.10223510
0.87762678,0.85050559
0.77998340,0.79062480
0.88075614,0.92328155
0.91157687,0.97340423
0.38296893,0.40775433
0.74603444,0.75948274
0.86956382,0.78137255
0.89151788,0.88627803
0.77311981,0.81695038
0.69741970,0.75612265
0.20456231,0.15788215
0.80497956,0.92603093
0.85376567,0.62210047
0.26849100,0.33476782
0.89446086,0.83544338
0.89183366,0.88758588
0.86068672,0.78805077
0.59592372,0.49801278
0.62843752,0.60709095
0.72621822,0.84692925
0.79496878,0.72917205
0.84913242,0.90947235
0.92971975,0.91117525
0.94117916,0.93593907
0.31457222,0.60444576
0.61444223,0.73260748
0.66274691,0.66800827
0.87716544,0.90116984
0.66223311,0.66688097
0.89397198,0.94407284
0.81315863,0.83050269
0.93421239,0.96413970
0.29433706,0.30929348
0.88915968,0.93405366
0.73128396,0.84988165
0.78538072,0.85200143
0.19545090,0.11235981
0.81309032,0.70359343
0.79915243,0.69242609
0.80157316,0.85500002
0.65064377,0.71504486
0.61880082,0.56811988
0.73267502,0.84428191
0.59812093,0.45439693
0.75047851,0.62743056
0.23389348,0.29696268
0.85847497,0.85932982
0.76193947,0.85385585
0.67256260,0.52152991
0.51623309,0.50629544
0.90802538,0.92316020
0.89114344,0.88298571
0.83775675,0.92222607
0.87186074,0.85558599
0.72741699,0.43593705
0.89771199,0.99253732
0.22339149,0.19189817
0.68279356,0.55577368
0.91810763,0.92915082
0.16937722,0.17149614
0.94722241,0.90909094
0.46539557,0.48133001
0.24785206,0.26531985
0.34871840,0.34279943
0.68507320,0.94318181
0.13109562,0.16805555
0.91391253,0.92390758
0.90997720,0.90907645
0.82535553,0.90473849
0.81705016,0.60401648
0.93379384,0.94725490
0.60327220,0.51886147
0.84597129,0.90454543
0.88785946,0.89266211
0.61071092,0.63306081
0.90585744,0.80605441
0.47060007,0.49109986
0.93659049,0.93343937
0.82480389,0.82869685
0.83455110,0.76971161
0.69739228,0.75072098
0.56522554,0.59973037
0.87041950,0.93272662
0.14424086,0.16096221
0.55070192,0.83236551
0.23154375,0.14895315
0.83848864,0.74707866
0.34643033,0.32226485
0.50234210,0.56694961
0.89195883,0.89686990
0.93940204,0.94380414
0.64919043,0.72198862
0.29639289,0.33630988
0.76209730,0.79918033
0.75706851,0.80353743
0.81784511,0.77578127
0.82536203,0.85983205
0.59662998,0.79289818
0.93293542,0.17597333
0.22570017,0.27355328
0.82545745,0.70210099
0.87293196,0.90981239
0.84483218,0.80974191
0.88030314,0.94101930
0.79153132,0.74400544
0.51998794,0.47822964
0.87845087,0.88957387
0.85610968,0.91254580
0.67612815,0.81035084
0.86516434,0.91257709
0.38386518,0.41389197
0.79947066,0.85481483
0.68033290,0.49117348
0.90960044,0.91156292
0.39170578,0.41237518
0.82962549,0.73316973
0.87134409,0.90417427
0.88743401,0.84203482
0.81860000,0.87100881
0.60937953,0.64989978
0.78556406,0.66030031
0.77247924,0.84235799
0.39476410,0.53175914
0.49975622,0.42613587
0.82429600,0.74045897
0.85907006,0.92179739
0.80155146,0.83363283
0.68203586,0.74972790
0.87341672,0.93267393
0.97281331,0.90011698
0.84695327,0.80131948
0.61035872,0.68642855
0.72219181,0.81843573
0.72382504,0.70556027
0.74219048,0.86710781
0.60915369,0.88317168
0.92577404,0.53268218
0.69668633,0.71708071
0.42246166,0.49782473
0.84411752,0.63613039
0.90738463,0.95715326
0.92704433,0.94849253
0.46882212,0.43774909
0.90904254,0.80915117
0.81598145,0.92648935
0.88140571,0.90317327
0.84332812,0.88832200
0.93508065,0.94523060
0.87904578,0.90917122
0.39457393,0.51725292
0.93364382,0.93333334
0.88513780,0.95148885
0.33313170,0.49638805
0.80048007,0.88987964
0.53939819,0.52429187
0.73943388,0.76684982
0.91394693,0.92035741
0.78353631,0.60529757
0.62183088,0.59092259
0.63494623,0.57391024
0.78333485,0.77398944
0.77669328,0.80154157
0.91043919,0.90063465
0.92582458,0.94029009
0.85830325,0.82723516
0.33500606,0.32289064
0.52153194,0.58769631
0.52658790,0.56708324
0.86784011,0.88732040
0.87110692,0.83375001
0.81078666,0.83192021
0.86483490,0.87247783
0.62033516,0.75191194
0.51044035,0.54102367
0.65682471,0.58003098
0.38458166,0.43387705
0.92823333,0.89318383
0.92852592,0.97521418
0.87875074,0.92824352
0.84364963,0.85440701
0.45044473,0.24134728
0.48553550,0.46230251
0.84219682,0.95507568
0.93109757,0.90797651
0.93189341,0.87545484
0.64519060,0.55882353
0.23966220,0.41450471
0.92535520,0.94064313
0.74847138,0.79514021
0.73767841,0.62104017
0.70483005,0.74635702
0.69778252,0.74321967
0.70307541,0.64693373
0.55805099,0.64818114
0.66046989,0.81084216
0.81819391,0.94846493
0.79257476,0.85275441
0.09061390,0.16919251
0.67408556,0.73777807
0.76343358,0.60520834
0.85347509,0.72881877
0.25929469,0.13987172
0.66093588,0.74972749
0.50769275,0.57779288
0.84453702,0.91396326
0.35147482,0.49417111
0.90641934,0.90073121
0.49905938,0.68355483
0.22731268,0.45858580
0.42631900,0.59835202
0.49549443,0.60581255
0.48639715,0.27689710
0.70185983,0.88675213
0.83931649,0.89387077
0.86336148,0.86072850
0.85099083,0.90895396
0.20826134,0.12685186
0.92141503,0.94719952
0.93311042,0.80947930
0.76749957,0.87093079
0.67111522,0.53754151
0.60625684,0.48074982
0.85747474,0.70175231
0.69547921,0.80138272
0.46714556,0.18914123
0.84271598,0.89991969
0.83404952,0.90664697
0.92294401,0.92192310
0.72647208,0.70954633
0.64657843,0.64516598
0.87844497,0.93934959
0.76162732,0.68070573
0.89083999,0.78901410
0.31013772,0.25915682
0.91404492,0.93755049
0.67726350,0.78349674
0.41636953,0.30113637
0.73955655,0.79827219
0.68594062,0.70221823
0.83460277,0.96412265
0.21077025,0.30938494
0.22534779,0.24587674
0.80517668,0.91239721
0.61143261,0.43103448
0.83788311,0.65319914
0.90390921,0.91233766
0.51395184,0.55924815
0.67074287,0.89297050
0.87549883,0.92712766
0.78146917,0.65528846
0.90451521,0.91641706
0.78657126,0.91049892
0.73730046,0.72620887
0.77766097,0.92000842
0.93146801,0.90261990
0.87521648,0.94229674
0.65339750,0.74520206
0.58068275,0.70211607
0.91565806,0.98922598
0.78243530,0.69567865
0.69206905,0.91332501
0.86661476,0.97619045
0.89911956,0.91140813
0.90237099,0.97933853
0.79848975,0.92179483
0.83184034,0.83434474
0.51088178,0.43875387
0.33213246,0.12598751
0.88614982,0.80515140
0.94447917,0.78235292
0.91704303,0.89587718
0.90514445,0.92665416
0.72439647,0.64506000
0.66355419,0.73887980
0.92606193,0.92082554
0.84105468,0.89070284
0.94615376,0.66290534
0.90819293,0.94156039
0.56610322,0.53559911
0.72179037,0.70679015
0.84698725,0.87731093
0.89789528,0.91074419
0.47917950,0.52660644
0.82631898,0.69846857
0.96713144,0.92421627
0.80697834,0.86835557
0.43648809,0.50482512
0.84553641,0.82318991
0.40180576,0.30889091
0.69363350,0.55752653
0.32682511,0.31595987
0.69673085,0.83333331
0.30078748,0.33849600
0.83273637,0.79298246
0.86793339,0.71165258
0.39814293,0.31763548
0.46348622,0.39099726
0.82193559,0.73548859
0.25358546,0.34459993
0.85815269,0.88075078
0.79678011,0.85386860
0.83590823,0.84730196
0.87371552,0.84439600
0.67345989,0.89345825
0.73093128,0.78287286
0.86642039,0.90166646
0.42276871,0.49553746
0.89397395,0.90880620
0.90874845,0.84768492
0.75361329,0.83387977
0.87390715,0.75215387
0.78981149,0.76766616
0.69712353,0.53104299
0.68046725,0.81340581
0.77577436,0.75326777
0.68018830,0.51244235
0.27560106,0.34693033
0.88195044,0.79598188
0.90276909,0.90986842
0.54223597,0.45630932
0.87921774,0.89654469
0.70816129,0.68593282
0.54783213,0.60692453
0.83617038,0.84840775
0.57136816,0.35541871
0.64809990,0.63192332
0.64917243,0.77879041
0.34247923,0.39656276
0.96328139,0.94523376
0.70987713,0.63374132
0.84105319,0.98275864
0.68413097,0.85287970
0.34293485,0.18073878
0.66295362,0.67013109
0.88308144,0.95277780
0.83662373,0.70886618
0.85866272,0.94090909
0.25157285,0.37231132
0.78464139,0.79828602
0.74909097,0.78862488
0.13498825,0.14017177
0.89393312,0.86554027
0.90763724,0.95667285
0.82297301,0.84633219
0.90085959,0.96923077
0.84561944,0.89775115
0.69476026,0.64714241
0.86306167,0.83513546
0.45014995,0.72588235
0.75379586,0.84754902
0.53347546,0.71759260
0.68832088,0.70015180
0.80118382,0.75465667
0.26500395,0.41527238
0.89467770,0.85904509
0.84025156,0.74544257
0.69779402,0.70368671
0.88734472,0.96376812
0.96351904,0.99275362
0.82543606,0.82435900
0.42323714,0.59803253
0.92634529,0.82986039
0.39755714,0.63351828
0.82717407,0.81027752
0.90751833,0.95262128
0.61964709,0.80894148
0.86428344,0.85415053
0.60205686,0.22454269
0.81884807,0.83595204
0.77269030,0.70385230
0.84505242,0.85160822
0.22301558,0.13069455
0.96625680,0.95625663
0.57997721,0.44530153
0.68617678,0.84039712
0.19123617,0.43346915
0.80524182,0.89800197
0.93884677,0.90875059
0.84666085,0.82030994
0.79416412,0.79763937
0.36336884,0.24452288
0.87627989,0.83806610
0.61023510,0.65213674
0.62857032,0.57287008
0.85832983,0.92304611
0.75685310,0.94978607
0.62763327,0.64651471
0.92541099,0.86218202
0.91313463,0.91463667
0.69888353,0.84729153
0.68136752,0.75903976
0.29967722,0.45269471
0.85630423,0.92181176
0.94657969,0.95691174
0.88064003,0.79957718
0.83904600,0.87323833
0.90295225,0.62049538
0.70684832,0.83840066
0.96795648,0.94470590
0.89255524,0.63815278
0.68398297,0.81925821
0.76865637,0.76926482
0.88770765,0.93142217
0.64699113,0.64008701
0.87384480,0.83216071
0.88296717,0.93350875
0.82735980,0.83468765
0.89626962,0.91225690
0.90545249,0.79963523
0.92481369,0.94897085
0.58257902,0.75115359
0.64842832,0.66969699
0.92731428,0.94510549
0.42285773,0.46856546
0.50449729,0.56722486
0.75408190,0.79981911
0.73894578,0.91211033
0.81839275,0.90170288
0.88733578,0.96798378
0.71295381,0.67013174
0.90039015,0.88219142
0.91699558,0.91038436
0.81144261,0.79298246
0.92328572,0.86638868
0.14672768,0.12465912
0.66214031,0.90974259
0.68507659,0.39943701
0.38994372,0.46200973
0.67152089,0.82783753
0.72626042,0.82958025
0.94287461,0.94356018
0.37299389,0.33618388
0.81265318,0.73583418
0.46334928,0.55495280
0.60469955,0.50611144
0.73896164,0.84291822
0.92233753,0.88362384
0.46383628,0.53967869
0.25518060,0.29709384
0.71160966,0.68652040
0.84543890,0.87947094
0.78533435,0.68962061
0.71659219,0.60175437
0.56196612,0.59613425
0.53675956,0.54225522
0.79908001,0.88332212
0.84688830,0.87752408
0.89076221,0.89441079
0.12006876,0.06378902
0.77342016,0.90164453
0.32762834,0.46296296
0.59349418,0.67128801
0.67992449,0.57127637
0.63943100,0.79508626
0.91399074,0.93096691
0.89743280,0.91537356
0.94201696,0.95516568
0.79703218,0.74644977
0.93663317,0.96847826
0.49453998,0.55499166
0.62034231,0.75261503
0.56269836,0.42450452
0.88827652,0.89535546
0.92338055,0.90532106
0.84620720,0.81703997
0.80203593,0.85103798
0.84823978,0.90310782
0.95946068,0.97872341
0.87130493,0.96459067
0.75877249,0.76291794
0.83138680,0.74279559
0.92777091,0.89090663
0.73333657,0.53643906
0.83967113,0.84706134
0.67718792,0.53568822
0.91313130,0.89027262
0.93919188,0.87522280
0.72435713,0.68735337
0.92569751,0.90734500
0.61543900,0.59587657
0.70665860,0.49330035
0.81184846,0.60518789
0.89453125,0.87993860
0.84007925,0.88662660
0.61700678,0.59807694
0.89478821,0.85897189
0.79205304,0.78093833
0.18196660,0.22644928
0.86445844,0.84770489
0.41614595,0.81561995
0.50335056,0.42962953
0.86906356,0.94712073
0.84957409,0.77471656
0.76197296,0.76811635
0.52460545,0.48900464
0.83396202,0.75165170
0.84741080,0.88255924
0.78306854,0.90447593
0.84373021,0.82797444
0.16077825,0.30609041
0.51009864,0.59229332
0.70892388,0.74305391
0.92076141,0.82886869
0.88482046,0.94409192
0.74591666,0.78591627
0.73716336,0.71623808
0.64897162,0.47535211
0.87939179,0.94798648
0.37008497,0.36237374
0.70349598,0.83224422
0.88925087,0.83307701
0.67971373,0.65434241
0.39069551,0.55239666
0.88097239,0.93473929
0.88831782,0.93723059
0.95181328,0.93569988
0.88576752,0.87917340
0.82465065,0.88735884
0.90771389,0.88899755
0.56206727,0.74898958
0.51022285,0.68114477
0.79843861,0.58571428
0.43617216,0.48970768
0.93191952,0.86167032
0.35554570,0.29080674
0.70448124,0.93277830
0.78002501,0.81553400
0.82688946,0.77173913
0.77644038,0.73167789
0.71520144,0.81875646
0.95336133,0.94533569
0.54694974,0.52331150
0.74140269,0.82278323
0.90472269,0.89532495
0.94442654,0.93501192
0.75665486,0.94000000
0.90180832,0.93757176
0.39983091,0.28643617
0.52181119,0.38437003
0.85451311,0.86175376
0.46527249,0.66428620
0.32240301,0.42257217
0.45742914,0.65077490
0.87169635,0.91923076
0.62470144,0.67142022
0.76991689,0.48139769
0.92308122,0.85357428
0.37721086,0.56810105
0.87190968,0.87248802
0.78257775,0.95862800
0.78942996,0.82238585
0.74726826,0.62078261
0.85960793,0.80750889
0.87779218,0.83243144
0.90314257,0.85847986
0.92430186,0.91971737
0.66151214,0.69436836
0.85853624,0.75966048
0.47991642,0.41319931
0.93733084,0.88292122
0.76020259,0.74175900
0.81581604,0.85444778
0.53210455,0.65708536
0.87745547,0.91202533
0.77556443,0.79289150
0.30638325,0.11148074
0.60228628,0.49401122
0.79608595,0.76232862
0.89424050,0.92849016
0.17018300,0.19169508
0.15075481,0.14660482
0.76066613,0.88060230
0.65321851,0.71151268
0.44345632,0.26976076
0.75061226,0.87049526
0.57725418,0.64069766
0.64706349,0.70906752
0.23216155,0.20999916
0.87163293,0.90540540
0.42819116,0.58448458
0.60014218,0.59448087
0.93502462,0.73690474
0.54200047,0.68911612
0.76720399,0.86158252
0.77644014,0.79910553
0.88053471,0.88239187
0.83187693,0.90231508
0.53021860,0.49682686
0.48657677,0.33763418
0.87097383,0.95539623
0.67123699,0.42209944
0.57856476,0.84276849
0.78978741,0.83121246
0.20673111,0.33246276
0.88012391,0.87292683
0.83782351,0.81089091
0.83874577,0.82630205
0.90262312,0.78991252
0.89656347,0.86705172
0.71345735,0.61377645
0.36532685,0.34832197
0.87396580,0.91766828
0.54855871,0.32575008
0.59254587,0.60423815
0.75022948,0.88158941
0.84749186,0.90737563
0.71528822,0.83232540
0.64519346,0.83195084
0.81337166,0.73680902
0.80701470,0.98660505
0.38086542,0.62205803
0.55769891,0.69734889
0.89130461,0.88779718
0.82429713,0.91158903
0.76363158,0.74469572
0.94633794,0.94096643
0.59733492,0.72543061
0.64274180,0.79676998
0.87779200,0.95966935
0.69942778,0.87531143
0.56919718,0.58723468
0.42870194,0.42238268
0.80433458,0.81438857
0.66333401,0.61333448
0.58188760,0.45584652
0.69201845,0.72169811
0.90090871,0.82912940
0.87757909,0.90630299
0.75589412,0.85919821
0.93154085,0.89294875
0.30169013,0.35851455
0.52911627,0.50331545
0.89863908,0.76369637
0.50983226,0.51747334
0.93729573,0.96570659
0.28664243,0.37821880
0.93572116,0.94701755
0.46513385,0.36748573
0.61027968,0.48774403
0.90942109,0.91049600
0.90141135,0.88741851
0.88850045,0.98275864
0.96083736,0.98849702
0.93283081,0.90976351
0.36633909,0.24929525
0.47983721,0.50047541
0.95349509,0.89817476
0.93284130,0.85895091
0.87299323,0.82343489
0.11341080,0.09733385
0.63992393,0.56538570
0.54096121,0.69834185
0.84968609,0.88496679
0.38673967,0.64710796
0.90313447,0.93648565
0.72381753,0.71581823
0.84551358,0.78080195
0.28722441,0.42770770
0.87183791,0.91392887
0.90891331,0.90552974
0.91156042,0.91573662
0.64504039,0.68036401
0.90236992,0.89907104
0.65777421,0.44020849
0.67475533,0.65571481
0.86571938,0.94130152
0.74642521,0.80382884
0.84401566,0.71913344
0.10811067,0.16865297
0.52638602,0.14304200
0.19229025,0.21486166
0.35096633,0.31148237
0.86498064,0.91949451
0.92183489,0.96001065
0.84822857,0.95454544
0.87048799,0.66906595
0.92340952,0.85357368
0.53475738,0.67364585
0.77407688,0.79618436
0.76644522,0.84451681
0.44468477,0.44881848
0.90999544,0.85982561
0.69364554,0.79611725
0.25532073,0.24394307
0.71139807,0.81831789
0.51756406,0.41585678
0.85402369,0.87915879
0.59190655,0.40451533
0.82657802,0.72263235
0.88827282,0.94221395
0.64215535,0.75266081
0.84184891,0.91873604
0.54630661,0.74833596
0.86446357,0.85856056
0.74094689,0.81048852
0.87039852,0.89603448
0.20927501,0.26633644
0.86047858,0.81332099
0.67064619,0.70573384
0.92205864,0.97651005
0.88763499,0.91983503
0.94412440,0.91829187
0.45644134,0.35841557
0.93107176,0.91055554
0.60171896,0.74782741
0.93166429,0.94044352
0.93177640,0.96733141
0.88035434,0.92955494
0.79876947,0.83844447
0.72745979,0.58614844
0.82183933,0.88006818
0.94223642,0.92288601
0.37750027,0.26272455
0.90138131,0.83190924
0.61968476,0.72027773
0.84314519,0.93526757
0.78424394,0.68704498
0.21663110,0.15570776
0.76623195,0.65136182
0.87342763,0.92125106
0.81127816,0.79162019
0.83950627,0.85636902
0.85032344,0.88357931
0.84468114,0.88174993
0.82491028,0.79741377
0.55421716,0.64639425
0.58187187,0.53909063
0.59797764,0.62573582
0.83117807,0.87221742
0.68991196,0.79562014
0.75514454,0.78673470
0.75001156,0.82393950
0.48976704,0.43288681
0.51284051,0.25553018
0.84330112,0.87876654
0.85931122,0.76957691
0.83397031,0.74898672
0.60930789,0.41086957
0.42630684,0.34485158
0.53048164,0.53546131
0.83864295,0.96666664
0.90817720,0.95023924
0.83843875,0.87311041
0.90257651,0.91178250
0.77961713,0.83515948
0.73057371,0.58434588
0.97820467,0.89346659
0.92726701,0.98982012
0.90729737,0.87994564
0.81910032,0.76127243
0.85546017,0.85837102
0.91841626,0.91895425
0.24648568,0.24012481
0.79650313,0.84508663
0.88957429,0.87620687
0.51477140,0.54030800
0.73212326,0.76951873
0.90258121,0.97838503
0.92800826,0.80167454
0.69530427,0.57442808
0.61002004,0.77140731
0.85093236,0.81005025
0.77775013,0.85648358
0.92530233,0.86341697
0.87994969,0.77339107
0.90802848,0.87987375
0.13082224,0.11469042
0.82865447,0.88720489
0.94470745,0.93778312
0.63856906,0.69335526
0.91793293,0.93119937
0.87908912,0.89935899
0.90525013,0.88697916
0.87590760,0.75230956
0.81155783,0.73787737
0.92349803,0.95592654
0.63153404,0.60129112
0.92079240,0.97611338
0.91551930,0.90174145
0.87122130,0.89140624
0.54007119,0.66635603
0.56082058,0.80292118
0.70005614,0.74788964
0.92623210,0.85470283
0.42047083,0.35770595
0.60033059,0.59154373
0.76055360,0.82882243
0.80615008,0.90482342
0.83396614,0.59700030
0.78499639,0.89153439
0.93938273,0.97311831
0.65046173,0.53575748
0.11484694,0.15808170
0.77778023,0.71256495
0.79771852,0.87203765
0.69891536,0.49895087
0.66044319,0.56250000
0.63140965,0.52228165
0.70822293,0.83328664
0.82219350,0.80661660
0.90953112,0.93434107
0.60241479,0.64884073
0.70499408,0.75838923
0.01409137,0.04953431
0.86850262,0.85798162
0.76303804,0.80806857
0.91657990,0.93983078
0.46091944,0.50126493
0.91385514,0.88039112
0.86020750,0.94798410
0.76119769,0.87687516
0.72877038,0.58634460
0.88688141,0.91057914
0.52841461,0.48184818
0.43595761,0.33665380
0.82472903,0.85242832
0.90623033,0.90735292
0.43825263,0.40943256
0.36659765,0.44473892
0.84208143,0.81955886
0.82617593,0.83082032
0.89398187,0.91540599
0.34321499,0.37155995
0.25735253,0.13041443
0.75429666,0.67618191
0.84874916,0.93599880
0.90466857,0.85991228
0.98360604,0.94861281
0.73353356,0.77751720
0.79040235,0.61105484
0.87169373,0.89774948
0.80361581,0.34511524
0.89313936,0.87132150
0.87786716,0.94743907
0.62969190,0.61226863
0.76666182,0.80778700
0.96357906,0.93322879
0.93576401,0.97222221
0.38619787,0.42358845
0.91362482,0.92842150
0.86702162,0.87963533
0.91640711,0.93257427
0.82084036,0.84153783
0.88827986,0.93129760
0.70140386,0.68185139
0.85103184,0.94208270
0.73977804,0.69028759
0.91737437,0.85408163
0.48015317,0.73607951
0.94574648,0.88519126
0.61778128,0.50528187
0.87858886,0.84792101
0.92010039,0.75366879
0.58235323,0.50658047
0.76386529,0.64404887
0.89665908,0.89263630
0.47383368,0.49252614
0.73518509,0.65751696
0.68663383,0.58521760
0.69744825,0.70898658
0.96424061,0.94868690
0.86454171,0.79000568
0.77093649,0.87812442
0.92369443,0.90679687
0.82707667,0.93229169
0.52594876,0.40523237
0.93973911,0.86327744
0.86146349,0.69556737
0.81943208,0.80346686
0.55435324,0.67167324
0.85879666,0.82744044
0.77386928,0.75187397
0.46475837,0.57973754
0.83209783,0.96288943
0.87948596,0.96245849
0.95111948,0.97161305
0.91742384,0.92712247
0.89914906,0.83955443
0.35251892,0.59445947
0.77111465,0.79835540
0.79003274,0.85104710
0.91367346,0.85698450
0.71247286,0.75783801
0.70861644,0.68147451
0.84933412,0.68763447
0.87334543,0.86583000
0.93901128,0.83552742
0.88085347,0.92595226
0.76391399,0.80328435
0.77685249,0.76440734
0.74956292,0.48274773
0.72631675,0.85425282
0.20892607,0.35217968
0.78948998,0.95604396
0.60866117,0.57052928
0.82668513,0.65849674
0.92147648,0.97115386
0.62240231,0.51422232
0.91080791,0.94842172
0.84153241,0.86075163
0.92105567,0.97244149
0.90222883,0.88086736
-0.15352613,0.04580267
0.73156887,0.71991873
0.86910826,0.90789473
0.97260708,0.83249384
0.88253021,0.88196427
0.90021086,0.86628664
0.68414211,0.91282797
0.91899806,0.91710097
0.85461247,0.81452864
0.78328943,0.67801344
0.82145476,0.47775811
0.81694847,0.80510753
0.56252730,0.67446810
0.89721876,0.84147245
0.90812570,0.93378329
0.86766613,0.84296876
0.84115076,0.73563290
0.53484470,0.43004099
0.13125062,0.11223690
0.60375881,0.57947791
0.92140675,0.94054466
0.89566994,0.93813747
0.92856258,0.86860120
0.51511282,0.62798101
0.91940802,0.95646960
0.63164991,0.47371379
0.76350462,0.94417387
0.94555348,0.96932012
0.73064888,0.56598759
0.74754524,0.80576950
0.41660756,0.33701411
0.70003879,0.69234240
0.88990974,0.84282053
0.26512122,0.26069599
0.57465011,0.73901176
0.82552499,0.93899584
0.75006175,0.60856491
0.18638512,0.14977884
0.82190424,0.89643747
0.84818554,0.84919506
0.82575852,0.78197366
0.76512474,0.84337187
0.75469804,0.62717295
0.50512689,0.77907377
0.84836566,0.85116220
0.51995033,0.62323946
0.54314291,0.65485609
0.96556097,0.97540987
0.90416580,0.86293226
0.68580526,0.81600612
0.41264230,0.47790524
0.97180611,0.95002931
0.94189388,0.94913703
0.59422386,0.58176565
0.93740296,0.90195483
0.61498904,0.50837183
0.48282394,0.54774100
0.45516580,0.57565135
0.76961195,0.80611110
0.55165118,0.39445871
0.86866546,0.96013117
0.09388059,0.19643602
0.89730513,0.96178591
0.47802517,0.24278516
0.96029180,0.96150458
0.81463176,0.83796620
0.85894454,0.92015117
0.83345759,0.94868141
0.61460537,0.59982920
0.76276296,0.76569235
0.87771428,0.88745636
0.92119765,0.95939767
0.32417905,0.34010842
0.85189849,0.80897957
0.72698981,0.89536291
0.41793481,0.32583460
0.79072690,0.71392745
0.93455869,0.95888788
0.88618672,0.88028204
0.85876805,0.88586742
0.71505725,0.68154299
0.92186260,0.94550353
0.86501408,0.94453758
0.70073766,0.73705500
0.91570395,0.90509939
0.26479703,0.17494252
0.79052937,0.87989235
0.60993135,0.68179667
0.53265655,0.79959714
0.66458201,0.59616596
0.86331409,0.84470910
0.90250885,0.99497414
0.24596696,0.26573077
0.91745198,0.96437126
0.87037784,0.87511498
0.72455245,0.63227510
0.81202650,0.80413121
0.91648227,0.87317926
0.82117957,0.71612072
0.89693832,0.87742949
0.65511137,0.84252799
0.91879463,0.88625824
0.82155657,0.70597845
0.87951708,0.82569063
0.25742900,0.28093535
0.38693038,0.45139080
0.79445779,0.85651290
0.16502562,0.25443321
0.89726752,0.87771767
0.85359073,0.92113006
0.87908685,0.78771532
0.62427467,0.56883347
0.78165746,0.68409812
0.65549898,0.51866502
0.88117611,0.89704436
0.72375071,0.64072943
0.91913700,0.97974503
0.79469520,0.83071285
0.85673141,0.84090102
0.52243483,0.29403645
0.83573616,0.77840394
0.67529786,0.76021636
0.56695920,0.78524214
0.88041002,0.89633226
0.92392093,0.94120151
0.72334754,0.87318563
0.71274340,0.82413101
0.96118814,0.95733041
0.86862576,0.90329397
0.17335764,0.11286988
0.46330306,0.44786826
0.72618097,0.70078200
0.78469014,0.70576924
0.60326451,0.77261633
0.76270741,0.51436228
0.73558491,0.64331055
0.63167208,0.77381706
0.81206381,0.94997269
0.81680787,0.57921028
0.93068391,0.96609181
0.82082415,0.83745748
0.88401675,0.87462234
0.85910749,0.86753249
0.81174260,0.90942913
0.87376231,0.92438066
0.84744018,0.81891280
0.82467234,0.91215152
0.79508311,0.70312828
0.79020864,0.81175274
0.90215373,0.87305474
0.90900338,0.89770633
0.65540278,0.50900257
0.42767808,0.54919863
0.91694283,0.99425286
0.85354453,0.90091950
0.81371146,0.80878663
0.69681054,0.83850265
0.75900096,0.74399853
0.88918507,0.92098033
0.39756995,0.62598270
0.83815473,0.76550871
0.89261997,0.87920874
0.25521785,0.25909430
0.73004061,0.76881856
0.92138380,0.92859668
0.77901709,0.71317309
0.60712194,0.77956986
0.66638911,0.86996698
0.64487731,0.45161444
0.90020961,0.98084825
0.90669245,0.84113801
0.79955041,0.84279549
0.72200787,0.70817608
0.38190979,0.44838309
0.74004930,0.85638946
0.85648584,0.99642855
0.94229251,0.95770979
0.88652837,0.87345171
0.76565862,0.73427027
0.91294086,0.84351897
0.89469910,0.92926937
0.93975419,0.92618775
0.56062633,0.45971575
0.87961102,0.90075141
0.81671882,0.82073301
0.93284792,0.90561372
0.88919091,0.84722221
0.94325703,0.92095351
0.89237213,0.88191885
0.09982687,0.07497706
0.31338033,0.14390244
0.90421617,0.84716874
0.94566804,0.88255036
0.77859032,0.85113996
0.89657152,0.94928300
0.62483454,0.73880899
0.44290793,0.62105978
0.77838528,0.81262982
0.47336912,0.55583185
0.87635922,0.88450295
0.45359561,0.43947282
0.89348090,0.93605608
0.61811721,0.74731505
0.58172226,0.60952902
0.61292732,0.71591765
0.92873561,0.90945148
0.59451663,0.61156446
0.64476466,0.66399556
0.79375494,0.82773900
0.76572269,0.99888641
0.78399271,0.80901307
0.72045898,0.83635467
0.61483806,0.62672049
0.78235918,0.62334055
0.90445292,0.80335766
0.59993559,0.57727122
0.65308905,0.69110304
0.80597305,0.87603253
0.52157563,0.62082064
0.66282272,0.60234964
0.32815838,0.31594202
0.32718983,0.45400271
0.65768307,0.73377436
0.70617318,0.54876393
0.43389603,0.67029285
0.87592661,0.89851618
0.88377303,0.70219976
0.83316922,0.79977137
0.80116022,0.75698471
0.77940404,0.80296588
0.92151600,0.98493630
0.67004043,0.73153740
0.90721995,0.91952467
0.70746553,0.74732560
0.28756350,0.27417654
0.84576577,0.90460300
0.57241988,0.61332309
0.81037235,0.90574151
0.96272027,0.93852460
0.39125580,0.41883275
0.41240695,0.45576829
0.49451363,0.40355298
0.92768687,0.90396249
0.84933871,0.87063295
0.25619230,0.24686849
0.90972072,0.90374649
0.83665127,0.80468750
0.76125395,0.92537314
0.82212675,0.82373244
0.90238971,0.90890688
0.45972523,0.41073257
0.88907743,0.92492646
0.86575699,0.89233661
0.81696135,0.75138891
0.90829909,0.78554803
0.68998230,0.68115872
0.47849178,0.59684193
0.80195773,0.34331059
0.95864624,0.95993030
0.84826696,0.75191104
0.79059124,0.92942840
0.01609066,0.05887888
0.89603806,0.86328375
0.94929105,0.92137265
0.93452406,0.94824338
0.84334886,0.92727274
0.29368567,0.44329169
0.15885788,0.16621801
0.77965128,0.81493509
0.73520523,0.77093369
0.61688542,0.36946368
0.88477039,0.94431466
0.82447040,0.86139697
0.63991249,0.71845347
0.45142582,0.42334017
0.76820904,0.88576943
0.91498065,0.98041666
0.91202980,0.89055043
0.48922360,0.45699394
0.61600482,0.43135002
0.55598128,0.56313431
0.64692980,0.65316665
0.85726964,0.88094515
0.78456980,0.81349206
0.75168902,0.69447440
0.48470697,0.53202736
0.34074551,0.19074610
0.64219981,0.62072283
0.79005277,0.62310362
0.02733809,0.17857143
0.89339328,0.93130344
0.11650288,0.26686859
0.40368772,0.41347429
0.55179334,0.34925410
0.95146537,0.92120683
0.71013713,0.71532255
0.85051292,0.91563803
0.29954270,0.36190981
0.45991188,0.68842268
0.58061874,0.75373417
0.93592554,0.91406190
0.48427099,0.61812866
0.85997117,0.88348532
0.95714515,0.96102065
0.79353213,0.76305968
0.76715350,0.93243456
0.79157919,0.88182276
0.74877870,0.68118411
0.74793291,0.86943781
0.89667034,0.93299937
0.75017273,0.82679921
0.83626199,0.90753287
0.73081958,0.56599897
0.83663505,0.58724594
0.95226395,0.93863815
0.92100430,0.78259116
0.92374349,0.85712564
0.91560543,0.94747758
0.97195452,0.93136072
0.23620594,0.38836405
0.64001954,0.83414632
0.86870140,0.81010693
0.83039016,0.73488325
0.73444796,0.91078430
0.86652303,0.95604217
0.51967436,0.61352813
0.29371232,0.28458738
0.60877752,0.64388865
0.41134465,0.31385612
0.62562573,0.58470148
0.94456440,0.90445155
0.56951183,0.73867559
0.89721751,0.86246496
0.26277602,0.37729108
0.79750967,0.66213691
0.83427989,0.78770852
0.42443398,0.38212597
0.19938134,0.21620715
0.42346409,0.44405919
0.85628384,0.88106066
0.82848513,0.77390367
0.77804267,0.82036614
0.80318236,0.80996716
0.84051806,0.85842067
0.91992104,0.90472430
0.80833769,0.40315506
0.64965904,0.60859418
0.76690876,0.73751736
0.73664993,0.73597103
0.88381118,0.80103737
0.91147685,0.83284163
0.23687866,0.27266225
0.61483270,0.60189211
0.69664931,0.84333014
0.92092073,0.97828609
0.92337543,0.78776121
0.72582734,0.74959815
0.66799653,0.84598929
0.81351250,0.80587584
0.74720162,0.72466218
0.85958040,0.88078433
0.82386541,0.93350166
0.63652277,0.39687431
0.70958686,0.53868902
0.40426528,0.39282146
0.36386746,0.46381423
0.85317338,0.91736388
0.86472505,0.81108958
0.85647625,0.69661492
0.64601743,0.62597948
0.90827352,0.80019981
0.48844081,0.47633147
0.84856701,0.84880120
0.84738606,0.83789790
0.67358971,0.67357653
0.65002400,0.72186613
0.65068698,0.51307732
0.75014055,0.77973855
0.23910436,0.34047765
0.60404372,0.55808079
0.43504283,0.41156632
0.48637125,0.51598209
0.88793153,0.89465147
0.79634756,0.84753376
0.71951240,0.70289034
1.00947976,0.94705653
0.88835812,0.92244416
0.89494014,0.94948977
0.53257382,0.63704205
0.89886045,0.88767505
0.32742935,0.44295454
0.88916188,0.91778165
0.93768322,0.96724421
0.74990869,0.71548676
0.53650320,0.70466030
0.90488744,0.96487606
0.63365984,0.69793046
0.83830130,0.83635980
0.96460110,0.95140678
0.57697594,0.73388773
0.33729759,0.30173033
0.83034092,0.91107738
0.84312999,0.84156317
0.73217559,0.68461519
0.85118455,0.82612556
0.91129553,0.90076631
0.53122234,0.57860386
0.91570413,0.89237136
0.89948940,0.80948132
0.82162380,0.63861454
0.27691925,0.38626665
0.58844864,0.52671957
0.79073596,0.87913013
0.92892581,0.95767272
0.84589851,0.86352932
0.49861532,0.33011273
0.85400200,0.94629246
0.92969751,0.93036580
0.91965038,0.91126776
0.92839313,0.97853369
0.60631597,0.64231008
0.80312371,0.78312474
0.93561596,0.96205503
0.92699492,0.91715837
0.76885158,0.68434751
0.78810716,0.88573885
0.87268323,0.89452815
0.31592822,0.26408178
0.49025887,0.52276689
0.89226079,0.91676831
0.55032223,0.59834677
0.85203797,0.62980771
0.86662889,0.84498233
0.93397838,0.97385532
0.61088419,0.71306640
0.81200701,0.85761565
0.28531504,0.26958776
0.92143524,0.88651258
0.93636334,0.97886825
0.84501183,0.88575268
0.75545323,0.81904554
0.80010378,0.85631067
0.90224481,0.78633600
0.32838076,0.53611565
0.67196149,0.52867132
0.76564354,0.58175290
0.86781007,0.74276859
0.15829539,0.16462965
0.92054039,0.93084574
0.82787627,0.92125493
0.74885339,0.86562502
0.46241757,0.52665967
0.74061310,0.76739419
0.93294847,0.86697251
0.87974489,0.90608108
0.19021295,0.21021059
0.81797945,0.71524066
0.81021482,0.82290912
0.70628822,0.77031821
0.85981393,0.79810995
0.74578214,0.51792771
0.51691055,0.67713457
0.57526827,0.73488283
0.89373004,0.88671398
0.90044719,0.86932921
0.46657845,0.45771959
0.69929260,0.53966188
0.83979630,0.88286805
0.71852416,0.80708271
0.73886836,0.92190522
0.75618714,0.70137870
0.83464044,0.84829384
0.84147346,0.83466822
0.84558505,0.71924812
0.84879696,0.93329918
0.67407733,0.76857030
0.50743532,0.55803180
0.90302092,0.88090771
0.90252775,0.84025007
0.98632485,0.91762823
0.84495384,0.86246240
0.53164876,0.51923591
0.74251550,0.53985041
0.29351655,0.41860464
0.86134982,0.74591571
0.79387718,0.71431565
0.77334094,0.85822320
0.79869044,0.86392111
0.87759554,0.84782684
0.33975312,0.31394839
0.77718598,0.64767081
0.50683171,0.60114735
0.79344338,0.80974412
0.38831490,0.37164414
0.52359378,0.46460047
0.78370225,0.84319019
0.16435963,0.16497388
0.93709761,0.94478381
0.61602634,0.60501510
0.86894953,0.81430602
0.83476973,0.85963488
0.59080076,0.52581948
0.83377796,0.90674686
0.58902681,0.59478402
0.74195468,0.84960896
0.70304871,0.80011517
0.25082529,0.29427531
0.84328151,0.88049716
0.90975726,0.94305301
0.81697762,0.88107681
0.81058127,0.66533875
0.90499330,0.92313504
0.58621943,0.73524374
0.88330770,0.86621511
0.94799715,0.93106729
0.63919353,0.47980279
0.85401893,0.83803141
0.91036010,0.86684155
0.84465277,0.88924634
0.78863227,0.68040210
0.74120933,0.81234568
0.25549608,0.34900808
0.87745279,0.93970716
0.89676321,0.92941880
0.80718356,0.80512625
0.79109687,0.91325521
0.87158978,0.74869227
0.35616249,0.21674128
0.89829576,0.95140427
0.77529240,0.76357943
0.78458232,0.73503256
0.88703537,0.93443501
0.36222738,0.43088040
0.61205781,0.61491698
0.24666083,0.20233637
0.71794194,0.93137479
0.87697786,0.88597447
0.78448218,0.82273108
0.94947559,0.95281094
0.92394322,0.95226735
0.83998549,0.78538090
0.93312103,0.94541657
0.86370093,0.90407228
0.45454347,0.57378972
0.86085969,0.81096095
0.91343510,0.94468367
0.79758155,0.91102755
0.67989093,0.65889424
0.51614624,0.55896705
0.26051801,0.25727087
0.49991709,0.55153459
0.61907601,0.56407166
0.47583967,0.62411201
0.51488155,0.44689736
0.76603514,0.89418244
0.75503981,0.74401551
0.91595674,0.91926515
0.46112069,0.48811969
0.73460346,0.60936344
0.86586094,0.96453899
0.87712169,0.94567049
0.49866933,0.58518744
0.70509100,0.85896105
0.84822619,0.92436975
0.76125634,0.76619637
0.62412381,0.37865728
0.57199001,0.53696579
0.79876643,0.68268484
0.61544651,0.54181010
0.83586061,0.86332214
0.44194385,0.63521641
0.82360232,0.87784016
0.91741991,0.94144881
0.65281481,0.56423545
0.91909730,0.88804388
0.61752307,0.90700543
0.92551112,0.95015210
0.41629526,0.62058789
0.68525672,0.79883087
0.82463443,0.92123985
0.16461489,0.29284340
0.63464838,0.65918279
0.93987161,0.95156682
0.75782919,0.83087158
0.61472607,0.55090457
0.90246010,0.89478815
0.69711268,0.71079355
0.29801691,0.29572579
0.87998253,0.90395570
0.80414009,0.70062238
0.48807174,0.42544800
0.14178059,0.13499986
0.51476389,0.59261674
0.80650449,0.83686870
0.82030892,0.71431649
0.76305658,0.80535322
0.28149533,0.44080490
0.69108617,0.68046820
0.90841496,0.88211900
0.88555324,0.92337251
0.83845097,0.90806741
0.36380672,0.42550504
0.81098890,0.81607956
0.82021350,0.75267017
0.46549177,0.54109889
0.64235401,0.64185476
0.58305460,0.78316742
0.78376627,0.83877629
0.60187811,0.80120999
0.93081254,0.89555258
0.91971582,0.88730419
0.79863995,0.89329320
0.93295777,0.86925638
0.85321259,0.90426528
0.39172265,0.32794622
0.74431485,0.72307694
0.80345535,0.78880227
0.55647957,0.69225228
0.63560200,0.49802372
0.88014591,0.94826311
0.66908395,0.65071899
0.73810440,0.69458610
0.92515808,0.91751724
0.78386915,0.60509634
0.74377614,0.72117525
0.50888383,0.51230520
0.88406992,0.83057493
0.80894893,0.62790275
0.70524204,0.72464728
0.65688682,0.60357124
0.78644139,0.57811230
0.59034103,0.76451755
0.67161095,0.65460360
0.96346146,0.91930300
0.75915217,0.41803375
0.84202343,0.91481394
0.45544982,0.57398993
0.25821057,0.30924433
0.82540721,0.72230905
0.35693955,0.49731249
0.75840020,0.73707688
0.86743635,0.87325001
0.70120937,0.81795913
0.71123147,0.80513459
0.88529861,0.90945530
0.51695657,0.66351891
0.81675214,0.83636242
0.85873479,0.81954020
0.93376905,0.93428570
0.66009939,0.72480237
0.94813889,0.95489550
0.92614621,0.97859430
0.66948259,0.76543307
0.87698710,0.88159877
0.68664348,0.66364735
0.77174044,0.66201407
0.82102406,0.81898528
0.96298712,0.90554053
0.85096055,0.90113240
0.35037288,0.20370160
0.51409984,0.31864753
0.27673951,0.22531345
0.44163239,0.56835264
0.80845076,0.89218456
0.91006923,0.91149521
0.48955721,0.43312377
0.73106074,0.41225928
0.83660531,0.85576922
0.87119466,0.72041112
0.82587236,0.84452683
0.88480383,0.82641959
0.88592255,0.87013572
0.70702475,0.40221089
0.84995973,0.93004912
0.83454716,0.94750637
0.68092072,0.42811745
0.95654398,0.95471442
0.86103165,0.91122085
0.45660180,0.51083529
0.46597850,0.27325070
0.64847642,0.48874459
0.52389145,0.53219175
0.87645894,0.91258496
0.35015303,0.51421547
0.27475622,0.16824375
0.85596061,0.95793831
0.89201492,0.87224317
0.49006253,0.35857671
0.84515446,0.88580358
0.70451295,0.65312827
0.35953760,0.45671040
0.80807024,0.84324133
0.92682946,0.91488916
0.67045736,0.43936557
0.90958506,0.96191794
0.39121732,0.36642864
0.89905506,0.90795249
0.85369682,0.92329091
0.91061825,0.82083333
0.93426895,0.94758064
0.39567950,0.37408519
0.87629658,0.87000698
0.79455519,0.88083166
0.85516948,0.88705063
0.70140839,0.59842324
0.61476082,0.60643572
0.80610096,0.83627653
0.40766746,0.39646974
0.94301003,0.90601200
0.53143024,0.48900181
0.87842131,0.87262613
0.62300390,0.70908070
0.75879627,0.75484210
0.78232181,0.77926588
0.72161663,0.75887817
0.43043482,0.24975027
0.43441865,0.61219209
0.94794965,0.95826328
0.98520589,0.96291733
0.61012864,0.49350649
0.75844860,0.75180954
0.55788147,0.55396414
0.89682966,0.92468077
0.79413295,0.89616227
0.93779093,0.87778515
0.83851838,0.94268423
0.51552689,0.69172472
0.90679032,0.92317021
0.76031911,0.62751853
0.80408394,0.68234134
0.61673999,0.72234392
0.38390914,0.52153915
0.56701940,0.48065290
0.92810446,0.90427721
0.89565825,0.92455280
0.86651129,0.86911076
0.66885662,0.60090137
0.69418871,0.78461540
0.92786509,0.94017917
0.89869821,0.89266616
0.85195589,0.92072195
0.87310177,0.86983883
0.55472678,0.66580093
0.84377182,0.77782387
0.81207776,0.91726822
0.87024468,0.89858943
0.61959016,0.89878005
0.63182336,0.56363636
0.84645462,0.79968596
0.72696066,0.68719727
0.90998679,0.85790408
0.89113861,0.90293932
0.89501327,0.95863920
0.36277285,0.36549816
0.83620733,0.90652174
0.81092453,0.81130463
0.88142568,0.69390404
0.87415773,0.86177069
0.75115681,0.66614151
0.10755706,0.10867411
0.84705567,0.83432090
0.22452325,0.27899492
0.89220035,0.93369395
0.62153184,0.76367360
0.54145300,0.52248341
0.73346770,0.70664138
0.43997929,0.47202370
0.76930851,0.72612965
0.91904175,0.89943314
0.33718893,0.55499828
0.88519597,0.89636755
0.82762420,0.75809509
0.79183310,0.63974792
0.84730697,0.78104293
0.84064716,0.88610148
0.89686149,0.93431371
0.84647369,0.83934772
0.75664175,0.71283698
0.84710616,0.89842480
0.58978540,0.54730159
0.69378716,0.43214285
0.31486952,0.35497200
0.62493509,0.52035463
0.23745143,0.16419658
0.16946359,0.40966952
0.77678013,0.61902410
0.55453736,0.72706509
0.90016186,0.90523183
0.89518023,0.81309521
0.69715881,0.62879652
0.80077857,0.82935148
0.51664066,0.72596747
0.89478028,0.78171802
0.80450618,0.76299530
0.90468764,0.91868389
0.14728424,0.25794923
0.89286911,0.94805503
0.59384692,0.54948288
0.91102296,0.96323186
0.71931177,0.70808846
0.81863230,0.74844444
0.83309710,0.82007611
0.86687559,0.84158826
0.90735066,0.90366298
0.81855118,0.79571223
0.80964011,0.80758429
0.59281456,0.79464287
0.24980792,0.39908019
0.81964916,0.73734641
0.27919120,0.07455605
0.24788471,0.17020099
0.87921309,0.93589354
0.50948179,0.63321871
0.82676780,0.80233514
0.58755434,0.67605603
0.90110499,0.91330028
0.77648485,0.71992844
0.89919221,0.91117382
0.70872205,0.47939801
0.84529650,0.85910517
0.67868423,0.56120360
0.72530425,0.99609375
0.85620791,0.82705593
0.19718060,0.31308284
0.85440254,0.71998125
0.59337151,0.61743915
0.83923578,0.79744208
0.75032532,0.80658859
0.75012010,0.86582166
0.87694395,0.94588816
0.67477500,0.67820317
0.88540041,0.86383486
0.84736365,0.55416667
0.65003490,0.64915603
0.70155764,0.77142859
0.61303228,0.55404264
0.66563451,0.72441417
0.82555592,0.84533483
0.66341829,0.71924734
0.77813876,0.87103897
0.84052491,0.86925709
0.86728621,0.89299560
0.88424325,0.85965991
0.90317601,0.96687371
0.95739424,0.87602341
0.77661431,0.78267020
0.82916665,0.90069497
0.91024196,0.88417375
0.71276283,0.69139767
0.83693147,0.81770831
0.68139243,0.67526495
0.35810316,0.52850091
0.87306917,0.81791282
0.67602587,0.61894262
0.89074379,0.91690284
0.50367212,0.49491447
0.72207487,0.82243747
0.77990997,0.62001604
0.85446209,0.76807755
0.55722833,0.42000598
0.66175675,0.63359320
0.91396022,0.92971718
0.78336680,0.57530427
0.77085787,0.80952382
0.86913592,0.92160279
0.93898374,0.84482759
0.86605012,0.84970713
0.34147283,0.28383347
0.95177561,0.88441843
0.62875432,0.69579417
0.17236549,0.22469424
0.87386364,0.82103914
0.79828042,0.75675434
0.65416205,0.65243727
0.87894952,0.88136077
0.86376262,0.85177046
0.90192032,0.89009333
0.91057199,0.81751615
0.39077505,0.26774266
0.68540704,0.70526057
0.72267258,0.83430231
0.53853041,0.62772018
0.85057127,0.85244316
0.57906997,0.57725251
0.30231303,0.29824492
0.59408963,0.61118960
0.87452340,0.93584907
0.89490414,0.93856561
0.42582896,0.36630476
0.69844204,0.58595842
0.26542643,0.38987574
0.77857077,0.87111205
0.77165341,0.83429378
0.94564962,0.41153699
0.92654210,0.95909977
0.97039372,0.92901236
0.49086225,0.61069566
0.87090987,0.89789295
0.62013400,0.74303269
0.86059040,0.85485041
0.92929375,0.88345087
0.19907251,0.27619258
0.83808875,0.95724529
0.89227968,0.83617675
0.41182062,0.49744982
0.91566676,0.94597828
0.83666635,0.87699610
0.93029159,0.94724703
0.84871298,0.90196633
0.94145328,0.92557651
0.64029920,0.73717207
0.48770186,0.69321382
0.90963304,0.94005603
0.84724867,0.88258708
0.88444871,0.90425348
0.92630869,0.88550907
0.52222508,0.45869714
0.86491048,0.88097888
0.16088676,0.25123823
0.90554225,0.92153847
0.98885459,0.94516450
0.78692961,0.57412654
0.90776557,0.87704951
0.89192337,0.96241832
0.90146613,0.82477778
0.32171339,0.29932868
0.82653832,0.69225293
0.42674264,0.97664815
0.91152298,0.90223086
0.32210395,0.60148513
0.73169786,0.79319382
0.88392013,0.78682846
0.71742058,0.89248890
0.68647146,0.35644263
0.72664356,0.80514705
0.88193011,0.84663057
0.45663112,0.65003949
0.80419677,0.64214063
0.79149264,0.59708977
0.40663230,0.20019954
0.88065422,0.88225627
0.17230082,0.15344574
0.96584970,0.92121214
0.77896738,0.67571312
0.79729551,0.76544768
0.88417000,0.97370946
0.79877466,0.84361732
0.71310174,0.82224995
0.60553831,0.37674493
0.89986813,0.90007275
0.87407136,0.89105046
0.93129355,0.96345901
0.90097475,0.87839490
0.81052148,0.71089637
0.91008079,0.89089328
0.73149860,0.75335133
0.88523889,0.89259034
0.11228037,0.06829837
0.90668476,0.94404960
0.95887822,0.96098900
0.34149051,0.62072366
0.66560125,0.48020723
0.64865470,0.81188536
0.81300426,0.89475161
0.93035740,0.88479143
0.90168917,0.85508496
0.90012729,0.92049551
0.57614583,0.63504386
0.81966639,0.84325689
0.90535551,0.86173087
0.77223253,0.84849393
0.58951139,0.45001563
0.87945235,0.87728935
0.95506126,0.88124722
0.75818795,0.52454460
0.30800560,0.55092359
0.86659974,0.90826315
0.79673910,0.78231227
0.88813239,0.89741707
0.88920099,0.86492676
0.46676701,0.15921940
0.32237676,0.29984215
0.74427772,0.43859890
0.91182756,0.99230766
0.69963694,0.84102565
0.18960184,0.17442191
0.57864237,0.70329672
0.33339334,0.40908498
0.39005858,0.40095246
0.46380985,0.48571542
0.47797909,0.49918452
0.91397786,0.88721877
0.32397398,0.08909262
0.78851950,0.82946324
0.85954297,0.75512242
0.88862717,0.92004907
0.91072381,0.88721830
0.60773283,0.53965944
0.94061667,0.94276226
0.83539444,0.85317880
0.84156644,0.90883893
0.59296119,0.61259478
0.19789273,0.41220814
0.78944278,0.76328313
0.85976130,0.94481438
0.80824769,0.82163745
0.82568336,0.79190278
0.10390079,0.14329004
0.65713024,0.54568022
0.84401715,0.91237390
0.84817326,0.64533132
0.90644789,0.89040375
0.13773018,0.23491916
0.75750667,0.70512819
0.94815028,0.87333721
0.53622836,0.50275481
0.45470735,0.41492388
0.64286423,0.83216679
0.84953302,0.84765434
0.91243976,0.87943816
0.92933661,0.91746032
0.75944459,0.84982634
0.76015234,0.68396997
0.78552055,0.84090906
0.75869340,0.70183557
0.48606902,0.77616769
0.82659650,0.94641560
0.60072219,0.61118776
0.53626418,0.68366092
0.32266688,0.45492229
0.85923666,0.80246884
0.64185220,0.71277618
0.74100435,0.86717635
0.73490608,0.76205230
0.95125180,0.96383440
0.36540782,0.43993151
0.33222106,0.38756835
0.92167139,0.91624326
0.33323228,0.31154683
0.90474904,0.91513997
0.90481651,0.96767455
0.21879637,0.18740541
0.74421841,0.66513056
0.34506235,0.25474322
0.95092213,0.94279474
0.76320785,0.81180859
1.01391590,0.94845963
0.91607511,0.97481686
0.37524182,0.18055958
0.34167427,0.19880952
0.18405920,0.38651857
0.70770693,0.80794996
0.82201767,0.82167602
0.86835843,0.96399838
0.78276134,0.84096026
0.81804490,0.85861164
0.74168289,0.65253198
0.28206635,0.45501372
0.45845953,0.42889556
0.91708648,0.92932373
0.67904294,0.59381235
0.94125271,0.91048646
0.90582818,0.92507005
0.97579885,0.88690591
0.18015689,0.23253667
0.89441663,0.92717087
0.76110482,0.90045935
0.88060236,0.93431395
0.80165839,0.90154886
0.76902533,0.88411397
0.33542705,0.43741089
0.89242214,0.83839709
0.90101391,0.91226202
0.21151426,0.31578946
0.40082517,0.40491804
0.91107553,0.93180543
0.90609598,0.88696444
0.93595850,0.93975824
0.90349525,0.95710742
0.84694511,0.93605047
0.87188298,0.91082805
0.62461710,0.60890597
0.85658753,0.90525424
0.93402016,0.90705884
0.85057902,0.75723577
0.78287148,0.76311040
0.91135430,0.83497620
0.77693319,0.93640012
0.90300822,0.89069539
0.83157355,0.81720781
0.56196523,0.63918066
0.76669902,0.91938615
0.55169499,0.87966478
0.61217618,0.02964612
0.90930909,0.90822428
0.65379661,0.71300256
0.46390346,0.57531393
0.87927234,0.88143426
0.86353445,0.85934305
0.68212205,0.64706433
0.91241682,0.96249998
0.85484684,0.92266011
0.79725373,0.83189654
0.81905508,0.77686781
0.62241685,0.59934556
0.83328605,0.76567739
0.77041817,0.84105265
0.90661788,0.91954386
0.18258607,0.12743473
0.77512252,0.62894773
0.60206866,0.41752899
0.62454236,0.50101358
0.76958728,0.78430188
0.72356397,0.68559217
0.64840823,0.60607475
0.92940480,0.88823915
0.85715127,0.84758389
0.82640421,0.75931394
0.15157819,0.23200859
0.36613926,0.38606334
0.92311734,0.89179516
0.87145597,0.94080716
0.55895495,0.46410990
0.64058912,0.65484893
0.62700438,0.31590417
0.23755148,0.24041301
0.90150040,0.94095367
0.81656718,0.87500000
0.38692874,0.61891466
0.89583844,0.92870259
0.26228350,0.27204525
0.68809617,0.45376888
0.66107166,0.57336152
0.89374548,0.87294120
0.73119164,0.85196078
0.88710052,0.85354626
0.89620042,0.97498119
0.46235734,0.42754343
0.91404361,0.94963878
0.37460122,0.45171499
0.90799898,0.96791446
0.89600599,0.86007518
0.89651752,0.83196211
0.90257609,0.85797906
0.87439036,0.91861320
0.47556478,0.35621205
0.88638055,0.85198003
0.86967981,0.79217917
0.33855781,0.17416899
0.88686693,0.91427881
0.86686593,0.87962961
0.71936089,0.47461370
0.85280806,0.92484587
0.95061237,0.91949022
0.62654817,0.60943729
0.65032893,0.77308971
0.92320532,0.87145025
0.66423225,0.55161566
0.79321516,0.63959783
0.42836818,0.34424084
0.62449324,0.69670886
0.59775329,0.71045119
0.79688823,0.73442084
0.48065943,0.45881557
0.62196970,0.66664827
0.89797437,0.93217814
0.90651906,0.81453234
0.56427920,0.75454545
0.77927762,1.00000000
0.89081627,0.93357509
0.73267496,0.71567297
0.81533384,0.84580421
0.62943292,0.80489445
0.68863636,0.77475005
0.86490351,0.74435073
0.91658103,0.88111013
0.33237481,0.25292870
0.86350280,0.93983138
0.79644936,0.94122696
0.85617268,0.85635376
0.89838487,0.80575335
0.76414311,0.85893720
0.74189281,0.93557674
0.87183493,0.90379173
0.20532648,0.14004968
0.92507654,0.83660132
0.89237797,0.93454885
0.44316366,0.26287934
0.82385719,0.91712707
0.62583011,0.65285587
0.70892859,0.76490575
0.59560949,0.58143669
0.36437029,0.12236842
0.74173981,0.93267488
0.90039706,0.95400006
0.80630636,0.85818166
0.86239326,0.91877991
0.76620317,0.72395557
0.60497314,0.80206394
0.12304866,0.10837964
0.33839309,0.16903889
0.91741258,0.91320348
0.77878028,0.68061656
0.89080989,0.93670887
0.34600061,0.37096778
0.91440660,0.87613404
0.82879746,0.90014768
0.50838172,0.89949495
0.92104501,0.91311008
0.77376688,0.51841706
0.89276934,0.89685607
0.81939578,0.86471170
0.82083505,0.83123648
0.33324030,0.25009397
0.91830546,0.92673993
0.91561764,0.89891565
0.82081807,0.84587008
0.94265097,0.90423000
0.69097042,0.73255002
0.94307977,0.92189580
0.94029158,0.88496912
0.65391326,0.71860522
0.70381886,0.74341798
0.91298699,0.92109185
0.79380792,0.99761903
0.53675020,0.46135831
0.65705186,0.71771282
0.88272041,0.87048554
0.63867056,0.72692442
0.64304590,0.57671326
0.63116670,0.88399357
0.29049313,0.40305534
0.88541055,0.88357663
0.87205076,0.94397849
0.41996768,0.66152561
0.67636490,0.75018382
0.90533882,0.93260264
0.78681862,0.85270655
0.63426208,0.55598551
0.68372542,0.68247974
0.92228478,0.90051502
0.94184548,0.96181631
0.90270400,0.95810419
0.85745162,0.88069820
0.82784837,0.83784002
0.77422583,0.88187933
0.76665521,0.54209012
0.68411905,0.77091575
0.86053306,0.81152558
0.72674513,0.61299437
0.94133317,0.87382627
0.68008411,0.62929517
0.94993508,0.88459653
0.90672493,0.97421932
0.34745806,0.30498749
0.22777608,0.23558581
0.77929580,0.89388430
0.85279405,0.64270473
0.22808549,0.35376799
0.93405038,0.95362890
0.89601767,0.95308578
0.37737000,0.49136579
0.93278462,0.96046054
0.69160342,0.69312167
0.92846268,0.94805765
0.86392581,0.81778711
0.78019941,0.84878772
0.74306250,0.85112309
0.63297403,0.73909897
0.81067294,0.89631337
0.81411958,0.54158878
0.26254475,0.11928131
0.89167517,0.79812777
0.79435742,0.79585254
0.74940348,0.81701428
0.82757080,0.83949620
0.76537979,0.89025772
0.59180933,0.65752423
0.83482420,0.75183153
0.87530482,0.84598374
0.88021225,0.89336401
0.87271398,0.92591268
0.81384027,0.20265526
0.91564792,0.91118538
0.86851752,0.87318838
0.33788463,0.39870444
0.83437157,0.95628518
0.95143777,0.93480587
0.89063042,0.68611109
0.59340400,0.80030638
0.53226906,0.58126551
0.84036016,0.89695305
0.57441676,0.67022020
0.58860171,0.55239910
0.66953802,0.85537314
0.87776232,0.94570857
0.88355064,0.87090105
0.49919006,0.34116378
0.92004359,0.91170633
0.80210727,0.75524253
0.73059964,0.78257108
0.82547092,0.71781015
0.70033431,0.55659592
0.28017879,0.23622312
0.91133988,0.90851682
0.59639531,0.69989014
0.89187008,0.82449800
0.57903552,0.36360854
0.69038433,0.74996972
0.88406581,0.98918617
0.37662500,0.58207434
0.78442943,0.79490948
0.88505793,0.89624220
0.55932271,0.72093529
0.48280963,0.47539854
0.60193110,0.71786344
0.51355612,0.30410188
0.92481118,0.92258757
0.86578763,0.85097408
0.81741977,0.97181028
0.93301690,0.97244811
0.65124196,0.74257195
0.88459533,0.83984154
0.98468572,0.95610476
0.90596437,0.89228970
0.86975980,0.95104462
0.32086030,0.48661110
0.76143491,0.23532061
0.96621543,0.94193619
0.86984968,0.94814813
0.81193203,0.76838869
0.84863102,0.91721088
0.75490379,0.71718627
0.79108983,0.87530082
0.61132741,0.80126286
0.90618861,0.87911576
0.88725579,0.87978101
0.72670323,0.76279688
0.56904501,0.59722221
0.86044127,0.77453446
0.87861449,0.83986402
0.27339795,0.33316183
0.89200836,0.92045456
0.07316738,0.16410257
0.83087111,0.87043571
0.91544628,0.94557279
0.90441728,0.89435160
0.87873065,0.87352216
0.84371364,0.78661382
0.87456739,0.93115294
0.39508495,0.33930302
0.86247408,0.96018147
0.95439202,0.88915795
0.65049785,0.62549937
0.41703168,0.42995441
0.82413054,0.86061025
0.74345547,0.82341480
0.64024246,0.61313039
0.88695705,0.85261708
0.90597790,0.93497360
0.91285115,0.93336874
0.90841055,0.92636108
0.86569309,0.70151520
0.40525398,0.43657759
0.89077163,0.89725381
0.83608711,0.89741272
0.80859393,0.92162603
0.93292791,0.96660280
0.87756658,0.87866646
0.86012620,0.92998105
0.89324379,0.94204807
0.38017926,0.40268132
0.96325427,0.96721530
0.95937097,0.82956123
0.90390849,0.93272763
0.34574157,0.28030348
0.76618487,0.84774113
0.63679123,0.66428322
0.88126975,0.85773218
0.88153583,0.83218777
0.71763897,0.67524999
0.92359287,0.86763257
0.62540579,0.45857561
0.60471350,0.55131948
0.75274199,0.57006878
0.89451337,0.91356343
0.27154008,0.35344827
0.77817464,0.68637580
0.79472280,0.85277158
0.39193884,0.51030177
0.90447414,0.86988801
0.93066466,0.89293605
0.38994727,0.51675773
0.93743747,0.91071427
0.95301342,0.91369045
0.77739823,0.76848835
0.16745675,0.12009080
0.34883696,0.33951929
0.67736173,0.57617915
0.69193149,0.73087358
0.90709805,0.89735472
0.64355958,0.20103613
0.36445296,0.39131579
0.90696698,0.91408473
0.87023091,0.85691029
0.90776163,0.91631782
0.81084704,0.77734041
0.74035537,0.56578946
0.88813043,0.90342987
0.91525328,0.80230767
0.44384485,0.64375412
0.86530846,0.93873984
0.74946702,0.73178452
0.87876052,0.90988481
0.28547838,0.25153777
0.89920247,0.86816931
0.45042479,0.52582270
0.66876501,0.84114772
0.96082908,0.93597382
-0.02674484,0.05177786
0.92153603,0.94183105
0.85496527,0.83697361
0.84979653,0.88469118
0.83245075,0.21718000
0.13725391,0.13375518
0.85601902,0.88863069
0.85647762,0.89505064
0.90640414,0.93717951
0.90488660,0.96428573
0.35315225,0.42815128
0.58089775,0.82392406
0.49671829,0.71136653
0.66978157,0.72151899
0.38440853,0.29105273
0.97487324,0.88285232
0.94084126,0.95917141
0.88559431,0.88766891
0.78983486,0.75831223
0.90075541,0.94079292
0.45006302,0.27233332
0.81965548,0.92894202
0.83972991,0.74482477
0.68686640,0.68835163
0.57507432,0.69626689
0.74577647,0.76337951
0.62235558,0.52755839
0.26540411,0.48439011
0.79869014,0.81957686
0.72963089,0.64755809
0.67292857,0.69263530
0.89261895,0.93752217
0.46142367,0.59006566
0.81137228,0.81194216
0.72000551,0.55855328
0.83792412,0.92853534
0.38162073,0.31734344
0.96514529,0.92831528
0.61747581,0.72871143
0.91886109,0.90732759
0.93024772,0.91167587
0.89443576,0.89145327
0.76750344,0.60457516
0.55833685,0.55800653
0.66250962,0.51890302
0.83376122,0.91044778
0.80596834,0.80315363
0.95823431,0.93414629
0.45557553,0.30079299
0.86882055,0.86599702
0.84620500,0.84880590
0.27300072,0.32693663
0.69796956,0.79857057
0.36729473,0.81092477
0.89737278,0.92455530
0.53148776,0.51497561
0.83226550,0.89615589
0.59895772,0.40874887
0.90493667,0.89347422
0.75903082,0.88959527
0.90333784,0.89362514
0.86415625,0.94016254
0.89251268,0.70615774
0.66618693,0.74715853
0.76700902,0.77799922
0.30097485,0.38993159
0.76203746,0.88015294
0.80199361,0.73414218
0.90395975,0.91260988
0.71834809,0.58093786
0.59373778,0.32032537
0.84797895,0.91386050
0.89423519,0.83528072
0.90473115,0.90238804
0.76388693,0.86159825
0.52587253,0.55233061
0.63002115,0.84287149
0.84963691,0.95948678
0.76472050,0.78245258
0.80349255,0.85784400
0.84165907,0.82536179
0.35748598,0.40037879
0.30253837,0.37431037
0.71626300,0.82199389
0.92008489,0.53693014
0.76378441,0.78574461
0.27643394,0.22848853
0.83270180,0.82250047
0.66707891,0.73024690
0.88913906,0.89206827
0.81992108,0.92170960
0.33689216,0.44967532
0.83864272,0.92603070
0.38396475,0.51326311
0.76958001,0.78067976
0.82968664,0.88254195
0.56103545,0.77216905
0.83758742,0.94628650
0.81054270,0.84378111
0.83434588,0.84498900
0.62643033,0.65070677
0.86316836,0.87078249
0.85663396,0.88635421
0.87982273,0.87408596
0.65884525,0.68906432
0.48340851,0.49958915
0.89833665,0.91602910
0.87641692,0.84021819
0.78667164,0.78692722
0.69228756,0.58999157
0.83380270,0.84815788
0.82691681,0.84443849
0.77981687,0.78091633
0.77428770,0.84737122
0.28217521,0.17152122
0.56976092,0.54855615
0.96447152,0.94437683
0.95227408,0.92429012
0.64497429,0.55621076
0.86440170,0.81466025
0.84465033,0.80726790
0.84849656,0.78682929
0.93684578,0.94617754
0.89180726,0.88148147
0.61206448,0.67054486
0.65509647,0.85064381
0.81711859,0.92771083
0.75095224,0.75047678
0.95469576,0.95686454
0.84316188,0.87358367
0.17480892,0.23834726
0.62626469,0.77629673
0.78748304,0.89035308
0.92083490,0.97187579
0.89868641,0.90651137
0.80182594,0.90096408
0.43806827,0.53995329
0.92759615,0.98958331
0.78804672,0.76987988
0.89083779,0.91929823
0.63585967,0.66241825
0.67615765,0.64942288
0.90921426,0.89044762
0.54897624,0.67610937
0.67183942,0.72676283
0.82057315,0.76720375
0.88202882,0.83216292
0.94209874,0.90534341
0.87942517,0.96796197
0.87360173,0.87003565
0.52792466,0.63031000
0.92789501,0.92950636
0.87893915,0.88743019
0.88179672,0.87090665
0.82644159,0.70694989
0.92812604,0.97563297
0.83988094,0.79623288
0.86509496,0.88405353
0.47999844,0.49265650
0.88972175,0.99444443
0.79658240,0.79036933
0.66292417,0.70986301
0.92068750,0.92288488
0.49032182,0.30756614
0.62208915,0.68696600
0.72756588,0.86625421
0.44194156,0.35050800
0.58436501,0.46106213
0.68444920,0.44303864
0.94342470,0.87660164
0.81806231,0.83545738
0.87052840,0.85069126
0.86822200,0.81162632
0.42337355,0.57950193
0.73400950,0.73750222
0.96366495,0.95530301
0.92459673,0.95363468
0.28198791,0.32808661
0.46305960,0.55121565
0.87467223,0.92689967
0.89752263,0.90217435
0.89257079,0.88427126
0.65192425,0.65315610
0.84967291,0.87675571
0.81455147,0.66503936
0.02175248,0.11494103
0.63364357,0.67119473
0.88076621,0.79233122
0.62773550,0.66094005
0.76327294,0.93963963
0.76839441,0.69750714
0.86092210,0.85764241
0.42824110,0.52840298
0.57993615,0.73471564
0.77168900,0.89596272
0.62516117,0.35766375
0.46133995,0.63896549
0.46529612,0.40296757
0.87759125,0.88704634
0.51894796,0.45070335
0.86194235,0.83443046
0.61972982,0.47934622
0.72644192,0.67756408
0.92613262,0.93684494
0.60160720,0.56713766
0.73159105,0.90593648
0.61217701,0.70142967
0.28384438,0.50965667
0.69811869,0.88671875
0.61037540,0.52885211
0.90200281,0.83463115
0.52796656,0.34641609
0.92666250,0.82876712
0.87936211,0.91406453
0.26487592,0.30129331
0.41257119,0.63616073
0.52937305,0.04845155
0.79941523,0.88600469
0.61184776,0.61904764
0.51284480,0.45204136
0.79943109,0.81475151
0.68724746,0.90451390
0.25510585,0.22177146
0.24646880,0.29945654
0.83433235,0.68983757
0.88102108,0.91415662
0.87930995,0.87006044
0.68962693,0.80337584
0.92974406,0.96874243
0.88815886,0.88009894
0.76872063,0.85188872
0.95924622,0.93316805
0.94168848,0.90077287
0.69037378,0.80911100
0.11978558,0.11408894
0.83717060,0.85279375
0.90255588,0.93032849
0.87009937,0.91492677
0.86526865,0.90733528
0.83791679,0.81771487
0.92179191,0.91498768
0.89852321,0.95652425
0.94159681,0.90646917
0.57497644,0.64652777
0.66272515,0.58315706
0.94356674,0.85891318
0.62550879,0.69257730
0.87986541,0.94185799
0.80689436,0.88832200
0.73359859,0.85598040
0.83968484,0.78168249
0.86700982,0.90263158
0.81856495,0.83303654
0.84948593,0.91967493
0.72763431,0.71624804
0.87862957,0.80990237
0.94810981,0.90912700
0.81959206,0.80256462
0.54508412,0.59552443
0.24573490,0.23681186
0.38764185,0.50253379
0.55470061,0.54191619
0.12242407,0.18189681
0.48877069,0.42438155
0.76452452,0.72044647
0.81973600,0.91439730
0.88993150,0.91684574
0.89583689,0.92506206
0.28840005,0.24160588
0.40341195,0.27595365
0.91174138,0.85697168
0.66535759,0.66573411
0.75587773,0.89220566
0.73720920,0.47112080
0.61990976,0.48271435
0.70963418,0.77254188
0.86866522,0.96651059
0.86320651,0.72334933
0.96345514,0.64689296
0.36656860,0.72345650
0.18332830,0.18042041
0.82119220,0.60098600
0.59268367,0.49399674
0.73330903,0.71402138
0.92582005,0.94178361
0.52076453,0.29500368
0.89925963,0.90296113
0.15415496,0.05136472
0.93893832,0.94964486
0.34992060,0.47654912
0.62202752,0.55289757
0.91470313,0.81119543
0.79210234,0.90784472
0.90198112,0.89685374
0.66667295,0.67636144
0.64970231,0.40288460
0.43056116,0.42986614
0.95461208,0.98393756
0.49744496,0.61065215
0.74823415,0.65012896
0.92487413,0.95646000
0.61948627,0.50420672
0.91792625,0.87978321
0.97849602,0.92094803
0.68143249,0.66511738
0.53348225,0.60660034
0.31294829,0.44250327
0.91975886,0.89464885
0.95013928,0.92523944
0.91851717,0.94815439
0.76845378,0.88486564
0.86205316,0.83461541
0.82063061,0.87142307
0.72987670,0.83375567
0.61918569,0.56789601
0.77869606,0.84102881
0.91942906,0.85782647
0.66880232,0.67394406
0.91966861,0.95129144
0.69993156,0.59579164
0.91920805,0.87803340
0.90515828,0.86035794
0.69684058,0.66070873
0.76058406,0.82681078
0.80706137,0.67062145
0.52482635,0.58097559
0.48302978,0.39346027
0.18887590,0.34014612
0.35462940,0.21975319
0.78151929,0.59207392
0.81370926,0.87201297
0.76627225,0.78771836
0.75836360,0.70762616
0.63644958,0.67272651
0.74758005,0.87387979
0.86015183,0.96345621
0.46868914,0.42077038
0.48801926,0.15829608
0.89444947,0.91199678
0.95337230,0.95495719
0.29423082,0.35403588
0.71792996,0.66532016
0.81137288,0.92055923
0.61398536,0.91490322
0.94241267,0.97001278
0.92674977,0.88018858
0.83177632,0.93117476
0.93968827,0.95382863
0.74770403,0.86244410
0.74671042,0.73442101
0.93005401,0.91228068
0.68222678,0.93927830
0.67004538,0.46267676
0.74239314,0.70179617
0.90365982,0.91501409
0.92392945,0.91996789
0.57827866,0.54710144
0.39046264,0.31135127
0.90768802,0.93886197
0.84373719,0.90465760
0.88907957,0.94040430
0.50389892,0.66389376
0.80846202,0.82772726
0.91154581,0.91983473
0.37468851,0.39805523
0.85790932,0.87549829
0.66454554,0.66744733
0.84822595,0.79849559
0.86283582,0.85115749
0.80827421,0.81344086
0.87925637,0.87896824
0.88693249,0.66121429
0.78545243,0.55836362
0.66098285,0.51431823
0.92184931,0.87147808
0.91489625,0.91590399
0.89328355,0.90799302
0.93218803,0.85250485
0.92910248,0.96512985
0.92025214,0.95205468
0.88041818,0.91211528
0.49757811,0.65570402
0.83002955,0.75059289
0.79715633,0.72716153
0.77513373,0.57137841
0.79031032,0.76650643
0.91411507,0.91661173
0.70820719,0.76482922
0.79921359,0.74185425
0.42896298,0.31294981
0.95991880,0.96527582
0.90373468,0.85145080
0.86818415,0.80889010
0.77175415,0.76749974
0.47008795,0.41971815
0.92269963,0.84762043
0.73502660,0.87377679
0.01852289,0.40974379
0.56983584,0.66561794
0.88414466,0.82890910
0.75073510,0.86212122
0.77673841,0.68294156
0.17131579,0.31551424
0.79707611,0.72432435
0.77826965,0.87636930
0.87303078,0.89229268
0.46673137,0.70499414
0.92360932,0.94096440
0.78824008,0.69155443
0.38579193,0.42263299
0.86937892,0.78516775
0.79649901,0.73881149
0.68169487,0.26188931
0.85487664,0.92157781
0.71389008,0.71014494
0.57241100,0.63020581
0.29123104,0.46329337
0.50466418,0.48507112
0.67632335,0.77320921
0.34186369,0.51368695
0.98248118,0.95154363
0.68921655,0.82196611
0.37591556,0.31492946
0.86217541,0.86184406
0.85344315,0.91306508
0.81738323,0.81522924
0.37460840,0.29763985
0.89464390,0.91791171
0.86562359,0.84123367
0.82345766,0.86639059
0.66660106,0.70728254
0.36119041,0.50532764
0.63441753,0.75413793
0.74187350,0.79802209
0.39037117,0.06908450
0.40001827,0.46709225
0.55348814,0.48625547
0.83594215,0.91732252
0.89606524,0.91885495
0.51962698,0.35408440
0.87003565,0.91003817
0.65550828,0.76037735
0.68235761,0.57758534
0.93442696,0.90748078
0.94518745,0.92078489
0.77518070,0.43711427
0.93946648,0.89867485
0.52324057,0.58305603
0.75688779,0.66135561
0.59608400,0.60321182
0.79859424,0.78839141
0.80823839,0.87336266
0.92750680,0.91758722
0.90714514,0.82968795
0.92161137,0.94885772
0.78747594,0.74861449
0.93183702,0.87827450
0.72812486,0.85758328
0.81820214,0.82503259
0.73856449,0.79437703
0.67535418,0.77544993
0.85734272,0.96475953
0.90635073,0.88080531
0.94859946,0.93811256
0.49155641,0.53290743
0.86219573,0.88905644
0.79758137,0.82162529
0.86943835,0.82956201
0.51039356,0.54464805
0.70815748,0.85636365
0.93409872,0.93567741
0.50844842,0.62207139
0.59676707,0.75282866
0.81754500,0.83056438
0.62392312,0.60219049
0.59741318,0.59485096
0.79697013,0.92739350
0.32050663,0.36347941
0.92364216,0.93956929
0.75341195,0.58518565
0.34639797,0.31247404
0.88223702,0.84383649
0.75664270,0.60194921
0.88478869,0.90385151
0.88874125,0.91632074
0.87175155,0.79541570
0.86590922,0.92923933
0.78124487,0.87799019
0.83607882,0.91084057
0.62101364,0.60825026
0.69857645,0.80930573
0.59014976,0.44092557
0.91249275,0.93097347
0.92223197,0.94509882
0.73498458,0.82213134
0.68300778,0.79500026
0.79158294,0.73055553
0.54371154,0.65812683
0.82096350,0.89912975
0.65870661,0.60179102
0.70716894,0.67281604
0.68416107,0.68463725
0.90633833,0.98814118
0.32466593,0.46337771
0.57534796,0.68644661
0.84617585,0.84266508
0.82109880,0.79233730
0.76429814,0.84904999
0.42768109,0.62392473
0.88224268,0.87537408
0.87353277,0.86046410
0.88156748,0.92244172
0.63828278,0.12338441
0.84023899,0.92666966
0.91127557,0.89816177
0.85678190,0.92510438
0.87166244,0.78233039
0.84283584,0.88588852
0.66996747,0.63951617
0.89110249,0.89922249
0.41639158,0.43105555
0.59702021,0.26039925
0.55285072,0.57132524
0.32818291,0.52865130
0.21247193,0.34113720
0.95454311,0.85555959
0.67446166,0.68694735
0.80539536,0.94155842
0.58188355,0.67960298
0.93339390,0.98026317
0.69384551,0.71152312
0.81915903,0.11945333
0.92914772,0.91170597
0.91881543,0.94761902
0.91025728,0.87409574
0.46463168,0.63698959
0.86477840,0.91972297
0.68354595,0.60412472
0.09448391,0.17510287
0.45782319,0.65124583
0.90679049,0.94237727
0.81830585,0.81131107
0.87398213,0.85678673
0.85319209,0.89682353
0.80502194,0.68675578
0.71051794,0.69969225
0.89359862,0.89197922
0.93212253,0.93751657
0.42660090,0.52735651
0.70733023,0.67539680
0.77895510,0.81089741
0.92405987,0.93118787
0.36619645,0.23821059
0.82966429,0.88850033
0.33150291,0.29759315
0.88996935,0.98387098
0.89427090,0.68531996
0.94436306,0.90717655
0.68761712,0.63645130
0.71540481,0.63410997
0.54003686,0.56390709
0.43422633,0.38640112
0.67405057,0.59971195
0.73673308,0.81190509
0.63165933,0.77822804
0.93306237,0.94847524
0.59423006,0.50519210
0.90142125,0.93418801
0.92262822,0.94858783
0.87044275,0.86462289
0.96935153,0.93756014
0.76720387,0.81495655
0.42016917,0.48136434
0.58171749,0.37597519
0.61852276,0.70359051
0.70237195,0.62592953
0.74240828,0.51125449
0.47566590,0.54233509
0.89276582,0.87815273
0.37216753,0.49069935
0.74976301,0.90702724
0.91583443,0.93976974
0.88842070,0.93013632
0.87425792,0.91496599
0.35363355,0.46256721
0.56745774,0.81667751
0.59341526,0.61455625
0.91783994,0.86431748
0.88742685,0.92088908
0.96105188,0.95627242
0.41055360,0.35047990
0.35196793,0.27582550
0.90296483,0.89698404
0.52416247,0.49309525
0.47766864,0.59674865
0.76242173,0.90041858
0.84023184,0.84657222
0.75077325,0.74964249
0.79004472,0.84259510
0.92335933,0.92773968
0.90680325,0.86005497
0.49649402,0.43663746
0.47894210,0.65562260
0.83505052,0.77084839
0.85036302,0.88929200
0.77214772,0.56137246
0.78994584,0.95222330
0.80112380,0.93880033
0.73410356,0.61130273
0.69099593,0.66463548
0.60924208,0.57126212
0.80807090,0.81140125
0.88775808,0.87110692
0.57664061,0.51611155
0.72672796,0.82379520
0.91487634,0.92742449
0.82726049,0.86062193
0.93692285,0.87861025
0.73462009,0.76460183
0.64318031,0.62398291
0.80864018,0.88543117
0.81594664,0.65755576
0.57587779,0.71240228
0.86287105,0.88966560
0.65806699,0.61563998
0.30472854,0.27041593
0.85229832,0.82627690
0.48022097,0.36762342
0.59540856,0.70276552
0.83391058,0.76733917
0.43363863,0.50571364
0.90360153,0.89392662
0.81046724,0.70371163
0.88928616,0.92180008
0.91193765,0.95222223
0.92907721,0.97394812
0.80861175,0.87787205
0.31029478,0.26346931
0.83705163,0.60044956
0.84112132,0.88773692
0.91169453,0.94300526
0.73064160,0.65546620
0.84756714,0.88994503
0.91609585,0.94645202
0.78551710,0.85202897
0.81172442,0.84666324
0.93759340,0.92938083
0.73448187,0.65601927
0.57444525,0.79284823
0.75304925,0.86666667
0.49828243,0.49213353
0.93412113,0.90919971
0.30620581,0.37278584
0.68857908,0.61247760
0.96111733,0.98069954
0.92196351,0.89074618
0.80683422,0.92161173
0.71579111,0.78991175
0.32370973,0.50117564
0.88571560,0.92743641
0.90887934,0.93714100
0.59331322,0.62839681
0.87842488,0.86453646
0.62134367,0.51834238
0.65579665,0.51592159
0.91258824,0.91337049
0.77966094,0.84103644
0.21736288,0.26368701
0.94246870,0.94897270
0.83870369,0.86834514
0.84357107,0.83479828
0.39959884,0.32072389
0.92132646,0.91436714
0.82254118,0.92822248
0.76192647,0.66482651
0.78414309,0.87753588
0.93803436,0.95978361
0.87627828,0.88037038
0.65271735,0.82229638
0.83288002,0.81553066
0.88631696,0.90870708
0.14740470,0.22173683
0.75678414,0.81991667
0.86805570,0.88727701
0.89560413,0.97264469
0.88309997,0.88453460
0.42456993,0.39998743
0.81393969,0.72426903
0.35171425,0.37020344
0.66715789,0.62159497
0.88109875,0.80033547
0.89599580,0.87703180
0.83251595,0.72613961
0.95197445,0.91932911
0.86972475,0.80875707
0.89600503,0.96621388
0.81385398,0.73590565
0.56821847,0.53175282
0.83507121,0.95569479
0.55365711,0.85787910
0.94434249,0.91462767
0.85716134,0.84964156
0.89234620,0.92041367
0.60370302,0.43037850
0.71076024,0.65663856
0.44359437,0.34939492
0.94258273,0.91933256
0.71705079,0.79794973
0.77177387,0.24443860
0.22110632,0.19908604
0.84339434,0.92154646
0.64501053,0.79469872
0.59217131,0.67562401
0.73084247,0.79151249
0.69017649,0.66866726
0.80957651,0.84853733
0.75113916,0.66561460
0.81069219,0.81181318
0.13698071,0.16883211
0.62097913,0.69151980
0.91904384,0.94042695
0.67316091,0.57627106
0.49336377,0.52826089
0.93420964,0.93764573
0.92253017,0.87558526
0.31355166,0.41945186
0.36449039,0.40059206
0.94342446,0.93563622
0.86484528,0.81188291
0.17530698,0.14387700
0.58935046,0.67460316
0.78555393,0.75912517
0.74602050,0.69298339
0.91027594,0.92375308
0.83412993,0.94433659
0.60775685,0.33902389
0.89235365,0.88370687
0.55362004,0.60963219
0.80947685,0.91833335
0.50381553,0.58405799
0.72481334,0.75930297
0.88797826,0.87258023
0.97644764,0.93895632
0.42531854,0.43178505
0.35706341,0.38442686
0.57818830,0.56603146
0.60737991,0.71205699
0.56626618,0.32590580
0.91198689,0.88000000
0.27775878,0.09435582
0.95126837,0.93921590
0.85827667,0.94690579
0.85257959,0.86420643
0.84361851,0.86055839
0.92143846,0.82858294
0.89120847,0.91889256
1.00987720,0.79470009
0.51926380,0.47681984
0.86292505,0.91692543
0.77551383,0.76311851
0.62857002,0.53652096
0.59300286,0.43902439
0.94360280,0.92598152
0.15098989,0.14750355
0.24689361,0.12500930
0.86863279,0.94349796
0.81304479,0.90295762
0.92401320,0.93720138
0.90591198,0.90058959
0.25191605,0.21902834
0.46951115,0.37369376
0.59653896,0.24889717
0.92023796,0.96393663
0.75722563,0.78216499
0.80460209,0.79706925
0.17662519,0.23380351
0.79993302,0.80832392
0.82387394,0.81209868
0.77850318,0.72360629
0.86805904,0.93560302
0.47018123,0.42252624
0.76492739,0.76539201
0.87723547,0.97972971
0.87114060,0.96800590
0.73986804,0.77814007
0.80924511,0.67242688
0.69425112,0.55221295
0.65342915,0.48824480
0.00832358,0.07052541
0.85989237,0.89690268
0.97186267,0.92507643
0.43924785,0.54578048
0.90327394,0.91136366
0.92250520,0.91526860
0.79988277,0.88864428
0.37086117,0.31234205
0.74837118,0.68848288
0.91773736,0.90304595
0.43246564,0.56129384
0.90645725,0.84524548
0.39113510,0.30743930
0.41761720,0.52422714
0.85979241,0.71524698
0.67754692,0.64460522
0.84879237,0.90030444
0.94457054,0.94745803
0.88886094,0.88062829
0.86419386,0.92783791
0.87337571,0.92027003
0.09341222,0.17943431
0.68584299,0.95145631
0.84960389,0.93441278
0.62259376,0.68503690
0.92825979,0.87123710
0.80679929,0.88809526
0.76879805,0.69953054
0.74193561,0.81813127
0.28866202,0.37159628
0.43281159,0.29625952
0.31955564,0.28532243
0.78536767,0.85054159
0.73264182,0.92562938
0.83805794,0.87106997
0.92126048,0.84478593
0.58155692,0.73150969
0.91072130,0.92903388
0.85364860,0.76272196
0.11022061,0.08568238
0.59064692,0.76789194
0.67213064,0.81197923
0.57746458,0.48532185
0.77962482,0.79078865
0.67791039,0.65116352
0.90429515,0.96470785
0.50739735,0.55118233
0.71614814,0.78396225
0.91223919,0.77738202
0.81480271,0.86583269
0.85740304,0.84166664
0.79943562,0.70324481
0.92463166,0.94711012
0.75570649,0.85160482
0.92969769,0.93683344
0.74423373,0.58848786
0.88033473,0.88028342
0.89792341,0.84917581
0.71352637,0.70565295
0.62416488,0.41524440
0.35789067,0.54964250
0.66141540,0.69148803
0.74331629,0.95602828
0.88422203,0.83180285
0.67295605,0.79387879
0.17402390,0.47865498
0.61491072,0.90606135
0.91089368,0.95982093
0.84256482,0.81467670
0.88772148,0.78690267
0.34314454,0.17064413
0.69850051,0.84632868
0.88609636,0.93790323
0.90490842,0.85245901
0.70181477,0.47078872
0.90663278,0.84759617
0.59979522,0.76904571
0.67792404,0.67385155
0.74300587,0.73476619
0.77841842,0.88548368
0.64579761,0.70113432
0.78082252,0.84885603
0.89981234,0.90338469
0.87322599,0.82758075
0.49896401,0.52502859
0.74600339,0.65216792
0.63981909,0.62694097
0.84433895,0.83595008
0.88031298,0.93602693
0.91288197,0.83276290
0.91789037,0.85947710
0.79855382,0.79183537
0.95254773,0.95738298
0.38544303,0.66735572
0.45900214,0.64438772
0.71874619,0.56597847
0.88799071,0.64929682
0.50887191,0.61122042
0.74155140,0.66178775
0.79992729,0.65776700
0.92947608,0.89681071
0.82004505,0.76346344
0.91703027,0.95932311
0.93553299,0.92198241
0.33640462,0.48826945
0.09781224,0.10680799
0.70393872,0.68948412
0.35879830,0.29136214
0.88918924,0.97972971
0.82719392,0.80772376
0.81606424,0.76360542
0.82811475,0.84191996
0.83600664,0.77688491
0.80899012,0.78312802
0.87269020,0.84217387
0.89340699,0.90997022
0.91706443,0.90726715
0.92048967,0.93198651
0.94008934,0.81842673
0.82067519,0.79706222
0.84902024,0.80172646
0.32270044,0.31707820
0.92572355,0.95548791
0.86156988,0.86841512
0.83834577,0.84227818
0.87180483,0.84136605
0.84126186,0.84452415
0.88692772,0.83379704
0.67121303,0.80149972
0.50999320,0.48747450
0.91644114,0.98148149
0.82111883,0.87855417
0.72849613,0.64632630
0.10623336,0.13333993
0.57120842,0.59449309
0.78733552,0.80787051
0.52765471,0.39782366
0.83909887,0.89029396
0.85496819,0.83938628
0.43934572,0.47833067
0.74633938,0.68499780
0.64965576,0.60607290
0.88648498,0.93123323
0.90012562,0.86792201
0.88175023,0.88176209
0.58815193,0.62249100
0.84957170,0.87446427
0.75385684,0.85988402
0.61771637,0.83945477
0.92156327,0.92678893
0.69042635,0.45893669
0.79401541,0.76620084
0.68847191,0.65751547
0.89928842,0.86638761
0.88838971,0.93196636
0.77508563,0.91527689
0.49204969,0.43201447
0.71258503,0.69329590
0.84769261,0.82569033
0.91669798,0.90167713
0.91331375,0.93781269
0.79071534,0.99166667
0.05260938,0.07119388
0.88635749,0.91083103
0.77316761,0.85227573
0.35275131,0.22015037
0.45174110,0.33580360
0.76278949,0.71583664
0.74492621,0.69845706
0.90246046,0.93265718
0.81790179,0.74616790
0.29417300,0.17975725
0.49892467,0.64841282
0.64193755,0.58648145
0.83943015,0.76639825
0.48493832,0.58259737
0.69531834,0.57789510
0.84481806,0.73101193
0.90578431,0.88887489
0.88939333,0.92653334
0.85112274,0.77204609
0.92346644,0.94158655
0.78612977,0.73460716
0.87438399,0.85845518
0.96674651,0.96074772
0.71242845,0.76332963
0.90348673,0.92130870
0.66687727,0.63106823
0.64680439,0.86904764
0.74404013,0.62137681
0.68462157,0.69717968
0.63578880,0.62352329
0.87905061,0.19285475
0.73811162,0.93114913
0.48732990,0.67452687
0.91319633,0.93856800
0.42973113,0.34905660
0.81880230,0.75569052
0.63222599,0.56770831
0.91587436,0.92663145
0.88476485,0.94022715
0.63852203,0.67264873
0.88447738,0.88423645
0.81347853,0.86261904
0.62768114,0.60852438
0.72835243,0.53065002
0.70139796,0.68030012
0.40862364,0.47194296
0.91946822,0.93220341
0.85336095,0.89097673
0.73671687,0.66884613
0.86709464,0.88850945
0.85794663,0.88932097
0.24859560,0.16695653
0.60200673,0.61830258
0.69663167,0.67327338
0.58548415,0.85753751
0.68105268,0.53779238
0.82132053,0.86649662
0.86663961,0.89299858
0.85585588,0.96202534
0.75392520,0.57181078
0.57076383,0.60144925
0.93562555,0.85056043
0.88539213,0.78023899
0.96918482,0.91588992
0.30718642,0.28081399
0.67080402,0.75372505
0.76770020,0.80725032
0.72139007,0.72609496
0.92648619,0.98553824
0.80515200,0.78690523
0.81739450,0.88962543
0.29131880,0.12251612
0.95271087,0.96561623
0.75160635,0.81306690
0.89162070,0.93226063
0.83619589,0.90780938
0.84842891,0.95410550
0.30807599,0.50064051
0.79763532,0.17005523
0.78673375,0.67373949
0.86294240,0.94060165
0.86297798,0.84559554
0.27297729,0.26626548
0.91790771,0.94038880
0.88518369,0.93379462
0.88548690,0.86828297
0.83549118,0.93649572
0.92339861,0.87033379
0.31526363,0.30239484
0.46688482,0.75320405
0.69099975,0.64618421
0.81760681,0.80412138
0.75029403,0.84704185
0.91724551,0.96123320
0.94091570,0.99000001
0.76640344,0.79330862
0.88851213,0.84130782
0.60266292,0.56824267
0.87719673,0.93353629
0.91514438,0.94065863
0.68987733,0.83396387
0.89856446,0.86737651
0.94824266,0.93076921
0.83328491,0.81203127
0.85429019,0.91948223
0.90984827,0.96731538
0.56459713,0.66242820
0.64528024,0.50470990
0.91048121,0.95643938
0.68864578,0.72128850
0.85163116,0.84586579
0.78428829,0.76629037
0.85440433,0.91518635
0.82998949,0.65751314
0.85408264,0.86267960
0.94030219,0.92284340
0.85526824,0.71982896
0.49851781,0.44666255
0.73363256,0.80244207
0.43877903,0.55172747
0.83666342,0.89200079
0.72104943,0.57812291
0.73698050,0.70387191
0.60574591,0.35829931
0.86160380,0.78926712
0.54817224,0.62279826
0.69127333,0.63501704
0.94129306,0.95910424
0.50849128,0.80791867
0.51707852,0.37608716
0.78849888,0.60309088
0.34442547,0.67371470
0.82742715,0.80536258
0.73332512,0.70601851
0.82914048,0.77915603
0.38708931,0.49406329
0.82960838,0.89151007
0.94795477,0.94268775
0.71890378,0.73738050
0.80679286,0.92052633
0.85264868,0.83014584
0.60101092,0.46121386
0.87133360,0.83173078
0.87649345,0.88455808
0.60103559,0.66780853
0.86118859,0.95223755
0.89422488,0.83463120
0.68351012,0.56047386
0.74450463,0.71757340
0.42377532,0.27852824
0.17923221,0.19048506
0.77180946,0.73409849
0.92584938,0.93607050
0.74993968,0.67824072
0.26520002,0.52498394
0.68179858,0.47280738
0.84420419,0.77034056
0.74638122,0.58825344
0.59633994,0.51538432
0.55262840,0.48177847
0.51317143,0.58467114
0.89296627,0.90775782
0.94794202,0.92439532
0.74312741,0.67871708
0.60412788,0.68213701
0.57160461,0.80082154
0.61652148,0.75862384
0.55147111,0.33779141
0.89855289,0.98343235
0.86967748,0.88749582
0.72385222,0.73438913
0.79424375,0.72330016
0.61115909,0.67253858
0.82181442,0.87918276
0.34501168,0.28183806
0.95294291,0.97442567
0.78350544,0.69661677
0.95161879,0.94012767
0.93735904,0.92631358
0.87388366,0.88204587
0.89915687,0.93467259
0.26112366,0.41041511
0.87645996,0.91388887
0.75632447,0.84910339
0.88402021,0.96799505
0.84778517,0.92860109
0.73960447,0.83098817
0.89365083,0.93587887
0.91038793,0.96623707
0.87978113,0.91050261
0.77856117,0.90038919
0.73314226,0.86312574
0.82410699,0.82508343
0.84807909,0.88796860
0.45775846,0.39896694
0.28662181,0.33061740
0.76724935,0.88319206
0.34082192,0.41717896
0.37290898,0.55536669
0.94322920,0.90886855
0.87749940,0.57984751
0.93318045,0.90169120
0.86530030,0.81267005
0.89367682,0.94749999
0.80449307,0.84824699
0.94898313,0.91906285
0.71216989,0.81047422
0.86435175,0.97802615
0.86613679,0.91478366
0.55046213,0.44305736
0.64044130,0.78115833
0.90709972,0.94915253
0.78781819,0.87132651
0.63468868,0.69052649
0.73572838,0.76175255
0.69298947,0.71315020
0.40760976,0.58285314
0.64477158,0.52807713
0.90561080,0.98107141
0.64255005,0.65546507
0.45759556,0.44111520
0.62090963,0.56628370
0.43790409,0.73233843
0.92333281,0.96042806
0.60516793,0.55050504
0.69686538,0.66516650
0.81601566,0.86129528
0.86753666,0.82908076
0.73126471,0.74611723
0.57443351,0.76525813
0.88964915,0.90927100
0.64604151,0.60400087
0.87311345,0.94416016
0.78264821,0.66264325
0.93237031,0.09637783
0.95109278,0.96862489
0.74523586,0.80731523
0.87184536,0.92791831
0.75166333,0.55941457
0.77578843,0.60825813
0.85327971,0.86800700
0.88675290,0.97567004
0.76437294,0.66535783
0.76567078,0.72670645
0.78122914,0.86571139
0.92689472,0.91038311
0.82774085,0.59109044
0.79644978,0.82247573
0.41704044,0.45888653
0.89023352,0.91079795
0.49779478,0.49548846
0.87964213,0.89794171
0.11273721,0.11910129
0.96603966,0.89069951
0.09969163,0.15725546
0.87328148,0.96538460
0.91568846,0.94564301
0.76514310,0.71695369
0.91973716,0.62296212
0.53548688,0.53124499
0.65183532,0.65715879
0.83162379,0.66834688
0.63079882,0.21868169
0.46228260,0.55416667
0.45984021,0.43706784
0.79653323,0.80063033
0.89347184,0.90268874
0.74195969,0.60752630
0.56717527,0.61615503
0.33583033,0.37033582
0.48852199,0.61427045
0.86995304,0.97887844
0.90251255,0.90608376
0.60889685,0.56728727
0.92309445,0.97202671
0.34339011,0.35575166
0.87457031,0.92224234
0.63169175,0.63843971
0.29732937,0.30286923
0.87396163,0.91054130
0.65369022,0.68342865
0.37970629,0.28797027
0.27781796,0.20291358
0.82773721,0.86948252
0.63795179,0.91682285
0.88316792,0.78800392
0.88662094,0.87119436
0.66511238,0.43287298
0.61330044,0.70836127
0.25560251,0.32228628
0.79837537,0.86419630
0.13222569,0.16025908
0.74727666,0.74384892
0.80659407,0.81542057
0.60490721,0.58880627
0.81875414,0.76590323
0.93204033,0.99206346
0.75672668,0.77681589
0.57214785,0.50917512
0.79658157,0.85952008
0.60216361,0.63465470
0.85786998,0.88424534
0.75327617,0.63328665
0.96926874,0.94574910
0.09295642,0.11811777
0.92062396,0.91740221
0.87289542,0.90386921
0.91265059,0.94970340
0.89076221,0.87843370
0.46165952,0.39732978
0.83622074,0.84708250
0.78907895,0.80015755
0.54443985,0.55821848
0.90787584,0.39024442
0.68734610,0.84693062
0.73410732,0.69758278
0.89061368,0.93098426
0.85173762,0.82907850
0.84687388,0.99166667
0.90531397,0.97223514
0.22032782,0.24435264
0.47791514,0.42901236
0.90900505,0.82156307
0.32617190,0.35357124
0.84633505,0.92150867
0.83981085,0.56147814
0.37181646,0.23245470
0.51157421,0.48848704
0.94548517,0.92389894
0.94077200,0.95277780
0.69128639,0.76972771
0.61902833,0.67172754
0.88493013,0.84837419
0.81630719,0.82475513
0.50782901,0.23030707
0.83147526,0.82152689
0.72364122,0.76228070
0.32185504,0.28620270
0.69618845,0.66100800
0.77526486,0.86522591
0.53595400,0.36501867
0.84776783,0.94780713
0.60718334,0.69999999
0.82814991,0.85361654
0.87211204,0.97650141
0.34373158,0.64468789
0.59967995,0.61029834
0.76981664,0.73559529
0.89416003,0.93532604
0.81263745,0.70510715
0.89439803,0.90939397
0.80894351,0.91705018
0.87772852,0.85875821
0.15041697,0.34002978
0.72565615,0.95213205
0.91140312,0.98165137
0.34097338,0.30604681
0.19155540,0.25812802
0.75312603,0.82496858
0.69540560,0.51854765
0.62261814,0.76430041
0.88621044,0.93725395
0.20675683,0.33801779
0.41545644,0.63362235
0.63731152,0.50731504
0.60185146,0.62807781
0.77378261,0.87558323
0.86597830,0.94364434
0.91001815,0.75039101
0.68248093,0.74451780
0.93493319,0.86319327
0.45289767,0.38241962
0.69696277,0.81843013
0.90304840,0.86405939
0.88684726,0.86405599
0.36577266,0.43701848
0.88445610,0.87335420
0.70456320,0.50978321
0.95159608,0.81202036
0.85752881,0.88600940
0.56382257,0.50539047
0.81548560,0.85573643
0.87790316,0.91987669
0.87337279,0.88797641
0.70124537,0.70683777
0.80569470,0.79020047
0.83250588,0.73596215
0.86599618,0.94090211
0.90385127,0.94067794
0.86901200,0.95086616
0.60215187,0.59285712
0.79845434,0.86079091
0.66962773,0.49104384
0.87167931,0.81961870
0.83651876,0.82330829
0.86163580,0.87552047
0.78564399,0.78884101
0.73898792,0.79976088
0.77835238,0.82835734
0.73210299,0.71350086
0.75020999,0.86343962
0.58936274,0.59022194
0.63257885,0.72376144
0.86710066,0.77212322
0.87849265,0.87821120
0.66162968,0.67949569
0.92136073,0.92183858
0.64456177,0.56200981
0.51445484,0.54360116
0.38930431,0.48100710
0.59330261,0.50808626
0.63493359,0.63141090
0.94850105,0.97427428
0.76592880,0.64895022
0.92003900,0.92226720
0.87322855,0.91636389
0.75760424,0.70371795
0.26598480,0.17081459
0.72251290,0.66695982
0.67087048,0.71938390
0.90533763,0.90761811
0.69556618,0.71532935
0.79099423,0.88697839
0.83867252,0.82639384
0.94457811,0.94949025
0.95323962,0.96667588
0.83311355,0.86410254
0.78514951,0.78773451
0.69179374,0.77489179
0.12487376,0.21120690
0.88068414,0.79312551
0.74609077,0.70562029
0.93635428,0.87896007
0.87233752,0.91606569
0.90169060,0.90378344
0.66409135,0.90067273
0.91847765,0.91130340
0.89178383,0.84284276
0.81209558,0.87324744
0.92306250,0.93165481
0.78402543,0.54390246
0.89847839,0.85810858
0.90884531,0.89733505
0.64029181,0.70793337
0.84635943,0.95843238
0.46808666,0.05111977
0.51929533,0.58055115
0.57868797,0.60134947
0.18726878,0.17964554
0.90353274,0.98333335
0.27963787,0.27774772
0.92194921,0.93567622
0.26931238,0.21625404
0.21936446,0.15141453
0.72819901,0.85147029
0.88888454,0.92382288
0.79546601,0.73685557
0.70304990,0.71868426
0.36584523,0.44562212
0.62841225,0.66638315
0.82608438,0.86071163
0.67195362,0.67451662
0.12926736,0.13947834
0.30373755,0.26940882
0.93822771,0.95736259
0.90422952,0.94181597
0.96280092,0.99242425
0.88972557,0.92092192
0.66219699,0.66526419
0.91172791,0.95984846
0.73176861,0.69779003
0.39969546,0.38681319
0.35859162,0.32338411
0.84550059,0.80857682
0.53612304,0.53040332
0.88797390,0.86771774
0.93660021,0.87664849
0.23661953,0.18619974
0.48893845,0.49730280
0.76444989,0.88230950
0.67423373,0.72491962
0.72868252,0.67751479
0.66316253,0.62500000
0.40555367,0.64033121
0.81299812,0.90594268
0.69812196,0.68416995
0.24722618,0.33631256
0.80885237,0.84237599
0.60877752,0.70284545
0.86321700,0.87696075
0.65925813,0.81707221
0.92314541,0.98026657
0.90304989,0.93594086
0.73503512,0.68148047
0.83896363,0.85499483
0.60569829,0.55622739
0.44975919,0.65000129
0.31246909,0.44748220
0.32504374,0.29259095
0.43790954,0.36457625
0.93515575,0.95988846
0.92741567,0.90913469
0.89977247,0.94531852
0.83616322,0.73246604
0.81534916,0.83462989
0.71996433,0.71052945
0.83561152,0.94230771
0.74135977,0.66252059
0.85547125,0.90287155
0.72102314,0.75985974
0.49072111,0.46171406
0.40647733,0.31956398
0.86479127,0.85933375
0.41612235,0.76866412
0.93124491,0.94714755
0.81928492,0.87915987
0.89734185,0.93169492
0.87145615,0.86261386
0.38239726,0.19632471
0.81899476,0.90105909
0.64228827,0.72031099
0.77777100,0.76688313
0.94624931,0.96012962
0.91832805,0.86866605
0.86938679,0.90585440
0.86140227,0.93271685
0.84218079,0.88478261
0.93248302,0.86176914
0.54407555,0.51347333
0.92923784,0.93015492
0.65587068,0.68921834
0.64924365,0.79513890
0.76460493,0.59012729
0.49167025,0.62888986
0.90773243,0.89901131
0.80947810,0.76649535
0.76005125,0.82911712
0.90156233,0.88514960
0.79836029,0.89969790
0.62972897,0.76841235
0.90701449,0.84677452
0.74519646,0.64934814
0.80872446,0.76868510
0.54547089,0.61119562
0.93862396,0.97107846
0.59892666,0.63371974
0.82421732,0.89817280
0.34823865,0.68898940
0.85791206,0.81780916
0.30839044,0.25656238
0.80984366,0.84428668
0.86113507,0.85637277
0.72624379,0.81129110
0.84094357,0.89091057
0.06098640,0.20130895
0.90946865,0.94965976
0.87778610,0.91128057
0.84436619,0.81745720
0.57532227,0.54087633
0.80736077,0.84246558
0.88669533,0.78334731
0.46483344,0.60525763
0.81874055,0.62561375
0.91416025,0.90607119
0.91780120,0.91905630
0.82354546,0.85009265
0.92401940,0.96336478
0.65982032,0.71349239
0.09666973,0.11315766
0.43253663,0.39373800
0.10139653,0.18446052
0.65254068,0.75481474
0.91949928,0.97979796
0.83014446,0.89345986
0.85360384,0.82663476
0.78053230,0.29397160
0.61003792,0.62876254
0.29039469,0.28677204
0.75135708,0.73443598
0.94122553,0.95912063
0.61394340,0.83815354
0.89249903,0.94038206
0.26514423,0.37639332
0.87597072,0.86912143
0.59202790,0.66216218
0.33131343,0.42071429
0.84675205,0.90442324
0.77325618,0.81430185
0.80901229,0.84434795
0.32260266,0.38420847
0.74810457,0.65241379
0.21769485,0.28744543
0.89465731,0.89842528
0.46427816,0.22208612
0.78433985,0.88827115
0.89614737,0.92057413
0.90669048,0.93169284
0.59046471,0.71136886
0.78570670,0.72549576
0.91698962,0.82310528
0.81587613,0.82157713
0.88044417,0.91352737
0.93249351,0.83189255
0.61651909,0.50598788
0.44302315,0.52617741
0.67475897,0.89521056
0.43362930,0.47556207
0.89403057,0.90490377
0.57101786,0.65470612
0.70173025,0.77047533
0.91412479,0.94232351
0.93551934,0.92753059
0.86855972,0.89827532
0.62405407,0.48258558
0.93085718,0.93193859
0.49508798,0.52693659
0.80819654,0.74553573
0.78032821,0.66983384
0.58343810,0.59997392
0.88926983,0.89775598
0.53544885,0.62719846
0.74640119,0.81560630
0.80159461,0.70691872
0.08567554,0.06146450
0.76408947,0.73465145
0.72805995,0.85437572
0.56899059,0.60141242
0.88581097,0.92879355
0.39072701,0.55277306
0.45219105,0.42435005
0.65415680,0.61499906
0.48531312,0.56885421
0.74592692,0.73046875
0.93423063,0.99295777
0.84814179,0.94686663
0.57402647,0.84868419
0.83649796,0.87420022
0.88758147,0.84413356
0.73204869,0.71263474
0.74646050,0.96101540
0.49182755,0.67569047
0.82132816,0.76929212
0.84930223,0.80854803
0.84623742,0.70490855
0.48825586,0.46597019
0.83903986,0.84792453
0.79132777,0.80308068
0.77764869,0.97528517
0.83098608,0.85825270
0.69539410,0.81442559
0.89732307,0.98765433
0.79385525,0.87371445
0.89772588,0.89968103
0.88730967,0.96111113
0.88362247,0.88765866
0.91786587,0.90612924
0.34879440,0.47920039
0.84012067,0.86153930
0.79818827,0.73372692
0.86496848,0.86213523
0.64376980,0.48991859
0.84788954,0.81857145
0.92697108,0.95981508
0.92108637,0.93555748
0.80210084,0.75470591
0.87186420,0.99586779
0.17468616,0.15128127
0.87444162,0.93831909
0.54375291,0.65180963
0.83076793,0.73469114
0.80547297,0.73667657
0.92486620,0.95084673
0.62199622,0.45411944
0.79813075,0.82596397
0.95852965,0.91558367
0.81470728,0.87270057
0.75735343,0.79986250
0.89078289,0.92148459
0.93735665,0.92151356
0.40264484,0.49974844
0.92002338,0.84275365
0.85525429,0.85395765
0.79902351,0.81715631
0.73943818,0.60693753
0.91183966,0.95842308
0.42833900,0.32973275
0.91829646,0.95446908
0.93786293,0.95598608
0.84310788,0.78623497
0.49369702,0.52014506
0.87737399,0.83970904
0.62091094,0.63051218
0.85159647,0.88158399
0.66549158,0.61583138
0.87729025,0.95565987
0.84420502,0.75523072
0.85351717,0.67953658
0.48175365,0.53720492
0.84881204,0.94218749
0.59191680,0.66828531
0.94738239,0.89803207
0.84051538,0.72039056
0.92874008,0.95181960
0.52399540,0.57788283
0.28193852,0.19792528
0.85294044,0.86498845
0.93620157,0.83672267
0.90842772,0.96998775
0.33315086,0.35605732
0.63836479,0.77120531
0.59451222,0.59340554
0.87147170,0.92227584
0.69287920,0.70291263
0.53435332,0.47399795
0.79736072,0.82838124
0.90220839,0.96343940
0.57323837,0.73905796
0.88827044,0.80588073
0.26883519,0.68041873
0.40661845,0.52807361
0.85463798,0.84815532
0.54175168,0.61597735
0.93122429,0.92333215
0.46058682,0.36546922
0.92338866,0.70270622
0.55818498,0.30880341
0.91283405,0.96578383
0.67993939,0.78835350
0.82924825,0.90789402
0.87358665,0.94718617
0.82206988,0.95959967
0.79554248,0.87348652
0.62532330,0.84302080
0.20820054,0.25022730
0.92369497,0.92284918
0.25235838,0.31365532
0.42165175,0.27681780
0.91561693,0.95272404
0.29900011,0.23379037
0.43724281,0.17387006
0.93836170,0.94375002
0.87361777,0.80404592
0.82709718,0.89114791
0.84639132,0.94414365
0.77399671,0.81688803
0.25042969,0.26702121
0.80708098,0.86121500
0.88537574,0.93752176
0.65447921,0.60269165
0.86334121,0.83144921
0.81890774,0.76140672
0.51026750,0.25086823
0.67560875,0.78410792
0.86627477,0.85786331
0.53934664,0.29281345
0.64995950,0.70345747
0.79321778,0.90486759
0.52488476,0.47359255
0.74516964,0.75320292
0.89707035,0.88372147
0.92579699,0.96178764
0.81420469,0.80204189
0.31371182,0.21891502
0.84289724,0.88470757
0.94097620,0.95590001
0.69220150,0.72039109
0.00466388,0.13315079
0.85802495,0.88758594
0.91159654,0.86063218
0.80675638,0.73494339
0.84556377,0.92040634
0.85496032,0.91938025
0.33724046,0.26233122
0.50359011,0.35845995
0.29837924,0.29174992
0.63987005,0.74594754
0.80999541,0.86434209
0.76829839,0.68731707
0.70231020,0.73861116
0.74273300,0.79933137
0.85850227,0.87618434
0.86008143,0.91233575
0.88856506,0.90985346
0.87554967,0.95246643
0.77505010,0.88553327
0.38616878,0.30136934
0.48756701,0.69969070
0.51238632,0.59131038
0.77845317,0.92737734
0.96009070,0.90550238
0.24846178,0.32065657
0.13858703,0.12341198
0.47826678,0.63449591
0.68165100,0.56483519
0.82674015,0.79153407
0.66791463,0.75685716
0.88683689,0.85959321
0.41492131,0.32328284
1.00709319,0.97483182
0.89045644,0.93755800
0.90821350,0.75008893
0.66157186,0.54827785
0.73636925,0.77899390
0.87203282,0.86642855
0.85347611,0.85757929
0.80790532,0.80524760
0.86556339,0.89142627
0.69131577,0.85637563
0.63502955,0.55213892
0.77349460,0.79657477
0.84267884,0.93150687
0.43749818,0.64687014
0.83821452,0.81788236
0.92096668,0.93490839
0.63419831,0.60836816
0.72481471,0.75797695
0.33770496,0.37491038
0.93036067,0.84554595
0.81436855,0.94024563
0.92304444,0.89032346
0.94861937,0.94315207
0.64436513,0.70266181
0.23111674,0.17724867
0.86151934,0.95757121
0.74159980,0.66002661
0.89450675,0.89160919
0.77625614,0.71016461
0.65879250,0.17304045
0.81479162,0.63766545
0.71755767,0.65249920
0.83491206,0.79832476
0.86562365,0.75634831
0.84772724,0.93308949
0.91212761,0.91925669
0.78510469,0.61354744
0.82016331,0.71067053
0.57994437,0.49853435
0.91411573,0.96987951
0.41134724,0.47457367
0.80520612,0.46507189
0.93969101,0.95709866
0.85124886,0.84032446
0.73775136,0.79147798
0.19691297,0.22571428
0.53941643,0.62316215
0.86687255,0.94026083
0.93571782,0.95509452
0.80532295,0.91946626
0.87973428,0.86271608
0.68649822,0.67736185
0.29848596,0.29299012
0.90374881,0.93160981
0.89647627,0.84429461
0.94109750,0.93079340
0.92900974,0.92286462
0.28533319,0.27491388
0.48339540,0.47344095
0.11481822,0.27841941
0.56904703,0.48061144
0.93969554,0.93051064
0.81996453,0.75789320
0.90667069,0.94412440
0.81895477,0.77607644
0.32770181,0.72667122
0.66343820,0.69301343
0.19502887,0.17293985
0.88228893,0.96814185
0.84878671,0.82575756
0.71104187,0.72635400
0.72938293,0.86697614
0.61141551,0.31173092
0.18090910,0.39001819
0.41252488,0.16899768
0.86741632,0.85553277
0.69128489,0.81164742
0.19929820,0.16834933
0.47753826,0.42169273
0.80646574,0.80127829
0.89791352,0.89919740
0.74291188,0.79312229
0.70479512,0.57057905
0.88295239,0.88174176
0.74325931,0.85781008
0.41509476,0.64401621
0.76784068,0.83227658
0.81200033,0.95726961
0.90176928,0.91936576
0.82182932,0.83569002
0.80281830,0.68053460
0.90827644,0.80092055
0.86216247,0.79621947
0.79726565,0.63051528
0.48657215,0.36483938
0.84006894,0.93216443
0.75865668,0.86294699
0.91340530,0.85502547
0.52872473,0.61018181
0.45607343,0.49695927
0.36048907,0.32577950
0.70652604,0.82228351
0.79024029,0.87309384
0.86441565,0.95283973
0.23051944,0.26299021
0.60907191,0.89971167
0.68235469,0.33002645
0.80968642,0.84373164
0.93960208,0.92684191
0.80628437,0.87118959
0.63801754,0.69461000
0.92953700,0.88480371
0.81053936,0.77288473
0.54281461,0.62577182
0.86250657,0.84312797
0.85279942,0.85797119
0.81538719,0.82330436
0.83341879,0.95151877
0.89250708,0.69807410
0.77384430,0.72405922
0.79824799,0.77265352
0.75305712,0.67525947
0.84350175,0.83003324
0.53772235,0.62389106
0.77281201,0.75815243
0.33608413,0.28270778
0.85612184,0.77167141
0.78117990,0.65917218
0.85484654,0.93516433
0.83075029,0.93100321
0.90256953,0.87618065
0.70333666,0.81323248
0.55019027,0.52777779
0.75382406,0.84273905
0.90989971,0.92441005
0.47588480,0.58058608
0.92059004,0.92202109
0.91975492,0.92261904
0.86019647,0.92895114
0.90102929,0.97321427
0.89533895,0.94377512
0.76973456,0.76018411
0.68965721,0.67623830
0.62105095,0.89098436
0.89773202,0.91602188
0.18396619,0.17230944
0.56297714,0.32973078
0.67251521,0.81386065
0.43162754,0.27668396
0.91015023,0.87431556
0.72618538,0.56918818
0.54691094,0.42682275
0.78599328,0.63289338
0.54652488,0.77915019
0.79942286,0.60599780
0.86582416,0.88887203
0.94402343,0.87887549
0.88881826,0.86881334
0.79801112,0.84907150
0.85570312,0.91576087
0.46634802,0.28926456
0.65470886,0.47911146
0.60600621,0.72467917
0.52591383,0.25419217
0.51226622,0.47933921
0.72346199,0.79894364
0.88349223,0.92743337
0.78263408,0.64779776
0.89562631,0.84539419
0.82768643,0.91399813
0.78496063,0.87271202
0.81411481,0.89002138
0.69700181,0.66373658
0.91091537,0.95114291
0.81921124,0.88769233
0.92161280,0.90360600
0.90452135,0.90453696
0.88745511,0.87023139
0.64123785,0.56904960
0.33365750,0.16021530
0.62256229,0.58776891
0.68071431,0.71616167
0.55391061,0.37820470
0.70307094,0.65054834
0.46790007,0.50625002
0.83774555,0.94345587
0.34818172,0.17151481
0.45638323,0.46443731
0.90873837,0.88044626
0.68604517,0.88876408
0.32820171,0.11137762
0.71673381,0.82759631
0.42269418,0.33913177
0.28774685,0.40757680
0.75731719,0.59522474
0.92953378,0.82589042
0.90621346,0.89339018
0.84926337,0.93048781
0.87275064,0.87427169
0.84715641,0.87892240
0.89942259,0.87680632
0.74460292,0.65094632
0.92218572,0.92667466
0.87832034,0.82291138
0.93857664,0.93553358
0.72234929,0.88555944
0.94850546,0.91696113
0.82955635,0.72555214
0.30355594,0.28170526
0.30204144,0.37861234
0.63835305,0.80787998
0.84897852,0.75822806
0.88127208,0.76342481
0.90071094,0.92787415
0.18968326,0.25668153
0.80348009,0.90701222
0.31473902,0.44807673
0.84310830,0.81018358
0.91898710,0.91454196
0.39149773,0.38902196
0.58950067,0.68171883
0.80092072,0.94202447
0.82511783,0.88461536
0.55098635,0.61678380
0.88362449,0.81605130
0.88620365,0.85770750
0.68283761,0.76175278
0.89096272,0.84337181
0.83903623,0.74940479
0.45525768,0.31749630
0.91794014,0.93988925
0.34871191,0.40856928
0.58116460,0.61964816
0.88840044,0.84441388
0.34209049,0.26264372
0.70706570,0.81456357
0.92934203,0.94091511
0.95170337,0.94483697
0.65472007,0.77436751
0.80449653,0.73497641
0.79354316,0.92367995
0.68209124,0.77442616
0.95886952,0.94002044
0.64142120,0.63948178
0.36249894,0.29001552
0.46690667,0.47703418
0.42913824,0.46399826
0.44097829,0.37721276
0.76443934,0.78236324
0.85558832,0.92214078
0.35136983,0.27103627
0.80906641,0.76398522
0.78704053,0.67205632
0.74520719,0.83523494
0.72783762,0.64715928
0.59355545,0.51620871
0.46969894,0.32157460
0.29941624,0.45544040
0.91409802,0.87108934
0.88030028,0.89443016
0.74044842,0.83858269
0.56442845,0.57860529
0.89456689,0.88908589
0.88834918,0.89660627
0.91045409,0.92574090
0.55878103,0.54323483
0.63376772,0.60007393
0.87720382,0.91481650
0.77549213,0.81704611
0.74041426,0.58841795
0.85433578,0.88918424
0.93603921,0.91494471
0.55997294,0.68860352
0.55556452,0.52295959
0.89696473,0.88658679
0.88393390,0.94576925
0.63796902,0.49879763
0.92975539,0.90279007
0.86739314,0.88721806
0.76425171,0.81605262
0.80707908,0.87434340
0.83165216,0.90211141
0.83215570,0.77503872
0.68141842,0.71505392
0.90992904,0.88430274
0.84369421,0.92897898
0.90389806,0.90256023
0.39747611,0.40279752
0.70341170,0.84916544
0.76895845,0.83684731
0.62575471,0.70334005
0.78028256,0.87882924
0.86738789,0.87598771
0.24084538,0.31770834
0.53591168,0.28206921
0.85252285,0.89248365
0.79110903,0.85238957
0.04860538,0.05983176
0.90545118,0.85267913
0.80011255,0.77992070
0.78565341,0.86928755
0.89219463,0.96528614
0.77999133,0.71977520
0.97407621,0.96238422
0.84751040,0.85739511
0.79996103,0.78503537
0.65789258,0.79966629
0.90785146,0.93440080
0.88558519,0.92379886
0.91526490,0.98342597
0.29969352,0.20089869
0.94549257,0.90116090
0.67551816,0.69155842
0.68441433,0.78557223
0.88089138,0.89515465
0.85501385,0.93720782
0.83885610,0.92423284
0.92955947,0.90575522
0.22501761,0.13828705
0.87765652,0.86878383
0.60481095,0.60396838
0.94228369,0.96349204
0.71475172,0.51846373
0.88736337,0.93656617
0.93608922,0.89278406
0.74697101,0.87902308
0.28134614,0.30046332
0.83643293,0.53138095
0.89217925,0.87888008
0.49357191,0.75535089
0.90611315,0.93247199
0.80757892,0.79126173
0.75059867,0.76397306
0.33614063,0.49263170
0.77451348,0.87048954
0.29055423,0.31396824
0.89933509,0.84852940
0.88576901,0.83923560
0.79311126,0.77722436
0.52449799,0.54607058
0.40445516,0.39491045
0.28009009,0.36439809
0.93177772,0.92298979
0.41079959,0.35971594
0.82391435,0.66836733
0.70000964,0.82934022
0.70634866,0.74916667
0.32815576,0.56794870
0.22733262,0.26325795
0.39230239,0.32736620
0.44017211,0.47069946
0.91718554,0.84627378
0.31724316,0.24463277
0.88522291,0.89110482
0.74895644,0.88505620
0.94351107,0.94174266
0.25898972,0.41137549
0.79322910,0.91608393
0.88834882,0.79931033
0.53877479,0.51875001
0.83392036,0.91388160
0.91020930,0.92925030
0.81198627,0.78833914
0.81718391,0.79221088
0.42409831,0.35390970
0.67150873,0.81076223
0.63009107,0.05911645
0.90638286,0.91886663
0.59062314,0.56222737
0.58931321,0.68636763
0.85489523,0.95931786
0.41732380,0.32346126
0.81779283,0.78118002
0.49789196,0.85876667
0.89782989,0.88779765
0.62341309,0.71874297
0.52622700,0.53004801
0.93965077,0.95449668
0.73842037,0.79494876
0.84566844,0.87537640
0.78394240,0.86697876
0.91257322,0.93665755
0.88346177,0.90814400
0.60217196,0.65395433
0.85304135,0.89931768
0.11705294,0.18908121
0.68543333,0.82154208
0.65288490,0.69164246
0.88029438,0.93209720
0.46041057,0.35555893
0.93081307,0.80653161
0.67240876,0.85493028
0.43232325,0.38282001
0.43239605,0.19711182
0.86166954,0.95179147
0.40972343,0.12941177
0.25775623,0.31220102
0.32901958,0.44861254
0.59533578,0.58635527
0.44209367,0.44241595
0.67664325,0.79017901
0.74881494,0.73001599
0.63087213,0.71861422
0.64025676,0.73753810
0.67733794,0.71454597
0.90775704,0.92307693
0.84278190,0.80853629
0.80454743,0.81911242
0.55514240,0.61310273
0.49558485,0.16138309
0.80466914,0.91361284
0.88097209,0.93801761
0.72226614,0.73944688
0.92219812,0.95026594
0.46274436,0.68241286
0.51285708,0.29026577
0.94704425,0.90825266
0.63295752,0.56674302
0.84638304,0.83006382
0.33698171,0.37950405
0.27460766,0.24927419
0.69860631,0.66252685
0.19304243,0.16204339
0.93761426,0.93233085
0.30682182,0.31582168
0.69525433,0.54292929
0.56904447,0.50508738
0.92294168,0.72426468
0.94080162,0.96746254
0.57344711,0.65416348
0.75898606,0.73229450
0.80722523,0.83696705
0.85542178,0.91287881
0.83699453,0.78899848
0.77743816,0.67014772
0.65455389,0.66860127
0.93491966,0.98486894
0.82434255,0.91407204
0.83754885,0.79912353
0.90574610,0.90790600
0.72928190,0.70644838
0.91696155,0.91641748
0.78066564,0.84031063
0.58312768,0.87734169
0.55555433,0.62949657
0.88258421,0.94938821
0.83480620,0.82608330
0.85830843,0.94702840
0.60926360,0.63105524
0.86477947,0.88569623
0.86035937,0.77464294
0.44280493,0.74545455
0.94274950,0.98336834
0.91787541,0.91069108
0.93769193,0.89937484
0.82121617,0.78953713
0.71027893,0.76818180
0.70886737,0.57471848
0.92294407,0.93378985
0.29975376,0.52639496
0.77168041,0.76866150
0.79137123,0.89826912
0.88610137,0.84943604
0.83416057,0.81756449
0.20272593,0.24496280
0.81373119,0.76861268
0.88411516,0.85765803
0.91824830,0.90140927
0.72077692,0.84456784
0.91333121,0.91470444
0.87484097,0.92037565
0.87578845,0.85377020
0.83352125,0.79467213
0.92885035,0.94008398
0.85148567,0.65170592
0.85504740,0.91676092
0.65080249,0.90826541
0.72290486,0.60053039
0.67631042,0.76889235
0.62938261,0.65831244
0.89085680,0.86602229
0.87749100,0.93534577
0.75574887,0.86279762
0.87859535,0.94604290
0.70839781,0.39957401
0.30616722,0.24195077
0.85917395,0.93266457
0.80484027,0.80518061
0.67255294,0.72062546
0.80893832,0.78055555
0.59642804,0.56966841
0.91708148,0.92892653
0.90026569,0.95193678
0.43117297,0.38558289
0.79661751,0.90510201
0.77548730,0.89741594
0.41158494,0.37056318
0.92505056,0.89875025
0.91010249,0.86353403
0.84148949,0.83863795
0.90030271,0.93527162
0.60356998,0.75619966
0.86756164,0.92960197
0.59414321,0.44396770
0.64312762,0.70168668
0.58994532,0.83679587
0.75346386,0.69344342
0.93155390,0.89650995
0.60987985,0.60600597
0.89454806,0.99450552
0.53441036,0.51262629
0.94416910,0.95794207
0.88358575,0.94287515
0.82245684,0.83426428
0.91018033,0.86212325
0.78293806,0.94481504
0.77180606,0.85546035
0.67174828,0.60193843
0.89454353,0.86465520
0.63273370,0.69813317
0.62923098,0.64303428
0.47037864,0.53717440
0.62987041,0.84272724
0.45259845,0.54914093
0.67378581,0.78872246
0.87738436,0.90750098
0.96521455,0.96502912
0.72680366,0.54791605
0.40019229,0.28604645
0.89340389,0.88689107
0.75477087,0.63084817
0.66960156,0.81448370
0.78645575,0.84798652
0.78711164,0.81720990
0.69269240,0.61100036
0.37205672,0.37871712
0.89685994,0.93508095
0.77414918,0.95268255
0.71056938,0.63884330
0.92131305,0.91655874
0.22624536,0.18856642
0.71449506,0.43263334
0.38378984,0.22155657
0.84698677,0.89042938
0.60157377,0.45910111
0.79395688,0.73458838
0.91052592,0.89012313
0.81426477,0.83894086
0.93795627,0.95038587
0.85741824,0.79125559
0.81284475,0.82203388
0.84476864,0.82721812
0.80556756,0.92786938
0.19918466,0.23721561
0.75294971,0.80576110
0.75450790,0.80829614
0.38224152,0.37508041
0.30029619,0.39418384
0.82100427,0.93737882
0.76806569,0.72736418
0.90921271,0.94878781
0.98232657,0.96307963
0.35635400,0.23443674
0.93673176,0.95625705
0.39717123,0.32948253
0.22791804,0.33280957
0.84432191,0.92866290
0.67679691,0.59002978
0.84968191,0.86577785
0.65879476,0.67957091
0.31944895,0.37083334
0.30360100,0.30060565
0.94596499,0.88114440
0.82972717,0.86221063
0.78858870,0.92929351
0.91598541,0.94755554
0.77393830,0.93284994
0.82939303,0.79547930
0.88059288,0.59764564
0.20514339,0.18849500
0.43905449,0.45049426
0.53235543,0.73779058
0.83641744,0.74086756
0.86098242,0.90647060
0.85397685,0.87305856
0.84345388,0.78616065
0.83999062,0.81487179
0.86477256,0.88617051
0.59064668,0.94964349
0.85850745,0.88360649
0.77086437,0.69574910
0.87030196,0.92451078
0.81058156,0.87648630
0.78424013,0.66000003
0.77056384,0.86680472
0.87031114,0.92136472
0.90577686,0.98305082
0.82279700,0.85917401
0.81585711,0.85643667
0.90694284,0.97607863
0.91189647,0.86778843
0.19797769,0.11444855
0.52162647,0.66009390
0.47315249,0.31722808
0.39965096,0.52303976
0.76022756,0.81928641
0.88065970,0.92797798
0.27611938,0.52903360
0.80169982,0.57935721
0.93755281,0.84517330
0.59035254,0.61519480
0.90824568,0.92339206
0.41727635,0.37234765
0.38753223,0.34595588
0.95318168,0.97681099
0.75839651,0.92441779
0.30868199,0.26586309
0.96298897,0.93525636
0.84559172,0.87356466
0.76244950,0.76463962
0.85529834,0.83113098
0.77917671,0.81653941
0.85464376,0.74366540
0.26301560,0.74915254
0.22744924,0.15166023
0.82180285,0.93917751
0.87613481,0.57265884
0.80682701,0.72574067
0.82194674,0.96226418
0.72230268,0.53176051
0.86467308,0.91369045
0.79596424,0.91626227
0.89492428,0.78528452
0.72649527,0.89729768
0.73032272,0.58861798
0.49487752,0.73949623
0.49577069,0.33631712
0.78803957,0.65859860
0.91790342,0.94795454
0.88921195,0.90801525
0.84085983,0.82967067
0.36974001,0.30645886
0.36796367,0.50251269
0.72562450,0.57917917
0.92896873,0.94779015
0.26986217,0.41248873
0.35098523,0.48412770
0.91536093,0.84244376
0.92321539,0.96799999
0.72535390,0.70853096
0.26629755,0.34913969
0.68268859,0.74974638
0.48777309,0.58547497
0.80832136,0.89215314
0.71692324,0.78218085
0.89022470,0.93565577
0.82652509,0.78867966
0.90890664,0.96692306
0.23740840,0.26499084
0.11012048,0.19875507
0.91779435,0.89975178
0.69396228,0.64754456
0.95799518,0.95454317
0.59891450,0.42990908
0.81837237,0.87952393
0.55519098,0.80987573
0.76488280,0.68158633
0.85004020,0.96209157
0.66174638,0.77735543
0.86548609,0.91145277
0.83859837,0.89309311
0.34482819,0.53292096
0.89972413,0.96157050
0.85630912,0.87500000
0.85950094,0.82282609
0.81030667,0.91638511
0.57035255,0.58630854
0.91219991,0.93979931
0.78716993,0.59177703
0.81459665,0.89854771
0.78387535,0.72432882
0.54272664,0.63698202
0.90740669,0.93027323
0.63810658,0.56061918
0.80183798,0.77020580
0.51789784,0.42132545
0.89984792,0.94683260
0.95183092,0.90500355
0.94544929,0.94230771
0.70578331,0.65608561
0.66539168,0.74019837
0.85781395,0.70291167
0.34005085,0.44576421
0.71202803,0.90727490
0.82106113,0.94602466
0.29559869,0.33775628
0.90718460,0.95109040
0.89675903,0.91905427
0.56313217,0.50566500
0.87721229,0.90048444
0.61384183,0.59053195
0.94488454,0.97306174
0.71397120,0.75476748
0.23105264,0.33456340
0.90782809,0.96128732
0.72881341,0.81549895
0.84016955,0.85439688
0.80520111,0.85401893
0.81089604,0.85075760
0.93059832,0.95165145
0.92399746,0.92686504
0.32158196,0.48505858
0.94703740,0.95390511
0.83091891,0.80599838
0.87119359,0.90769231
0.78906083,0.79080892
0.79288417,0.90397990
0.61201572,0.36405113
0.90526098,0.87470949
0.81025881,0.93694389
0.70683670,0.79691780
0.74474674,0.78330952
0.89632559,0.96805274
0.59387445,0.76921332
0.91193271,0.93607086
0.66649276,0.72216403
0.76430196,0.94570917
0.49539068,0.78358960
0.16207534,0.22785492
0.24906920,0.30344516
0.92428005,0.97201425
0.89546341,0.92996705
0.37535593,0.49853569
0.69904721,0.71849275
0.77186739,0.95070422
0.89787227,0.88003707
0.71274841,0.83245796
0.72872961,0.69407368
0.95851362,0.97383201
0.78552890,0.84758884
0.91956687,0.91683120
0.92884082,0.84386200
0.93825966,0.90087718
0.59903502,0.79504013
0.87801063,0.90407240
0.92749470,0.88486165
0.39927152,0.47393841
0.87061834,0.81459248
0.61162519,0.65215379
0.63708794,0.70029688
0.77861172,0.76731455
0.72889161,0.65735173
0.79177082,0.87525922
0.40614405,0.51220894
0.81367528,0.79191267
0.90321445,0.83404255
0.93964273,0.95983928
0.35904765,0.36042839
0.83471906,0.80392855
0.93254125,0.85172158
0.70563674,0.72687620
0.88924605,0.92983389
0.89056492,0.95673680
0.87910730,0.95630878
0.86756730,0.97462410
0.89774328,0.89845413
0.85424060,0.79668605
0.95533395,0.88697374
0.86814159,0.86759579
0.67684752,0.88792294
0.90334797,0.93200159
0.90608764,0.93097031
0.88330334,0.85191262
0.36189869,0.43764684
0.90998429,0.95304269
0.95492750,0.92646158
0.37667549,0.39971015
0.73360020,0.67215383
0.17059270,0.25180703
0.80088186,0.81518060
0.85183144,0.86124969
0.85163432,0.81611842
0.78619236,0.84769130
0.65397322,0.50645941
0.09466571,0.08762792
0.25287187,0.21655035
0.87355047,0.88651985
0.72298455,0.83152914
0.89203137,0.82580411
0.51463610,0.56879222
0.56613034,0.51782811
0.95031083,0.92928571
0.62215436,0.61852694
0.84116572,0.87166262
0.55444026,0.56360048
0.87492579,0.86212993
0.69199574,0.78719491
0.26868403,0.27508554
0.83123314,0.04841315
0.77187812,0.80169010
0.52330899,0.68397969
0.91853487,0.91978264
0.76340222,0.94484937
0.32876232,0.38727298
0.82326323,0.90857321
0.85969007,0.89265734
-0.01155266,0.06653640
0.85856849,0.89169848
0.84841990,0.90864319
0.97893518,0.94609249
0.85223550,0.90433514
0.77454209,0.75037980
0.70072275,0.76231754
0.82524091,0.80713177
0.36718917,0.62611806
0.32236665,0.40342155
0.79202658,0.91816008
0.85263968,0.88266206
0.37786210,0.33628988
0.33155018,0.30961546
0.95571440,0.87369770
0.87873304,0.84653473
0.77440476,0.76207525
0.35060811,0.72625697
0.68654519,0.83388489
0.69029361,0.68317592
0.82026613,0.86365926
0.85681623,0.74751997
0.89060533,0.92639738
0.90501553,0.96173269
0.86956298,0.93501294
0.29079837,0.25788260
0.87599796,0.88248795
0.15441751,0.27713567
0.34299314,0.23388544
0.67466062,0.88203245
0.40684330,0.22875798
0.58740056,0.45881549
0.42522204,0.37987551
0.74202740,0.68915665
0.58960402,0.52350962
0.89311802,0.90397918
0.79610437,0.75808090
0.84888190,0.92827880
0.64361858,0.66389322
0.89544040,0.74797606
0.41201854,0.61400348
0.84168839,0.87679505
0.91983604,0.85100001
0.79378217,0.76419407
0.56162018,0.70871383
0.32489675,0.37168610
0.38967836,0.25433421
0.34775996,0.55558765
0.25923544,0.37943745
0.71870887,0.70826066
0.72548449,0.68231523
0.89897537,0.83614987
0.59099579,0.66354609
0.55727959,0.56455427
0.89297801,0.91570240
0.85495484,0.94852942
0.71064830,0.87019229
0.65221000,0.67060351
0.85221601,0.87860221
0.44848838,0.43408552
0.90605438,0.90430224
0.63034391,0.47454759
0.52015710,0.51738435
0.57357067,0.49768543
0.87085879,0.91897058
0.65714067,0.75338256
0.22867106,0.33257172
0.83677685,0.89344037
0.92351359,0.91629022
0.58633000,0.73072940
0.85230851,0.88801169
0.31937328,0.32324985
0.89002556,0.94017380
0.49728727,0.62384528
0.76264948,0.81833214
0.82513058,0.89733124
0.82170427,0.93570572
0.71202344,0.80914003
0.60127378,0.67290825
0.67428702,0.72541469
0.93268275,0.97580647
0.80742311,0.73941207
0.90206134,0.92059553
0.94224715,0.89386451
0.89348441,0.90226364
0.86949736,0.93188852
0.83506149,0.92187917
0.84979081,0.82926828
0.91898030,0.90646851
0.45903665,0.59047621
0.74449492,0.65952832
0.84351289,0.79450709
0.68862116,0.90077573
0.32197642,0.55291277
0.75084525,0.79394019
0.91530520,0.94914114
0.80031544,0.85851353
0.72989792,0.66111636
0.49241644,0.68265980
0.79229009,0.79583335
0.88834625,0.91269839
0.71945071,0.28492424
0.73333323,0.65308434
0.48547003,0.60615385
0.85961413,0.82792622
0.87019229,0.82487172
0.66944438,0.79496950
0.77007526,0.73055607
0.73447281,0.87011999
0.91636825,0.92416620
0.76663148,0.74605095
0.91695046,0.91570044
0.79412323,0.91728526
0.91592461,0.96706986
0.12064201,0.23533912
0.53016979,0.62380713
0.97356671,0.96905977
0.89365566,0.78756368
0.87047118,0.89470923
0.76506054,0.71027851
0.87587774,0.89061230
0.92416400,0.91687191
0.93387085,0.93857831
0.79511458,0.83492053
0.73733276,0.50351262
0.36070517,0.45799181
0.52670270,0.71102941
0.70874840,0.54235274
0.91070402,0.90381426
0.78609300,0.85565293
0.93306524,0.86322647
0.31653011,0.17943865
0.88474035,0.91248631
0.59952307,0.66569257
0.79286313,0.79492009
0.88439971,0.85245121
0.79910231,0.81559318
0.33030939,0.41204482
0.76672751,0.82869667
0.43260470,0.57735616
0.71506524,0.94763815
0.76560485,0.52567416
0.34722501,0.27283254
0.87416297,0.77820754
0.75052130,0.80371416
0.71383929,0.64583331
0.76582980,0.69887793
0.57201719,0.70807451
0.86723375,0.92517263
0.44230032,0.36639267
0.94472224,0.92623454
0.80278015,0.75976318
0.92087656,0.94687277
0.68503588,0.66178685
0.69496697,0.86329669
0.85397482,0.96053946
0.83443540,0.96490383
0.87603372,0.76452470
-0.06808397,0.04907224
0.75529218,0.73474181
0.76096022,0.84605688
0.81860566,0.80925405
0.88895220,0.83467120
0.80657911,0.87336600
0.74945176,0.80581552
0.32311636,0.29188052
0.77221090,0.90178400
0.91723663,0.96808511
0.95350367,0.90359366
0.89005917,0.94184738
0.33475360,0.37508628
0.61696023,0.57276696
0.32914820,0.31777900
0.83201408,0.72867787
0.31849980,0.45838079
0.88698024,0.96690059
0.68065310,0.76967627
0.88677818,0.84325379
0.74766815,0.77817506
0.62012529,0.78527069
0.89496255,0.88919914
0.70846081,0.47211823
0.73589963,0.81373334
0.89514899,0.92434543
0.86148584,0.90702969
0.36493495,0.36060503
0.74081981,0.79690802
0.89471364,0.90548658
0.86021912,0.74968606
0.83006161,0.85537040
0.93028778,0.94372815
0.67159051,0.63958174
0.21436161,0.29538941
0.83553290,0.87087911
0.76585805,0.78552634
0.78394020,0.80993885
0.70608538,0.64122051
0.50304604,0.90967745
0.91878432,0.94041324
0.67416751,0.66906327
0.91823411,0.85280538
0.81905431,0.77713078
0.87361735,0.90087938
0.46809983,0.36320755
0.61797976,0.80348140
0.43159389,0.45288461
0.78284991,0.80483484
0.79369050,0.66613168
0.53639698,0.45424199
0.89166021,0.80536550
0.55975688,0.58970314
0.89628398,0.86410403
0.89481091,0.93724263
0.65827990,0.79350895
0.96505636,0.94241124
0.73820210,0.09493448
0.68799859,0.70093668
0.84416544,0.91849816
0.46649978,0.77214825
0.94776809,0.91477275
0.15769610,0.19832759
0.82633859,0.77344030
0.87495053,0.81774193
0.59441102,0.74101347
0.77443981,0.79667425
0.28379273,0.39893100
0.76412779,0.75262189
0.90671647,0.97436619
0.46159232,0.58208001
0.91338694,0.85481483
0.80032957,0.65468109
0.87049949,0.92648536
0.68949276,0.74169868
0.93152207,0.96470946
0.23280568,0.14268395
0.87800884,0.85882354
0.91463059,0.96330440
0.81751919,0.82924050
0.79855353,0.77595627
0.51894176,0.44452891
0.82379842,0.84760499
0.64487016,0.63616735
0.82024777,0.75533837
0.85641062,0.77235162
0.94059139,0.92451161
0.45862877,0.52540648
0.83301049,0.87541831
0.76100022,0.86324370
0.92462939,0.92401743
0.88652533,0.79488355
0.73696291,0.81569493
0.90892780,0.91648656
0.62151402,0.78724122
0.73715031,0.81261754
0.91944432,0.89749157
0.76740199,0.54038197
0.62962079,0.41161060
0.35934812,0.27785650
0.83396971,0.83435541
0.92866749,0.93596226
0.68189925,0.66906357
0.26801723,0.09331770
0.64163744,0.70543820
0.41246009,0.39207914
0.46292537,0.66717333
0.81208533,0.76567328
0.86013865,0.87568682
0.96592909,0.93506479
0.67945033,0.70934904
0.90488011,0.90208632
0.37835774,0.35040271
0.66033196,0.85967463
0.87621915,0.82354587
0.69566679,0.61100799
0.59142274,0.69261646
0.91043472,0.92561406
0.50382090,0.67673612
0.86215228,0.86098039
0.93147969,0.97058821
0.81361902,0.73329091
0.56932938,0.55677921
0.59681630,0.68556148
0.97109354,0.90425187
0.92687905,0.93237972
0.90436095,0.92176437
0.76405746,0.75551468
0.93139178,0.94066691
0.87353218,0.91112089
0.77032071,0.79359227
0.47904068,0.65434331
0.53807253,0.66588682
0.82607937,0.88086140
0.77440917,0.86908519
0.93458301,0.92590219
0.31570762,0.27918723
0.67964256,0.75859374
0.42447099,0.60708481
0.87167662,0.88536286
0.71147543,0.82017541
0.86719722,0.85367477
0.55594522,0.29310322
0.85370523,0.75720918
0.85302365,0.84809572
0.78961813,0.90018588
0.86911458,0.90471417
0.79437780,0.83271801
0.83752656,0.92495608
0.85021138,0.80089670
0.58244538,0.62819201
0.71724057,0.87680167
0.26003140,0.18476626
0.56559175,0.65500969
0.86411411,0.86213160
0.91254127,0.88749844
0.75321394,0.68462902
0.62365043,0.60758698
0.62347329,0.44687781
0.60038960,0.54361302
0.87899536,0.89737171
0.31658429,0.33808678
0.90363026,0.93352044
0.81728822,0.88174605
0.72383440,0.67734772
0.58949709,0.60252136
0.42976090,0.47512907
0.73442841,0.71401262
0.86822951,0.85995477
0.66312039,0.70470148
0.58827966,0.72416669
0.89181674,0.92451495
0.89637691,0.89092827
0.61777467,0.48940939
0.88404584,0.85253119
0.66742754,0.72226584
0.81966102,0.82371795
0.77808946,0.72313339
0.76998520,0.69491524
0.48067552,0.28302512
0.77907181,0.66316849
0.84116691,0.78918386
0.77404088,0.86122358
0.67644334,0.61486304
0.94539261,0.93851012
0.87097335,0.86617076
0.27671206,0.21854033
0.91677386,0.86709678
0.56249821,0.44594145
0.75275433,0.70934421
0.75038421,0.57563108
0.74043357,0.84181809
0.90887713,0.89143956
0.38184774,0.33776334
0.92266935,0.88076925
0.69351161,0.62833571
0.74231952,0.65507013
0.53572345,0.54255599
0.91413575,0.94780439
0.87390393,0.84815168
0.91104305,0.96512538
0.86754698,0.94533569
0.15735403,0.13820100
0.70492005,0.63128549
0.92058396,0.87087184
0.86412984,0.77670741
0.72946328,0.57333332
0.74385422,0.73601484
0.76308590,0.60244495
0.92365640,0.93458170
0.64507294,0.74855393
0.85280329,0.85432756
0.92725068,0.90358436
0.61269939,0.36324245
0.92638826,0.90914899
0.37418029,0.23429488
0.67673063,0.67422217
0.80495042,0.91130614
0.80323070,0.86633402
0.58062100,0.45963559
0.86336088,0.93364704
0.88431323,0.90337920
0.85088581,0.88635087
0.85886765,0.86596137
-0.01098534,0.14238474
0.67053509,0.67353058
0.75303411,0.65959710
0.66213036,0.68902355
0.94296122,0.94130772
0.91817522,0.93890327
0.82540441,0.83010000
0.68544906,0.76870990
0.76725101,0.78508079
0.30802378,0.20129573
0.60492766,0.73593277
0.74643517,0.69652408
0.87849021,0.89276779
0.96381789,0.95815170
0.80645299,0.85358393
0.89402092,0.95081967
0.71949869,0.87386876
0.93101686,0.92785192
0.85590273,0.82240474
0.58984256,0.51847291
0.65860993,0.54570955
0.90675759,0.91483933
0.88955486,0.96159512
0.94425082,0.91969699
0.80856431,0.77557325
0.90496480,0.94213098
0.50308341,0.59547079
0.72590101,0.63316905
0.77654672,0.85747862
0.78420216,0.88942462
0.74069434,0.76581365
0.88376111,0.92413795
0.89582103,0.86388087
0.78555775,0.90184408
0.91218591,0.94159889
0.60290730,0.47769994
0.47454622,0.51582682
0.70951754,0.65855271
0.70552170,0.55837613
0.68357170,0.86041665
0.88437235,0.81261653
0.72494000,0.64788085
0.91737807,0.90757883
0.54660243,0.68867254
0.21846101,0.27033615
0.88382989,0.86742425
0.91310459,0.95296687
0.82163918,0.87668997
0.68832779,0.70405483
0.93286687,0.90872830
0.38348866,0.26891235
0.48919806,0.28844616
0.92569488,0.93867528
0.90563160,0.95836520
0.93176574,0.85400099
0.34948745,0.64777327
0.90852237,0.94413793
0.20700651,0.58318377
0.88511300,0.87031418
0.87203574,0.90730679
0.90633124,0.89260840
0.88592088,0.85858172
0.65723240,0.44202900
0.36398134,0.22620282
0.91384655,0.93948317
0.91207594,0.95407110
0.81083262,0.85167789
0.41428772,0.31044713
0.46024263,0.53255486
0.71446753,0.65804696
0.53868663,0.71916008
0.78083009,0.82708436
0.83314228,0.90111095
0.90005100,0.88809043
0.48877501,0.61163920
0.54297864,0.29148528
0.90788174,0.84470338
0.68922061,0.76190341
0.54813683,0.67272520
0.88823342,0.96080023
0.85642725,0.93525702
0.87903011,0.96389180
0.63754284,0.64065313
0.78172147,0.72689146
0.73622727,0.77282280
0.46259958,0.57794201
0.24493924,0.35547245
0.74722004,0.93001091
0.83535022,0.76111454
0.50174356,0.52020627
0.00985301,0.17866541
0.77168620,0.69835669
0.75468111,0.33899325
0.81403470,0.67985255
0.92908043,0.92778361
0.10448134,0.10347844
0.83521402,0.86087668
0.91751885,0.91655713
0.64732522,0.68643981
0.79552740,0.61396575
0.70190388,0.78740156
0.89314961,0.83333802
0.54597414,0.77130038
0.88499260,0.94031703
0.80252725,0.91185915
0.88343859,0.83411217
0.47864017,0.89218092
0.72654140,0.73265839
0.96252882,0.94374889
0.85355258,0.89110535
0.43075097,0.51438850
0.68830109,0.74140918
0.64477366,0.72272569
0.26783428,0.25613412
0.82638198,0.91926461
0.70043433,0.67595762
0.32012755,0.35258478
0.65819311,0.75138831
0.89875340,0.97033179
0.73702931,0.56723893
0.18061349,0.06769641
0.87934101,0.90299064
0.66179466,0.75866234
0.42813671,0.55458927
0.46224052,0.64275974
0.70149106,0.78007442
0.91999781,0.93749142
0.37413105,0.33064476
0.12020266,0.13935617
0.76420617,0.76309842
0.85016125,0.70236617
0.79266626,0.82342285
0.94213593,0.96078664
0.72118592,0.61427450
0.73817128,0.86798906
0.83979625,0.94516754
0.84511399,0.86344659
0.88983464,0.78021848
0.79453725,0.88256192
0.90727645,0.92800957
0.63204432,0.70984000
0.10502261,0.19401021
0.94043189,0.93364310
0.81343031,0.85556608
0.84632325,0.82829678
0.79790467,0.86018974
0.92197138,0.93216723
0.78751290,0.83884478
0.85618329,0.91721135
0.82981271,0.85417455
0.61793673,0.44195944
0.72322774,0.63091153
0.87541425,0.92968750
0.90642315,0.98076922
0.93089569,0.93113101
0.92240447,0.93695152
0.47692344,0.59340662
0.75307775,0.75494677
0.46027884,0.56511414
0.63484955,0.59271789
0.62078440,0.57225901
0.61339414,0.63688868
0.83205384,0.85099202
0.49556249,0.51166642
0.85618752,0.86235178
0.87904388,0.71102273
0.65646154,0.74606460
0.74249983,0.90601236
0.74452382,0.82942766
0.90228117,0.95560515
0.18769193,0.17277816
0.49566585,0.41530049
0.22223985,0.35408485
0.71832860,0.86810982
0.84971768,0.87404394
0.80421567,0.84020394
0.92894071,0.88895178
0.85297120,0.88835049
0.77838314,0.75410956
0.22298977,0.19355844
0.60793495,0.70774949
0.81286573,0.79755753
0.93049222,0.94196790
0.61831063,0.53551751
0.77717149,0.69441104
0.80700803,0.74720901
0.67200661,0.80436713
0.65793681,0.90191597
0.77316403,0.81031436
0.44511724,0.57670254
0.38061112,0.37342286
0.91520655,0.90213126
0.84409940,0.91887301
0.19522983,0.21821387
0.90821314,0.84253246
0.82647228,0.91629750
0.59928256,0.85547787
0.28694052,0.17727028
0.74578565,0.76651859
0.82642394,0.61042839
0.30232644,0.57232702
0.75837415,0.77196455
0.40973634,0.31979588
0.88285863,0.94718504
0.86016375,0.82682014
0.79167777,0.79161072
0.86737484,0.92636448
0.88069147,0.87543857
0.70508397,0.73408186
0.83591688,0.91348845
0.84669280,0.83029968
0.64482540,0.54387695
0.39476079,0.09005424
0.87674731,0.93725491
0.91729432,0.89542693
0.87631565,0.90824288
0.64108086,0.68916667
0.69734800,0.75555056
0.92124575,0.88198572
0.81377107,0.78076386
0.63499820,0.90701753
0.89617664,0.81612223
0.88922185,0.93109173
0.76212472,0.63605124
0.18717325,0.22940685
0.74746329,0.68094826
0.11654484,0.09789793
0.55919421,0.55041182
0.83491290,0.66631186
0.40342283,0.38241181
0.60742313,0.58136481
0.12888801,0.14239281
0.55563164,0.41961285
0.69379699,0.67160743
0.86129814,0.81496948
0.88231236,0.94230771
0.47160971,0.54797554
0.17954606,0.22549520
0.91752023,0.88494551
0.85238969,0.87281960
0.91800851,0.79909480
0.90293998,0.97513658
0.84392625,0.87907219
0.91101629,0.82881582
0.45068252,0.28370300
0.64248562,0.50191200
0.57286692,0.55876905
0.87609833,0.84394497
0.82233590,0.86643320
0.84325385,0.88522571
0.89856851,0.92619932
0.67328906,0.62764049
0.80994737,0.83414376
0.65652061,0.59026688
0.86285961,0.88969105
0.81896627,0.87930161
0.57809657,0.64108753
0.81111324,0.69405240
0.65048516,0.44936466
0.49716148,0.65328610
0.40200597,0.35587573
0.80053848,0.92472613
0.83015418,0.89193571
0.93779546,0.91976273
0.71847850,0.56158555
0.69921875,0.93181819
0.86939758,0.93839288
0.93924540,0.89677179
0.48235556,0.61343890
0.69920522,0.64621210
0.80287695,0.93771851
0.74054515,0.64251715
0.87462485,0.80676502
0.83945733,0.92940140
0.26567644,0.56573516
0.70137227,0.83414179
0.78238738,0.61239034
0.93329394,0.94537038
0.74539691,0.89517760
0.83469802,0.84082633
0.86705357,0.95478034
0.81123281,0.82629454
0.89951348,0.90221554
0.84751236,0.71525139
0.65875602,0.65284371
0.75515461,0.88858747
0.44334441,0.34324324
0.92668360,0.92129201
0.32487372,0.52965587
0.89034146,0.85662329
0.68825573,0.62984276
0.72161180,0.84014910
0.61615670,0.67456281
0.64057952,0.81367642
0.86272943,0.87737381
0.81688011,0.71979111
0.72137755,0.60012245
0.74134094,0.80896324
0.60167080,0.79903263
0.78868002,0.84898800
0.75935555,0.89979094
0.54809189,0.54217803
0.88666284,0.87184513
0.32504386,0.35023639
0.89410913,0.86972600
0.87542808,0.93309766
0.85536778,0.42963848
0.95977420,0.95238096
0.87673312,0.90292448
0.53234881,0.59359169
0.89338046,0.84764689
0.89821970,0.93941593
0.66488719,0.54642147
0.38053444,0.46075755
0.85415572,0.78745866
0.90944159,0.88140428
0.87413037,0.85532874
0.80057794,0.87586004
0.43650192,0.41097781
0.52686262,0.81294906
0.56373274,0.69873011
0.84982538,0.76341772
0.38010105,0.41939652
0.87272352,0.93331707
0.22430208,0.38063678
0.78867847,0.81461120
0.84223557,0.86356544
0.79943252,0.81888497
0.78669262,0.70126402
0.88672066,0.84600532
0.76819754,0.71799242
0.45995560,0.80576766
0.05693763,0.11573371
0.12186843,0.14471753
0.21732736,0.27370870
0.26277500,0.21802193
0.86743379,0.86745286
0.92561406,0.91761792
0.47378445,0.55567831
0.32604635,0.08684523
0.87489313,0.90174997
0.84949732,0.97752810
0.75731754,0.50587827
0.94253743,0.95787656
0.85603285,0.82811010
0.62493700,0.58943623
0.87675643,0.84034121
0.69004285,0.72468823
0.58967942,0.41787943
0.47020259,0.67524695
0.78426325,0.88715434
0.67134261,0.85143358
0.49580365,0.76572299
0.82080859,0.73267573
0.48405981,0.41130349
0.44287992,0.41253459
0.48002455,0.42333701
0.84096920,0.80225331
0.25799233,0.37073177
0.81603962,0.89083129
0.92639512,0.92635638
0.82752985,0.90638530
0.95342904,0.92786336
0.88792872,0.88932884
0.87077618,0.87222224
0.77327633,0.76081729
0.85217792,0.84429973
0.71807420,0.86156839
0.58233559,0.45977011
0.96852291,0.87298405
0.53914505,0.47832707
0.63899136,0.52225542
0.70292699,0.79806578
0.83747840,0.88583738
0.82900429,0.87263954
0.64676875,0.70811111
0.80488878,0.81082720
0.70322824,0.75315470
0.44259480,0.55298787
0.84692872,0.86960250
0.86149043,0.89337331
0.23733672,0.29517210
0.26265818,0.38227704
0.89014947,0.94754153
0.84980208,0.89941752
0.67742854,0.72067940
0.81824076,0.92671192
0.76448524,0.72892541
0.29010725,0.40477979
0.59964824,0.49698871
0.58331692,0.22254266
0.86152154,0.91021466
0.62764513,0.75062531
0.84740484,0.89143640
0.85605717,0.92778337
0.91851765,0.84831065
0.82847452,0.81224483
0.66518414,0.76156652
0.87129152,0.82895660
0.55370140,0.54846936
0.92162257,0.93164825
0.64299136,0.79267889
0.31007123,0.17075326
0.47728869,0.27600297
1.02035642,0.93757331
0.85254300,0.71526593
0.68346292,0.66985452
0.51667279,0.41604635
0.87947321,0.81719166
0.24899170,0.21320389
0.68986148,0.72617304
0.95406622,0.94099051
0.64633888,0.75108284
0.40190575,0.46733695
0.15455657,0.10089324
0.97999972,0.94463146
0.79563791,0.74892473
0.85027277,0.84465814
0.50769305,0.58803153
0.82752693,0.78171647
0.83763003,0.86781013
0.44385371,0.48348597
0.81497043,0.89264327
0.47810751,0.50515997
0.93578279,0.91790068
0.36539197,0.32206389
0.78040445,0.85796642
0.65478557,0.50573266
0.23875472,0.20284900
0.92474151,0.87166619
0.88818890,0.93390751
0.86228621,0.99810249
0.68525004,0.66365343
0.45628774,0.42079458
0.79186821,0.71060944
0.86664188,0.93063945
0.73308766,0.73101854
0.79419667,0.95595813
0.70790768,0.61693120
0.60697126,0.85039145
0.96873581,0.96496212
0.46190628,0.24882154
0.89730030,0.92705601
0.87157977,0.88428366
0.26906237,0.38980940
0.82928610,0.93256634
0.85380554,0.83937222
0.80412203,0.72542518
0.82834256,0.67465597
0.62632060,0.82082480
0.89212596,0.90278625
0.89277238,0.89822596
0.81019413,0.68520772
0.60570771,0.38532355
0.53539032,0.48704740
0.84204596,0.83126938
0.12866050,0.18162036
0.91450125,0.90208477
0.87624997,0.77817488
0.83972585,0.97225618
0.17264681,0.19789402
0.88419831,0.89963681
0.91780984,0.94377440
0.90920150,0.85839826
0.78649592,0.61078435
0.46096569,0.61413044
0.91206789,0.93711191
0.87670636,0.76545084
0.95345825,0.97058821
0.32845339,0.36443609
0.38575906,0.36312521
0.80266619,0.76708263
0.64746940,0.52937502
0.89007574,0.79024607
0.85259813,0.89081454
0.92657667,0.86110950
0.59521580,0.75369942
0.33737576,0.35006940
0.97008342,0.94548410
0.88021207,0.66498518
0.71715814,0.81830639
0.79885882,0.82892108
0.71798921,0.88184768
0.37857443,0.27616072
0.89189792,0.79850364
0.88492292,0.89065719
0.76795530,0.93086231
0.92027849,0.72998244
0.88931322,0.84679800
0.44269004,0.21632653
0.34855917,0.33326069
0.31460232,0.19183815
0.59321642,0.48743087
0.92450672,0.94407952
0.90614104,0.89401984
0.89795667,0.81552893
0.74586713,0.92807019
0.86120498,0.78325993
0.76084709,0.86732459
0.76278025,0.77313966
0.87649965,0.77454948
0.56666160,0.74046820
0.83688337,0.85392076
0.86660111,0.83129698
0.80923104,0.83756614
0.92942250,0.93528140
0.85661006,0.88186926
0.60197222,0.79381973
0.74985486,0.69688696
0.86906022,0.91922879
0.80878603,0.92652273
0.90243113,0.84664577
0.68040490,0.76540387
0.82540691,0.89585638
0.92708743,0.93859649
0.26431540,0.32080314
0.75683105,0.77245408
0.97714919,0.91573280
0.50690579,0.64191377
0.73659116,0.85057473
0.15470928,0.14787246
0.85578150,0.84416056
0.71040821,0.79087746
0.80447018,0.89317387
0.60811877,0.64391613
0.86312568,0.88299233
0.60342795,0.43194795
0.75985956,0.67963105
0.80988270,0.65176547
0.70428312,0.82643163
0.73663622,0.75226355
0.76675355,0.75716102
0.58696449,0.44025022
0.66590810,0.60747039
0.85968882,0.78223419
0.91051286,0.86879975
0.81963933,0.76255196
0.85642421,0.88927275
0.92776781,0.96808511
0.46628183,0.54241073
0.73769879,0.75661653
0.31371787,0.09863760
0.39567408,0.55715907
0.74890697,0.73624593
0.80817860,0.79540890
0.56034380,0.71696526
0.48711181,0.59149587
0.89902616,0.93978560
0.85661739,0.96419412
0.56422961,0.69525450
0.86204201,0.49738893
0.70677185,0.76723981
0.93884897,0.95720690
0.90682161,0.90099812
0.85400647,0.95794469
0.31341979,0.30288059
0.65582609,0.71082675
0.79400450,0.86419159
0.69579238,0.65958905
0.89479262,0.85815513
0.83032829,0.74333793
0.51074368,0.66988039
0.64972591,0.71070814
0.83042389,0.94148535
0.79593128,0.81313258
0.79715681,0.79290372
0.74399912,0.64735752
0.84117949,0.79436970
0.87663805,0.87596530
0.92778212,0.87224531
0.90901870,0.95764995
0.45268619,0.36092472
0.62776542,0.62922239
0.91732198,0.92874461
0.74256688,0.74860299
0.47317240,0.70526314
0.80463493,0.89749998
0.33901012,0.37449864
0.90460253,0.95026022
0.42754820,0.32028005
0.54809284,0.64425415
0.90047425,0.96162230
0.76346987,0.76695514
0.77725673,0.77394414
0.46870372,0.63053328
0.88548654,0.95596242
0.78896344,0.76823986
0.78085828,0.75105363
0.28893197,0.32566988
0.77600861,0.68333334
0.62136853,0.69332433
0.12084419,0.08037448
0.77457219,0.89220911
0.90201926,0.96814519
0.80212653,0.84479272
0.79195809,0.79338527
0.71755469,0.94954646
0.42864195,0.43284315
0.87425929,0.69583505
0.94046271,0.89440757
0.31732836,0.36039910
0.22991720,0.35332921
0.78295577,0.68539518
0.62959409,0.74256802
0.60811210,0.48081312
0.58936715,0.53971231
0.80915695,0.72615498
0.93089139,0.92392248
0.92388451,0.96382010
0.69010913,0.73432392
0.88195777,0.86331171
0.72820938,0.78166544
0.88025784,0.89899069
0.60980487,0.76608050
0.89463234,0.86064786
0.75567913,0.82148719
0.47988576,0.58672035
0.91079819,0.93351567
0.27394843,0.42465344
0.39148581,0.68576086
0.55904889,0.52576363
0.83622944,0.70784760
0.65725017,0.53574198
0.87015271,0.91157508
0.83267361,0.74523485
0.90141988,0.91091871
0.81602055,0.82977635
0.58179140,0.81792766
0.88001633,0.88826263
0.73150176,0.72435689
0.79802942,0.75868577
0.57431066,0.67637467
0.80520034,0.99567723
0.94902921,0.92606348
0.60318077,0.57397401
0.84543705,0.90356058
0.79076767,0.71961153
0.72639883,0.79880536
0.58559352,0.50130612
0.87497926,0.93789756
0.87937367,0.95311296
0.73035854,0.81991476
0.71848035,0.72814614
0.72030759,0.71362889
0.75621080,0.83389235
0.81759340,0.83451200
0.87651348,0.78860199
0.67418098,0.73657191
0.88095719,0.84061986
0.87558973,0.94540530
0.81513643,0.80648643
0.29170555,0.31366667
0.78466094,0.84796661
0.62361985,0.73351729
0.39626181,0.54718840
0.88851076,0.88162988
0.80205381,0.81057250
0.80801690,0.92400765
0.56920040,0.57354552
0.90871727,0.87233663
0.46827573,0.50428438
0.40426585,0.13711420
0.32408318,0.32454872
0.82245070,0.89262384
0.95837921,0.96363014
0.20226830,0.19509904
0.94172901,0.99425286
0.65224230,0.72651094
0.54856312,0.60988230
0.54416603,0.60228240
0.80303264,0.88930732
0.90074617,0.86408865
0.58133340,0.34537953
0.84410810,0.84377444
0.93452483,0.90561378
0.14956158,0.13695097
0.27341288,0.50378859
0.81035626,0.74292064
0.82242942,0.79004449
0.25952944,0.24258862
0.75294060,0.86763489
0.86764878,0.94272786
0.90509868,0.87228262
0.91664904,0.93089473
0.60165691,0.82659674
0.69406652,0.56715345
0.49016708,0.43750000
0.54607481,0.64929664
0.88785756,0.87730443
0.72648132,0.87369418
0.94080794,0.93460876
0.76725674,0.83190787
0.91092825,0.93884945
0.92347592,0.93355179
0.87973893,0.68113589
0.88715792,0.92294228
0.83183235,0.92998475
0.59078151,0.72939563
0.91022110,0.81197727
0.91532338,0.93533128
0.71641260,0.66155618
0.86193269,0.83815289
0.62957388,0.64594233
0.37451813,0.42381462
0.46604913,0.33714616
0.19062743,0.19290447
0.82709163,0.88418782
0.61903369,0.52502614
0.24966247,0.22745098
0.86381584,0.81343281
0.25600192,0.29205781
0.90053403,0.87623543
0.66604090,0.67069441
0.61354584,0.84294069
0.89019692,0.93773043
0.79100126,0.81463414
0.97964507,0.94401836
0.90721297,0.86678141
0.82657790,0.87521613
0.56696904,0.57271230
0.47698170,0.53940362
0.79553843,0.71821153
0.81899309,0.91012084
0.69269907,0.47917229
0.87459826,0.98165137
0.76510304,0.91362369
0.87629652,0.85909718
0.54810190,0.54266471
0.87270725,0.91173846
0.88092989,0.90658933
0.89093047,0.86791629
0.93819511,0.95744681
0.83303046,0.58418125
0.79634714,0.82290292
0.90969074,0.87208658
0.55331451,0.74011052
0.53290617,0.60045093
0.85184360,0.83905226
0.80794835,0.65093398
0.90340441,0.90899503
0.68744773,0.69546163
0.36546600,0.74472129
0.76915711,0.88727701
0.74690837,0.73769182
0.69373953,0.73922074
0.72063684,0.76217532
0.93087608,0.93277627
0.80141491,0.83050299
0.93124628,0.90052283
0.14628619,0.21194558
0.18674269,0.17284226
0.89186788,0.77059960
0.84801430,0.91963649
0.81868827,0.89316058
0.91847670,0.86691087
0.92262459,0.93498981
0.88739550,0.82219505
0.60288143,0.58228850
0.73115170,0.70582694
0.92804819,0.95121115
0.81692630,0.86135387
0.55184972,0.56164718
0.25151306,0.30777812
0.89240813,0.91045171
0.89337111,0.89441824
0.88001049,0.84645456
0.84464419,0.94160479
0.92478895,0.91924030
0.87823093,0.90334094
0.67551410,0.61994076
0.74283409,0.40143004
0.76555967,0.81551468
0.66200423,0.78577238
0.25984475,0.20197700
0.71154255,0.66645622
0.60029352,0.78876680
0.88045335,0.89681494
0.92535752,0.90065694
0.80458242,0.84817350
0.70937681,0.47467282
0.74796015,0.79190505
0.30821681,0.28224444
0.64789975,0.76277483
0.87528479,0.91742486
0.80638379,0.83657098
0.86000758,0.82361144
0.83287477,0.68787706
0.84412086,0.91034049
0.93308455,0.96686637
0.62528896,0.61069554
0.91323817,0.83503401
0.63939101,0.69078428
0.82989991,0.91370666
0.85435677,0.84787780
0.81346714,0.90089047
0.84425581,0.82089055
0.85900939,0.80405194
0.90151131,0.93518662
0.95283782,0.97240955
0.73207736,0.84013987
0.85619164,0.87225527
0.91707134,0.92179430
0.88095582,0.92888987
0.23034881,0.45072746
0.88148803,0.85822284
0.88354015,0.85104918
0.70558906,0.76822382
0.87172735,0.82194221
0.75442511,0.59787560
0.71204001,0.84872788
0.82415879,0.83742207
0.37791958,0.34439981
0.92224544,0.93610096
0.25188160,0.26666668
0.67982352,0.62235463
0.48085913,0.60673052
0.33791441,0.18010005
0.87147570,0.84380031
0.85638630,0.92732280
0.86173266,0.83649731
0.82514107,0.90593380
0.61567116,0.70613438
0.92233378,0.92788690
0.43687308,0.48370764
0.79824066,0.81176519
0.56382263,0.77148271
0.93123126,0.96093750
0.88595587,0.90387791
0.82225567,0.84759659
0.84708941,0.89461780
0.91213828,0.94208241
0.93191278,0.95119363
0.91856837,0.90923703
0.90031576,0.98130840
0.44092041,0.56146836
0.93675059,0.91173589
0.62170726,0.50154185
0.67787755,0.58893472
0.13965029,0.14646147
0.55794412,0.50424671
0.44556081,0.41088435
0.45984504,0.29401568
0.33683977,0.48030955
0.17382047,0.07546584
0.81064230,0.74223316
0.70932472,0.87124062
0.94864237,0.91920114
0.67263377,0.74406934
0.92539001,0.92366052
0.74549490,0.64682537
0.59881711,0.60321188
0.58805931,0.37818581
0.52958381,0.62571734
0.90250635,0.91259533
0.62352860,0.72680253
0.74348938,0.66029036
0.88960689,0.87170118
0.76305163,0.76955587
0.93459910,0.93319839
0.72228122,0.85587108
0.49102584,0.58505511
0.88471127,0.96349204
0.63386357,0.61569321
0.56744552,0.69259226
0.61862534,0.66327536
0.90354681,0.91928649
0.92757845,0.95802468
0.94941455,0.90012270
0.95193815,0.90114379
0.34907830,0.20503296
0.25788862,0.35523197
0.35187125,0.26745707
0.88692856,0.90437460
0.62798893,0.63581181
0.64124262,0.61104149
0.87346482,0.93285304
0.45866683,0.81210190
0.43938616,0.47129482
0.85372734,0.81258750
0.45318520,0.45364729
0.92082959,0.98169702
0.77986896,0.78268450
0.45859015,0.61704546
0.91322982,0.88990861
0.89850831,0.97045207
0.60410714,0.70130837
0.92734879,0.89285284
0.51353705,0.62724870
0.67125881,0.56385195
0.47876745,0.25637975
0.68039286,0.79500234
0.73572975,0.69508725
0.58549851,0.63013417
0.86877447,0.98334062
0.49572667,0.69055158
0.91447008,0.92383808
0.94294137,0.94218361
0.82011247,0.86891854
0.87865245,0.86367422
0.60022414,0.51754659
0.60671222,0.78297937
0.90721834,0.93371862
0.94180858,0.90143776
0.76680064,0.91566491
0.23815241,0.30468205
0.59396911,0.56979698
0.38886794,0.23250675
0.86627316,0.86995327
0.27215135,0.41469720
0.89585429,0.93900478
0.57649046,0.43546876
0.81712538,0.77786911
0.50781101,0.69936556
0.88948894,0.95305806
0.84071839,0.76403230
0.85592222,0.80402207
0.80215460,0.75223839
0.71696746,0.83078456
0.84452617,0.78764856
0.91162431,0.95811826
0.55014426,0.65855736
0.91125590,0.91666669
0.05379647,0.07999019
0.83941472,0.76587898
0.81298101,0.61953080
0.78966171,0.75495642
0.92514652,0.95080733
0.81342018,0.77038592
0.71184683,0.80060756
0.57997751,0.74267250
0.82479680,0.79971099
0.85608286,0.91238075
0.14975661,0.22217397
0.92169386,0.87666112
0.54869044,0.74300504
0.55646193,0.45698714
0.30644625,0.36278734
0.43296495,0.37106428
0.62071478,0.71309465
0.45419598,0.44977465
0.65094227,0.59016037
0.90876752,0.91565895
0.88925827,0.91120613
0.85724616,0.91013020
0.96287173,0.89345205
0.77093196,0.80820620
0.65780151,0.86757928
0.86720037,0.91666669
0.83662313,0.85315496
0.94036418,0.87983447
0.48823708,0.49665090
0.94806808,0.95381582
0.88122571,0.90521133
0.81873417,0.67910516
0.56903422,0.40959081
0.20808363,0.20271671
0.48822910,0.68091470
0.73015928,0.68552852
0.91820186,0.96753246
0.20760095,0.10126051
0.89942592,0.80754149
0.93282723,0.93436402
0.76506442,0.74362189
0.81166577,0.82724601
0.80977094,0.79828215
0.85700595,0.69347245
0.80625081,0.82698303
0.95070982,0.93198323
0.60541993,0.51811862
0.51925516,0.70439917
0.90461564,0.92944145
0.80189383,0.90636706
0.79680490,0.71667582
0.61343068,0.42832315
0.81175542,0.89857936
0.87476444,0.86661679
0.95975679,0.92589283
0.21110921,0.25634059
0.76898086,0.83868378
0.87099385,0.78827751
0.93095952,0.92849410
0.90237790,0.89989805
0.73298091,0.76666665
0.60316646,0.55991811
0.32473764,0.28589076
0.78624719,0.88310915
0.60754442,0.55888957
0.90034354,0.89850473
0.53299415,0.27880543
0.92895001,0.92014730
0.66622293,0.73731178
0.77220917,0.52108461
0.71022052,0.83567995
0.32400861,0.32528889
0.89073610,0.96169591
0.63719296,0.77822578
0.55704588,0.58068180
0.94982529,0.87170529
0.75704330,0.71845239
0.92098874,0.87380368
0.84472817,0.76607144
0.90212476,0.95326221
0.93076557,0.89258462
0.45497519,0.34081885
0.58985496,0.59745753
0.69410717,0.68646055
0.81222200,0.82647961
0.87607825,0.90271491
0.83495432,0.91725850
0.85789645,0.88718826
0.77918118,0.87114435
0.69901705,0.60120356
0.80427366,0.46852174
0.64884365,0.73190427
0.57552350,0.39402726
0.76122743,0.62926930
0.59830332,0.49691918
0.93926471,0.98701298
0.93030924,0.89826065
0.83511746,0.85449898
0.88941610,0.90821499
0.77212560,0.75923043
0.61293674,0.70555204
0.88237739,0.94282120
0.81667870,0.77347064
0.85168529,0.67157787
0.85730243,0.70553362
0.72690773,0.81201661
0.91597468,0.88078886
0.81236911,0.83578432
0.93824476,0.94103128
0.68269849,0.53107768
0.59785998,0.52988833
0.33477679,0.20009609
0.43787962,0.39013493
0.81434345,0.78663665
0.92954701,0.89193547
0.59916943,0.44416144
0.81801432,0.93978345
0.78164190,0.81386513
0.27672613,0.33039546
0.80548179,0.65399677
0.78947246,0.75515068
0.97671402,0.96022224
0.84731013,0.87657964
0.81934774,0.84198749
0.71315777,0.86983937
0.83661687,0.78114754
0.59277987,0.78111744
0.77272588,0.56970626
0.79995430,0.92520034
0.76802367,0.79707003
0.86731905,0.89074498
0.93702585,0.84968865
0.63718784,0.76813245
0.69304919,0.90280050
0.88435304,0.94572371
0.73147005,0.82553840
0.44606686,0.65357143
0.84747386,0.95462906
0.56198084,0.66510111
0.88346010,0.79662228
0.93277073,0.90443242
0.79957438,0.84760690
0.70109439,0.83841294
0.74698025,0.67039657
0.79814821,0.83207256
0.81414080,0.81657487
0.74323505,0.77877766
0.18743627,0.31129807
0.52347153,0.68655598
0.39785579,0.59858119
0.19534896,0.17453220
0.91648209,0.93983346
0.92105705,0.93475556
0.71746379,0.75798655
0.77200091,0.70731276
0.67255080,0.71174288
0.57479781,0.35124078
0.87033689,0.91406113
0.70886648,0.76807600
0.80576479,0.76313525
0.41541606,0.31278375
0.36798450,0.44432133
0.90112633,0.90317613
0.76576340,0.79202557
0.91574216,0.93099362
0.46815979,0.70170403
0.60555255,0.54166949
0.74909264,0.85633147
0.91814578,0.90139705
0.68730128,0.75012022
0.86029756,0.80881226
0.79936886,0.82235855
0.68876600,0.60790813
0.70598364,0.74700153
0.92400146,0.96954507
0.88399994,0.91812015
0.90141165,0.84948391
0.06018552,0.08566161
0.84613544,0.12643468
0.76116908,0.85046059
0.89464003,0.90807289
0.93184114,0.93888801
0.66367447,0.60186297
0.91102415,0.91981262
0.56395197,0.69896704
0.63692439,0.66550720
0.81729281,0.77146763
0.76444161,0.90429294
0.76660848,0.79958069
0.38605633,0.40756464
0.66350496,0.39721471
0.41014636,0.17623153
0.64766717,0.73163074
0.88603020,0.89707863
0.83976918,0.56689388
0.73521876,0.87054497
0.87419158,0.88084084
0.90463680,0.91818798
0.91699868,0.94163120
0.92003107,0.86440676
0.87679231,0.87353730
0.44196242,0.56899458
0.61740553,0.49455270
0.58550334,0.61777139
0.60691625,0.52595538
0.83922684,0.94755542
0.42110258,0.36901370
0.85839945,0.87933469
0.85569143,0.87507808
0.91124797,0.91969991
0.94355875,0.97183162
0.77210557,0.69854492
0.94064015,0.90601087
0.90296167,0.91934985
0.76532209,0.76273364
0.82191938,0.86068255
0.85919142,0.91656953
0.68011332,0.60021871
0.88641185,0.85117328
0.84858549,0.86987966
0.84797639,0.84303600
0.68043840,0.77068216
0.53402424,0.79150760
0.94455671,0.97414732
0.89133513,0.88803732
0.94969743,0.90785474
0.65796554,0.71074456
0.80615234,0.83252627
0.58669394,0.63190854
0.84983194,0.88191229
0.23601802,0.20976952
0.78734571,0.95288247
0.92314190,0.92028987
0.30238456,0.49156144
0.87578619,0.83364457
0.88606924,0.87213224
0.87114698,0.88528138
0.69215047,0.58817035
0.36373001,0.31286803
0.41752166,0.62922794
0.56574810,0.61418188
0.51775903,0.24347527
0.15533060,0.11873738
0.78086329,0.76134181
0.39353439,0.39613393
0.54435980,0.82008451
0.80823845,0.80440974
0.24658428,0.33329469
0.81953043,0.92367554
0.85799539,0.89866668
0.45550263,0.70171762
0.43542475,0.42954203
0.77405572,0.80566639
0.73083019,0.83036262
0.90525401,0.92585701
0.81512105,0.74073303
0.74912530,0.80979818
0.89170069,0.86962384
0.69972879,0.62326616
0.72676873,0.63095152
0.79561889,0.89482588
0.76049471,0.83699787
0.54629552,0.49342829
0.82834262,0.91283423
0.87472385,0.80642664
0.49733114,0.62330812
0.85432976,0.89504141
0.85821533,0.89152396
0.73842818,0.92405063
0.21385863,0.32725823
0.41126528,0.39709273
0.75734854,0.93515384
0.86973238,0.88094622
0.83155644,0.85957152
0.44156960,0.27339184
0.88434583,0.86980635
0.86261249,0.79888940
0.44872436,0.42548537
0.92465472,0.86160082
0.35139510,0.54627961
0.68800402,0.43585798
0.67659700,0.50837368
0.83498061,0.85884035
0.92219907,0.88307792
0.31968215,0.45987770
0.88598287,0.91107064
0.25252455,0.24315847
0.83610892,0.90119338
0.84526467,0.90645260
0.62995738,0.72031248
0.86739731,0.87706041
0.79234111,0.80713564
0.75857139,0.85912198
0.82115805,0.72882140
0.72986865,0.99019605
0.76658589,0.83900726
0.66697001,0.32135075
0.44614914,0.39172241
0.54873776,0.67829460
0.31535619,0.37510505
0.89512187,0.83604652
0.86767828,0.85988456
0.57100391,0.65158045
0.20775113,0.31108308
0.42660967,0.50334930
0.88017404,0.85481507
0.83026469,0.79130161
0.78532547,0.84695125
0.80003846,0.61887354
0.21498406,0.14263675
0.51677114,0.48690495
0.82996094,0.86300260
0.28560919,0.26383927
0.47386098,0.53753352
0.81099200,0.62433434
0.52049601,0.45224568
0.93656355,0.95352924
0.91587967,0.80819237
0.70066619,0.69459707
0.54948741,0.67878431
0.94274235,0.89837396
0.93719822,0.95400435
0.85828459,0.91041696
0.83747900,0.75858337
0.80200058,0.82003665
0.62464750,0.70340455
0.64847529,0.48337805
0.42019245,0.37991992
0.79762101,0.86611974
0.64222687,0.58784384
0.71166033,0.75064933
0.86745495,0.90627605
0.35128820,0.65292746
0.91741669,0.91074139
0.63281250,0.76752019
0.78581059,0.87040246
0.79336536,0.61211991
0.51877469,0.43487820
0.87772375,0.90623552
0.92358732,0.89944851
0.81912410,0.84052944
0.35419673,0.26004007
0.59561408,0.84988815
0.63943416,0.53417081
0.83711892,0.83466578
0.76536256,0.52981442
0.89990431,0.86218321
0.82302839,0.81845027
0.90566635,0.86103523
0.41904336,0.51631916
0.77088988,0.83559859
0.68973434,0.18303572
0.73437667,0.93627453
0.85654843,0.83944249
0.86901551,0.84463322
0.14343169,0.09526616
0.93454605,0.93244487
0.83654416,0.77100843
0.87934321,0.94883019
0.95331270,0.92723972
0.81871152,0.68794161
0.93347806,0.86485237
0.94562960,0.92160589
0.83297861,0.89840817
0.71909094,0.92906165
0.80929196,0.75259233
0.74323165,0.61574060
0.64643979,0.59257960
0.90224683,0.79675978
0.70953542,0.59789425
0.97237498,0.93469661
0.75756973,0.54686409
0.90893811,0.93159062
0.66348058,0.70015490
0.73927438,0.86223722
0.88096929,0.90609950
0.86849904,0.94830412
0.91555071,0.94938821
0.31827629,0.35658288
0.78133106,0.71201617
0.61782557,0.45272169
0.83802271,0.82881021
0.43389341,0.37209436
0.76972455,0.92400002
0.73277158,0.68304229
0.74705654,0.71880341
0.93694872,0.88179296
0.77561462,0.76571894
0.71079785,0.77197582
0.61412799,0.57446116
0.19765076,0.32542616
0.63944286,0.65605420
0.64370340,0.61134416
0.27768695,0.58115762
0.83047181,0.81293952
0.66792494,0.60676390
0.88647956,0.82358974
0.75965631,0.85777777
0.33131257,0.27318868
0.53890646,0.81480813
0.86759079,0.87839675
0.44844401,0.29782945
0.23774372,0.04680178
0.08745760,0.06657046
0.85133600,0.90623760
0.84976995,0.81647158
0.77145237,0.58619440
0.85850894,0.92981434
0.90325725,0.95986170
0.58212245,0.74702710
0.55979460,0.64082605
0.86656213,0.76300967
0.87412155,0.83017105
0.84004778,0.84848541
0.86414659,0.79630065
0.87405252,0.79869944
0.54759663,0.59406590
0.88013071,0.79819822
0.83608860,0.81499010
0.94613594,0.91630435
0.45858413,0.34444845
