Predicted Score,Actual Score
0.87164998,0.97402596
0.63284647,0.73417723
0.45190322,0.12823969
0.79188228,0.81259978
0.84770578,0.89496130
0.62951684,0.47500202
0.84719408,0.90291262
0.86879557,0.96124291
0.88804358,0.89341539
0.90501606,0.88575649
0.80775940,0.89799571
0.85512429,0.90173441
0.90485990,0.87073731
0.96569443,0.92330921
0.57892382,0.56876683
0.74252653,0.75344354
0.99850661,0.95312500
0.88354254,0.91624480
0.70725870,0.69825709
0.57436842,0.67295039
0.91609108,0.92591548
0.79630888,0.83874792
0.69912779,0.67183489
0.83336842,0.87838751
0.84287238,0.85806680
0.58800447,0.67744184
0.57531267,0.64183676
0.90778440,0.90314204
0.63930875,0.39795625
0.18033183,0.23219927
0.76937699,0.73923182
0.54007202,0.62878650
0.84208274,0.79866892
1.04471540,0.93340164
0.72502965,0.76762378
0.89817870,0.87750590
0.78190863,0.70610350
0.95108289,0.87274390
0.80996937,0.77471316
0.77143312,0.74017882
0.62768233,0.53162020
0.83510226,0.85185730
0.83249629,0.82243454
0.94060040,0.96494067
0.76931489,0.68949252
0.80600178,0.84601575
0.72458911,0.66256118
0.98243058,0.96178091
0.86719263,0.89498997
0.65990013,0.60363024
0.98106754,0.95655042
0.63721532,0.52236116
0.76231939,0.77376813
0.89772159,0.95441693
0.81989896,0.69354075
0.48915043,0.63580692
0.84906507,0.84415495
0.63625932,0.40421757
0.67383742,0.71092772
0.45742100,0.48772570
0.87076414,0.92003518
0.71155208,0.80931371
0.78882080,0.81769353
0.54196405,0.58732945
0.82160830,0.93263525
1.02811837,0.92334527
0.81936044,0.86228913
0.56620073,0.61061680
0.90594769,0.94150591
0.82969010,0.93775851
0.84551275,0.77325583
0.65870142,0.75315696
1.01329386,0.94875002
0.90785599,0.91922528
0.02274060,0.08555707
0.91221255,0.91582203
0.69727588,0.45671695
0.82825881,0.90770239
0.89067191,0.85985541
0.72617102,0.62730861
0.76228809,0.72826087
0.86218309,0.88688642
0.68393850,0.71479058
0.72101718,0.36846665
0.67701799,0.65540588
0.76694018,0.68428475
0.84932649,0.84891218
0.85941035,0.55244505
0.87145412,0.35617423
0.65679562,0.50777072
0.77209604,0.85436708
0.73519427,0.79423076
0.75164032,0.89748764
0.73315156,0.83244783
0.97209120,0.92120171
0.80524004,0.88900036
0.81677943,0.84893095
0.50717258,0.26438427
0.87838197,0.93618190
0.69751436,0.71952027
0.65832198,0.70891517
0.93850791,0.93338555
0.83176130,0.81782299
0.83690464,0.82515365
1.04329705,0.93354863
0.79290092,0.76575905
0.82925868,0.78066832
0.78444171,0.81996006
0.48793381,0.70684522
0.75982314,0.62531328
0.89894891,0.92056233
0.82791436,0.89564049
0.76054186,0.75606227
0.86801356,0.79218322
0.78261530,0.74072599
0.92190051,0.98071426
0.87627065,0.92811561
0.88109547,0.87471670
1.01547730,0.91462636
0.80069304,0.82258064
0.51655930,0.39279380
0.87271255,0.88937986
0.98218316,0.90602368
0.77349007,0.81310177
0.56201816,0.55831259
0.87158573,0.94914424
0.96587551,0.95865506
0.84606671,0.91876382
0.64924210,0.50917327
0.50932920,0.36498562
0.59243870,0.61657834
0.80231953,0.79741937
1.03309119,0.95239449
0.50106496,0.28675476
0.18377298,0.07518037
0.84185076,0.71153843
0.91223639,0.92348027
0.89763564,0.92421323
0.72909766,0.56428504
0.83456576,0.82616764
0.43787813,0.34419924
0.72581583,0.81334132
0.59742022,0.65832502
0.50756437,0.43220028
0.81988561,0.90905404
0.90328300,0.79105079
0.66236335,0.55054945
0.78028464,0.62651515
0.80285507,0.86879802
0.86244512,0.97530866
0.76508284,0.87283242
0.60468125,0.56747156
0.89789343,0.94212097
0.69934106,0.66474348
0.85258079,0.92114174
0.58979887,0.53451371
0.46113998,0.53433007
0.46514755,0.26161468
0.64974147,0.76617503
0.48580718,0.26211971
0.70559943,0.85384059
0.63421905,0.83106786
0.47750512,0.52025586
0.76662946,0.45982206
0.74782002,0.66571146
0.58231324,0.65996927
0.72395748,0.55469769
0.55351448,0.49744070
0.84863496,0.82678950
0.83628911,0.86687738
0.42672151,0.50203669
0.73362684,0.82179201
0.75119478,0.83482140
0.88339996,0.87538403
0.74723649,0.42339361
0.91675812,0.87560409
0.85177499,0.96667218
0.94870913,0.91998285
0.67393458,0.57792211
0.15300173,0.11602031
0.43310887,0.44695711
0.89781237,0.90727723
0.44321257,0.21682203
0.60189724,0.73896211
0.27462533,0.08269231
0.97628611,0.89456820
0.43565673,0.54569191
0.40596765,0.53317410
0.83570635,0.80749857
0.86860001,0.91145813
0.69538313,0.55948716
0.88163769,0.80233300
0.85662585,0.88644528
0.66858566,0.62116641
0.95183688,0.95716840
0.84061688,0.88170350
0.94573379,0.87957662
0.89424372,0.89387870
0.42613730,0.40693602
0.88694680,0.89572513
0.88137436,0.91693234
0.81602311,0.84765124
0.53061646,0.76251251
0.95839739,0.91515762
0.96184105,0.87500000
0.88007808,0.89019877
0.80598426,0.61056477
0.64014208,0.82854885
0.90983576,0.78734589
0.81029820,0.78923386
0.87513489,0.88581467
0.35555413,0.16648623
0.62546217,0.67439586
0.73545319,0.60586655
0.30665118,0.21057090
0.97704780,0.97528487
0.69017625,0.77255833
0.77982891,0.81333578
0.50414634,0.40319654
0.31486157,0.18734229
0.91483724,0.93949294
0.84451920,0.83993411
0.79352349,0.81172067
0.89821875,0.84017092
0.88002235,0.92468828
0.94653672,0.88304842
0.73704201,0.66082203
0.91017336,0.88372952
0.88144588,0.83225191
0.98091614,0.95003641
0.85193282,0.72066885
0.77962565,0.86759102
0.97385150,0.95790040
0.90051544,0.90465409
0.77592278,0.89721519
0.59021103,0.70557100
0.78814518,0.69692564
0.91672522,0.92170662
0.83135664,0.82425898
0.80668211,0.87733400
0.76096022,0.73381919
0.87003314,0.93076921
0.49323305,0.24927424
0.67845410,0.52957636
0.84558344,0.82738793
0.69037032,0.86590999
0.94455361,0.92802405
0.86139882,0.90368575
0.68094546,0.54557669
0.69904542,0.62063390
0.76130325,0.79854780
0.86941516,0.74737102
0.21176541,0.12833922
0.91005278,0.79881155
0.45175433,0.35335454
0.97795653,0.93185782
0.66608560,0.59370100
0.72412610,0.77021104
0.53117847,0.52511907
0.57674932,0.30528343
0.80602026,0.80870020
0.56205064,0.34392732
0.87898755,0.89617443
0.50154519,0.35266176
0.00370663,0.07075887
0.96371609,0.87498575
0.79373252,0.88172841
0.20500797,0.12780370
0.90137088,0.90276414
0.79191041,0.83361101
0.83793628,0.88522983
0.95274186,0.95717955
0.56467319,0.46015915
0.61236376,0.38126567
0.46761873,0.25172111
0.71150905,0.80265307
0.87752020,0.76514375
0.64962405,0.07320361
0.81331784,0.89524198
0.75776243,0.73342174
0.90625554,0.80329156
0.86354518,0.85264045
0.80966675,0.78269428
0.89511901,0.87559807
0.86294961,0.90807718
0.37150654,0.36312518
0.88478684,0.80876142
0.41735357,0.25291896
0.84365237,0.86300600
0.73410106,0.79727256
0.65169847,0.61340129
0.87945765,0.89284766
1.00947571,0.91649079
0.50045604,0.55881286
0.53383535,0.54536289
0.77614087,0.75468165
0.93998134,0.94361734
0.73140514,0.59260988
0.71024656,0.64701778
0.78833532,0.71809447
0.93159187,0.93402511
0.73965496,0.58740681
0.43293002,0.41599599
0.18408218,0.14241019
0.78537267,0.67805189
0.91472226,0.80217671
0.78942496,0.66494596
0.95602119,0.95568520
0.58153743,0.61684728
0.90639228,0.88004929
0.84024280,0.88933253
0.86198819,0.82872027
0.70273662,0.80215055
0.82291341,0.80901641
0.76529872,0.82661730
0.25043818,0.11900791
0.88419896,0.87948585
0.84126043,0.80047262
0.78438848,0.46851847
0.61588192,0.57297772
0.85553908,0.71595830
0.48790908,0.74690306
0.76780033,0.73192525
0.77442503,0.75357145
0.50466436,0.57308745
0.67899293,0.62363571
0.68305588,0.65479439
0.88596380,0.93142426
0.69354844,0.83667612
0.87806666,0.89990115
0.71640325,0.67989606
0.94452876,0.94007879
0.80939686,0.91771734
0.92675251,0.91071504
0.88030279,0.92906648
0.99917543,0.91549295
0.71993053,0.66958934
0.62973195,0.41143456
0.68639219,0.88174874
0.81851697,0.85992599
0.79223579,0.13107717
0.90134501,0.89474386
0.81732601,0.68202478
0.92481548,0.94682842
0.72369194,0.63246292
0.83346635,0.62972188
0.56715667,0.37559256
0.82883060,0.80065358
0.96407354,0.92087841
0.32127464,0.36875001
0.92166489,0.91927636
0.62305474,0.46600592
0.59529221,0.61411488
0.84772539,0.89916748
0.90573341,0.92163610
0.94399428,0.93200552
0.63911432,0.61390060
0.85201067,0.65883905
0.86172765,0.67633200
0.85534436,0.86915255
0.36036181,0.15155677
0.58878046,0.49106583
0.75242031,0.69213933
0.35031241,0.24906784
0.58823919,0.54263598
0.65777087,0.77467996
0.74414313,0.68409622
0.30734962,0.29139313
0.51704001,0.51904726
0.55414557,0.38562462
0.90378296,0.84973544
0.92284381,0.95088142
0.98662460,0.94298244
0.92781687,0.86500758
0.88807654,0.90359151
0.82525307,0.87472767
0.79744357,0.46424896
1.01286340,0.95084935
0.74490982,0.77117878
0.67839032,0.58342171
0.82360667,0.91828686
0.81575596,0.80697674
0.72774982,0.71942645
0.93468416,0.93650794
0.64641583,0.57005721
0.52409971,0.51761085
0.84501863,0.75609297
0.67647940,0.45612457
0.84881353,0.73582870
0.71847904,0.38604474
0.86685377,0.90181994
0.80919170,0.73497599
0.88058203,0.88957173
0.42380810,0.34808046
0.87552053,0.92061257
0.90391719,0.90839982
0.61538243,0.55831069
0.74081844,0.72351193
0.90708959,0.93805766
0.74113631,0.64244634
0.70904517,0.32544324
0.76544559,0.73041230
0.51728934,0.34453544
0.53987736,0.50486070
0.81994730,0.78953445
0.80505389,0.94339621
0.44106382,0.30385977
0.73224980,0.64590788
0.90965813,0.85407209
0.90579224,0.91231942
0.75972426,0.18738404
0.54668969,0.45740741
0.90639782,0.96041739
0.76125365,0.72167873
0.61448598,0.42158175
0.87581831,0.91804773
0.79066819,0.78965688
0.52412510,0.52184761
0.83611971,0.87190974
0.88311434,0.94274896
0.89300787,0.80571985
0.82903725,0.07899183
0.82811064,0.60848868
0.90205425,0.89148116
0.46110386,0.51343048
0.94832039,0.92359877
0.63874853,0.79474926
0.78034925,0.88637221
0.86357164,0.98275864
0.89231122,0.89629233
0.82515574,0.89764708
0.88879365,0.84450263
0.69197726,0.61614585
0.42852345,0.17829013
0.89632869,0.92699409
0.82110548,0.81618500
0.58125156,0.53220779
0.82998842,0.92192829
0.50631583,0.33106670
0.54639304,0.44288188
0.67215025,0.56109023
0.60025251,0.43951538
0.97563541,0.92528480
0.84731674,0.93086082
0.36242625,0.26050326
0.55820692,0.56626183
0.33432218,0.36328125
0.86250949,0.92448813
0.80041653,0.82105064
0.68442500,0.68381846
0.77867091,0.82598782
0.58710009,0.50071144
0.87106431,0.94360578
0.81685770,0.90516317
0.71925497,0.72879392
0.70792699,0.76458818
0.92967534,0.88809526
0.87016064,0.92989480
0.99017507,0.98217809
0.73593265,0.86826700
0.78071392,0.56681240
0.87389815,0.85920775
0.68495286,0.57705969
1.00273633,0.88157892
0.68943894,0.78612471
0.83183885,0.94624126
0.68053347,0.54118794
0.65731001,0.63134241
0.62178624,0.87279165
0.49215627,0.31614673
0.84015775,0.86965811
0.85806781,0.88306868
0.80869496,0.92385060
0.72928149,0.76888734
0.83477342,0.84614265
0.79625362,0.72766995
0.13176942,0.11512188
0.92318511,0.93403876
0.89432746,0.82826018
0.91113520,0.87306368
0.86631548,0.87089950
0.70678616,0.75645971
0.84506786,0.85018182
0.82938087,0.66416782
0.72577941,0.75797015
0.50167853,0.25341764
0.51955187,0.61868542
0.90587795,0.93299794
0.70281380,0.53369093
0.51493973,0.50543553
0.84328473,0.94818151
0.77588224,0.89948452
0.86071956,0.88830614
0.65194279,0.55795473
0.77605611,0.71386105
0.73378462,0.76758122
0.84600574,0.75173992
0.80169320,0.67453843
0.12138295,0.15517631
0.21284008,0.08621617
0.86109722,0.87846482
0.80361032,0.77368772
0.38026288,0.32831958
0.66244364,0.69556928
0.78315979,0.85143918
0.70314163,0.96383566
0.79583800,0.91259277
0.59181023,0.42557567
0.98846495,0.88128066
0.60862410,0.73436350
0.85931683,0.75521260
0.96860528,0.94178456
0.87273586,0.83820224
0.75906438,0.90534252
0.88507080,0.90604395
0.65016407,0.54397857
0.33485296,0.34042621
0.64031368,0.74213564
0.47203794,0.46721312
0.82067281,0.83787876
0.81656444,0.77691257
0.68776274,0.78463358
0.67689824,0.54062980
0.53138566,0.56309479
0.89249724,0.90254986
0.69905233,0.81804323
0.89182895,0.88422751
0.82198864,0.82250792
0.59576344,0.68953943
0.92444289,0.90570074
0.89097655,0.94573575
0.98317140,0.98872048
0.51310939,0.28900936
0.86081302,0.79104477
0.90092194,0.93850523
0.98218989,0.89795154
0.86058962,0.83737725
0.78164119,0.74095714
0.34918424,0.33032396
0.43133345,0.34530908
0.73981971,0.80003738
0.74877208,0.74438637
0.85020936,0.86483365
0.68341583,0.16271827
0.49134943,0.27488452
0.89287305,0.97891808
0.76909095,0.81934381
0.74134719,0.87059790
0.70719713,0.53162599
0.86057121,0.89136720
0.77030575,0.78222442
0.67673802,0.87974375
0.24343300,0.17347129
0.81638384,0.78741497
0.40110707,0.57768714
0.79573232,0.66176468
0.79576498,0.37600806
0.74761033,0.90059763
0.88149500,1.00000000
0.77598530,0.75333333
0.58110404,0.51879370
0.83639777,0.87455761
0.77393293,0.88170165
0.31072471,0.33645615
0.80646986,0.78451216
0.89963353,0.87897205
0.49965525,0.37231278
0.55224419,0.65100884
0.82149273,0.98514849
0.46604440,0.34342417
0.93629712,0.94150341
0.78772211,0.86278194
0.78001702,0.73398250
0.45892078,0.18351649
0.84614182,0.17508772
0.67419171,0.54235989
0.79470241,0.88377446
0.91041976,0.88747102
0.93426853,0.68725389
0.92439902,0.94704670
0.82554805,0.76789868
0.91715276,0.90375656
0.57674867,0.38664913
0.76197767,0.58123970
0.89367855,0.94471526
0.54510522,0.58785385
0.34278083,0.13317041
0.74728596,0.82111031
0.72183788,0.81927550
0.72420883,0.50737178
0.36149865,0.35793820
0.89015245,0.94668913
0.76081467,0.78106236
0.69510829,0.76445186
0.86046875,0.94601381
0.83678502,0.90634274
0.64548510,0.68380833
0.84883469,0.90094048
0.44601703,0.20601732
0.70005000,0.57549256
0.39345074,0.40170914
0.65399516,0.56870341
0.87288493,0.70322567
0.42152047,0.56885648
0.98702669,0.95232815
0.77098012,0.97230917
0.90442401,0.90798736
0.54149973,0.50279957
0.87069428,0.93726468
0.53315556,0.47462690
0.85104287,0.98611641
0.81026316,0.84835601
0.44326776,0.45559782
0.89456844,0.90083504
0.84341300,0.91296166
0.90467715,0.94327378
0.51400721,0.16424765
0.60330641,0.55503821
0.85864508,0.91661292
0.43646210,0.45925885
0.37943476,0.29532996
0.89488417,0.87887806
0.91954172,0.90586281
0.37942386,0.17696486
0.71085912,0.82478631
0.81081772,0.86314261
0.82123268,0.76869750
0.68202245,0.53705597
0.89305365,0.92538112
0.40015668,0.56055903
0.86867237,0.88629723
0.71218663,0.75627935
0.99352801,0.93670887
0.69292569,0.82308888
0.55073810,0.40456834
0.83648944,0.91089743
0.62814981,0.78777778
0.87175035,0.92911357
0.81338942,0.69113922
0.87489855,0.90190220
0.70376778,0.63666749
0.89405090,0.85641026
0.48518479,0.17829363
0.82712221,0.69058317
0.06872299,0.15327817
0.85765165,0.90101820
0.82803464,0.91109407
0.93708891,0.95047361
0.95222223,0.92647058
0.56455576,0.68912905
0.93710899,0.92720586
0.46047962,0.42086020
0.48023844,0.27375650
0.94176126,0.86971354
0.89669573,0.89973330
0.77494878,0.79886061
0.48659402,0.43711844
0.86419451,0.98076922
0.44063365,0.10615226
0.78179777,0.83466554
0.80123520,0.88856828
0.79088926,0.94647890
0.50816619,0.43639743
0.76260120,0.55140448
0.87707168,0.87530923
0.81283057,0.78524160
0.87490946,0.91887212
0.96182203,0.96458089
0.66703683,0.73625642
0.85393888,0.62658280
0.79884255,0.84385967
0.74896264,0.15565036
1.05349815,0.95704174
0.83571756,0.89234298
0.38019830,0.52842444
0.80574358,0.87819541
1.00576925,0.88687754
0.73673105,0.73830181
0.65378010,0.52949911
0.78732336,0.71129984
0.78363758,0.86401820
0.75831425,0.84465569
0.33703923,0.62325048
0.80691981,0.70629656
0.97758597,0.96345747
0.84023166,0.85711020
0.62118858,0.42282653
0.87941283,0.83812600
0.78275752,0.91418177
0.67029727,0.53076196
0.84956628,0.76756668
0.55810708,0.48365700
0.80661529,0.84386742
0.81292701,0.87472898
0.67329228,0.43295455
0.91188467,0.15256086
0.48697129,0.56848830
0.51555228,0.46316090
0.78726137,0.84844136
0.56605184,0.58766234
0.87511343,0.93451458
0.99763805,0.94434857
0.75613874,0.87548947
0.91483903,0.66451401
0.85696244,0.93750000
0.80356693,0.87782383
0.82252252,0.77662879
0.55931842,0.52112883
0.82085586,0.74080932
0.54626662,0.35436183
0.94611454,0.90838045
0.92945182,0.86874288
0.55258954,0.40221879
0.74611425,0.68074971
0.80509698,0.27570876
0.65113699,0.65938246
0.66976488,0.75972068
0.77658486,0.72567880
0.95402783,0.92263740
0.84589046,0.90852314
0.71893871,0.77347380
0.87358701,0.90735614
0.45915377,0.39060232
0.87045902,0.93160450
0.90323669,0.93575215
0.91018760,0.95952332
0.92953074,0.92662084
0.18997991,0.13453953
0.66305500,0.80454558
1.01377535,0.97752655
0.80735409,0.84678727
0.66906720,0.82333183
0.95764720,0.93022865
0.71872276,0.61199600
0.70777881,0.77859968
0.66860837,0.80725890
0.80504990,0.83139491
0.88667119,0.83583742
0.72654170,0.87042934
0.56975657,0.70664060
0.55008125,0.36685368
0.69015938,0.74097306
0.82395965,0.79255486
0.85985118,0.84913212
0.85847503,0.71875864
0.70509291,0.67011690
0.67705095,0.32683048
0.62741452,0.55766112
0.82862699,0.85989255
0.18923819,0.19367094
0.83646709,0.93538404
0.85688168,0.90991825
0.76021051,0.68539327
0.91206580,0.91759419
0.75573039,0.72106284
0.43588454,0.32704347
0.92754638,0.93608046
0.81167793,0.86502969
0.96591860,0.95979702
0.87767875,0.84799147
0.42403477,0.37755728
0.94384295,0.95145708
0.53609455,0.56290847
0.81896901,0.91645712
0.88198644,0.95285410
0.74411142,0.62650567
0.47082722,0.32072335
0.95243466,0.89240617
0.35935944,0.35028657
0.63496083,0.71653408
0.97610629,0.88588905
0.40933514,0.26666120
0.74612278,0.74499589
0.83473933,0.83351606
0.88241380,0.96326405
0.81608021,0.90768588
0.90602255,0.94939309
0.78105688,0.85437626
0.95315343,0.95850748
0.51422131,0.54287916
0.39762190,0.36428204
0.87265640,0.88704598
0.72812992,0.43425927
0.98227179,0.94929725
0.74661791,0.71067512
0.83981842,0.63700873
0.75502396,0.86472732
0.79329652,0.71541029
0.81284285,0.63905811
0.83162075,0.80315578
0.87139785,0.88850272
0.71624553,0.66753322
0.54676980,0.44647831
0.69688261,0.62124932
0.78479099,0.87901765
0.73435980,0.78030300
0.43323991,0.52420342
0.78465700,0.92205089
0.77925962,0.78166133
0.84082747,0.73881441
0.89799023,0.84031099
0.55812532,0.63799721
0.92839116,0.94316679
0.86990505,0.93215811
0.84332800,0.89567053
0.89661628,0.25329894
0.82508159,0.86700290
0.82508683,0.95950282
0.95532954,0.88489062
0.80671006,0.86976236
0.81885850,0.76693648
0.69577628,0.30950662
0.74175787,0.72567809
0.94540906,0.97021693
0.31463405,0.21486366
0.91964799,0.78550839
0.92985797,0.93685639
0.69808131,0.49767870
0.79977685,0.69782382
0.33324689,0.25678471
0.85919023,0.86602592
0.69925410,0.55377764
0.82091939,0.62692308
0.60907161,0.46017650
0.96175104,0.92502511
0.84033692,0.88770777
0.76239586,0.82881659
0.75265020,0.50868225
0.90746963,0.92674989
0.51319593,0.36921552
0.90756965,0.90374178
0.92344075,0.88365299
0.74695218,0.72280091
0.56487215,0.36578321
0.75169337,0.84963846
0.97978979,0.95857555
0.87019908,0.91486543
0.88305449,0.82511932
0.61821616,0.54123598
0.83783627,0.87810737
0.81851292,0.88048673
0.88074386,0.86632097
0.93460751,0.89029562
0.88913232,0.92037600
0.52337086,0.57556325
0.67692471,0.68744832
0.92548168,0.90070903
0.67986888,0.65185744
0.77672482,0.84777701
0.39648247,0.32695955
0.96671939,0.99002868
0.78359854,0.69989926
0.75219470,0.71813726
0.78475207,0.61200142
0.71780777,0.49263832
0.84564537,0.94070256
1.02878380,0.96220237
0.81270087,0.85051167
0.96653879,0.91666669
0.77928549,0.77461988
0.45307618,0.46426493
0.28461635,0.17483173
0.94778049,0.88480097
0.83498752,0.83754009
0.80678380,0.84317225
0.81691796,0.83602023
0.18386537,0.11402626
0.93610489,0.95478034
0.90098202,0.91940153
0.89989573,0.97209769
0.77927339,0.88014835
0.73760402,0.51186508
0.82660711,0.92653054
0.89210939,0.96006495
0.81398988,0.67934263
0.79703557,0.71043456
0.88726413,0.92495000
0.72833794,0.35361624
0.57880265,0.50788003
0.99086767,0.98148149
0.68918133,0.68704647
0.77439898,0.86311477
0.55613309,0.52732795
0.85936439,0.88892710
1.05177951,0.95763242
0.82129693,0.80791467
0.75691003,0.83319384
0.89264148,0.81443512
0.66418743,0.68139619
0.67441499,0.74045002
0.75009584,0.80992734
0.77410698,0.87623996
0.41040123,0.67512143
0.66465682,0.60962784
0.85561049,0.94444442
0.82523239,0.91606665
0.45615748,0.35512239
0.91971028,0.90430218
0.96792072,0.92204130
0.78586698,0.55746180
0.54502976,0.49128383
0.98458040,0.89216524
0.90965903,0.95149255
0.89961606,0.98148149
0.71888041,0.94337589
0.84553134,0.80992484
0.86292160,0.90847337
0.84447289,0.92484701
0.56709087,0.26357070
0.11984238,0.08537281
0.90723121,0.93373901
0.79859108,0.87512636
0.93380916,0.91501004
0.85403717,0.95940173
0.92534357,0.91044438
0.69460189,0.59308600
0.91414064,0.90087485
0.69817251,0.61900586
0.76177436,0.82157707
0.58595586,0.52896458
0.85987031,0.73947090
0.70107853,0.79045957
0.52568018,0.54188710
0.82327449,0.87981242
0.71789682,0.65378422
0.45257738,0.61596203
0.98036313,0.94051993
0.62429643,0.74266541
0.69585186,0.64204597
0.75586373,0.88051951
0.88111436,0.89543957
0.83295017,0.81695253
0.71754616,0.91156465
0.92186642,0.64776045
0.89123464,0.92656809
0.84040058,0.93346846
0.81687623,0.92307693
0.91216236,0.91433054
0.82224202,0.88171500
0.74025309,0.78515816
0.35506797,0.21394357
0.81808782,0.71412039
0.50855660,0.37766421
0.88172162,0.86475295
0.26458099,0.16192956
0.57467234,0.68831170
0.88573760,0.87214881
0.87629580,0.77392119
0.33987862,0.17979489
0.67087519,0.87428027
0.39898819,0.35305768
0.84641433,0.92311543
0.98591465,0.97734177
0.55215001,0.44297516
0.54552209,0.58479846
0.74506384,0.77450913
0.93081748,0.91695273
0.97616637,0.95487177
0.94383764,0.94533968
0.86806631,0.80533808
0.79464006,0.94351768
1.00308764,0.93783897
0.86986023,0.89982951
0.81070745,0.69699663
0.63949025,0.49800220
0.27189255,0.21694674
0.54937750,0.17383404
0.92679816,0.82614231
0.76270306,0.87852186
0.82591850,0.92970103
0.86602521,0.92205727
0.84729898,0.79311341
0.48366934,0.51911014
0.74831128,0.67791635
0.77846384,0.69121093
0.75153303,0.77200490
0.85834134,0.96604937
0.50525016,0.38564792
0.75293422,0.81436181
0.61673892,0.62727273
0.45325357,0.46962860
0.90616298,0.94494885
0.74259776,0.77758312
0.55499637,0.64672607
0.61905521,0.74681777
0.91019630,0.90649003
0.79178059,0.69499135
0.66884530,0.55331343
0.55813283,0.52941179
0.30413479,0.12279566
0.65609914,0.20196499
0.77581358,0.66119969
0.79236102,0.80784112
0.76789004,0.62730896
0.90762728,0.92794609
0.83556932,0.84856158
0.40565750,0.30643708
0.55345970,0.55393302
0.90382802,0.93758202
0.39872855,0.32155719
0.79016638,0.81454670
0.91201705,0.89606696
0.51918441,0.36516562
0.96319419,0.93428081
0.45039934,0.23690413
0.83225167,0.84717596
0.79375756,0.91078752
0.84671336,0.90155697
0.89436275,0.91223651
0.27579871,0.26881394
0.83209920,0.84800750
0.66635537,0.42078146
0.90644634,0.92582595
0.67453480,0.61574668
0.74035686,0.91927910
0.90546989,0.95104164
0.63391715,0.85549217
0.67406261,0.62375444
0.95691824,0.93637651
0.79580754,0.89367819
0.96257138,0.98437500
0.66519141,0.53379685
0.79185253,0.80090910
0.64234746,0.51022112
0.90386826,0.90876842
0.66254342,0.91176468
0.75311244,0.95534998
0.95362133,0.93555743
0.87256944,0.86466682
1.02692449,0.95430315
0.79990470,0.93287402
0.82732487,0.78593373
0.63699043,0.69455785
0.83039278,0.91957241
0.85251588,0.94464284
0.92780930,0.93530023
0.98533624,0.90274012
0.54604071,0.45755017
0.64467257,0.56770021
0.42485949,0.36953107
0.87807322,0.85556936
0.69520807,0.62952900
0.84584379,0.92032969
0.78092951,0.78991342
0.85083580,0.79022276
0.95460123,0.93898064
0.51940221,0.61570078
0.72785324,0.61032093
0.81816047,0.80869693
0.45270032,0.52065676
0.89824235,0.88971859
0.70905101,0.76950121
0.65216947,0.74825537
1.00546479,0.92996031
0.92893571,0.85084409
0.88338083,0.92322910
0.80715406,0.86068684
0.75610507,0.82627243
0.90137810,0.87418145
0.33607978,0.38190293
0.71575165,0.70674533
0.61042613,0.45081618
0.17044210,0.19908528
0.82336289,0.93265975
0.24923289,0.13550466
0.84702289,0.82801121
0.83683538,0.82499671
0.84283715,0.82292283
0.90209466,0.61613685
0.63755578,0.41865605
0.80067599,0.85303593
0.79221654,0.72537714
0.90923285,0.90746534
0.65363741,0.65970802
0.85944813,0.79149979
0.61357576,0.51734716
0.78574508,0.70596415
0.75487947,0.86146969
0.54374957,0.59412861
0.86859530,0.90554196
0.62548351,0.31699321
0.72810698,0.79235536
0.83538753,0.96315634
0.88437915,0.95144135
0.62214631,0.69962430
0.83118248,0.93211806
0.75850028,0.79020721
0.40083626,0.13364494
0.85104722,0.89458221
0.72191244,0.70245183
0.77226412,0.88117242
0.78556710,0.81967878
0.54585946,0.45043087
0.94474351,0.92016530
0.63545537,0.74292898
0.81964374,0.86784792
0.60880721,0.48134920
0.41112155,0.38352272
0.97992814,0.90179396
0.55352724,0.62159163
0.68605649,0.82353109
0.82700551,0.74484628
0.55529690,0.46226159
0.90078306,0.94724113
0.67519474,0.64109588
0.46109006,0.63318902
0.79273051,0.87730807
0.67308700,0.54174799
0.32681143,0.26134872
0.36070973,0.39796156
0.97816509,0.96515346
0.87175333,0.84253895
0.92064130,0.89035964
0.80983788,0.68880910
0.65433776,0.80264014
0.81554592,0.94652826
0.45778954,0.40216938
0.75297809,0.32936326
0.88455176,0.88440251
0.83983850,0.91058183
0.95842856,0.95819235
0.87554079,0.80141354
0.81204909,0.81881869
0.40065622,0.33966598
0.83937120,0.83845812
0.71268308,0.72067273
0.71482027,0.71464974
0.86272824,0.94552267
0.77302897,0.82677245
0.89377749,0.89366513
0.52455992,0.44353002
0.92555225,0.86284196
0.80524695,0.90117520
0.75633025,0.67239612
0.54886389,0.45512497
0.47388393,0.41031593
0.79108751,0.85483080
0.15136933,0.12402173
0.82800263,0.87717927
0.80573153,0.76724756
0.70851946,0.74839228
0.90590501,0.95609128
0.82542408,0.87540984
0.90029407,0.89596272
0.88327622,0.78938752
0.84577471,0.86691177
0.82837915,0.85494852
0.52865136,0.39591315
0.91781348,0.92033941
0.89252812,0.88691229
0.68912542,0.17861831
0.79595149,0.77333140
0.81747079,0.77242583
0.78231424,0.90382445
0.97604322,0.96130955
0.84043080,0.90178835
0.92746830,0.86821795
0.45179975,0.51038188
0.54145765,0.52354044
0.61530143,0.39061904
0.81431651,0.78983051
0.93674850,0.90608150
0.84784096,0.86151963
0.38103053,0.16620064
0.82699728,0.81705415
0.35971862,0.14033276
0.91122139,0.94849259
0.92505014,0.93695247
0.86811602,0.90225464
0.69627535,0.68723565
0.72144544,0.70983922
0.89076805,0.93921524
0.95596457,0.97331643
0.82512724,0.94247788
0.91248322,0.94023150
0.86705065,0.89014053
0.67315817,0.58158690
0.95769608,0.95213675
0.92241931,0.96273726
0.51284742,0.29339823
1.00543845,0.94588178
0.60151565,0.35537711
0.88498038,0.90648854
0.89814329,0.92760080
0.72885108,0.61439639
0.65370792,0.61636692
0.84815216,0.82331884
0.94469917,0.95866567
0.95387530,0.87172282
0.48424363,0.44508946
0.65355599,0.71611089
0.69941092,0.74423760
0.65712845,0.72952181
0.58943051,0.41164085
0.82645893,0.82517481
0.94817472,0.94793499
0.72540557,0.72894895
0.70052850,0.77467930
0.79156721,0.75584644
0.74407899,0.86081523
0.89796418,0.79092300
0.82160473,0.95771295
0.50119209,0.23065026
0.61987543,0.40575597
1.00521266,0.91637313
0.84092391,0.85944188
0.87636775,0.82319373
0.91950494,0.87709641
0.77645963,0.85654885
0.91878134,0.81987131
0.69086885,0.75668681
0.80586129,0.96326727
0.89972055,0.90877980
0.77275085,0.78017247
0.74442983,0.89659327
0.88910127,0.45434865
0.86560667,0.93550819
0.49919364,0.33236539
0.78243124,0.67126918
0.83311647,0.86809969
0.80717611,0.76524013
0.95101613,0.95311350
0.68872547,0.70298028
0.75724995,0.63070697
0.66745359,0.38904256
0.65248638,0.67159504
0.89355052,0.89412314
0.47341546,0.78604466
0.89400697,0.89639795
0.87132353,0.90183181
0.73075634,0.77594239
0.52825546,0.66692740
0.88694775,0.92419624
0.51459807,0.43101856
0.75074422,0.73391855
1.06191623,0.93786341
0.85428286,0.92271572
0.88728482,0.86316317
0.65967298,0.74612027
0.84422833,0.84178931
0.91143262,0.94119513
0.73702955,0.89251560
0.82634705,0.08616666
0.78428835,0.94889951
0.79992640,0.85838568
0.75217503,0.78195721
0.67224222,0.50961137
0.84814054,0.91318637
0.52494431,0.58032495
0.78796268,0.72058821
0.90399253,0.87648863
0.74198091,0.89723504
0.82680732,0.97198546
0.53848982,0.53174502
0.72701705,0.74054253
0.79931438,0.89807105
0.93475872,0.87314165
0.75822622,0.49803987
0.84151584,0.91567296
0.76058429,0.70998877
0.86382312,0.79656887
0.75962079,0.76658165
1.01220369,0.92745882
0.82849443,0.94270670
0.92490959,0.88472223
0.53197157,0.91358906
0.92424005,0.94486678
0.87141263,0.89864576
0.83443546,0.91669101
0.78102756,0.86409551
0.92631215,0.93267393
0.58784282,0.75018275
0.77597272,0.74797732
0.98663414,0.87692684
0.50699282,0.45611110
0.87476307,0.88962030
0.75167334,0.73376626
0.85178846,0.87730265
0.67585778,0.65064371
0.27118263,0.24327958
0.82494307,0.90283960
0.81858689,0.89793319
0.94919127,0.90713865
0.86411786,0.86267680
0.77572930,0.83767259
0.74047625,0.75043857
0.50104523,0.29342574
0.75018793,0.37517300
0.56699347,0.27144331
0.57930148,0.53353494
0.87487966,0.93888563
0.59614325,0.53177083
0.55022913,0.55553466
0.74858099,0.83362466
0.85713500,0.80975300
0.75172925,0.73159635
0.47681993,0.41099244
0.84364080,0.85301232
0.55668157,0.22399463
0.74342912,0.84236497
0.93787771,0.83059180
0.80366719,0.70978802
0.80389971,0.90175575
0.85758257,0.88496017
0.84732783,0.88146681
0.84879082,0.92958516
0.81997389,0.92494768
0.85008961,0.89472997
0.79235840,0.79526842
0.62406600,0.55668980
0.59894675,0.60080689
0.87794161,0.89541948
0.84313786,0.90695620
0.69919729,0.64195281
0.88889694,0.89309132
0.85401386,0.92199475
0.49262133,0.46343273
0.62354875,0.48762295
0.52809411,0.37766227
0.78301883,0.84082973
0.71923959,0.82466567
0.68090367,0.78476727
0.76406336,0.57847667
0.73401779,0.86685240
0.41282165,0.48266807
0.95716429,0.92900878
0.88966638,0.94202763
0.65806073,0.53758651
0.89577794,0.95274055
0.82112753,0.81160688
0.70508468,0.54689425
0.62752235,0.43769249
0.95409656,0.95743710
0.34271598,0.26628786
0.93060672,0.71685928
0.85381681,0.92110193
0.97659862,0.89462847
0.85722482,0.94512832
0.52928066,0.53698891
0.83605337,0.89818394
0.70871061,0.66532636
0.83407122,0.80210078
0.39371240,0.13075037
0.87981170,0.95270759
0.96440405,0.86370462
0.41275552,0.49028674
0.87819076,0.86971426
0.46719995,0.28106725
0.68345714,0.62579632
0.53642297,0.70767403
0.55185223,0.49142787
0.88454479,0.87161088
0.81304371,0.81364524
0.92911083,0.82076824
0.76575023,0.76398718
0.76121181,0.70944595
0.75094819,0.81606609
0.62477261,0.77454114
0.63885975,0.51892120
0.35182494,0.33438757
0.84918898,0.87753981
0.90562719,0.93807071
0.69956625,0.81902450
0.83098233,0.83854169
0.82092381,0.73578578
0.20754749,0.24476069
0.64140069,0.53281617
0.86259198,0.92047477
0.86794126,0.82710451
0.67883879,0.90542126
0.57028723,0.51606286
0.78763980,0.73391616
0.94907081,0.93402922
0.51149410,0.65666670
0.92711151,0.89485359
0.59604073,0.31634554
0.85329092,0.93243587
0.60239476,0.64970696
0.84680665,0.90725738
0.63614035,0.71543360
0.48441160,0.75549358
0.98098654,0.93879426
0.77957308,0.80238050
0.61154884,0.59600776
0.71288437,0.65135133
0.74295306,0.74812269
0.93844742,0.94710082
0.82031655,0.95040262
0.58680022,0.41656491
0.84153622,0.83460188
0.57210529,0.65000886
0.62545466,0.59144676
0.56102908,0.40970385
0.94322222,0.91748369
0.92206842,0.89698690
0.35540569,0.38408521
0.87094259,0.82805753
0.81320322,0.79830301
0.96382654,0.90281177
0.77256155,0.87611806
0.94822454,0.87324220
0.85851812,0.88167590
0.86730480,0.97204489
0.90644795,0.93010205
0.86105275,0.95964092
0.90160072,0.73860455
0.49310750,0.49867678
0.64643890,0.50132352
0.72218716,0.69505018
0.68433559,0.84510601
0.88542986,0.95837182
0.90557230,0.92829204
0.85009861,0.83752120
0.98804945,0.98404253
0.83675838,0.90488315
0.90260851,0.95265329
0.88476795,0.89866310
0.49888065,0.48596954
0.41738573,0.47469667
0.69234109,0.64932239
0.76456165,0.91496086
0.79273820,0.90919358
0.95760119,0.93144357
0.96209610,0.94767022
0.67186171,0.59418839
0.78604937,0.81429839
0.82321692,0.87630820
0.79792988,0.86969548
0.85103226,0.90734369
0.45578039,0.23983876
0.89139295,0.95225853
0.71800709,0.74336976
0.40413827,0.20974027
0.83061177,0.85911715
0.92581475,0.92190522
0.74181628,0.63594991
0.90260720,0.87459141
0.94692296,0.91888404
0.92530465,0.87656248
0.73118788,0.72008377
0.88822365,0.91064250
0.90743113,0.91873574
0.78639501,0.88412184
0.94988734,0.96045852
0.62919635,0.59251827
0.96601045,0.98125660
0.76191688,0.71476805
0.97672558,0.91274738
0.91953963,0.93771875
0.82535255,0.90582424
0.79779685,0.86909419
0.40414602,0.66639233
0.57107157,0.56607145
0.82688797,0.86414915
0.72177100,0.73283887
0.80697769,0.72567838
0.88572836,0.80612981
0.77956188,0.76363367
0.88403112,0.92203224
0.62202162,0.30417153
0.30907887,0.24640717
0.85021007,0.94013160
0.61831427,0.61984944
0.81562489,0.85978144
0.78480911,0.75075912
0.80272847,0.77610731
0.90684813,0.94225049
0.42363766,0.43986452
0.57075524,0.64820087
0.67057931,0.65961528
0.79380769,0.82529610
0.13355100,0.13065517
0.42213386,0.27115142
0.77887785,0.85416496
0.88881648,0.90534735
0.96234429,0.94278848
0.78400052,0.72029686
0.77357769,0.92424244
0.82553542,0.91895717
0.72843874,0.66417360
0.40707299,0.32791984
0.93053001,0.90549296
0.79747230,0.95789301
0.87883496,0.89080381
0.78237438,0.77852327
0.89471716,0.99382716
0.86314309,0.88186079
0.72234821,0.88710868
0.98160517,0.92620957
0.74492323,0.68692023
0.84137058,0.89170754
0.70891047,0.75865537
0.83437884,0.88659948
0.93725467,0.90233785
0.65982682,0.59161586
0.85221922,0.84202844
0.51428324,0.40008104
0.41764501,0.19608384
0.11298952,0.38803819
0.81506795,0.83664083
0.95197654,0.93995357
0.21750993,0.17202541
0.86100376,0.94480026
0.73146027,0.91060805
0.95926178,0.95128202
0.75677705,0.72880971
0.80692363,0.64410317
0.67182773,0.59747022
0.87268567,0.89400923
0.88191211,0.96926028
0.27196458,0.28936982
0.86980176,0.90047210
0.84862447,0.88663781
0.67412269,0.65250051
0.55528033,0.68346667
0.72396713,0.69276422
0.84965372,0.90303099
0.75782061,0.76921195
0.46516696,0.57899725
0.99902213,0.97542685
0.91294807,0.94569963
0.96454418,0.87832510
0.89938784,0.77567565
0.85494477,0.85220218
0.90118933,0.93093783
0.52141213,0.53888887
0.71317357,0.67654282
0.29611731,0.30169028
0.71058023,0.73221946
0.85533702,0.88268322
0.67121947,0.53039193
0.97703320,0.82138282
0.99851608,0.95707542
0.84219062,0.80100870
0.58494925,0.16196567
0.53948015,0.46990740
0.62871367,0.93861771
0.39232799,0.36217457
0.89380217,0.80709219
0.77182513,0.86199093
0.87821162,0.90178287
0.70472699,0.80542874
0.81217051,0.80751878
0.95771790,0.80104631
0.83734381,0.88718373
0.68899924,0.69739503
0.96372849,0.97984850
0.47350845,0.36426768
0.82665211,0.88705528
0.62576139,0.36864805
0.70009351,0.66977620
0.80660391,0.88403136
0.73301899,0.76571822
0.39816195,0.37886363
0.63354099,0.65493828
0.46076623,0.43489569
0.90737087,0.73532635
0.87554926,0.81124872
0.83941293,0.99519229
0.91099465,0.84344262
0.71401066,0.78308499
0.83326828,0.86333960
0.81013143,0.90753543
0.84531128,0.72476077
0.86908269,0.92074680
0.60946196,0.35370290
0.93770611,0.95396715
0.83528793,0.87761462
0.73115933,0.81144160
1.03399074,0.95044720
0.88516521,0.93787879
0.91272569,0.85638297
0.84640026,0.85987854
0.86140728,0.82632869
0.91210693,0.89242089
0.73941463,0.82250887
0.74278229,0.81279546
0.84928739,0.94034493
0.81525159,0.77992052
0.79629385,0.76553100
0.72016263,0.68906206
0.79101843,0.82355517
0.46359837,0.35938177
0.86264372,0.87345409
0.86704695,0.88898343
0.82093203,0.89636159
0.93509537,0.92429376
0.82220232,0.67505187
0.46056998,0.44651172
0.80613762,0.88253027
1.00555217,0.97088867
0.80904347,0.86081493
0.96765393,0.93382460
0.64139354,0.54484087
0.75876260,0.75259417
0.80490297,0.80454546
0.82377434,0.84909785
0.92184287,0.95265228
0.85179704,0.92188805
0.64774704,0.46306127
0.91741818,0.91840661
0.76947165,0.68427199
1.05787015,0.94943053
0.81735671,0.92813319
0.52711612,0.37271520
0.80146950,0.75953388
0.93989128,0.89450550
0.77896762,0.85920537
0.70634723,0.73107523
0.79605508,0.83104122
0.92509520,0.91353768
0.87802231,0.97617865
0.91716343,0.89562041
0.23241478,0.41411451
0.87981367,0.91535169
0.76624727,0.87848437
0.73255420,0.77436620
0.80311215,0.89726198
0.84489965,0.91848284
0.51715612,0.40602154
0.87156910,0.95445096
0.85741609,0.78282315
0.62799883,0.79333568
0.64805621,0.73695797
0.82341462,0.74194068
0.82422435,0.88089836
0.69529551,0.70376295
0.81442881,0.79222780
0.49465665,0.53284085
0.70531487,0.69232672
0.85512400,0.87362635
0.92264593,0.93315899
0.80593824,0.89847904
0.96615207,0.95048326
0.79340649,0.82544190
0.63197225,0.45111784
0.88175344,0.76526254
0.73299050,0.66666669
0.97754347,0.97847730
0.81767154,0.94832075
0.76646757,0.86359763
0.85215425,0.93086141
0.89947391,0.87737757
0.86982679,0.73550689
0.72205323,0.51974297
0.85152596,0.90886420
0.85786498,0.38720176
0.90993291,0.91401410
0.61551768,0.48355031
0.71777463,0.62408209
0.46625784,0.48662463
0.92125529,0.86647338
0.81865788,0.95473486
0.68778574,0.71931773
0.95115620,0.95317155
0.69005889,0.61325783
0.59656453,0.48577949
0.73093325,0.71954024
0.96531880,0.93052202
0.64176291,0.66256094
0.91933382,0.88869721
0.87342989,0.87507844
0.91353780,0.81792372
0.84979993,0.86819649
0.71739781,0.86218625
0.84749579,0.88602632
0.98391187,0.91711634
0.61455905,0.63773948
0.89788020,0.89752495
0.94748926,0.93743151
0.66164804,0.49827948
0.76101840,0.88587773
0.77364290,0.77601486
0.81023133,0.85811526
0.80118972,0.85945159
0.75243145,0.70968443
0.59277540,0.61327791
0.89215982,0.92292207
0.87268567,0.82941765
0.73205543,0.66451561
0.75103623,0.92823392
0.83750463,0.71632773
0.88755482,0.94417560
0.73600423,0.68505210
0.90252733,0.91002417
0.94645238,0.91359538
0.72050476,0.85673094
0.67426693,0.70807981
0.79314053,0.76070392
0.22040233,0.13729459
0.74857867,0.68835652
0.67367566,0.72137666
0.74773061,0.82629925
0.92635280,0.86523712
0.58126968,0.59538245
0.08658496,0.15473181
0.81772542,0.73120302
0.61548442,0.72034764
0.77979702,0.81581563
0.60402679,0.49250498
0.92538613,0.92217743
0.74541950,0.81998229
0.78812349,0.74506533
0.75515217,0.66413325
0.52441365,0.50783974
0.85859764,0.94408256
0.48815188,0.37030447
0.81614101,0.87927926
0.71927643,0.53091592
0.85901439,0.95057774
0.83164132,0.80528605
0.58614361,0.37589082
0.90795231,0.83684266
0.92527163,0.97540987
0.53671503,0.62377995
0.59570873,0.48037428
0.55072170,0.46269619
0.82435310,0.93457288
0.84648788,0.80866539
0.86177003,0.89903843
0.70574325,0.84958625
0.74845231,0.61506706
0.90701246,0.76880431
0.86128771,0.90974027
0.71320200,0.79691225
0.60830075,0.87143034
0.78701705,0.76363635
0.45377019,0.40563783
0.74811286,0.74708658
0.91732168,0.97692186
0.49663323,0.42828083
0.93945885,0.92113245
0.85433364,0.83368820
0.93592358,0.85752261
0.79618049,0.89205337
0.66696823,0.55848861
0.87428671,0.92058164
0.92815566,0.86682916
0.85297084,0.86542338
0.72559774,0.34309050
0.28576213,0.10223510
0.83241111,0.85050559
0.78560257,0.79062480
0.94881678,0.92328155
0.81623393,0.97340423
0.52098346,0.40775433
0.80411190,0.75948274
0.74628931,0.78137255
0.81356162,0.88627803
0.79952312,0.81695038
0.72487849,0.75612265
0.30201939,0.15788215
0.82488590,0.92603093
0.73946756,0.62210047
0.41551292,0.33476782
0.83851415,0.83544338
0.82391977,0.88758588
0.86652136,0.78805077
0.49284163,0.49801278
0.56088752,0.60709095
0.77693021,0.84692925
0.84483492,0.72917205
0.90022004,0.90947235
0.87551147,0.91117525
0.99478561,0.93593907
0.57515055,0.60444576
0.60746926,0.73260748
0.73518121,0.66800827
0.85457826,0.90116984
0.56609356,0.66688097
0.97730613,0.94407284
0.76544952,0.83050269
0.95991611,0.96413970
0.40729409,0.30929348
0.89605671,0.93405366
0.79617459,0.84988165
0.83051741,0.85200143
0.18844008,0.11235981
0.77902162,0.70359343
0.85925627,0.69242609
0.80718124,0.85500002
0.75504971,0.71504486
0.60719019,0.56811988
0.68926626,0.84428191
0.76929337,0.45439693
0.69735730,0.62743056
0.35770974,0.29696268
0.81229246,0.85932982
0.77973086,0.85385585
0.51597834,0.52152991
0.47556853,0.50629544
0.91448367,0.92316020
0.89747334,0.88298571
0.81410134,0.92222607
0.84114861,0.85558599
0.79494750,0.43593705
0.96455228,0.99253732
0.34477904,0.19189817
0.68956167,0.55577368
0.95014334,0.92915082
0.24731255,0.17149614
0.97356611,0.90909094
0.50617653,0.48133001
0.26154584,0.26531985
0.40805072,0.34279943
0.76292735,0.94318181
0.16291517,0.16805555
0.98035926,0.92390758
0.92222637,0.90907645
0.88943613,0.90473849
0.78830588,0.60401648
0.97330624,0.94725490
0.65079576,0.51886147
0.86026871,0.90454543
0.84425056,0.89266211
0.70099366,0.63306081
0.77168614,0.80605441
0.60374939,0.49109986
0.89861488,0.93343937
0.85676748,0.82869685
0.87368077,0.76971161
0.63166809,0.75072098
0.62427700,0.59973037
0.87672377,0.93272662
0.24164352,0.16096221
0.76553309,0.83236551
0.23722744,0.14895315
0.78320098,0.74707866
0.63041484,0.32226485
0.46538174,0.56694961
0.91763687,0.89686990
0.97272396,0.94380414
0.59039319,0.72198862
0.35397354,0.33630988
0.72912979,0.79918033
0.73169422,0.80353743
0.86684138,0.77578127
0.81528378,0.85983205
0.58141196,0.79289818
0.95721066,0.17597333
0.42167261,0.27355328
0.75618911,0.70210099
0.83692551,0.90981239
0.87224185,0.80974191
0.94249588,0.94101930
0.81609011,0.74400544
0.73090070,0.47822964
0.86821580,0.88957387
0.83446884,0.91254580
0.72517073,0.81035084
0.96867228,0.91257709
0.49162525,0.41389197
0.79599559,0.85481483
0.79112762,0.49117348
0.85827088,0.91156292
0.52004528,0.41237518
0.83704001,0.73316973
0.84440535,0.90417427
0.87311190,0.84203482
0.95722353,0.87100881
0.73863864,0.64989978
0.72619444,0.66030031
0.73374444,0.84235799
0.61625528,0.53175914
0.47567689,0.42613587
0.80050671,0.74045897
0.88206261,0.92179739
0.82707965,0.83363283
0.73873341,0.74972790
0.86584753,0.93267393
1.03098953,0.90011698
0.78189933,0.80131948
0.60082817,0.68642855
0.81428975,0.81843573
0.73981977,0.70556027
0.72777182,0.86710781
0.72149009,0.88317168
0.91840374,0.53268218
0.66686660,0.71708071
0.53116536,0.49782473
0.68224531,0.63613039
0.91204417,0.95715326
0.88315392,0.94849253
0.49789092,0.43774909
0.90611577,0.80915117
0.84116995,0.92648935
0.87997997,0.90317327
0.86667478,0.88832200
1.01180160,0.94523060
0.83627963,0.90917122
0.45657468,0.51725292
0.82559252,0.93333334
0.92642379,0.95148885
0.37920606,0.49638805
0.74027884,0.88987964
0.56692290,0.52429187
0.71118784,0.76684982
0.90538746,0.92035741
0.79403448,0.60529757
0.68828523,0.59092259
0.79387134,0.57391024
0.68371248,0.77398944
0.75994569,0.80154157
0.90399802,0.90063465
0.96484387,0.94029009
0.80576998,0.82723516
0.41027540,0.32289064
0.60495526,0.58769631
0.58531594,0.56708324
0.90506375,0.88732040
0.80117238,0.83375001
0.81710148,0.83192021
0.87078881,0.87247783
0.69115692,0.75191194
0.57576799,0.54102367
0.64287299,0.58003098
0.46320108,0.43387705
0.92112041,0.89318383
0.91433954,0.97521418
0.88451278,0.92824352
0.98367506,0.85440701
0.58495092,0.24134728
0.66345233,0.46230251
0.81098956,0.95507568
0.87292945,0.90797651
0.86669743,0.87545484
0.71759653,0.55882353
0.30064541,0.41450471
0.94862705,0.94064313
0.78030699,0.79514021
0.76010919,0.62104017
0.76257205,0.74635702
0.68761152,0.74321967
0.63572848,0.64693373
0.57561874,0.64818114
0.80496532,0.81084216
0.89955479,0.94846493
0.85819888,0.85275441
0.25654140,0.16919251
0.67250639,0.73777807
0.78793287,0.60520834
0.77648449,0.72881877
0.31842932,0.13987172
0.83071470,0.74972749
0.53776103,0.57779288
0.83708584,0.91396326
0.51444000,0.49417111
0.90915793,0.90073121
0.63110936,0.68355483
0.46982566,0.45858580
0.56416428,0.59835202
0.65271813,0.60581255
0.63673776,0.27689710
0.72005290,0.88675213
0.87094468,0.89387077
0.84760571,0.86072850
0.88290036,0.90895396
0.31967312,0.12685186
0.81320572,0.94719952
0.93422222,0.80947930
0.77496862,0.87093079
0.71504152,0.53754151
0.71439362,0.48074982
0.77552760,0.70175231
0.69158226,0.80138272
0.45503500,0.18914123
0.77728176,0.89991969
0.80401433,0.90664697
0.90455163,0.92192310
0.82106131,0.70954633
0.64586246,0.64516598
0.87642765,0.93934959
0.65301991,0.68070573
0.84480810,0.78901410
0.34135768,0.25915682
0.95702469,0.93755049
0.76553202,0.78349674
0.56816322,0.30113637
0.76620293,0.79827219
0.68566012,0.70221823
0.91754216,0.96412265
0.30885643,0.30938494
0.38152558,0.24587674
0.84215796,0.91239721
0.58699429,0.43103448
0.78943920,0.65319914
0.89506030,0.91233766
0.62946820,0.55924815
0.72208899,0.89297050
0.89284664,0.92712766
0.70632350,0.65528846
0.87012732,0.91641706
0.77677798,0.91049892
0.74111897,0.72620887
0.77629369,0.92000842
0.96691513,0.90261990
0.82454324,0.94229674
0.82045025,0.74520206
0.69006956,0.70211607
0.89735043,0.98922598
0.70093244,0.69567865
0.75300145,0.91332501
1.00488830,0.97619045
0.90700996,0.91140813
0.95483232,0.97933853
0.86238146,0.92179483
0.83477676,0.83434474
0.53360724,0.43875387
0.31964007,0.12598751
0.84561932,0.80515140
0.85795492,0.78235292
0.81771851,0.89587718
0.95262671,0.92665416
0.72048342,0.64506000
0.68388629,0.73887980
0.84839272,0.92082554
0.82739943,0.89070284
0.85381842,0.66290534
0.87305784,0.94156039
0.71134460,0.53559911
0.78772980,0.70679015
0.82924205,0.87731093
0.85178775,0.91074419
0.62494630,0.52660644
0.73226255,0.69846857
1.06318426,0.92421627
0.84984940,0.86835557
0.52821440,0.50482512
0.77663249,0.82318991
0.35173219,0.30889091
0.63016033,0.55752653
0.39454818,0.31595987
0.65093303,0.83333331
0.38919938,0.33849600
0.71524262,0.79298246
0.89424121,0.71165258
0.55413961,0.31763548
0.59376115,0.39099726
0.77724838,0.73548859
0.31311131,0.34459993
0.81724721,0.88075078
0.84015602,0.85386860
0.79304075,0.84730196
0.92580497,0.84439600
0.71919906,0.89345825
0.79749060,0.78287286
0.83501166,0.90166646
0.50373167,0.49553746
0.84697163,0.90880620
0.87570274,0.84768492
0.80508906,0.83387977
0.90846449,0.75215387
0.82586807,0.76766616
0.73270291,0.53104299
0.69149649,0.81340581
0.75100267,0.75326777
0.63080835,0.51244235
0.30481961,0.34693033
0.87157810,0.79598188
0.96023828,0.90986842
0.58719134,0.45630932
0.92622578,0.89654469
0.63943899,0.68593282
0.59654498,0.60692453
0.88495213,0.84840775
0.53811872,0.35541871
0.64255184,0.63192332
0.73794287,0.77879041
0.40912551,0.39656276
0.90873945,0.94523376
0.74866402,0.63374132
0.75620353,0.98275864
0.80581892,0.85287970
0.37427098,0.18073878
0.58141577,0.67013109
0.88918865,0.95277780
0.82225084,0.70886618
0.87799400,0.94090909
0.25441781,0.37231132
0.74687254,0.79828602
0.84200734,0.78862488
0.17178589,0.14017177
0.68177694,0.86554027
0.97632575,0.95667285
0.84403354,0.84633219
0.85834986,0.96923077
0.91771263,0.89775115
0.67476535,0.64714241
0.84528869,0.83513546
0.60005671,0.72588235
0.85795164,0.84754902
0.62742668,0.71759260
0.67838824,0.70015180
0.77896065,0.75465667
0.37097126,0.41527238
0.88625342,0.85904509
0.83678758,0.74544257
0.70166588,0.70368671
0.86955613,0.96376812
0.92283374,0.99275362
0.83349842,0.82435900
0.48018104,0.59803253
0.79880369,0.82986039
0.62031746,0.63351828
0.76354480,0.81027752
0.90961754,0.95262128
0.66936231,0.80894148
0.88696754,0.85415053
0.70607996,0.22454269
0.75384188,0.83595204
0.74171293,0.70385230
0.85785085,0.85160822
0.15839884,0.13069455
0.98134232,0.95625663
0.54080248,0.44530153
0.72847807,0.84039712
0.36260238,0.43346915
0.76036441,0.89800197
0.92895198,0.90875059
0.87481260,0.82030994
0.82067233,0.79763937
0.46221870,0.24452288
0.87543458,0.83806610
0.76967347,0.65213674
0.73208368,0.57287008
0.84937543,0.92304611
0.81199121,0.94978607
0.54399431,0.64651471
0.86276770,0.86218202
0.90144432,0.91463667
0.77355027,0.84729153
0.74605989,0.75903976
0.52971220,0.45269471
0.94211030,0.92181176
0.99685818,0.95691174
0.83010888,0.79957718
0.81617707,0.87323833
0.84048253,0.62049538
0.76490676,0.83840066
0.88467836,0.94470590
0.80927140,0.63815278
0.83560914,0.81925821
0.78856421,0.76926482
0.87050760,0.93142217
0.75213373,0.64008701
0.86223608,0.83216071
0.81183201,0.93350875
0.75321794,0.83468765
0.88450408,0.91225690
0.84070289,0.79963523
0.94086611,0.94897085
0.71898335,0.75115359
0.59651685,0.66969699
0.86057591,0.94510549
0.59203959,0.46856546
0.53342062,0.56722486
0.79560483,0.79981911
0.88652307,0.91211033
0.85780394,0.90170288
0.88304591,0.96798378
0.54211396,0.67013174
0.86952513,0.88219142
0.92756361,0.91038436
0.80446029,0.79298246
0.84264207,0.86638868
0.16510552,0.12465912
0.77365857,0.90974259
0.49814108,0.39943701
0.64947796,0.46200973
0.74868029,0.82783753
0.78377360,0.82958025
0.94653791,0.94356018
0.43026423,0.33618388
0.76690370,0.73583418
0.60214657,0.55495280
0.67161274,0.50611144
0.74185234,0.84291822
0.92704487,0.88362384
0.49382272,0.53967869
0.37139383,0.29709384
0.74644268,0.68652040
0.77442586,0.87947094
0.72748077,0.68962061
0.72516632,0.60175437
0.76103270,0.59613425
0.72600567,0.54225522
0.69571942,0.88332212
0.87151957,0.87752408
0.83233690,0.89441079
0.03020871,0.06378902
0.76440555,0.90164453
0.41847473,0.46296296
0.75969088,0.67128801
0.67867887,0.57127637
0.83406436,0.79508626
0.87790400,0.93096691
0.90570742,0.91537356
0.88362157,0.95516568
0.73949897,0.74644977
0.94554096,0.96847826
0.54471320,0.55499166
0.76228583,0.75261503
0.61107057,0.42450452
0.81417471,0.89535546
1.01770914,0.90532106
0.89047551,0.81703997
0.78775501,0.85103798
0.87469679,0.90310782
1.00202370,0.97872341
0.81021655,0.96459067
0.88698304,0.76291794
0.82499957,0.74279559
0.87277234,0.89090663
0.63438118,0.53643906
0.85429823,0.84706134
0.63364607,0.53568822
0.91373783,0.89027262
0.88719392,0.87522280
0.71474218,0.68735337
0.92942339,0.90734500
0.61046618,0.59587657
0.73791069,0.49330035
0.75101167,0.60518789
0.90210259,0.87993860
0.82970810,0.88662660
0.68042493,0.59807694
0.81915146,0.85897189
0.79501915,0.78093833
0.37676001,0.22644928
0.89615405,0.84770489
0.58932364,0.81561995
0.51042247,0.42962953
0.80545765,0.94712073
0.80587041,0.77471656
0.82105935,0.76811635
0.60247546,0.48900464
0.86995339,0.75165170
0.80306184,0.88255924
0.77173841,0.90447593
0.75044006,0.82797444
0.47467214,0.30609041
0.62539417,0.59229332
0.72389281,0.74305391
0.86451352,0.82886869
0.89103043,0.94409192
0.74517131,0.78591627
0.80691856,0.71623808
0.64114249,0.47535211
0.94045079,0.94798648
0.42103544,0.36237374
0.79164231,0.83224422
0.84831536,0.83307701
0.62147629,0.65434241
0.52207077,0.55239666
0.92013884,0.93473929
0.89159250,0.93723059
0.94056392,0.93569988
0.86651850,0.87917340
0.83426774,0.88735884
0.83728945,0.88899755
0.56718391,0.74898958
0.59227806,0.68114477
0.70665073,0.58571428
0.59112966,0.48970768
0.87543130,0.86167032
0.46555683,0.29080674
0.79994571,0.93277830
0.76433194,0.81553400
0.79086804,0.77173913
0.75633168,0.73167789
0.67189193,0.81875646
0.99626034,0.94533569
0.57027709,0.52331150
0.79517144,0.82278323
0.82616031,0.89532495
0.96566290,0.93501192
0.75196719,0.94000000
0.90219283,0.93757176
0.45920336,0.28643617
0.53257179,0.38437003
0.79342526,0.86175376
0.61588961,0.66428620
0.42940927,0.42257217
0.64575940,0.65077490
0.84696519,0.91923076
0.77159566,0.67142022
0.74984962,0.48139769
0.87918365,0.85357428
0.48471814,0.56810105
0.93297315,0.87248802
0.79096866,0.95862800
0.77411103,0.82238585
0.57180655,0.62078261
0.88820809,0.80750889
0.84095001,0.83243144
0.98429030,0.85847986
0.96608353,0.91971737
0.72575283,0.69436836
0.92609400,0.75966048
0.54633605,0.41319931
0.82283998,0.88292122
0.84034181,0.74175900
0.84261167,0.85444778
0.64267170,0.65708536
0.88771284,0.91202533
0.74091929,0.79289150
0.32830596,0.11148074
0.70097589,0.49401122
0.85219622,0.76232862
0.88378000,0.92849016
0.30662847,0.19169508
0.31047136,0.14660482
0.83890939,0.88060230
0.70318699,0.71151268
0.47011745,0.26976076
0.85173160,0.87049526
0.77251565,0.64069766
0.69737357,0.70906752
0.42976886,0.20999916
0.89754099,0.90540540
0.48945439,0.58448458
0.60969251,0.59448087
0.95915186,0.73690474
0.57221735,0.68911612
0.83605951,0.86158252
0.72564727,0.79910553
0.89164722,0.88239187
0.82191926,0.90231508
0.59517574,0.49682686
0.64036494,0.33763418
0.82949638,0.95539623
0.69068635,0.42209944
0.70477086,0.84276849
0.85063589,0.83121246
0.44976330,0.33246276
0.84676105,0.87292683
0.96678579,0.81089091
0.92458230,0.82630205
0.77355921,0.78991252
0.80960679,0.86705172
0.70214272,0.61377645
0.29148543,0.34832197
0.88916385,0.91766828
0.60790646,0.32575008
0.59715015,0.60423815
0.78242636,0.88158941
0.78884840,0.90737563
0.74122119,0.83232540
0.75287169,0.83195084
0.76758087,0.73680902
0.90575755,0.98660505
0.40636775,0.62205803
0.62326014,0.69734889
0.89072078,0.88779718
0.76319695,0.91158903
0.79782528,0.74469572
0.92347598,0.94096643
0.75595528,0.72543061
0.72845918,0.79676998
0.91765839,0.95966935
0.78628695,0.87531143
0.58045506,0.58723468
0.61657095,0.42238268
0.86096460,0.81438857
0.69265425,0.61333448
0.73258585,0.45584652
0.77995098,0.72169811
0.88932329,0.82912940
0.82677156,0.90630299
0.83121747,0.85919821
0.87338692,0.89294875
0.30750510,0.35851455
0.65469885,0.50331545
0.86203545,0.76369637
0.70564133,0.51747334
0.84188199,0.96570659
0.36492690,0.37821880
1.01170588,0.94701755
0.36188632,0.36748573
0.66380578,0.48774403
0.99135602,0.91049600
0.83703822,0.88741851
0.92124420,0.98275864
0.99428159,0.98849702
1.03183150,0.90976351
0.49521852,0.24929525
0.53296536,0.50047541
0.96464980,0.89817476
1.03174031,0.85895091
0.85217977,0.82343489
0.30992967,0.09733385
0.62911570,0.56538570
0.75229985,0.69834185
0.88900805,0.88496679
0.56798297,0.64710796
0.94641101,0.93648565
0.75198323,0.71581823
0.83765244,0.78080195
0.42799988,0.42770770
0.90218782,0.91392887
0.91072106,0.90552974
0.89847821,0.91573662
0.59659970,0.68036401
0.80182856,0.89907104
0.67440081,0.44020849
0.78965855,0.65571481
0.81770849,0.94130152
0.78309762,0.80382884
0.70017922,0.71913344
0.19487786,0.16865297
0.67200649,0.14304200
0.28204855,0.21486166
0.41140020,0.31148237
0.80819130,0.91949451
0.96578360,0.96001065
0.97612643,0.95454544
0.79841101,0.66906595
0.81826597,0.85357368
0.55352050,0.67364585
0.81971520,0.79618436
0.74612248,0.84451681
0.53873259,0.44881848
1.02228379,0.85982561
0.85921073,0.79611725
0.40866929,0.24394307
0.69606918,0.81831789
0.57338685,0.41585678
0.89248550,0.87915879
0.58965796,0.40451533
0.73919785,0.72263235
0.84518737,0.94221395
0.73957723,0.75266081
0.89042974,0.91873604
0.69015831,0.74833596
0.82031518,0.85856056
0.74423242,0.81048852
0.89179254,0.89603448
0.26098117,0.26633644
0.89120030,0.81332099
0.72414792,0.70573384
0.97164333,0.97651005
0.91954881,0.91983503
0.99254179,0.91829187
0.49830252,0.35841557
0.91392803,0.91055554
0.60798144,0.74782741
0.96597588,0.94044352
0.95525998,0.96733141
0.89966774,0.92955494
0.74779093,0.83844447
0.77125531,0.58614844
0.83054417,0.88006818
0.84569305,0.92288601
0.44769856,0.26272455
0.93091965,0.83190924
0.61438817,0.72027773
0.78609324,0.93526757
0.75139022,0.68704498
0.29066595,0.15570776
0.72390747,0.65136182
0.87205184,0.92125106
0.73413944,0.79162019
0.78337288,0.85636902
0.83703423,0.88357931
0.75475186,0.88174993
0.80622262,0.79741377
0.64571375,0.64639425
0.61970264,0.53909063
0.68589413,0.62573582
0.81718892,0.87221742
0.76578683,0.79562014
0.80117238,0.78673470
0.80489087,0.82393950
0.51507598,0.43288681
0.45850509,0.25553018
0.88673532,0.87876654
0.83867717,0.76957691
0.80861270,0.74898672
0.60342473,0.41086957
0.46417007,0.34485158
0.66124970,0.53546131
0.82036185,0.96666664
0.94974649,0.95023924
0.73863786,0.87311041
0.94776571,0.91178250
0.84796524,0.83515948
0.68042409,0.58434588
0.96574265,0.89346659
1.09679723,0.98982012
0.88288093,0.87994564
0.86944973,0.76127243
0.86310542,0.85837102
0.94554597,0.91895425
0.34952384,0.24012481
0.76398194,0.84508663
0.89819854,0.87620687
0.71949935,0.54030800
0.80327296,0.76951873
0.93670321,0.97838503
0.83965683,0.80167454
0.70156974,0.57442808
0.73523843,0.77140731
0.90910429,0.81005025
0.79225922,0.85648358
0.90100813,0.86341697
0.89085752,0.77339107
0.93427855,0.87987375
0.25328177,0.11469042
0.84193778,0.88720489
0.98394394,0.93778312
0.68706471,0.69335526
0.97167426,0.93119937
0.79697168,0.89935899
0.95521075,0.88697916
0.79680777,0.75230956
0.76759064,0.73787737
1.01248574,0.95592654
0.71970665,0.60129112
0.92654485,0.97611338
0.87303913,0.90174145
0.86937892,0.89140624
0.51769918,0.66635603
0.68068802,0.80292118
0.77575183,0.74788964
0.94198644,0.85470283
0.68084365,0.35770595
0.74080586,0.59154373
0.83455122,0.82882243
0.83180279,0.90482342
0.77129310,0.59700030
0.95964909,0.89153439
0.90145755,0.97311831
0.70228982,0.53575748
0.39898816,0.15808170
0.72302634,0.71256495
0.74876392,0.87203765
0.70732325,0.49895087
0.74654621,0.56250000
0.63351399,0.52228165
0.71494651,0.83328664
0.81587970,0.80661660
0.95520902,0.93434107
0.52364981,0.64884073
0.77955234,0.75838923
-0.02974874,0.04953431
0.92723638,0.85798162
0.86277044,0.80806857
0.88645077,0.93983078
0.66363740,0.50126493
0.85873842,0.88039112
0.88562810,0.94798410
0.83045590,0.87687516
0.63868701,0.58634460
0.89417565,0.91057914
0.67422199,0.48184818
0.56239378,0.33665380
0.81553727,0.85242832
0.82806748,0.90735292
0.62640810,0.40943256
0.34586230,0.44473892
0.84905964,0.81955886
0.80693793,0.83082032
0.85845858,0.91540599
0.42231312,0.37155995
0.28957710,0.13041443
0.83304328,0.67618191
0.85050249,0.93599880
0.87631524,0.85991228
0.93885219,0.94861281
0.87466013,0.77751720
0.85580957,0.61105484
0.86467481,0.89774948
0.75153112,0.34511524
0.94549596,0.87132150
0.86638254,0.94743907
0.65468425,0.61226863
0.78599679,0.80778700
0.89110029,0.93322879
0.90229315,0.97222221
0.47562164,0.42358845
0.88798034,0.92842150
0.83298242,0.87963533
0.95085675,0.93257427
0.82687974,0.84153783
0.85746455,0.93129760
0.66104323,0.68185139
0.85117894,0.94208270
0.70194399,0.69028759
1.01028669,0.85408163
0.47931200,0.73607951
0.82852006,0.88519126
0.62561333,0.50528187
0.70962840,0.84792101
0.84634006,0.75366879
0.66744351,0.50658047
0.66176188,0.64404887
0.90362048,0.89263630
0.55114830,0.49252614
0.72747040,0.65751696
0.64457095,0.58521760
0.77802110,0.70898658
0.94981349,0.94868690
0.77345246,0.79000568
0.78795546,0.87812442
0.90874535,0.90679687
0.89450479,0.93229169
0.49652004,0.40523237
0.85135227,0.86327744
0.85881358,0.69556737
0.62389863,0.80346686
0.76040173,0.67167324
0.90884918,0.82744044
0.77212834,0.75187397
0.52436924,0.57973754
0.82721245,0.96288943
0.84814107,0.96245849
0.92576122,0.97161305
0.86456144,0.92712247
0.81471616,0.83955443
0.69899154,0.59445947
0.69273674,0.79835540
0.81219298,0.85104710
0.82498574,0.85698450
0.68592012,0.75783801
0.61372811,0.68147451
0.77860296,0.68763447
0.82276261,0.86583000
0.82464778,0.83552742
0.96586561,0.92595226
0.82489741,0.80328435
0.81403559,0.76440734
0.77750880,0.48274773
0.77481353,0.85425282
0.36103803,0.35217968
0.85748911,0.95604396
0.72858500,0.57052928
0.90772885,0.65849674
1.02903211,0.97115386
0.60576355,0.51422232
0.87936878,0.94842172
0.91365391,0.86075163
0.96963555,0.97244149
1.00251579,0.88086736
-0.05507672,0.04580267
0.72056961,0.71991873
0.78561080,0.90789473
0.86860615,0.83249384
0.96313655,0.88196427
0.84845984,0.86628664
0.82085341,0.91282797
0.89974564,0.91710097
0.79022181,0.81452864
0.72985089,0.67801344
0.78180516,0.47775811
0.84449458,0.80510753
0.65467405,0.67446810
0.84137434,0.84147245
0.96749383,0.93378329
0.81993139,0.84296876
0.77193803,0.73563290
0.58700573,0.43004099
0.06966841,0.11223690
0.65929466,0.57947791
0.95257491,0.94054466
1.01842666,0.93813747
0.91006666,0.86860120
0.62282002,0.62798101
0.98393762,0.95646960
0.56013763,0.47371379
0.74841583,0.94417387
0.84645128,0.96932012
0.72219759,0.56598759
0.72469509,0.80576950
0.38457599,0.33701411
0.77414489,0.69234240
0.80944669,0.84282053
0.37101573,0.26069599
0.54569459,0.73901176
0.83633733,0.93899584
0.79773766,0.60856491
0.26432580,0.14977884
0.89122355,0.89643747
0.88440281,0.84919506
0.83789051,0.78197366
0.75382715,0.84337187
0.81054419,0.62717295
0.68387163,0.77907377
0.84685504,0.85116220
0.64648736,0.62323946
0.57208204,0.65485609
0.94052219,0.97540987
0.87048781,0.86293226
0.67048800,0.81600612
0.54686880,0.47790524
0.97621036,0.95002931
1.02829254,0.94913703
0.58065903,0.58176565
0.83213615,0.90195483
0.66177928,0.50837183
0.59438539,0.54774100
0.57275182,0.57565135
0.71152997,0.80611110
0.53072703,0.39445871
0.94262427,0.96013117
0.28939223,0.19643602
0.89048707,0.96178591
0.63330668,0.24278516
0.94492775,0.96150458
0.83784765,0.83796620
0.82550502,0.92015117
0.84642494,0.94868141
0.62091506,0.59982920
0.81054628,0.76569235
0.86693633,0.88745636
0.93825346,0.95939767
0.40614381,0.34010842
0.74418670,0.80897957
0.82439643,0.89536291
0.44603139,0.32583460
0.77156520,0.71392745
0.94927597,0.95888788
0.90473580,0.88028204
0.87485498,0.88586742
0.74792027,0.68154299
0.91245025,0.94550353
0.86506957,0.94453758
0.80131161,0.73705500
0.89138126,0.90509939
0.43980199,0.17494252
0.77539563,0.87989235
0.63374591,0.68179667
0.65403903,0.79959714
0.78545725,0.59616596
0.89725995,0.84470910
0.89676189,0.99497414
0.26753402,0.26573077
0.92445242,0.96437126
0.81281251,0.87511498
0.75585938,0.63227510
0.77906311,0.80413121
0.87384713,0.87317926
0.76415497,0.71612072
0.82516193,0.87742949
0.66951543,0.84252799
0.95592308,0.88625824
0.67772388,0.70597845
0.89857191,0.82569063
0.45386851,0.28093535
0.42171878,0.45139080
0.76225507,0.85651290
0.38017905,0.25443321
0.84939075,0.87771767
0.83684242,0.92113006
0.83409709,0.78771532
0.60351348,0.56883347
0.74191880,0.68409812
0.53374451,0.51866502
0.81738347,0.89704436
0.76661772,0.64072943
0.94087148,0.97974503
0.74171555,0.83071285
0.80955619,0.84090102
0.54055411,0.29403645
0.73538280,0.77840394
0.72576010,0.76021636
0.67263466,0.78524214
0.95358801,0.89633226
0.89814818,0.94120151
0.72284830,0.87318563
0.82613754,0.82413101
0.89091659,0.95733041
0.85565841,0.90329397
0.29002881,0.11286988
0.44672349,0.44786826
0.80107665,0.70078200
0.63748664,0.70576924
0.72324431,0.77261633
0.73963511,0.51436228
0.71792281,0.64331055
0.61798644,0.77381706
0.78524184,0.94997269
0.89312029,0.57921028
0.79717559,0.96609181
0.79409838,0.83745748
0.84537852,0.87462234
0.94078529,0.86753249
0.79100382,0.90942913
0.88003689,0.92438066
0.79077482,0.81891280
0.82197392,0.91215152
0.81125557,0.70312828
0.80595475,0.81175274
0.89403713,0.87305474
0.88426536,0.89770633
0.68179977,0.50900257
0.40461385,0.54919863
0.86741775,0.99425286
0.91190273,0.90091950
0.86598182,0.80878663
0.80635428,0.83850265
0.75729537,0.74399853
0.93800163,0.92098033
0.53696185,0.62598270
0.85805261,0.76550871
0.93774128,0.87920874
0.28418899,0.25909430
0.82498360,0.76881856
0.97569579,0.92859668
0.75999045,0.71317309
0.64287192,0.77956986
0.86240530,0.86996698
0.64065456,0.45161444
0.90950775,0.98084825
0.92123890,0.84113801
0.88308561,0.84279549
0.80561286,0.70817608
0.52545547,0.44838309
0.81459171,0.85638946
0.68310630,0.99642855
0.92123234,0.95770979
0.86386502,0.87345171
0.70423788,0.73427027
0.86204600,0.84351897
0.88617957,0.92926937
0.90887016,0.92618775
0.55440009,0.45971575
0.92866725,0.90075141
0.80790138,0.82073301
0.91964769,0.90561372
0.93157494,0.84722221
0.82156479,0.92095351
0.91974205,0.88191885
0.19797343,0.07497706
0.40757981,0.14390244
0.98514682,0.84716874
0.94059455,0.88255036
0.84937024,0.85113996
0.87591463,0.94928300
0.81678575,0.73880899
0.63871765,0.62105978
0.75640261,0.81262982
0.70456958,0.55583185
0.87824953,0.88450295
0.58926117,0.43947282
0.84829807,0.93605608
0.68836397,0.74731505
0.58503467,0.60952902
0.69039094,0.71591765
0.93832207,0.90945148
0.53288049,0.61156446
0.64324486,0.66399556
0.78387284,0.82773900
0.69541723,0.99888641
0.77073008,0.80901307
0.79980415,0.83635467
0.60994697,0.62672049
0.69040096,0.62334055
0.79436350,0.80335766
0.69750106,0.57727122
0.66342735,0.69110304
0.71999979,0.87603253
0.54028022,0.62082064
0.72809494,0.60234964
0.39100569,0.31594202
0.44034696,0.45400271
0.74133337,0.73377436
0.73310351,0.54876393
0.53747147,0.67029285
0.86754423,0.89851618
0.90888512,0.70219976
0.76431781,0.79977137
0.79142165,0.75698471
0.83743674,0.80296588
0.90688235,0.98493630
0.72268373,0.73153740
0.88221705,0.91952467
0.80394566,0.74732560
0.25684905,0.27417654
0.79827482,0.90460300
0.64889479,0.61332309
0.78250599,0.90574151
0.96401614,0.93852460
0.53175062,0.41883275
0.48710772,0.45576829
0.60098791,0.40355298
0.91832542,0.90396249
0.78881812,0.87063295
0.40185535,0.24686849
0.95584124,0.90374649
0.87051064,0.80468750
0.75657058,0.92537314
0.80751777,0.82373244
0.94024098,0.90890688
0.54326975,0.41073257
0.91305846,0.92492646
0.90396392,0.89233661
0.80269736,0.75138891
0.91010439,0.78554803
0.69633293,0.68115872
0.52357715,0.59684193
0.79428542,0.34331059
0.99133962,0.95993030
0.90569234,0.75191104
0.80478299,0.92942840
0.01464748,0.05887888
0.78274465,0.86328375
0.92559278,0.92137265
0.94348061,0.94824338
0.86175090,0.92727274
0.55278367,0.44329169
0.32509446,0.16621801
0.83496237,0.81493509
0.69070899,0.77093369
0.58834255,0.36946368
0.93474334,0.94431466
0.89165515,0.86139697
0.66393566,0.71845347
0.63014603,0.42334017
0.80838740,0.88576943
0.88657796,0.98041666
0.88423687,0.89055043
0.45209402,0.45699394
0.44949502,0.43135002
0.68641877,0.56313431
0.66000819,0.65316665
0.79639566,0.88094515
0.77962983,0.81349206
0.81309736,0.69447440
0.62108588,0.53202736
0.41204262,0.19074610
0.75690067,0.62072283
0.70738614,0.62310362
0.38581419,0.17857143
0.97041714,0.93130344
0.43134582,0.26686859
0.52143806,0.41347429
0.63273209,0.34925410
0.98675239,0.92120683
0.69229841,0.71532255
0.81692064,0.91563803
0.37857467,0.36190981
0.66699237,0.68842268
0.65302730,0.75373417
0.95450336,0.91406190
0.70305216,0.61812866
0.85947615,0.88348532
0.95855141,0.96102065
0.76457524,0.76305968
0.84191370,0.93243456
0.80234408,0.88182276
0.76807708,0.68118411
0.74471653,0.86943781
0.87132788,0.93299937
0.70206034,0.82679921
0.81982005,0.90753287
0.70452160,0.56599897
0.80425251,0.58724594
0.97524697,0.93863815
0.87243581,0.78259116
0.81841290,0.85712564
0.95991313,0.94747758
0.92465454,0.93136072
0.33255666,0.38836405
0.67817259,0.83414632
0.85087299,0.81010693
0.78875875,0.73488325
0.67044502,0.91078430
0.82980859,0.95604217
0.55546564,0.61352813
0.47690475,0.28458738
0.54524624,0.64388865
0.57303751,0.31385612
0.77054876,0.58470148
0.88083786,0.90445155
0.78326654,0.73867559
0.90654004,0.86246496
0.45397651,0.37729108
0.73982799,0.66213691
0.76668984,0.78770852
0.43308482,0.38212597
0.39249969,0.21620715
0.54640299,0.44405919
0.86794472,0.88106066
0.73265064,0.77390367
0.80742025,0.82036614
0.79880500,0.80996716
0.84843671,0.85842067
0.95241022,0.90472430
0.83468497,0.40315506
0.69529599,0.60859418
0.75945711,0.73751736
0.72261906,0.73597103
0.87931275,0.80103737
0.85484904,0.83284163
0.34770909,0.27266225
0.70946348,0.60189211
0.83488011,0.84333014
0.92974484,0.97828609
0.84397143,0.78776121
0.81763065,0.74959815
0.77202570,0.84598929
0.79669440,0.80587584
0.76945716,0.72466218
0.83399981,0.88078433
0.87312996,0.93350166
0.69068927,0.39687431
0.67932343,0.53868902
0.48990443,0.39282146
0.54792881,0.46381423
0.81054270,0.91736388
0.79808986,0.81108958
0.68367469,0.69661492
0.74425203,0.62597948
0.88484502,0.80019981
0.70280075,0.47633147
0.74280310,0.84880120
0.89035487,0.83789790
0.67802083,0.67357653
0.72834921,0.72186613
0.58476800,0.51307732
0.75512993,0.77973855
0.39568549,0.34047765
0.60915875,0.55808079
0.57308841,0.41156632
0.62357527,0.51598209
0.84465516,0.89465147
0.83670032,0.84753376
0.74105000,0.70289034
0.92909348,0.94705653
0.81304860,0.92244416
0.95241469,0.94948977
0.67377424,0.63704205
0.91358691,0.88767505
0.41021699,0.44295454
0.80327058,0.91778165
0.97707564,0.96724421
0.81270641,0.71548676
0.64749312,0.70466030
0.89509916,0.96487606
0.72607744,0.69793046
0.77225006,0.83635980
1.01495290,0.95140678
0.71149039,0.73388773
0.43095139,0.30173033
0.94726974,0.91107738
0.80068696,0.84156317
0.72293735,0.68461519
0.78008759,0.82612556
0.94681215,0.90076631
0.67354512,0.57860386
0.87351739,0.89237136
0.76123387,0.80948132
0.81920409,0.63861454
0.39494976,0.38626665
0.50726521,0.52671957
0.77449739,0.87913013
0.94933259,0.95767272
0.85482168,0.86352932
0.62669379,0.33011273
0.87638414,0.94629246
0.91618901,0.93036580
0.94839573,0.91126776
0.91530621,0.97853369
0.61291134,0.64231008
0.80639613,0.78312474
0.93399024,0.96205503
0.91597116,0.91715837
0.79492360,0.68434751
0.83884263,0.88573885
0.83271635,0.89452815
0.39962268,0.26408178
0.61589402,0.52276689
0.89064234,0.91676831
0.65785140,0.59834677
0.81612271,0.62980771
0.80305421,0.84498233
0.89398187,0.97385532
0.72371113,0.71306640
0.83574247,0.85761565
0.48340723,0.26958776
0.89849824,0.88651258
0.89053917,0.97886825
0.76998031,0.88575268
0.80253714,0.81904554
0.85479510,0.85631067
0.90307122,0.78633600
0.42275316,0.53611565
0.57284349,0.52867132
0.75012612,0.58175290
0.81050462,0.74276859
0.26814497,0.16462965
0.91520071,0.93084574
0.81721371,0.92125493
0.73134822,0.86562502
0.65707970,0.52665967
0.86144406,0.76739419
0.78805512,0.86697251
0.84563875,0.90608108
0.33746970,0.21021059
0.80914152,0.71524066
0.78607106,0.82290912
0.75595576,0.77031821
0.78315723,0.79810995
0.78522140,0.51792771
0.65837532,0.67713457
0.69990253,0.73488283
0.85751474,0.88671398
0.90702116,0.86932921
0.43706629,0.45771959
0.63798511,0.53966188
0.87107360,0.88286805
0.89214462,0.80708271
0.77106255,0.92190522
0.87290204,0.70137870
0.81488442,0.84829384
0.87820148,0.83466822
0.82271540,0.71924812
0.86454952,0.93329918
0.52524483,0.76857030
0.56936210,0.55803180
0.93389434,0.88090771
0.84111559,0.84025007
0.93719941,0.91762823
0.82601219,0.86246240
0.63608503,0.51923591
0.56260353,0.53985041
0.52138913,0.41860464
0.90556240,0.74591571
0.71694338,0.71431565
0.75458181,0.85822320
0.79887676,0.86392111
0.82640433,0.84782684
0.39501509,0.31394839
0.59443587,0.64767081
0.55424702,0.60114735
0.83454770,0.80974412
0.43409777,0.37164414
0.48865771,0.46460047
0.80899763,0.84319019
0.36776894,0.16497388
1.02253270,0.94478381
0.65288967,0.60501510
0.82907814,0.81430602
0.88312238,0.85963488
0.60036707,0.52581948
0.75823718,0.90674686
0.73296267,0.59478402
0.78492665,0.84960896
0.75722432,0.80011517
0.36870641,0.29427531
0.80657417,0.88049716
0.91303754,0.94305301
0.77626723,0.88107681
0.76731014,0.66533875
0.93089199,0.92313504
0.67982435,0.73524374
0.78864241,0.86621511
1.01452124,0.93106729
0.77177119,0.47980279
0.83542925,0.83803141
0.92363060,0.86684155
0.84352356,0.88924634
0.64655960,0.68040210
0.70476604,0.81234568
0.53054935,0.34900808
0.87597156,0.93970716
0.88194656,0.92941880
0.80471969,0.80512625
0.80317950,0.91325521
0.91978943,0.74869227
0.49447849,0.21674128
0.84587228,0.95140427
0.81488073,0.76357943
0.77033591,0.73503256
0.82212400,0.93443501
0.54863375,0.43088040
0.57079947,0.61491698
0.26642340,0.20233637
0.69455099,0.93137479
0.66119272,0.88597447
0.84980941,0.82273108
0.96029842,0.95281094
0.94169158,0.95226735
0.75499403,0.78538090
0.87556326,0.94541657
0.87328184,0.90407228
0.52550185,0.57378972
0.81291354,0.81096095
0.80642176,0.94468367
0.84352481,0.91102755
0.74442244,0.65889424
0.50859255,0.55896705
0.34357077,0.25727087
0.52583992,0.55153459
0.64794922,0.56407166
0.58013487,0.62411201
0.50777221,0.44689736
0.76458859,0.89418244
0.73669577,0.74401551
0.89593893,0.91926515
0.46732417,0.48811969
0.71837521,0.60936344
0.87543720,0.96453899
0.95569807,0.94567049
0.50570017,0.58518744
0.70591474,0.85896105
0.89309287,0.92436975
0.70136595,0.76619637
0.61000675,0.37865728
0.67580086,0.53696579
0.81107658,0.68268484
0.60105038,0.54181010
0.88513118,0.86332214
0.54293197,0.63521641
0.83413255,0.87784016
0.86781877,0.94144881
0.60843068,0.56423545
0.91358179,0.88804388
0.85049468,0.90700543
0.89853597,0.95015210
0.57098281,0.62058789
0.70128328,0.79883087
0.81726193,0.92123985
0.31894207,0.29284340
0.57668954,0.65918279
0.99412626,0.95156682
0.75511944,0.83087158
0.75789195,0.55090457
0.91070014,0.89478815
0.70754004,0.71079355
0.37758073,0.29572579
0.87501591,0.90395570
0.79445922,0.70062238
0.55703646,0.42544800
0.24715441,0.13499986
0.47372961,0.59261674
0.72214788,0.83686870
0.80170453,0.71431649
0.78289288,0.80535322
0.70223141,0.44080490
0.74395370,0.68046820
0.94094783,0.88211900
0.88015342,0.92337251
0.84039819,0.90806741
0.43853098,0.42550504
0.80062830,0.81607956
0.79895830,0.75267017
0.45010424,0.54109889
0.57665789,0.64185476
0.66757202,0.78316742
0.73835635,0.83877629
0.78316450,0.80120999
0.80513400,0.89555258
0.94478554,0.88730419
0.75654680,0.89329320
0.87261772,0.86925638
0.89162451,0.90426528
0.40522748,0.32794622
0.72302449,0.72307694
0.73027271,0.78880227
0.59713197,0.69225228
0.77957708,0.49802372
0.79770613,0.94826311
0.80353987,0.65071899
0.80821919,0.69458610
0.86805797,0.91751724
0.71486068,0.60509634
0.72892427,0.72117525
0.68025208,0.51230520
0.90006870,0.83057493
0.83892632,0.62790275
0.74146450,0.72464728
0.72017401,0.60357124
0.85657012,0.57811230
0.67453372,0.76451755
0.63724422,0.65460360
0.92986643,0.91930300
0.70827627,0.41803375
0.83745682,0.91481394
0.73666698,0.57398993
0.35590538,0.30924433
0.72516423,0.72230905
0.55285007,0.49731249
0.86018384,0.73707688
0.92550969,0.87325001
0.77475250,0.81795913
0.73313630,0.80513459
0.81524682,0.90945530
0.63709056,0.66351891
0.83306551,0.83636242
0.86840558,0.81954020
0.98329997,0.93428570
0.63440102,0.72480237
0.97444612,0.95489550
0.82703340,0.97859430
0.62980103,0.76543307
0.80869710,0.88159877
0.73347580,0.66364735
0.68575490,0.66201407
0.86568397,0.81898528
1.07952404,0.90554053
0.89419442,0.90113240
0.30461466,0.20370160
0.48721391,0.31864753
0.31302446,0.22531345
0.58305722,0.56835264
0.77842879,0.89218456
0.94104803,0.91149521
0.51568729,0.43312377
0.68573934,0.41225928
0.82456821,0.85576922
0.87987936,0.72041112
0.82716739,0.84452683
0.77439523,0.82641959
0.76792121,0.87013572
0.73960477,0.40221089
0.88763201,0.93004912
0.86030775,0.94750637
0.64863646,0.42811745
1.04883933,0.95471442
0.87150830,0.91122085
0.50954032,0.51083529
0.57371974,0.27325070
0.67123151,0.48874459
0.50634927,0.53219175
0.93762422,0.91258496
0.42903891,0.51421547
0.47046617,0.16824375
0.92149198,0.95793831
0.86664236,0.87224317
0.47669178,0.35857671
0.81394398,0.88580358
0.69370580,0.65312827
0.60987133,0.45671040
0.84343004,0.84324133
0.92166376,0.91488916
0.57019627,0.43936557
0.89495778,0.96191794
0.46687064,0.36642864
0.98745644,0.90795249
0.86299545,0.92329091
0.78669965,0.82083333
0.99814600,0.94758064
0.59669554,0.37408519
0.92929310,0.87000698
0.89742810,0.88083166
0.83771062,0.88705063
0.72803259,0.59842324
0.74338973,0.60643572
0.76488626,0.83627653
0.54405832,0.39646974
0.94592309,0.90601200
0.71361572,0.48900181
0.84817755,0.87262613
0.71568644,0.70908070
0.77467442,0.75484210
0.66607440,0.77926588
0.74265867,0.75887817
0.54571146,0.24975027
0.56902587,0.61219209
0.96892279,0.95826328
1.00688267,0.96291733
0.61423868,0.49350649
0.81717193,0.75180954
0.80280548,0.55396414
0.96738434,0.92468077
0.78438962,0.89616227
0.94471532,0.87778515
0.80840886,0.94268423
0.47209650,0.69172472
0.95722401,0.92317021
0.71191341,0.62751853
0.80787110,0.68234134
0.81297660,0.72234392
0.59397608,0.52153915
0.68209082,0.48065290
0.89317310,0.90427721
0.87149304,0.92455280
0.87360728,0.86911076
0.70922196,0.60090137
0.66050518,0.78461540
0.79187495,0.94017917
0.90739918,0.89266616
0.83350766,0.92072195
0.88243020,0.86983883
0.64580834,0.66580093
0.84723318,0.77782387
0.78386527,0.91726822
0.87778300,0.89858943
0.61241019,0.89878005
0.64575660,0.56363636
0.86337203,0.79968596
0.74163234,0.68719727
0.90008807,0.85790408
0.79255247,0.90293932
0.77326411,0.95863920
0.42778194,0.36549816
0.91051739,0.90652174
0.89076585,0.81130463
0.87994003,0.69390404
0.89403677,0.86177069
0.81184351,0.66614151
0.10583192,0.10867411
0.81140757,0.83432090
0.31560704,0.27899492
0.94786489,0.93369395
0.67492467,0.76367360
0.51770061,0.52248341
0.63404256,0.70664138
0.55078179,0.47202370
0.73051047,0.72612965
0.93531394,0.89943314
0.46767208,0.55499828
0.84008962,0.89636755
0.84683007,0.75809509
0.68348104,0.63974792
0.89129245,0.78104293
0.83137286,0.88610148
0.90471941,0.93431371
0.74047041,0.83934772
0.80029279,0.71283698
0.88483661,0.89842480
0.59278011,0.54730159
0.71631879,0.43214285
0.71957487,0.35497200
0.63405985,0.52035463
0.30645117,0.16419658
0.43608880,0.40966952
0.77568579,0.61902410
0.61066633,0.72706509
0.88914198,0.90523183
0.70540214,0.81309521
0.62245739,0.62879652
0.74912083,0.82935148
0.64082348,0.72596747
0.90463305,0.78171802
0.77982187,0.76299530
0.81794101,0.91868389
0.33193928,0.25794923
0.88188124,0.94805503
0.75279999,0.54948288
0.94642270,0.96323186
0.66087270,0.70808846
0.78202915,0.74844444
0.88501954,0.82007611
0.86833167,0.84158826
0.89998102,0.90366298
0.67451322,0.79571223
0.88592547,0.80758429
0.82152408,0.79464287
0.33672279,0.39908019
0.69037962,0.73734641
0.34830755,0.07455605
0.35535654,0.17020099
0.90893805,0.93589354
0.56493503,0.63321871
0.87505245,0.80233514
0.72861958,0.67605603
0.99883819,0.91330028
0.83436233,0.71992844
1.02693093,0.91117382
0.53467339,0.47939801
0.86043733,0.85910517
0.62249249,0.56120360
0.70001942,0.99609375
0.83533245,0.82705593
0.43837270,0.31308284
0.89553440,0.71998125
0.68741471,0.61743915
0.76220125,0.79744208
0.83770049,0.80658859
0.83583790,0.86582166
0.86176538,0.94588816
0.63994241,0.67820317
0.85695314,0.86383486
0.82131535,0.55416667
0.73091596,0.64915603
0.80526507,0.77142859
0.67670447,0.55404264
0.62468743,0.72441417
0.76912540,0.84533483
0.71390450,0.71924734
0.79432857,0.87103897
0.81739831,0.86925709
0.84593320,0.89299560
0.84934461,0.85965991
0.92535520,0.96687371
0.86874592,0.87602341
0.78401697,0.78267020
0.78776026,0.90069497
0.94051224,0.88417375
0.75566149,0.69139767
0.83669484,0.81770831
0.70813429,0.67526495
0.61940247,0.52850091
0.82127279,0.81791282
0.71163356,0.61894262
0.85330439,0.91690284
0.61743927,0.49491447
0.79250187,0.82243747
0.71612209,0.62001604
0.82055932,0.76807755
0.60651994,0.42000598
0.64746183,0.63359320
0.82162023,0.92971718
0.79764962,0.57530427
0.80938232,0.80952382
0.84368962,0.92160279
0.83831793,0.84482759
0.83817840,0.84970713
0.49850532,0.28383347
0.90695298,0.88441843
0.60963857,0.69579417
0.38095534,0.22469424
0.85248733,0.82103914
0.78542364,0.75675434
0.74987322,0.65243727
0.86191142,0.88136077
0.76479268,0.85177046
0.84561133,0.89009333
0.84322858,0.81751615
0.39283794,0.26774266
0.66736299,0.70526057
0.70356476,0.83430231
0.63894165,0.62772018
0.86365664,0.85244316
0.67143190,0.57725251
0.33028817,0.29824492
0.60903865,0.61118960
0.90859652,0.93584907
0.89215940,0.93856561
0.60240304,0.36630476
0.61438513,0.58595842
0.45495996,0.38987574
0.82522726,0.87111205
0.83156133,0.83429378
0.83416867,0.41153699
0.92957366,0.95909977
0.82500255,0.92901236
0.58488166,0.61069566
0.91118515,0.89789295
0.70504647,0.74303269
0.83209020,0.85485041
0.96249193,0.88345087
0.43884763,0.27619258
0.92766666,0.95724529
0.81287158,0.83617675
0.57518506,0.49744982
0.96739101,0.94597828
0.86488664,0.87699610
0.88543904,0.94724703
0.82315016,0.90196633
0.82071304,0.92557651
0.70592833,0.73717207
0.71944493,0.69321382
0.98172915,0.94005603
0.92608589,0.88258708
0.83846772,0.90425348
0.88436562,0.88550907
0.54517812,0.45869714
0.83030319,0.88097888
0.38675389,0.25123823
0.91087681,0.92153847
0.89201808,0.94516450
0.76827818,0.57412654
0.87577403,0.87704951
0.91225189,0.96241832
0.81237996,0.82477778
0.31457949,0.29932868
0.78270274,0.69225293
0.64815831,0.97664815
0.90666866,0.90223086
0.61375576,0.60148513
0.63850540,0.79319382
0.80561954,0.78682846
0.75877464,0.89248890
0.63021100,0.35644263
0.76502371,0.80514705
0.88706881,0.84663057
0.59674531,0.65003949
0.87811542,0.64214063
0.68658912,0.59708977
0.45767438,0.20019954
0.92576319,0.88225627
0.20946503,0.15344574
0.89781815,0.92121214
0.79025614,0.67571312
0.85279047,0.76544768
0.88718349,0.97370946
0.84282660,0.84361732
0.66150594,0.82224995
0.48310110,0.37674493
0.85974526,0.90007275
0.81605363,0.89105046
0.87001449,0.96345901
0.86342740,0.87839490
0.82383215,0.71089637
0.94218683,0.89089328
0.66124648,0.75335133
0.95600641,0.89259034
0.12975991,0.06829837
0.87156588,0.94404960
0.79783249,0.96098900
0.47852424,0.62072366
0.78679687,0.48020723
0.73091620,0.81188536
0.84108829,0.89475161
0.88904077,0.88479143
0.82608181,0.85508496
0.88873965,0.92049551
0.59113425,0.63504386
0.87892878,0.84325689
0.93122905,0.86173087
0.70984113,0.84849393
0.51479107,0.45001563
0.81498820,0.87728935
0.94224679,0.88124722
0.69232136,0.52454460
0.63779968,0.55092359
0.85354370,0.90826315
0.78480828,0.78231227
0.82473719,0.89741707
0.79982609,0.86492676
0.54714882,0.15921940
0.53140551,0.29984215
0.71588206,0.43859890
0.91268659,0.99230766
0.76285040,0.84102565
0.42734045,0.17442191
0.61248642,0.70329672
0.56321698,0.40908498
0.53545666,0.40095246
0.42306715,0.48571542
0.66146171,0.49918452
0.94185686,0.88721877
0.33294797,0.08909262
0.89578563,0.82946324
0.76252925,0.75512242
0.86556053,0.92004907
0.83235240,0.88721830
0.54892832,0.53965944
0.85584790,0.94276226
0.81246996,0.85317880
0.76733392,0.90883893
0.56707972,0.61259478
0.40862775,0.41220814
0.72130406,0.76328313
0.90759563,0.94481438
0.81781727,0.82163745
0.75275195,0.79190278
0.24741763,0.14329004
0.76196420,0.54568022
0.82061315,0.91237390
0.73186255,0.64533132
0.84863424,0.89040375
0.21013302,0.23491916
0.80256534,0.70512819
0.91334629,0.87333721
0.69028026,0.50275481
0.69567442,0.41492388
0.72832489,0.83216679
0.80030173,0.84765434
0.85876179,0.87943816
1.00729871,0.91746032
0.74202800,0.84982634
0.74516058,0.68396997
0.81289464,0.84090906
0.76006806,0.70183557
0.68907511,0.77616769
0.82203192,0.94641560
0.72641712,0.61118776
0.70625985,0.68366092
0.38455969,0.45492229
0.78848201,0.80246884
0.72017229,0.71277618
0.84807247,0.86717635
0.68064582,0.76205230
0.97769201,0.96383440
0.46409211,0.43993151
0.37141949,0.38756835
0.92619753,0.91624326
0.44280753,0.31154683
0.83071536,0.91513997
0.96747231,0.96767455
0.27870065,0.18740541
0.74545234,0.66513056
0.39398304,0.25474322
0.89390695,0.94279474
0.88615870,0.81180859
0.94137853,0.94845963
0.90517563,0.97481686
0.45028538,0.18055958
0.39867765,0.19880952
0.33733487,0.38651857
0.81359565,0.80794996
0.75497305,0.82167602
0.91988969,0.96399838
0.76423156,0.84096026
0.72233564,0.85861164
0.80675340,0.65253198
0.46523660,0.45501372
0.54538304,0.42889556
0.89477897,0.92932373
0.69771087,0.59381235
0.89440775,0.91048646
0.88690937,0.92507005
0.96070480,0.88690591
0.19784322,0.23253667
0.94409585,0.92717087
0.80764765,0.90045935
0.87684685,0.93431395
0.82475185,0.90154886
0.72804129,0.88411397
0.40343231,0.43741089
0.79955763,0.83839709
0.90291679,0.91226202
0.41803211,0.31578946
0.53116649,0.40491804
0.87272012,0.93180543
0.91637647,0.88696444
0.97254455,0.93975824
0.97031820,0.95710742
0.92072976,0.93605047
0.94659007,0.91082805
0.67238355,0.60890597
0.87667590,0.90525424
0.94206691,0.90705884
0.89584100,0.75723577
0.93150395,0.76311040
0.90440917,0.83497620
0.88446462,0.93640012
0.93487531,0.89069539
0.86563659,0.81720781
0.73562545,0.63918066
0.76915252,0.91938615
0.72551310,0.87966478
0.80649483,0.02964612
0.89451987,0.90822428
0.69990456,0.71300256
0.60273784,0.57531393
0.80394691,0.88143426
0.85977209,0.85934305
0.76291108,0.64706433
0.85533428,0.96249998
0.85309851,0.92266011
0.76842260,0.83189654
0.79271835,0.77686781
0.63975233,0.59934556
0.80727977,0.76567739
0.77410495,0.84105265
0.90937781,0.91954386
0.18717587,0.12743473
0.85481459,0.62894773
0.66951513,0.41752899
0.58972663,0.50101358
0.66592962,0.78430188
0.82443208,0.68559217
0.60754800,0.60607475
0.91310847,0.88823915
0.81546819,0.84758389
0.76962292,0.75931394
0.24782276,0.23200859
0.44232082,0.38606334
0.95011961,0.89179516
0.83705461,0.94080716
0.67559445,0.46410990
0.66783506,0.65484893
0.75819516,0.31590417
0.44978735,0.24041301
0.96862632,0.94095367
0.82408708,0.87500000
0.49245334,0.61891466
0.91168010,0.92870259
0.31802323,0.27204525
0.65946853,0.45376888
0.63401306,0.57336152
0.85843861,0.87294120
0.86375046,0.85196078
0.83169341,0.85354626
0.92893463,0.97498119
0.51379603,0.42754343
0.81171715,0.94963878
0.55703360,0.45171499
0.91737491,0.96791446
0.91021746,0.86007518
0.88159961,0.83196211
0.86044830,0.85797906
0.88940388,0.91861320
0.62944537,0.35621205
0.88352847,0.85198003
0.78440756,0.79217917
0.47662756,0.17416899
1.02073407,0.91427881
0.80980146,0.87962961
0.75890577,0.47461370
0.79546863,0.92484587
0.99778032,0.91949022
0.76310098,0.60943729
0.68157089,0.77308971
0.92828196,0.87145025
0.65427351,0.55161566
0.83399677,0.63959783
0.40627167,0.34424084
0.76591635,0.69670886
0.71094871,0.71045119
0.80762130,0.73442084
0.51568115,0.45881557
0.68443966,0.66664827
0.89683580,0.93217814
0.97223020,0.81453234
0.63663387,0.75454545
0.72514582,1.00000000
0.74534011,0.93357509
0.75653052,0.71567297
0.82176125,0.84580421
0.78229964,0.80489445
0.63982928,0.77475005
0.83070016,0.74435073
0.91403663,0.88111013
0.31631291,0.25292870
0.83802593,0.93983138
0.87241948,0.94122696
0.82233435,0.85635376
0.90321004,0.80575335
0.80012363,0.85893720
0.74068648,0.93557674
0.85541850,0.90379173
0.37151957,0.14004968
0.98929363,0.83660132
0.87869638,0.93454885
0.44010407,0.26287934
0.84072965,0.91712707
0.60091561,0.65285587
0.73243260,0.76490575
0.71211421,0.58143669
0.53173298,0.12236842
0.86734807,0.93267488
0.83067244,0.95400006
0.79866576,0.85818166
0.93118382,0.91877991
0.84968364,0.72395557
0.70955801,0.80206394
0.28204840,0.10837964
0.61147457,0.16903889
1.00043237,0.91320348
0.83162403,0.68061656
0.84670871,0.93670887
0.67230654,0.37096778
0.90565914,0.87613404
0.90927315,0.90014768
0.66722757,0.89949495
0.92544091,0.91311008
0.74682677,0.51841706
0.85802007,0.89685607
0.85682476,0.86471170
0.83076638,0.83123648
0.35733616,0.25009397
0.99279755,0.92673993
0.94444543,0.89891565
0.85640687,0.84587008
0.91596699,0.90423000
0.79159987,0.73255002
0.84336489,0.92189580
0.98029572,0.88496912
0.81827712,0.71860522
0.71676362,0.74341798
0.89098531,0.92109185
0.80826867,0.99761903
0.58294719,0.46135831
0.73760909,0.71771282
1.02916503,0.87048554
0.71558130,0.72692442
0.62064213,0.57671326
0.64287567,0.88399357
0.39292330,0.40305534
0.89083481,0.88357663
0.79655463,0.94397849
0.51858836,0.66152561
0.75274009,0.75018382
0.93074465,0.93260264
0.78912216,0.85270655
0.71206677,0.55598551
0.67180860,0.68247974
0.82913089,0.90051502
0.95907575,0.96181631
0.85962605,0.95810419
0.83074051,0.88069820
0.82130408,0.83784002
0.80368125,0.88187933
0.77580726,0.54209012
0.68877864,0.77091575
0.67060286,0.81152558
0.72201395,0.61299437
0.89574510,0.87382627
0.69598758,0.62929517
0.87078905,0.88459653
0.88866985,0.97421932
0.35272336,0.30498749
0.36172420,0.23558581
0.79205328,0.89388430
0.79140675,0.64270473
0.23911956,0.35376799
0.83297664,0.95362890
0.84500146,0.95308578
0.45334274,0.49136579
0.90274447,0.96046054
0.80186665,0.69312167
0.91865498,0.94805765
0.86329836,0.81778711
0.85245800,0.84878772
0.79726219,0.85112309
0.76237518,0.73909897
0.84029216,0.89631337
0.71023422,0.54158878
0.39544988,0.11928131
0.92366934,0.79812777
0.79666018,0.79585254
0.73254907,0.81701428
0.86597645,0.83949620
0.76955611,0.89025772
0.70700955,0.65752423
0.72166789,0.75183153
0.89356923,0.84598374
0.88930982,0.89336401
0.97072196,0.92591268
0.72450566,0.20265526
0.93359983,0.91118538
0.90528047,0.87318838
0.40859413,0.39870444
0.89189947,0.95628518
0.98712087,0.93480587
0.89646989,0.68611109
0.75059664,0.80030638
0.59744525,0.58126551
0.86400151,0.89695305
0.66543281,0.67022020
0.53968638,0.55239910
0.86820734,0.85537314
0.85774618,0.94570857
0.94095570,0.87090105
0.49120799,0.34116378
0.90800786,0.91170633
0.80872422,0.75524253
0.76258743,0.78257108
0.78551036,0.71781015
0.60823071,0.55659592
0.36852717,0.23622312
0.95559561,0.90851682
0.75797868,0.69989014
0.93717921,0.82449800
0.56739187,0.36360854
0.76381421,0.74996972
0.85371172,0.98918617
0.43082142,0.58207434
0.86102164,0.79490948
0.96329951,0.89624220
0.63594353,0.72093529
0.49217081,0.47539854
0.67582291,0.71786344
0.58155137,0.30410188
0.93863475,0.92258757
0.93831474,0.85097408
0.74587786,0.97181028
0.93748868,0.97244811
0.67805815,0.74257195
0.88266325,0.83984154
0.93566340,0.95610476
0.92467755,0.89228970
0.85546243,0.95104462
0.55375892,0.48661110
0.72875774,0.23532061
0.98528361,0.94193619
0.88057572,0.94814813
0.89495188,0.76838869
0.82928872,0.91721088
0.80295217,0.71718627
0.87261641,0.87530082
0.77521402,0.80126286
0.88501561,0.87911576
0.94556797,0.87978101
0.67213345,0.76279688
0.58644074,0.59722221
0.80559242,0.77453446
0.81021947,0.83986402
0.41632301,0.33316183
0.89625919,0.92045456
0.10732231,0.16410257
0.80828905,0.87043571
0.95757377,0.94557279
0.98337102,0.89435160
0.85420883,0.87352216
0.81345135,0.78661382
0.85625130,0.93115294
0.37818566,0.33930302
0.92791861,0.96018147
0.91754186,0.88915795
0.60606545,0.62549937
0.51167250,0.42995441
0.87085259,0.86061025
0.81013501,0.82341480
0.74597490,0.61313039
0.88383847,0.85261708
0.87269616,0.93497360
0.95595229,0.93336874
0.85962993,0.92636108
0.82178265,0.70151520
0.51191652,0.43657759
0.92625540,0.89725381
0.86799765,0.89741272
0.76963407,0.92162603
0.87879688,0.96660280
0.91062337,0.87866646
0.84564751,0.92998105
0.84219432,0.94204807
0.46950522,0.40268132
0.99095190,0.96721530
0.96119636,0.82956123
0.85524744,0.93272763
0.41898483,0.28030348
0.80070317,0.84774113
0.67283100,0.66428322
0.85548246,0.85773218
0.86647838,0.83218777
0.79691768,0.67524999
0.92782420,0.86763257
0.71613210,0.45857561
0.71875870,0.55131948
0.71325922,0.57006878
0.82206041,0.91356343
0.30011326,0.35344827
0.83835542,0.68637580
0.76770329,0.85277158
0.49861923,0.51030177
0.93796563,0.86988801
0.86907339,0.89293605
0.58087993,0.51675773
0.86498350,0.91071427
0.98443598,0.91369045
0.79944170,0.76848835
0.13106269,0.12009080
0.38071117,0.33951929
0.69653988,0.57617915
0.83133328,0.73087358
0.86081082,0.89735472
0.71762919,0.20103613
0.53116214,0.39131579
0.92514563,0.91408473
0.84360653,0.85691029
0.87401640,0.91631782
0.79632676,0.77734041
0.82307315,0.56578946
0.92268181,0.90342987
0.87283885,0.80230767
0.59759820,0.64375412
0.90306568,0.93873984
0.75518513,0.73178452
0.87919486,0.90988481
0.46767402,0.25153777
0.83971292,0.86816931
0.59633839,0.52582270
0.74158800,0.84114772
1.02270675,0.93597382
0.08991474,0.05177786
0.91710329,0.94183105
0.82415992,0.83697361
0.89138162,0.88469118
0.66981733,0.21718000
0.23727426,0.13375518
0.82934505,0.88863069
0.86557662,0.89505064
0.98024464,0.93717951
0.87695658,0.96428573
0.52833486,0.42815128
0.70696723,0.82392406
0.67501163,0.71136653
0.69730461,0.72151899
0.46488667,0.29105273
0.96907622,0.88285232
0.90625697,0.95917141
0.92926407,0.88766891
0.81474906,0.75831223
0.97554964,0.94079292
0.51867431,0.27233332
0.88205820,0.92894202
0.79696411,0.74482477
0.62882888,0.68835163
0.69439471,0.69626689
0.67898047,0.76337951
0.58152509,0.52755839
0.38654664,0.48439011
0.83247769,0.81957686
0.69718432,0.64755809
0.80667126,0.69263530
0.90378046,0.93752217
0.60197747,0.59006566
0.79480565,0.81194216
0.71082079,0.55855328
0.84975034,0.92853534
0.40109834,0.31734344
0.89309663,0.92831528
0.67729789,0.72871143
1.00476313,0.90732759
0.91689658,0.91167587
0.93088448,0.89145327
0.73919380,0.60457516
0.58603084,0.55800653
0.61412275,0.51890302
0.86813605,0.91044778
0.71977556,0.80315363
0.86415172,0.93414629
0.41779301,0.30079299
0.89028394,0.86599702
0.82540452,0.84880590
0.51013672,0.32693663
0.74886048,0.79857057
0.67489469,0.81092477
0.96369112,0.92455530
0.57102799,0.51497561
0.85078984,0.89615589
0.63251674,0.40874887
0.81665397,0.89347422
0.84597713,0.88959527
0.88825953,0.89362514
0.86207175,0.94016254
0.90124512,0.70615774
0.71529531,0.74715853
0.84644705,0.77799922
0.52177465,0.38993159
0.76317763,0.88015294
0.78150058,0.73414218
0.84567541,0.91260988
0.69260079,0.58093786
0.61432028,0.32032537
0.78780490,0.91386050
0.85381490,0.83528072
0.89886546,0.90238804
0.77805954,0.86159825
0.56721020,0.55233061
0.65057647,0.84287149
0.83830655,0.95948678
0.73333418,0.78245258
0.66437441,0.85784400
0.87182546,0.82536179
0.48314339,0.40037879
0.48235208,0.37431037
0.80574977,0.82199389
0.94221145,0.53693014
0.71738374,0.78574461
0.38158977,0.22848853
0.89764714,0.82250047
0.73615110,0.73024690
0.91355050,0.89206827
0.80437440,0.92170960
0.67026842,0.44967532
0.72212386,0.92603070
0.46479902,0.51326311
0.70074904,0.78067976
0.79417074,0.88254195
0.65370268,0.77216905
0.81875765,0.94628650
0.89952850,0.84378111
0.87336934,0.84498900
0.68488050,0.65070677
0.92921591,0.87078249
0.91340685,0.88635421
0.83562410,0.87408596
0.72185612,0.68906432
0.67037547,0.49958915
0.92990959,0.91602910
0.80244291,0.84021819
0.72095394,0.78692722
0.65284568,0.58999157
0.85707027,0.84815788
0.81048989,0.84443849
0.69314611,0.78091633
0.68000209,0.84737122
0.26929247,0.17152122
0.63203967,0.54855615
0.89671969,0.94437683
0.92797357,0.92429012
0.79856628,0.55621076
0.78853035,0.81466025
0.88234729,0.80726790
0.82121664,0.78682929
0.94908226,0.94617754
0.87622803,0.88148147
0.63473523,0.67054486
0.79555511,0.85064381
0.82861888,0.92771083
0.82531977,0.75047678
0.93271625,0.95686454
0.87592888,0.87358367
0.34148666,0.23834726
0.71291578,0.77629673
0.78974479,0.89035308
0.84749162,0.97187579
0.92055678,0.90651137
0.74817008,0.90096408
0.63734210,0.53995329
0.92351747,0.98958331
0.82950628,0.76987988
0.90315086,0.91929823
0.75267482,0.66241825
0.80653787,0.64942288
0.92011136,0.89044762
0.56402296,0.67610937
0.75681436,0.72676283
0.80630678,0.76720375
0.85918784,0.83216292
0.90402842,0.90534341
0.90169895,0.96796197
0.88424730,0.87003565
0.67767793,0.63031000
0.89288473,0.92950636
0.83038259,0.88743019
0.90694642,0.87090665
0.77232492,0.70694989
0.94822073,0.97563297
0.79047829,0.79623288
0.95798415,0.88405353
0.53908944,0.49265650
0.86521858,0.99444443
0.82579470,0.79036933
0.74874645,0.70986301
0.91996425,0.92288488
0.50841081,0.30756614
0.66429704,0.68696600
0.76389658,0.86625421
0.43172550,0.35050800
0.66389817,0.46106213
0.70028841,0.44303864
0.97279668,0.87660164
0.79295921,0.83545738
0.91013855,0.85069126
0.92121059,0.81162632
0.63103211,0.57950193
0.64334702,0.73750222
1.04694307,0.95530301
0.98327643,0.95363468
0.41048577,0.32808661
0.44078514,0.55121565
0.97693896,0.92689967
0.91932046,0.90217435
0.98312080,0.88427126
0.62073511,0.65315610
0.89040935,0.87675571
0.72169709,0.66503936
0.08713436,0.11494103
0.66032159,0.67119473
0.79128373,0.79233122
0.63028711,0.66094005
0.74749792,0.93963963
0.75033337,0.69750714
0.81284237,0.85764241
0.57822752,0.52840298
0.72981495,0.73471564
0.85256708,0.89596272
0.59929293,0.35766375
0.67243040,0.63896549
0.59847766,0.40296757
0.91991901,0.88704634
0.49263009,0.45070335
0.74068546,0.83443046
0.56058681,0.47934622
0.69789660,0.67756408
0.97382772,0.93684494
0.66484201,0.56713766
0.79734606,0.90593648
0.67397219,0.70142967
0.53123331,0.50965667
0.72342634,0.88671875
0.56157923,0.52885211
0.90700078,0.83463115
0.57649595,0.34641609
0.92091644,0.82876712
0.91703165,0.91406453
0.40637386,0.30129331
0.30599484,0.63616073
0.64209694,0.04845155
0.83238256,0.88600469
0.71778369,0.61904764
0.60943860,0.45204136
0.83601820,0.81475151
0.72218943,0.90451390
0.28720778,0.22177146
0.38971984,0.29945654
0.73896515,0.68983757
0.88701648,0.91415662
0.94677442,0.87006044
0.65097284,0.80337584
0.89867282,0.96874243
0.85565442,0.88009894
0.77673697,0.85188872
1.02761471,0.93316805
0.93705356,0.90077287
0.86969161,0.80911100
0.20147413,0.11408894
0.81881309,0.85279375
0.93726021,0.93032849
0.90164655,0.91492677
0.80007601,0.90733528
0.79970485,0.81771487
0.92511487,0.91498768
0.91649389,0.95652425
0.89589530,0.90646917
0.65106261,0.64652777
0.77206641,0.58315706
0.91177875,0.85891318
0.74276602,0.69257730
0.96533030,0.94185799
0.85412049,0.88832200
0.82652408,0.85598040
0.78643495,0.78168249
0.87941170,0.90263158
0.74710786,0.83303654
0.87040269,0.91967493
0.72362179,0.71624804
0.89587414,0.80990237
1.00289488,0.90912700
0.74131477,0.80256462
0.66701764,0.59552443
0.40694219,0.23681186
0.62044728,0.50253379
0.64289933,0.54191619
0.22374752,0.18189681
0.55839175,0.42438155
0.80765462,0.72044647
0.85009980,0.91439730
0.98723865,0.91684574
0.93212092,0.92506206
0.32238215,0.24160588
0.42873579,0.27595365
0.98159635,0.85697168
0.70489067,0.66573411
0.77294958,0.89220566
0.71845627,0.47112080
0.61517793,0.48271435
0.85783720,0.77254188
0.85924351,0.96651059
0.88951665,0.72334933
0.96044695,0.64689296
0.48998773,0.72345650
0.19122350,0.18042041
0.80487198,0.60098600
0.61254483,0.49399674
0.73138261,0.71402138
0.93186903,0.94178361
0.54167038,0.29500368
0.83664209,0.90296113
0.34232995,0.05136472
0.90634406,0.94964486
0.47416234,0.47654912
0.57630223,0.55289757
0.85179871,0.81119543
0.69918132,0.90784472
0.90865684,0.89685374
0.76688153,0.67636144
0.77955455,0.40288460
0.52978128,0.42986614
1.04675186,0.98393756
0.60688138,0.61065215
0.69020426,0.65012896
0.88988656,0.95646000
0.53564352,0.50420672
0.93590856,0.87978321
1.00958407,0.92094803
0.74296278,0.66511738
0.54614049,0.60660034
0.47765914,0.44250327
0.94256318,0.89464885
0.97611648,0.92523944
0.86297607,0.94815439
0.73141956,0.88486564
0.83413196,0.83461541
0.84003818,0.87142307
0.78827268,0.83375567
0.65593725,0.56789601
0.84179080,0.84102881
0.86261284,0.85782647
0.77722687,0.67394406
0.95319837,0.95129144
0.81324703,0.59579164
0.87924641,0.87803340
0.83213162,0.86035794
0.65449715,0.66070873
0.75290394,0.82681078
0.74594235,0.67062145
0.69306123,0.58097559
0.52262372,0.39346027
0.31562558,0.34014612
0.32479391,0.21975319
0.73723257,0.59207392
0.78889900,0.87201297
0.74672771,0.78771836
0.78250396,0.70762616
0.68150949,0.67272651
0.85833359,0.87387979
0.88427293,0.96345621
0.54434675,0.42077038
0.55211216,0.15829608
0.91320521,0.91199678
0.92070174,0.95495719
0.43619013,0.35403588
0.58294404,0.66532016
0.82850409,0.92055923
0.69391131,0.91490322
0.99165654,0.97001278
0.87094474,0.88018858
0.87113589,0.93117476
0.98006052,0.95382863
0.84111142,0.86244410
0.70343149,0.73442101
0.84081447,0.91228068
0.79642266,0.93927830
0.62417448,0.46267676
0.67519045,0.70179617
0.96644616,0.91501409
0.94091564,0.91996789
0.62644893,0.54710144
0.55978203,0.31135127
0.93375897,0.93886197
0.85453039,0.90465760
0.88771749,0.94040430
0.62579077,0.66389376
0.85152167,0.82772726
0.93907714,0.91983473
0.63681424,0.39805523
0.87665498,0.87549829
0.59661001,0.66744733
0.91690153,0.79849559
0.81689489,0.85115749
0.80194199,0.81344086
0.85822356,0.87896824
0.85322642,0.66121429
0.62961817,0.55836362
0.67378974,0.51431823
0.84299004,0.87147808
0.90776336,0.91590399
0.85291845,0.90799302
0.96275735,0.85250485
0.88849616,0.96512985
0.88171601,0.95205468
0.83940339,0.91211528
0.67234200,0.65570402
0.87962729,0.75059289
0.81065488,0.72716153
0.79903436,0.57137841
0.76584029,0.76650643
0.96601635,0.91661173
0.77815711,0.76482922
0.75881338,0.74185425
0.52639318,0.31294981
0.95844305,0.96527582
0.78927976,0.85145080
0.83947861,0.80889010
0.75356919,0.76749974
0.63197714,0.41971815
0.84643847,0.84762043
0.69626445,0.87377679
0.17924967,0.40974379
0.58801550,0.66561794
0.88954777,0.82890910
0.77715611,0.86212122
0.67373925,0.68294156
0.29651120,0.31551424
0.83071524,0.72432435
0.80925298,0.87636930
0.86657768,0.89229268
0.46512467,0.70499414
1.01227355,0.94096440
0.81065977,0.69155443
0.48502856,0.42263299
0.80772650,0.78516775
0.82023466,0.73881149
0.64135611,0.26188931
0.83362043,0.92157781
0.67917722,0.71014494
0.65430856,0.63020581
0.38371962,0.46329337
0.56548244,0.48507112
0.63478327,0.77320921
0.53689069,0.51368695
0.99113208,0.95154363
0.72335529,0.82196611
0.45024747,0.31492946
0.83423269,0.86184406
0.90269929,0.91306508
0.81030732,0.81522924
0.37467852,0.29763985
0.90476167,0.91791171
0.91603911,0.84123367
0.93239093,0.86639059
0.67800188,0.70728254
0.51058131,0.50532764
0.87340045,0.75413793
0.74568301,0.79802209
0.43743458,0.06908450
0.45311967,0.46709225
0.65330708,0.48625547
0.68930292,0.91732252
0.99215949,0.91885495
0.63927150,0.35408440
0.85167354,0.91003817
0.73503882,0.76037735
0.71108586,0.57758534
1.00046897,0.90748078
0.96643764,0.92078489
0.68707258,0.43711427
0.87970841,0.89867485
0.53728080,0.58305603
0.72854221,0.66135561
0.59637642,0.60321182
0.74509537,0.78839141
0.81022453,0.87336266
0.96627504,0.91758722
0.84279460,0.82968795
0.93272656,0.94885772
0.75580966,0.74861449
0.90233177,0.87827450
0.85251778,0.85758328
0.70850992,0.82503259
0.72307980,0.79437703
0.73364305,0.77544993
0.79808587,0.96475953
0.92556107,0.88080531
0.93949962,0.93811256
0.61141133,0.53290743
0.89467955,0.88905644
0.84319854,0.82162529
0.88340038,0.82956201
0.58927524,0.54464805
0.78398007,0.85636365
0.86822653,0.93567741
0.53941655,0.62207139
0.68623447,0.75282866
0.79541385,0.83056438
0.63082772,0.60219049
0.75225073,0.59485096
0.81187421,0.92739350
0.38802898,0.36347941
0.91292489,0.93956929
0.67281020,0.58518565
0.47183698,0.31247404
0.81258667,0.84383649
0.65216768,0.60194921
0.80502629,0.90385151
0.98041290,0.91632074
0.76828253,0.79541570
0.83862531,0.92923933
0.86124384,0.87799019
0.84815943,0.91084057
0.67081082,0.60825026
0.67719138,0.80930573
0.63228917,0.44092557
0.90543568,0.93097347
0.88626194,0.94509882
0.82140923,0.82213134
0.76522541,0.79500026
0.79557854,0.73055553
0.64536786,0.65812683
0.77276158,0.89912975
0.78979343,0.60179102
0.79179496,0.67281604
0.73627758,0.68463725
0.88157082,0.98814118
0.48691499,0.46337771
0.67105108,0.68644661
0.82018453,0.84266508
0.78880572,0.79233730
0.71843576,0.84904999
0.54598194,0.62392473
0.91787684,0.87537408
0.92822158,0.86046410
0.87678558,0.92244172
0.70923519,0.12338441
0.80259424,0.92666966
0.91384834,0.89816177
0.87584352,0.92510438
0.86526626,0.78233039
0.81547463,0.88588852
0.76460111,0.63951617
0.88183296,0.89922249
0.51439905,0.43105555
0.55542207,0.26039925
0.55932206,0.57132524
0.46168408,0.52865130
0.38027471,0.34113720
0.96862334,0.85555959
0.70436651,0.68694735
0.88703632,0.94155842
0.61473703,0.67960298
0.90184283,0.98026317
0.69902879,0.71152312
0.74594474,0.11945333
0.96127260,0.91170597
0.94659775,0.94761902
0.91185486,0.87409574
0.65381092,0.63698959
0.86753660,0.91972297
0.70756328,0.60412472
0.24327016,0.17510287
0.55250722,0.65124583
0.99463475,0.94237727
0.80549073,0.81131107
0.89426953,0.85678673
0.91605461,0.89682353
0.80437899,0.68675578
0.86594677,0.69969225
0.87120897,0.89197922
0.93143129,0.93751657
0.49808741,0.52735651
0.70142686,0.67539680
0.87984198,0.81089741
0.98135573,0.93118787
0.41219586,0.23821059
0.81901491,0.88850033
0.33322805,0.29759315
0.91841036,0.98387098
0.77935988,0.68531996
0.98899806,0.90717655
0.77052754,0.63645130
0.81172979,0.63410997
0.68607581,0.56390709
0.46643868,0.38640112
0.55238539,0.59971195
0.77377522,0.81190509
0.74197978,0.77822804
0.94309461,0.94847524
0.58153778,0.50519210
0.88216597,0.93418801
0.93856645,0.94858783
0.82722795,0.86462289
0.86979330,0.93756014
0.80702341,0.81495655
0.52494442,0.48136434
0.65320617,0.37597519
0.71412432,0.70359051
0.63707048,0.62592953
0.59926075,0.51125449
0.58021194,0.54233509
0.88610995,0.87815273
0.39409333,0.49069935
0.82853520,0.90702724
0.87266731,0.93976974
0.84744519,0.93013632
0.92954719,0.91496599
0.56191450,0.46256721
0.71796364,0.81667751
0.70016795,0.61455625
0.83287227,0.86431748
0.88052869,0.92088908
0.99759352,0.95627242
0.39222819,0.35047990
0.51767695,0.27582550
0.90318686,0.89698404
0.55001718,0.49309525
0.59107256,0.59674865
0.74132228,0.90041858
0.91289234,0.84657222
0.79821295,0.74964249
0.74091613,0.84259510
1.04912424,0.92773968
0.87994117,0.86005497
0.41162074,0.43663746
0.54891151,0.65562260
0.85961223,0.77084839
0.90758431,0.88929200
0.75408423,0.56137246
0.88521719,0.95222330
0.85385418,0.93880033
0.72316843,0.61130273
0.72439396,0.66463548
0.66150403,0.57126212
0.74133170,0.81140125
0.90276945,0.87110692
0.52760482,0.51611155
0.81585187,0.82379520
0.82971311,0.92742449
0.73378849,0.86062193
0.91045839,0.87861025
0.79849595,0.76460183
0.68413454,0.62398291
0.85130560,0.88543117
0.82546782,0.65755576
0.58804631,0.71240228
0.83181584,0.88966560
0.75022268,0.61563998
0.37332702,0.27041593
0.88030457,0.82627690
0.50760269,0.36762342
0.57994455,0.70276552
0.79760313,0.76733917
0.58365542,0.50571364
0.86547160,0.89392662
0.72090536,0.70371163
0.84575009,0.92180008
0.87879127,0.95222223
0.96751809,0.97394812
0.74852788,0.87787205
0.41173112,0.26346931
0.63735151,0.60044956
0.97416842,0.88773692
0.91600555,0.94300526
0.76310265,0.65546620
0.89883518,0.88994503
0.99531031,0.94645202
0.85103893,0.85202897
0.85455829,0.84666324
0.94529170,0.92938083
0.58038783,0.65601927
0.70978153,0.79284823
0.79862177,0.86666667
0.58796138,0.49213353
0.91669899,0.90919971
0.46784851,0.37278584
0.54673201,0.61247760
0.95234740,0.98069954
0.92149246,0.89074618
0.81121922,0.92161173
0.79503155,0.78991175
0.67751837,0.50117564
0.90418464,0.92743641
0.92465436,0.93714100
0.68400943,0.62839681
0.82415617,0.86453646
0.65659732,0.51834238
0.62931889,0.51592159
0.88011849,0.91337049
0.78317118,0.84103644
0.30826408,0.26368701
1.01917505,0.94897270
0.77677345,0.86834514
0.82162464,0.83479828
0.36266989,0.32072389
0.92364889,0.91436714
0.84800041,0.92822248
0.82389557,0.66482651
0.72883844,0.87753588
1.08220434,0.95978361
0.87907743,0.88037038
0.71545780,0.82229638
0.83685684,0.81553066
0.83530658,0.90870708
0.38078830,0.22173683
0.81065500,0.81991667
0.91329247,0.88727701
0.88545024,0.97264469
0.89886934,0.88453460
0.44306895,0.39998743
0.79805744,0.72426903
0.47584844,0.37020344
0.64039040,0.62159497
0.77070409,0.80033547
0.87977135,0.87703180
0.79295003,0.72613961
0.94976181,0.91932911
0.71603501,0.80875707
0.84120440,0.96621388
0.73601818,0.73590565
0.55522430,0.53175282
0.84352756,0.95569479
0.65041876,0.85787910
0.83732218,0.91462767
0.87603921,0.84964156
0.83385187,0.92041367
0.67903888,0.43037850
0.76179361,0.65663856
0.41662365,0.34939492
1.01749468,0.91933256
0.78783834,0.79794973
0.82554436,0.24443860
0.22942266,0.19908604
0.85913551,0.92154646
0.72511327,0.79469872
0.65093583,0.67562401
0.83140230,0.79151249
0.74810815,0.66866726
0.82445896,0.84853733
0.70157981,0.66561460
0.71187812,0.81181318
0.14789852,0.16883211
0.62956810,0.69151980
0.86000556,0.94042695
0.61847204,0.57627106
0.54612267,0.52826089
0.91049552,0.93764573
0.94792765,0.87558526
0.43986207,0.41945186
0.56758988,0.40059206
0.94182158,0.93563622
0.86958867,0.81188291
0.29482588,0.14387700
0.51859826,0.67460316
0.79736292,0.75912517
0.76102346,0.69298339
0.89212275,0.92375308
0.80359197,0.94433659
0.63128358,0.33902389
0.94238937,0.88370687
0.71603847,0.60963219
0.73758829,0.91833335
0.61790413,0.58405799
0.70416445,0.75930297
0.93345284,0.87258023
0.98386943,0.93895632
0.50087237,0.43178505
0.46611130,0.38442686
0.64514947,0.56603146
0.71061641,0.71205699
0.46745592,0.32590580
0.93579888,0.88000000
0.17712772,0.09435582
0.91004431,0.93921590
0.90248811,0.94690579
0.84333539,0.86420643
0.77145398,0.86055839
0.85940826,0.82858294
0.89910316,0.91889256
0.77687132,0.79470009
0.52840406,0.47681984
0.87470031,0.91692543
0.80270457,0.76311851
0.52465218,0.53652096
0.64228547,0.43902439
0.94762421,0.92598152
0.43915057,0.14750355
0.18380952,0.12500930
0.83794981,0.94349796
0.81512761,0.90295762
0.93193114,0.93720138
0.89556926,0.90058959
0.35984474,0.21902834
0.50284332,0.37369376
0.59417683,0.24889717
0.84722424,0.96393663
0.54101324,0.78216499
0.81404883,0.79706925
0.32769150,0.23380351
0.83851767,0.80832392
0.78199381,0.81209868
0.73624897,0.72360629
0.91957980,0.93560302
0.47160649,0.42252624
0.69179183,0.76539201
0.92185605,0.97972971
0.85140455,0.96800590
0.72997653,0.77814007
0.73696673,0.67242688
0.71462262,0.55221295
0.77553570,0.48824480
0.07971987,0.07052541
0.92620027,0.89690268
0.94220960,0.92507643
0.49487540,0.54578048
0.90805459,0.91136366
0.87557191,0.91526860
0.84462041,0.88864428
0.41376311,0.31234205
0.69672585,0.68848288
0.94962168,0.90304595
0.55182546,0.56129384
0.92387420,0.84524548
0.48666796,0.30743930
0.47502494,0.52422714
0.78322279,0.71524698
0.65260816,0.64460522
0.75460601,0.90030444
0.94639611,0.94745803
0.83751136,0.88062829
0.93296230,0.92783791
0.87572557,0.92027003
0.28821027,0.17943431
0.72728473,0.95145631
0.89554036,0.93441278
0.69560647,0.68503690
0.95789468,0.87123710
0.82659781,0.88809526
0.72035223,0.69953054
0.80211312,0.81813127
0.35826755,0.37159628
0.43281454,0.29625952
0.37468448,0.28532243
0.86126298,0.85054159
0.76268286,0.92562938
0.81386757,0.87106997
0.85364544,0.84478593
0.78674591,0.73150969
0.80661631,0.92903388
0.85387802,0.76272196
0.11157018,0.08568238
0.68151867,0.76789194
0.65717381,0.81197923
0.56555027,0.48532185
0.77546263,0.79078865
0.64955330,0.65116352
0.95407462,0.96470785
0.52524590,0.55118233
0.77052629,0.78396225
0.88305199,0.77738202
0.87832141,0.86583269
0.80512434,0.84166664
0.82513177,0.70324481
0.92833465,0.94711012
0.68146384,0.85160482
0.93935353,0.93683344
0.72856218,0.58848786
0.83912778,0.88028342
0.93107140,0.84917581
0.66667694,0.70565295
0.60264140,0.41524440
0.38834739,0.54964250
0.65200841,0.69148803
0.86258709,0.95602828
0.88796759,0.83180285
0.75129551,0.79387879
0.35170621,0.47865498
0.78779143,0.90606135
0.95977414,0.95982093
0.81280601,0.81467670
0.83877814,0.78690267
0.40092295,0.17064413
0.76203191,0.84632868
0.91086709,0.93790323
0.79789793,0.85245901
0.76279187,0.47078872
0.86496723,0.84759617
0.68123043,0.76904571
0.76114845,0.67385155
0.72565520,0.73476619
0.78658718,0.88548368
0.73491359,0.70113432
0.85361576,0.84885603
0.87058026,0.90338469
0.86121434,0.82758075
0.63805568,0.52502859
0.74716717,0.65216792
0.73719072,0.62694097
0.85474145,0.83595008
0.87967128,0.93602693
0.93371111,0.83276290
0.95062941,0.85947710
0.74232864,0.79183537
0.95796674,0.95738298
0.60993159,0.66735572
0.64351159,0.64438772
0.63433963,0.56597847
0.77985412,0.64929682
0.62735856,0.61122042
0.73050159,0.66178775
0.89470881,0.65776700
0.91961467,0.89681071
0.86222070,0.76346344
0.95536995,0.95932311
0.94587409,0.92198241
0.32054892,0.48826945
0.18120033,0.10680799
0.66666842,0.68948412
0.46077740,0.29136214
0.83045745,0.97972971
0.78543681,0.80772376
0.75474107,0.76360542
0.91943133,0.84191996
0.83151191,0.77688491
0.75199401,0.78312802
0.82424074,0.84217387
0.87838072,0.90997022
0.85560489,0.90726715
0.89840442,0.93198651
0.91460776,0.81842673
0.87403202,0.79706222
0.78327334,0.80172646
0.35265878,0.31707820
0.92329419,0.95548791
0.76597369,0.86841512
0.82537144,0.84227818
0.83111751,0.84136605
0.85401607,0.84452415
0.80112839,0.83379704
0.75087619,0.80149972
0.51442242,0.48747450
1.00282454,0.98148149
0.86521512,0.87855417
0.74555176,0.64632630
0.20055729,0.13333993
0.64597404,0.59449309
0.78065896,0.80787051
0.54277468,0.39782366
0.82358235,0.89029396
0.76519006,0.83938628
0.45003119,0.47833067
0.72745669,0.68499780
0.66198254,0.60607290
0.97730273,0.93123323
0.98470145,0.86792201
0.83880484,0.88176209
0.52721548,0.62249100
0.86570531,0.87446427
0.87144446,0.85988402
0.77245486,0.83945477
0.88864744,0.92678893
0.66395921,0.45893669
0.78718734,0.76620084
0.70652056,0.65751547
0.93001568,0.86638761
0.88357198,0.93196636
0.81273687,0.91527689
0.50322419,0.43201447
0.57101786,0.69329590
0.84872913,0.82569033
0.84384876,0.90167713
0.88171560,0.93781269
0.76142085,0.99166667
0.15055013,0.07119388
0.83409941,0.91083103
0.77047670,0.85227573
0.39759290,0.22015037
0.50952685,0.33580360
0.63525915,0.71583664
0.74719977,0.69845706
0.89155591,0.93265718
0.75766867,0.74616790
0.43573841,0.17975725
0.56212831,0.64841282
0.62134433,0.58648145
0.80522215,0.76639825
0.67934108,0.58259737
0.65184206,0.57789510
0.74433243,0.73101193
0.87357914,0.88887489
0.90577841,0.92653334
0.83491886,0.77204609
0.87866831,0.94158655
0.76160610,0.73460716
0.88670510,0.85845518
0.94194579,0.96074772
0.74195915,0.76332963
0.98384380,0.92130870
0.64756006,0.63106823
0.71845829,0.86904764
0.65051061,0.62137681
0.67666161,0.69717968
0.64176559,0.62352329
0.92049706,0.19285475
0.78623259,0.93114913
0.58772141,0.67452687
0.88155115,0.93856800
0.43698889,0.34905660
0.81288022,0.75569052
0.66889954,0.56770831
0.91913110,0.92663145
0.86141241,0.94022715
0.73474425,0.67264873
0.90425885,0.88423645
0.79888123,0.86261904
0.68968666,0.60852438
0.60784364,0.53065002
0.65556341,0.68030012
0.53106141,0.47194296
0.90246159,0.93220341
0.90801960,0.89097673
0.80684537,0.66884613
0.85811806,0.88850945
0.74613458,0.88932097
0.34149393,0.16695653
0.62949526,0.61830258
0.63431406,0.67327338
0.73766005,0.85753751
0.69140124,0.53779238
0.76178050,0.86649662
0.90309459,0.89299858
0.86692148,0.96202534
0.66800970,0.57181078
0.53249818,0.60144925
0.90827197,0.85056043
0.75855815,0.78023899
0.96989226,0.91588992
0.46384683,0.28081399
0.68921024,0.75372505
0.75370717,0.80725032
0.78692591,0.72609496
0.98763186,0.98553824
0.81933945,0.78690523
0.77692950,0.88962543
0.18285894,0.12251612
0.93514103,0.96561623
0.70032656,0.81306690
0.94126999,0.93226063
0.84812152,0.90780938
0.82627237,0.95410550
0.41176516,0.50064051
0.79997963,0.17005523
0.75639123,0.67373949
0.85535383,0.94060165
0.89182037,0.84559554
0.32101205,0.26626548
0.88349992,0.94038880
0.84734899,0.93379462
0.80942810,0.86828297
0.84540522,0.93649572
0.91962683,0.87033379
0.46786949,0.30239484
0.48853347,0.75320405
0.63614517,0.64618421
0.81876713,0.80412138
0.75247115,0.84704185
0.95914739,0.96123320
0.98780966,0.99000001
0.81596410,0.79330862
0.79742408,0.84130782
0.67442232,0.56824267
0.87487042,0.93353629
0.95185572,0.94065863
0.75196099,0.83396387
0.95097631,0.86737651
0.90935540,0.93076921
0.91175693,0.81203127
0.91651750,0.91948223
0.87799132,0.96731538
0.53365111,0.66242820
0.56188238,0.50470990
0.87014449,0.95643938
0.59736866,0.72128850
0.80755806,0.84586579
0.67073941,0.76629037
0.84118944,0.91518635
0.78518367,0.65751314
0.84706557,0.86267960
0.97535348,0.92284340
0.80156016,0.71982896
0.52507484,0.44666255
0.79123354,0.80244207
0.58442110,0.55172747
0.88439792,0.89200079
0.76918161,0.57812291
0.70656109,0.70387191
0.67108369,0.35829931
0.83094764,0.78926712
0.66554338,0.62279826
0.64134222,0.63501704
0.96397406,0.95910424
0.72566998,0.80791867
0.52120757,0.37608716
0.76689625,0.60309088
0.52947176,0.67371470
0.86044490,0.80536258
0.83847940,0.70601851
0.90724647,0.77915603
0.56106794,0.49406329
0.78202200,0.89151007
0.91885275,0.94268775
0.77774537,0.73738050
0.87798190,0.92052633
0.92325222,0.83014584
0.73286366,0.46121386
0.87929958,0.83173078
0.88069260,0.88455808
0.78150558,0.66780853
0.84780687,0.95223755
0.86527151,0.83463120
0.77044398,0.56047386
0.70842582,0.71757340
0.43817240,0.27852824
0.22345823,0.19048506
0.61872196,0.73409849
0.95060313,0.93607050
0.77194774,0.67824072
0.51969904,0.52498394
0.61960864,0.47280738
0.79122931,0.77034056
0.75707209,0.58825344
0.58652723,0.51538432
0.67374134,0.48177847
0.63985240,0.58467114
0.91713774,0.90775782
0.92784965,0.92439532
0.75267875,0.67871708
0.72349524,0.68213701
0.60659981,0.80082154
0.52041197,0.75862384
0.54531914,0.33779141
0.91918844,0.98343235
0.88727635,0.88749582
0.74304211,0.73438913
0.78407574,0.72330016
0.71864438,0.67253858
0.84896290,0.87918276
0.41294014,0.28183806
0.95190173,0.97442567
0.76178515,0.69661677
0.87959588,0.94012767
0.89034700,0.92631358
0.87591332,0.88204587
0.92704517,0.93467259
0.40099645,0.41041511
0.88329089,0.91388887
0.81373072,0.84910339
0.83927387,0.96799505
0.85531998,0.92860109
0.83637065,0.83098817
0.94955885,0.93587887
0.95968074,0.96623707
0.77143478,0.91050261
0.64388114,0.90038919
0.75619823,0.86312574
0.86184692,0.82508343
0.88974774,0.88796860
0.52032894,0.39896694
0.35988146,0.33061740
0.72545481,0.88319206
0.46519983,0.41717896
0.48551360,0.55536669
1.02413821,0.90886855
0.83589566,0.57984751
0.94709271,0.90169120
0.86865193,0.81267005
0.93070966,0.94749999
0.88762516,0.84824699
0.94418973,0.91906285
0.85091764,0.81047422
0.86650318,0.97802615
0.69727576,0.91478366
0.62568939,0.44305736
0.72078401,0.78115833
0.75074017,0.94915253
0.77448380,0.87132651
0.72916174,0.69052649
0.80081421,0.76175255
0.68657947,0.71315020
0.58519280,0.58285314
0.70442188,0.52807713
0.90084410,0.98107141
0.69635934,0.65546507
0.55870795,0.44111520
0.62229562,0.56628370
0.65065122,0.73233843
0.99956203,0.96042806
0.80568790,0.55050504
0.67389679,0.66516650
0.89675260,0.86129528
0.81369984,0.82908076
0.78831935,0.74611723
0.70551473,0.76525813
0.76843691,0.90927100
0.74191010,0.60400087
0.76807451,0.94416016
0.84375262,0.66264325
0.74446017,0.09637783
0.97945768,0.96862489
0.58078003,0.80731523
0.95270646,0.92791831
0.62667370,0.55941457
0.71466351,0.60825813
0.84556156,0.86800700
0.87893748,0.97567004
0.71984196,0.66535783
0.68348253,0.72670645
0.85415524,0.86571139
0.90245700,0.91038311
0.74707890,0.59109044
0.74610150,0.82247573
0.53088880,0.45888653
0.91182208,0.91079795
0.54885489,0.49548846
0.91579831,0.89794171
0.20138913,0.11910129
1.10921001,0.89069951
0.17087299,0.15725546
0.87284487,0.96538460
0.84521592,0.94564301
0.57514769,0.71695369
0.76744235,0.62296212
0.64896804,0.53124499
0.71347332,0.65715879
0.75691754,0.66834688
0.62959653,0.21868169
0.61043489,0.55416667
0.59961802,0.43706784
0.85256332,0.80063033
0.93032384,0.90268874
0.78904557,0.60752630
0.64540541,0.61615503
0.45961970,0.37033582
0.65673226,0.61427045
0.97325462,0.97887844
0.86403626,0.90608376
0.65794927,0.56728727
0.97182083,0.97202671
0.44632870,0.35575166
0.92923570,0.92224234
0.72044241,0.63843971
0.49482495,0.30286923
0.86489081,0.91054130
0.69313300,0.68342865
0.48686275,0.28797027
0.33093479,0.20291358
0.83986497,0.86948252
0.70715857,0.91682285
0.82950181,0.78800392
0.93947148,0.87119436
0.67876911,0.43287298
0.72166336,0.70836127
0.44488484,0.32228628
0.90869325,0.86419630
0.20097059,0.16025908
0.77185190,0.74384892
0.85940433,0.81542057
0.67800510,0.58880627
0.86399919,0.76590323
0.99234194,0.99206346
0.70857829,0.77681589
0.64365864,0.50917512
0.83480567,0.85952008
0.70575535,0.63465470
0.82345444,0.88424534
0.82108122,0.63328665
0.96324706,0.94574910
0.19454622,0.11811777
0.96857250,0.91740221
0.88526505,0.90386921
0.93952465,0.94970340
0.87422854,0.87843370
0.59297496,0.39732978
0.78572237,0.84708250
0.69763809,0.80015755
0.47189310,0.55821848
0.87749863,0.39024442
0.61841148,0.84693062
0.79014981,0.69758278
0.86558652,0.93098426
0.86557162,0.82907850
0.83029747,0.99166667
1.03524733,0.97223514
0.23986280,0.24435264
0.46317279,0.42901236
0.85332829,0.82156307
0.38189456,0.35357124
0.90595770,0.92150867
0.68110609,0.56147814
0.39692825,0.23245470
0.67786545,0.48848704
0.96144187,0.92389894
1.00431967,0.95277780
0.71721327,0.76972771
0.84491676,0.67172754
0.80011690,0.84837419
0.89307374,0.82475513
0.58312833,0.23030707
0.77968234,0.82152689
0.74262762,0.76228070
0.46176594,0.28620270
0.79369271,0.66100800
0.62510478,0.86522591
0.42778456,0.36501867
0.89220124,0.94780713
0.61644447,0.69999999
0.84119934,0.85361654
0.82984495,0.97650141
0.62980551,0.64468789
0.56042403,0.61029834
0.82254827,0.73559529
0.89314729,0.93532604
0.75089359,0.70510715
0.88628459,0.90939397
0.84028137,0.91705018
0.82434964,0.85875821
0.30474243,0.34002978
0.77721387,0.95213205
0.93803239,0.98165137
0.40227011,0.30604681
0.40660915,0.25812802
0.76420057,0.82496858
0.72841126,0.51854765
0.86702913,0.76430041
0.94410092,0.93725395
0.32593274,0.33801779
0.64194125,0.63362235
0.55190980,0.50731504
0.59748000,0.62807781
0.74620801,0.87558323
0.81093639,0.94364434
0.85295081,0.75039101
0.75821590,0.74451780
0.89150119,0.86319327
0.56525397,0.38241962
0.71740049,0.81843013
0.97486031,0.86405939
0.72794634,0.86405599
0.43971458,0.43701848
0.94737649,0.87335420
0.64146328,0.50978321
0.84887230,0.81202036
0.91014814,0.88600940
0.61135024,0.50539047
0.74079269,0.85573643
0.85073602,0.91987669
0.81733775,0.88797641
0.70784223,0.70683777
0.78797168,0.79020047
0.84197527,0.73596215
0.90955615,0.94090211
0.90145254,0.94067794
0.90635157,0.95086616
0.70733583,0.59285712
0.84584224,0.86079091
0.56845570,0.49104384
0.77894562,0.81961870
0.70128858,0.82330829
0.90187585,0.87552047
0.66136849,0.78884101
0.87270939,0.79976088
0.75730264,0.82835734
0.74626046,0.71350086
0.86017776,0.86343962
0.66885662,0.59022194
0.72997510,0.72376144
0.84987444,0.77212322
0.83950317,0.87821120
0.61769009,0.67949569
0.92474031,0.92183858
0.76654971,0.56200981
0.50729173,0.54360116
0.43768489,0.48100710
0.61330849,0.50808626
0.62667859,0.63141090
0.93209350,0.97427428
0.77790892,0.64895022
0.78770387,0.92226720
0.87178814,0.91636389
0.68062758,0.70371795
0.33810526,0.17081459
0.73047876,0.66695982
0.73107129,0.71938390
0.86234075,0.90761811
0.73398370,0.71532935
0.73061430,0.88697839
0.76798254,0.82639384
0.83260816,0.94949025
0.94699478,0.96667588
0.79976529,0.86410254
0.73614132,0.78773451
0.68907285,0.77489179
0.14557439,0.21120690
0.83610475,0.79312551
0.85049093,0.70562029
1.00967717,0.87896007
0.71198416,0.91606569
0.90002805,0.90378344
0.81992745,0.90067273
0.92719495,0.91130340
0.83032364,0.84284276
0.79520309,0.87324744
0.90552998,0.93165481
0.59543455,0.54390246
0.84927440,0.85810858
0.87016308,0.89733505
0.81000352,0.70793337
0.79940224,0.95843238
0.56619048,0.05111977
0.60440183,0.58055115
0.71339369,0.60134947
0.31855083,0.17964554
0.89439589,0.98333335
0.35946250,0.27774772
0.91911304,0.93567622
0.46401197,0.21625404
0.32027262,0.15141453
0.74577826,0.85147029
0.83615398,0.92382288
0.64572954,0.73685557
0.78756344,0.71868426
0.43807390,0.44562212
0.74113828,0.66638315
0.86843425,0.86071163
0.80616736,0.67451662
0.21028596,0.13947834
0.28257257,0.26940882
0.92903852,0.95736259
0.92303002,0.94181597
0.89542222,0.99242425
0.78202081,0.92092192
0.68690920,0.66526419
0.95632994,0.95984846
0.76032591,0.69779003
0.59959173,0.38681319
0.43765309,0.32338411
0.84028792,0.80857682
0.48207945,0.53040332
0.93965822,0.86771774
0.97918409,0.87664849
0.25167817,0.18619974
0.60914201,0.49730280
0.80262637,0.88230950
0.78231639,0.72491962
0.66039479,0.67751479
0.58287650,0.62500000
0.52283216,0.64033121
0.83303058,0.90594268
0.70348501,0.68416995
0.46997041,0.33631256
0.84232104,0.84237599
0.67751795,0.70284545
0.88378668,0.87696075
0.67552471,0.81707221
0.88137233,0.98026657
0.91714334,0.93594086
0.71969354,0.68148047
0.78016949,0.85499483
0.58912301,0.55622739
0.52370262,0.65000129
0.44696194,0.44748220
0.21450722,0.29259095
0.50507689,0.36457625
0.92958868,0.95988846
0.91807324,0.90913469
0.87446713,0.94531852
0.72894150,0.73246604
0.74372840,0.83462989
0.77133155,0.71052945
0.89197826,0.94230771
0.76597548,0.66252059
0.84466112,0.90287155
0.80283988,0.75985974
0.43063059,0.46171406
0.56780457,0.31956398
0.85890567,0.85933375
0.65307349,0.76866412
0.89482105,0.94714755
0.87948799,0.87915987
0.94076067,0.93169492
0.78668344,0.86261386
0.36371592,0.19632471
0.90797812,0.90105909
0.70843554,0.72031099
0.72756964,0.76688313
0.92156637,0.96012962
0.81205547,0.86866605
0.87079293,0.90585440
0.84600586,0.93271685
0.89474940,0.88478261
0.90645587,0.86176914
0.57565290,0.51347333
0.90053165,0.93015492
0.75916672,0.68921834
0.66812944,0.79513890
0.53079164,0.59012729
0.49380702,0.62888986
0.92773998,0.89901131
0.81122983,0.76649535
0.89834231,0.82911712
0.85758436,0.88514960
0.80439973,0.89969790
0.71602046,0.76841235
0.83335185,0.84677452
0.69663274,0.64934814
0.85232627,0.76868510
0.60596532,0.61119562
0.94656843,0.97107846
0.65019506,0.63371974
0.82378650,0.89817280
0.63329411,0.68898940
0.89007974,0.81780916
0.39297312,0.25656238
0.76842630,0.84428668
0.86998475,0.85637277
0.83779728,0.81129110
0.92068911,0.89091057
0.28612083,0.20130895
0.98226231,0.94965976
0.84233820,0.91128057
0.87697506,0.81745720
0.52376360,0.54087633
0.80439687,0.84246558
0.76765954,0.78334731
0.59716535,0.60525763
0.76342273,0.62561375
0.95276982,0.90607119
0.93641698,0.91905630
0.84573054,0.85009265
0.89760053,0.96336478
0.66300797,0.71349239
0.04090422,0.11315766
0.56962007,0.39373800
0.13976192,0.18446052
0.73941600,0.75481474
0.90476799,0.97979796
0.77658045,0.89345986
0.80988365,0.82663476
0.72743714,0.29397160
0.49662721,0.62876254
0.47102368,0.28677204
0.75576502,0.73443598
1.01190531,0.95912063
0.84800905,0.83815354
0.85759068,0.94038206
0.27552515,0.37639332
0.94436836,0.86912143
0.69487864,0.66216218
0.42518112,0.42071429
0.88299161,0.90442324
0.83774257,0.81430185
0.81704783,0.84434795
0.49139506,0.38420847
0.74035418,0.65241379
0.47202069,0.28744543
0.93579674,0.89842528
0.36988375,0.22208612
0.79935485,0.88827115
0.92324787,0.92057413
0.92961055,0.93169284
0.71068215,0.71136886
0.83024788,0.72549576
0.84374326,0.82310528
0.76613081,0.82157713
0.81313169,0.91352737
0.87086487,0.83189255
0.65568537,0.50598788
0.58729088,0.52617741
0.69201505,0.89521056
0.63973439,0.47556207
0.86341059,0.90490377
0.58737659,0.65470612
0.66282111,0.77047533
0.94476730,0.94232351
0.91750515,0.92753059
0.93746096,0.89827532
0.61112970,0.48258558
0.98733228,0.93193859
0.62138259,0.52693659
0.84509540,0.74553573
0.80347514,0.66983384
0.64210218,0.59997392
0.85228759,0.89775598
0.61460555,0.62719846
0.75262982,0.81560630
0.84509534,0.70691872
0.24312705,0.06146450
0.82319272,0.73465145
0.60989887,0.85437572
0.69175065,0.60141242
0.93005472,0.92879355
0.70742905,0.55277306
0.66352719,0.42435005
0.63088572,0.61499906
0.61770058,0.56885421
0.65051508,0.73046875
0.94030267,0.99295777
0.94112396,0.94686663
0.71961796,0.84868419
0.88931608,0.87420022
0.90353727,0.84413356
0.69967711,0.71263474
0.85007912,0.96101540
0.68613505,0.67569047
0.82197565,0.76929212
0.89633536,0.80854803
0.87892747,0.70490855
0.50538152,0.46597019
0.80117583,0.84792453
0.84916580,0.80308068
0.83558977,0.97528517
0.83549976,0.85825270
0.73817140,0.81442559
0.97599256,0.98765433
0.77933407,0.87371445
0.87345797,0.89968103
0.95556909,0.96111113
0.81533158,0.88765866
0.85977453,0.90612924
0.55099565,0.47920039
0.82932192,0.86153930
0.78956336,0.73372692
0.81831068,0.86213523
0.65357631,0.48991859
0.82801849,0.81857145
0.94656652,0.95981508
0.82431662,0.93555748
0.80456257,0.75470591
0.87758982,0.99586779
0.41852006,0.15128127
0.84703636,0.93831909
0.75445867,0.65180963
0.81621337,0.73469114
0.76318860,0.73667657
0.85652286,0.95084673
0.63366568,0.45411944
0.83604896,0.82596397
0.96600056,0.91558367
0.88778800,0.87270057
0.78421164,0.79986250
0.93670964,0.92148459
0.98249608,0.92151356
0.44340655,0.49974844
0.85558456,0.84275365
0.90691155,0.85395765
0.86510575,0.81715631
0.66296726,0.60693753
0.89377081,0.95842308
0.61169130,0.32973275
0.98151314,0.95446908
0.88439518,0.95598608
0.75608772,0.78623497
0.53179032,0.52014506
0.94068265,0.83970904
0.66825497,0.63051218
0.86584318,0.88158399
0.71198314,0.61583138
0.86702734,0.95565987
0.79149675,0.75523072
0.78305537,0.67953658
0.68466115,0.53720492
0.96290600,0.94218749
0.82523221,0.66828531
0.91658419,0.89803207
0.82026505,0.72039056
0.89161521,0.95181960
0.54282218,0.57788283
0.36554581,0.19792528
0.80796289,0.86498845
0.85420597,0.83672267
0.86950183,0.96998775
0.41724253,0.35605732
0.57709491,0.77120531
0.61858213,0.59340554
0.86635596,0.92227584
0.71057796,0.70291263
0.72409165,0.47399795
0.79774988,0.82838124
0.93420511,0.96343940
0.64599210,0.73905796
0.94842911,0.80588073
0.43452650,0.68041873
0.62267166,0.52807361
0.82601225,0.84815532
0.58978707,0.61597735
0.93319368,0.92333215
0.44923162,0.36546922
0.90793157,0.70270622
0.72559005,0.30880341
0.93757588,0.96578383
0.70893812,0.78835350
0.82150978,0.90789402
0.89693534,0.94718617
0.85644770,0.95959967
0.91450870,0.87348652
0.70617485,0.84302080
0.31766951,0.25022730
0.87849987,0.92284918
0.28316233,0.31365532
0.50767243,0.27681780
0.90862435,0.95272404
0.44609410,0.23379037
0.56310952,0.17387006
0.91050845,0.94375002
0.81514496,0.80404592
0.87501389,0.89114791
0.87018937,0.94414365
0.79321265,0.81688803
0.39205125,0.26702121
0.84078908,0.86121500
0.94684535,0.93752176
0.67082542,0.60269165
0.89215827,0.83144921
0.83318543,0.76140672
0.54844177,0.25086823
0.72494668,0.78410792
0.80102003,0.85786331
0.58917397,0.29281345
0.68928194,0.70345747
0.74640536,0.90486759
0.45788777,0.47359255
0.72731507,0.75320292
0.84315127,0.88372147
0.97136372,0.96178764
0.72660220,0.80204189
0.34348121,0.21891502
0.85018206,0.88470757
1.01454592,0.95590001
0.61512214,0.72039109
0.00001454,0.13315079
0.88352972,0.88758594
0.80222863,0.86063218
0.85583013,0.73494339
0.87921321,0.92040634
0.89022756,0.91938025
0.49528584,0.26233122
0.54530126,0.35845995
0.45281953,0.29174992
0.62535679,0.74594754
0.79811013,0.86434209
0.84081984,0.68731707
0.75687730,0.73861116
0.74658912,0.79933137
0.85632139,0.87618434
0.83920860,0.91233575
0.87868929,0.90985346
0.89918840,0.95246643
0.74154925,0.88553327
0.49224025,0.30136934
0.73782170,0.69969070
0.62934715,0.59131038
0.73410875,0.92737734
0.94383299,0.90550238
0.40299231,0.32065657
0.21151543,0.12341198
0.49872687,0.63449591
0.68751901,0.56483519
0.87546980,0.79153407
0.79391205,0.75685716
0.91265118,0.85959321
0.61585730,0.32328284
0.90146279,0.97483182
0.87792957,0.93755800
0.77307123,0.75008893
0.59349602,0.54827785
0.81936765,0.77899390
0.77741259,0.86642855
0.81606364,0.85757929
0.85181499,0.80524760
0.88617748,0.89142627
0.79992718,0.85637563
0.68351722,0.55213892
0.84677523,0.79657477
0.67210621,0.93150687
0.61048299,0.64687014
0.72032225,0.81788236
0.82998943,0.93490839
0.68365383,0.60836816
0.73728800,0.75797695
0.47163445,0.37491038
0.89463615,0.84554595
0.78248668,0.94024563
0.87315685,0.89032346
1.00362313,0.94315207
0.76267207,0.70266181
0.38081446,0.17724867
0.82099360,0.95757121
0.84219241,0.66002661
0.94458550,0.89160919
0.73675829,0.71016461
0.70647061,0.17304045
0.69691551,0.63766545
0.63940382,0.65249920
0.79353160,0.79832476
0.87219179,0.75634831
0.90237856,0.93308949
0.81017852,0.91925669
0.80885702,0.61354744
0.72009605,0.71067053
0.47659567,0.49853435
0.89350557,0.96987951
0.47642884,0.47457367
0.75606441,0.46507189
0.96852928,0.95709866
0.90461183,0.84032446
0.83338326,0.79147798
0.30482966,0.22571428
0.62754446,0.62316215
0.78836811,0.94026083
0.94889665,0.95509452
0.89681935,0.91946626
0.85259849,0.86271608
0.72644758,0.67736185
0.38791946,0.29299012
0.89528716,0.93160981
0.92999411,0.84429461
0.96772516,0.93079340
0.97719806,0.92286462
0.48275155,0.27491388
0.56846470,0.47344095
0.30468416,0.27841941
0.57079530,0.48061144
0.94299030,0.93051064
0.71135175,0.75789320
0.88404489,0.94412440
0.80701232,0.77607644
0.56346899,0.72667122
0.73974156,0.69301343
0.21940225,0.17293985
0.88942063,0.96814185
0.75970733,0.82575756
0.71064937,0.72635400
0.72966492,0.86697614
0.75892133,0.31173092
0.31273776,0.39001819
0.47300178,0.16899768
0.83771336,0.85553277
0.61833495,0.81164742
0.34518939,0.16834933
0.47267127,0.42169273
0.82344550,0.80127829
0.85631859,0.89919740
0.76598096,0.79312229
0.67466819,0.57057905
0.95930755,0.88174176
0.77497905,0.85781008
0.67269135,0.64401621
0.89184600,0.83227658
0.87015486,0.95726961
0.87831807,0.91936576
0.78232914,0.83569002
0.71055579,0.68053460
0.83471990,0.80092055
0.90965486,0.79621947
0.73560762,0.63051528
0.55027139,0.36483938
0.80329984,0.93216443
0.71444935,0.86294699
0.85881734,0.85502547
0.61787736,0.61018181
0.62827748,0.49695927
0.43031079,0.32577950
0.81027699,0.82228351
0.84819072,0.87309384
0.80342716,0.95283973
0.32110643,0.26299021
0.68089187,0.89971167
0.69013345,0.33002645
0.83656329,0.84373164
1.00009871,0.92684191
0.82905024,0.87118959
0.47337884,0.69461000
0.79123861,0.88480371
0.68492603,0.77288473
0.65132892,0.62577182
0.82125866,0.84312797
0.62249136,0.85797119
0.73460174,0.82330436
0.76297408,0.95151877
0.79749608,0.69807410
0.82625902,0.72405922
0.78282046,0.77265352
0.82212520,0.67525947
0.80878133,0.83003324
0.61263990,0.62389106
0.77984512,0.75815243
0.42560124,0.28270778
0.77597642,0.77167141
0.70971596,0.65917218
0.83152306,0.93516433
0.89511573,0.93100321
0.96513891,0.87618065
0.77145028,0.81323248
0.59690952,0.52777779
0.65116280,0.84273905
0.92110175,0.92441005
0.71851850,0.58058608
0.90115261,0.92202109
0.89376205,0.92261904
0.83082300,0.92895114
0.86529326,0.97321427
0.88814497,0.94377512
0.74956572,0.76018411
0.84015691,0.67623830
0.84550780,0.89098436
0.96752560,0.91602188
0.21851209,0.17230944
0.69155264,0.32973078
0.74043012,0.81386065
0.52010423,0.27668396
0.89487028,0.87431556
0.71031845,0.56918818
0.59815097,0.42682275
0.76430643,0.63289338
0.82144296,0.77915019
0.79060733,0.60599780
0.91928536,0.88887203
0.89334863,0.87887549
0.92969859,0.86881334
0.81941688,0.84907150
0.88349426,0.91576087
0.49483719,0.28926456
0.69031972,0.47911146
0.66788524,0.72467917
0.55629647,0.25419217
0.41979581,0.47933921
0.79652464,0.79894364
0.95969081,0.92743337
0.71989262,0.64779776
0.89220893,0.84539419
0.81410754,0.91399813
0.80196702,0.87271202
0.79794532,0.89002138
0.68932861,0.66373658
0.86072898,0.95114291
0.76341391,0.88769233
0.84769285,0.90360600
0.93959963,0.90453696
0.86153811,0.87023139
0.65345359,0.56904960
0.33176297,0.16021530
0.74565566,0.58776891
0.68303812,0.71616167
0.70455801,0.37820470
0.68393183,0.65054834
0.60857636,0.50625002
0.88732290,0.94345587
0.40247637,0.17151481
0.57533789,0.46443731
0.93133962,0.88044626
0.77609837,0.88876408
0.46844351,0.11137762
0.82846034,0.82759631
0.49013653,0.33913177
0.43472481,0.40757680
0.78716314,0.59522474
0.93002623,0.82589042
0.94817615,0.89339018
0.93793237,0.93048781
0.90984774,0.87427169
0.83525276,0.87892240
0.85012162,0.87680632
0.63423097,0.65094632
0.88418877,0.92667466
0.81061971,0.82291138
0.94398850,0.93553358
0.76386797,0.88555944
0.97201377,0.91696113
0.88875955,0.72555214
0.48388687,0.28170526
0.34009603,0.37861234
0.80473882,0.80787998
0.91913295,0.75822806
0.73641413,0.76342481
0.89377201,0.92787415
0.31116259,0.25668153
0.83345330,0.90701222
0.49865142,0.44807673
0.84500062,0.81018358
0.88374311,0.91454196
0.46284953,0.38902196
0.65536577,0.68171883
0.86959255,0.94202447
0.86735749,0.88461536
0.63604188,0.61678380
0.86832106,0.81605130
0.79787904,0.85770750
0.70993400,0.76175278
0.95626098,0.84337181
0.81512976,0.74940479
0.55615330,0.31749630
0.98995852,0.93988925
0.59763479,0.40856928
0.64966840,0.61964816
0.90726787,0.84441388
0.31832701,0.26264372
0.72016573,0.81456357
0.92702782,0.94091511
0.93760335,0.94483697
0.66229898,0.77436751
0.77523077,0.73497641
0.87093788,0.92367995
0.71918523,0.77442616
0.91127086,0.94002044
0.64484209,0.63948178
0.53520107,0.29001552
0.56854516,0.47703418
0.44001678,0.46399826
0.49135301,0.37721276
0.82906425,0.78236324
0.80861986,0.92214078
0.39416751,0.27103627
0.72999972,0.76398522
0.76633030,0.67205632
0.80688977,0.83523494
0.61018121,0.64715928
0.66006500,0.51620871
0.61097991,0.32157460
0.53480256,0.45544040
0.86921144,0.87108934
0.86931241,0.89443016
0.78579050,0.83858269
0.63774681,0.57860529
0.75145948,0.88908589
0.90266722,0.89660627
0.95984685,0.92574090
0.66499007,0.54323483
0.65609819,0.60007393
0.91515988,0.91481650
0.75783581,0.81704611
0.78240532,0.58841795
0.86837602,0.88918424
0.98330796,0.91494471
0.52657139,0.68860352
0.54768699,0.52295959
0.87416172,0.88658679
0.85418618,0.94576925
0.67290962,0.49879763
0.90187901,0.90279007
0.88678932,0.88721806
0.77676260,0.81605262
0.74393344,0.87434340
0.82704282,0.90211141
0.81509709,0.77503872
0.77222103,0.71505392
0.97695661,0.88430274
0.86594778,0.92897898
0.85691857,0.90256023
0.52632362,0.40279752
0.78241432,0.84916544
0.71310294,0.83684731
0.72353619,0.70334005
0.77413869,0.87882924
0.88627613,0.87598771
0.46942911,0.31770834
0.53919321,0.28206921
0.86124825,0.89248365
0.72735667,0.85238957
-0.05130041,0.05983176
0.91990989,0.85267913
0.85033083,0.77992070
0.90975678,0.86928755
0.89625418,0.96528614
0.69217527,0.71977520
0.96428227,0.96238422
0.83434069,0.85739511
0.87700963,0.78503537
0.68208033,0.79966629
0.80329275,0.93440080
0.95316476,0.92379886
0.99354225,0.98342597
0.35864729,0.20089869
0.85912895,0.90116090
0.73754078,0.69155842
0.74170482,0.78557223
0.84392095,0.89515465
0.82073218,0.93720782
0.85476017,0.92423284
1.02532196,0.90575522
0.30173793,0.13828705
0.84724730,0.86878383
0.53121060,0.60396838
0.95329440,0.96349204
0.75329465,0.51846373
0.85813135,0.93656617
0.94857717,0.89278406
0.83713573,0.87902308
0.35937139,0.30046332
0.82503885,0.53138095
0.99204928,0.87888008
0.62335241,0.75535089
0.99452114,0.93247199
0.74841368,0.79126173
0.66878712,0.76397306
0.38731802,0.49263170
0.79269218,0.87048954
0.44191006,0.31396824
0.75652766,0.84852940
0.83836883,0.83923560
0.80400717,0.77722436
0.69301069,0.54607058
0.54302591,0.39491045
0.53188604,0.36439809
1.00182986,0.92298979
0.52886999,0.35971594
0.83622277,0.66836733
0.70744288,0.82934022
0.84913641,0.74916667
0.71099937,0.56794870
0.22802195,0.26325795
0.39127490,0.32736620
0.49017078,0.47069946
0.83113635,0.84627378
0.37302840,0.24463277
0.82286286,0.89110482
0.77418578,0.88505620
0.96597952,0.94174266
0.33387285,0.41137549
0.80014944,0.91608393
0.86286724,0.79931033
0.70661545,0.51875001
0.82671326,0.91388160
0.85020036,0.92925030
0.77026320,0.78833914
0.78002357,0.79221088
0.45303273,0.35390970
0.78577185,0.81076223
0.78537166,0.05911645
0.93001866,0.91886663
0.70328754,0.56222737
0.63468009,0.68636763
0.82459593,0.95931786
0.59331530,0.32346126
0.83133823,0.78118002
0.71950418,0.85876667
0.91197264,0.88779765
0.59474295,0.71874297
0.63895762,0.53004801
0.92747432,0.95449668
0.74531662,0.79494876
0.91891575,0.87537640
0.82643443,0.86697876
0.85782182,0.93665755
0.88575119,0.90814400
0.65573210,0.65395433
0.86159396,0.89931768
0.28422934,0.18908121
0.68628079,0.82154208
0.63072491,0.69164246
0.81548357,0.93209720
0.44250828,0.35555893
0.95232290,0.80653161
0.73692310,0.85493028
0.57817155,0.38282001
0.48950925,0.19711182
0.86712825,0.95179147
0.41316670,0.12941177
0.49172959,0.31220102
0.62289190,0.44861254
0.67296672,0.58635527
0.53901887,0.44241595
0.74717098,0.79017901
0.74539900,0.73001599
0.69088572,0.71861422
0.72918367,0.73753810
0.74960321,0.71454597
0.86483586,0.92307693
0.78715724,0.80853629
0.85686213,0.81911242
0.53467476,0.61310273
0.59261197,0.16138309
0.76953804,0.91361284
0.85893530,0.93801761
0.79042846,0.73944688
0.92521423,0.95026594
0.72270042,0.68241286
0.47316056,0.29026577
0.98119599,0.90825266
0.70673048,0.56674302
0.88503212,0.83006382
0.52077621,0.37950405
0.25237429,0.24927419
0.51207167,0.66252685
0.20814204,0.16204339
0.95748651,0.93233085
0.37914965,0.31582168
0.63667721,0.54292929
0.65001202,0.50508738
0.77831852,0.72426468
1.02501488,0.96746254
0.52026713,0.65416348
0.75492680,0.73229450
0.77888924,0.83696705
0.72130954,0.91287881
0.84057927,0.78899848
0.61912727,0.67014772
0.62762332,0.66860127
0.97643036,0.98486894
0.83761835,0.91407204
0.81087613,0.79912353
0.97059727,0.90790600
0.66553801,0.70644838
0.82216477,0.91641748
0.70734054,0.84031063
0.72336817,0.87734169
0.55819774,0.62949657
0.89908737,0.94938821
0.88016927,0.82608330
0.88006556,0.94702840
0.71032304,0.63105524
0.93190396,0.88569623
0.88402164,0.77464294
0.62480175,0.74545455
0.98090422,0.98336834
0.93930757,0.91069108
0.96223783,0.89937484
0.84508151,0.78953713
0.75710309,0.76818180
0.75839472,0.57471848
0.95315742,0.93378985
0.51780540,0.52639496
0.81158757,0.76866150
0.76876295,0.89826912
0.85935682,0.84943604
0.80977833,0.81756449
0.38742524,0.24496280
0.81176531,0.76861268
0.95549285,0.85765803
0.89719093,0.90140927
0.86822844,0.84456784
0.81830370,0.91470444
0.90414882,0.92037565
0.87342322,0.85377020
0.89478922,0.79467213
0.92303079,0.94008398
0.79602307,0.65170592
0.82892632,0.91676092
0.64066970,0.90826541
0.77880442,0.60053039
0.81368792,0.76889235
0.72653008,0.65831244
0.94380444,0.86602229
0.88434404,0.93534577
0.84372151,0.86279762
0.82817602,0.94604290
0.61570072,0.39957401
0.33208272,0.24195077
0.73476923,0.93266457
0.80069220,0.80518061
0.69915813,0.72062546
0.78960264,0.78055555
0.63156962,0.56966841
0.92961550,0.92892653
0.88016546,0.95193678
0.66196656,0.38558289
0.84418476,0.90510201
0.92130023,0.89741594
0.52189958,0.37056318
0.93766969,0.89875025
0.93935442,0.86353403
0.82473779,0.83863795
0.94621086,0.93527162
0.73626709,0.75619966
0.90900737,0.92960197
0.46615553,0.44396770
0.73183966,0.70168668
0.65446150,0.83679587
0.82605404,0.69344342
0.71595544,0.89650995
0.76738441,0.60600597
0.83342254,0.99450552
0.44443768,0.51262629
0.97111320,0.95794207
0.96045542,0.94287515
0.82619536,0.83426428
0.94949937,0.86212325
0.89941728,0.94481504
0.67693377,0.85546035
0.58823955,0.60193843
0.86515605,0.86465520
0.72149193,0.69813317
0.63079149,0.64303428
0.68442822,0.53717440
0.70456481,0.84272724
0.71272063,0.54914093
0.75995713,0.78872246
0.85540020,0.90750098
0.95989788,0.96502912
0.63609946,0.54791605
0.39755344,0.28604645
0.89003754,0.88689107
0.72826529,0.63084817
0.70905435,0.81448370
0.69752753,0.84798652
0.82586545,0.81720990
0.65024704,0.61100036
0.53524506,0.37871712
0.99019325,0.93508095
0.86192095,0.95268255
0.60640848,0.63884330
0.88121980,0.91655874
0.46881849,0.18856642
0.65422821,0.43263334
0.48044610,0.22155657
0.90354669,0.89042938
0.68808758,0.45910111
0.82331479,0.73458838
0.92575526,0.89012313
0.82835382,0.83894086
0.88348103,0.95038587
0.86604750,0.79125559
0.71506834,0.82203388
0.85687864,0.82721812
0.78292584,0.92786938
0.36534303,0.23721561
0.75464082,0.80576110
0.81806242,0.80829614
0.37620986,0.37508041
0.31463411,0.39418384
0.84360588,0.93737882
0.75261056,0.72736418
0.89741683,0.94878781
1.00086176,0.96307963
0.40889019,0.23443674
1.02391422,0.95625705
0.54309255,0.32948253
0.48083916,0.33280957
0.77588463,0.92866290
0.56939155,0.59002978
0.90553665,0.86577785
0.77212870,0.67957091
0.51152116,0.37083334
0.41249588,0.30060565
0.86258852,0.88114440
0.82337582,0.86221063
0.86991245,0.92929351
0.94921887,0.94755554
0.88002235,0.93284994
0.73275483,0.79547930
0.90238833,0.59764564
0.24693853,0.18849500
0.61418998,0.45049426
0.55431360,0.73779058
0.78656512,0.74086756
0.93070590,0.90647060
0.74759609,0.87305856
0.81617665,0.78616065
0.85148537,0.81487179
0.85980189,0.88617051
0.81954461,0.94964349
0.84913576,0.88360649
0.80085337,0.69574910
0.77992678,0.92451078
0.69868702,0.87648630
0.84748662,0.66000003
0.82327795,0.86680472
0.84090495,0.92136472
0.85638630,0.98305082
0.75754213,0.85917401
0.88124514,0.85643667
0.92566383,0.97607863
0.78562456,0.86778843
0.41279677,0.11444855
0.63525593,0.66009390
0.60685158,0.31722808
0.62111235,0.52303976
0.81200957,0.81928641
0.95055556,0.92797798
0.51632023,0.52903360
0.77301162,0.57935721
0.87853169,0.84517330
0.63540316,0.61519480
0.84098363,0.92339206
0.57154393,0.37234765
0.52190155,0.34595588
0.97653496,0.97681099
0.69474089,0.92441779
0.48495787,0.26586309
0.94049656,0.93525636
0.81493050,0.87356466
0.73788756,0.76463962
0.87331361,0.83113098
0.84175169,0.81653941
0.83200610,0.74366540
0.46678770,0.74915254
0.23673153,0.15166023
0.85674238,0.93917751
0.78756869,0.57265884
0.77015102,0.72574067
0.78514326,0.96226418
0.72411799,0.53176051
0.84531271,0.91369045
0.79962271,0.91626227
0.76682156,0.78528452
0.76569492,0.89729768
0.81302071,0.58861798
0.78069115,0.73949623
0.69913936,0.33631712
0.80175626,0.65859860
0.96938360,0.94795454
0.89116025,0.90801525
0.81834322,0.82967067
0.36736786,0.30645886
0.53759396,0.50251269
0.74647391,0.57917917
0.86821198,0.94779015
0.47151721,0.41248873
0.65030438,0.48412770
0.91767836,0.84244376
0.94342786,0.96799999
0.75295925,0.70853096
0.18791184,0.34913969
0.73228788,0.74974638
0.57125735,0.58547497
0.89921689,0.89215314
0.71355218,0.78218085
0.89689821,0.93565577
0.80479622,0.78867966
0.93901169,0.96692306
0.30139324,0.26499084
0.20594817,0.19875507
0.86358738,0.89975178
0.72077507,0.64754456
0.93494624,0.95454317
0.55790162,0.42990908
0.86530745,0.87952393
0.69192475,0.80987573
0.83210903,0.68158633
0.80317664,0.96209157
0.57490391,0.77735543
0.88325727,0.91145277
0.81995451,0.89309311
0.47904167,0.53292096
0.93879324,0.96157050
0.80339122,0.87500000
0.81208622,0.82282609
0.78517509,0.91638511
0.54456073,0.58630854
0.91757923,0.93979931
0.64767730,0.59177703
0.84430599,0.89854771
0.80941838,0.72432882
0.69104481,0.63698202
0.86039615,0.93027323
0.67740828,0.56061918
0.76411945,0.77020580
0.66769552,0.42132545
0.80006272,0.94683260
0.89215833,0.90500355
0.91703731,0.94230771
0.72642946,0.65608561
0.72560340,0.74019837
0.76479703,0.70291167
0.39763880,0.44576421
0.62811291,0.90727490
0.85046989,0.94602466
0.46098214,0.33775628
0.88555950,0.95109040
0.89634109,0.91905427
0.59801286,0.50566500
0.86826944,0.90048444
0.66635871,0.59053195
0.99767113,0.97306174
0.73684186,0.75476748
0.55866575,0.33456340
0.89597857,0.96128732
0.84062624,0.81549895
0.80839670,0.85439688
0.77229714,0.85401893
0.78527343,0.85075760
0.99531060,0.95165145
0.97973728,0.92686504
0.45361561,0.48505858
0.95991331,0.95390511
0.84870219,0.80599838
0.85196203,0.90769231
0.77529871,0.79080892
0.79706496,0.90397990
0.63350087,0.36405113
0.81658554,0.87470949
0.90016657,0.93694389
0.69859946,0.79691780
0.76197147,0.78330952
0.87034428,0.96805274
0.74980402,0.76921332
0.94567031,0.93607086
0.68605143,0.72216403
0.79609382,0.94570917
0.72106707,0.78358960
0.13431770,0.22785492
0.23071146,0.30344516
0.95933789,0.97201425
0.91930342,0.92996705
0.50271231,0.49853569
0.70431769,0.71849275
0.80617154,0.95070422
0.93971562,0.88003707
0.71080279,0.83245796
0.80569816,0.69407368
1.01642680,0.97383201
0.82687390,0.84758884
0.93287289,0.91683120
0.87275445,0.84386200
0.91387081,0.90087718
0.67785281,0.79504013
0.86797392,0.90407240
0.87787831,0.88486165
0.59561771,0.47393841
0.90396935,0.81459248
0.81684035,0.65215379
0.66833210,0.70029688
0.78772807,0.76731455
0.76350904,0.65735173
0.87135005,0.87525922
0.56183124,0.51220894
0.89561999,0.79191267
0.90540862,0.83404255
0.94253659,0.95983928
0.50863588,0.36042839
0.87806034,0.80392855
0.83424437,0.85172158
0.64518410,0.72687620
0.90544176,0.92983389
0.90005124,0.95673680
0.91012299,0.95630878
0.78816634,0.97462410
0.87348926,0.89845413
0.78102511,0.79668605
0.97310823,0.88697374
0.84117246,0.86759579
0.68938339,0.88792294
0.93488580,0.93200159
0.94694346,0.93097031
0.81045413,0.85191262
0.34975842,0.43764684
0.85722852,0.95304269
0.98615181,0.92646158
0.42550209,0.39971015
0.82109952,0.67215383
0.34184399,0.25180703
0.74647784,0.81518060
0.93553102,0.86124969
0.78930062,0.81611842
0.76959097,0.84769130
0.42899984,0.50645941
0.04113352,0.08762792
0.28676623,0.21655035
0.88915610,0.88651985
0.70923424,0.83152914
0.77025115,0.82580411
0.64373255,0.56879222
0.71839619,0.51782811
0.85554194,0.92928571
0.62797326,0.61852694
0.80405498,0.87166262
0.68047750,0.56360048
0.86672121,0.86212993
0.82909232,0.78719491
0.29853141,0.27508554
0.81173861,0.04841315
0.80215293,0.80169010
0.60097414,0.68397969
0.87548745,0.91978264
0.87282288,0.94484937
0.43777281,0.38727298
0.83087254,0.90857321
0.83112633,0.89265734
-0.02888751,0.06653640
0.83172774,0.89169848
0.83936119,0.90864319
0.97367162,0.94609249
0.79791570,0.90433514
0.64927512,0.75037980
0.73759466,0.76231754
0.81536341,0.80713177
0.61920512,0.62611806
0.45155272,0.40342155
0.79667711,0.91816008
0.90297061,0.88266206
0.51218301,0.33628988
0.53242022,0.30961546
0.94846052,0.87369770
0.88360918,0.84653473
0.79245561,0.76207525
0.39610851,0.72625697
0.76150310,0.83388489
0.77126586,0.68317592
0.80757844,0.86365926
0.92598242,0.74751997
0.86789256,0.92639738
0.83315772,0.96173269
0.86469585,0.93501294
0.30535188,0.25788260
0.91293550,0.88248795
0.22604167,0.27713567
0.46364519,0.23388544
0.68196762,0.88203245
0.66808707,0.22875798
0.69990098,0.45881549
0.54575062,0.37987551
0.75728333,0.68915665
0.62816864,0.52350962
0.88815039,0.90397918
0.75580823,0.75808090
0.74932218,0.92827880
0.68941462,0.66389322
0.92755306,0.74797606
0.58091432,0.61400348
0.83279163,0.87679505
0.90011811,0.85100001
0.75277311,0.76419407
0.62720430,0.70871383
0.46447793,0.37168610
0.48698422,0.25433421
0.54978853,0.55558765
0.41670686,0.37943745
0.78802526,0.70826066
0.64219171,0.68231523
0.87909716,0.83614987
0.54163986,0.66354609
0.63123077,0.56455427
0.92697185,0.91570240
0.85920113,0.94852942
0.72743881,0.87019229
0.57682931,0.67060351
0.83531743,0.87860221
0.62239200,0.43408552
0.90006614,0.90430224
0.62764740,0.47454759
0.56278521,0.51738435
0.53745133,0.49768543
0.91221648,0.91897058
0.74252021,0.75338256
0.34274778,0.33257172
0.93705583,0.89344037
0.87345159,0.91629022
0.73541206,0.73072940
0.82349843,0.88801169
0.49158952,0.32324985
0.92367452,0.94017380
0.54234326,0.62384528
0.79808503,0.81833214
0.94346416,0.89733124
0.81201023,0.93570572
0.75679719,0.80914003
0.57742995,0.67290825
0.75864875,0.72541469
0.94319928,0.97580647
0.77592510,0.73941207
0.95798570,0.92059553
0.85135740,0.89386451
0.95842540,0.90226364
0.85745555,0.93188852
0.85995698,0.92187917
0.83353209,0.82926828
1.00257587,0.90646851
0.38599551,0.59047621
0.68113393,0.65952832
0.85020554,0.79450709
0.74154186,0.90077573
0.62251431,0.55291277
0.71316850,0.79394019
1.00159407,0.94914114
0.91900420,0.85851353
0.69003099,0.66111636
0.70941079,0.68265980
0.74592495,0.79583335
0.90024370,0.91269839
0.60954142,0.28492424
0.75053376,0.65308434
0.57499760,0.60615385
0.87386441,0.82792622
0.81588674,0.82487172
0.74703300,0.79496950
0.79209900,0.73055607
0.81008041,0.87011999
0.94918370,0.92416620
0.77984774,0.74605095
0.90117371,0.91570044
0.68459523,0.91728526
0.98034847,0.96706986
0.19158274,0.23533912
0.64285052,0.62380713
0.96014094,0.96905977
0.87207472,0.78756368
0.93423760,0.89470923
0.76981330,0.71027851
0.80181205,0.89061230
0.93793207,0.91687191
0.98763108,0.93857831
0.74814445,0.83492053
0.75268567,0.50351262
0.50190592,0.45799181
0.74111438,0.71102941
0.73742533,0.54235274
1.00445032,0.90381426
0.75954568,0.85565293
0.94587958,0.86322647
0.23965791,0.17943865
0.85747337,0.91248631
0.63959128,0.66569257
0.68833041,0.79492009
0.82506019,0.85245121
0.81490737,0.81559318
0.36143190,0.41204482
0.71751261,0.82869667
0.60666609,0.57735616
0.77870739,0.94763815
0.76953590,0.52567416
0.45290965,0.27283254
0.86051953,0.77820754
0.82176375,0.80371416
0.69368267,0.64583331
0.87198251,0.69887793
0.64283544,0.70807451
0.78112423,0.92517263
0.46544236,0.36639267
0.96884072,0.92623454
0.55764008,0.75976318
0.96538013,0.94687277
0.67252743,0.66178685
0.84221715,0.86329669
0.90468538,0.96053946
0.91623974,0.96490383
0.85306245,0.76452470
-0.09761602,0.04907224
0.76107848,0.73474181
0.86966455,0.84605688
0.74441046,0.80925405
0.82680476,0.83467120
0.84301543,0.87336600
0.74939913,0.80581552
0.57271397,0.29188052
0.72774076,0.90178400
0.90623724,0.96808511
0.95472109,0.90359366
0.89504367,0.94184738
0.41001195,0.37508628
0.55965185,0.57276696
0.44151014,0.31777900
0.75985312,0.72867787
0.46611261,0.45838079
0.91854703,0.96690059
0.67811120,0.76967627
0.90659165,0.84325379
0.67775977,0.77817506
0.58233726,0.78527069
0.85534567,0.88919914
0.61268145,0.47211823
0.82653254,0.81373334
0.92942888,0.92434543
0.78874624,0.90702969
0.46991581,0.36060503
0.80574453,0.79690802
0.88382512,0.90548658
0.92765129,0.74968606
0.82165188,0.85537040
0.84101212,0.94372815
0.67525643,0.63958174
0.39368603,0.29538941
0.78538263,0.87087911
0.82839888,0.78552634
0.81095397,0.80993885
0.70024532,0.64122051
0.61305916,0.90967745
0.91707164,0.94041324
0.63392603,0.66906327
0.91683948,0.85280538
0.80506754,0.77713078
0.81125510,0.90087938
0.56275707,0.36320755
0.63689905,0.80348140
0.58677578,0.45288461
0.64249790,0.80483484
0.74742520,0.66613168
0.52895641,0.45424199
0.88269120,0.80536550
0.58230239,0.58970314
0.89563119,0.86410403
0.91773546,0.93724263
0.79498267,0.79350895
1.11973119,0.94241124
0.79971904,0.09493448
0.79885799,0.70093668
0.89287281,0.91849816
0.60200411,0.77214825
0.93949294,0.91477275
0.25207758,0.19832759
0.87705052,0.77344030
0.85582626,0.81774193
0.60434163,0.74101347
0.74650538,0.79667425
0.56069487,0.39893100
0.69311184,0.75262189
0.98870653,0.97436619
0.63658279,0.58208001
0.85921347,0.85481483
0.76339203,0.65468109
0.82657456,0.92648536
0.70746434,0.74169868
0.90678489,0.96470946
0.25966370,0.14268395
0.80836034,0.85882354
0.92279178,0.96330440
0.81983191,0.82924050
0.78191388,0.77595627
0.59409100,0.44452891
0.80434787,0.84760499
0.68573654,0.63616735
0.75503129,0.75533837
0.92797422,0.77235162
0.99793500,0.92451161
0.52996367,0.52540648
0.78334630,0.87541831
0.82931936,0.86324370
0.88658834,0.92401743
0.86603481,0.79488355
0.78774488,0.81569493
0.91904306,0.91648656
0.70018220,0.78724122
0.74078786,0.81261754
0.88379210,0.89749157
0.79395247,0.54038197
0.66448891,0.41161060
0.39613599,0.27785650
0.78446555,0.83435541
0.80738831,0.93596226
0.73453653,0.66906357
0.47765812,0.09331770
0.68156773,0.70543820
0.76843721,0.39207914
0.64553469,0.66717333
0.87450212,0.76567328
0.83441126,0.87568682
0.92117310,0.93506479
0.74239385,0.70934904
0.86392057,0.90208632
0.49244153,0.35040271
0.81068301,0.85967463
0.87779295,0.82354587
0.80661976,0.61100799
0.75984031,0.69261646
0.97340125,0.92561406
0.73482025,0.67673612
0.85760087,0.86098039
0.89347750,0.97058821
0.82276744,0.73329091
0.61553663,0.55677921
0.68130958,0.68556148
1.00177741,0.90425187
0.97956586,0.93237972
0.86416709,0.92176437
0.75179166,0.75551468
0.88723564,0.94066691
0.81678623,0.91112089
0.77114391,0.79359227
0.66391420,0.65434331
0.65889293,0.66588682
0.82213533,0.88086140
0.81116807,0.86908519
0.92207730,0.92590219
0.44605103,0.27918723
0.80767113,0.75859374
0.58382487,0.60708481
0.86669517,0.88536286
0.82514656,0.82017541
0.81393754,0.85367477
0.49284860,0.29310322
0.73556137,0.75720918
0.83496958,0.84809572
0.83064836,0.90018588
0.73492026,0.90471417
0.83824176,0.83271801
0.83024883,0.92495608
0.83256006,0.80089670
0.54441833,0.62819201
0.76225775,0.87680167
0.40355149,0.18476626
0.60392320,0.65500969
0.77694637,0.86213160
0.93018770,0.88749844
0.81678605,0.68462902
0.81547129,0.60758698
0.46221286,0.44687781
0.68942082,0.54361302
0.79817975,0.89737171
0.46119297,0.33808678
0.97578341,0.93352044
0.84751177,0.88174605
0.81706572,0.67734772
0.54985368,0.60252136
0.47910526,0.47512907
0.74603945,0.71401262
0.87974232,0.85995477
0.69619238,0.70470148
0.54119802,0.72416669
0.92648464,0.92451495
0.84452748,0.89092827
0.68057495,0.48940939
0.94504392,0.85253119
0.87046516,0.72226584
0.82278562,0.82371795
0.80238575,0.72313339
0.71134412,0.69491524
0.50275630,0.28302512
0.76486307,0.66316849
0.83872724,0.78918386
0.76359522,0.86122358
0.77474684,0.61486304
1.01767898,0.93851012
0.78186738,0.86617076
0.50725597,0.21854033
0.90945721,0.86709678
0.70885682,0.44594145
0.60478061,0.70934421
0.78889644,0.57563108
0.75878692,0.84181809
0.79523134,0.89143956
0.35609633,0.33776334
0.93301642,0.88076925
0.69727856,0.62833571
0.62312841,0.65507013
0.56577146,0.54255599
0.90703732,0.94780439
0.93122208,0.84815168
0.88216317,0.96512538
0.85449934,0.94533569
0.34853202,0.13820100
0.53329325,0.63128549
0.95776260,0.87087184
0.80485266,0.77670741
0.66652250,0.57333332
0.71861506,0.73601484
0.61781901,0.60244495
0.92107898,0.93458170
0.70405221,0.74855393
0.85689223,0.85432756
0.90032357,0.90358436
0.53439808,0.36324245
0.86933589,0.90914899
0.51301575,0.23429488
0.62019819,0.67422217
0.82881308,0.91130614
0.88369519,0.86633402
0.66048861,0.45963559
0.78014541,0.93364704
0.83494318,0.90337920
0.86445677,0.88635087
0.86942881,0.86596137
0.11314279,0.14238474
0.77253854,0.67353058
0.71753776,0.65959710
0.79253840,0.68902355
0.92746150,0.94130772
0.91896749,0.93890327
0.70353830,0.83010000
0.86669838,0.76870990
0.78454518,0.78508079
0.36634240,0.20129573
0.73399848,0.73593277
0.64879310,0.69652408
0.88637888,0.89276779
0.91178298,0.95815170
0.82749438,0.85358393
0.85296696,0.95081967
0.79755473,0.87386876
0.88757396,0.92785192
0.84222406,0.82240474
0.58856845,0.51847291
0.56839287,0.54570955
0.96167892,0.91483933
0.93490034,0.96159512
0.94893062,0.91969699
0.84466565,0.77557325
1.01730204,0.94213098
0.57287568,0.59547079
0.67521989,0.63316905
0.80207527,0.85747862
0.86575353,0.88942462
0.73855740,0.76581365
0.94579995,0.92413795
0.81368053,0.86388087
0.82250780,0.90184408
0.91316724,0.94159889
0.63745290,0.47769994
0.54334342,0.51582682
0.69708550,0.65855271
0.64208794,0.55837613
0.70619875,0.86041665
0.96765006,0.81261653
0.64194798,0.64788085
0.82503557,0.90757883
0.62567222,0.68867254
0.31101006,0.27033615
0.85102665,0.86742425
0.97860694,0.95296687
0.82759076,0.87668997
0.62495691,0.70405483
0.89089024,0.90872830
0.31086421,0.26891235
0.41494066,0.28844616
0.89310932,0.93867528
0.87934935,0.95836520
0.91956598,0.85400099
0.62460792,0.64777327
0.87943757,0.94413793
0.34412292,0.58318377
0.85060263,0.87031418
0.92288065,0.90730679
0.89261937,0.89260840
0.87840039,0.85858172
0.66543072,0.44202900
0.42644635,0.22620282
0.85414201,0.93948317
0.97575426,0.95407110
0.81401652,0.85167789
0.51504731,0.31044713
0.65516162,0.53255486
0.69158268,0.65804696
0.61062080,0.71916008
0.90864944,0.82708436
0.86667281,0.90111095
0.88072890,0.88809043
0.56844085,0.61163920
0.57678103,0.29148528
0.84454060,0.84470338
0.69661242,0.76190341
0.68587565,0.67272520
0.86297488,0.96080023
0.90617919,0.93525702
0.91877675,0.96389180
0.72835237,0.64065313
0.71369290,0.72689146
0.85213488,0.77282280
0.60439789,0.57794201
0.20777959,0.35547245
0.75238013,0.93001091
0.79886645,0.76111454
0.50985521,0.52020627
0.37149206,0.17866541
0.79348063,0.69835669
0.66981316,0.33899325
0.76357770,0.67985255
0.98396313,0.92778361
0.25637081,0.10347844
0.87054551,0.86087668
0.91032845,0.91655713
0.62516630,0.68643981
0.76997232,0.61396575
0.76125532,0.78740156
0.85486454,0.83333802
0.54627246,0.77130038
0.89926946,0.94031703
0.80375141,0.91185915
0.92104417,0.83411217
0.43739590,0.89218092
0.72309482,0.73265839
0.92851675,0.94374889
0.83719808,0.89110535
0.59803206,0.51438850
0.67713094,0.74140918
0.68884557,0.72272569
0.41044414,0.25613412
0.80012941,0.91926461
0.66195625,0.67595762
0.48717153,0.35258478
0.67855477,0.75138831
0.86103016,0.97033179
0.69703490,0.56723893
0.29281956,0.06769641
0.87274498,0.90299064
0.62127745,0.75866234
0.52135289,0.55458927
0.59136093,0.64275974
0.72042972,0.78007442
0.95579773,0.93749142
0.30986172,0.33064476
0.18104073,0.13935617
0.72154069,0.76309842
0.83400953,0.70236617
0.82617033,0.82342285
0.82471937,0.96078664
0.77892298,0.61427450
0.70083940,0.86798906
0.68389434,0.94516754
0.76122248,0.86344659
0.89787567,0.78021848
0.82764548,0.88256192
0.91061902,0.92800957
0.64153075,0.70984000
0.26006725,0.19401021
0.90890676,0.93364310
0.80060560,0.85556608
0.79612058,0.82829678
0.73879266,0.86018974
0.80071652,0.93216723
0.79845291,0.83884478
0.82381403,0.91721135
0.78918952,0.85417455
0.61578274,0.44195944
0.73924947,0.63091153
0.87247342,0.92968750
0.82801020,0.98076922
0.89880532,0.93113101
0.97658896,0.93695152
0.55324417,0.59340662
0.81272793,0.75494677
0.45508662,0.56511414
0.63772917,0.59271789
0.64832360,0.57225901
0.72297907,0.63688868
0.69376767,0.85099202
0.50067776,0.51166642
0.81272268,0.86235178
0.79839325,0.71102273
0.78544933,0.74606460
0.66553861,0.90601236
0.77346671,0.82942766
0.87011290,0.95560515
0.44324592,0.17277816
0.47190368,0.41530049
0.30976561,0.35408485
0.73739183,0.86810982
0.88079607,0.87404394
0.83125252,0.84020394
0.88762367,0.88895178
0.92151546,0.88835049
0.74845362,0.75410956
0.31185389,0.19355844
0.72243160,0.70774949
0.86576998,0.79755753
0.96822822,0.94196790
0.63419509,0.53551751
0.72458452,0.69441104
0.82077086,0.74720901
0.67346865,0.80436713
0.80719811,0.90191597
0.73587370,0.81031436
0.44836134,0.57670254
0.49179411,0.37342286
0.85837781,0.90213126
0.87512255,0.91887301
0.25359216,0.21821387
0.90142274,0.84253246
0.86232495,0.91629750
0.71298522,0.85547787
0.44057819,0.17727028
0.77423280,0.76651859
0.78005397,0.61042839
0.46707937,0.57232702
0.72007048,0.77196455
0.52896261,0.31979588
0.94627488,0.94718504
0.84325218,0.82682014
0.75326747,0.79161072
0.94227439,0.92636448
0.97118700,0.87543857
0.71041691,0.73408186
0.87223893,0.91348845
0.83935034,0.83029968
0.65998310,0.54387695
0.52367997,0.09005424
0.92250228,0.93725491
0.91215670,0.89542693
0.84991097,0.90824288
0.78924561,0.68916667
0.74896121,0.75555056
0.85444337,0.88198572
0.78198874,0.78076386
0.84702343,0.90701753
0.91182196,0.81612223
0.83969212,0.93109173
0.77443177,0.63605124
0.21651608,0.22940685
0.74917048,0.68094826
0.19409016,0.09789793
0.71184862,0.55041182
0.84047502,0.66631186
0.54023194,0.38241181
0.66730607,0.58136481
0.29580206,0.14239281
0.51730269,0.41961285
0.76029170,0.67160743
0.80148888,0.81496948
0.93935871,0.94230771
0.64098638,0.54797554
0.30255669,0.22549520
0.94971323,0.88494551
0.80409193,0.87281960
0.79838932,0.79909480
0.90705794,0.97513658
0.77727616,0.87907219
0.78512919,0.82881582
0.53612882,0.28370300
0.67645574,0.50191200
0.48759890,0.55876905
0.85743177,0.84394497
0.86407304,0.86643320
0.85094112,0.88522571
0.92284191,0.92619932
0.73647380,0.62764049
0.83595139,0.83414376
0.73770833,0.59026688
0.91774607,0.88969105
0.86993665,0.87930161
0.67387706,0.64108753
0.78557205,0.69405240
0.78326976,0.44936466
0.62555987,0.65328610
0.48099536,0.35587573
0.87776077,0.92472613
0.81725138,0.89193571
0.90895784,0.91976273
0.68044549,0.56158555
0.88130081,0.93181819
0.85672164,0.93839288
0.90463054,0.89677179
0.57417905,0.61343890
0.81141353,0.64621210
0.88187516,0.93771851
0.71532094,0.64251715
0.87007058,0.80676502
0.82737547,0.92940140
0.30172983,0.56573516
0.78321290,0.83414179
0.74673253,0.61239034
0.93880999,0.94537038
0.73682934,0.89517760
0.80658573,0.84082633
1.00348091,0.95478034
0.76431781,0.82629454
0.92088926,0.90221554
0.71954393,0.71525139
0.61369461,0.65284371
0.79139400,0.88858747
0.69174188,0.34324324
0.80619162,0.92129201
0.55766726,0.52965587
0.78999901,0.85662329
0.65471196,0.62984276
0.75009316,0.84014910
0.71557403,0.67456281
0.75937277,0.81367642
0.81773460,0.87737381
0.78042883,0.71979111
0.67382795,0.60012245
0.79017329,0.80896324
0.56133854,0.79903263
0.84675729,0.84898800
0.78131574,0.89979094
0.69183302,0.54217803
0.81236458,0.87184513
0.46299464,0.35023639
0.89555109,0.86972600
0.85523587,0.93309766
0.74700272,0.42963848
0.98479211,0.95238096
0.90308338,0.90292448
0.65041471,0.59359169
0.83029193,0.84764689
0.89674425,0.93941593
0.60825431,0.54642147
0.61399055,0.46075755
0.91084981,0.78745866
0.90114367,0.88140428
0.81977749,0.85532874
0.83497262,0.87586004
0.52578348,0.41097781
0.58785713,0.81294906
0.63105279,0.69873011
0.80378342,0.76341772
0.52855384,0.41939652
0.93295527,0.93331707
0.59239674,0.38063678
0.71329534,0.81461120
0.84299040,0.86356544
0.79767728,0.81888497
0.80718660,0.70126402
0.83648950,0.84600532
0.77081609,0.71799242
0.76722980,0.80576766
0.20193025,0.11573371
0.22067270,0.14471753
0.37145191,0.27370870
0.42160186,0.21802193
0.87770277,0.86745286
0.81862032,0.91761792
0.46137196,0.55567831
0.39946088,0.08684523
0.96606791,0.90174997
0.78992105,0.97752810
0.75023806,0.50587827
0.85910845,0.95787656
0.72079432,0.82811010
0.67949384,0.58943623
0.76856041,0.84034121
0.65828854,0.72468823
0.46175256,0.41787943
0.62849820,0.67524695
0.75766361,0.88715434
0.82975411,0.85143358
0.74579668,0.76572299
0.86796659,0.73267573
0.59932411,0.41130349
0.48913148,0.41253459
0.46479425,0.42333701
0.79192311,0.80225331
0.39865565,0.37073177
0.92280090,0.89083129
0.94800073,0.92635638
0.79517251,0.90638530
0.99842715,0.92786336
0.89134717,0.88932884
0.85453117,0.87222224
0.80574548,0.76081729
0.87236375,0.84429973
0.79114604,0.86156839
0.63224745,0.45977011
0.94660628,0.87298405
0.71877110,0.47832707
0.59715420,0.52225542
0.77035803,0.79806578
0.81667298,0.88583738
0.85912681,0.87263954
0.55487710,0.70811111
0.86791301,0.81082720
0.74952692,0.75315470
0.60122699,0.55298787
0.88033873,0.86960250
0.86361164,0.89337331
0.36849263,0.29517210
0.43402818,0.38227704
0.83060133,0.94754153
0.79766905,0.89941752
0.76861012,0.72067940
0.85493398,0.92671192
0.70250547,0.72892541
0.56878096,0.40477979
0.50600827,0.49698871
0.69084895,0.22254266
0.83352411,0.91021466
0.62992144,0.75062531
0.84463632,0.89143640
0.93811381,0.92778337
0.92530417,0.84831065
0.82448202,0.81224483
0.73472846,0.76156652
0.90860784,0.82895660
0.63415802,0.54846936
0.89432818,0.93164825
0.66711706,0.79267889
0.36088955,0.17075326
0.59972399,0.27600297
0.97054154,0.93757331
0.82208419,0.71526593
0.69825423,0.66985452
0.60737973,0.41604635
0.85852069,0.81719166
0.23907083,0.21320389
0.66487497,0.72617304
0.95919162,0.94099051
0.68025362,0.75108284
0.58406359,0.46733695
0.05687964,0.10089324
1.03115106,0.94463146
0.70227027,0.74892473
0.78446960,0.84465814
0.63706976,0.58803153
0.79525590,0.78171647
0.80308926,0.86781013
0.47486326,0.48348597
0.84427845,0.89264327
0.63024724,0.50515997
0.90843594,0.91790068
0.33997115,0.32206389
0.82863128,0.85796642
0.63046867,0.50573266
0.31057614,0.20284900
0.90724981,0.87166619
0.86836141,0.93390751
0.82898760,0.99810249
0.54205495,0.66365343
0.62431729,0.42079458
0.75818777,0.71060944
0.91753131,0.93063945
0.80208707,0.73101854
0.85451812,0.95595813
0.74831104,0.61693120
0.78583974,0.85039145
1.04517901,0.96496212
0.41707116,0.24882154
0.90717399,0.92705601
0.82516015,0.88428366
0.49014097,0.38980940
0.79128718,0.93256634
0.89712405,0.83937222
0.69033062,0.72542518
0.69212711,0.67465597
0.70240605,0.82082480
0.88445669,0.90278625
0.83816636,0.89822596
0.74700630,0.68520772
0.65119922,0.38532355
0.63987726,0.48704740
0.83910352,0.83126938
0.34746927,0.18162036
0.89914799,0.90208477
0.80342239,0.77817488
0.87775421,0.97225618
0.27926534,0.19789402
0.83611655,0.89963681
0.92588156,0.94377440
0.82109308,0.85839826
0.70639455,0.61078435
0.52019042,0.61413044
0.94030952,0.93711191
0.87764364,0.76545084
0.99017620,0.97058821
0.42014837,0.36443609
0.43402156,0.36312521
0.85254323,0.76708263
0.59267360,0.52937502
0.84129536,0.79024607
0.79081416,0.89081454
0.82034117,0.86110950
0.73844969,0.75369942
0.46891585,0.35006940
1.05360150,0.94548410
0.81660378,0.66498518
0.80998731,0.81830639
0.84946686,0.82892108
0.78415263,0.88184768
0.42730048,0.27616072
0.82099247,0.79850364
0.87614989,0.89065719
0.84707057,0.93086231
0.94401979,0.72998244
0.85587680,0.84679800
0.46899503,0.21632653
0.40476769,0.33326069
0.34776735,0.19183815
0.62784797,0.48743087
0.90530115,0.94407952
0.85765988,0.89401984
0.87022054,0.81552893
0.82955873,0.92807019
0.83714044,0.78325993
0.85850894,0.86732459
0.78961647,0.77313966
0.77852178,0.77454948
0.63299441,0.74046820
0.83796144,0.85392076
0.79784101,0.83129698
0.89801395,0.83756614
0.90085810,0.93528140
0.94210696,0.88186926
0.69804043,0.79381973
0.71334445,0.69688696
0.88559711,0.91922879
0.83685869,0.92652273
0.86793149,0.84664577
0.78642720,0.76540387
0.78238916,0.89585638
0.84239000,0.93859649
0.45720261,0.32080314
0.81145680,0.77245408
0.87300354,0.91573280
0.66504061,0.64191377
0.77434385,0.85057473
0.29320419,0.14787246
0.87807846,0.84416056
0.82332551,0.79087746
0.81674814,0.89317387
0.69126868,0.64391613
0.78333658,0.88299233
0.53481895,0.43194795
0.73971492,0.67963105
0.79127854,0.65176547
0.85917270,0.82643163
0.81740761,0.75226355
0.77608466,0.75716102
0.63863099,0.44025022
0.64078486,0.60747039
0.84015572,0.78223419
0.89147967,0.86879975
0.81798625,0.76255196
0.93943524,0.88927275
0.94001573,0.96808511
0.59484786,0.54241073
0.80404347,0.75661653
0.46642339,0.09863760
0.56410974,0.55715907
0.81529301,0.73624593
0.81442034,0.79540890
0.68670750,0.71696526
0.72500288,0.59149587
0.92667902,0.93978560
0.81017280,0.96419412
0.69417906,0.69525450
0.83800220,0.49738893
0.76192242,0.76723981
0.98741996,0.95720690
0.88506728,0.90099812
0.87202054,0.95794469
0.32025427,0.30288059
0.74121040,0.71082675
0.78074783,0.86419159
0.72742575,0.65958905
0.89163911,0.85815513
0.76565015,0.74333793
0.71583247,0.66988039
0.67831993,0.71070814
0.73592794,0.94148535
0.63189512,0.81313258
0.84968823,0.79290372
0.79374361,0.64735752
0.84537971,0.79436970
0.88350445,0.87596530
0.90185320,0.87224531
0.92856330,0.95764995
0.42022252,0.36092472
0.79921979,0.62922239
0.90373343,0.92874461
0.80601352,0.74860299
0.67527604,0.70526314
0.83784497,0.89749998
0.45916891,0.37449864
0.93579042,0.95026022
0.60742980,0.32028005
0.69264406,0.64425415
0.91384059,0.96162230
0.78418994,0.76695514
0.71479392,0.77394414
0.48279864,0.63053328
0.87037504,0.95596242
0.78600168,0.76823986
0.74443579,0.75105363
0.39228654,0.32566988
0.77733779,0.68333334
0.55793232,0.69332433
0.08149719,0.08037448
0.76082355,0.89220911
0.93191516,0.96814519
0.81089312,0.84479272
0.79489315,0.79338527
0.81594402,0.94954646
0.67743880,0.43284315
0.84900808,0.69583505
0.95983118,0.89440757
0.48857942,0.36039910
0.39976808,0.35332921
0.84599751,0.68539518
0.68847501,0.74256802
0.69835997,0.48081312
0.60735345,0.53971231
0.84251130,0.72615498
0.98987252,0.92392248
0.98818785,0.96382010
0.71658909,0.73432392
0.85328645,0.86331171
0.81222349,0.78166544
0.78517735,0.89899069
0.74750197,0.76608050
0.77665228,0.86064786
0.71219671,0.82148719
0.55931693,0.58672035
0.95532340,0.93351567
0.37770736,0.42465344
0.58500183,0.68576086
0.54593176,0.52576363
0.73914659,0.70784760
0.79078972,0.53574198
0.85614240,0.91157508
0.82183397,0.74523485
0.92273998,0.91091871
0.74500895,0.82977635
0.67829806,0.81792766
0.79825795,0.88826263
0.74620974,0.72435689
0.72702956,0.75868577
0.75070524,0.67637467
0.78434002,0.99567723
0.90545642,0.92606348
0.58578032,0.57397401
0.87858713,0.90356058
0.83204740,0.71961153
0.77221572,0.79880536
0.61740106,0.50130612
0.89323926,0.93789756
0.83959091,0.95311296
0.78297198,0.81991476
0.77309102,0.72814614
0.73124307,0.71362889
0.74522310,0.83389235
0.81105328,0.83451200
0.87605178,0.78860199
0.77444386,0.73657191
0.82930982,0.84061986
0.84367919,0.94540530
0.79073286,0.80648643
0.26406673,0.31366667
0.87250113,0.84796661
0.73833352,0.73351729
0.53465748,0.54718840
0.88607365,0.88162988
0.78709340,0.81057250
0.90623426,0.92400765
0.62694079,0.57354552
0.84978610,0.87233663
0.44918934,0.50428438
0.50911295,0.13711420
0.39184195,0.32454872
0.80601239,0.89262384
1.02630281,0.96363014
0.32846183,0.19509904
0.90340006,0.99425286
0.67151731,0.72651094
0.69962579,0.60988230
0.57044423,0.60228240
0.83484441,0.88930732
0.88973564,0.86408865
0.48677760,0.34537953
0.79456151,0.84377444
1.00883508,0.90561378
0.25036845,0.13695097
0.43724683,0.50378859
0.77397436,0.74292064
0.86997879,0.79004449
0.26783091,0.24258862
0.76896292,0.86763489
0.86551636,0.94272786
0.90273595,0.87228262
0.85946679,0.93089473
0.61808097,0.82659674
0.72995496,0.56715345
0.60719627,0.43750000
0.65025097,0.64929664
0.78807300,0.87730443
0.78640771,0.87369418
1.06358171,0.93460876
0.76218843,0.83190787
0.94270718,0.93884945
0.82174325,0.93355179
0.79677218,0.68113589
0.85849983,0.92294228
0.86013520,0.92998475
0.66188550,0.72939563
0.86725456,0.81197727
0.89658952,0.93533128
0.72029293,0.66155618
0.84548938,0.83815289
0.62615287,0.64594233
0.59609258,0.42381462
0.45973849,0.33714616
0.29729605,0.19290447
0.88450664,0.88418782
0.68723965,0.52502614
0.34934154,0.22745098
0.84443057,0.81343281
0.48446038,0.29205781
0.90134132,0.87623543
0.62363583,0.67069441
0.81938326,0.84294069
0.87925577,0.93773043
0.81801921,0.81463414
0.86889130,0.94401836
0.91176611,0.86678141
0.82166290,0.87521613
0.70884234,0.57271230
0.43734506,0.53940362
0.79572999,0.71821153
0.88369697,0.91012084
0.47071642,0.47917229
0.93539995,0.98165137
0.82454038,0.91362369
0.84777945,0.85909718
0.66005939,0.54266471
0.88230091,0.91173846
0.89608729,0.90658933
0.87578118,0.86791629
0.90070027,0.95744681
0.77105391,0.58418125
0.81633091,0.82290292
0.85920334,0.87208658
0.68876588,0.74011052
0.44617856,0.60045093
0.86288226,0.83905226
0.75767863,0.65093398
0.87521303,0.90899503
0.67190719,0.69546163
0.53911924,0.74472129
0.74799073,0.88727701
0.68605661,0.73769182
0.77641618,0.73922074
0.74021494,0.76217532
0.95833087,0.93277627
0.75893915,0.83050299
0.87050354,0.90052283
0.27466592,0.21194558
0.27436021,0.17284226
0.86764777,0.77059960
0.84224445,0.91963649
0.81244373,0.89316058
0.86788613,0.86691087
0.88012117,0.93498981
0.74573088,0.82219505
0.53264606,0.58228850
0.73438138,0.70582694
0.97207803,0.95121115
0.81656879,0.86135387
0.53368711,0.56164718
0.38567334,0.30777812
0.84715587,0.91045171
0.89998573,0.89441824
0.82578069,0.84645456
0.75866657,0.94160479
0.95848215,0.91924030
0.81412208,0.90334094
0.64651936,0.61994076
0.64015949,0.40143004
0.76617020,0.81551468
0.69358236,0.78577238
0.35101616,0.20197700
0.78321260,0.66645622
0.76002496,0.78876680
0.90519661,0.89681494
1.04836822,0.90065694
0.85769713,0.84817350
0.72034347,0.47467282
0.81427687,0.79190505
0.52580178,0.28224444
0.58079410,0.76277483
0.80698186,0.91742486
0.78941143,0.83657098
0.80369556,0.82361144
0.80406272,0.68787706
0.80096757,0.91034049
1.00697255,0.96686637
0.68925333,0.61069554
0.79485083,0.83503401
0.69880968,0.69078428
0.92016304,0.91370666
0.86569536,0.84787780
0.87823272,0.90089047
0.74235833,0.82089055
0.93486428,0.80405194
0.88567293,0.93518662
0.98479229,0.97240955
0.73785841,0.84013987
0.91322696,0.87225527
0.89387488,0.92179430
0.93627250,0.92888987
0.28256118,0.45072746
0.86349273,0.85822284
0.90672517,0.85104918
0.72402716,0.76822382
0.88168967,0.82194221
0.72947502,0.59787560
0.82457840,0.84872788
0.74740148,0.83742207
0.42689988,0.34439981
0.97464240,0.93610096
0.47248408,0.26666668
0.66113794,0.62235463
0.59049815,0.60673052
0.49706948,0.18010005
0.85916662,0.84380031
0.86739010,0.92732280
0.82447863,0.83649731
0.79177332,0.90593380
0.72778553,0.70613438
0.91226751,0.92788690
0.47870845,0.48370764
0.85499990,0.81176519
0.75628334,0.77148271
0.89957005,0.96093750
0.95061141,0.90387791
0.84372860,0.84759659
0.82379234,0.89461780
0.95768625,0.94208241
0.87117434,0.95119363
0.87372166,0.90923703
0.93159127,0.98130840
0.66687739,0.56146836
0.88419265,0.91173589
0.66069686,0.50154185
0.77489114,0.58893472
0.34045383,0.14646147
0.63779312,0.50424671
0.57240593,0.41088435
0.45250475,0.29401568
0.41819251,0.48030955
0.30719000,0.07546584
0.62837148,0.74223316
0.76742691,0.87124062
0.92149073,0.91920114
0.75709558,0.74406934
0.96084243,0.92366052
0.77176452,0.64682537
0.61978936,0.60321188
0.64312267,0.37818581
0.70432103,0.62571734
0.82916254,0.91259533
0.73737586,0.72680253
0.74091661,0.66029036
0.92795706,0.87170118
0.77337337,0.76955587
0.98594099,0.93319839
0.69486862,0.85587108
0.62579560,0.58505511
0.84887332,0.96349204
0.65542388,0.61569321
0.66831434,0.69259226
0.68387628,0.66327536
0.90900517,0.91928649
0.97365218,0.95802468
0.96686625,0.90012270
0.96394962,0.90114379
0.47752854,0.20503296
0.34202158,0.35523197
0.40929782,0.26745707
0.85510743,0.90437460
0.88094425,0.63581181
0.72081316,0.61104149
0.94659400,0.93285304
0.44986892,0.81210190
0.49123698,0.47129482
0.73609948,0.81258750
0.49848896,0.45364729
0.94122440,0.98169702
0.72762406,0.78268450
0.74000823,0.61704546
1.00286341,0.88990861
0.89134783,0.97045207
0.76577210,0.70130837
0.89810699,0.89285284
0.75070077,0.62724870
0.72762734,0.56385195
0.40570557,0.25637975
0.74975884,0.79500234
0.81557906,0.69508725
0.69926387,0.63013417
0.88663489,0.98334062
0.53577626,0.69055158
0.84348446,0.92383808
0.89524281,0.94218361
0.95754313,0.86891854
0.81912053,0.86367422
0.67346501,0.51754659
0.64737743,0.78297937
0.93240684,0.93371862
0.83352232,0.90143776
0.78321707,0.91566491
0.45283324,0.30468205
0.60953701,0.56979698
0.31765154,0.23250675
0.92450547,0.86995327
0.38131839,0.41469720
0.98302859,0.93900478
0.52164137,0.43546876
0.75184709,0.77786911
0.55777115,0.69936556
0.82037151,0.95305806
0.84560800,0.76403230
0.79896748,0.80402207
0.71483278,0.75223839
0.82276499,0.83078456
0.81736213,0.78764856
0.96895796,0.95811826
0.69729251,0.65855736
0.90553379,0.91666669
0.11770388,0.07999019
0.70381165,0.76587898
0.77995199,0.61953080
0.79841805,0.75495642
0.87839442,0.95080733
0.74692035,0.77038592
0.75084734,0.80060756
0.69002771,0.74267250
0.82441586,0.79971099
0.84157300,0.91238075
0.21060890,0.22217397
0.90422201,0.87666112
0.68788594,0.74300504
0.64051902,0.45698714
0.29417849,0.36278734
0.54944825,0.37106428
0.55870986,0.71309465
0.62264591,0.44977465
0.67462248,0.59016037
0.92802942,0.91565895
0.88435435,0.91120613
0.84581101,0.91013020
0.92606348,0.89345205
0.82681745,0.80820620
0.85161626,0.86757928
0.83467364,0.91666669
0.75833625,0.85315496
0.96160269,0.87983447
0.63123965,0.49665090
0.88713318,0.95381582
0.88637668,0.90521133
0.75275159,0.67910516
0.66747028,0.40959081
0.32405508,0.20271671
0.71356368,0.68091470
0.65526724,0.68552852
0.96174181,0.96753246
0.23438361,0.10126051
0.91752148,0.80754149
0.93480504,0.93436402
0.80019826,0.74362189
0.80955714,0.82724601
0.73593855,0.79828215
0.82861859,0.69347245
0.85859931,0.82698303
0.91558868,0.93198323
0.63658822,0.51811862
0.69224852,0.70439917
0.87042707,0.92944145
0.76529592,0.90636706
0.77507728,0.71667582
0.66686183,0.42832315
0.83606648,0.89857936
0.95932174,0.86661679
1.02070701,0.92589283
0.47006232,0.25634059
0.87514371,0.83868378
0.86274052,0.78827751
0.99790967,0.92849410
0.83999860,0.89989805
0.89033073,0.76666665
0.73380196,0.55991811
0.45654100,0.28589076
0.89367342,0.88310915
0.63591373,0.55888957
0.97015125,0.89850473
0.57691991,0.27880543
0.91653669,0.92014730
0.71364754,0.73731178
0.68438965,0.52108461
0.74974513,0.83567995
0.44518727,0.32528889
0.88448799,0.96169591
0.75478745,0.77822578
0.66595650,0.58068180
0.97568178,0.87170529
0.71137869,0.71845239
0.92625159,0.87380368
0.68611330,0.76607144
0.91977823,0.95326221
0.93354988,0.89258462
0.46708491,0.34081885
0.63955170,0.59745753
0.68676353,0.68646055
0.79639030,0.82647961
0.87721503,0.90271491
0.87388307,0.91725850
0.76022142,0.88718826
0.80133539,0.87114435
0.71994966,0.60120356
0.70117658,0.46852174
0.65184915,0.73190427
0.50292081,0.39402726
0.76624322,0.62926930
0.61281794,0.49691918
0.92744714,0.98701298
0.83421344,0.89826065
0.79960954,0.85449898
0.88281476,0.90821499
0.75415969,0.75923043
0.77202541,0.70555204
0.81958568,0.94282120
0.82199800,0.77347064
0.83784020,0.67157787
0.89208889,0.70553362
0.68106943,0.81201661
0.88068056,0.88078886
0.76095039,0.83578432
1.07734156,0.94103128
0.61080265,0.53107768
0.63846719,0.52988833
0.54081881,0.20009609
0.53620297,0.39013493
0.75464320,0.78663665
0.90290469,0.89193547
0.68094039,0.44416144
0.81360102,0.93978345
0.78403741,0.81386513
0.27145302,0.33039546
0.75498664,0.65399677
0.76881188,0.75515068
0.94298440,0.96022224
0.85708576,0.87657964
0.77250552,0.84198749
0.76262212,0.86983937
0.74658179,0.78114754
0.65006763,0.78111744
0.71497071,0.56970626
0.87392658,0.92520034
0.77738059,0.79707003
0.77449441,0.89074498
1.00793815,0.84968865
0.74873793,0.76813245
0.72109377,0.90280050
0.89119303,0.94572371
0.75827992,0.82553840
0.70620036,0.65357143
0.86611176,0.95462906
0.64314747,0.66510111
0.81471604,0.79662228
0.89880669,0.90443242
0.75701845,0.84760690
0.78947175,0.83841294
0.71740353,0.67039657
0.81476802,0.83207256
0.75774008,0.81657487
0.77486610,0.77877766
0.44639775,0.31129807
0.56548369,0.68655598
0.54079038,0.59858119
0.27803534,0.17453220
0.78858066,0.93983346
0.83616328,0.93475556
0.82231140,0.75798655
0.75606447,0.70731276
0.74000955,0.71174288
0.58127797,0.35124078
0.87457132,0.91406113
0.76857537,0.76807600
0.80500036,0.76313525
0.32701892,0.31278375
0.51404440,0.44432133
0.84719872,0.90317613
0.73054057,0.79202557
0.90675974,0.93099362
0.74271309,0.70170403
0.44275928,0.54166949
0.81812429,0.85633147
0.92394930,0.90139705
0.69729227,0.75012022
0.67269337,0.80881226
0.77243578,0.82235855
0.52921319,0.60790813
0.72452849,0.74700153
0.93701798,0.96954507
0.94474781,0.91812015
0.82684469,0.84948391
-0.01479489,0.08566161
0.84002352,0.12643468
0.62801510,0.85046059
0.86678755,0.90807289
0.96305549,0.93888801
0.70912516,0.60186297
0.87328237,0.91981262
0.81472182,0.69896704
0.64017332,0.66550720
0.79126930,0.77146763
0.86801898,0.90429294
0.67762882,0.79958069
0.44987762,0.40756464
0.66600215,0.39721471
0.33538955,0.17623153
0.72503704,0.73163074
0.91932350,0.89707863
0.82991952,0.56689388
0.86535811,0.87054497
0.77843028,0.88084084
0.87021726,0.91818798
0.85556704,0.94163120
0.97786319,0.86440676
0.71417147,0.87353730
0.54019457,0.56899458
0.53369457,0.49455270
0.70029014,0.61777139
0.69476485,0.52595538
0.71565276,0.94755542
0.44968492,0.36901370
0.80411589,0.87933469
0.82524455,0.87507808
0.88964468,0.91969991
0.98089379,0.97183162
0.75394779,0.69854492
0.96213341,0.90601087
0.86347193,0.91934985
0.77443564,0.76273364
0.86140203,0.86068255
0.92058760,0.91656953
0.67387497,0.60021871
0.93261981,0.85117328
0.76309335,0.86987966
0.76525199,0.84303600
0.66496474,0.77068216
0.61257142,0.79150760
1.05880678,0.97414732
0.81827104,0.88803732
0.86716890,0.90785474
0.67634952,0.71074456
0.77430987,0.83252627
0.58208281,0.63190854
0.77583331,0.88191229
0.25961643,0.20976952
0.87321204,0.95288247
0.87646878,0.92028987
0.54907113,0.49156144
0.81492561,0.83364457
0.85735142,0.87213224
0.84468496,0.88528138
0.76641506,0.58817035
0.41987753,0.31286803
0.53604096,0.62922794
0.57454795,0.61418188
0.73006511,0.24347527
0.18869245,0.11873738
0.72897792,0.76134181
0.49309844,0.39613393
0.63976711,0.82008451
0.77456313,0.80440974
0.52384007,0.33329469
0.85571939,0.92367554
0.84293801,0.89866668
0.63085401,0.70171762
0.61511505,0.42954203
0.75488532,0.80566639
0.74186110,0.83036262
0.90895653,0.92585701
0.81941777,0.74073303
0.71449673,0.80979818
0.83371389,0.86962384
0.74448103,0.62326616
0.81470883,0.63095152
0.89822298,0.89482588
0.72650921,0.83699787
0.55604386,0.49342829
0.83632082,0.91283423
0.77875793,0.80642664
0.56665128,0.62330812
0.91486287,0.89504141
0.90811563,0.89152396
0.81877911,0.92405063
0.25975674,0.32725823
0.49342304,0.39709273
0.83514690,0.93515384
0.93189234,0.88094622
0.89530724,0.85957152
0.35711753,0.27339184
0.90360498,0.86980635
0.86174077,0.79888940
0.48288453,0.42548537
0.85884130,0.86160082
0.45085931,0.54627961
0.82390773,0.43585798
0.71437049,0.50837368
0.93727058,0.85884035
0.93989915,0.88307792
0.35800245,0.45987770
0.89495873,0.91107064
0.26016232,0.24315847
0.77699947,0.90119338
0.81375587,0.90645260
0.66593844,0.72031248
0.94471240,0.87706041
0.83781564,0.80713564
0.80160248,0.85912198
0.66258073,0.72882140
0.89987242,0.99019605
0.77756023,0.83900726
0.56769472,0.32135075
0.66096634,0.39172241
0.70324713,0.67829460
0.57849765,0.37510505
0.83323985,0.83604652
0.86773056,0.85988456
0.60987800,0.65158045
0.27121085,0.31108308
0.50751388,0.50334930
0.84657454,0.85481507
0.83516002,0.79130161
0.86744022,0.84695125
0.67249459,0.61887354
0.22877699,0.14263675
0.66039127,0.48690495
0.91935223,0.86300260
0.43849108,0.26383927
0.58935189,0.53753352
0.82663280,0.62433434
0.73003125,0.45224568
0.97572196,0.95352924
0.90710008,0.80819237
0.66334039,0.69459707
0.58406788,0.67878431
0.97555548,0.89837396
0.98829716,0.95400435
0.93163723,0.91041696
0.81654763,0.75858337
0.84351248,0.82003665
0.75060010,0.70340455
0.64360595,0.48337805
0.56241792,0.37991992
0.76250982,0.86611974
0.74859166,0.58784384
0.68299603,0.75064933
0.83621961,0.90627605
0.66751570,0.65292746
0.91486633,0.91074139
0.69033724,0.76752019
0.81400239,0.87040246
0.73168808,0.61211991
0.44582224,0.43487820
0.84318268,0.90623552
0.87416768,0.89944851
0.79324508,0.84052944
0.43853438,0.26004007
0.73388004,0.84988815
0.62812608,0.53417081
0.84610873,0.83466578
0.73314381,0.52981442
0.84171647,0.86218321
0.78411037,0.81845027
0.87508285,0.86103523
0.51395392,0.51631916
0.73199081,0.83559859
0.72975397,0.18303572
0.73441881,0.93627453
0.90346605,0.83944249
0.84270835,0.84463322
0.33606306,0.09526616
0.93942750,0.93244487
0.80824864,0.77100843
0.87549353,0.94883019
0.97752500,0.92723972
0.77838326,0.68794161
0.85650611,0.86485237
1.05537200,0.92160589
0.82625258,0.89840817
0.83392680,0.92906165
0.79378307,0.75259233
0.73263717,0.61574060
0.71645117,0.59257960
0.90666676,0.79675978
0.72519851,0.59789425
0.88194728,0.93469661
0.79734820,0.54686409
0.95921499,0.93159062
0.68250179,0.70015490
0.73363018,0.86223722
0.80438441,0.90609950
0.91614807,0.94830412
0.88401103,0.94938821
0.41057891,0.35658288
0.79347759,0.71201617
0.58104432,0.45272169
0.74277836,0.82881021
0.39309326,0.37209436
0.84002602,0.92400002
0.80557382,0.68304229
0.85228533,0.71880341
1.03230214,0.88179296
0.65290940,0.76571894
0.65214640,0.77197582
0.64261186,0.57446116
0.28379562,0.32542616
0.74811888,0.65605420
0.79520297,0.61134416
0.49734098,0.58115762
0.89148051,0.81293952
0.70509660,0.60676390
0.84749711,0.82358974
0.80924428,0.85777777
0.43235078,0.27318868
0.65507048,0.81480813
0.83205795,0.87839675
0.47043300,0.29782945
0.34881195,0.04680178
0.16141677,0.06657046
0.82312453,0.90623760
0.80227274,0.81647158
0.69983804,0.58619440
0.81124872,0.92981434
0.83549213,0.95986170
0.61546189,0.74702710
0.54438370,0.64082605
0.90780914,0.76300967
0.80415940,0.83017105
0.87740099,0.84848541
0.76705253,0.79630065
0.85626745,0.79869944
0.64097303,0.59406590
0.80164999,0.79819822
0.79333389,0.81499010
0.97442567,0.91630435
0.47248247,0.34444845
