Predicted Score,Actual Score
0.88609767,0.97402596
0.64601392,0.73417723
0.51923192,0.12823969
0.78733897,0.81259978
0.81485856,0.89496130
0.58482420,0.47500202
0.87694824,0.90291262
0.91572177,0.96124291
0.93693489,0.89341539
0.88482022,0.88575649
0.83061957,0.89799571
0.87501979,0.90173441
0.84637582,0.87073731
0.97870517,0.92330921
0.51970321,0.56876683
0.69703412,0.75344354
0.99813020,0.95312500
0.89594388,0.91624480
0.73918903,0.69825709
0.56688142,0.67295039
0.89276588,0.92591548
0.76386714,0.83874792
0.70028806,0.67183489
0.90180713,0.87838751
0.75724715,0.85806680
0.52121258,0.67744184
0.61862642,0.64183676
0.91688621,0.90314204
0.71643275,0.39795625
0.20334649,0.23219927
0.79849756,0.73923182
0.58948272,0.62878650
0.86296165,0.79866892
1.00040996,0.93340164
0.74453020,0.76762378
0.89374495,0.87750590
0.68290663,0.70610350
0.94973683,0.87274390
0.76991320,0.77471316
0.77221096,0.74017882
0.60956573,0.53162020
0.79969645,0.85185730
0.89605433,0.82243454
0.85522407,0.96494067
0.83340299,0.68949252
0.85208547,0.84601575
0.74998862,0.66256118
0.97113895,0.96178091
0.87952805,0.89498997
0.57024401,0.60363024
0.99367511,0.95655042
0.62476212,0.52236116
0.74423671,0.77376813
0.88809949,0.95441693
0.76950061,0.69354075
0.55302161,0.63580692
0.86643404,0.84415495
0.61709821,0.40421757
0.73395211,0.71092772
0.49450746,0.48772570
0.88280153,0.92003518
0.69501466,0.80931371
0.71716738,0.81769353
0.58182931,0.58732945
0.83670831,0.93263525
0.98392606,0.92334527
0.82719934,0.86228913
0.52933854,0.61061680
0.87207437,0.94150591
0.87680471,0.93775851
0.79433781,0.77325583
0.67921960,0.75315696
1.04595864,0.94875002
0.91499650,0.91922528
0.06755242,0.08555707
0.88799477,0.91582203
0.72870755,0.45671695
0.82543564,0.90770239
0.87118006,0.85985541
0.74957585,0.62730861
0.75312245,0.72826087
0.88243115,0.88688642
0.61593544,0.71479058
0.56338853,0.36846665
0.63211113,0.65540588
0.63868892,0.68428475
0.80041271,0.84891218
0.84326178,0.55244505
0.86984861,0.35617423
0.62660801,0.50777072
0.75392461,0.85436708
0.73040342,0.79423076
0.79982013,0.89748764
0.76628017,0.83244783
0.99309397,0.92120171
0.74126410,0.88900036
0.73780006,0.84893095
0.45932022,0.26438427
0.85810417,0.93618190
0.71926689,0.71952027
0.69015098,0.70891517
0.91340935,0.93338555
0.76871747,0.81782299
0.81306291,0.82515365
1.05955720,0.93354863
0.82039952,0.76575905
0.76451957,0.78066832
0.70775235,0.81996006
0.39299199,0.70684522
0.72259331,0.62531328
0.86507970,0.92056233
0.80953646,0.89564049
0.74511564,0.75606227
0.79120946,0.79218322
0.74115360,0.74072599
0.95086563,0.98071426
0.91724598,0.92811561
0.92651498,0.87471670
0.98746359,0.91462636
0.83789730,0.82258064
0.38623679,0.39279380
0.85457754,0.88937986
0.87802041,0.90602368
0.72683799,0.81310177
0.59045249,0.55831259
0.85238254,0.94914424
1.00226545,0.95865506
0.84512520,0.91876382
0.59983885,0.50917327
0.43765721,0.36498562
0.53837109,0.61657834
0.84828305,0.79741937
0.92135537,0.95239449
0.44780821,0.28675476
0.16492531,0.07518037
0.77009940,0.71153843
0.87086987,0.92348027
0.88813388,0.92421323
0.77059245,0.56428504
0.87749565,0.82616764
0.45657784,0.34419924
0.73526657,0.81334132
0.53286481,0.65832502
0.52281702,0.43220028
0.85790694,0.90905404
0.87570220,0.79105079
0.61292171,0.55054945
0.76786286,0.62651515
0.73563707,0.86879802
0.84790063,0.97530866
0.78023231,0.87283242
0.65275657,0.56747156
0.87113786,0.94212097
0.74345273,0.66474348
0.89249754,0.92114174
0.46771097,0.53451371
0.51203740,0.53433007
0.36123446,0.26161468
0.74593365,0.76617503
0.39601910,0.26211971
0.71496439,0.85384059
0.62683123,0.83106786
0.50320917,0.52025586
0.66888463,0.45982206
0.73477864,0.66571146
0.64627516,0.65996927
0.66794908,0.55469769
0.47076580,0.49744070
0.88192415,0.82678950
0.84829414,0.86687738
0.51625741,0.50203669
0.63094807,0.82179201
0.75226080,0.83482140
0.88741624,0.87538403
0.73716509,0.42339361
0.89716345,0.87560409
0.83565831,0.96667218
0.92153120,0.91998285
0.56923372,0.57792211
0.17871809,0.11602031
0.39435509,0.44695711
0.91126943,0.90727723
0.42240065,0.21682203
0.59620035,0.73896211
0.26254541,0.08269231
0.94605732,0.89456820
0.43387249,0.54569191
0.34234592,0.53317410
0.84519148,0.80749857
0.87144852,0.91145813
0.73775291,0.55948716
0.93387020,0.80233300
0.84363937,0.88644528
0.62626696,0.62116641
0.90359926,0.95716840
0.79020131,0.88170350
0.90267384,0.87957662
0.87595773,0.89387870
0.42457154,0.40693602
0.84608066,0.89572513
0.89287490,0.91693234
0.87495160,0.84765124
0.56407058,0.76251251
0.94284439,0.91515762
0.97592592,0.87500000
0.90904462,0.89019877
0.75231433,0.61056477
0.60525548,0.82854885
0.95660305,0.78734589
0.80272269,0.78923386
0.82666433,0.88581467
0.25539595,0.16648623
0.57233560,0.67439586
0.65521657,0.60586655
0.29548004,0.21057090
1.05137837,0.97528487
0.72758603,0.77255833
0.82670438,0.81333578
0.48199177,0.40319654
0.29274955,0.18734229
0.85684854,0.93949294
0.81410348,0.83993411
0.75794435,0.81172067
0.88242888,0.84017092
0.91519749,0.92468828
0.95131648,0.88304842
0.69978940,0.66082203
0.93811083,0.88372952
0.86714911,0.83225191
0.97295034,0.95003641
0.85516417,0.72066885
0.76180577,0.86759102
1.01470900,0.95790040
0.92295408,0.90465409
0.77395999,0.89721519
0.65708888,0.70557100
0.75380421,0.69692564
0.89061999,0.92170662
0.81106794,0.82425898
0.78919482,0.87733400
0.70364809,0.73381919
0.82851255,0.93076921
0.46428439,0.24927424
0.69263113,0.52957636
0.77230477,0.82738793
0.75932324,0.86590999
0.96646011,0.92802405
0.86934447,0.90368575
0.59473467,0.54557669
0.66788530,0.62063390
0.74948955,0.79854780
0.82479560,0.74737102
0.23319757,0.12833922
0.87171900,0.79881155
0.40170366,0.35335454
0.92562389,0.93185782
0.67596430,0.59370100
0.76573133,0.77021104
0.53562546,0.52511907
0.44760111,0.30528343
0.73011971,0.80870020
0.62609255,0.34392732
0.86699629,0.89617443
0.47023705,0.35266176
-0.02144584,0.07075887
0.91233659,0.87498575
0.80860019,0.88172841
0.19399947,0.12780370
0.87737167,0.90276414
0.79177797,0.83361101
0.81803858,0.88522983
0.94447875,0.95717955
0.60058326,0.46015915
0.60986906,0.38126567
0.35225463,0.25172111
0.85586792,0.80265307
0.82481289,0.76514375
0.62502903,0.07320361
0.81977481,0.89524198
0.72802055,0.73342174
0.89006960,0.80329156
0.85553324,0.85264045
0.79551482,0.78269428
0.89131343,0.87559807
0.87286198,0.90807718
0.30120465,0.36312518
0.87379277,0.80876142
0.36722648,0.25291896
0.87675750,0.86300600
0.77360678,0.79727256
0.60529196,0.61340129
0.91119850,0.89284766
0.89204013,0.91649079
0.51217163,0.55881286
0.51943892,0.54536289
0.87045699,0.75468165
0.86438715,0.94361734
0.69479048,0.59260988
0.71788239,0.64701778
0.81453276,0.71809447
1.00219679,0.93402511
0.70194471,0.58740681
0.38841283,0.41599599
0.16937539,0.14241019
0.75286973,0.67805189
0.90269345,0.80217671
0.75664157,0.66494596
0.95018470,0.95568520
0.62833267,0.61684728
0.94759119,0.88004929
0.87875068,0.88933253
0.77044225,0.82872027
0.66724265,0.80215055
0.89357066,0.80901641
0.76056057,0.82661730
0.20330662,0.11900791
0.84990203,0.87948585
0.82177794,0.80047262
0.68360078,0.46851847
0.59204286,0.57297772
0.86158454,0.71595830
0.49851075,0.74690306
0.78624749,0.73192525
0.76976609,0.75357145
0.57032293,0.57308745
0.60777098,0.62363571
0.72663701,0.65479439
0.92396832,0.93142426
0.78747785,0.83667612
0.92911017,0.89990115
0.66290879,0.67989606
0.95475137,0.94007879
0.80018806,0.91771734
0.90707266,0.91071504
0.81841636,0.92906648
0.92838842,0.91549295
0.69418699,0.66958934
0.53815854,0.41143456
0.76029348,0.88174874
0.84495854,0.85992599
0.85833389,0.13107717
0.87498415,0.89474386
0.79116738,0.68202478
0.95973337,0.94682842
0.68552971,0.63246292
0.84665358,0.62972188
0.61717427,0.37559256
0.83777940,0.80065358
0.94152868,0.92087841
0.23180094,0.36875001
0.92724681,0.91927636
0.47674793,0.46600592
0.66399515,0.61411488
0.89286339,0.89916748
0.90814114,0.92163610
0.93435568,0.93200552
0.65487981,0.61390060
0.81627691,0.65883905
0.85875869,0.67633200
0.85080087,0.86915255
0.26687589,0.15155677
0.62582231,0.49106583
0.68443233,0.69213933
0.34112450,0.24906784
0.61228794,0.54263598
0.69918346,0.77467996
0.77646220,0.68409622
0.26564956,0.29139313
0.47535396,0.51904726
0.45884666,0.38562462
0.77117383,0.84973544
0.85960853,0.95088142
0.97031975,0.94298244
0.89615512,0.86500758
0.86318123,0.90359151
0.88868517,0.87472767
0.74297154,0.46424896
0.94111502,0.95084935
0.70732212,0.77117878
0.66290677,0.58342171
0.90905881,0.91828686
0.77559757,0.80697674
0.72431791,0.71942645
0.82854009,0.93650794
0.57255095,0.57005721
0.44791225,0.51761085
0.80957663,0.75609297
0.59791625,0.45612457
0.90385735,0.73582870
0.55869544,0.38604474
0.88083684,0.90181994
0.80103868,0.73497599
0.93629885,0.88957173
0.33793795,0.34808046
0.89433694,0.92061257
0.83285129,0.90839982
0.64277911,0.55831069
0.64091873,0.72351193
0.94484079,0.93805766
0.65979147,0.64244634
0.70045900,0.32544324
0.74915075,0.73041230
0.45717824,0.34453544
0.48841047,0.50486070
0.82688576,0.78953445
0.81067014,0.94339621
0.37749419,0.30385977
0.73126411,0.64590788
0.86717737,0.85407209
0.88067579,0.91231942
0.74137604,0.18738404
0.48333776,0.45740741
0.96218646,0.96041739
0.69931537,0.72167873
0.63703358,0.42158175
0.84533048,0.91804773
0.81685185,0.78965688
0.49025196,0.52184761
0.83172596,0.87190974
0.95792782,0.94274896
0.83771980,0.80571985
0.91762733,0.07899183
0.84689677,0.60848868
0.86813974,0.89148116
0.46095493,0.51343048
0.97530198,0.92359877
0.66979408,0.79474926
0.70319510,0.88637221
0.90853798,0.98275864
0.87884402,0.89629233
0.78545874,0.89764708
0.81469011,0.84450263
0.60787326,0.61614585
0.32305083,0.17829013
0.91781044,0.92699409
0.76440597,0.81618500
0.57043403,0.53220779
0.84267509,0.92192829
0.44175178,0.33106670
0.57283729,0.44288188
0.67353863,0.56109023
0.55225092,0.43951538
0.93269837,0.92528480
0.81535500,0.93086082
0.36293256,0.26050326
0.53457725,0.56626183
0.35877183,0.36328125
0.81658864,0.92448813
0.74179983,0.82105064
0.54537129,0.68381846
0.73767900,0.82598782
0.53922182,0.50071144
0.87629551,0.94360578
0.73914123,0.90516317
0.64486355,0.72879392
0.74229240,0.76458818
0.84197193,0.88809526
0.90645242,0.92989480
0.98126042,0.98217809
0.71457946,0.86826700
0.82514691,0.56681240
0.87414229,0.85920775
0.69845408,0.57705969
1.03734350,0.88157892
0.65640378,0.78612471
0.81056333,0.94624126
0.62947226,0.54118794
0.70490372,0.63134241
0.65672469,0.87279165
0.47885248,0.31614673
0.93123496,0.86965811
0.81737208,0.88306868
0.84774685,0.92385060
0.66887939,0.76888734
0.85309756,0.84614265
0.74966419,0.72766995
0.08640003,0.11512188
0.95884311,0.93403876
0.85414696,0.82826018
0.92852974,0.87306368
0.85246301,0.87089950
0.79389274,0.75645971
0.83270741,0.85018182
0.79843724,0.66416782
0.72461057,0.75797015
0.41583100,0.25341764
0.47402099,0.61868542
0.87980521,0.93299794
0.69004333,0.53369093
0.42739403,0.50543553
0.92016494,0.94818151
0.74487329,0.89948452
0.88572752,0.88830614
0.68026209,0.55795473
0.84417659,0.71386105
0.62939632,0.76758122
0.82604122,0.75173992
0.75513923,0.67453843
0.11186644,0.15517631
0.12499395,0.08621617
0.84158301,0.87846482
0.76994312,0.77368772
0.33350149,0.32831958
0.70762497,0.69556928
0.83862329,0.85143918
0.74585688,0.96383566
0.78736889,0.91259277
0.46725440,0.42557567
1.03278863,0.88128066
0.51359034,0.73436350
0.79121804,0.75521260
0.96849966,0.94178456
0.84313166,0.83820224
0.81014967,0.90534252
0.87559152,0.90604395
0.67947149,0.54397857
0.34684929,0.34042621
0.62073779,0.74213564
0.42031458,0.46721312
0.74158525,0.83787876
0.81163168,0.77691257
0.67489636,0.78463358
0.70391893,0.54062980
0.56717330,0.56309479
0.89834952,0.90254986
0.69841981,0.81804323
0.83442938,0.88422751
0.76855028,0.82250792
0.62760264,0.68953943
0.91213012,0.90570074
0.90755832,0.94573575
0.98385406,0.98872048
0.48768541,0.28900936
0.84222698,0.79104477
0.90990663,0.93850523
1.00918853,0.89795154
0.79661429,0.83737725
0.62752891,0.74095714
0.30455968,0.33032396
0.37583065,0.34530908
0.77778536,0.80003738
0.79163277,0.74438637
0.81877083,0.86483365
0.70427144,0.16271827
0.47084409,0.27488452
0.83698291,0.97891808
0.71716475,0.81934381
0.77731216,0.87059790
0.72656858,0.53162599
0.76750827,0.89136720
0.76569563,0.78222442
0.63736933,0.87974375
0.17957500,0.17347129
0.92676419,0.78741497
0.32389772,0.57768714
0.79470456,0.66176468
0.81286907,0.37600806
0.67507923,0.90059763
0.92279196,1.00000000
0.68808746,0.75333333
0.51839125,0.51879370
0.79211789,0.87455761
0.80547345,0.88170165
0.34557971,0.33645615
0.82561147,0.78451216
0.87659860,0.87897205
0.48119599,0.37231278
0.57374251,0.65100884
0.86836839,0.98514849
0.39523771,0.34342417
0.93176544,0.94150341
0.75927424,0.86278194
0.78099406,0.73398250
0.45106992,0.18351649
0.88242352,0.17508772
0.73739338,0.54235989
0.87939370,0.88377446
0.97598398,0.88747102
0.92120671,0.68725389
0.92124200,0.94704670
0.73926675,0.76789868
0.92282921,0.90375656
0.55993938,0.38664913
0.72464895,0.58123970
0.92998827,0.94471526
0.50113404,0.58785385
0.21964817,0.13317041
0.77176243,0.82111031
0.74366617,0.81927550
0.68305433,0.50737178
0.38096780,0.35793820
0.84927797,0.94668913
0.69539815,0.78106236
0.75773531,0.76445186
0.79361594,0.94601381
0.89278543,0.90634274
0.65003109,0.68380833
0.89699388,0.90094048
0.46730152,0.20601732
0.72404909,0.57549256
0.38242802,0.40170914
0.56328881,0.56870341
0.82685208,0.70322567
0.40917400,0.56885648
1.04296589,0.95232815
0.79259026,0.97230917
0.92062891,0.90798736
0.59160721,0.50279957
0.83174527,0.93726468
0.45728904,0.47462690
0.89268196,0.98611641
0.82864475,0.84835601
0.50001276,0.45559782
0.84765267,0.90083504
0.84670985,0.91296166
0.88513082,0.94327378
0.52187884,0.16424765
0.51847953,0.55503821
0.84780085,0.91661292
0.43829134,0.45925885
0.40826741,0.29532996
0.90155160,0.87887806
0.87867957,0.90586281
0.30628198,0.17696486
0.66389483,0.82478631
0.85324574,0.86314261
0.85517788,0.76869750
0.62593943,0.53705597
0.85793090,0.92538112
0.38839948,0.56055903
0.92988110,0.88629723
0.70142251,0.75627935
0.93001533,0.93670887
0.75583935,0.82308888
0.51067507,0.40456834
0.86372221,0.91089743
0.64773077,0.78777778
0.84222448,0.92911357
0.83136272,0.69113922
0.89357936,0.90190220
0.73395789,0.63666749
0.89937866,0.85641026
0.35249215,0.17829363
0.77766228,0.69058317
0.03702152,0.15327817
0.85182369,0.90101820
0.85491776,0.91109407
0.98298681,0.95047361
0.94329059,0.92647058
0.49479383,0.68912905
0.93045270,0.92720586
0.36329854,0.42086020
0.37326288,0.27375650
0.91961861,0.86971354
0.90584779,0.89973330
0.74444318,0.79886061
0.38530493,0.43711844
0.86808097,0.98076922
0.44225606,0.10615226
0.74756396,0.83466554
0.81464469,0.88856828
0.82061982,0.94647890
0.41583085,0.43639743
0.70848060,0.55140448
0.86424518,0.87530923
0.79001069,0.78524160
0.91274524,0.91887212
0.98527181,0.96458089
0.62534368,0.73625642
0.77617288,0.62658280
0.82253581,0.84385967
0.76659346,0.15565036
1.05287349,0.95704174
0.86685801,0.89234298
0.37163252,0.52842444
0.84485042,0.87819541
0.96113217,0.88687754
0.70917159,0.73830181
0.63132572,0.52949911
0.77512431,0.71129984
0.75513315,0.86401820
0.76759875,0.84465569
0.30055043,0.62325048
0.81636703,0.70629656
1.04086137,0.96345747
0.76476592,0.85711020
0.52664059,0.42282653
0.86169076,0.83812600
0.78559780,0.91418177
0.69240952,0.53076196
0.74335718,0.76756668
0.59083855,0.48365700
0.81726742,0.84386742
0.85282671,0.87472898
0.56377876,0.43295455
0.88138628,0.15256086
0.49334270,0.56848830
0.42279190,0.46316090
0.72607511,0.84844136
0.50467151,0.58766234
0.95090270,0.93451458
0.93992221,0.94434857
0.74452960,0.87548947
0.92618978,0.66451401
0.88636184,0.93750000
0.72596836,0.87782383
0.82610130,0.77662879
0.53116226,0.52112883
0.86385155,0.74080932
0.52075911,0.35436183
0.94157386,0.90838045
0.89249825,0.86874288
0.54871225,0.40221879
0.81024468,0.68074971
0.76305854,0.27570876
0.62415791,0.65938246
0.68248701,0.75972068
0.69727087,0.72567880
0.87887609,0.92263740
0.85136759,0.90852314
0.72836179,0.77347380
0.91542399,0.90735614
0.41428149,0.39060232
0.84856546,0.93160450
0.84922421,0.93575215
0.78235471,0.95952332
0.93079472,0.92662084
0.21175438,0.13453953
0.61888671,0.80454558
0.91170573,0.97752655
0.82180643,0.84678727
0.69715083,0.82333183
0.89700985,0.93022865
0.67858672,0.61199600
0.66002905,0.77859968
0.70914543,0.80725890
0.78364170,0.83139491
0.85207498,0.83583742
0.79822552,0.87042934
0.54858536,0.70664060
0.50910801,0.36685368
0.68322694,0.74097306
0.81060904,0.79255486
0.92524159,0.84913212
0.80491805,0.71875864
0.65259504,0.67011690
0.59547472,0.32683048
0.64868248,0.55766112
0.76523519,0.85989255
0.16799992,0.19367094
0.84376359,0.93538404
0.84493655,0.90991825
0.81539750,0.68539327
0.90396142,0.91759419
0.74711645,0.72106284
0.39346772,0.32704347
0.89316285,0.93608046
0.77613783,0.86502969
0.94603467,0.95979702
0.82791525,0.84799147
0.42583930,0.37755728
0.91094184,0.95145708
0.56615335,0.56290847
0.85269809,0.91645712
0.88624024,0.95285410
0.78149730,0.62650567
0.42022243,0.32072335
0.91570926,0.89240617
0.37401330,0.35028657
0.58581245,0.71653408
0.88583529,0.88588905
0.41430694,0.26666120
0.66489327,0.74499589
0.79876351,0.83351606
0.90376985,0.96326405
0.81982231,0.90768588
0.87534726,0.94939309
0.81904417,0.85437626
0.90883648,0.95850748
0.40111750,0.54287916
0.31252706,0.36428204
0.87236536,0.88704598
0.58393276,0.43425927
0.86139846,0.94929725
0.65564656,0.71067512
0.79764009,0.63700873
0.79238045,0.86472732
0.73896348,0.71541029
0.72470188,0.63905811
0.83132994,0.80315578
0.84390360,0.88850272
0.74504572,0.66753322
0.51204073,0.44647831
0.66396093,0.62124932
0.79878885,0.87901765
0.80062938,0.78030300
0.40033376,0.52420342
0.86285257,0.92205089
0.78609759,0.78166133
0.88262081,0.73881441
0.87506324,0.84031099
0.53175765,0.63799721
0.89683568,0.94316679
0.86648381,0.93215811
0.91288292,0.89567053
0.87469244,0.25329894
0.86330301,0.86700290
0.86571229,0.95950282
0.93705851,0.88489062
0.75842118,0.86976236
0.76590919,0.76693648
0.71748710,0.30950662
0.82141316,0.72567809
0.91913116,0.97021693
0.24072710,0.21486366
0.93657684,0.78550839
0.96993732,0.93685639
0.70865154,0.49767870
0.80417025,0.69782382
0.39507946,0.25678471
0.89889908,0.86602592
0.66246259,0.55377764
0.72045350,0.62692308
0.62874490,0.46017650
0.91876996,0.92502511
0.90329111,0.88770777
0.78749448,0.82881659
0.67401409,0.50868225
0.90864611,0.92674989
0.47861975,0.36921552
0.88293481,0.90374178
0.90782189,0.88365299
0.68879104,0.72280091
0.60894507,0.36578321
0.74172342,0.84963846
0.94962752,0.95857555
0.83901846,0.91486543
0.80963397,0.82511932
0.54304743,0.54123598
0.80758590,0.87810737
0.81703013,0.88048673
0.89267766,0.86632097
0.93712819,0.89029562
0.84697974,0.92037600
0.52991515,0.57556325
0.70371401,0.68744832
0.94143766,0.90070903
0.72767401,0.65185744
0.87280524,0.84777701
0.37166014,0.32695955
0.95987082,0.99002868
0.75394785,0.69989926
0.74812376,0.71813726
0.71400309,0.61200142
0.65086210,0.49263832
0.87593806,0.94070256
0.98295379,0.96220237
0.74213159,0.85051167
1.01028907,0.91666669
0.78927755,0.77461988
0.34963357,0.46426493
0.20920299,0.17483173
0.93572211,0.88480097
0.80879253,0.83754009
0.72787887,0.84317225
0.76296276,0.83602023
0.16751656,0.11402626
0.92235744,0.95478034
0.87745869,0.91940153
0.90375161,0.97209769
0.75935447,0.88014835
0.59532088,0.51186508
0.84131277,0.92653054
0.93365550,0.96006495
0.82187337,0.67934263
0.84088910,0.71043456
0.89349163,0.92495000
0.67416835,0.35361624
0.51545691,0.50788003
1.03036356,0.98148149
0.67603552,0.68704647
0.70557880,0.86311477
0.51547915,0.52732795
0.81601214,0.88892710
1.06453562,0.95763242
0.78071034,0.80791467
0.77576333,0.83319384
0.86722922,0.81443512
0.61386347,0.68139619
0.63291526,0.74045002
0.75283289,0.80992734
0.84293723,0.87623996
0.47995338,0.67512143
0.53744048,0.60962784
0.82558358,0.94444442
0.82666576,0.91606665
0.47033614,0.35512239
0.93865836,0.90430218
0.99224365,0.92204130
0.61853969,0.55746180
0.60838556,0.49128383
0.93951166,0.89216524
0.93442762,0.95149255
0.91208518,0.98148149
0.76902783,0.94337589
0.85065746,0.80992484
0.88697171,0.90847337
0.81033140,0.92484701
0.54673290,0.26357070
0.08328658,0.08537281
0.94167936,0.93373901
0.75615877,0.87512636
0.96594429,0.91501004
0.80848610,0.95940173
0.91728127,0.91044438
0.69079590,0.59308600
0.88150346,0.90087485
0.66008383,0.61900586
0.71641791,0.82157707
0.57705843,0.52896458
0.80068004,0.73947090
0.77068090,0.79045957
0.60891366,0.54188710
0.83764815,0.87981242
0.63856733,0.65378422
0.47102109,0.61596203
1.00927639,0.94051993
0.67238867,0.74266541
0.64676303,0.64204597
0.79195273,0.88051951
0.87972033,0.89543957
0.80199695,0.81695253
0.77888691,0.91156465
0.86066771,0.64776045
0.93770230,0.92656809
0.81525576,0.93346846
0.80156088,0.92307693
0.83290482,0.91433054
0.80907643,0.88171500
0.72038758,0.78515816
0.28559643,0.21394357
0.80055249,0.71412039
0.46257851,0.37766421
0.87938136,0.86475295
0.28889012,0.16192956
0.50678366,0.68831170
0.81235385,0.87214881
0.84606695,0.77392119
0.23444581,0.17979489
0.66461718,0.87428027
0.37400708,0.35305768
0.82500434,0.92311543
0.95011163,0.97734177
0.52920145,0.44297516
0.54220551,0.58479846
0.65699387,0.77450913
0.94736731,0.91695273
0.92035568,0.95487177
0.91682559,0.94533968
0.78532052,0.80533808
0.71482539,0.94351768
0.99225211,0.93783897
0.86683166,0.89982951
0.74373627,0.69699663
0.60214943,0.49800220
0.20099041,0.21694674
0.63768160,0.17383404
0.83828151,0.82614231
0.71182716,0.87852186
0.80345869,0.92970103
0.84424877,0.92205727
0.78902495,0.79311341
0.54096413,0.51911014
0.71597517,0.67791635
0.74927950,0.69121093
0.80237746,0.77200490
0.96843994,0.96604937
0.45979330,0.38564792
0.75612652,0.81436181
0.61815977,0.62727273
0.43271929,0.46962860
0.90479171,0.94494885
0.63361353,0.77758312
0.62172139,0.64672607
0.54955071,0.74681777
0.91479838,0.90649003
0.73427927,0.69499135
0.74027711,0.55331343
0.50570238,0.52941179
0.25593489,0.12279566
0.67985928,0.20196499
0.75503361,0.66119969
0.81942546,0.80784112
0.78225482,0.62730896
0.89070582,0.92794609
0.78020012,0.84856158
0.33469915,0.30643708
0.53098780,0.55393302
0.92604756,0.93758202
0.46682414,0.32155719
0.81092846,0.81454670
0.94651198,0.89606696
0.48013377,0.36516562
0.97393215,0.93428081
0.39346719,0.23690413
0.90386057,0.84717596
0.83564961,0.91078752
0.72884810,0.90155697
0.89326662,0.91223651
0.26766801,0.26881394
0.80935353,0.84800750
0.59070694,0.42078146
0.94117540,0.92582595
0.64620811,0.61574668
0.76796424,0.91927910
0.87943172,0.95104164
0.65233970,0.85549217
0.57916451,0.62375444
0.89261687,0.93637651
0.84584254,0.89367819
0.89575326,0.98437500
0.65637887,0.53379685
0.75111067,0.80090910
0.55390620,0.51022112
0.91541791,0.90876842
0.69061810,0.91176468
0.83134454,0.95534998
0.93106848,0.93555743
0.81011593,0.86466682
1.02100730,0.95430315
0.86889613,0.93287402
0.73531181,0.78593373
0.65863043,0.69455785
0.84307575,0.91957241
0.85477173,0.94464284
0.93122250,0.93530023
0.88432568,0.90274012
0.61017948,0.45755017
0.55179054,0.56770021
0.50220406,0.36953107
0.83427703,0.85556936
0.59438330,0.62952900
0.87448764,0.92032969
0.81013048,0.78991342
0.90955943,0.79022276
0.91987824,0.93898064
0.47134390,0.61570078
0.69421375,0.61032093
0.81682074,0.80869693
0.53309965,0.52065676
0.83750319,0.88971859
0.63297200,0.76950121
0.56265938,0.74825537
0.92352045,0.92996031
0.87011826,0.85084409
0.85033482,0.92322910
0.74403858,0.86068684
0.73051590,0.82627243
0.87058008,0.87418145
0.29965362,0.38190293
0.65718508,0.70674533
0.58046120,0.45081618
0.09887880,0.19908528
0.85464573,0.93265975
0.24585797,0.13550466
0.86853355,0.82801121
0.81329644,0.82499671
0.75824106,0.82292283
0.87750012,0.61613685
0.63601804,0.41865605
0.80145288,0.85303593
0.77385485,0.72537714
0.93695104,0.90746534
0.65949821,0.65970802
0.74736750,0.79149979
0.58361971,0.51734716
0.69347537,0.70596415
0.76293623,0.86146969
0.61361462,0.59412861
0.92415178,0.90554196
0.62816751,0.31699321
0.70911980,0.79235536
0.83932829,0.96315634
0.89454138,0.95144135
0.55444753,0.69962430
0.89952445,0.93211806
0.75186789,0.79020721
0.43974835,0.13364494
0.82611930,0.89458221
0.72920668,0.70245183
0.80403185,0.88117242
0.74729645,0.81967878
0.53737545,0.45043087
1.00373018,0.92016530
0.54669368,0.74292898
0.77285480,0.86784792
0.53605807,0.48134920
0.38186598,0.38352272
0.95611382,0.90179396
0.58670366,0.62159163
0.76198745,0.82353109
0.78471375,0.74484628
0.58425015,0.46226159
0.87723148,0.94724113
0.64292496,0.64109588
0.48536304,0.63318902
0.74138248,0.87730807
0.58336997,0.54174799
0.30870119,0.26134872
0.35448074,0.39796156
0.97517562,0.96515346
0.82500118,0.84253895
0.89819127,0.89035964
0.79871655,0.68880910
0.67466289,0.80264014
0.86978847,0.94652826
0.33443359,0.40216938
0.60764855,0.32936326
0.87478769,0.88440251
0.79756451,0.91058183
0.91564679,0.95819235
0.88808018,0.80141354
0.82505906,0.81881869
0.37873736,0.33966598
0.85289490,0.83845812
0.70567101,0.72067273
0.70996833,0.71464974
0.85650098,0.94552267
0.71863294,0.82677245
0.87688029,0.89366513
0.45194536,0.44353002
0.91471827,0.86284196
0.82877278,0.90117520
0.74461943,0.67239612
0.54275012,0.45512497
0.36379409,0.41031593
0.79084587,0.85483080
0.11743140,0.12402173
0.88226187,0.87717927
0.88090831,0.76724756
0.74989402,0.74839228
0.98696196,0.95609128
0.89610028,0.87540984
0.90933275,0.89596272
0.91032803,0.78938752
0.77041042,0.86691177
0.75249660,0.85494852
0.50135094,0.39591315
0.89848804,0.92033941
0.91601425,0.88691229
0.63978601,0.17861831
0.82685578,0.77333140
0.80032384,0.77242583
0.76532960,0.90382445
0.97509134,0.96130955
0.81742263,0.90178835
0.91279244,0.86821795
0.46148944,0.51038188
0.60397929,0.52354044
0.63684970,0.39061904
0.77819240,0.78983051
0.88856733,0.90608150
0.85513544,0.86151963
0.32606894,0.16620064
0.84365982,0.81705415
0.31862679,0.14033276
0.82731247,0.94849259
0.89633822,0.93695247
0.81058490,0.90225464
0.64893681,0.68723565
0.69350135,0.70983922
0.88843107,0.93921524
1.03065908,0.97331643
0.82655036,0.94247788
0.92000461,0.94023150
0.86254203,0.89014053
0.66748375,0.58158690
0.97083962,0.95213675
0.89863002,0.96273726
0.61148638,0.29339823
0.95820832,0.94588178
0.59636772,0.35537711
0.83332682,0.90648854
0.85459781,0.92760080
0.68311405,0.61439639
0.65412980,0.61636692
0.89561462,0.82331884
1.00814521,0.95866567
0.92845851,0.87172282
0.50198710,0.44508946
0.64714944,0.71611089
0.64888394,0.74423760
0.62950659,0.72952181
0.53641707,0.41164085
0.78622878,0.82517481
0.92276263,0.94793499
0.70015562,0.72894895
0.71006572,0.77467930
0.68061018,0.75584644
0.73707199,0.86081523
0.90121078,0.79092300
0.86114883,0.95771295
0.37910429,0.23065026
0.57824761,0.40575597
1.02467287,0.91637313
0.89674461,0.85944188
0.86741388,0.82319373
0.88577664,0.87709641
0.71516526,0.85654885
0.94107866,0.81987131
0.64842522,0.75668681
0.83926249,0.96326727
0.95838368,0.90877980
0.80491126,0.78017247
0.79798198,0.89659327
0.87371612,0.45434865
0.83564305,0.93550819
0.49443191,0.33236539
0.74295348,0.67126918
0.86695063,0.86809969
0.73126376,0.76524013
0.92853379,0.95311350
0.72548974,0.70298028
0.71562600,0.63070697
0.53692532,0.38904256
0.55484819,0.67159504
0.96310449,0.89412314
0.54030508,0.78604466
0.92431247,0.89639795
0.88847291,0.90183181
0.71841335,0.77594239
0.52445012,0.66692740
0.83172810,0.92419624
0.52310479,0.43101856
0.73050845,0.73391855
0.99192631,0.93786341
0.80138052,0.92271572
0.88249123,0.86316317
0.65874505,0.74612027
0.84184963,0.84178931
0.90270746,0.94119513
0.82055920,0.89251560
0.92203927,0.08616666
0.86350608,0.94889951
0.74447250,0.85838568
0.84760261,0.78195721
0.56495136,0.50961137
0.89651179,0.91318637
0.57183504,0.58032495
0.73581040,0.72058821
0.80237627,0.87648863
0.63758934,0.89723504
0.82906705,0.97198546
0.53021836,0.53174502
0.62798679,0.74054253
0.82149911,0.89807105
0.92142963,0.87314165
0.66781592,0.49803987
0.81525671,0.91567296
0.74826336,0.70998877
0.86925471,0.79656887
0.70192331,0.76658165
0.94508660,0.92745882
0.81926584,0.94270670
0.92214918,0.88472223
0.52608442,0.91358906
0.93038654,0.94486678
0.89658451,0.89864576
0.83381951,0.91669101
0.81566739,0.86409551
0.89115590,0.93267393
0.65142465,0.75018275
0.69374120,0.74797732
0.91224867,0.87692684
0.54355127,0.45611110
0.80416977,0.88962030
0.75830424,0.73376626
0.87273729,0.87730265
0.65780729,0.65064371
0.31032884,0.24327958
0.82774657,0.90283960
0.81133282,0.89793319
0.95993984,0.90713865
0.83728993,0.86267680
0.80924976,0.83767259
0.74575579,0.75043857
0.45527309,0.29342574
0.62580401,0.37517300
0.49682564,0.27144331
0.51242685,0.53353494
0.93154448,0.93888563
0.55917287,0.53177083
0.57228661,0.55553466
0.77946889,0.83362466
0.87120944,0.80975300
0.70880032,0.73159635
0.40919018,0.41099244
0.84257776,0.85301232
0.46953073,0.22399463
0.72031176,0.84236497
0.90731460,0.83059180
0.77779877,0.70978802
0.85698617,0.90175575
0.77493852,0.88496017
0.85910439,0.88146681
0.82751620,0.92958516
0.80889130,0.92494768
0.86062753,0.89472997
0.78911948,0.79526842
0.55948901,0.55668980
0.58211398,0.60080689
0.78989875,0.89541948
0.84014046,0.90695620
0.62239444,0.64195281
0.96532393,0.89309132
0.87526023,0.92199475
0.42698023,0.46343273
0.63908088,0.48762295
0.41894269,0.37766227
0.73335373,0.84082973
0.71338272,0.82466567
0.64499420,0.78476727
0.74430835,0.57847667
0.71936524,0.86685240
0.39640892,0.48266807
0.98181581,0.92900878
1.02446461,0.94202763
0.57252675,0.53758651
0.86522406,0.95274055
0.84544182,0.81160688
0.64723015,0.54689425
0.64449441,0.43769249
0.92930663,0.95743710
0.30379498,0.26628786
0.95586824,0.71685928
0.91991460,0.92110193
0.97486031,0.89462847
0.86900389,0.94512832
0.46696255,0.53698891
0.84183192,0.89818394
0.66173631,0.66532636
0.84585738,0.80210078
0.37180713,0.13075037
0.90880805,0.95270759
0.92605376,0.86370462
0.39052352,0.49028674
0.92635024,0.86971426
0.42818323,0.28106725
0.71969187,0.62579632
0.51631647,0.70767403
0.53916669,0.49142787
0.82919347,0.87161088
0.73991954,0.81364524
0.88021851,0.82076824
0.81661773,0.76398718
0.85462153,0.70944595
0.67080677,0.81606609
0.56495309,0.77454114
0.58811158,0.51892120
0.34665030,0.33438757
0.81837296,0.87753981
0.93974531,0.93807071
0.67359573,0.81902450
0.88105381,0.83854169
0.75329834,0.73578578
0.23602146,0.24476069
0.65511799,0.53281617
0.84350979,0.92047477
0.81229532,0.82710451
0.71353781,0.90542126
0.49263835,0.51606286
0.85731637,0.73391616
0.99527669,0.93402922
0.48047307,0.65666670
0.87562621,0.89485359
0.55226201,0.31634554
0.81739283,0.93243587
0.62606281,0.64970696
0.91866976,0.90725738
0.71471822,0.71543360
0.50793332,0.75549358
0.98731661,0.93879426
0.75346184,0.80238050
0.60629678,0.59600776
0.72683764,0.65135133
0.71855760,0.74812269
0.93251097,0.94710082
0.82487404,0.95040262
0.52977806,0.41656491
0.75680554,0.83460188
0.60616893,0.65000886
0.59322214,0.59144676
0.48613465,0.40970385
0.98640430,0.91748369
0.91439605,0.89698690
0.39270070,0.38408521
0.85183501,0.82805753
0.78963649,0.79830301
0.95705271,0.90281177
0.70677239,0.87611806
0.93883085,0.87324220
0.88762248,0.88167590
0.94194901,0.97204489
0.94071043,0.93010205
0.94557548,0.95964092
0.84561008,0.73860455
0.41908896,0.49867678
0.54768914,0.50132352
0.67134368,0.69505018
0.73740327,0.84510601
0.85551262,0.95837182
0.93266714,0.92829204
0.91779137,0.83752120
0.96504927,0.98404253
0.86182463,0.90488315
0.83056331,0.95265329
0.89973575,0.89866310
0.40986764,0.48596954
0.47039559,0.47469667
0.58272314,0.64932239
0.71818173,0.91496086
0.83736098,0.90919358
0.86488223,0.93144357
0.93080759,0.94767022
0.63685441,0.59418839
0.84338844,0.81429839
0.85867524,0.87630820
0.81232941,0.86969548
0.87875497,0.90734369
0.39891383,0.23983876
0.90853179,0.95225853
0.72501361,0.74336976
0.39649284,0.20974027
0.81908351,0.85911715
0.91837096,0.92190522
0.69433200,0.63594991
0.93510389,0.87459141
0.97456968,0.91888404
0.90545750,0.87656248
0.78428996,0.72008377
0.82008028,0.91064250
0.87210989,0.91873574
0.74385571,0.88412184
0.89706570,0.96045852
0.54985535,0.59251827
0.94790113,0.98125660
0.71989518,0.71476805
0.96364450,0.91274738
0.92964661,0.93771875
0.81713122,0.90582424
0.83796513,0.86909419
0.44916850,0.66639233
0.55354440,0.56607145
0.86266339,0.86414915
0.60311842,0.73283887
0.75938261,0.72567838
0.84428632,0.80612981
0.84484458,0.76363367
0.87601268,0.92203224
0.71150613,0.30417153
0.24137451,0.24640717
0.85405302,0.94013160
0.61459494,0.61984944
0.79226685,0.85978144
0.85127568,0.75075912
0.71887028,0.77610731
0.89789057,0.94225049
0.42519405,0.43986452
0.55637139,0.64820087
0.69923162,0.65961528
0.82604802,0.82529610
0.12022677,0.13065517
0.33614922,0.27115142
0.83834934,0.85416496
0.87512922,0.90534735
0.96026981,0.94278848
0.81361771,0.72029686
0.80276513,0.92424244
0.77096844,0.91895717
0.72124076,0.66417360
0.40791887,0.32791984
0.95616758,0.90549296
0.80859303,0.95789301
0.90838110,0.89080381
0.70138299,0.77852327
0.96328592,0.99382716
0.87019849,0.88186079
0.63930047,0.88710868
0.97911501,0.92620957
0.73564285,0.68692023
0.82783461,0.89170754
0.75948370,0.75865537
0.81995487,0.88659948
0.93177694,0.90233785
0.68174028,0.59161586
0.83053005,0.84202844
0.49655905,0.40008104
0.37322295,0.19608384
0.18233040,0.38803819
0.81765687,0.83664083
0.93156612,0.93995357
0.12378708,0.17202541
0.84652102,0.94480026
0.66165793,0.91060805
0.93410504,0.95128202
0.73035240,0.72880971
0.71455085,0.64410317
0.61657900,0.59747022
0.89816701,0.89400923
0.90798604,0.96926028
0.22471574,0.28936982
0.88507473,0.90047210
0.87376535,0.88663781
0.71301770,0.65250051
0.60290682,0.68346667
0.76293874,0.69276422
0.90135145,0.90303099
0.79181933,0.76921195
0.43768302,0.57899725
0.94077229,0.97542685
0.93539298,0.94569963
0.97205555,0.87832510
0.83830154,0.77567565
0.82744873,0.85220218
0.91452169,0.93093783
0.46921045,0.53888887
0.65605450,0.67654282
0.34852812,0.30169028
0.69190073,0.73221946
0.88079333,0.88268322
0.64327085,0.53039193
0.89996183,0.82138282
0.99211991,0.95707542
0.79316843,0.80100870
0.63197970,0.16196567
0.49967039,0.46990740
0.64646202,0.93861771
0.35288447,0.36217457
0.92236876,0.80709219
0.84899855,0.86199093
0.90519059,0.90178287
0.60089988,0.80542874
0.72800612,0.80751878
0.89681745,0.80104631
0.80631995,0.88718373
0.69030309,0.69739503
0.99741876,0.97984850
0.53449297,0.36426768
0.83702368,0.88705528
0.65387404,0.36864805
0.73411322,0.66977620
0.83676118,0.88403136
0.74658740,0.76571822
0.41083065,0.37886363
0.61750722,0.65493828
0.43857938,0.43489569
0.81040579,0.73532635
0.81037867,0.81124872
0.89070821,0.99519229
0.93659163,0.84344262
0.82515717,0.78308499
0.81699741,0.86333960
0.82565880,0.90753543
0.79790938,0.72476077
0.82759678,0.92074680
0.66255647,0.35370290
0.97400022,0.95396715
0.79991543,0.87761462
0.82158011,0.81144160
0.98110771,0.95044720
0.85589647,0.93787879
0.83943546,0.85638297
0.84718758,0.85987854
0.87197673,0.82632869
0.87087190,0.89242089
0.79138017,0.82250887
0.76811194,0.81279546
0.85893202,0.94034493
0.75723696,0.77992052
0.77165842,0.76553100
0.75256813,0.68906206
0.83667397,0.82355517
0.49416029,0.35938177
0.92124748,0.87345409
0.85145319,0.88898343
0.84314132,0.89636159
0.92930961,0.92429376
0.80215067,0.67505187
0.46992022,0.44651172
0.83272576,0.88253027
1.00219965,0.97088867
0.85419869,0.86081493
0.88255036,0.93382460
0.67406487,0.54484087
0.68653572,0.75259417
0.71513999,0.80454546
0.88151991,0.84909785
0.93544781,0.95265228
0.88139021,0.92188805
0.65171278,0.46306127
1.00332558,0.91840661
0.67408478,0.68427199
0.99926043,0.94943053
0.88326132,0.92813319
0.41749516,0.37271520
0.81001806,0.75953388
0.91224957,0.89450550
0.73853397,0.85920537
0.75630319,0.73107523
0.80061078,0.83104122
0.96148598,0.91353768
0.88987303,0.97617865
0.92267334,0.89562041
0.21495540,0.41411451
0.95084119,0.91535169
0.78102916,0.87848437
0.79260659,0.77436620
0.75980562,0.89726198
0.90646219,0.91848284
0.49304837,0.40602154
0.91533387,0.95445096
0.81471229,0.78282315
0.61996365,0.79333568
0.64550936,0.73695797
0.75554335,0.74194068
0.84521067,0.88089836
0.60449350,0.70376295
0.89030588,0.79222780
0.52085614,0.53284085
0.65535253,0.69232672
0.78021181,0.87362635
0.92323083,0.93315899
0.84050691,0.89847904
0.98022377,0.95048326
0.83216047,0.82544190
0.61483741,0.45111784
0.81348038,0.76526254
0.70492697,0.66666669
0.94564688,0.97847730
0.88565379,0.94832075
0.77952039,0.86359763
0.84420478,0.93086141
0.90850091,0.87737757
0.80833936,0.73550689
0.75510252,0.51974297
0.89497471,0.90886420
0.83777285,0.38720176
0.91127527,0.91401410
0.62158453,0.48355031
0.67136508,0.62408209
0.42217311,0.48662463
0.94935334,0.86647338
0.83050942,0.95473486
0.67855966,0.71931773
0.99366236,0.95317155
0.61861575,0.61325783
0.61552089,0.48577949
0.78978759,0.71954024
0.96468306,0.93052202
0.68160564,0.66256094
0.94159639,0.88869721
0.80967385,0.87507844
0.86869895,0.81792372
0.83529294,0.86819649
0.73775208,0.86218625
0.80119550,0.88602632
0.97054935,0.91711634
0.55494189,0.63773948
0.95085883,0.89752495
0.95873320,0.93743151
0.67376256,0.49827948
0.75907469,0.88587773
0.80731428,0.77601486
0.85361636,0.85811526
0.82527143,0.85945159
0.68759739,0.70968443
0.52328438,0.61327791
0.89812744,0.92292207
0.90017974,0.82941765
0.72590852,0.66451561
0.78740442,0.92823392
0.82614303,0.71632773
0.88829881,0.94417560
0.78316975,0.68505210
0.96567321,0.91002417
0.95118058,0.91359538
0.70941651,0.85673094
0.68158734,0.70807981
0.76662147,0.76070392
0.19227317,0.13729459
0.74395990,0.68835652
0.66156292,0.72137666
0.73174691,0.82629925
0.96428204,0.86523712
0.54519796,0.59538245
0.04738739,0.15473181
0.79843891,0.73120302
0.56107068,0.72034764
0.79796481,0.81581563
0.54158318,0.49250498
0.97092211,0.92217743
0.68810159,0.81998229
0.80629516,0.74506533
0.79928315,0.66413325
0.46282548,0.50783974
0.92952442,0.94408256
0.46333978,0.37030447
0.71939492,0.87927926
0.59995288,0.53091592
0.87233448,0.95057774
0.83735549,0.80528605
0.52043003,0.37589082
0.82927465,0.83684266
0.93375146,0.97540987
0.44304264,0.62377995
0.58254844,0.48037428
0.51148570,0.46269619
0.87280905,0.93457288
0.87893856,0.80866539
0.86149842,0.89903843
0.75317168,0.84958625
0.69570756,0.61506706
0.84452820,0.76880431
0.87993050,0.90974027
0.79339921,0.79691225
0.64646482,0.87143034
0.74785221,0.76363635
0.43510145,0.40563783
0.70296669,0.74708658
0.89397860,0.97692186
0.51925737,0.42828083
0.86111128,0.92113245
0.81806493,0.83368820
0.98698175,0.85752261
0.82349753,0.89205337
0.70864832,0.55848861
0.87660182,0.92058164
0.93886292,0.86682916
0.86305106,0.86542338
0.69863558,0.34309050
0.19149092,0.10223510
0.85228932,0.85050559
0.82334012,0.79062480
0.98901272,0.92328155
0.90208626,0.97340423
0.48110121,0.40775433
0.76497781,0.75948274
0.78466928,0.78137255
0.87214983,0.88627803
0.79088795,0.81695038
0.73870867,0.75612265
0.22305515,0.15788215
0.77814054,0.92603093
0.74775088,0.62210047
0.37569618,0.33476782
0.84212816,0.83544338
0.85460365,0.88758588
0.92485076,0.78805077
0.43031269,0.49801278
0.58566487,0.60709095
0.75060022,0.84692925
0.79973435,0.72917205
0.81377757,0.90947235
0.93888676,0.91117525
0.98906684,0.93593907
0.46488786,0.60444576
0.66559136,0.73260748
0.71750724,0.66800827
0.86196959,0.90116984
0.62801802,0.66688097
0.92413014,0.94407284
0.79020333,0.83050269
0.99406278,0.96413970
0.33591601,0.30929348
0.86111569,0.93405366
0.75982213,0.84988165
0.80847549,0.85200143
0.18932244,0.11235981
0.78255010,0.70359343
0.78220999,0.69242609
0.85408497,0.85500002
0.77760613,0.71504486
0.56361759,0.56811988
0.70300031,0.84428191
0.77831948,0.45439693
0.75327218,0.62743056
0.27524394,0.29696268
0.79956239,0.85932982
0.86094272,0.85385585
0.58370644,0.52152991
0.44300464,0.50629544
0.90519798,0.92316020
0.92449367,0.88298571
0.83273458,0.92222607
0.89272034,0.85558599
0.81701905,0.43593705
0.98689461,0.99253732
0.28107229,0.19189817
0.64726484,0.55577368
0.86201370,0.92915082
0.26230133,0.17149614
0.93661547,0.90909094
0.44282806,0.48133001
0.27921614,0.26531985
0.38591957,0.34279943
0.81083560,0.94318181
0.16755813,0.16805555
0.97840965,0.92390758
0.91666842,0.90907645
0.94068921,0.90473849
0.86701262,0.60401648
0.94851756,0.94725490
0.50949812,0.51886147
0.83374953,0.90454543
0.85732543,0.89266211
0.74630940,0.63306081
0.77995670,0.80605441
0.52107465,0.49109986
0.93210602,0.93343937
0.88249457,0.82869685
0.83870113,0.76971161
0.61802030,0.75072098
0.57571208,0.59973037
0.86017948,0.93272662
0.18409440,0.16096221
0.71710229,0.83236551
0.18168911,0.14895315
0.70820689,0.74707866
0.63426507,0.32226485
0.45405540,0.56694961
0.91965365,0.89686990
0.94741547,0.94380414
0.62192041,0.72198862
0.34579921,0.33630988
0.67227179,0.79918033
0.68742090,0.80353743
0.86591578,0.77578127
0.86420667,0.85983205
0.59833300,0.79289818
0.98446250,0.17597333
0.30210808,0.27355328
0.70309734,0.70210099
0.88570571,0.90981239
0.89789033,0.80974191
0.94282514,0.94101930
0.79026663,0.74400544
0.63291037,0.47822964
0.86560404,0.88957387
0.88223994,0.91254580
0.71105999,0.81035084
0.94670761,0.91257709
0.41528153,0.41389197
0.78980696,0.85481483
0.68186796,0.49117348
0.89458466,0.91156292
0.45269004,0.41237518
0.88454413,0.73316973
0.86929977,0.90417427
0.79645240,0.84203482
0.88399076,0.87100881
0.71043813,0.64989978
0.77861404,0.66030031
0.77244759,0.84235799
0.55038083,0.53175914
0.49681556,0.42613587
0.73475212,0.74045897
0.87352097,0.92179739
0.86150169,0.83363283
0.71728003,0.74972790
0.82872987,0.93267393
1.03902805,0.90011698
0.79898596,0.80131948
0.63355577,0.68642855
0.81990087,0.81843573
0.74849415,0.70556027
0.66696197,0.86710781
0.70815694,0.88317168
0.94204712,0.53268218
0.71520042,0.71708071
0.52935272,0.49782473
0.63230562,0.63613039
0.94296402,0.95715326
0.89112610,0.94849253
0.42545086,0.43774909
0.94279158,0.80915117
0.85742182,0.92648935
0.91116750,0.90317327
0.92402494,0.88832200
0.97017384,0.94523060
0.87847757,0.90917122
0.40234298,0.51725292
0.85927349,0.93333334
0.90744007,0.95148885
0.37289590,0.49638805
0.78514874,0.88987964
0.56692803,0.52429187
0.71704155,0.76684982
0.92314160,0.92035741
0.68240499,0.60529757
0.63627279,0.59092259
0.72104001,0.57391024
0.70886362,0.77398944
0.79053998,0.80154157
0.84755886,0.90063465
0.91315961,0.94029009
0.84512389,0.82723516
0.31710917,0.32289064
0.57705319,0.58769631
0.61723077,0.56708324
0.83076155,0.88732040
0.86734241,0.83375001
0.81574297,0.83192021
0.88925958,0.87247783
0.77718282,0.75191194
0.55718547,0.54102367
0.60114908,0.58003098
0.40703425,0.43387705
0.91509676,0.89318383
0.85549921,0.97521418
0.84290409,0.92824352
0.89647442,0.85440701
0.55233335,0.24134728
0.63958901,0.46230251
0.79464805,0.95507568
0.89247525,0.90797651
0.86092961,0.87545484
0.68187308,0.55882353
0.25619516,0.41450471
0.99025202,0.94064313
0.78835201,0.79514021
0.79258287,0.62104017
0.67781413,0.74635702
0.71253514,0.74321967
0.68061489,0.64693373
0.56144148,0.64818114
0.83228600,0.81084216
0.81081212,0.94846493
0.84023499,0.85275441
0.29645249,0.16919251
0.68856525,0.73777807
0.79506290,0.60520834
0.80952728,0.72881877
0.26371390,0.13987172
0.77155459,0.74972749
0.60339504,0.57779288
0.88291681,0.91396326
0.51472408,0.49417111
0.89492810,0.90073121
0.56886840,0.68355483
0.43227047,0.45858580
0.55726326,0.59835202
0.58336020,0.60581255
0.53888398,0.27689710
0.73194456,0.88675213
0.86491245,0.89387077
0.81881332,0.86072850
0.85535312,0.90895396
0.22819467,0.12685186
0.88358837,0.94719952
0.89152837,0.80947930
0.77109122,0.87093079
0.74965918,0.53754151
0.67021453,0.48074982
0.71378040,0.70175231
0.68639284,0.80138272
0.48291993,0.18914123
0.77558798,0.89991969
0.77882814,0.90664697
0.91698742,0.92192310
0.77389574,0.70954633
0.63705277,0.64516598
0.89389396,0.93934959
0.67458582,0.68070573
0.92478490,0.78901410
0.24871460,0.25915682
0.92394453,0.93755049
0.67601031,0.78349674
0.48951641,0.30113637
0.78063440,0.79827219
0.65630245,0.70221823
0.88550448,0.96412265
0.27469370,0.30938494
0.33448738,0.24587674
0.79934072,0.91239721
0.62947714,0.43103448
0.74760616,0.65319914
0.84788740,0.91233766
0.57961643,0.55924815
0.72401202,0.89297050
0.86827707,0.92712766
0.68526053,0.65528846
0.94458687,0.91641706
0.75777173,0.91049892
0.73532689,0.72620887
0.77644062,0.92000842
0.92906284,0.90261990
0.84466016,0.94229674
0.73748803,0.74520206
0.67258376,0.70211607
0.91805208,0.98922598
0.72325361,0.69567865
0.74511480,0.91332501
0.90442371,0.97619045
0.90173876,0.91140813
0.97177434,0.97933853
0.91943777,0.92179483
0.77236092,0.83434474
0.55135250,0.43875387
0.23517174,0.12598751
0.87633586,0.80515140
0.84789801,0.78235292
0.90901583,0.89587718
0.87384343,0.92665416
0.67336303,0.64506000
0.69675148,0.73887980
0.87476873,0.92082554
0.88436472,0.89070284
0.82892513,0.66290534
0.95920146,0.94156039
0.65564895,0.53559911
0.74980885,0.70679015
0.81338751,0.87731093
0.82840538,0.91074419
0.56559634,0.52660644
0.79742783,0.69846857
1.01189733,0.92421627
0.91583216,0.86835557
0.46425623,0.50482512
0.78341866,0.82318991
0.38354367,0.30889091
0.64778763,0.55752653
0.40508589,0.31595987
0.60380596,0.83333331
0.33967960,0.33849600
0.64385259,0.79298246
0.77507597,0.71165258
0.49288160,0.31763548
0.52970839,0.39099726
0.76531160,0.73548859
0.22222202,0.34459993
0.82164454,0.88075078
0.73261571,0.85386860
0.82364064,0.84730196
0.91573381,0.84439600
0.83621407,0.89345825
0.77354932,0.78287286
0.80852079,0.90166646
0.45615146,0.49553746
0.86324823,0.90880620
0.84539843,0.84768492
0.81324959,0.83387977
0.88731331,0.75215387
0.81258857,0.76766616
0.69136816,0.53104299
0.75759232,0.81340581
0.73737311,0.75326777
0.64130801,0.51244235
0.24278145,0.34693033
0.91378790,0.79598188
0.92590117,0.90986842
0.55343598,0.45630932
0.87527454,0.89654469
0.65206015,0.68593282
0.60268086,0.60692453
0.82244289,0.84840775
0.47757655,0.35541871
0.63254261,0.63192332
0.78177273,0.77879041
0.42509687,0.39656276
0.92949438,0.94523376
0.67906302,0.63374132
0.80281031,0.98275864
0.72692668,0.85287970
0.31558192,0.18073878
0.60682285,0.67013109
0.87668133,0.95277780
0.85621512,0.70886618
0.91377652,0.94090909
0.27010193,0.37231132
0.78666103,0.79828602
0.87540841,0.78862488
0.16407457,0.14017177
0.67012000,0.86554027
1.00531435,0.95667285
0.79135692,0.84633219
0.85239530,0.96923077
0.91989696,0.89775115
0.71855938,0.64714241
0.81793463,0.83513546
0.53114736,0.72588235
0.81840372,0.84754902
0.63655508,0.71759260
0.65548611,0.70015180
0.82740813,0.75465667
0.28188345,0.41527238
0.82505774,0.85904509
0.74722862,0.74544257
0.70434201,0.70368671
0.89380109,0.96376812
0.91237175,0.99275362
0.85410798,0.82435900
0.48530224,0.59803253
0.86574793,0.82986039
0.54506707,0.63351828
0.78372645,0.81027752
0.85911214,0.95262128
0.70086086,0.80894148
0.81985056,0.85415053
0.69206136,0.22454269
0.71056783,0.83595204
0.83006203,0.70385230
0.84060025,0.85160822
0.14400625,0.13069455
0.97775614,0.95625663
0.52043158,0.44530153
0.76297629,0.84039712
0.33697492,0.43346915
0.79001486,0.89800197
0.93952608,0.90875059
0.83179140,0.82030994
0.79018784,0.79763937
0.35190102,0.24452288
0.77122688,0.83806610
0.66807139,0.65213674
0.69544637,0.57287008
0.88444388,0.92304611
0.82353401,0.94978607
0.49952433,0.64651471
0.91104579,0.86218202
0.89725667,0.91463667
0.81590933,0.84729153
0.67084563,0.75903976
0.51610410,0.45269471
0.91325796,0.92181176
1.01219904,0.95691174
0.78528136,0.79957718
0.74275112,0.87323833
0.80083191,0.62049538
0.73942959,0.83840066
0.93971527,0.94470590
0.84669423,0.63815278
0.85260189,0.81925821
0.72779983,0.76926482
0.81556082,0.93142217
0.74491316,0.64008701
0.82774138,0.83216071
0.87265229,0.93350875
0.75085473,0.83468765
0.86948013,0.91225690
0.83692467,0.79963523
0.91939557,0.94897085
0.68864959,0.75115359
0.64476275,0.66969699
0.93513703,0.94510549
0.49189016,0.46856546
0.59584051,0.56722486
0.80582082,0.79981911
0.79477286,0.91211033
0.88687372,0.90170288
0.91643202,0.96798378
0.53200275,0.67013174
0.84978759,0.88219142
0.87545133,0.91038436
0.72028625,0.79298246
0.84986758,0.86638868
0.12675741,0.12465912
0.76425290,0.90974259
0.38595989,0.39943701
0.67362201,0.46200973
0.72499168,0.82783753
0.81573254,0.82958025
1.02119052,0.94356018
0.43046099,0.33618388
0.79021823,0.73583418
0.54206294,0.55495280
0.66695857,0.50611144
0.70483673,0.84291822
0.91694391,0.88362384
0.49993375,0.53967869
0.31178093,0.29709384
0.68933761,0.68652040
0.81004089,0.87947094
0.67111623,0.68962061
0.68975598,0.60175437
0.76457965,0.59613425
0.64041126,0.54225522
0.72495830,0.88332212
0.90895104,0.87752408
0.86851764,0.89441079
0.04113165,0.06378902
0.75705624,0.90164453
0.48930934,0.46296296
0.65191388,0.67128801
0.61730969,0.57127637
0.79423165,0.79508626
0.88186920,0.93096691
0.90306610,0.91537356
0.86912143,0.95516568
0.77541542,0.74644977
0.94190848,0.96847826
0.54066509,0.55499166
0.77370119,0.75261503
0.62297499,0.42450452
0.86870766,0.89535546
0.97376907,0.90532106
0.88020408,0.81703997
0.78609371,0.85103798
0.84635341,0.90310782
0.96033430,0.97872341
0.83387649,0.96459067
0.83547425,0.76291794
0.80001545,0.74279559
0.87347400,0.89090663
0.64815569,0.53643906
0.79237068,0.84706134
0.53839827,0.53568822
0.93028843,0.89027262
0.93295491,0.87522280
0.73998451,0.68735337
0.96898282,0.90734500
0.61066240,0.59587657
0.76076889,0.49330035
0.65831077,0.60518789
0.93741906,0.87993860
0.86816132,0.88662660
0.67091173,0.59807694
0.84595573,0.85897189
0.80490267,0.78093833
0.27830571,0.22644928
0.86289966,0.84770489
0.59935558,0.81561995
0.53795993,0.42962953
0.80357170,0.94712073
0.80202389,0.77471656
0.77707160,0.76811635
0.58442461,0.48900464
0.83174062,0.75165170
0.81341767,0.88255924
0.84364581,0.90447593
0.82687616,0.82797444
0.47452089,0.30609041
0.61114258,0.59229332
0.74309683,0.74305391
0.83292609,0.82886869
0.93679857,0.94409192
0.70375776,0.78591627
0.74023545,0.71623808
0.56977594,0.47535211
0.87853312,0.94798648
0.38962942,0.36237374
0.77230668,0.83224422
0.91121954,0.83307701
0.64890546,0.65434241
0.52524340,0.55239666
0.96561408,0.93473929
0.91817880,0.93723059
0.96110010,0.93569988
0.92281502,0.87917340
0.87260205,0.88735884
0.90765250,0.88899755
0.53512108,0.74898958
0.63921988,0.68114477
0.74991721,0.58571428
0.46793211,0.48970768
0.90048838,0.86167032
0.43523714,0.29080674
0.87629664,0.93277830
0.79289109,0.81553400
0.79117763,0.77173913
0.73201984,0.73167789
0.70498085,0.81875646
1.04972672,0.94533569
0.52731472,0.52331150
0.76565969,0.82278323
0.83495903,0.89532495
0.94534874,0.93501192
0.79869509,0.94000000
0.87101638,0.93757176
0.46049276,0.28643617
0.52636313,0.38437003
0.78330696,0.86175376
0.57176304,0.66428620
0.33542880,0.42257217
0.59399939,0.65077490
0.82407027,0.91923076
0.74338245,0.67142022
0.73950171,0.48139769
0.86794460,0.85357428
0.43517941,0.56810105
0.89909804,0.87248802
0.76708078,0.95862800
0.73973751,0.82238585
0.68441725,0.62078261
0.90983164,0.80750889
0.84348416,0.83243144
0.92545474,0.85847986
1.00015986,0.91971737
0.64226913,0.69436836
0.96437705,0.75966048
0.50730228,0.41319931
0.82058263,0.88292122
0.82914364,0.74175900
0.85989839,0.85444778
0.57299560,0.65708536
0.92654014,0.91202533
0.73558456,0.79289150
0.31507224,0.11148074
0.63711190,0.49401122
0.84038979,0.76232862
0.88434005,0.92849016
0.22092384,0.19169508
0.23881713,0.14660482
0.76443028,0.88060230
0.63656646,0.71151268
0.43894285,0.26976076
0.88749576,0.87049526
0.76720226,0.64069766
0.64906776,0.70906752
0.36282501,0.20999916
0.88834345,0.90540540
0.46697474,0.58448458
0.57434702,0.59448087
0.92444229,0.73690474
0.60874689,0.68911612
0.82452524,0.86158252
0.70958853,0.79910553
0.88732982,0.88239187
0.85311735,0.90231508
0.55087203,0.49682686
0.59076375,0.33763418
0.84424806,0.95539623
0.72577155,0.42209944
0.71164006,0.84276849
0.81865120,0.83121246
0.39513490,0.33246276
0.83023560,0.87292683
0.87650013,0.81089091
0.88670844,0.82630205
0.92206669,0.78991252
0.82473361,0.86705172
0.66038752,0.61377645
0.28968918,0.34832197
0.86824942,0.91766828
0.63953727,0.32575008
0.61192870,0.60423815
0.82375926,0.88158941
0.73072553,0.90737563
0.80373764,0.83232540
0.74690890,0.83195084
0.80463779,0.73680902
0.86938560,0.98660505
0.37969488,0.62205803
0.68249309,0.69734889
0.84727728,0.88779718
0.77516389,0.91158903
0.80911142,0.74469572
0.94049418,0.94096643
0.73153597,0.72543061
0.75103438,0.79676998
0.96560585,0.95966935
0.77137619,0.87531143
0.52591938,0.58723468
0.60980672,0.42238268
0.89588660,0.81438857
0.69604743,0.61333448
0.78806388,0.45584652
0.74319720,0.72169811
0.91588306,0.82912940
0.90522730,0.90630299
0.83973038,0.85919821
0.87531352,0.89294875
0.36723256,0.35851455
0.61664820,0.50331545
0.88465357,0.76369637
0.64841992,0.51747334
0.89092064,0.96570659
0.29010624,0.37821880
0.97676814,0.94701755
0.43442893,0.36748573
0.61800623,0.48774403
0.86548328,0.91049600
0.87585580,0.88741851
0.92356634,0.98275864
1.05239058,0.98849702
1.02858078,0.90976351
0.35893226,0.24929525
0.50801599,0.50047541
0.94245738,0.89817476
0.96032965,0.85895091
0.93377328,0.82343489
0.21538877,0.09733385
0.63769281,0.56538570
0.72391760,0.69834185
0.79497105,0.88496679
0.49716908,0.64710796
0.89559084,0.93648565
0.74284089,0.71581823
0.89189243,0.78080195
0.36290506,0.42770770
0.88767540,0.91392887
0.92201054,0.90552974
0.90558946,0.91573662
0.55791962,0.68036401
0.96197033,0.89907104
0.61569321,0.44020849
0.71936643,0.65571481
0.76161253,0.94130152
0.78506958,0.80382884
0.69541609,0.71913344
0.17674693,0.16865297
0.64445698,0.14304200
0.19801968,0.21486166
0.39791635,0.31148237
0.85095495,0.91949451
0.90452313,0.96001065
0.85916758,0.95454544
0.82934046,0.66906595
0.81491554,0.85357368
0.56679064,0.67364585
0.81121606,0.79618436
0.68240047,0.84451681
0.54156214,0.44881848
0.94566977,0.85982561
0.84273458,0.79611725
0.39250490,0.24394307
0.71165872,0.81831789
0.56688595,0.41585678
0.81567144,0.87915879
0.51820421,0.40451533
0.68525016,0.72263235
0.83082283,0.94221395
0.73538351,0.75266081
0.86814630,0.91873604
0.71099925,0.74833596
0.83733964,0.85856056
0.67841774,0.81048852
0.88832629,0.89603448
0.26569963,0.26633644
0.82990992,0.81332099
0.71794307,0.70573384
0.98935914,0.97651005
0.89898813,0.91983503
0.94868875,0.91829187
0.49996492,0.35841557
0.94091767,0.91055554
0.64436388,0.74782741
0.99308383,0.94044352
0.96900177,0.96733141
0.87333429,0.92955494
0.76218116,0.83844447
0.77929151,0.58614844
0.83433211,0.88006818
0.87536550,0.92288601
0.38042614,0.26272455
0.90993929,0.83190924
0.61991799,0.72027773
0.80403757,0.93526757
0.77190471,0.68704498
0.17969695,0.15570776
0.77058148,0.65136182
0.84993148,0.92125106
0.71030867,0.79162019
0.85824239,0.85636902
0.84739876,0.88357931
0.81884128,0.88174993
0.84614074,0.79741377
0.60846233,0.64639425
0.56092381,0.53909063
0.59895742,0.62573582
0.79228514,0.87221742
0.71115720,0.79562014
0.69914758,0.78673470
0.85383534,0.82393950
0.49836445,0.43288681
0.38921541,0.25553018
0.86907756,0.87876654
0.82474256,0.76957691
0.84871566,0.74898672
0.56143838,0.41086957
0.46809435,0.34485158
0.58345443,0.53546131
0.73439455,0.96666664
0.91861475,0.95023924
0.74762690,0.87311041
0.92162871,0.91178250
0.82071590,0.83515948
0.67205387,0.58434588
0.86530626,0.89346659
1.03509772,0.98982012
0.91663861,0.87994564
0.84466052,0.76127243
0.84307241,0.85837102
0.96066201,0.91895425
0.26470360,0.24012481
0.77969849,0.84508663
0.90105146,0.87620687
0.65063483,0.54030800
0.76960766,0.76951873
0.94939816,0.97838503
0.93512678,0.80167454
0.70295739,0.57442808
0.68539637,0.77140731
0.84104645,0.81005025
0.71071839,0.85648358
0.93202686,0.86341697
0.89557195,0.77339107
0.86567903,0.87987375
0.19111127,0.11469042
0.81501913,0.88720489
0.91137695,0.93778312
0.72606289,0.69335526
0.93502700,0.93119937
0.83086634,0.89935899
0.97260022,0.88697916
0.85664755,0.75230956
0.80115461,0.73787737
0.91379088,0.95592654
0.69326949,0.60129112
0.96389830,0.97611338
0.92313373,0.90174145
0.85875684,0.89140624
0.49115381,0.66635603
0.73388815,0.80292118
0.77876341,0.74788964
0.91667342,0.85470283
0.65641147,0.35770595
0.74548906,0.59154373
0.84623694,0.82882243
0.85256100,0.90482342
0.79799318,0.59700030
0.97120106,0.89153439
0.88718015,0.97311831
0.66241777,0.53575748
0.31590214,0.15808170
0.76506984,0.71256495
0.77468348,0.87203765
0.77508843,0.49895087
0.66073513,0.56250000
0.54848039,0.52228165
0.73300552,0.83328664
0.80401027,0.80661660
0.90575671,0.93434107
0.45378172,0.64884073
0.73133379,0.75838923
-0.08320412,0.04953431
0.90687144,0.85798162
0.83380926,0.80806857
0.92606640,0.93983078
0.61594266,0.50126493
0.92355144,0.88039112
0.88204712,0.94798410
0.79346597,0.87687516
0.61881447,0.58634460
0.85302901,0.91057914
0.59739524,0.48184818
0.52254099,0.33665380
0.80821240,0.85242832
0.87613964,0.90735292
0.47260189,0.40943256
0.38858157,0.44473892
0.86126065,0.81955886
0.78935820,0.83082032
0.83839083,0.91540599
0.43864402,0.37155995
0.30239454,0.13041443
0.74811924,0.67618191
0.85301793,0.93599880
0.90699315,0.85991228
0.92335558,0.94861281
0.77602220,0.77751720
0.76421493,0.61105484
0.86345172,0.89774948
0.78293002,0.34511524
0.89126581,0.87132150
0.88279247,0.94743907
0.57844514,0.61226863
0.77404070,0.80778700
0.93711364,0.93322879
0.90816462,0.97222221
0.45607710,0.42358845
0.87570107,0.92842150
0.79612172,0.87963533
0.92404819,0.93257427
0.85859334,0.84153783
0.84186423,0.93129760
0.59539968,0.68185139
0.83604777,0.94208270
0.69807291,0.69028759
0.93893623,0.85408163
0.51632982,0.73607951
0.84700167,0.88519126
0.59027547,0.50528187
0.74416304,0.84792101
0.87139028,0.75366879
0.68276531,0.50658047
0.69847357,0.64404887
0.90704787,0.89263630
0.44611475,0.49252614
0.69630879,0.65751696
0.63388693,0.58521760
0.77176821,0.70898658
0.99515200,0.94868690
0.64955556,0.79000568
0.80313307,0.87812442
0.95374155,0.90679687
0.91659260,0.93229169
0.51704544,0.40523237
0.80978823,0.86327744
0.83475649,0.69556737
0.64483106,0.80346686
0.71673667,0.67167324
0.89685297,0.82744044
0.76116276,0.75187397
0.49206597,0.57973754
0.81036425,0.96288943
0.80981922,0.96245849
0.95431900,0.97161305
0.88116086,0.92712247
0.84349132,0.83955443
0.68173063,0.59445947
0.71567982,0.79835540
0.77738583,0.85104710
0.86400688,0.85698450
0.69765115,0.75783801
0.67638421,0.68147451
0.72961026,0.68763447
0.86771095,0.86583000
0.86370057,0.83552742
0.90353608,0.92595226
0.75654221,0.80328435
0.74211925,0.76440734
0.73245156,0.48274773
0.71736825,0.85425282
0.40524381,0.35217968
0.83252192,0.95604396
0.69628918,0.57052928
0.87089288,0.65849674
1.01475298,0.97115386
0.60965663,0.51422232
0.90831077,0.94842172
0.92858672,0.86075163
0.88873792,0.97244149
0.89649522,0.88086736
-0.03218076,0.04580267
0.74831259,0.71991873
0.83121765,0.90789473
0.94269145,0.83249384
0.91335672,0.88196427
0.91398597,0.86628664
0.84635186,0.91282797
0.88254464,0.91710097
0.80270970,0.81452864
0.75041354,0.67801344
0.74337101,0.47775811
0.88984549,0.80510753
0.57524961,0.67446810
0.88064039,0.84147245
0.96071267,0.93378329
0.86590064,0.84296876
0.77840495,0.73563290
0.46594998,0.43004099
0.03871647,0.11223690
0.57235831,0.57947791
0.94459128,0.94054466
0.98402262,0.93813747
0.96820688,0.86860120
0.67389816,0.62798101
0.91768932,0.95646960
0.59416711,0.47371379
0.78561723,0.94417387
0.88750839,0.96932012
0.73024595,0.56598759
0.75517869,0.80576950
0.37050527,0.33701411
0.76032162,0.69234240
0.86338639,0.84282053
0.33244371,0.26069599
0.54328293,0.73901176
0.84561467,0.93899584
0.74717689,0.60856491
0.27816346,0.14977884
0.83749574,0.89643747
0.85070014,0.84919506
0.85194278,0.78197366
0.77902269,0.84337187
0.76489741,0.62717295
0.66779494,0.77907377
0.84074295,0.85116220
0.62994224,0.62323946
0.58438003,0.65485609
0.94684559,0.97540987
0.85932565,0.86293226
0.73286551,0.81600612
0.48008397,0.47790524
0.95197618,0.95002931
0.98328221,0.94913703
0.59686816,0.58176565
0.85519874,0.90195483
0.60272998,0.50837183
0.58914775,0.54774100
0.56201607,0.57565135
0.68733144,0.80611110
0.51288831,0.39445871
0.91996539,0.96013117
0.29818952,0.19643602
0.87946904,0.96178591
0.58371735,0.24278516
1.00257373,0.96150458
0.80112696,0.83796620
0.79644418,0.92015117
0.84637296,0.94868141
0.64380085,0.59982920
0.84935087,0.76569235
0.92859244,0.88745636
0.96040511,0.95939767
0.38524765,0.34010842
0.70766592,0.80897957
0.78484571,0.89536291
0.40296504,0.32583460
0.76390207,0.71392745
0.97153282,0.95888788
0.92733026,0.88028204
0.79521179,0.88586742
0.73528039,0.68154299
0.90912271,0.94550353
0.91845655,0.94453758
0.76613569,0.73705500
0.88993967,0.90509939
0.40767980,0.17494252
0.76391214,0.87989235
0.64204425,0.68179667
0.70894575,0.79959714
0.68485838,0.59616596
0.92426860,0.84470910
0.94621396,0.99497414
0.26659733,0.26573077
0.90412188,0.96437126
0.83324778,0.87511498
0.75869203,0.63227510
0.74987113,0.80413121
0.81328773,0.87317926
0.77209759,0.71612072
0.84620607,0.87742949
0.67431784,0.84252799
0.96120369,0.88625824
0.60990882,0.70597845
0.82828665,0.82569063
0.41955400,0.28093535
0.37371829,0.45139080
0.79369211,0.85651290
0.44054803,0.25443321
0.85957491,0.87771767
0.83800626,0.92113006
0.80842817,0.78771532
0.53956383,0.56883347
0.80198669,0.68409812
0.48925674,0.51866502
0.84395587,0.89704436
0.79551351,0.64072943
0.91506314,0.97974503
0.82224405,0.83071285
0.85615504,0.84090102
0.47055200,0.29403645
0.72735357,0.77840394
0.67484820,0.76021636
0.62036979,0.78524214
0.85557103,0.89633226
0.95302558,0.94120151
0.77984488,0.87318563
0.82695341,0.82413101
0.91839874,0.95733041
0.85774523,0.90329397
0.24929178,0.11286988
0.48285168,0.44786826
0.69203991,0.70078200
0.62634218,0.70576924
0.71310252,0.77261633
0.72091544,0.51436228
0.69981790,0.64331055
0.65931427,0.77381706
0.80441642,0.94997269
0.79811239,0.57921028
0.84288609,0.96609181
0.77948058,0.83745748
0.87024993,0.87462234
0.90423745,0.86753249
0.84188414,0.90942913
0.90505624,0.92438066
0.82027054,0.81891280
0.90970784,0.91215152
0.72138548,0.70312828
0.85377991,0.81175274
0.89023376,0.87305474
0.86332130,0.89770633
0.67846048,0.50900257
0.35800678,0.54919863
0.86240399,0.99425286
0.81100428,0.90091950
0.84574878,0.80878663
0.79061711,0.83850265
0.73604357,0.74399853
0.97360384,0.92098033
0.46379772,0.62598270
0.93030262,0.76550871
0.94162822,0.87920874
0.22933614,0.25909430
0.78446794,0.76881856
1.01076281,0.92859668
0.70913053,0.71317309
0.62962216,0.77956986
0.81748152,0.86996698
0.63143337,0.45161444
0.92182124,0.98084825
0.86815476,0.84113801
0.83057618,0.84279549
0.77327341,0.70817608
0.47195321,0.44838309
0.77976543,0.85638946
0.66570330,0.99642855
0.88334990,0.95770979
0.87107503,0.87345171
0.73621386,0.73427027
0.86856705,0.84351897
0.91176391,0.92926937
0.91951239,0.92618775
0.50589550,0.45971575
0.90374696,0.90075141
0.85800660,0.82073301
0.98004293,0.90561372
0.90670997,0.84722221
0.78889441,0.92095351
0.85754907,0.88191885
0.11325648,0.07497706
0.38426051,0.14390244
0.92969596,0.84716874
0.95292842,0.88255036
0.85349214,0.85113996
0.97197330,0.94928300
0.74132621,0.73880899
0.63729805,0.62105978
0.77740479,0.81262982
0.72808647,0.55583185
0.94486487,0.88450295
0.45651880,0.43947282
0.87901956,0.93605608
0.66169238,0.74731505
0.48636520,0.60952902
0.61606842,0.71591765
0.90314651,0.90945148
0.57293981,0.61156446
0.67144501,0.66399556
0.73835599,0.82773900
0.71672213,0.99888641
0.77978671,0.80901307
0.81068575,0.83635467
0.60720795,0.62672049
0.69816524,0.62334055
0.85722995,0.80335766
0.62545729,0.57727122
0.79259932,0.69110304
0.77873516,0.87603253
0.48260087,0.62082064
0.64286423,0.60234964
0.36732015,0.31594202
0.47005177,0.45400271
0.68551022,0.73377436
0.67438012,0.54876393
0.53914535,0.67029285
0.83433926,0.89851618
0.82607794,0.70219976
0.78047824,0.79977137
0.77036071,0.75698471
0.76334977,0.80296588
0.95421433,0.98493630
0.73107481,0.73153740
0.90618563,0.91952467
0.79966509,0.74732560
0.20803681,0.27417654
0.78223455,0.90460300
0.52771246,0.61332309
0.76123965,0.90574151
0.97574699,0.93852460
0.40239158,0.41883275
0.53269249,0.45576829
0.55392921,0.40355298
0.92678833,0.90396249
0.85696316,0.87063295
0.29416445,0.24686849
0.96801901,0.90374649
0.85611081,0.80468750
0.81768620,0.92537314
0.80231190,0.82373244
0.93579364,0.90890688
0.51359731,0.41073257
0.93054897,0.92492646
0.84953928,0.89233661
0.85471922,0.75138891
0.84506607,0.78554803
0.67552358,0.68115872
0.55062830,0.59684193
0.82860112,0.34331059
0.96677232,0.95993030
0.87664759,0.75191104
0.84216630,0.92942840
0.00511077,0.05887888
0.81187695,0.86328375
0.89366734,0.92137265
0.94000274,0.94824338
0.82649577,0.92727274
0.39229313,0.44329169
0.19341758,0.16621801
0.82403147,0.81493509
0.69241601,0.77093369
0.54527980,0.36946368
0.91032642,0.94431466
0.83894956,0.86139697
0.63023603,0.71845347
0.56014156,0.42334017
0.80585569,0.88576943
0.93147671,0.98041666
0.83747923,0.89055043
0.42780685,0.45699394
0.47578651,0.43135002
0.74049497,0.56313431
0.59129065,0.65316665
0.82657099,0.88094515
0.77732122,0.81349206
0.75163829,0.69447440
0.50990194,0.53202736
0.36183861,0.19074610
0.72925591,0.62072283
0.75931305,0.62310362
0.28721946,0.17857143
0.97021341,0.93130344
0.46804914,0.26686859
0.45821449,0.41347429
0.56202805,0.34925410
1.00615656,0.92120683
0.71915305,0.71532255
0.81427801,0.91563803
0.29389462,0.36190981
0.57962704,0.68842268
0.70711464,0.75373417
0.90980959,0.91406190
0.60587901,0.61812866
0.86886632,0.88348532
0.93213916,0.96102065
0.71835792,0.76305968
0.86893463,0.93243456
0.75030541,0.88182276
0.71030486,0.68118411
0.78078842,0.86943781
0.89899135,0.93299937
0.68906879,0.82679921
0.79735506,0.90753287
0.68753821,0.56599897
0.84722221,0.58724594
0.96341217,0.93863815
0.87019730,0.78259116
0.81221628,0.85712564
0.98392141,0.94747758
0.95594597,0.93136072
0.25274277,0.38836405
0.62781990,0.83414632
0.85605514,0.81010693
0.83201993,0.73488325
0.64139128,0.91078430
0.84730875,0.95604217
0.49126035,0.61352813
0.39122409,0.28458738
0.58775884,0.64388865
0.60870469,0.31385612
0.69389665,0.58470148
0.85347402,0.90445155
0.74392676,0.73867559
0.88054371,0.86246496
0.36478609,0.37729108
0.77818155,0.66213691
0.78359461,0.78770852
0.45851371,0.38212597
0.31666443,0.21620715
0.58104682,0.44405919
0.83463371,0.88106066
0.74148762,0.77390367
0.81398523,0.82036614
0.83470714,0.80996716
0.85890269,0.85842067
1.01348269,0.90472430
0.81865001,0.40315506
0.66166914,0.60859418
0.70686585,0.73751736
0.71726763,0.73597103
0.78430355,0.80103737
0.84114873,0.83284163
0.32504779,0.27266225
0.65663254,0.60189211
0.80907047,0.84333014
0.94563198,0.97828609
0.82473147,0.78776121
0.81067187,0.74959815
0.74419975,0.84598929
0.81936812,0.80587584
0.77719045,0.72466218
0.81240940,0.88078433
0.90516073,0.93350166
0.64309227,0.39687431
0.67381167,0.53868902
0.46792483,0.39282146
0.44738737,0.46381423
0.80242419,0.91736388
0.82138503,0.81108958
0.65041029,0.69661492
0.64937866,0.62597948
0.93538845,0.80019981
0.64150238,0.47633147
0.81192589,0.84880120
0.85567236,0.83789790
0.60249579,0.67357653
0.78285980,0.72186613
0.60227990,0.51307732
0.69692147,0.77973855
0.40154120,0.34047765
0.52217823,0.55808079
0.54453421,0.41156632
0.54259384,0.51598209
0.87492537,0.89465147
0.81331825,0.84753376
0.69392747,0.70289034
0.92958045,0.94705653
0.85436404,0.92244416
0.98874295,0.94948977
0.69082290,0.63704205
0.92007458,0.88767505
0.42905104,0.44295454
0.87041652,0.91778165
0.92724073,0.96724421
0.81948531,0.71548676
0.55646086,0.70466030
0.88735282,0.96487606
0.75363040,0.69793046
0.85257721,0.83635980
0.94986057,0.95140678
0.65118521,0.73388773
0.36154333,0.30173033
0.93462300,0.91107738
0.87327302,0.84156317
0.74276280,0.68461519
0.79859936,0.82612556
0.93674517,0.90076631
0.62348139,0.57860386
0.89538431,0.89237136
0.82794046,0.80948132
0.76824450,0.63861454
0.37886524,0.38626665
0.46361244,0.52671957
0.79118073,0.87913013
0.95545483,0.95767272
0.85336453,0.86352932
0.62639403,0.33011273
0.83704913,0.94629246
0.91549122,0.93036580
0.91330987,0.91126776
0.90519226,0.97853369
0.61357033,0.64231008
0.77800888,0.78312474
0.95443642,0.96205503
0.97831154,0.91715837
0.74614418,0.68434751
0.80286443,0.88573885
0.82938707,0.89452815
0.33026552,0.26408178
0.58638239,0.52276689
0.88948452,0.91676831
0.69219887,0.59834677
0.74849713,0.62980771
0.83335924,0.84498233
0.90168989,0.97385532
0.66287482,0.71306640
0.83345604,0.85761565
0.39704758,0.26958776
0.90484297,0.88651258
0.92353535,0.97886825
0.82232982,0.88575268
0.79293263,0.81904554
0.79306638,0.85631067
0.91115260,0.78633600
0.36013293,0.53611565
0.53000540,0.52867132
0.82208097,0.58175290
0.85447085,0.74276859
0.25762284,0.16462965
0.87130988,0.93084574
0.81265163,0.92125493
0.79498959,0.86562502
0.66049552,0.52665967
0.77633512,0.76739419
0.77604783,0.86697251
0.92346227,0.90608108
0.34433067,0.21021059
0.74478245,0.71524066
0.79191971,0.82290912
0.72549921,0.77031821
0.73801970,0.79810995
0.72167587,0.51792771
0.69366962,0.67713457
0.65476638,0.73488283
0.85923278,0.88671398
0.96732199,0.86932921
0.38971916,0.45771959
0.60591030,0.53966188
0.75310898,0.88286805
0.85013163,0.80708271
0.78257978,0.92190522
0.84117883,0.70137870
0.82077169,0.84829384
0.85926425,0.83466822
0.80860615,0.71924812
0.87224710,0.93329918
0.53745699,0.76857030
0.56586373,0.55803180
0.89739859,0.88090771
0.90680301,0.84025007
0.93824875,0.91762823
0.84294581,0.86246240
0.55121756,0.51923591
0.62165052,0.53985041
0.47360629,0.41860464
0.85033190,0.74591571
0.68493128,0.71431565
0.77669060,0.85822320
0.82995921,0.86392111
0.87409514,0.84782684
0.52125144,0.31394839
0.61933398,0.64767081
0.42872632,0.60114735
0.77580202,0.80974412
0.46372828,0.37164414
0.57049072,0.46460047
0.81095111,0.84319019
0.26961261,0.16497388
0.97543681,0.94478381
0.67694837,0.60501510
0.82733858,0.81430602
0.84292984,0.85963488
0.61242115,0.52581948
0.76636839,0.90674686
0.59034228,0.59478402
0.67454040,0.84960896
0.75839829,0.80011517
0.41268307,0.29427531
0.80178154,0.88049716
0.90394330,0.94305301
0.76727039,0.88107681
0.77241838,0.66533875
1.00302732,0.92313504
0.68554711,0.73524374
0.81674874,0.86621511
0.95890653,0.93106729
0.76949942,0.47980279
0.82792485,0.83803141
0.92585552,0.86684155
0.90318584,0.88924634
0.68969142,0.68040210
0.71190584,0.81234568
0.49153814,0.34900808
0.87567508,0.93970716
0.84468329,0.92941880
0.75229800,0.80512625
0.82230651,0.91325521
0.87205780,0.74869227
0.53853393,0.21674128
0.82324374,0.95140427
0.81456643,0.76357943
0.79606283,0.73503256
0.86907047,0.93443501
0.53203499,0.43088040
0.44577453,0.61491698
0.15695372,0.20233637
0.73044121,0.93137479
0.70484775,0.88597447
0.90053570,0.82273108
0.93180513,0.95281094
0.91763401,0.95226735
0.79162824,0.78538090
0.89728689,0.94541657
0.87141162,0.90407228
0.55632424,0.57378972
0.79698622,0.81096095
0.84678638,0.94468367
0.79750001,0.91102755
0.64196885,0.65889424
0.50914419,0.55896705
0.27684787,0.25727087
0.49697778,0.55153459
0.52940673,0.56407166
0.59140974,0.62411201
0.53037953,0.44689736
0.74381375,0.89418244
0.67259359,0.74401551
0.89468652,0.91926515
0.52102584,0.48811969
0.68245113,0.60936344
0.91192567,0.96453899
0.84400439,0.94567049
0.51473790,0.58518744
0.71334410,0.85896105
0.91807556,0.92436975
0.68633813,0.76619637
0.57614154,0.37865728
0.65466547,0.53696579
0.83074427,0.68268484
0.60802853,0.54181010
0.87956655,0.86332214
0.44314942,0.63521641
0.82460481,0.87784016
0.92296499,0.94144881
0.58536828,0.56423545
0.94824922,0.88804388
0.81281793,0.90700543
0.93683314,0.95015210
0.48298904,0.62058789
0.70864415,0.79883087
0.70415723,0.92123985
0.27297607,0.29284340
0.55038792,0.65918279
0.99369526,0.95156682
0.77141273,0.83087158
0.64158678,0.55090457
0.93709457,0.89478815
0.69555396,0.71079355
0.36608851,0.29572579
0.84720790,0.90395570
0.73781562,0.70062238
0.46662405,0.42544800
0.19993326,0.13499986
0.45239967,0.59261674
0.74451745,0.83686870
0.74479616,0.71431649
0.83797318,0.80535322
0.66811800,0.44080490
0.69225895,0.68046820
0.91311830,0.88211900
0.86581159,0.92337251
0.75668943,0.90806741
0.56985176,0.42550504
0.83219850,0.81607956
0.76847273,0.75267017
0.56270975,0.54109889
0.53394020,0.64185476
0.63403165,0.78316742
0.76832557,0.83877629
0.75621760,0.80120999
0.85578156,0.89555258
0.91691232,0.88730419
0.75071979,0.89329320
0.91361964,0.86925638
0.87711501,0.90426528
0.45016220,0.32794622
0.63041127,0.72307694
0.76214004,0.78880227
0.58216113,0.69225228
0.73295724,0.49802372
0.88497847,0.94826311
0.74134922,0.65071899
0.85939550,0.69458610
0.87871087,0.91751724
0.70156372,0.60509634
0.74400187,0.72117525
0.70681798,0.51230520
0.86296916,0.83057493
0.84660846,0.62790275
0.64832139,0.72464728
0.76439381,0.60357124
0.89718652,0.57811230
0.64389920,0.76451755
0.65366268,0.65460360
0.92082322,0.91930300
0.66077572,0.41803375
0.84224737,0.91481394
0.62317175,0.57398993
0.33915544,0.30924433
0.73828268,0.72230905
0.51981032,0.49731249
0.82662058,0.73707688
0.92832756,0.87325001
0.85065782,0.81795913
0.72044790,0.80513459
0.88295180,0.90945530
0.62355638,0.66351891
0.81681347,0.83636242
0.82105041,0.81954020
0.95284033,0.93428570
0.58356559,0.72480237
1.04693377,0.95489550
0.88667440,0.97859430
0.61399728,0.76543307
0.85187721,0.88159877
0.63883066,0.66364735
0.81033581,0.66201407
0.80628979,0.81898528
1.02644122,0.90554053
0.87972999,0.90113240
0.26242942,0.20370160
0.42971686,0.31864753
0.23674160,0.22531345
0.56509483,0.56835264
0.86561179,0.89218456
0.91257083,0.91149521
0.47156692,0.43312377
0.73577976,0.41225928
0.79388803,0.85576922
0.89204001,0.72041112
0.79194498,0.84452683
0.82338583,0.82641959
0.76690447,0.87013572
0.73722422,0.40221089
0.83130932,0.93004912
0.89061284,0.94750637
0.57626408,0.42811745
0.98582339,0.95471442
0.85867387,0.91122085
0.52064031,0.51083529
0.58447856,0.27325070
0.62973797,0.48874459
0.49434358,0.53219175
0.86466932,0.91258496
0.36756134,0.51421547
0.47245592,0.16824375
0.89115989,0.95793831
0.87904888,0.87224317
0.46181968,0.35857671
0.81414795,0.88580358
0.58848763,0.65312827
0.60335195,0.45671040
0.79408097,0.84324133
0.92047793,0.91488916
0.52622998,0.43936557
0.92087030,0.96191794
0.44663358,0.36642864
1.00393391,0.90795249
0.92238271,0.92329091
0.84688854,0.82083333
0.97965717,0.94758064
0.47767740,0.37408519
0.90817630,0.87000698
0.86872756,0.88083166
0.89067769,0.88705063
0.75139344,0.59842324
0.69952476,0.60643572
0.74146181,0.83627653
0.44371960,0.39646974
0.98514080,0.90601200
0.64090765,0.48900181
0.89836597,0.87262613
0.69441807,0.70908070
0.80573440,0.75484210
0.70599377,0.77926588
0.73074269,0.75887817
0.51592445,0.24975027
0.59103429,0.61219209
0.93458611,0.95826328
0.99503803,0.96291733
0.58918309,0.49350649
0.80942959,0.75180954
0.72613084,0.55396414
0.98713171,0.92468077
0.79347908,0.89616227
0.94113731,0.87778515
0.84196585,0.94268423
0.40988135,0.69172472
0.85442507,0.92317021
0.68476361,0.62751853
0.76121795,0.68234134
0.72444546,0.72234392
0.52945304,0.52153915
0.67814159,0.48065290
0.95235360,0.90427721
0.90076262,0.92455280
0.81713820,0.86911076
0.64056158,0.60090137
0.70650196,0.78461540
0.79733992,0.94017917
0.86034966,0.89266616
0.86612487,0.92072195
0.87441391,0.86983883
0.53103501,0.66580093
0.82509190,0.77782387
0.86333644,0.91726822
0.87057507,0.89858943
0.62337846,0.89878005
0.59192801,0.56363636
0.84163725,0.79968596
0.69167149,0.68719727
0.87052125,0.85790408
0.85260737,0.90293932
0.82882035,0.95863920
0.41044661,0.36549816
0.89248073,0.90652174
0.79266095,0.81130463
0.82561278,0.69390404
0.84517336,0.86177069
0.73985183,0.66614151
0.09424996,0.10867411
0.83279467,0.83432090
0.26177579,0.27899492
0.94134176,0.93369395
0.69157851,0.76367360
0.47230947,0.52248341
0.67871416,0.70664138
0.49453470,0.47202370
0.73312771,0.72612965
0.94085407,0.89943314
0.44905761,0.55499828
0.84228992,0.89636755
0.80528760,0.75809509
0.67058736,0.63974792
0.78400785,0.78104293
0.82588840,0.88610148
0.87413472,0.93431371
0.81461573,0.83934772
0.73781538,0.71283698
0.87477374,0.89842480
0.61207187,0.54730159
0.68838710,0.43214285
0.67285120,0.35497200
0.54209894,0.52035463
0.27414230,0.16419658
0.39051086,0.40966952
0.74172276,0.61902410
0.55415905,0.72706509
0.84694529,0.90523183
0.77224290,0.81309521
0.61097026,0.62879652
0.71198535,0.82935148
0.54974622,0.72596747
0.81483650,0.78171802
0.72037280,0.76299530
0.80793703,0.91868389
0.26928699,0.25794923
0.88967109,0.94805503
0.73492110,0.54948288
0.91757667,0.96323186
0.65657693,0.70808846
0.78510129,0.74844444
0.93361878,0.82007611
0.89276814,0.84158826
0.94228774,0.90366298
0.62736535,0.79571223
0.78564584,0.80758429
0.67979056,0.79464287
0.31751996,0.39908019
0.66258180,0.73734641
0.34705675,0.07455605
0.39050555,0.17020099
0.87272847,0.93589354
0.46063021,0.63321871
0.80863047,0.80233514
0.64177704,0.67605603
0.96817183,0.91330028
0.80325007,0.71992844
0.99835026,0.91117382
0.60221654,0.47939801
0.84871626,0.85910517
0.51730365,0.56120360
0.63121343,0.99609375
0.84950006,0.82705593
0.42211178,0.31308284
0.87212825,0.71998125
0.68344468,0.61743915
0.79320610,0.79744208
0.84178936,0.80658859
0.73306084,0.86582166
0.91091835,0.94588816
0.71047646,0.67820317
0.84668887,0.86383486
0.75865650,0.55416667
0.74395192,0.64915603
0.75862336,0.77142859
0.69570041,0.55404264
0.57527685,0.72441417
0.78790259,0.84533483
0.69062555,0.71924734
0.75637460,0.87103897
0.85144871,0.86925709
0.87402165,0.89299560
0.87103617,0.85965991
0.91324639,0.96687371
0.88387930,0.87602341
0.77590203,0.78267020
0.76673210,0.90069497
0.98206329,0.88417375
0.66231662,0.69139767
0.83220565,0.81770831
0.62682134,0.67526495
0.55697620,0.52850091
0.79879987,0.81791282
0.71956933,0.61894262
0.90657902,0.91690284
0.65256912,0.49491447
0.78401077,0.82243747
0.69705528,0.62001604
0.81023556,0.76807755
0.54826772,0.42000598
0.58040518,0.63359320
0.79960728,0.92971718
0.76359642,0.57530427
0.82835925,0.80952382
0.84223735,0.92160279
0.87343824,0.84482759
0.83602047,0.84970713
0.50442660,0.28383347
0.97618496,0.88441843
0.64144874,0.69579417
0.24580833,0.22469424
0.81850207,0.82103914
0.84130406,0.75675434
0.73245442,0.65243727
0.82520705,0.88136077
0.80888546,0.85177046
0.82013661,0.89009333
0.89239013,0.81751615
0.41037980,0.26774266
0.62207460,0.70526057
0.74934947,0.83430231
0.54034770,0.62772018
0.83756399,0.85244316
0.58033162,0.57725251
0.34867495,0.29824492
0.59540504,0.61118960
0.89973223,0.93584907
0.88391078,0.93856561
0.44973138,0.36630476
0.56258512,0.58595842
0.42358443,0.38987574
0.81228602,0.87111205
0.80677605,0.83429378
0.89118302,0.41153699
0.96178472,0.95909977
0.82864439,0.92901236
0.55487841,0.61069566
0.90323114,0.89789295
0.76019824,0.74303269
0.80429626,0.85485041
0.95933080,0.88345087
0.31186578,0.27619258
0.90760219,0.95724529
0.89416659,0.83617675
0.57746416,0.49744982
0.88489187,0.94597828
0.84983420,0.87699610
0.92449003,0.94724703
0.85481405,0.90196633
0.87738323,0.92557651
0.67035383,0.73717207
0.68153453,0.69321382
0.96415162,0.94005603
0.84317005,0.88258708
0.87328815,0.90425348
0.89127624,0.88550907
0.48328483,0.45869714
0.76846504,0.88097888
0.31241518,0.25123823
0.90237582,0.92153847
0.86062372,0.94516450
0.64786267,0.57412654
0.91500604,0.87704951
0.89977348,0.96241832
0.82551509,0.82477778
0.35810876,0.29932868
0.76531017,0.69225293
0.58804154,0.97664815
0.89333880,0.90223086
0.67056018,0.60148513
0.61186171,0.79319382
0.86159730,0.78682846
0.75870091,0.89248890
0.64129353,0.35644263
0.76675498,0.80514705
0.95403254,0.84663057
0.60358524,0.65003949
0.91592431,0.64214063
0.68988347,0.59708977
0.41333649,0.20019954
0.90124649,0.88225627
0.19914716,0.15344574
0.86332142,0.92121214
0.82245547,0.67571312
0.79510224,0.76544768
0.87930882,0.97370946
0.80199492,0.84361732
0.68197572,0.82224995
0.57822984,0.37674493
0.79312861,0.90007275
0.84869349,0.89105046
0.91958064,0.96345901
0.86452073,0.87839490
0.73721254,0.71089637
0.93610561,0.89089328
0.66656762,0.75335133
0.89647460,0.89259034
0.09624937,0.06829837
0.84295726,0.94404960
0.90206099,0.96098900
0.47596636,0.62072366
0.71882319,0.48020723
0.69984066,0.81188536
0.81633091,0.89475161
0.93189341,0.88479143
0.87215739,0.85508496
0.89237130,0.92049551
0.55223054,0.63504386
0.87534726,0.84325689
0.99511194,0.86173087
0.76919949,0.84849393
0.55738598,0.45001563
0.84872663,0.87728935
0.88254499,0.88124722
0.59869921,0.52454460
0.63463646,0.55092359
0.78659618,0.90826315
0.74608088,0.78231227
0.85394484,0.89741707
0.84586596,0.86492676
0.54857451,0.15921940
0.48751402,0.29984215
0.61571360,0.43859890
0.96992099,0.99230766
0.75297403,0.84102565
0.36522719,0.17442191
0.59862649,0.70329672
0.49290085,0.40908498
0.52065575,0.40095246
0.49432513,0.48571542
0.61723709,0.49918452
0.92745245,0.88721877
0.35994714,0.08909262
0.82216597,0.82946324
0.74465358,0.75512242
0.91833079,0.92004907
0.90236151,0.88721830
0.53502178,0.53965944
0.89374626,0.94276226
0.79059017,0.85317880
0.82758486,0.90883893
0.65904343,0.61259478
0.40006793,0.41220814
0.73227942,0.76328313
0.88332820,0.94481438
0.81133425,0.82163745
0.77472770,0.79190278
0.13721949,0.14329004
0.71690738,0.54568022
0.84910846,0.91237390
0.74502385,0.64533132
0.89992809,0.89040375
0.23259851,0.23491916
0.78056252,0.70512819
0.96595788,0.87333721
0.61846232,0.50275481
0.68493211,0.41492388
0.68285578,0.83216679
0.84402984,0.84765434
0.80135286,0.87943816
0.96297431,0.91746032
0.73538399,0.84982634
0.74210799,0.68396997
0.70486689,0.84090906
0.74208772,0.70183557
0.66772437,0.77616769
0.80908823,0.94641560
0.69838762,0.61118776
0.70488167,0.68366092
0.32014802,0.45492229
0.76322806,0.80246884
0.64608300,0.71277618
0.77237308,0.86717635
0.73175299,0.76205230
1.04047906,0.96383440
0.40719110,0.43993151
0.35271865,0.38756835
0.93945962,0.91624326
0.41875860,0.31154683
0.87284482,0.91513997
1.00198174,0.96767455
0.29287121,0.18740541
0.69900990,0.66513056
0.36614123,0.25474322
0.94355440,0.94279474
0.86728573,0.81180859
0.98274994,0.94845963
0.93205249,0.97481686
0.41669637,0.18055958
0.45136788,0.19880952
0.32811373,0.38651857
0.79230762,0.80794996
0.75247729,0.82167602
0.91841096,0.96399838
0.71409798,0.84096026
0.76310259,0.85861164
0.81838822,0.65253198
0.47617936,0.45501372
0.59201062,0.42889556
0.96829867,0.92932373
0.67515624,0.59381235
0.86488104,0.91048646
0.89334750,0.92507005
1.02351141,0.88690591
0.20687494,0.23253667
0.90980870,0.92717087
0.72481680,0.90045935
0.86155081,0.93431395
0.80587327,0.90154886
0.83312809,0.88411397
0.35539281,0.43741089
0.79086667,0.83839709
0.91430676,0.91226202
0.44853210,0.31578946
0.42207843,0.40491804
0.91320843,0.93180543
0.85218787,0.88696444
0.90514445,0.93975824
0.97730470,0.95710742
0.90204054,0.93605047
0.94590676,0.91082805
0.64266312,0.60890597
0.82991111,0.90525424
0.87297845,0.90705884
0.87595212,0.75723577
0.90912640,0.76311040
0.91429460,0.83497620
0.80883086,0.93640012
0.89063823,0.89069539
0.86884546,0.81720781
0.68072283,0.63918066
0.71737361,0.91938615
0.68365812,0.87966478
0.76614743,0.02964612
0.85988146,0.90822428
0.71754241,0.71300256
0.54963458,0.57531393
0.82826495,0.88143426
0.84847152,0.85934305
0.69335002,0.64706433
0.85193205,0.96249998
0.87479413,0.92266011
0.70133567,0.83189654
0.82590699,0.77686781
0.67024487,0.59934556
0.79520309,0.76567739
0.78638232,0.84105265
0.93373501,0.91954386
0.19294563,0.12743473
0.79199123,0.62894773
0.70299172,0.41752899
0.61891210,0.50101358
0.79557407,0.78430188
0.75219989,0.68559217
0.54101008,0.60607475
0.86833477,0.88823915
0.86952734,0.84758389
0.71876049,0.75931394
0.17140204,0.23200859
0.41463348,0.38606334
0.94000113,0.89179516
0.90067732,0.94080716
0.65936440,0.46410990
0.73366439,0.65484893
0.73779166,0.31590417
0.35884389,0.24041301
0.96343434,0.94095367
0.85789633,0.87500000
0.49560285,0.61891466
0.90068692,0.92870259
0.28119877,0.27204525
0.66713345,0.45376888
0.72754270,0.57336152
0.91052973,0.87294120
0.83660090,0.85196078
0.90938318,0.85354626
0.92933667,0.97498119
0.52700180,0.42754343
0.86610055,0.94963878
0.55066168,0.45171499
0.98406148,0.96791446
0.90246272,0.86007518
0.88705611,0.83196211
0.80470824,0.85797906
0.80427325,0.91861320
0.57496488,0.35621205
0.82401866,0.85198003
0.80375487,0.79217917
0.53855431,0.17416899
0.98127210,0.91427881
0.82920575,0.87962961
0.76934862,0.47461370
0.81196052,0.92484587
0.99994802,0.91949022
0.69543493,0.60943729
0.62896794,0.77308971
0.88397944,0.87145025
0.65564263,0.55161566
0.68360746,0.63959783
0.35347581,0.34424084
0.78907204,0.69670886
0.63312376,0.71045119
0.87163413,0.73442084
0.47585854,0.45881557
0.64781451,0.66664827
0.87581170,0.93217814
0.88523453,0.81453234
0.69613189,0.75454545
0.68009210,1.00000000
0.77536553,0.93357509
0.72693527,0.71567297
0.79540682,0.84580421
0.71647990,0.80489445
0.64577287,0.77475005
0.82663596,0.74435073
0.90487599,0.88111013
0.35307530,0.25292870
0.86481905,0.93983138
0.82097542,0.94122696
0.81081879,0.85635376
0.85914207,0.80575335
0.76834011,0.85893720
0.71212435,0.93557674
0.87487113,0.90379173
0.31991550,0.14004968
0.92272580,0.83660132
0.89980030,0.93454885
0.39129722,0.26287934
0.88026083,0.91712707
0.58212256,0.65285587
0.71414751,0.76490575
0.61700058,0.58143669
0.42095989,0.12236842
0.90806210,0.93267488
0.87656009,0.95400006
0.81787288,0.85818166
0.92340076,0.91877991
0.82889938,0.72395557
0.79336476,0.80206394
0.23804541,0.10837964
0.43308988,0.16903889
0.93738556,0.91320348
0.73053408,0.68061656
0.93257535,0.93670887
0.47386453,0.37096778
0.85728550,0.87613404
0.85586143,0.90014768
0.69641280,0.89949495
0.94393504,0.91311008
0.72059882,0.51841706
0.82573736,0.89685607
0.84226215,0.86471170
0.87701470,0.83123648
0.36723301,0.25009397
0.96710873,0.92673993
0.91610622,0.89891565
0.81737030,0.84587008
0.87075567,0.90423000
0.71788657,0.73255002
0.89999795,0.92189580
0.94762886,0.88496912
0.80947381,0.71860522
0.70971203,0.74341798
0.95055211,0.92109185
0.75567919,0.99761903
0.59041774,0.46135831
0.71346927,0.71771282
0.99264693,0.87048554
0.72861779,0.72692442
0.63638574,0.57671326
0.67544526,0.88399357
0.30046779,0.40305534
0.86113417,0.88357663
0.86279511,0.94397849
0.50101066,0.66152561
0.71203160,0.75018382
0.86052895,0.93260264
0.80944282,0.85270655
0.70344496,0.55598551
0.62585187,0.68247974
0.88657713,0.90051502
0.99564648,0.96181631
0.90266025,0.95810419
0.82183516,0.88069820
0.79613042,0.83784002
0.79075259,0.88187933
0.77907264,0.54209012
0.70696890,0.77091575
0.70917571,0.81152558
0.70877856,0.61299437
0.84537125,0.87382627
0.67323744,0.62929517
0.90343225,0.88459653
0.90772808,0.97421932
0.31386751,0.30498749
0.39383441,0.23558581
0.79111075,0.89388430
0.74042881,0.64270473
0.25410485,0.35376799
0.87491834,0.95362890
0.86323905,0.95308578
0.40424564,0.49136579
0.91887355,0.96046054
0.73747230,0.69312167
0.91515124,0.94805765
0.84157372,0.81778711
0.90888011,0.84878772
0.76924205,0.85112309
0.71924400,0.73909897
0.77335572,0.89631337
0.72024012,0.54158878
0.43075001,0.11928131
0.89377415,0.79812777
0.73231745,0.79585254
0.63530475,0.81701428
0.85342050,0.83949620
0.78745568,0.89025772
0.68149519,0.65752423
0.73195052,0.75183153
0.90826339,0.84598374
0.91660047,0.89336401
0.93702531,0.92591268
0.72846872,0.20265526
0.89631295,0.91118538
0.85474950,0.87318838
0.43770805,0.39870444
0.86833465,0.95628518
0.98456395,0.93480587
0.85527074,0.68611109
0.75705880,0.80030638
0.61049080,0.58126551
0.86642241,0.89695305
0.61562771,0.67022020
0.57785910,0.55239910
0.75261068,0.85537314
0.93027055,0.94570857
0.97145665,0.87090105
0.43775177,0.34116378
0.95946050,0.91170633
0.84570986,0.75524253
0.68003356,0.78257108
0.77328324,0.71781015
0.58913773,0.55659592
0.30494013,0.23622312
0.98626852,0.90851682
0.75017989,0.69989014
0.85803825,0.82449800
0.53194362,0.36360854
0.67917383,0.74996972
0.90005696,0.98918617
0.43760309,0.58207434
0.80389607,0.79490948
0.91132629,0.89624220
0.62455606,0.72093529
0.53851110,0.47539854
0.71434724,0.71786344
0.43967482,0.30410188
0.92888260,0.92258757
0.84648943,0.85097408
0.85372365,0.97181028
0.92693698,0.97244811
0.65943778,0.74257195
0.85350573,0.83984154
0.94802797,0.95610476
0.96839654,0.89228970
0.90133500,0.95104462
0.49667874,0.48661110
0.66021615,0.23532061
1.01541913,0.94193619
0.82865608,0.94814813
0.73616922,0.76838869
0.89547145,0.91721088
0.82160556,0.71718627
0.87199152,0.87530082
0.80204618,0.80126286
0.78931117,0.87911576
0.87867212,0.87978101
0.67634356,0.76279688
0.61566961,0.59722221
0.74392104,0.77453446
0.85824394,0.83986402
0.32232577,0.33316183
0.92480612,0.92045456
0.19585180,0.16410257
0.85437131,0.87043571
0.99511099,0.94557279
0.93753743,0.89435160
0.85615349,0.87352216
0.83161843,0.78661382
0.80137992,0.93115294
0.34984118,0.33930302
0.88472944,0.96018147
0.91828120,0.88915795
0.54258913,0.62549937
0.40776595,0.42995441
0.85785460,0.86061025
0.85114038,0.82341480
0.77267069,0.61313039
0.90819132,0.85261708
0.88248706,0.93497360
0.89437282,0.93336874
0.90281749,0.92636108
0.79236662,0.70151520
0.43615142,0.43657759
0.92920732,0.89725381
0.86895061,0.89741272
0.78634429,0.92162603
0.90169477,0.96660280
0.83466119,0.87866646
0.89295173,0.92998105
0.87734485,0.94204807
0.32283628,0.40268132
0.96334541,0.96721530
0.93522429,0.82956123
0.92963946,0.93272763
0.37601680,0.28030348
0.82167554,0.84774113
0.58786464,0.66428322
0.81528652,0.85773218
0.85943699,0.83218777
0.81441188,0.67524999
0.91641569,0.86763257
0.67213887,0.45857561
0.65499723,0.55131948
0.59681094,0.57006878
0.90584636,0.91356343
0.25267857,0.35344827
0.77537024,0.68637580
0.73747468,0.85277158
0.37934667,0.51030177
0.96550357,0.86988801
0.91108263,0.89293605
0.59164864,0.51675773
0.87978780,0.91071427
0.98516262,0.91369045
0.74630320,0.76848835
0.19413033,0.12009080
0.32288498,0.33951929
0.59771967,0.57617915
0.80090916,0.73087358
0.83628428,0.89735472
0.67729604,0.20103613
0.46021095,0.39131579
0.90515494,0.91408473
0.86302853,0.85691029
0.89002740,0.91631782
0.76339835,0.77734041
0.82978117,0.56578946
0.92687309,0.90342987
0.81391245,0.80230767
0.56432754,0.64375412
0.97310174,0.93873984
0.69974846,0.73178452
0.85960376,0.90988481
0.44546032,0.25153777
0.88457251,0.86816931
0.57696766,0.52582270
0.77549517,0.84114772
0.99280536,0.93597382
0.06347397,0.05177786
0.86846089,0.94183105
0.83843231,0.83697361
0.87802160,0.88469118
0.73026752,0.21718000
0.19683847,0.13375518
0.81405705,0.88863069
0.86603475,0.89505064
0.91122854,0.93717951
0.85998905,0.96428573
0.44550782,0.42815128
0.57309884,0.82392406
0.64647377,0.71136653
0.71781290,0.72151899
0.43209368,0.29105273
0.85385692,0.88285232
0.93919337,0.95917141
0.87366748,0.88766891
0.79872918,0.75831223
1.02511728,0.94079292
0.46856278,0.27233332
0.86538696,0.92894202
0.75688905,0.74482477
0.64440811,0.68835163
0.58531129,0.69626689
0.69718516,0.76337951
0.59201837,0.52755839
0.31156817,0.48439011
0.77230346,0.81957686
0.69900942,0.64755809
0.78027403,0.69263530
0.89651883,0.93752217
0.53518003,0.59006566
0.73332536,0.81194216
0.69615895,0.55855328
0.85988533,0.92853534
0.28646562,0.31734344
0.90750098,0.92831528
0.68619907,0.72871143
0.94248533,0.90732759
0.90051460,0.91167587
0.89263475,0.89145327
0.80899572,0.60457516
0.56615305,0.55800653
0.63839054,0.51890302
0.86038280,0.91044778
0.82310063,0.80315363
0.87570143,0.93414629
0.44941846,0.30079299
0.88015139,0.86599702
0.84390414,0.84880590
0.42951229,0.32693663
0.67308486,0.79857057
0.69315404,0.81092477
0.88706946,0.92455530
0.54192281,0.51497561
0.79808927,0.89615589
0.51977777,0.40874887
0.89722288,0.89347422
0.84589732,0.88959527
0.87192667,0.89362514
0.84306431,0.94016254
0.93065500,0.70615774
0.74643481,0.74715853
0.80689025,0.77799922
0.51041907,0.38993159
0.75285882,0.88015294
0.65966338,0.73414218
0.86704135,0.91260988
0.62679040,0.58093786
0.59909189,0.32032537
0.80982566,0.91386050
0.81466007,0.83528072
0.93147373,0.90238804
0.80816555,0.86159825
0.58253628,0.55233061
0.55058134,0.84287149
0.84563482,0.95948678
0.71058893,0.78245258
0.74134064,0.85784400
0.79789042,0.82536179
0.46378651,0.40037879
0.37247077,0.37431037
0.81281877,0.82199389
0.91430926,0.53693014
0.78130686,0.78574461
0.25240830,0.22848853
0.86746621,0.82250047
0.68770480,0.73024690
0.89028645,0.89206827
0.77564931,0.92170960
0.58608836,0.44967532
0.76554173,0.92603070
0.47383982,0.51326311
0.67257428,0.78067976
0.78469646,0.88254195
0.71441072,0.77216905
0.78024292,0.94628650
0.87491453,0.84378111
0.87136269,0.84498900
0.74599552,0.65070677
0.84846258,0.87078249
0.83805364,0.88635421
0.87580359,0.87408596
0.61837131,0.68906432
0.56464124,0.49958915
0.90039349,0.91602910
0.87645018,0.84021819
0.72137558,0.78692722
0.60544443,0.58999157
0.86922550,0.84815788
0.80537236,0.84443849
0.72916603,0.78091633
0.75926626,0.84737122
0.21036002,0.17152122
0.61456180,0.54855615
0.96321726,0.94437683
0.93104267,0.92429012
0.69217598,0.55621076
0.75742912,0.81466025
0.88912082,0.80726790
0.82759190,0.78682929
0.92952168,0.94617754
0.93853027,0.88148147
0.60562497,0.67054486
0.73028326,0.85064381
0.82744515,0.92771083
0.76056302,0.75047678
0.95804286,0.95686454
0.88797945,0.87358367
0.33834013,0.23834726
0.69199550,0.77629673
0.85369682,0.89035308
0.89595282,0.97187579
0.93734503,0.90651137
0.74045181,0.90096408
0.54456538,0.53995329
0.96482968,0.98958331
0.83755291,0.76987988
0.94423407,0.91929823
0.69858468,0.66241825
0.73033291,0.64942288
0.91742420,0.89044762
0.56709224,0.67610937
0.72008610,0.72676283
0.82915926,0.76720375
0.83530724,0.83216292
0.96577859,0.90534341
0.86299038,0.96796197
0.85224891,0.87003565
0.66853774,0.63031000
0.97098196,0.92950636
0.81222415,0.88743019
0.88982022,0.87090665
0.81259727,0.70694989
1.01454604,0.97563297
0.81823993,0.79623288
0.95068550,0.88405353
0.50801069,0.49265650
0.93578154,0.99444443
0.84855962,0.79036933
0.70576710,0.70986301
0.96094251,0.92288488
0.47000736,0.30756614
0.57623684,0.68696600
0.77868235,0.86625421
0.37778157,0.35050800
0.59755331,0.46106213
0.67206264,0.44303864
0.95021904,0.87660164
0.82014573,0.83545738
0.89457321,0.85069126
0.93801737,0.81162632
0.52389497,0.57950193
0.57332611,0.73750222
0.93272197,0.95530301
1.03684020,0.95363468
0.40306419,0.32808661
0.47969770,0.55121565
1.00044525,0.92689967
0.82197809,0.90217435
0.92924666,0.88427126
0.57607257,0.65315610
0.87778831,0.87675571
0.59811503,0.66503936
0.02134618,0.11494103
0.60848820,0.67119473
0.74461067,0.79233122
0.69764590,0.66094005
0.83449948,0.93963963
0.69694269,0.69750714
0.75069225,0.85764241
0.40153196,0.52840298
0.67000103,0.73471564
0.87263942,0.89596272
0.55962735,0.35766375
0.63533920,0.63896549
0.49433732,0.40296757
0.86621678,0.88704634
0.50338316,0.45070335
0.78781182,0.83443046
0.51706547,0.47934622
0.71673644,0.67756408
0.96554780,0.93684494
0.49213722,0.56713766
0.77122718,0.90593648
0.61278135,0.70142967
0.54704607,0.50965667
0.76235890,0.88671875
0.55019313,0.52885211
0.93397093,0.83463115
0.52902347,0.34641609
0.98482049,0.82876712
0.84576178,0.91406453
0.29602557,0.30129331
0.31078833,0.63616073
0.63542670,0.04845155
0.84090364,0.88600469
0.71792495,0.61904764
0.53229284,0.45204136
0.78734875,0.81475151
0.65939415,0.90451390
0.29169154,0.22177146
0.42842725,0.29945654
0.76924562,0.68983757
0.84589040,0.91415662
0.89932829,0.87006044
0.63581091,0.80337584
0.93246114,0.96874243
0.85675251,0.88009894
0.85201466,0.85188872
0.93997020,0.93316805
0.93730962,0.90077287
0.72257352,0.80911100
0.21645382,0.11408894
0.84839630,0.85279375
0.97359705,0.93032849
0.87961352,0.91492677
0.73578894,0.90733528
0.82812333,0.81771487
0.87757170,0.91498768
0.94592130,0.95652425
1.04133356,0.90646917
0.64386940,0.64652777
0.67421877,0.58315706
0.92139363,0.85891318
0.68859011,0.69257730
0.86938715,0.94185799
0.85300243,0.88832200
0.74238300,0.85598040
0.76732624,0.78168249
0.92003304,0.90263158
0.65661818,0.83303654
0.89136755,0.91967493
0.76896203,0.71624804
0.91294432,0.80990237
0.94379520,0.90912700
0.74965173,0.80256462
0.67766500,0.59552443
0.40029520,0.23681186
0.56962550,0.50253379
0.56928730,0.54191619
0.19563922,0.18189681
0.52731597,0.42438155
0.77076590,0.72044647
0.79787135,0.91439730
0.97503805,0.91684574
0.90847754,0.92506206
0.32841808,0.24160588
0.39600819,0.27595365
0.95439863,0.85697168
0.65461278,0.66573411
0.74506712,0.89220566
0.62689006,0.47112080
0.60930967,0.48271435
0.80095732,0.77254188
0.89681566,0.96651059
0.88765526,0.72334933
1.00343883,0.64689296
0.42264074,0.72345650
0.17573860,0.18042041
0.83139968,0.60098600
0.53837717,0.49399674
0.72573417,0.71402138
0.96153760,0.94178361
0.52788478,0.29500368
0.89087188,0.90296113
0.20642288,0.05136472
0.93974334,0.94964486
0.41137001,0.47654912
0.49273744,0.55289757
0.81525642,0.81119543
0.77291656,0.90784472
0.87716138,0.89685374
0.74667358,0.67636144
0.75052756,0.40288460
0.52398175,0.42986614
0.99495113,0.98393756
0.56725389,0.61065215
0.67979968,0.65012896
0.87101620,0.95646000
0.55768424,0.50420672
1.02307487,0.87978321
1.02472961,0.92094803
0.59510070,0.66511738
0.62888491,0.60660034
0.49269462,0.44250327
0.87086070,0.89464885
1.01555741,0.92523944
0.98297942,0.94815439
0.81044781,0.88486564
0.82012439,0.83461541
0.86978292,0.87142307
0.79017109,0.83375567
0.70544893,0.56789601
0.80681527,0.84102881
0.85083461,0.85782647
0.69512987,0.67394406
0.88464665,0.95129144
0.80758548,0.59579164
0.91425538,0.87803340
0.87362766,0.86035794
0.72408551,0.66070873
0.72186446,0.82681078
0.68318063,0.67062145
0.68427855,0.58097559
0.44706875,0.39346027
0.28300461,0.34014612
0.27790734,0.21975319
0.69477665,0.59207392
0.78192985,0.87201297
0.73317993,0.78771836
0.70502019,0.70762616
0.63247192,0.67272651
0.82017279,0.87387979
0.83827925,0.96345621
0.49383318,0.42077038
0.46469778,0.15829608
0.95395958,0.91199678
0.93282115,0.95495719
0.37291443,0.35403588
0.61816931,0.66532016
0.86939824,0.92055923
0.63043046,0.91490322
0.99078345,0.97001278
0.91076428,0.88018858
0.83078039,0.93117476
0.97312248,0.95382863
0.89553583,0.86244410
0.70719361,0.73442101
0.91722333,0.91228068
0.79874325,0.93927830
0.59773219,0.46267676
0.59318900,0.70179617
0.94563377,0.91501409
0.92912269,0.91996789
0.63686532,0.54710144
0.46952438,0.31135127
0.90720463,0.93886197
0.87917590,0.90465760
0.90436959,0.94040430
0.57237977,0.66389376
0.79299021,0.82772726
0.90725541,0.91983473
0.47154036,0.39805523
0.94829887,0.87549829
0.53478420,0.66744733
0.83294827,0.79849559
0.87084901,0.85115749
0.77558899,0.81344086
0.86542785,0.87896824
0.82276666,0.66121429
0.65792799,0.55836362
0.63965541,0.51431823
0.89199948,0.87147808
0.90694582,0.91590399
0.83128202,0.90799302
0.88724828,0.85250485
0.90269423,0.96512985
0.91835487,0.95205468
0.92040575,0.91211528
0.66753060,0.65570402
0.78460598,0.75059289
0.83748829,0.72716153
0.81181681,0.57137841
0.78132558,0.76650643
0.96881759,0.91661173
0.72999430,0.76482922
0.73104131,0.74185425
0.43461883,0.31294981
0.98361349,0.96527582
0.79366076,0.85145080
0.84391463,0.80889010
0.74267364,0.76749974
0.56340468,0.41971815
0.86960232,0.84762043
0.69472075,0.87377679
0.18739876,0.40974379
0.51749247,0.66561794
0.79344022,0.82890910
0.84645951,0.86212122
0.69136178,0.68294156
0.34507799,0.31551424
0.81359375,0.72432435
0.78902471,0.87636930
0.83867013,0.89229268
0.44787359,0.70499414
0.95775795,0.94096440
0.84874743,0.69155443
0.43571830,0.42263299
0.79079384,0.78516775
0.80489427,0.73881149
0.67294985,0.26188931
0.81633639,0.92157781
0.63568300,0.71014494
0.68155432,0.63020581
0.36639461,0.46329337
0.57609385,0.48507112
0.65156054,0.77320921
0.46217075,0.51368695
1.02285218,0.95154363
0.79182196,0.82196611
0.34570593,0.31492946
0.83967364,0.86184406
0.93870538,0.91306508
0.78360975,0.81522924
0.34533900,0.29763985
0.90749097,0.91791171
0.89199674,0.84123367
0.92475283,0.86639059
0.66424036,0.70728254
0.49189109,0.50532764
0.83007687,0.75413793
0.72724223,0.79802209
0.40558374,0.06908450
0.45545906,0.46709225
0.55336630,0.48625547
0.80955648,0.91732252
0.92750418,0.91885495
0.60668856,0.35408440
0.84764147,0.91003817
0.67072153,0.76037735
0.67488188,0.57758534
0.95583761,0.90748078
0.97390151,0.92078489
0.67423451,0.43711427
0.92750657,0.89867485
0.49128091,0.58305603
0.69243348,0.66135561
0.46705174,0.60321182
0.74371147,0.78839141
0.87896800,0.87336266
0.91192353,0.91758722
0.83164775,0.82968795
0.95436621,0.94885772
0.69678843,0.74861449
0.89810145,0.87827450
0.88711238,0.85758328
0.66866803,0.82503259
0.71956605,0.79437703
0.73406726,0.77544993
0.71780324,0.96475953
0.97064042,0.88080531
0.88864541,0.93811256
0.53439295,0.53290743
0.90551400,0.88905644
0.84270525,0.82162529
0.85776997,0.82956201
0.50909340,0.54464805
0.77684987,0.85636365
0.91986072,0.93567741
0.53641683,0.62207139
0.69898176,0.75282866
0.77895296,0.83056438
0.54529417,0.60219049
0.73434281,0.59485096
0.76258504,0.92739350
0.33189383,0.36347941
0.86146224,0.93956929
0.58789921,0.58518565
0.39221638,0.31247404
0.89223188,0.84383649
0.59225285,0.60194921
0.83503902,0.90385151
0.89352345,0.91632074
0.76357770,0.79541570
0.88182759,0.92923933
0.86167288,0.87799019
0.86506736,0.91084057
0.55591869,0.60825026
0.75046635,0.80930573
0.55140579,0.44092557
0.88745224,0.93097347
0.89650774,0.94509882
0.85627604,0.82213134
0.69963032,0.79500026
0.78654635,0.73055553
0.60947132,0.65812683
0.79894519,0.89912975
0.73565751,0.60179102
0.74558449,0.67281604
0.71139848,0.68463725
0.93027687,0.98814118
0.36637843,0.46337771
0.60543931,0.68644661
0.79253435,0.84266508
0.88247824,0.79233730
0.76276493,0.84904999
0.44281408,0.62392473
0.82088685,0.87537408
0.88312912,0.86046410
0.84856105,0.92244172
0.69743907,0.12338441
0.79708737,0.92666966
0.89156640,0.89816177
0.86213768,0.92510438
0.79731774,0.78233039
0.74458563,0.88588852
0.69951898,0.63951617
0.77081943,0.89922249
0.49594882,0.43105555
0.53119528,0.26039925
0.63436228,0.57132524
0.45107445,0.52865130
0.35524923,0.34113720
0.96967340,0.85555959
0.69349104,0.68694735
0.85537195,0.94155842
0.62574875,0.67960298
0.91571689,0.98026317
0.72351623,0.71152312
0.76165402,0.11945333
0.95180142,0.91170597
0.97639775,0.94761902
0.92997134,0.87409574
0.57501394,0.63698959
0.85887301,0.91972297
0.67909193,0.60412472
0.28438890,0.17510287
0.63865864,0.65124583
0.97322690,0.94237727
0.84895205,0.81131107
0.86958170,0.85678673
0.92576504,0.89682353
0.76667881,0.68675578
0.76610303,0.69969225
0.81477082,0.89197922
0.90947461,0.93751657
0.46496278,0.52735651
0.70376605,0.67539680
0.80626321,0.81089741
0.99247599,0.93118787
0.33393586,0.23821059
0.81599069,0.88850033
0.34881181,0.29759315
0.93396807,0.98387098
0.82868493,0.68531996
0.96721828,0.90717655
0.74633694,0.63645130
0.69673294,0.63410997
0.63511008,0.56390709
0.41165110,0.38640112
0.55077380,0.59971195
0.75449538,0.81190509
0.77642775,0.77822804
0.89666212,0.94847524
0.56733376,0.50519210
0.95703208,0.93418801
0.93210644,0.94858783
0.85341620,0.86462289
0.86807895,0.93756014
0.75383615,0.81495655
0.55244118,0.48136434
0.58747351,0.37597519
0.64016420,0.70359051
0.62517440,0.62592953
0.53021699,0.51125449
0.59524173,0.54233509
0.90274858,0.87815273
0.42605838,0.49069935
0.88378417,0.90702724
0.94256282,0.93976974
0.80011284,0.93013632
0.85360479,0.91496599
0.50144345,0.46256721
0.65669966,0.81667751
0.62954897,0.61455625
0.88438499,0.86431748
0.91819012,0.92088908
1.00324953,0.95627242
0.45183334,0.35047990
0.45795515,0.27582550
0.95983434,0.89698404
0.55202651,0.49309525
0.60797000,0.59674865
0.74998945,0.90041858
0.79656899,0.84657222
0.77648258,0.74964249
0.71079648,0.84259510
0.93591821,0.92773968
0.90595877,0.86005497
0.39600480,0.43663746
0.51580602,0.65562260
0.82288134,0.77084839
0.88431048,0.88929200
0.70554578,0.56137246
0.96252000,0.95222330
0.83600104,0.93880033
0.80039823,0.61130273
0.61127383,0.66463548
0.68427676,0.57126212
0.69368750,0.81140125
0.89490110,0.87110692
0.51774502,0.51611155
0.79605508,0.82379520
0.84749895,0.92742449
0.71075070,0.86062193
0.94004416,0.87861025
0.72402227,0.76460183
0.64298934,0.62398291
0.85323590,0.88543117
0.77709138,0.65755576
0.66098702,0.71240228
0.91052294,0.88966560
0.68564761,0.61563998
0.34412456,0.27041593
0.85088933,0.82627690
0.56864554,0.36762342
0.61485118,0.70276552
0.75248754,0.76733917
0.55467480,0.50571364
0.83406115,0.89392662
0.77861631,0.70371163
0.86896408,0.92180008
0.87465394,0.95222223
0.96394479,0.97394812
0.76934707,0.87787205
0.39303890,0.26346931
0.67791265,0.60044956
0.88621867,0.88773692
0.92948496,0.94300526
0.69754362,0.65546620
0.81448805,0.88994503
0.94193465,0.94645202
0.79892683,0.85202897
0.85610712,0.84666324
0.94731390,0.92938083
0.65221441,0.65601927
0.61919546,0.79284823
0.73463428,0.86666667
0.58612686,0.49213353
0.90789986,0.90919971
0.47358096,0.37278584
0.52020246,0.61247760
0.98654437,0.98069954
0.95859587,0.89074618
0.86564815,0.92161173
0.82467884,0.78991175
0.64317739,0.50117564
0.96614909,0.92743641
0.96838379,0.93714100
0.59452581,0.62839681
0.76633263,0.86453646
0.69777620,0.51834238
0.48124352,0.51592159
0.83799887,0.91337049
0.82096910,0.84103644
0.33059636,0.26368701
0.98085809,0.94897270
0.78399432,0.86834514
0.82809842,0.83479828
0.39844057,0.32072389
0.94603002,0.91436714
0.78768384,0.92822248
0.80791581,0.66482651
0.72716331,0.87753588
1.00855768,0.95978361
0.84723711,0.88037038
0.71422446,0.82229638
0.82962453,0.81553066
0.87852657,0.90870708
0.34942377,0.22173683
0.75933933,0.81991667
0.88884497,0.88727701
0.83601844,0.97264469
0.88550520,0.88453460
0.40293628,0.39998743
0.76772237,0.72426903
0.38291463,0.37020344
0.56435847,0.62159497
0.83336902,0.80033547
0.85642153,0.87703180
0.82100379,0.72613961
0.90119350,0.91932911
0.71863389,0.80875707
0.81414974,0.96621388
0.80393600,0.73590565
0.47385219,0.53175282
0.82957220,0.95569479
0.62484336,0.85787910
0.86150509,0.91462767
0.85206723,0.84964156
0.89097428,0.92041367
0.72113752,0.43037850
0.73896933,0.65663856
0.32681990,0.34939492
0.96635818,0.91933256
0.71627283,0.79794973
0.86225855,0.24443860
0.15082148,0.19908604
0.85654867,0.92154646
0.70239758,0.79469872
0.59128499,0.67562401
0.72904205,0.79151249
0.68091273,0.66866726
0.80256832,0.84853733
0.67277431,0.66561460
0.71895778,0.81181318
0.10745931,0.16883211
0.70134473,0.69151980
0.91258693,0.94042695
0.71235907,0.57627106
0.47559756,0.52826089
0.95716107,0.93764573
0.91660488,0.87558526
0.37916049,0.41945186
0.50809395,0.40059206
0.95560932,0.93563622
0.86562359,0.81188291
0.26534078,0.14387700
0.52578682,0.67460316
0.79560310,0.75912517
0.71547008,0.69298339
0.93071669,0.92375308
0.83355796,0.94433659
0.64954090,0.33902389
0.89997923,0.88370687
0.62469947,0.60963219
0.74871397,0.91833335
0.59635335,0.58405799
0.73106337,0.75930297
0.87054193,0.87258023
0.96365058,0.93895632
0.51171488,0.43178505
0.46796131,0.38442686
0.61250532,0.56603146
0.70057875,0.71205699
0.47187057,0.32590580
0.91554201,0.88000000
0.12364194,0.09435582
0.96685815,0.93921590
0.95828724,0.94690579
0.85847449,0.86420643
0.77005064,0.86055839
0.90167069,0.82858294
0.86697292,0.91889256
0.84507942,0.79470009
0.49202642,0.47681984
0.90275228,0.91692543
0.78079629,0.76311851
0.56350708,0.53652096
0.54906088,0.43902439
0.96347523,0.92598152
0.32550380,0.14750355
0.19939813,0.12500930
0.85315371,0.94349796
0.77109361,0.90295762
0.95523882,0.93720138
0.89739192,0.90058959
0.32125306,0.21902834
0.45939213,0.37369376
0.54451853,0.24889717
0.91152203,0.96393663
0.49796307,0.78216499
0.78478146,0.79706925
0.25201419,0.23380351
0.82276404,0.80832392
0.78340667,0.81209868
0.73025799,0.72360629
0.85092235,0.93560302
0.48242462,0.42252624
0.74460840,0.76539201
0.88704109,0.97972971
0.86715972,0.96800590
0.75410509,0.77814007
0.71638405,0.67242688
0.60693187,0.55221295
0.79695380,0.48824480
0.01947740,0.07052541
0.87876868,0.89690268
0.95380175,0.92507643
0.38968527,0.54578048
0.92389059,0.91136366
0.95968306,0.91526860
0.78220415,0.88864428
0.45871773,0.31234205
0.72458565,0.68848288
0.95835876,0.90304595
0.51092368,0.56129384
0.93791711,0.84524548
0.47859102,0.30743930
0.50368017,0.52422714
0.80572057,0.71524698
0.66371626,0.64460522
0.79054111,0.90030444
0.93951404,0.94745803
0.90260708,0.88062829
0.86070645,0.92783791
0.88063031,0.92027003
0.17393625,0.17943431
0.67663974,0.95145631
0.98489428,0.93441278
0.69823170,0.68503690
0.91733009,0.87123710
0.83883858,0.88809526
0.65309781,0.69953054
0.79110789,0.81813127
0.36860681,0.37159628
0.38067904,0.29625952
0.31610394,0.28532243
0.88733929,0.85054159
0.74197042,0.92562938
0.85024577,0.87106997
0.87316954,0.84478593
0.65813750,0.73150969
0.85595775,0.92903388
0.83915424,0.76272196
0.06324157,0.08568238
0.71304381,0.76789194
0.59481388,0.81197923
0.49160165,0.48532185
0.85014689,0.79078865
0.64807487,0.65116352
0.88719225,0.96470785
0.60416722,0.55118233
0.74787593,0.78396225
0.87840271,0.77738202
0.90584600,0.86583269
0.80872107,0.84166664
0.81064737,0.70324481
0.91727006,0.94711012
0.66995722,0.85160482
0.97786820,0.93683344
0.71174240,0.58848786
0.85763073,0.88028342
0.91813809,0.84917581
0.63626432,0.70565295
0.49433380,0.41524440
0.36631864,0.54964250
0.61677802,0.69148803
0.81521511,0.95602828
0.87825358,0.83180285
0.65176398,0.79387879
0.39472321,0.47865498
0.71261966,0.90606135
0.96487486,0.95982093
0.82014763,0.81467670
0.83005977,0.78690267
0.42273411,0.17064413
0.76017666,0.84632868
0.91232932,0.93790323
0.81842911,0.85245901
0.72372246,0.47078872
0.88468206,0.84759617
0.64975631,0.76904571
0.72813427,0.67385155
0.73779678,0.73476619
0.82689756,0.88548368
0.67544270,0.70113432
0.79190814,0.84885603
0.88279498,0.90338469
0.86711705,0.82758075
0.59576321,0.52502859
0.64964372,0.65216792
0.71195066,0.62694097
0.83143604,0.83595008
0.89154679,0.93602693
0.95787466,0.83276290
0.98998010,0.85947710
0.69534594,0.79183537
0.92113817,0.95738298
0.58133805,0.66735572
0.62725139,0.64438772
0.62767547,0.56597847
0.80963039,0.64929682
0.66654795,0.61122042
0.75048864,0.66178775
0.77810633,0.65776700
0.95929086,0.89681071
0.68432081,0.76346344
0.87444049,0.95932311
0.99386644,0.92198241
0.33931741,0.48826945
0.09786293,0.10680799
0.60341036,0.68948412
0.42981511,0.29136214
0.87869871,0.97972971
0.73935974,0.80772376
0.77203369,0.76360542
0.89234567,0.84191996
0.81366658,0.77688491
0.68238682,0.78312802
0.90859431,0.84217387
0.91563827,0.90997022
0.93983150,0.90726715
0.93618673,0.93198651
0.92474830,0.81842673
0.87058121,0.79706222
0.79523063,0.80172646
0.38599101,0.31707820
0.94953460,0.95548791
0.73831946,0.86841512
0.83364797,0.84227818
0.87224638,0.84136605
0.81547719,0.84452415
0.82422775,0.83379704
0.70917666,0.80149972
0.52891254,0.48747450
0.94834208,0.98148149
0.88399243,0.87855417
0.73844111,0.64632630
0.10482946,0.13333993
0.62677252,0.59449309
0.73050904,0.80787051
0.54125667,0.39782366
0.79258859,0.89029396
0.79855859,0.83938628
0.44765466,0.47833067
0.70194244,0.68499780
0.62054336,0.60607290
0.92828107,0.93123323
0.96383142,0.86792201
0.88024139,0.88176209
0.48941445,0.62249100
0.85419571,0.87446427
0.86866248,0.85988402
0.79229343,0.83945477
0.92249751,0.92678893
0.66695452,0.45893669
0.77960211,0.76620084
0.69857395,0.65751547
0.94753051,0.86638761
0.93721765,0.93196636
0.83106077,0.91527689
0.59623569,0.43201447
0.60255444,0.69329590
0.85203701,0.82569033
0.87390876,0.90167713
0.93051744,0.93781269
0.72010994,0.99166667
0.12064400,0.07119388
0.79348093,0.91083103
0.82760596,0.85227573
0.40499261,0.22015037
0.47136632,0.33580360
0.73506391,0.71583664
0.72518790,0.69845706
0.83856559,0.93265718
0.76801944,0.74616790
0.38580486,0.17975725
0.58039773,0.64841282
0.56523502,0.58648145
0.80082333,0.76639825
0.64923191,0.58259737
0.68456888,0.57789510
0.74392867,0.73101193
0.93171799,0.88887489
0.96846569,0.92653334
0.85619617,0.77204609
0.87974226,0.94158655
0.77327800,0.73460716
0.89357781,0.85845518
0.92414773,0.96074772
0.84446973,0.76332963
0.95651829,0.92130870
0.66911912,0.63106823
0.69885820,0.86904764
0.71854210,0.62137681
0.64142638,0.69717968
0.67074311,0.62352329
0.91524827,0.19285475
0.78144693,0.93114913
0.57130808,0.67452687
0.96263850,0.93856800
0.34975356,0.34905660
0.83750892,0.75569052
0.66782945,0.56770831
0.90528190,0.92663145
0.88968790,0.94022715
0.69279665,0.67264873
0.91138667,0.88423645
0.78607452,0.86261904
0.66752797,0.60852438
0.63537323,0.53065002
0.73023593,0.68030012
0.50213075,0.47194296
0.91433263,0.93220341
0.93339634,0.89097673
0.81035274,0.66884613
0.86478990,0.88850945
0.80330557,0.88932097
0.26006424,0.16695653
0.63266891,0.61830258
0.64214635,0.67327338
0.76665342,0.85753751
0.66509324,0.53779238
0.75449765,0.86649662
0.90799057,0.89299858
0.88678670,0.96202534
0.69649529,0.57181078
0.47572818,0.60144925
0.94203556,0.85056043
0.80288625,0.78023899
0.96035969,0.91588992
0.43222514,0.28081399
0.72548252,0.75372505
0.74802959,0.80725032
0.69753009,0.72609496
0.97282195,0.98553824
0.72137749,0.78690523
0.74845886,0.88962543
0.15872344,0.12251612
0.96241462,0.96561623
0.67356980,0.81306690
0.98560715,0.93226063
0.76665348,0.90780938
0.81265640,0.95410550
0.40850049,0.50064051
0.79505432,0.17005523
0.75194097,0.67373949
0.80742049,0.94060165
0.85241926,0.84559554
0.24981967,0.26626548
0.96362221,0.94038880
0.85158718,0.93379462
0.81168318,0.86828297
0.87371254,0.93649572
0.93532336,0.87033379
0.44400916,0.30239484
0.46911597,0.75320405
0.67249739,0.64618421
0.79006296,0.80412138
0.63739091,0.84704185
0.95307481,0.96123320
0.95537639,0.99000001
0.75984836,0.79330862
0.78150475,0.84130782
0.61946797,0.56824267
0.94306231,0.93353629
0.94534081,0.94065863
0.76038611,0.83396387
0.92711043,0.86737651
0.93296874,0.93076921
0.85958862,0.81203127
0.88684797,0.91948223
0.95804739,0.96731538
0.59391069,0.66242820
0.51868874,0.50470990
0.94703484,0.95643938
0.58263409,0.72128850
0.83373439,0.84586579
0.74857175,0.76629037
0.80655551,0.91518635
0.81352592,0.65751314
0.82471323,0.86267960
1.01941764,0.92284340
0.73734856,0.71982896
0.56128728,0.44666255
0.86486924,0.80244207
0.49822521,0.55172747
0.89193451,0.89200079
0.75706184,0.57812291
0.67446584,0.70387191
0.60485429,0.35829931
0.82690477,0.78926712
0.60601330,0.62279826
0.65246844,0.63501704
0.89259946,0.95910424
0.62516642,0.80791867
0.49117482,0.37608716
0.68323290,0.60309088
0.43776366,0.67371470
0.84922242,0.80536258
0.81039965,0.70601851
0.88318169,0.77915603
0.59880579,0.49406329
0.83879972,0.89151007
0.95198750,0.94268775
0.72239053,0.73738050
0.86584580,0.92052633
0.89259839,0.83014584
0.77480423,0.46121386
0.85430527,0.83173078
0.86892807,0.88455808
0.71078891,0.66780853
0.90167522,0.95223755
0.90847790,0.83463120
0.73159826,0.56047386
0.68557906,0.71757340
0.34626719,0.27852824
0.14927340,0.19048506
0.75067770,0.73409849
0.94285452,0.93607050
0.73775673,0.67824072
0.53745788,0.52498394
0.60038495,0.47280738
0.82674503,0.77034056
0.68447900,0.58825344
0.58544648,0.51538432
0.63944256,0.48177847
0.62072396,0.58467114
0.88022614,0.90775782
0.94342446,0.92439532
0.77025604,0.67871708
0.70604885,0.68213701
0.66173267,0.80082154
0.54477811,0.75862384
0.51678222,0.33779141
0.94628572,0.98343235
0.85861075,0.88749582
0.75180006,0.73438913
0.77295542,0.72330016
0.62088192,0.67253858
0.79124880,0.87918276
0.36069065,0.28183806
0.92635489,0.97442567
0.68963730,0.69661677
0.96298611,0.94012767
0.85500729,0.92631358
0.80873978,0.88204587
0.92022043,0.93467259
0.40507123,0.41041511
0.84400570,0.91388887
0.84407556,0.84910339
0.88590968,0.96799505
0.78241521,0.92860109
0.82918143,0.83098817
0.93494415,0.93587887
0.91394699,0.96623707
0.86439335,0.91050261
0.75067937,0.90038919
0.71550363,0.86312574
0.83444875,0.82508343
0.83920634,0.88796860
0.49134779,0.39896694
0.39913023,0.33061740
0.71946597,0.88319206
0.47492966,0.41717896
0.39811847,0.55536669
1.07034755,0.90886855
0.85354030,0.57984751
0.96140683,0.90169120
0.89850485,0.81267005
0.91841638,0.94749999
0.89136368,0.84824699
0.87885046,0.91906285
0.84005904,0.81047422
0.91010660,0.97802615
0.68685383,0.91478366
0.56059116,0.44305736
0.63327873,0.78115833
0.84613305,0.94915253
0.78292179,0.87132651
0.71440107,0.69052649
0.70641875,0.76175255
0.65690327,0.71315020
0.65695769,0.58285314
0.57724267,0.52807713
0.89244640,0.98107141
0.64147079,0.65546507
0.44929513,0.44111520
0.60522562,0.56628370
0.63742292,0.73233843
0.94637036,0.96042806
0.69921595,0.55050504
0.65999287,0.66516650
0.95521569,0.86129528
0.85282242,0.82908076
0.70715487,0.74611723
0.65990156,0.76525813
0.76719552,0.90927100
0.68073535,0.60400087
0.78716135,0.94416016
0.80316162,0.66264325
0.78128052,0.09637783
0.95518351,0.96862489
0.57494140,0.80731523
0.88828886,0.92791831
0.63385981,0.55941457
0.74442470,0.60825813
0.78597307,0.86800700
0.89207041,0.97567004
0.68848562,0.66535783
0.73634279,0.72670645
0.84584492,0.86571139
0.85312736,0.91038311
0.78674060,0.59109044
0.76878560,0.82247573
0.49488187,0.45888653
0.91613328,0.91079795
0.51372427,0.49548846
0.87209344,0.89794171
0.12989917,0.11910129
1.08810854,0.89069951
0.17056707,0.15725546
0.87228346,0.96538460
0.91221225,0.94564301
0.60137135,0.71695369
0.78032768,0.62296212
0.65202355,0.53124499
0.64790487,0.65715879
0.76951146,0.66834688
0.57146335,0.21868169
0.58257711,0.55416667
0.50044918,0.43706784
0.84412122,0.80063033
0.96877646,0.90268874
0.73838931,0.60752630
0.61551428,0.61615503
0.44399592,0.37033582
0.56232423,0.61427045
0.95152462,0.97887844
0.86669415,0.90608376
0.65831089,0.56728727
0.94579268,0.97202671
0.48515874,0.35575166
0.83639526,0.92224234
0.66205382,0.63843971
0.44359779,0.30286923
0.84969717,0.91054130
0.72558916,0.68342865
0.48012847,0.28797027
0.27081051,0.20291358
0.84949636,0.86948252
0.69030738,0.91682285
0.81095159,0.78800392
0.96832621,0.87119436
0.56999975,0.43287298
0.68930149,0.70836127
0.37860012,0.32228628
0.87196553,0.86419630
0.22113666,0.16025908
0.71322286,0.74384892
0.88868374,0.81542057
0.62762350,0.58880627
0.85126543,0.76590323
0.95554042,0.99206346
0.67991489,0.77681589
0.55265641,0.50917512
0.78809857,0.85952008
0.71941811,0.63465470
0.83351338,0.88424534
0.81230986,0.63328665
0.95926332,0.94574910
0.25526601,0.11811777
0.92245269,0.91740221
0.92655849,0.90386921
0.99424481,0.94970340
0.87166810,0.87843370
0.56019592,0.39732978
0.89725530,0.84708250
0.73115957,0.80015755
0.49365160,0.55821848
0.96784723,0.39024442
0.57756776,0.84693062
0.78394389,0.69758278
0.87356228,0.93098426
0.89148736,0.82907850
0.92791820,0.99166667
0.93245614,0.97223514
0.18875578,0.24435264
0.47866905,0.42901236
0.94866455,0.82156307
0.31401160,0.35357124
0.85570741,0.92150867
0.68101227,0.56147814
0.33071786,0.23245470
0.62458706,0.48848704
1.02013290,0.92389894
0.97842395,0.95277780
0.74133039,0.76972771
0.72598696,0.67172754
0.83594513,0.84837419
0.84200025,0.82475513
0.55185246,0.23030707
0.79630351,0.82152689
0.74489915,0.76228070
0.40411541,0.28620270
0.78320789,0.66100800
0.65641344,0.86522591
0.43826494,0.36501867
0.86883783,0.94780713
0.59743905,0.69999999
0.90889084,0.85361654
0.87293696,0.97650141
0.59274340,0.64468789
0.53239089,0.61029834
0.83139646,0.73559529
0.89750826,0.93532604
0.75548029,0.70510715
0.93069851,0.90939397
0.80948222,0.91705018
0.84664893,0.85875821
0.34727380,0.34002978
0.85015380,0.95213205
0.93936908,0.98165137
0.34656218,0.30604681
0.37786627,0.25812802
0.77846944,0.82496858
0.68365771,0.51854765
0.80515933,0.76430041
0.89705670,0.93725395
0.28390688,0.33801779
0.66599452,0.63362235
0.55866611,0.50731504
0.56006026,0.62807781
0.74074757,0.87558323
0.80547619,0.94364434
0.89468741,0.75039101
0.75524771,0.74451780
0.84080708,0.86319327
0.53721905,0.38241962
0.78753173,0.81843013
0.94886494,0.86405939
0.79106343,0.86405599
0.40084639,0.43701848
0.92441666,0.87335420
0.62387764,0.50978321
0.85684752,0.81202036
0.87058342,0.88600940
0.61844128,0.50539047
0.79857516,0.85573643
0.84561563,0.91987669
0.84349239,0.88797641
0.68694985,0.70683777
0.84616745,0.79020047
0.84534717,0.73596215
0.84810889,0.94090211
0.95223010,0.94067794
0.95928204,0.95086616
0.69326651,0.59285712
0.87925649,0.86079091
0.52573037,0.49104384
0.80429602,0.81961870
0.72389603,0.82330829
0.86541611,0.87552047
0.70628631,0.78884101
0.80591679,0.79976088
0.73637366,0.82835734
0.82492661,0.71350086
0.83246040,0.86343962
0.65976954,0.59022194
0.69389951,0.72376144
0.93413699,0.77212322
0.86186850,0.87821120
0.64491755,0.67949569
0.85334146,0.92183858
0.79533827,0.56200981
0.54241443,0.54360116
0.46725890,0.48100710
0.57261968,0.50808626
0.60422772,0.63141090
0.96192598,0.97427428
0.80239987,0.64895022
0.89713907,0.92226720
0.88250864,0.91636389
0.73245716,0.70371795
0.26148313,0.17081459
0.75283813,0.66695982
0.78224576,0.71938390
0.96481597,0.90761811
0.71364260,0.71532935
0.74639678,0.88697839
0.81610525,0.82639384
0.91744792,0.94949025
0.88972867,0.96667588
0.73922348,0.86410254
0.79332733,0.78773451
0.68922955,0.77489179
0.18000007,0.21120690
0.81073940,0.79312551
0.79765368,0.70562029
0.91013688,0.87896007
0.73774338,0.91606569
0.88949108,0.90378344
0.75623286,0.90067273
0.97676432,0.91130340
0.83324939,0.84284276
0.78588796,0.87324744
0.91150689,0.93165481
0.55888999,0.54390246
0.80333889,0.85810858
0.86753190,0.89733505
0.66376495,0.70793337
0.88449788,0.95843238
0.55983472,0.05111977
0.56550229,0.58055115
0.64198321,0.60134947
0.30303693,0.17964554
0.85797548,0.98333335
0.37334794,0.27774772
0.88523889,0.93567622
0.44007337,0.21625404
0.22324964,0.15141453
0.76874930,0.85147029
0.82365775,0.92382288
0.67428058,0.73685557
0.77129972,0.71868426
0.49380171,0.44562212
0.73261106,0.66638315
0.89020348,0.86071163
0.74085140,0.67451662
0.16431215,0.13947834
0.31166017,0.26940882
0.95018053,0.95736259
0.95878541,0.94181597
0.88992131,0.99242425
0.86234665,0.92092192
0.73975694,0.66526419
0.89931774,0.95984846
0.78100467,0.69779003
0.56525242,0.38681319
0.38374355,0.32338411
0.78243113,0.80857682
0.49849293,0.53040332
0.88260639,0.86771774
0.98470116,0.87664849
0.20853704,0.18619974
0.54982811,0.49730280
0.73588502,0.88230950
0.76503849,0.72491962
0.64660770,0.67751479
0.55272526,0.62500000
0.46371350,0.64033121
0.80965722,0.90594268
0.68342477,0.68416995
0.34536994,0.33631256
0.79309869,0.84237599
0.66055274,0.70284545
0.87522137,0.87696075
0.70166707,0.81707221
0.90332973,0.98026657
0.90879488,0.93594086
0.78087544,0.68148047
0.72490752,0.85499483
0.48326793,0.55622739
0.48794073,0.65000129
0.37159771,0.44748220
0.26923573,0.29259095
0.47187674,0.36457625
0.85447907,0.95988846
0.92720771,0.90913469
0.93335897,0.94531852
0.61472702,0.73246604
0.75227523,0.83462989
0.73674142,0.71052945
0.85882765,0.94230771
0.77392817,0.66252059
0.80172205,0.90287155
0.76061559,0.75985974
0.38324764,0.46171406
0.53230673,0.31956398
0.84020770,0.85933375
0.58264112,0.76866412
0.89441121,0.94714755
0.79767823,0.87915987
0.98062909,0.93169492
0.77244937,0.86261386
0.41214293,0.19632471
0.90221477,0.90105909
0.62386048,0.72031099
0.66779363,0.76688313
0.85640538,0.96012962
0.95518219,0.86866605
0.90763772,0.90585440
0.90419471,0.93271685
0.87835133,0.88478261
0.95429409,0.86176914
0.53578079,0.51347333
0.90225565,0.93015492
0.72668529,0.68921834
0.61099273,0.79513890
0.47341073,0.59012729
0.53483731,0.62888986
0.93230373,0.89901131
0.81023192,0.76649535
0.81137192,0.82911712
0.85134590,0.88514960
0.81118059,0.89969790
0.71270013,0.76841235
0.81967819,0.84677452
0.63564748,0.64934814
0.78862214,0.76868510
0.62127805,0.61119562
0.98968995,0.97107846
0.55417192,0.63371974
0.85378587,0.89817280
0.60453093,0.68898940
0.80545747,0.81780916
0.32086793,0.25656238
0.81139505,0.84428668
0.89592087,0.85637277
0.81301320,0.81129110
0.86854887,0.89091057
0.25508872,0.20130895
0.95884132,0.94965976
0.89074677,0.91128057
0.89723015,0.81745720
0.49966481,0.54087633
0.83158439,0.84246558
0.68242645,0.78334731
0.63090861,0.60525763
0.80865753,0.62561375
0.92969477,0.90607119
0.97231436,0.91905630
0.80904269,0.85009265
0.95301485,0.96336478
0.60161924,0.71349239
-0.01615310,0.11315766
0.46233773,0.39373800
0.14837071,0.18446052
0.73779309,0.75481474
0.95034039,0.97979796
0.85197246,0.89345986
0.76712000,0.82663476
0.71794999,0.29397160
0.56485349,0.62876254
0.38187188,0.28677204
0.79570574,0.73443598
0.96750987,0.95912063
0.83084786,0.83815354
0.87391913,0.94038206
0.29582340,0.37639332
0.96643364,0.86912143
0.59299195,0.66216218
0.45781824,0.42071429
0.88373077,0.90442324
0.80323058,0.81430185
0.80281740,0.84434795
0.45309156,0.38420847
0.70247519,0.65241379
0.44921142,0.28744543
0.98606098,0.89842528
0.31535056,0.22208612
0.81487155,0.88827115
0.87602884,0.92057413
0.96952295,0.93169284
0.66286242,0.71136886
0.81401718,0.72549576
0.74892473,0.82310528
0.74991578,0.82157713
0.86238122,0.91352737
0.83624709,0.83189255
0.58492339,0.50598788
0.59488308,0.52617741
0.73360980,0.89521056
0.56791705,0.47556207
0.91784918,0.90490377
0.53722346,0.65470612
0.70757627,0.77047533
0.92688107,0.94232351
0.87413681,0.92753059
0.88468409,0.89827532
0.58191276,0.48258558
0.93026388,0.93193859
0.56248552,0.52693659
0.83820426,0.74553573
0.80957657,0.66983384
0.60909230,0.59997392
0.85241508,0.89775598
0.55967164,0.62719846
0.76428723,0.81560630
0.79611540,0.70691872
0.20648050,0.06146450
0.78596997,0.73465145
0.61966693,0.85437572
0.68631744,0.60141242
0.96812606,0.92879355
0.62810266,0.55277306
0.65410972,0.42435005
0.59610748,0.61499906
0.58255935,0.56885421
0.57888448,0.73046875
0.96119452,0.99295777
0.87816083,0.94686663
0.65539992,0.84868419
0.84517807,0.87420022
0.96861458,0.84413356
0.65512490,0.71263474
0.82877827,0.96101540
0.72452819,0.67569047
0.85149729,0.76929212
0.86073506,0.80854803
0.85542780,0.70490855
0.45363346,0.46597019
0.83929014,0.84792453
0.82478845,0.80308068
0.80922461,0.97528517
0.88253164,0.85825270
0.67411673,0.81442559
0.89257038,0.98765433
0.77067697,0.87371445
0.89750814,0.89968103
0.98838925,0.96111113
0.86245430,0.88765866
0.90439141,0.90612924
0.40056089,0.47920039
0.84250426,0.86153930
0.74244314,0.73372692
0.76153302,0.86213523
0.62880933,0.48991859
0.77430201,0.81857145
0.93506390,0.95981508
0.88579869,0.93555748
0.69425094,0.75470591
0.89642370,0.99586779
0.24429750,0.15128127
0.82620192,0.93831909
0.61324626,0.65180963
0.69876015,0.73469114
0.79413247,0.73667657
0.89290214,0.95084673
0.66077435,0.45411944
0.80964923,0.82596397
0.97830462,0.91558367
0.84225923,0.87270057
0.76092136,0.79986250
0.95988870,0.92148459
0.96271932,0.92151356
0.35217696,0.49974844
0.89352787,0.84275365
0.85860574,0.85395765
0.82847476,0.81715631
0.62358034,0.60693753
0.95306271,0.95842308
0.64293849,0.32973275
1.00390053,0.95446908
0.88133371,0.95598608
0.70846373,0.78623497
0.46883723,0.52014506
0.89329100,0.83970904
0.67154408,0.63051218
0.89687002,0.88158399
0.68937624,0.61583138
0.81654215,0.95565987
0.71159923,0.75523072
0.81510937,0.67953658
0.60156703,0.53720492
0.86273110,0.94218749
0.71742833,0.66828531
0.91812205,0.89803207
0.79870415,0.72039056
0.93518031,0.95181960
0.49009335,0.57788283
0.33415103,0.19792528
0.79802561,0.86498845
0.87064421,0.83672267
0.87365687,0.96998775
0.40651047,0.35605732
0.54423279,0.77120531
0.55223322,0.59340554
0.87700117,0.92227584
0.62330061,0.70291263
0.74562824,0.47399795
0.78288716,0.82838124
0.91305280,0.96343940
0.61735678,0.73905796
0.84959865,0.80588073
0.50364631,0.68041873
0.52449989,0.52807361
0.88892186,0.84815532
0.53254378,0.61597735
0.90911245,0.92333215
0.36552426,0.36546922
0.91493464,0.70270622
0.65869701,0.30880341
0.97263753,0.96578383
0.65395522,0.78835350
0.89126670,0.90789402
0.89703655,0.94718617
0.87289512,0.95959967
0.90875161,0.87348652
0.67838305,0.84302080
0.30725333,0.25022730
0.73190022,0.92284918
0.23307002,0.31365532
0.51238531,0.27681780
0.91928709,0.95272404
0.52582979,0.23379037
0.53204584,0.17387006
0.92240083,0.94375002
0.80730462,0.80404592
0.85872555,0.89114791
0.85023654,0.94414365
0.85376978,0.81688803
0.40426114,0.26702121
0.82122219,0.86121500
0.91796404,0.93752176
0.64736813,0.60269165
0.85967040,0.83144921
0.81028593,0.76140672
0.52173036,0.25086823
0.70049161,0.78410792
0.86851597,0.85786331
0.58979654,0.29281345
0.70841348,0.70345747
0.75902098,0.90486759
0.48778340,0.47359255
0.64882052,0.75320292
0.88722122,0.88372147
1.02846479,0.96178764
0.66184807,0.80204189
0.26311550,0.21891502
0.79224223,0.88470757
1.02442980,0.95590001
0.60919601,0.72039109
-0.03873560,0.13315079
0.83602238,0.88758594
0.87574905,0.86063218
0.79393256,0.73494339
0.88444591,0.92040634
0.86672354,0.91938025
0.42287120,0.26233122
0.57335401,0.35845995
0.33207634,0.29174992
0.69720864,0.74594754
0.82626176,0.86434209
0.82082558,0.68731707
0.69874126,0.73861116
0.73025012,0.79933137
0.85582340,0.87618434
0.83372784,0.91233575
0.85233331,0.90985346
0.93213081,0.95246643
0.73381567,0.88553327
0.36129752,0.30136934
0.66884327,0.69969070
0.67726427,0.59131038
0.72065806,0.92737734
0.97308242,0.90550238
0.38363731,0.32065657
0.21139231,0.12341198
0.49766275,0.63449591
0.65850222,0.56483519
0.82290864,0.79153407
0.77241373,0.75685716
0.87008929,0.85959321
0.50151575,0.32328284
0.88161814,0.97483182
0.91115963,0.93755800
0.80692530,0.75008893
0.57358003,0.54827785
0.70015168,0.77899390
0.82128310,0.86642855
0.86502171,0.85757929
0.84784961,0.80524760
0.85284269,0.89142627
0.82981116,0.85637563
0.66166902,0.55213892
0.84782887,0.79657477
0.71806800,0.93150687
0.62413311,0.64687014
0.75529838,0.81788236
0.87765706,0.93490839
0.61614454,0.60836816
0.68575144,0.75797695
0.46867496,0.37491038
0.91643023,0.84554595
0.74167240,0.94024563
0.91381717,0.89032346
0.98768282,0.94315207
0.73414886,0.70266181
0.40764719,0.17724867
0.80364466,0.95757121
0.75512671,0.66002661
0.90889895,0.89160919
0.74994481,0.71016461
0.75932610,0.17304045
0.71579874,0.63766545
0.66142190,0.65249920
0.79609001,0.79832476
0.78292143,0.75634831
0.89839494,0.93308949
0.90868789,0.91925669
0.78566051,0.61354744
0.69819999,0.71067053
0.51736218,0.49853435
0.91945934,0.96987951
0.45497131,0.47457367
0.62298799,0.46507189
0.97553444,0.95709866
0.87235963,0.84032446
0.82481289,0.79147798
0.28561038,0.22571428
0.58044785,0.62316215
0.80117249,0.94026083
0.93468082,0.95509452
0.83466327,0.91946626
0.91662037,0.86271608
0.76560807,0.67736185
0.42233717,0.29299012
0.92288733,0.93160981
0.95529115,0.84429461
0.96965051,0.93079340
1.02315831,0.92286462
0.41701522,0.27491388
0.50739568,0.47344095
0.21393274,0.27841941
0.53256726,0.48061144
0.95096493,0.93051064
0.71665722,0.75789320
0.90790236,0.94412440
0.75226390,0.77607644
0.54694039,0.72667122
0.69701982,0.69301343
0.17433769,0.17293985
0.92344403,0.96814185
0.80618548,0.82575756
0.70590103,0.72635400
0.75328463,0.86697614
0.76811194,0.31173092
0.30496782,0.39001819
0.38530689,0.16899768
0.89214116,0.85553277
0.64121813,0.81164742
0.28390586,0.16834933
0.50066859,0.42169273
0.86156976,0.80127829
0.86589634,0.89919740
0.75712335,0.79312229
0.75054479,0.57057905
0.89898503,0.88174176
0.75633764,0.85781008
0.62806022,0.64401621
0.67659861,0.83227658
0.84767830,0.95726961
0.83807647,0.91936576
0.68447435,0.83569002
0.68789899,0.68053460
0.84143662,0.80092055
0.85692060,0.79621947
0.68097270,0.63051528
0.46720263,0.36483938
0.79450595,0.93216443
0.68868327,0.86294699
0.88952738,0.85502547
0.63653141,0.61018181
0.59323549,0.49695927
0.39518753,0.32577950
0.78232169,0.82228351
0.75491273,0.87309384
0.84355688,0.95283973
0.29682052,0.26299021
0.67583919,0.89971167
0.58202201,0.33002645
0.76943493,0.84373164
0.97031987,0.92684191
0.78570306,0.87118959
0.48993564,0.69461000
0.88271856,0.88480371
0.84443128,0.77288473
0.62665975,0.62577182
0.83162922,0.84312797
0.69459707,0.85797119
0.75682503,0.82330436
0.78080827,0.95151877
0.80635107,0.69807410
0.85713518,0.72405922
0.76381552,0.77265352
0.82105869,0.67525947
0.79256880,0.83003324
0.59939897,0.62389106
0.80673897,0.75815243
0.44319734,0.28270778
0.71583819,0.77167141
0.70412314,0.65917218
0.88285160,0.93516433
0.87229347,0.93100321
0.95358860,0.87618065
0.75146961,0.81323248
0.60374397,0.52777779
0.63520062,0.84273905
0.88542950,0.92441005
0.69881439,0.58058608
0.92507523,0.92202109
0.92204416,0.92261904
0.80324370,0.92895114
0.84494150,0.97321427
0.93711543,0.94377512
0.74429542,0.76018411
0.81470621,0.67623830
0.82861912,0.89098436
0.88692045,0.91602188
0.20208895,0.17230944
0.66181123,0.32973078
0.77232385,0.81386065
0.42355335,0.27668396
0.89219874,0.87431556
0.70849651,0.56918818
0.58060706,0.42682275
0.77961671,0.63289338
0.78379261,0.77915019
0.80443275,0.60599780
0.91495240,0.88887203
0.86993968,0.87887549
0.90815759,0.86881334
0.80792737,0.84907150
0.89282656,0.91576087
0.40042987,0.28926456
0.66829985,0.47911146
0.62018198,0.72467917
0.59399825,0.25419217
0.40122011,0.47933921
0.80930758,0.79894364
0.90842175,0.92743337
0.70535058,0.64779776
0.84954000,0.84539419
0.86929548,0.91399813
0.83303308,0.87271202
0.73562980,0.89002138
0.72409666,0.66373658
0.91276884,0.95114291
0.80261600,0.88769233
0.84529376,0.90360600
0.94378793,0.90453696
0.89827168,0.87023139
0.65478319,0.56904960
0.33148503,0.16021530
0.67394227,0.58776891
0.62318718,0.71616167
0.62174761,0.37820470
0.63288248,0.65054834
0.54312402,0.50625002
0.86806595,0.94345587
0.40362984,0.17151481
0.50278240,0.46443731
0.90067232,0.88044626
0.76960456,0.88876408
0.42902622,0.11137762
0.72690344,0.82759631
0.46269470,0.33913177
0.43800005,0.40757680
0.71268034,0.59522474
0.92125273,0.82589042
0.89999342,0.89339018
0.86373973,0.93048781
0.85717726,0.87427169
0.80442286,0.87892240
0.84682167,0.87680632
0.55877644,0.65094632
0.89390635,0.92667466
0.86859989,0.82291138
0.94522345,0.93553358
0.76875126,0.88555944
0.99444139,0.91696113
0.81910974,0.72555214
0.28627869,0.28170526
0.32737431,0.37861234
0.68254530,0.80787998
0.86771798,0.75822806
0.73536742,0.76342481
0.86677897,0.92787415
0.32349670,0.25668153
0.80581766,0.90701222
0.41222280,0.44807673
0.80999970,0.81018358
0.96204174,0.91454196
0.41790566,0.38902196
0.62580383,0.68171883
0.76405549,0.94202447
0.89006412,0.88461536
0.68922633,0.61678380
0.81464219,0.81605130
0.85298204,0.85770750
0.61700487,0.76175278
0.94620180,0.84337181
0.77490401,0.74940479
0.46211186,0.31749630
0.92197573,0.93988925
0.50105923,0.40856928
0.57287544,0.61964816
0.85884428,0.84441388
0.29000187,0.26264372
0.72913182,0.81456357
0.88441980,0.94091511
0.91063607,0.94483697
0.62380004,0.77436751
0.79375362,0.73497641
0.85999632,0.92367995
0.66446686,0.77442616
0.88567030,0.94002044
0.70397091,0.63948178
0.52284890,0.29001552
0.54662436,0.47703418
0.43093300,0.46399826
0.44321346,0.37721276
0.85467219,0.78236324
0.83378363,0.92214078
0.26717743,0.27103627
0.64621234,0.76398522
0.76441205,0.67205632
0.78323424,0.83523494
0.68325895,0.64715928
0.62816620,0.51620871
0.60182285,0.32157460
0.51074886,0.45544040
0.85008883,0.87108934
0.86300975,0.89443016
0.81242824,0.83858269
0.54671866,0.57860529
0.80657083,0.88908589
0.87183011,0.89660627
0.88834554,0.92574090
0.58266640,0.54323483
0.65398890,0.60007393
0.88581514,0.91481650
0.77821898,0.81704611
0.78005683,0.58841795
0.83425760,0.88918424
0.93850434,0.91494471
0.49957991,0.68860352
0.52029306,0.52295959
0.91999447,0.88658679
0.90726006,0.94576925
0.60526109,0.49879763
0.94990170,0.90279007
0.87201607,0.88721806
0.84020072,0.81605262
0.74389362,0.87434340
0.84821272,0.90211141
0.85025871,0.77503872
0.72336245,0.71505392
0.91215813,0.88430274
0.75799251,0.92897898
0.85649168,0.90256023
0.47805238,0.40279752
0.79454517,0.84916544
0.77030420,0.83684731
0.69479895,0.70334005
0.70680219,0.87882924
0.83914495,0.87598771
0.35966837,0.31770834
0.52029854,0.28206921
0.80434179,0.89248365
0.72865921,0.85238957
-0.08702794,0.05983176
0.88658845,0.85267913
0.78011787,0.77992070
0.84982121,0.86928755
0.87952816,0.96528614
0.68528223,0.71977520
0.93070722,0.96238422
0.85144365,0.85739511
0.85185564,0.78503537
0.65841025,0.79966629
0.82103634,0.93440080
0.99373078,0.92379886
0.99239635,0.98342597
0.36361015,0.20089869
0.90392995,0.90116090
0.76936150,0.69155842
0.78217673,0.78557223
0.85569215,0.89515465
0.82506645,0.93720782
0.83998823,0.92423284
1.00246680,0.90575522
0.20406765,0.13828705
0.87455380,0.86878383
0.51414305,0.60396838
0.95690513,0.96349204
0.72632718,0.51846373
0.88792014,0.93656617
0.96651173,0.89278406
0.75829566,0.87902308
0.29258999,0.30046332
0.78840816,0.53138095
0.97487640,0.87888008
0.62633443,0.75535089
0.99445808,0.93247199
0.73935616,0.79126173
0.65823722,0.76397306
0.42655647,0.49263170
0.75793552,0.87048954
0.35413200,0.31396824
0.83195353,0.84852940
0.76133829,0.83923560
0.75496697,0.77722436
0.70345664,0.54607058
0.53040493,0.39491045
0.48483226,0.36439809
0.98373699,0.92298979
0.52316964,0.35971594
0.80969465,0.66836733
0.75614321,0.82934022
0.72874010,0.74916667
0.70594859,0.56794870
0.17044303,0.26325795
0.33627966,0.32736620
0.46803787,0.47069946
0.83311319,0.84627378
0.25350130,0.24463277
0.80937535,0.89110482
0.84155321,0.88505620
0.96789551,0.94174266
0.31116182,0.41137549
0.74726444,0.91608393
0.89632326,0.79931033
0.59826201,0.51875001
0.84292537,0.91388160
0.87408847,0.92925030
0.77732635,0.78833914
0.84779394,0.79221088
0.36013818,0.35390970
0.80656528,0.81076223
0.79277515,0.05911645
0.96405315,0.91886663
0.64751846,0.56222737
0.62347543,0.68636763
0.81212521,0.95931786
0.53391510,0.32346126
0.76881146,0.78118002
0.69160271,0.85876667
0.91802514,0.88779765
0.60258114,0.71874297
0.60901111,0.53004801
0.92242706,0.95449668
0.84290910,0.79494876
0.82872736,0.87537640
0.84520781,0.86697876
0.86727327,0.93665755
0.86822885,0.90814400
0.54579037,0.65395433
0.86391824,0.89931768
0.32555938,0.18908121
0.71335471,0.82154208
0.59817213,0.69164246
0.84999514,0.93209720
0.41021705,0.35555893
0.99600899,0.80653161
0.72530520,0.85493028
0.49826595,0.38282001
0.44660875,0.19711182
0.89352453,0.95179147
0.51920420,0.12941177
0.41635251,0.31220102
0.52633226,0.44861254
0.63433725,0.58635527
0.54908037,0.44241595
0.78579068,0.79017901
0.73219609,0.73001599
0.65472162,0.71861422
0.71658552,0.73753810
0.64580804,0.71454597
0.87105501,0.92307693
0.79293215,0.80853629
0.81520271,0.81911242
0.52639139,0.61310273
0.57590020,0.16138309
0.84008348,0.91361284
0.83961821,0.93801761
0.77908754,0.73944688
0.92573404,0.95026594
0.73870397,0.68241286
0.51321983,0.29026577
0.96722150,0.90825266
0.68552345,0.56674302
0.90071857,0.83006382
0.47055066,0.37950405
0.26983392,0.24927419
0.56829619,0.66252685
0.19917816,0.16204339
0.93730581,0.93233085
0.35683283,0.31582168
0.58113945,0.54292929
0.62809712,0.50508738
0.74974144,0.72426468
0.95999873,0.96746254
0.52397263,0.65416348
0.71032274,0.73229450
0.80462581,0.83696705
0.77286607,0.91287881
0.82452285,0.78899848
0.69840950,0.67014772
0.54847890,0.66860127
0.96426046,0.98486894
0.85715175,0.91407204
0.85882872,0.79912353
0.90486759,0.90790600
0.70286095,0.70644838
0.81563950,0.91641748
0.67132437,0.84031063
0.74666446,0.87734169
0.54270637,0.62949657
0.89961076,0.94938821
0.87908387,0.82608330
0.88654971,0.94702840
0.61094522,0.63105524
0.90573299,0.88569623
0.79389262,0.77464294
0.68272060,0.74545455
1.02276492,0.98336834
0.94848537,0.91069108
1.00238109,0.89937484
0.84663582,0.78953713
0.75387406,0.76818180
0.71449310,0.57471848
0.96371198,0.93378985
0.40372810,0.52639496
0.76281655,0.76866150
0.77446353,0.89826912
0.92433262,0.84943604
0.83931470,0.81756449
0.39311245,0.24496280
0.87068737,0.76861268
0.89309549,0.85765803
0.95750844,0.90140927
0.86536372,0.84456784
0.83235228,0.91470444
0.87692416,0.92037565
0.86588740,0.85377020
0.85846746,0.79467213
0.93012691,0.94008398
0.81056345,0.65170592
0.81094015,0.91676092
0.66252124,0.90826541
0.72903115,0.60053039
0.81891942,0.76889235
0.66621614,0.65831244
0.87931943,0.86602229
0.87217402,0.93534577
0.76353908,0.86279762
0.91032505,0.94604290
0.57991058,0.39957401
0.26770547,0.24195077
0.75226521,0.93266457
0.77118367,0.80518061
0.68835562,0.72062546
0.77667999,0.78055555
0.54396462,0.56966841
0.93012834,0.92892653
0.86726320,0.95193678
0.58282256,0.38558289
0.79775417,0.90510201
0.89324403,0.89741594
0.50095868,0.37056318
0.90409893,0.89875025
0.95472419,0.86353403
0.85840118,0.83863795
0.90473676,0.93527162
0.76243305,0.75619966
0.90586829,0.92960197
0.46218681,0.44396770
0.69095594,0.70168668
0.67330253,0.83679587
0.76751691,0.69344342
0.80742610,0.89650995
0.69972181,0.60600597
0.80112100,0.99450552
0.53179884,0.51262629
0.96243548,0.95794207
0.89514178,0.94287515
0.81994116,0.83426428
0.91482747,0.86212325
0.89727652,0.94481504
0.72735763,0.85546035
0.57741690,0.60193843
0.86342347,0.86465520
0.71599936,0.69813317
0.62495613,0.64303428
0.54906130,0.53717440
0.66195178,0.84272724
0.59961414,0.54914093
0.76121724,0.78872246
0.90033114,0.90750098
0.96025944,0.96502912
0.64751804,0.54791605
0.33936089,0.28604645
0.88145828,0.88689107
0.77212888,0.63084817
0.72680604,0.81448370
0.82924652,0.84798652
0.79593849,0.81720990
0.61925906,0.61100036
0.43821496,0.37871712
0.94013107,0.93508095
0.82299525,0.95268255
0.70611072,0.63884330
0.89284348,0.91655874
0.38189274,0.18856642
0.67739487,0.43263334
0.43621865,0.22155657
0.88374108,0.89042938
0.56822211,0.45910111
0.79411244,0.73458838
0.97060359,0.89012313
0.79938042,0.83894086
0.89972395,0.95038587
0.84044337,0.79125559
0.78019476,0.82203388
0.81283659,0.82721812
0.79801440,0.92786938
0.29422760,0.23721561
0.80902183,0.80576110
0.76031530,0.80829614
0.40637061,0.37508041
0.33577675,0.39418384
0.80456591,0.93737882
0.73458755,0.72736418
0.93960249,0.94878781
0.99546778,0.96307963
0.37295836,0.23443674
0.98354459,0.95625705
0.47364682,0.32948253
0.41734317,0.33280957
0.74249804,0.92866290
0.54881936,0.59002978
0.93772590,0.86577785
0.75443977,0.67957091
0.49075633,0.37083334
0.35878301,0.30060565
0.87115431,0.88114440
0.77943647,0.86221063
0.76846373,0.92929351
0.91863495,0.94755554
0.89320123,0.93284994
0.78368384,0.79547930
0.92773175,0.59764564
0.30410415,0.18849500
0.59656054,0.45049426
0.45899177,0.73779058
0.82514381,0.74086756
0.90655160,0.90647060
0.77817041,0.87305856
0.79798687,0.78616065
0.82008088,0.81487179
0.81711942,0.88617051
0.77433944,0.94964349
0.89215291,0.88360649
0.75852871,0.69574910
0.80549419,0.92451078
0.81419146,0.87648630
0.79879397,0.66000003
0.85122526,0.86680472
0.88778436,0.92136472
0.85094345,0.98305082
0.71041030,0.85917401
0.83289933,0.85643667
0.97772872,0.97607863
0.84815204,0.86778843
0.33671135,0.11444855
0.61179864,0.66009390
0.51587486,0.31722808
0.56053090,0.52303976
0.71028876,0.81928641
0.86775815,0.92797798
0.48478526,0.52903360
0.79892367,0.57935721
0.86156058,0.84517330
0.56083864,0.61519480
0.81124973,0.92339206
0.59216613,0.37234765
0.48472697,0.34595588
1.00347698,0.97681099
0.70705700,0.92441779
0.45248899,0.26586309
0.96819603,0.93525636
0.80205548,0.87356466
0.69019067,0.76463962
0.84247732,0.83113098
0.87210703,0.81653941
0.86055511,0.74366540
0.44703880,0.74915254
0.18274230,0.15166023
0.83556151,0.93917751
0.79571521,0.57265884
0.78109872,0.72574067
0.79218924,0.96226418
0.70728052,0.53176051
0.85163367,0.91369045
0.79091299,0.91626227
0.79308605,0.78528452
0.83067060,0.89729768
0.76418495,0.58861798
0.67490757,0.73949623
0.71057868,0.33631712
0.74713099,0.65859860
0.92115116,0.94795454
0.90869164,0.90801525
0.85223293,0.82967067
0.38895035,0.30645886
0.47560006,0.50251269
0.76764679,0.57917917
0.88106573,0.94779015
0.40641636,0.41248873
0.56531715,0.48412770
0.90161908,0.84244376
0.94674599,0.96799999
0.62821734,0.70853096
0.23756602,0.34913969
0.71158171,0.74974638
0.43333682,0.58547497
0.84632695,0.89215314
0.78072202,0.78218085
0.90775323,0.93565577
0.80862606,0.78867966
0.97705579,0.96692306
0.24970001,0.26499084
0.15772650,0.19875507
0.90245461,0.89975178
0.71573722,0.64754456
0.97071719,0.95454317
0.54189140,0.42990908
0.90424871,0.87952393
0.64235687,0.80987573
0.77645969,0.68158633
0.88659424,0.96209157
0.54172528,0.77735543
0.85421431,0.91145277
0.79895294,0.89309311
0.44653451,0.53292096
0.95414579,0.96157050
0.78127515,0.87500000
0.81757390,0.82282609
0.76824021,0.91638511
0.56371176,0.58630854
1.00569296,0.93979931
0.71419668,0.59177703
0.84614372,0.89854771
0.69613004,0.72432882
0.72078204,0.63698202
0.87825078,0.93027323
0.71379447,0.56061918
0.83447534,0.77020580
0.59285605,0.42132545
0.86262894,0.94683260
0.89501452,0.90500355
0.96438313,0.94230771
0.76180589,0.65608561
0.63270134,0.74019837
0.71829629,0.70291167
0.35973236,0.44576421
0.62986410,0.90727490
0.84046412,0.94602466
0.38426843,0.33775628
0.95000327,0.95109040
0.93204641,0.91905427
0.51669198,0.50566500
0.84851933,0.90048444
0.61767650,0.59053195
0.99808192,0.97306174
0.68529642,0.75476748
0.48081163,0.33456340
0.94773448,0.96128732
0.77462637,0.81549895
0.81612253,0.85439688
0.73943055,0.85401893
0.78372228,0.85075760
0.93022901,0.95165145
0.95552289,0.92686504
0.46130612,0.48505858
0.99919534,0.95390511
0.89183712,0.80599838
0.89447355,0.90769231
0.69555330,0.79080892
0.84823680,0.90397990
0.57513380,0.36405113
0.81057358,0.87470949
0.79868031,0.93694389
0.64326370,0.79691780
0.80578554,0.78330952
0.91593689,0.96805274
0.71721566,0.76921332
0.92896140,0.93607086
0.68306017,0.72216403
0.76096010,0.94570917
0.66747642,0.78358960
0.10496947,0.22785492
0.19330618,0.30344516
0.86662859,0.97201425
0.96961915,0.92996705
0.48741391,0.49853569
0.76877439,0.71849275
0.81558502,0.95070422
0.92495173,0.88003707
0.73609030,0.83245796
0.81108105,0.69407368
1.00651395,0.97383201
0.86765254,0.84758884
0.98357618,0.91683120
0.92360163,0.84386200
0.95100296,0.90087718
0.57915157,0.79504013
0.90069962,0.90407240
0.92361903,0.88486165
0.59358704,0.47393841
0.80100167,0.81459248
0.80706674,0.65215379
0.64923620,0.70029688
0.77748251,0.76731455
0.71530491,0.65735173
0.78342390,0.87525922
0.58261490,0.51220894
0.87923253,0.79191267
0.90902007,0.83404255
0.95162249,0.95983928
0.53106016,0.36042839
0.84862816,0.80392855
0.83586705,0.85172158
0.64610356,0.72687620
0.84171343,0.92983389
0.89624786,0.95673680
0.92526126,0.95630878
0.80236411,0.97462410
0.90833277,0.89845413
0.81250346,0.79668605
0.95897353,0.88697374
0.80483437,0.86759579
0.75231469,0.88792294
0.93040574,0.93200159
0.92664003,0.93097031
0.87299573,0.85191262
0.36407787,0.43764684
0.88992488,0.95304269
0.96080613,0.92646158
0.47752374,0.39971015
0.81941748,0.67215383
0.27897221,0.25180703
0.77003670,0.81518060
0.89869845,0.86124969
0.87997067,0.81611842
0.75413346,0.84769130
0.47573087,0.50645941
0.04208454,0.08762792
0.34418619,0.21655035
0.87782145,0.88651985
0.72074264,0.83152914
0.80526567,0.82580411
0.55474490,0.56879222
0.74643505,0.51782811
0.89834380,0.92928571
0.63027948,0.61852694
0.81223869,0.87166262
0.67860174,0.56360048
0.75659007,0.86212993
0.78491497,0.78719491
0.30154681,0.27508554
0.83945704,0.04841315
0.80598474,0.80169010
0.58511496,0.68397969
1.00426078,0.91978264
0.83663583,0.94484937
0.40396145,0.38727298
0.72215092,0.90857321
0.84681344,0.89265734
-0.00838402,0.06653640
0.79397690,0.89169848
0.85640478,0.90864319
1.04026473,0.94609249
0.84711766,0.90433514
0.66475075,0.75037980
0.76400423,0.76231754
0.79505515,0.80713177
0.57637453,0.62611806
0.41834840,0.40342155
0.84881413,0.91816008
0.89147627,0.88266206
0.46351850,0.33628988
0.45575753,0.30961546
0.96456313,0.87369770
0.87417781,0.84653473
0.72816384,0.76207525
0.38550240,0.72625697
0.75998044,0.83388489
0.71789140,0.68317592
0.81838131,0.86365926
0.89235747,0.74751997
0.95328069,0.92639738
0.80712068,0.96173269
0.83284736,0.93501294
0.31305602,0.25788260
0.88677347,0.88248795
0.23648147,0.27713567
0.38740838,0.23388544
0.74031413,0.88203245
0.69964206,0.22875798
0.64902252,0.45881549
0.46014470,0.37987551
0.68184680,0.68915665
0.62416822,0.52350962
0.90298259,0.90397918
0.76377416,0.75808090
0.71918797,0.92827880
0.70250940,0.66389322
0.92600965,0.74797606
0.65008241,0.61400348
0.82527900,0.87679505
0.87075233,0.85100001
0.73677504,0.76419407
0.63339913,0.70871383
0.40850657,0.37168610
0.40152180,0.25433421
0.51695669,0.55558765
0.39822489,0.37943745
0.73957330,0.70826066
0.62241983,0.68231523
0.87087333,0.83614987
0.52203625,0.66354609
0.55464590,0.56455427
0.95971024,0.91570240
0.87851602,0.94852942
0.78181589,0.87019229
0.61418587,0.67060351
0.88551474,0.87860221
0.49027318,0.43408552
0.90289140,0.90430224
0.64243734,0.47454759
0.49005583,0.51738435
0.51369327,0.49768543
0.85034239,0.91897058
0.72896028,0.75338256
0.30736998,0.33257172
0.85123980,0.89344037
0.88405579,0.91629022
0.73527598,0.73072940
0.83580261,0.88801169
0.45590568,0.32324985
0.84449375,0.94017380
0.55203128,0.62384528
0.72904074,0.81833214
0.84160113,0.89733124
0.72504807,0.93570572
0.68324518,0.80914003
0.57967478,0.67290825
0.73498034,0.72541469
0.91242123,0.97580647
0.75284290,0.73941207
0.94266403,0.92059553
0.93135202,0.89386451
0.97752035,0.90226364
0.84199500,0.93188852
0.86996472,0.92187917
0.86729085,0.82926828
0.92674726,0.90646851
0.40867037,0.59047621
0.60568386,0.65952832
0.80171573,0.79450709
0.76474345,0.90077573
0.59361303,0.55291277
0.68476665,0.79394019
0.93874902,0.94914114
0.79704022,0.85851353
0.68484473,0.66111636
0.59535015,0.68265980
0.80081439,0.79583335
0.90364599,0.91269839
0.62911224,0.28492424
0.79952800,0.65308434
0.60056174,0.60615385
0.83771372,0.82792622
0.86190861,0.82487172
0.74623728,0.79496950
0.78470671,0.73055607
0.82698548,0.87011999
0.91442680,0.92416620
0.73752844,0.74605095
0.90877324,0.91570044
0.65125602,0.91728526
0.92844319,0.96706986
0.13602379,0.23533912
0.57700330,0.62380713
1.01862824,0.96905977
0.85632777,0.78756368
0.93875390,0.89470923
0.78251088,0.71027851
0.80072415,0.89061230
0.89245045,0.91687191
0.97134650,0.93857831
0.72349763,0.83492053
0.68673873,0.50351262
0.55796790,0.45799181
0.64416367,0.71102941
0.76010120,0.54235274
0.94561589,0.90381426
0.76863706,0.85565293
0.93806887,0.86322647
0.17118549,0.17943865
0.86415923,0.91248631
0.62763131,0.66569257
0.68845248,0.79492009
0.82051635,0.85245121
0.75032341,0.81559318
0.34283718,0.41204482
0.61702466,0.82869667
0.56250703,0.57735616
0.69051468,0.94763815
0.79596734,0.52567416
0.33489096,0.27283254
0.82651937,0.77820754
0.80753922,0.80371416
0.67316890,0.64583331
0.76953125,0.69887793
0.59012842,0.70807451
0.74842215,0.92517263
0.42167723,0.36639267
0.90844607,0.92623454
0.57505792,0.75976318
0.94873786,0.94687277
0.67142439,0.66178685
0.85327995,0.86329669
0.91945505,0.96053946
0.95622122,0.96490383
0.90706122,0.76452470
-0.02995613,0.04907224
0.75107443,0.73474181
0.83825803,0.84605688
0.82216865,0.80925405
0.89377367,0.83467120
0.80632907,0.87336600
0.75090575,0.80581552
0.49550885,0.29188052
0.78242409,0.90178400
0.89425480,0.96808511
0.88845026,0.90359366
0.89865685,0.94184738
0.39172977,0.37508628
0.49893031,0.57276696
0.38810873,0.31777900
0.83277339,0.72867787
0.44697124,0.45838079
0.93147349,0.96690059
0.72416174,0.76967627
0.88982242,0.84325379
0.69552565,0.77817506
0.58434826,0.78527069
0.83115542,0.88919914
0.71644759,0.47211823
0.78679216,0.81373334
0.85723233,0.92434543
0.79560429,0.90702969
0.34454790,0.36060503
0.78341615,0.79690802
0.87100673,0.90548658
0.87274539,0.74968606
0.77370310,0.85537040
0.92331147,0.94372815
0.62249559,0.63958174
0.39977452,0.29538941
0.80280590,0.87087911
0.80077916,0.78552634
0.81423676,0.80993885
0.67564929,0.64122051
0.54893571,0.90967745
0.90835607,0.94041324
0.68379170,0.66906327
0.95246387,0.85280538
0.78672957,0.77713078
0.87317669,0.90087938
0.56390202,0.36320755
0.60902625,0.80348140
0.55452818,0.45288461
0.65945572,0.80483484
0.64832449,0.66613168
0.45511445,0.45424199
0.89093560,0.80536550
0.53744042,0.58970314
0.92586243,0.86410403
0.89861166,0.93724263
0.74774063,0.79350895
1.02843106,0.94241124
0.80300963,0.09493448
0.71029037,0.70093668
0.86927104,0.91849816
0.58157849,0.77214825
0.94886929,0.91477275
0.27924103,0.19832759
0.84409404,0.77344030
0.88018882,0.81774193
0.59136307,0.74101347
0.78043079,0.79667425
0.48317122,0.39893100
0.78283679,0.75262189
0.96273208,0.97436619
0.63568866,0.58208001
0.92206216,0.85481483
0.74798071,0.65468109
0.87690067,0.92648536
0.68690354,0.74169868
0.93857807,0.96470946
0.23635459,0.14268395
0.85413992,0.85882354
0.90699053,0.96330440
0.78027892,0.82924050
0.72921455,0.77595627
0.50944865,0.44452891
0.75965565,0.84760499
0.68609500,0.63616735
0.78505349,0.75533837
0.88201421,0.77235162
1.01220369,0.92451161
0.53030044,0.52540648
0.78516138,0.87541831
0.74592936,0.86324370
0.80705917,0.92401743
0.93628418,0.79488355
0.83216846,0.81569493
0.91311407,0.91648656
0.63334656,0.78724122
0.73418772,0.81261754
0.92536294,0.89749157
0.80507314,0.54038197
0.64569080,0.41161060
0.37758511,0.27785650
0.82546490,0.83435541
0.83457565,0.93596226
0.68392664,0.66906357
0.48371962,0.09331770
0.67196703,0.70543820
0.74280572,0.39207914
0.59216195,0.66717333
0.83136809,0.76567328
0.84617692,0.87568682
0.95184040,0.93506479
0.71629930,0.70934904
0.87952781,0.90208632
0.43028250,0.35040271
0.80215406,0.85967463
0.81929040,0.82354587
0.80132419,0.61100799
0.57367527,0.69261646
0.92359269,0.92561406
0.71515310,0.67673612
0.90131879,0.86098039
0.89520222,0.97058821
0.74961019,0.73329091
0.58087188,0.55677921
0.63098133,0.68556148
0.96858525,0.90425187
0.99344563,0.93237972
0.85044611,0.92176437
0.70960057,0.75551468
0.93908322,0.94066691
0.81144822,0.91112089
0.77449214,0.79359227
0.65166920,0.65434331
0.58474386,0.66588682
0.83355939,0.88086140
0.80676198,0.86908519
0.91469443,0.92590219
0.42564550,0.27918723
0.76979363,0.75859374
0.52668667,0.60708481
0.79402673,0.88536286
0.78779340,0.82017541
0.86711907,0.85367477
0.45340657,0.29310322
0.69494408,0.75720918
0.80579317,0.84809572
0.90772974,0.90018588
0.81090546,0.90471417
0.80405974,0.83271801
0.82750881,0.92495608
0.82724202,0.80089670
0.45390946,0.62819201
0.80803740,0.87680167
0.35410580,0.18476626
0.59588039,0.65500969
0.82012367,0.86213160
0.93609571,0.88749844
0.74430943,0.68462902
0.80315423,0.60758698
0.42943397,0.44687781
0.62449968,0.54361302
0.76534951,0.89737171
0.41692090,0.33808678
0.91761351,0.93352044
0.80190158,0.88174605
0.70688707,0.67734772
0.54796737,0.60252136
0.55779886,0.47512907
0.74698675,0.71401262
0.89299309,0.85995477
0.72352588,0.70470148
0.58327162,0.72416669
0.92216301,0.92451495
0.86287951,0.89092827
0.67240971,0.48940939
0.91108859,0.85253119
0.75704914,0.72226584
0.78559339,0.82371795
0.78490961,0.72313339
0.72941518,0.69491524
0.47625917,0.28302512
0.90304959,0.66316849
0.76762247,0.78918386
0.76333523,0.86122358
0.67744851,0.61486304
0.99753952,0.93851012
0.82120335,0.86617076
0.32818753,0.21854033
0.91208923,0.86709678
0.62554580,0.44594145
0.59513611,0.70934421
0.79840124,0.57563108
0.67742574,0.84181809
0.87824237,0.89143956
0.38031301,0.33776334
0.97252870,0.88076925
0.76586199,0.62833571
0.61436337,0.65507013
0.46821591,0.54255599
0.87771416,0.94780439
0.83330989,0.84815168
0.86732423,0.96512538
0.89960957,0.94533569
0.25235382,0.13820100
0.54692864,0.63128549
0.90872240,0.87087184
0.74077022,0.77670741
0.66666579,0.57333332
0.71359038,0.73601484
0.60261726,0.60244495
0.98045409,0.93458170
0.69416946,0.74855393
0.88515961,0.85432756
0.95835960,0.90358436
0.48325866,0.36324245
0.90123516,0.90914899
0.45805478,0.23429488
0.59013450,0.67422217
0.82015532,0.91130614
0.83104336,0.86633402
0.52057475,0.45963559
0.78493726,0.93364704
0.86526918,0.90337920
0.83995032,0.88635087
0.85119760,0.86596137
0.14435622,0.14238474
0.75298488,0.67353058
0.73820996,0.65959710
0.75503099,0.68902355
0.87508988,0.94130772
0.88134682,0.93890327
0.72838110,0.83010000
0.83539343,0.76870990
0.82074702,0.78508079
0.34270710,0.20129573
0.75895876,0.73593277
0.61855656,0.69652408
0.86674511,0.89276779
0.93435478,0.95815170
0.72555983,0.85358393
0.87085783,0.95081967
0.66267014,0.87386876
0.91107512,0.92785192
0.84931147,0.82240474
0.51654899,0.51847291
0.51082247,0.54570955
0.91822362,0.91483933
0.93946517,0.96159512
0.99736071,0.91969699
0.85313785,0.77557325
0.96876085,0.94213098
0.44716823,0.59547079
0.59119332,0.63316905
0.83959603,0.85747862
0.81076789,0.88942462
0.77500892,0.76581365
0.93005848,0.92413795
0.84705949,0.86388087
0.82327354,0.90184408
0.98948419,0.94159889
0.57873094,0.47769994
0.47706667,0.51582682
0.65786743,0.65855271
0.65126431,0.55837613
0.74927616,0.86041665
0.94158036,0.81261653
0.65906131,0.64788085
0.83096766,0.90757883
0.61499995,0.68867254
0.24278362,0.27033615
0.86247122,0.86742425
0.97860885,0.95296687
0.87862241,0.87668997
0.61492378,0.70405483
0.93391776,0.90872830
0.40640670,0.26891235
0.37918887,0.28844616
0.94846988,0.93867528
0.96782398,0.95836520
0.91529202,0.85400099
0.60967666,0.64777327
0.87998724,0.94413793
0.24115878,0.58318377
0.83629334,0.87031418
0.88263774,0.90730679
0.88018727,0.89260840
0.88492817,0.85858172
0.58900940,0.44202900
0.38719666,0.22620282
0.92235231,0.93948317
0.93741655,0.95407110
0.82500196,0.85167789
0.53990752,0.31044713
0.55201322,0.53255486
0.77836299,0.65804696
0.47327474,0.71916008
0.87484705,0.82708436
0.82334816,0.90111095
0.89810264,0.88809043
0.47064984,0.61163920
0.42320716,0.29148528
0.81541342,0.84470338
0.70353663,0.76190341
0.64808881,0.67272520
0.87628579,0.96080023
0.85653532,0.93525702
0.88087702,0.96389180
0.66963089,0.64065313
0.71647394,0.72689146
0.86688715,0.77282280
0.55869484,0.57794201
0.19724458,0.35547245
0.82024848,0.93001091
0.79941750,0.76111454
0.52598816,0.52020627
0.25906345,0.17866541
0.75189114,0.69835669
0.72020209,0.33899325
0.76651418,0.67985255
0.94576406,0.92778361
0.20574561,0.10347844
0.87986541,0.86087668
0.90599215,0.91655713
0.58560193,0.68643981
0.73612785,0.61396575
0.69576752,0.78740156
0.86414874,0.83333802
0.49223831,0.77130038
0.90506268,0.94031703
0.74209261,0.91185915
0.92114776,0.83411217
0.44195056,0.89218092
0.76034546,0.73265839
0.96408796,0.94374889
0.91534126,0.89110535
0.53398228,0.51438850
0.72096372,0.74140918
0.65795445,0.72272569
0.25061193,0.25613412
0.81780791,0.91926461
0.56953335,0.67595762
0.40101638,0.35258478
0.71425974,0.75138831
0.85266542,0.97033179
0.69550872,0.56723893
0.29874709,0.06769641
0.91630340,0.90299064
0.59349406,0.75866234
0.51978230,0.55458927
0.58351123,0.64275974
0.72531742,0.78007442
0.90967739,0.93749142
0.30247551,0.33064476
0.14779913,0.13935617
0.73875785,0.76309842
0.79972374,0.70236617
0.79138243,0.82342285
0.87237287,0.96078664
0.81340945,0.61427450
0.66511250,0.86798906
0.69121480,0.94516754
0.75892687,0.86344659
0.90002263,0.78021848
0.85038710,0.88256192
0.83633864,0.92800957
0.59510100,0.70984000
0.17011604,0.19401021
0.98072696,0.93364310
0.78338647,0.85556608
0.79878116,0.82829678
0.75005662,0.86018974
0.89647520,0.93216723
0.80533582,0.83884478
0.81317687,0.91721135
0.81657934,0.85417455
0.58422559,0.44195944
0.69167745,0.63091153
0.86842012,0.92968750
0.89726567,0.98076922
0.92121160,0.93113101
1.03526485,0.93695152
0.50479895,0.59340662
0.74887139,0.75494677
0.51478958,0.56511414
0.57844269,0.59271789
0.64893901,0.57225901
0.75528383,0.63688868
0.66266263,0.85099202
0.59258372,0.51166642
0.81908035,0.86235178
0.86714435,0.71102273
0.80055642,0.74606460
0.67900223,0.90601236
0.84353042,0.82942766
0.89379871,0.95560515
0.34481248,0.17277816
0.39358184,0.41530049
0.34247804,0.35408485
0.79126608,0.86810982
0.83278131,0.87404394
0.80064487,0.84020394
0.86406648,0.88895178
0.88699865,0.88835049
0.70665526,0.75410956
0.25411844,0.19355844
0.70514071,0.70774949
0.86817217,0.79755753
0.99160409,0.94196790
0.62897348,0.53551751
0.70627391,0.69441104
0.81052989,0.74720901
0.64196634,0.80436713
0.78178227,0.90191597
0.79656327,0.81031436
0.40123290,0.57670254
0.52304888,0.37342286
0.85012376,0.90213126
0.83195531,0.91887301
0.27397576,0.21821387
0.91554189,0.84253246
0.76823127,0.91629750
0.71512568,0.85547787
0.40215838,0.17727028
0.77166700,0.76651859
0.75381815,0.61042839
0.44385326,0.57232702
0.75639421,0.77196455
0.36894888,0.31979588
0.89842635,0.94718504
0.79455698,0.82682014
0.69864166,0.79161072
0.91960204,0.92636448
0.91856837,0.87543857
0.68322891,0.73408186
0.86281419,0.91348845
0.82295418,0.83029968
0.61877203,0.54387695
0.48424661,0.09005424
0.89679050,0.93725491
0.90044343,0.89542693
0.83946061,0.90824288
0.74045622,0.68916667
0.74040401,0.75555056
0.83078492,0.88198572
0.79255646,0.78076386
0.78834087,0.90701753
0.84023201,0.81612223
0.92073327,0.93109173
0.84358764,0.63605124
0.24386588,0.22940685
0.67993695,0.68094826
0.20520489,0.09789793
0.64707565,0.55041182
0.83314407,0.66631186
0.48840323,0.38241181
0.55330098,0.58136481
0.28172350,0.14239281
0.49608555,0.41961285
0.74669904,0.67160743
0.88620627,0.81496948
0.90269369,0.94230771
0.62763441,0.54797554
0.28827012,0.22549520
0.81558752,0.88494551
0.79491520,0.87281960
0.82806230,0.79909480
0.92788696,0.97513658
0.79226422,0.87907219
0.82085901,0.82881582
0.52035248,0.28370300
0.60199094,0.50191200
0.57180095,0.55876905
0.77522480,0.84394497
0.82387495,0.86643320
0.81295967,0.88522571
0.92120159,0.92619932
0.64723742,0.62764049
0.77823591,0.83414376
0.66363323,0.59026688
0.90020859,0.88969105
0.87588072,0.87930161
0.61679542,0.64108753
0.80577588,0.69405240
0.71612394,0.44936466
0.58726394,0.65328610
0.41072506,0.35587573
0.90252084,0.92472613
0.83455849,0.89193571
0.91104698,0.91976273
0.64980125,0.56158555
0.83967161,0.93181819
0.83054805,0.93839288
0.90008241,0.89677179
0.56944168,0.61343890
0.77061701,0.64621210
0.82738477,0.93771851
0.76963019,0.64251715
0.75116730,0.80676502
0.89768517,0.92940140
0.23220406,0.56573516
0.77672851,0.83414179
0.72966278,0.61239034
0.96777153,0.94537038
0.69652164,0.89517760
0.79200685,0.84082633
0.98034883,0.95478034
0.77661669,0.82629454
0.92410600,0.90221554
0.76290607,0.71525139
0.71003842,0.65284371
0.79596078,0.88858747
0.69235539,0.34324324
0.85548919,0.92129201
0.43518659,0.52965587
0.76915562,0.85662329
0.65271938,0.62984276
0.68536741,0.84014910
0.66825157,0.67456281
0.84585249,0.81367642
0.85324574,0.87737381
0.75209570,0.71979111
0.62443000,0.60012245
0.72772980,0.80896324
0.53876817,0.79903263
0.88568413,0.84898800
0.79679120,0.89979094
0.56329685,0.54217803
0.81509352,0.87184513
0.43445417,0.35023639
0.94718230,0.86972600
0.89124894,0.93309766
0.80548942,0.42963848
0.98023045,0.95238096
0.91273671,0.90292448
0.51255524,0.59359169
0.84172344,0.84764689
0.88882041,0.93941593
0.58982414,0.54642147
0.54976964,0.46075755
0.85763192,0.78745866
0.89731038,0.88140428
0.88084960,0.85532874
0.78748906,0.87586004
0.52835464,0.41097781
0.62885499,0.81294906
0.57694596,0.69873011
0.71446705,0.76341772
0.53308421,0.41939652
0.94991267,0.93331707
0.51087064,0.38063678
0.71817446,0.81461120
0.83732903,0.86356544
0.83666056,0.81888497
0.76564968,0.70126402
0.87801135,0.84600532
0.74365425,0.71799242
0.66585875,0.80576766
0.19414225,0.11573371
0.14766982,0.14471753
0.30608746,0.27370870
0.29144716,0.21802193
0.86004865,0.86745286
0.84970832,0.91761792
0.47178811,0.55567831
0.41797742,0.08684523
0.91393977,0.90174997
0.87816966,0.97752810
0.75731140,0.50587827
0.84144592,0.95787656
0.79515648,0.82811010
0.68751764,0.58943623
0.76807261,0.84034121
0.62516463,0.72468823
0.43141332,0.41787943
0.64190924,0.67524695
0.76050210,0.88715434
0.75529969,0.85143358
0.76000130,0.76572299
0.81005788,0.73267573
0.57238197,0.41130349
0.49207652,0.41253459
0.41088310,0.42333701
0.70151258,0.80225331
0.32939807,0.37073177
0.91285086,0.89083129
0.92583275,0.92635638
0.75944877,0.90638530
1.04598820,0.92786336
0.83202875,0.88932884
0.82057828,0.87222224
0.80927885,0.76081729
0.90871167,0.84429973
0.82396859,0.86156839
0.58543700,0.45977011
0.92550647,0.87298405
0.70644701,0.47832707
0.64130163,0.52225542
0.74098241,0.79806578
0.80610049,0.88583738
0.82512808,0.87263954
0.54340994,0.70811111
0.87452531,0.81082720
0.73938668,0.75315470
0.53314871,0.55298787
0.84299827,0.86960250
0.90369171,0.89337331
0.34993255,0.29517210
0.34332681,0.38227704
0.87793028,0.94754153
0.81978047,0.89941752
0.72955275,0.72067940
0.86696410,0.92671192
0.68602240,0.72892541
0.49644351,0.40477979
0.51530641,0.49698871
0.61928457,0.22254266
0.91078103,0.91021466
0.62185645,0.75062531
0.87287414,0.89143640
0.91529679,0.92778337
0.93822592,0.84831065
0.77583086,0.81224483
0.72516549,0.76156652
0.82128680,0.82895660
0.53511661,0.54846936
0.96719086,0.93164825
0.68233085,0.79267889
0.30906612,0.17075326
0.55998701,0.27600297
0.92224097,0.93757331
0.91595376,0.71526593
0.68503046,0.66985452
0.54158533,0.41604635
0.82088113,0.81719166
0.22463757,0.21320389
0.67091626,0.72617304
0.96097732,0.94099051
0.70459306,0.75108284
0.49972004,0.46733695
0.04834676,0.10089324
1.05887425,0.94463146
0.74854374,0.74892473
0.77354920,0.84465814
0.53438246,0.58803153
0.74796104,0.78171647
0.75517964,0.86781013
0.43311769,0.48348597
0.78243876,0.89264327
0.62774491,0.50515997
0.95080602,0.91790068
0.34400010,0.32206389
0.83739674,0.85796642
0.67639327,0.50573266
0.21681197,0.20284900
0.86729664,0.87166619
0.82718092,0.93390751
0.88378274,0.99810249
0.58476216,0.66365343
0.55208981,0.42079458
0.76228738,0.71060944
0.82629263,0.93063945
0.75087881,0.73101854
0.86366105,0.95595813
0.73306906,0.61693120
0.73821318,0.85039145
0.99505258,0.96496212
0.45363915,0.24882154
0.85812116,0.92705601
0.81615436,0.88428366
0.40651667,0.38980940
0.84051633,0.93256634
0.96123064,0.83937222
0.75250065,0.72542518
0.67469275,0.67465597
0.65637332,0.82082480
0.86266148,0.90278625
0.82220173,0.89822596
0.68624163,0.68520772
0.58831155,0.38532355
0.60188878,0.48704740
0.82561862,0.83126938
0.31090510,0.18162036
0.93017340,0.90208477
0.80558527,0.77817488
0.85273993,0.97225618
0.20971124,0.19789402
0.94184625,0.89963681
0.87408841,0.94377440
0.81328428,0.85839826
0.64489639,0.61078435
0.51456887,0.61413044
0.93532562,0.93711191
0.87909675,0.76545084
0.93902445,0.97058821
0.36474353,0.36443609
0.44352227,0.36312521
0.81480968,0.76708263
0.56387758,0.52937502
0.85205507,0.79024607
0.82704270,0.89081454
0.86395204,0.86110950
0.70827913,0.75369942
0.33071408,0.35006940
0.96699047,0.94548410
0.80754507,0.66498518
0.74395347,0.81830639
0.80192971,0.82892108
0.77006274,0.88184768
0.43983480,0.27616072
0.81368876,0.79850364
0.86162949,0.89065719
0.77287817,0.93086231
0.88203633,0.72998244
0.82958406,0.84679800
0.49686709,0.21632653
0.34280849,0.33326069
0.33124873,0.19183815
0.52367365,0.48743087
0.88796091,0.94407952
0.90601349,0.89401984
0.79941738,0.81552893
0.76826549,0.92807019
0.84578216,0.78325993
0.76874387,0.86732459
0.78317344,0.77313966
0.81963670,0.77454948
0.64129233,0.74046820
0.80444193,0.85392076
0.75288445,0.83129698
0.87292194,0.83756614
0.93247592,0.93528140
0.89976108,0.88186926
0.74019146,0.79381973
0.69585592,0.69688696
0.97008872,0.91922879
0.85625660,0.92652273
0.89516056,0.84664577
0.77643037,0.76540387
0.79121935,0.89585638
0.87405992,0.93859649
0.39725739,0.32080314
0.82336068,0.77245408
0.91184127,0.91573280
0.65558189,0.64191377
0.74779189,0.85057473
0.13324830,0.14787246
0.85167146,0.84416056
0.81104195,0.79087746
0.83243871,0.89317387
0.65210927,0.64391613
0.81171679,0.88299233
0.49080944,0.43194795
0.73079860,0.67963105
0.76337528,0.65176547
0.74709213,0.82643163
0.77760935,0.75226355
0.77821577,0.75716102
0.61238658,0.44025022
0.59084785,0.60747039
0.84412396,0.78223419
0.89753801,0.86879975
0.75065398,0.76255196
0.89715981,0.88927275
0.94738424,0.96808511
0.53039646,0.54241073
0.80628586,0.75661653
0.45387590,0.09863760
0.51095450,0.55715907
0.80108929,0.73624593
0.78291774,0.79540890
0.61439586,0.71696526
0.70939022,0.59149587
0.93686688,0.93978560
0.78284490,0.96419412
0.73107469,0.69525450
0.84531021,0.49738893
0.75398624,0.76723981
0.97942293,0.95720690
0.90855145,0.90099812
0.85876894,0.95794469
0.27432185,0.30288059
0.64540911,0.71082675
0.81634808,0.86419159
0.65668285,0.65958905
0.93630719,0.85815513
0.74616921,0.74333793
0.73124349,0.66988039
0.63333821,0.71070814
0.75922859,0.94148535
0.60079408,0.81313258
0.80795050,0.79290372
0.77930450,0.64735752
0.79781544,0.79436970
0.86482346,0.87596530
0.94706511,0.87224531
0.92548013,0.95764995
0.44907874,0.36092472
0.72462201,0.62922239
1.00415015,0.92874461
0.75833631,0.74860299
0.72911441,0.70526314
0.83753371,0.89749998
0.37999490,0.37449864
0.88587880,0.95026022
0.62792325,0.32028005
0.57813537,0.64425415
0.94996679,0.96162230
0.85973406,0.76695514
0.72013330,0.77394414
0.49714974,0.63053328
0.93319619,0.95596242
0.78853476,0.76823986
0.75478804,0.75105363
0.43790147,0.32566988
0.71108878,0.68333334
0.63199884,0.69332433
0.07219386,0.08037448
0.86546397,0.89220911
0.91492271,0.96814519
0.86220837,0.84479272
0.82448065,0.79338527
0.87822330,0.94954646
0.54792029,0.43284315
0.81106937,0.69583505
0.94260037,0.89440757
0.40267071,0.36039910
0.42540276,0.35332921
0.78584909,0.68539518
0.69199413,0.74256802
0.69043893,0.48081312
0.71199822,0.53971231
0.83316815,0.72615498
0.95274782,0.92392248
0.94634986,0.96382010
0.68861532,0.73432392
0.85272193,0.86331171
0.87153697,0.78166544
0.82898343,0.89899069
0.69551075,0.76608050
0.79095423,0.86064786
0.74788111,0.82148719
0.53506804,0.58672035
0.96465099,0.93351567
0.39466274,0.42465344
0.50049925,0.68576086
0.56491423,0.52576363
0.75415957,0.70784760
0.82087290,0.53574198
0.83761311,0.91157508
0.82629669,0.74523485
0.92893255,0.91091871
0.76419580,0.82977635
0.67473340,0.81792766
0.86001718,0.88826263
0.71867466,0.72435689
0.74629188,0.75868577
0.67392302,0.67637467
0.81386685,0.99567723
0.95348549,0.92606348
0.60549772,0.57397401
0.84618109,0.90356058
0.80379975,0.71961153
0.71178854,0.79880536
0.60560536,0.50130612
0.93784475,0.93789756
0.89210939,0.95311296
0.77973664,0.81991476
0.77468628,0.72814614
0.73497319,0.71362889
0.78870201,0.83389235
0.85643178,0.83451200
0.85705221,0.78860199
0.74325049,0.73657191
0.88764453,0.84061986
0.83066177,0.94540530
0.80059624,0.80648643
0.27055436,0.31366667
0.84325218,0.84796661
0.80769682,0.73351729
0.53309447,0.54718840
0.89684796,0.88162988
0.78335810,0.81057250
0.87653494,0.92400765
0.63806725,0.57354552
0.87382078,0.87233663
0.47222340,0.50428438
0.51925063,0.13711420
0.33012813,0.32454872
0.82793939,0.89262384
0.99865758,0.96363014
0.25437242,0.19509904
0.92151380,0.99425286
0.62581873,0.72651094
0.74261379,0.60988230
0.61114389,0.60228240
0.71636450,0.88930732
0.92882228,0.86408865
0.53598899,0.34537953
0.73570675,0.84377444
0.98937893,0.90561378
0.20953172,0.13695097
0.36529791,0.50378859
0.85541475,0.74292064
0.85398984,0.79004449
0.29179591,0.24258862
0.74134505,0.86763489
0.86856884,0.94272786
0.91237688,0.87228262
0.90812957,0.93089473
0.70844662,0.82659674
0.72594953,0.56715345
0.54440159,0.43750000
0.57207066,0.64929664
0.76068604,0.87730443
0.77608502,0.87369418
1.02400255,0.93460876
0.75036240,0.83190787
0.94198155,0.93884945
0.85755777,0.93355179
0.87466645,0.68113589
0.79651797,0.92294228
0.86701500,0.92998475
0.67952824,0.72939563
0.86726499,0.81197727
0.83836818,0.93533128
0.67859387,0.66155618
0.78723681,0.83815289
0.61175287,0.64594233
0.52520907,0.42381462
0.42146826,0.33714616
0.21584176,0.19290447
0.84313881,0.88418782
0.71581197,0.52502614
0.27123806,0.22745098
0.80181408,0.81343281
0.42916876,0.29205781
0.86161697,0.87623543
0.60283804,0.67069441
0.80695641,0.84294069
0.95064008,0.93773043
0.83209443,0.81463414
0.89364803,0.94401836
0.91086322,0.86678141
0.82981503,0.87521613
0.61892444,0.57271230
0.46550640,0.53940362
0.66265762,0.71821153
0.83162582,0.91012084
0.48958093,0.47917229
0.83677042,0.98165137
0.82463682,0.91362369
0.84631813,0.85909718
0.63134193,0.54266471
0.84073371,0.91173846
0.86519259,0.90658933
0.85891342,0.86791629
0.94295806,0.95744681
0.72526836,0.58418125
0.85054159,0.82290292
0.86057866,0.87208658
0.71962130,0.74011052
0.45713392,0.60045093
0.84145761,0.83905226
0.71174335,0.65093398
0.85170293,0.90899503
0.58736479,0.69546163
0.48481485,0.74472129
0.80140078,0.88727701
0.68547428,0.73769182
0.77848804,0.73922074
0.65240914,0.76217532
0.99360168,0.93277627
0.81201053,0.83050299
0.91215587,0.90052283
0.19700897,0.21194558
0.28621072,0.17284226
0.91256857,0.77059960
0.82722270,0.91963649
0.86556101,0.89316058
0.88346303,0.86691087
0.82017481,0.93498981
0.75651753,0.82219505
0.51937449,0.58228850
0.70088226,0.70582694
0.94833291,0.95121115
0.82138658,0.86135387
0.52609748,0.56164718
0.30102283,0.30777812
0.83980858,0.91045171
0.81431150,0.89441824
0.82351178,0.84645456
0.77457529,0.94160479
0.95915985,0.91924030
0.84795928,0.90334094
0.66389012,0.61994076
0.51364559,0.40143004
0.83034563,0.81551468
0.66430038,0.78577238
0.26847833,0.20197700
0.78352213,0.66645622
0.62371171,0.78876680
0.89944792,0.89681494
0.99766982,0.90065694
0.87569511,0.84817350
0.75976229,0.47467282
0.78292412,0.79190505
0.51571608,0.28224444
0.49759758,0.76277483
0.85006756,0.91742486
0.80818093,0.83657098
0.81715536,0.82361144
0.80671060,0.68787706
0.77022094,0.91034049
0.94844818,0.96686637
0.65534425,0.61069554
0.79292750,0.83503401
0.68382448,0.69078428
0.89968145,0.91370666
0.91197956,0.84787780
0.87793702,0.90089047
0.81912553,0.82089055
0.92909712,0.80405194
0.83917117,0.93518662
0.97509789,0.97240955
0.79128957,0.84013987
0.87206089,0.87225527
0.96494734,0.92179430
0.94028598,0.92888987
0.21666938,0.45072746
0.87102222,0.85822284
0.85246289,0.85104918
0.71295917,0.76822382
0.86501950,0.82194221
0.71125692,0.59787560
0.80592334,0.84872788
0.72818887,0.83742207
0.40538514,0.34439981
0.97676575,0.93610096
0.36273575,0.26666668
0.67260796,0.62235463
0.57546991,0.60673052
0.43214574,0.18010005
0.88096547,0.84380031
0.87880504,0.92732280
0.82605577,0.83649731
0.81479359,0.90593380
0.64461064,0.70613438
0.92143404,0.92788690
0.49874106,0.48370764
0.88707936,0.81176519
0.68839115,0.77148271
0.91119754,0.96093750
0.96760011,0.90387791
0.81652391,0.84759659
0.79879677,0.89461780
0.97367001,0.94208241
0.90687072,0.95119363
0.90933686,0.90923703
0.95939660,0.98130840
0.65913814,0.56146836
0.91000032,0.91173589
0.64736396,0.50154185
0.71514416,0.58893472
0.28244388,0.14646147
0.56223559,0.50424671
0.56962150,0.41088435
0.44011536,0.29401568
0.41163412,0.48030955
0.34281522,0.07546584
0.71290886,0.74223316
0.71468830,0.87124062
0.87848175,0.91920114
0.76446569,0.74406934
0.94564676,0.92366052
0.71263683,0.64682537
0.60629213,0.60321188
0.51733202,0.37818581
0.74772364,0.62571734
0.82172495,0.91259533
0.67927271,0.72680253
0.76172042,0.66029036
0.89739668,0.87170118
0.73729551,0.76955587
0.91536748,0.93319839
0.69161314,0.85587108
0.59350264,0.58505511
0.85905433,0.96349204
0.62366128,0.61569321
0.68283290,0.69259226
0.63880068,0.66327536
0.87267625,0.91928649
0.98764658,0.95802468
0.88878250,0.90012270
0.99159884,0.90114379
0.57588506,0.20503296
0.36687404,0.35523197
0.41631329,0.26745707
0.85293317,0.90437460
0.78196734,0.63581181
0.68023288,0.61104149
0.85907280,0.93285304
0.47240096,0.81210190
0.51607114,0.47129482
0.81388867,0.81258750
0.47447428,0.45364729
0.89826930,0.98169702
0.71759593,0.78268450
0.61260200,0.61704546
0.93040931,0.88990861
0.82285631,0.97045207
0.72261822,0.70130837
0.91237879,0.89285284
0.70990753,0.62724870
0.66971046,0.56385195
0.40084225,0.25637975
0.74713504,0.79500234
0.80450141,0.69508725
0.59626502,0.63013417
0.88286388,0.98334062
0.49010679,0.69055158
0.86739033,0.92383808
0.90876091,0.94218361
0.85651791,0.86891854
0.87455314,0.86367422
0.60275519,0.51754659
0.65462577,0.78297937
0.91348076,0.93371862
0.91318297,0.90143776
0.82709575,0.91566491
0.39783937,0.30468205
0.58848453,0.56979698
0.34205109,0.23250675
0.98148239,0.86995327
0.34447324,0.41469720
0.91181612,0.93900478
0.53831971,0.43546876
0.74425650,0.77786911
0.55380893,0.69936556
0.88170600,0.95305806
0.78871953,0.76403230
0.84613019,0.80402207
0.67869294,0.75223839
0.77880764,0.83078456
0.84410596,0.78764856
0.99016881,0.95811826
0.66383505,0.65855736
0.94674706,0.91666669
0.16150239,0.07999019
0.78332567,0.76587898
0.77544212,0.61953080
0.74351919,0.75495642
0.84632051,0.95080733
0.77920544,0.77038592
0.73512900,0.80060756
0.65304214,0.74267250
0.80346000,0.79971099
0.86665678,0.91238075
0.23842479,0.22217397
0.88315272,0.87666112
0.60145330,0.74300504
0.58912480,0.45698714
0.34956580,0.36278734
0.55706477,0.37106428
0.59818351,0.71309465
0.60493481,0.44977465
0.62012470,0.59016037
0.95395219,0.91565895
0.91686225,0.91120613
0.86806107,0.91013020
0.92967534,0.89345205
0.75245881,0.80820620
0.83023608,0.86757928
0.79440999,0.91666669
0.74640334,0.85315496
0.97401607,0.87983447
0.47831222,0.49665090
0.91335106,0.95381582
0.84051520,0.90521133
0.74624550,0.67910516
0.60473281,0.40959081
0.28360343,0.20271671
0.65649509,0.68091470
0.66182888,0.68552852
0.97074723,0.96753246
0.26670581,0.10126051
0.84907222,0.80754149
1.01102066,0.93436402
0.84935176,0.74362189
0.81064808,0.82724601
0.79132211,0.79828215
0.83285642,0.69347245
0.87732935,0.82698303
0.98252201,0.93198323
0.60243005,0.51811862
0.67850792,0.70439917
0.85239869,0.92944145
0.85784733,0.90636706
0.80040801,0.71667582
0.57581884,0.42832315
0.83612341,0.89857936
0.84892440,0.86661679
0.97515571,0.92589283
0.47990227,0.25634059
0.74185395,0.83868378
0.87318003,0.78827751
0.94716102,0.92849410
0.90484500,0.89989805
0.81413317,0.76666665
0.68125457,0.55991811
0.38408762,0.28589076
0.87883222,0.88310915
0.55568880,0.55888957
0.92842960,0.89850473
0.49923605,0.27880543
0.93124902,0.92014730
0.62281919,0.73731178
0.65543747,0.52108461
0.74090123,0.83567995
0.40933883,0.32528889
0.93237376,0.96169591
0.67214561,0.77822578
0.54113203,0.58068180
0.87606412,0.87170529
0.77527618,0.71845239
0.86835098,0.87380368
0.70647264,0.76607144
0.90502453,0.95326221
0.99383008,0.89258462
0.47218594,0.34081885
0.57483983,0.59745753
0.63271689,0.68646055
0.77600014,0.82647961
0.92795968,0.90271491
0.80541599,0.91725850
0.82908916,0.88718826
0.82172263,0.87114435
0.72443712,0.60120356
0.78642261,0.46852174
0.70750320,0.73190427
0.40481299,0.39402726
0.67260766,0.62926930
0.57555634,0.49691918
0.95706773,0.98701298
0.88961327,0.89826065
0.86155415,0.85449898
0.85427165,0.90821499
0.73016536,0.75923043
0.66236776,0.70555204
0.83354980,0.94282120
0.83541453,0.77347064
0.81176448,0.67157787
0.89875627,0.70553362
0.65271854,0.81201661
0.89253545,0.88078886
0.77056623,0.83578432
1.03787565,0.94103128
0.60355699,0.53107768
0.59568989,0.52988833
0.41853520,0.20009609
0.47835866,0.39013493
0.83639288,0.78663665
0.92202342,0.89193547
0.63934135,0.44416144
0.79139006,0.93978345
0.82081187,0.81386513
0.33098075,0.33039546
0.76851285,0.65399677
0.75833178,0.75515068
0.97896600,0.96022224
0.84691697,0.87657964
0.74668455,0.84198749
0.75494647,0.86983937
0.74198198,0.78114754
0.67840409,0.78111744
0.69853985,0.56970626
0.87575853,0.92520034
0.77635705,0.79707003
0.73624301,0.89074498
0.95201284,0.84968865
0.72818923,0.76813245
0.74423850,0.90280050
0.88264096,0.94572371
0.75494760,0.82553840
0.58062488,0.65357143
0.84611952,0.95462906
0.65439188,0.66510111
0.82806456,0.79662228
0.92089176,0.90443242
0.74681735,0.84760690
0.70788264,0.83841294
0.70787591,0.67039657
0.77235913,0.83207256
0.80656677,0.81657487
0.68569356,0.77877766
0.39610040,0.31129807
0.52264071,0.68655598
0.58549964,0.59858119
0.17083025,0.17453220
0.75729263,0.93983346
0.81112623,0.93475556
0.81052828,0.75798655
0.74503732,0.70731276
0.75977600,0.71174288
0.54731852,0.35124078
0.90857875,0.91406113
0.76061344,0.76807600
0.74997973,0.76313525
0.37041515,0.31278375
0.48648685,0.44432133
0.82457393,0.90317613
0.64704674,0.79202557
0.93257403,0.93099362
0.66033858,0.70170403
0.46028301,0.54166949
0.81205064,0.85633147
0.90027344,0.90139705
0.72260356,0.75012022
0.71379876,0.80881226
0.75524759,0.82235855
0.50080824,0.60790813
0.73366034,0.74700153
0.92716467,0.96954507
0.85284042,0.91812015
0.85122460,0.84948391
-0.02853897,0.08566161
0.85272259,0.12643468
0.67104250,0.85046059
0.82069433,0.90807289
0.93395233,0.93888801
0.68400156,0.60186297
0.88848400,0.91981262
0.69852722,0.69896704
0.68262762,0.66550720
0.70898300,0.77146763
0.73128211,0.90429294
0.66715950,0.79958069
0.36949110,0.40756464
0.68494833,0.39721471
0.32056600,0.17623153
0.75874937,0.73163074
0.89014113,0.89707863
0.84428585,0.56689388
0.74094272,0.87054497
0.77376473,0.88084084
0.91299748,0.91818798
0.89383966,0.94163120
0.99732149,0.86440676
0.71798581,0.87353730
0.45981133,0.56899458
0.44572884,0.49455270
0.65321982,0.61777139
0.62615043,0.52595538
0.67184514,0.94755542
0.49022907,0.36901370
0.84318650,0.87933469
0.80047274,0.87507808
0.89443338,0.91969991
0.94822860,0.97183162
0.78133416,0.69854492
0.87692642,0.90601087
0.94786334,0.91934985
0.77191949,0.76273364
0.83897191,0.86068255
0.85603547,0.91656953
0.68187153,0.60021871
0.88047802,0.85117328
0.75476611,0.86987966
0.77894557,0.84303600
0.61461818,0.77068216
0.62168795,0.79150760
1.02044666,0.97414732
0.82022023,0.88803732
0.90605080,0.90785474
0.66893148,0.71074456
0.72590524,0.83252627
0.59740043,0.63190854
0.75891185,0.88191229
0.19384849,0.20976952
0.88097000,0.95288247
0.94497466,0.92028987
0.56038606,0.49156144
0.79499531,0.83364457
0.87000513,0.87213224
0.88589323,0.88528138
0.77319908,0.58817035
0.32321009,0.31286803
0.52680105,0.62922794
0.62088484,0.61418188
0.66426289,0.24347527
0.15145111,0.11873738
0.75480807,0.76134181
0.41981193,0.39613393
0.63057864,0.82008451
0.75825554,0.80440974
0.46073911,0.33329469
0.84700984,0.92367554
0.81235158,0.89866668
0.54628849,0.70171762
0.50225633,0.42954203
0.64678943,0.80566639
0.77251661,0.83036262
0.93312681,0.92585701
0.81212270,0.74073303
0.72803259,0.80979818
0.82964307,0.86962384
0.77111876,0.62326616
0.84206033,0.63095152
0.87988436,0.89482588
0.79316342,0.83699787
0.52662128,0.49342829
0.85623753,0.91283423
0.82563013,0.80642664
0.51457733,0.62330812
0.92963338,0.89504141
0.92070198,0.89152396
0.79586315,0.92405063
0.22814104,0.32725823
0.39275539,0.39709273
0.83523810,0.93515384
0.86200565,0.88094622
0.86760592,0.85957152
0.32130322,0.27339184
0.95783222,0.86980635
0.84758556,0.79888940
0.38115531,0.42548537
0.87905324,0.86160082
0.43704152,0.54627961
0.73989916,0.43585798
0.63201523,0.50837368
0.88107038,0.85884035
0.91023302,0.88307792
0.32327998,0.45987770
0.87289387,0.91107064
0.31650782,0.24315847
0.83495879,0.90119338
0.78603756,0.90645260
0.63285506,0.72031248
0.93345571,0.87706041
0.76039577,0.80713564
0.81025600,0.85912198
0.78625500,0.72882140
0.90453351,0.99019605
0.74314791,0.83900726
0.58775127,0.32135075
0.50492400,0.39172241
0.73751187,0.67829460
0.49891716,0.37510505
0.88827956,0.83604652
0.87217712,0.85988456
0.54434419,0.65158045
0.27380997,0.31108308
0.53750467,0.50334930
0.85355818,0.85481507
0.79486644,0.79130161
0.84897935,0.84695125
0.57514399,0.61887354
0.21041122,0.14263675
0.60034591,0.48690495
0.80431724,0.86300260
0.50907600,0.26383927
0.53335947,0.53753352
0.80888551,0.62433434
0.59720123,0.45224568
0.96633649,0.95352924
0.92262763,0.80819237
0.61981356,0.69459707
0.57729262,0.67878431
0.89670873,0.89837396
0.99565899,0.95400435
0.86730218,0.91041696
0.81856060,0.75858337
0.86469185,0.82003665
0.72166538,0.70340455
0.65077221,0.48337805
0.52824348,0.37991992
0.76512945,0.86611974
0.72247219,0.58784384
0.57985407,0.75064933
0.83868039,0.90627605
0.59500444,0.65292746
0.94301140,0.91074139
0.65097523,0.76752019
0.73089641,0.87040246
0.73760486,0.61211991
0.43054828,0.43487820
0.79668128,0.90623552
0.87414265,0.89944851
0.71558750,0.84052944
0.34012988,0.26004007
0.75404108,0.84988815
0.62109101,0.53417081
0.86548227,0.83466578
0.72519720,0.52981442
0.81789064,0.86218321
0.73852694,0.81845027
0.91921234,0.86103523
0.56058037,0.51631916
0.71494472,0.83559859
0.69421244,0.18303572
0.64737248,0.93627453
0.94357455,0.83944249
0.83366752,0.84463322
0.28579199,0.09526616
0.93300980,0.93244487
0.79042554,0.77100843
0.89478874,0.94883019
0.97563267,0.92723972
0.78180707,0.68794161
0.92087138,0.86485237
1.02466953,0.92160589
0.80264384,0.89840817
0.80029345,0.92906165
0.86219698,0.75259233
0.79073191,0.61574060
0.66442811,0.59257960
0.88094676,0.79675978
0.63400674,0.59789425
0.89652056,0.93469661
0.82567751,0.54686409
0.97725713,0.93159062
0.71295458,0.70015490
0.69247258,0.86223722
0.82282203,0.90609950
0.87286866,0.94830412
0.85923582,0.94938821
0.42170155,0.35658288
0.74994057,0.71201617
0.48333773,0.45272169
0.67519116,0.82881021
0.42200986,0.37209436
0.81176007,0.92400002
0.71473730,0.68304229
0.85114884,0.71880341
0.99757206,0.88179296
0.65017426,0.76571894
0.67450809,0.77197582
0.56241453,0.57446116
0.25876611,0.32542616
0.76932967,0.65605420
0.78967869,0.61134416
0.50894564,0.58115762
0.94677180,0.81293952
0.71879363,0.60676390
0.90539551,0.82358974
0.78855848,0.85777777
0.36882630,0.27318868
0.55588782,0.81480813
0.79102790,0.87839675
0.52156633,0.29782945
0.20732565,0.04680178
0.16237584,0.06657046
0.79179358,0.90623760
0.74282324,0.81647158
0.71322656,0.58619440
0.87032664,0.92981434
0.90746462,0.95986170
0.70671803,0.74702710
0.58368349,0.64082605
0.89443552,0.76300967
0.86788303,0.83017105
0.88023245,0.84848541
0.76834357,0.79630065
0.81929493,0.79869944
0.61971939,0.59406590
0.75975680,0.79819822
0.84959316,0.81499010
0.98528767,0.91630435
0.49110329,0.34444845
