Predicted Score,Actual Score
0.88768518,0.97402596
0.63159686,0.73417723
0.36228651,0.12823969
0.86886907,0.81259978
0.86578405,0.89496130
0.50556201,0.47500202
0.88592720,0.90291262
0.88694334,0.96124291
0.88489789,0.89341539
0.88894933,0.88575649
0.80019915,0.89799571
0.89841908,0.90173441
0.87298346,0.87073731
0.90066361,0.92330921
0.53747571,0.56876683
0.77168131,0.75344354
0.92734247,0.95312500
0.91094619,0.91624480
0.75874537,0.69825709
0.56779438,0.67295039
0.90998089,0.92591548
0.68145955,0.83874792
0.73520815,0.67183489
0.89524198,0.87838751
0.84471476,0.85806680
0.47360489,0.67744184
0.63236851,0.64183676
0.88932806,0.90314204
0.68532151,0.39795625
0.23617387,0.23219927
0.76571584,0.73923182
0.59949243,0.62878650
0.87117600,0.79866892
0.92932868,0.93340164
0.79555374,0.76762378
0.86611074,0.87750590
0.61732697,0.70610350
0.91563416,0.87274390
0.78395534,0.77471316
0.79396337,0.74017882
0.59170669,0.53162020
0.80539763,0.85185730
0.89670777,0.82243454
0.90858310,0.96494067
0.77290833,0.68949252
0.80554736,0.84601575
0.74476200,0.66256118
0.91678786,0.96178091
0.88517284,0.89498997
0.59511185,0.60363024
0.93779159,0.95655042
0.65847039,0.52236116
0.77544886,0.77376813
0.89033210,0.95441693
0.66789711,0.69354075
0.56126404,0.63580692
0.85543031,0.84415495
0.53868872,0.40421757
0.67765242,0.71092772
0.40524793,0.48772570
0.89364493,0.92003518
0.63925105,0.80931371
0.80559504,0.81769353
0.53897429,0.58732945
0.84997773,0.93263525
0.92412442,0.92334527
0.80486023,0.86228913
0.48187977,0.61061680
0.90949923,0.94150591
0.90152526,0.93775851
0.74285030,0.77325583
0.66809368,0.75315696
0.94939691,0.94875002
0.91821975,0.91922528
0.07279888,0.08555707
0.90774781,0.91582203
0.72357178,0.45671695
0.87359530,0.90770239
0.86143804,0.85985541
0.61625731,0.62730861
0.79482454,0.72826087
0.86199731,0.88688642
0.69625533,0.71479058
0.55696619,0.36846665
0.63291979,0.65540588
0.68240494,0.68428475
0.86575061,0.84891218
0.86663640,0.55244505
0.83452612,0.35617423
0.53115040,0.50777072
0.80549008,0.85436708
0.77198577,0.79423076
0.83062458,0.89748764
0.79230642,0.83244783
0.92361844,0.92120171
0.82831049,0.88900036
0.78568840,0.84893095
0.45489079,0.26438427
0.88762277,0.93618190
0.74728912,0.71952027
0.66252995,0.70891517
0.86660010,0.93338555
0.83706689,0.81782299
0.76208401,0.82515365
0.92827380,0.93354863
0.77725571,0.76575905
0.80871260,0.78066832
0.77956450,0.81996006
0.43516961,0.70684522
0.75824308,0.62531328
0.90147418,0.92056233
0.88788301,0.89564049
0.82183141,0.75606227
0.86212409,0.79218322
0.86372930,0.74072599
0.92170334,0.98071426
0.91907823,0.92811561
0.90519249,0.87471670
0.92483890,0.91462636
0.89638299,0.82258064
0.46473676,0.39279380
0.85590267,0.88937986
0.88276643,0.90602368
0.68026960,0.81310177
0.42265490,0.55831259
0.86671245,0.94914424
0.93255126,0.95865506
0.90007436,0.91876382
0.61206138,0.50917327
0.36235631,0.36498562
0.54914016,0.61657834
0.90289634,0.79741937
0.90994954,0.95239449
0.38487500,0.28675476
0.20653182,0.07518037
0.68099606,0.71153843
0.89546114,0.92348027
0.90393353,0.92421323
0.79912978,0.56428504
0.86883658,0.82616764
0.35463402,0.34419924
0.81066310,0.81334132
0.51065117,0.65832502
0.45214832,0.43220028
0.89219886,0.90905404
0.87225264,0.79105079
0.52969801,0.55054945
0.86607283,0.62651515
0.84261894,0.86879802
0.88699973,0.97530866
0.84687877,0.87283242
0.43386316,0.56747156
0.92194301,0.94212097
0.79119754,0.66474348
0.88073534,0.92114174
0.57512295,0.53451371
0.39006537,0.53433007
0.30575362,0.26161468
0.72424555,0.76617503
0.51287544,0.26211971
0.77449310,0.85384059
0.67218930,0.83106786
0.57033706,0.52025586
0.60822225,0.45982206
0.71935213,0.66571146
0.77391505,0.65996927
0.66339087,0.55469769
0.38668275,0.49744070
0.88119179,0.82678950
0.88960207,0.86687738
0.42820844,0.50203669
0.69926023,0.82179201
0.76684344,0.83482140
0.90567791,0.87538403
0.61766088,0.42339361
0.91871893,0.87560409
0.88472027,0.96667218
0.90034544,0.91998285
0.53684521,0.57792211
0.21905059,0.11602031
0.34352034,0.44695711
0.90023333,0.90727723
0.36063439,0.21682203
0.72121030,0.73896211
0.24922790,0.08269231
0.91318750,0.89456820
0.44814730,0.54569191
0.38243526,0.53317410
0.89393771,0.80749857
0.87807786,0.91145813
0.80307293,0.55948716
0.88073260,0.80233300
0.88387275,0.88644528
0.62673771,0.62116641
0.91080332,0.95716840
0.78836536,0.88170350
0.93305731,0.87957662
0.89471680,0.89387870
0.40070128,0.40693602
0.88179135,0.89572513
0.89443719,0.91693234
0.88203472,0.84765124
0.62617427,0.76251251
0.89796096,0.91515762
0.91999781,0.87500000
0.89964700,0.89019877
0.81588650,0.61056477
0.70356005,0.82854885
0.89841312,0.78734589
0.83317178,0.78923386
0.82618964,0.88581467
0.26398742,0.16648623
0.52360415,0.67439586
0.71440357,0.60586655
0.30284697,0.21057090
0.93906420,0.97528487
0.67481411,0.77255833
0.84376317,0.81333578
0.52122098,0.40319654
0.31608281,0.18734229
0.89128029,0.93949294
0.85706383,0.83993411
0.82104623,0.81172067
0.89226258,0.84017092
0.89907265,0.92468828
0.90589941,0.88304842
0.78396589,0.66082203
0.89057553,0.88372952
0.86590260,0.83225191
0.91833735,0.95003641
0.83540523,0.72066885
0.85762107,0.86759102
0.92844558,0.95790040
0.86738199,0.90465409
0.84335107,0.89721519
0.66569263,0.70557100
0.81196225,0.69692564
0.88561618,0.92170662
0.73124897,0.82425898
0.69610178,0.87733400
0.73688602,0.73381919
0.81629026,0.93076921
0.48451799,0.24927424
0.79000682,0.52957636
0.84474248,0.82738793
0.72336209,0.86590999
0.91354513,0.92802405
0.90034789,0.90368575
0.59090304,0.54557669
0.69435608,0.62063390
0.80050981,0.79854780
0.82980496,0.74737102
0.16657078,0.12833922
0.88460499,0.79881155
0.32370982,0.35335454
0.91267073,0.93185782
0.55058575,0.59370100
0.76019573,0.77021104
0.46966866,0.52511907
0.44103786,0.30528343
0.77835000,0.80870020
0.42820272,0.34392732
0.86158413,0.89617443
0.45584914,0.35266176
-0.01548025,0.07075887
0.90938246,0.87498575
0.81544137,0.88172841
0.21067171,0.12780370
0.89892119,0.90276414
0.76323986,0.83361101
0.85898578,0.88522983
0.91065574,0.95717955
0.54444242,0.46015915
0.63776362,0.38126567
0.30906069,0.25172111
0.82867962,0.80265307
0.87171352,0.76514375
0.43090838,0.07320361
0.82418686,0.89524198
0.76173317,0.73342174
0.84802991,0.80329156
0.86777949,0.85264045
0.79761034,0.78269428
0.89526069,0.87559807
0.89329463,0.90807718
0.32096988,0.36312518
0.90976858,0.80876142
0.36615372,0.25291896
0.85875690,0.86300600
0.85022330,0.79727256
0.67659885,0.61340129
0.92124593,0.89284766
0.91077572,0.91649079
0.43018237,0.55881286
0.44657624,0.54536289
0.85076523,0.75468165
0.90546405,0.94361734
0.74680114,0.59260988
0.67738843,0.64701778
0.81869715,0.71809447
0.90523010,0.93402511
0.63817883,0.58740681
0.33128631,0.41599599
0.18702331,0.14241019
0.80287188,0.67805189
0.92180824,0.80217671
0.85726964,0.66494596
0.90007544,0.95568520
0.54095793,0.61684728
0.90875006,0.88004929
0.82404703,0.88933253
0.81135947,0.82872027
0.73050851,0.80215055
0.87691855,0.80901641
0.79832977,0.82661730
0.18473753,0.11900791
0.83988810,0.87948585
0.77763230,0.80047262
0.66841722,0.46851847
0.54591304,0.57297772
0.88925713,0.71595830
0.38991052,0.74690306
0.73082209,0.73192525
0.70108396,0.75357145
0.49752948,0.57308745
0.53304744,0.62363571
0.62232995,0.65479439
0.91147733,0.93142426
0.74647522,0.83667612
0.90358430,0.89990115
0.62185502,0.67989606
0.90762711,0.94007879
0.88550979,0.91771734
0.91316354,0.91071504
0.86903846,0.92906648
0.92749041,0.91549295
0.77154636,0.66958934
0.41872320,0.41143456
0.78794348,0.88174874
0.87924367,0.85992599
0.75600183,0.13107717
0.87509322,0.89474386
0.77079195,0.68202478
0.92458808,0.94682842
0.68715000,0.63246292
0.89837831,0.62972188
0.66446370,0.37559256
0.82867384,0.80065358
0.91637403,0.92087841
0.20945051,0.36875001
0.90697336,0.91927636
0.53577572,0.46600592
0.56537539,0.61411488
0.91487670,0.89916748
0.89752120,0.92163610
0.90019757,0.93200552
0.68217206,0.61390060
0.77840352,0.65883905
0.90420854,0.67633200
0.84857392,0.86915255
0.25709409,0.15155677
0.52867746,0.49106583
0.64601880,0.69213933
0.29893243,0.24906784
0.51726341,0.54263598
0.80945683,0.77467996
0.77148527,0.68409622
0.21489240,0.29139313
0.40798026,0.51904726
0.44659811,0.38562462
0.86877239,0.84973544
0.91108668,0.95088142
0.91397005,0.94298244
0.90310425,0.86500758
0.89328110,0.90359151
0.90644532,0.87472767
0.74197006,0.46424896
0.91940218,0.95084935
0.84433037,0.77117878
0.69181132,0.58342171
0.90935373,0.91828686
0.80133855,0.80697674
0.78584367,0.71942645
0.89668655,0.93650794
0.61182988,0.57005721
0.52912742,0.51761085
0.76542038,0.75609297
0.65012860,0.45612457
0.87946767,0.73582870
0.58975303,0.38604474
0.87920839,0.90181994
0.78326750,0.73497599
0.87597978,0.88957173
0.34520727,0.34808046
0.87737936,0.92061257
0.86786598,0.90839982
0.55136985,0.55831069
0.67455435,0.72351193
0.91465235,0.93805766
0.68499887,0.64244634
0.69781029,0.32544324
0.82785541,0.73041230
0.45691982,0.34453544
0.56473029,0.50486070
0.87436759,0.78953445
0.85963637,0.94339621
0.34246898,0.30385977
0.70760810,0.64590788
0.88923639,0.85407209
0.89625382,0.91231942
0.57888287,0.18738404
0.47039729,0.45740741
0.89897716,0.96041739
0.58383381,0.72167873
0.56951731,0.42158175
0.90541565,0.91804773
0.74843895,0.78965688
0.47232556,0.52184761
0.84476131,0.87190974
0.91873628,0.94274896
0.83731222,0.80571985
0.91209364,0.07899183
0.85630786,0.60848868
0.89583397,0.89148116
0.43683603,0.51343048
0.93601763,0.92359877
0.65769446,0.79474926
0.79338098,0.88637221
0.87194109,0.98275864
0.90596700,0.89629233
0.77404273,0.89764708
0.82457274,0.84450263
0.61238909,0.61614585
0.24441701,0.17829013
0.88935679,0.92699409
0.70714879,0.81618500
0.59698361,0.53220779
0.88746607,0.92192829
0.44692191,0.33106670
0.45985055,0.44288188
0.62791634,0.56109023
0.57348913,0.43951538
0.91440988,0.92528480
0.88467538,0.93086082
0.32552966,0.26050326
0.45654070,0.56626183
0.39695662,0.36328125
0.91596514,0.92448813
0.74133617,0.82105064
0.63113880,0.68381846
0.75214678,0.82598782
0.58875072,0.50071144
0.89638853,0.94360578
0.73331618,0.90516317
0.63180566,0.72879392
0.77477026,0.76458818
0.89527905,0.88809526
0.91519761,0.92989480
0.91429824,0.98217809
0.80659533,0.86826700
0.85960603,0.56681240
0.86420119,0.85920775
0.64410865,0.57705969
0.92711174,0.88157892
0.60148537,0.78612471
0.83722180,0.94624126
0.64252913,0.54118794
0.78666520,0.63134241
0.57365024,0.87279165
0.44865727,0.31614673
0.87185156,0.86965811
0.87383616,0.88306868
0.87315518,0.92385060
0.75491846,0.76888734
0.83617258,0.84614265
0.81443810,0.72766995
0.09186122,0.11512188
0.92837203,0.93403876
0.85763884,0.82826018
0.89895564,0.87306368
0.87687922,0.87089950
0.72778201,0.75645971
0.86796963,0.85018182
0.83232981,0.66416782
0.70574832,0.75797015
0.35586524,0.25341764
0.37183988,0.61868542
0.89537555,0.93299794
0.55068094,0.53369093
0.39130121,0.50543553
0.89611030,0.94818151
0.71272385,0.89948452
0.88905722,0.88830614
0.68935156,0.55795473
0.85232127,0.71386105
0.72694772,0.76758122
0.79002333,0.75173992
0.81987023,0.67453843
0.16445863,0.15517631
0.17473015,0.08621617
0.86158955,0.87846482
0.87911248,0.77368772
0.34014362,0.32831958
0.61363399,0.69556928
0.79233599,0.85143918
0.80516607,0.96383566
0.81578696,0.91259277
0.51337439,0.42557567
0.91825181,0.88128066
0.65141988,0.73436350
0.85780507,0.75521260
0.91591954,0.94178456
0.86097091,0.83820224
0.76550186,0.90534252
0.88839221,0.90604395
0.59952617,0.54397857
0.31595200,0.34042621
0.76481122,0.74213564
0.39021096,0.46721312
0.77130210,0.83787876
0.84270185,0.77691257
0.64116001,0.78463358
0.75885552,0.54062980
0.57584226,0.56309479
0.89768398,0.90254986
0.68793708,0.81804323
0.85645622,0.88422751
0.81890094,0.82250792
0.62617868,0.68953943
0.90719903,0.90570074
0.92157632,0.94573575
0.91722035,0.98872048
0.36401510,0.28900936
0.86699510,0.79104477
0.90957403,0.93850523
0.92113543,0.89795154
0.86463147,0.83737725
0.71941125,0.74095714
0.31598085,0.33032396
0.42170203,0.34530908
0.85690582,0.80003738
0.77786303,0.74438637
0.83731067,0.86483365
0.73471630,0.16271827
0.35649851,0.27488452
0.86230081,0.97891808
0.73756248,0.81934381
0.75931382,0.87059790
0.70726550,0.53162599
0.81195539,0.89136720
0.76715738,0.78222442
0.72432274,0.87974375
0.21871342,0.17347129
0.87839478,0.78741497
0.37631506,0.57768714
0.85188556,0.66176468
0.72384548,0.37600806
0.69412333,0.90059763
0.90910184,1.00000000
0.68413705,0.75333333
0.49494296,0.51879370
0.83162475,0.87455761
0.79427046,0.88170165
0.24424283,0.33645615
0.89565599,0.78451216
0.88679504,0.87897205
0.47146291,0.37231278
0.54953498,0.65100884
0.87378097,0.98514849
0.32585630,0.34342417
0.90732139,0.94150341
0.84098810,0.86278194
0.74879599,0.73398250
0.39751345,0.18351649
0.89222085,0.17508772
0.70383126,0.54235989
0.82481426,0.88377446
0.89983231,0.88747102
0.84342206,0.68725389
0.89276016,0.94704670
0.77306628,0.76789868
0.89863461,0.90375656
0.53717470,0.38664913
0.65806806,0.58123970
0.91744143,0.94471526
0.60445136,0.58785385
0.26194328,0.13317041
0.83416605,0.82111031
0.77501875,0.81927550
0.77875233,0.50737178
0.32472229,0.35793820
0.87494063,0.94668913
0.66839236,0.78106236
0.66981304,0.76445186
0.80373073,0.94601381
0.87608570,0.90634274
0.66503310,0.68380833
0.90576398,0.90094048
0.43043658,0.20601732
0.70935535,0.57549256
0.35463151,0.40170914
0.60272467,0.56870341
0.82880557,0.70322567
0.28987685,0.56885648
0.93391758,0.95232815
0.89294767,0.97230917
0.91193801,0.90798736
0.47372633,0.50279957
0.88285786,0.93726468
0.47234654,0.47462690
0.89134371,0.98611641
0.85970998,0.84835601
0.67565382,0.45559782
0.84911335,0.90083504
0.81390285,0.91296166
0.88642782,0.94327378
0.46696770,0.16424765
0.54875112,0.55503821
0.88052189,0.91661292
0.38785899,0.45925885
0.33717600,0.29532996
0.90502614,0.87887806
0.91108805,0.90586281
0.34468350,0.17696486
0.63397044,0.82478631
0.86044317,0.86314261
0.81837827,0.76869750
0.53582788,0.53705597
0.90173358,0.92538112
0.37857938,0.56055903
0.89375788,0.88629723
0.60984302,0.75627935
0.91550159,0.93670887
0.84637713,0.82308888
0.50007021,0.40456834
0.84638864,0.91089743
0.66110134,0.78777778
0.83914042,0.92911357
0.85409802,0.69113922
0.87811995,0.90190220
0.74572998,0.63666749
0.89331394,0.85641026
0.35078275,0.17829363
0.86850518,0.69058317
0.06229171,0.15327817
0.89695948,0.90101820
0.84957588,0.91109407
0.93029344,0.95047361
0.92951351,0.92647058
0.51001251,0.68912905
0.90680557,0.92720586
0.45413202,0.42086020
0.43941149,0.27375650
0.90974867,0.86971354
0.88413954,0.89973330
0.77818626,0.79886061
0.34969282,0.43711844
0.89118320,0.98076922
0.33151180,0.10615226
0.69784641,0.83466554
0.81441206,0.88856828
0.81148744,0.94647890
0.45718807,0.43639743
0.76146841,0.55140448
0.84180999,0.87530923
0.79397035,0.78524160
0.87179554,0.91887212
0.92470139,0.96458089
0.65697300,0.73625642
0.79818779,0.62658280
0.81871599,0.84385967
0.78801054,0.15565036
0.92721885,0.95704174
0.89799845,0.89234298
0.41449165,0.52842444
0.86345023,0.87819541
0.90643501,0.88687754
0.71107435,0.73830181
0.58939773,0.52949911
0.77547455,0.71129984
0.80293268,0.86401820
0.82825446,0.84465569
0.29652569,0.62325048
0.87357998,0.70629656
0.91875756,0.96345747
0.77187884,0.85711020
0.51362526,0.42282653
0.86096179,0.83812600
0.83501422,0.91418177
0.60515100,0.53076196
0.83819503,0.76756668
0.54137272,0.48365700
0.83395147,0.84386742
0.87703598,0.87472898
0.46548158,0.43295455
0.80653077,0.15256086
0.37464923,0.56848830
0.39961249,0.46316090
0.70749247,0.84844136
0.41160184,0.58766234
0.88026804,0.93451458
0.92096871,0.94434857
0.71045375,0.87548947
0.89009094,0.66451401
0.90109462,0.93750000
0.82742804,0.87782383
0.83853817,0.77662879
0.43284568,0.52112883
0.87535942,0.74080932
0.45510328,0.35436183
0.90844947,0.90838045
0.90663141,0.86874288
0.55372900,0.40221879
0.79374963,0.68074971
0.86153907,0.27570876
0.71292841,0.65938246
0.47284350,0.75972068
0.71202505,0.72567880
0.89587927,0.92263740
0.85245264,0.90852314
0.78838706,0.77347380
0.83327252,0.90735614
0.35707891,0.39060232
0.89929509,0.93160450
0.88788104,0.93575215
0.90141642,0.95952332
0.90547252,0.92662084
0.14153415,0.13453953
0.62604976,0.80454558
0.90924609,0.97752655
0.88463902,0.84678727
0.71690029,0.82333183
0.87661666,0.93022865
0.50715041,0.61199600
0.67957783,0.77859968
0.60909015,0.80725890
0.84702080,0.83139491
0.82254410,0.83583742
0.74084461,0.87042934
0.40047228,0.70664060
0.44996512,0.36685368
0.62511766,0.74097306
0.74956524,0.79255486
0.89032459,0.84913212
0.78335065,0.71875864
0.76524842,0.67011690
0.61672544,0.32683048
0.56740481,0.55766112
0.81787789,0.85989255
0.25256723,0.19367094
0.89409262,0.93538404
0.89366674,0.90991825
0.80361259,0.68539327
0.89220160,0.91759419
0.77949202,0.72106284
0.35056740,0.32704347
0.89114314,0.93608046
0.80449092,0.86502969
0.89683014,0.95979702
0.85988313,0.84799147
0.37772104,0.37755728
0.91395450,0.95145708
0.47472376,0.56290847
0.87866223,0.91645712
0.90215123,0.95285410
0.69937879,0.62650567
0.40322766,0.32072335
0.88068330,0.89240617
0.33881715,0.35028657
0.54238063,0.71653408
0.91411877,0.88588905
0.35613501,0.26666120
0.72945821,0.74499589
0.88201004,0.83351606
0.87650335,0.96326405
0.85229427,0.90768588
0.78505045,0.94939309
0.78247720,0.85437626
0.88376868,0.95850748
0.37972042,0.54287916
0.28617924,0.36428204
0.87205887,0.88704598
0.62812519,0.43425927
0.90884477,0.94929725
0.55920029,0.71067512
0.85554397,0.63700873
0.78920370,0.86472732
0.69209814,0.71541029
0.81114948,0.63905811
0.85104173,0.80315578
0.88486141,0.88850272
0.71585512,0.66753322
0.52940929,0.44647831
0.74584746,0.62124932
0.75148219,0.87901765
0.79041624,0.78030300
0.35761136,0.52420342
0.84820282,0.92205089
0.83696294,0.78166133
0.84269530,0.73881441
0.88013184,0.84031099
0.53347713,0.63799721
0.91563588,0.94316679
0.91229624,0.93215811
0.89995092,0.89567053
0.87798107,0.25329894
0.81969571,0.86700290
0.88429064,0.95950282
0.89708644,0.88489062
0.77043694,0.86976236
0.76963568,0.76693648
0.71507245,0.30950662
0.88054341,0.72567809
0.89569044,0.97021693
0.23668143,0.21486366
0.85742772,0.78550839
0.90425444,0.93685639
0.70887625,0.49767870
0.71885765,0.69782382
0.34728265,0.25678471
0.86487001,0.86602592
0.64217502,0.55377764
0.74870420,0.62692308
0.61930221,0.46017650
0.92232966,0.92502511
0.89519739,0.88770777
0.79436707,0.82881659
0.74582195,0.50868225
0.87381482,0.92674989
0.36248910,0.36921552
0.90645903,0.90374178
0.92188942,0.88365299
0.67145598,0.72280091
0.49743128,0.36578321
0.81187242,0.84963846
0.92296910,0.95857555
0.85086602,0.91486543
0.78350914,0.82511932
0.54121053,0.54123598
0.85217577,0.87810737
0.85294449,0.88048673
0.85337138,0.86632097
0.92110282,0.89029562
0.90526122,0.92037600
0.49959695,0.57556325
0.73519909,0.68744832
0.89449930,0.90070903
0.62361622,0.65185744
0.85164988,0.84777701
0.32178614,0.32695955
0.90637958,0.99002868
0.77569413,0.69989926
0.77332753,0.71813726
0.85795045,0.61200142
0.76759404,0.49263832
0.91836721,0.94070256
0.93882102,0.96220237
0.77953362,0.85051167
0.92619991,0.91666669
0.80442297,0.77461988
0.32298076,0.46426493
0.28585032,0.17483173
0.91596097,0.88480097
0.84193289,0.83754009
0.73329294,0.84317225
0.85200024,0.83602023
0.15140375,0.11402626
0.90668726,0.95478034
0.91190350,0.91940153
0.94439584,0.97209769
0.88107634,0.88014835
0.57792622,0.51186508
0.84954315,0.92653054
0.94229513,0.96006495
0.80089653,0.67934263
0.86753184,0.71043456
0.90692598,0.92495000
0.72548383,0.35361624
0.47061124,0.50788003
0.93128258,0.98148149
0.59671599,0.68704647
0.78160477,0.86311477
0.36581674,0.52732795
0.85603899,0.88892710
0.91224360,0.95763242
0.84212160,0.80791467
0.86210680,0.83319384
0.89017439,0.81443512
0.51062256,0.68139619
0.58351922,0.74045002
0.80278271,0.80992734
0.82189918,0.87623996
0.36882749,0.67512143
0.59814179,0.60962784
0.85597605,0.94444442
0.83746183,0.91606665
0.46854120,0.35512239
0.90624064,0.90430218
0.93537515,0.92204130
0.60380626,0.55746180
0.46015307,0.49128383
0.90696204,0.89216524
0.91676652,0.95149255
0.90939760,0.98148149
0.71796715,0.94337589
0.88921940,0.80992484
0.89910638,0.90847337
0.87008840,0.92484701
0.62700450,0.26357070
0.06516764,0.08537281
0.89847052,0.93373901
0.79037869,0.87512636
0.90104032,0.91501004
0.83787566,0.95940173
0.91454375,0.91044438
0.62460899,0.59308600
0.87344521,0.90087485
0.75321251,0.61900586
0.68291837,0.82157707
0.51643193,0.52896458
0.81680685,0.73947090
0.74037862,0.79045957
0.58908367,0.54188710
0.86775410,0.87981242
0.66308963,0.65378422
0.57304001,0.61596203
0.91983098,0.94051993
0.64366138,0.74266541
0.69288903,0.64204597
0.81418484,0.88051951
0.90751320,0.89543957
0.86441410,0.81695253
0.80388260,0.91156465
0.88756979,0.64776045
0.91710091,0.92656809
0.88611013,0.93346846
0.80835545,0.92307693
0.87363541,0.91433054
0.88184559,0.88171500
0.75518626,0.78515816
0.34941426,0.21394357
0.78772497,0.71412039
0.53062898,0.37766421
0.89063525,0.86475295
0.23193277,0.16192956
0.55883437,0.68831170
0.82545966,0.87214881
0.82745922,0.77392119
0.27277052,0.17979489
0.66061908,0.87428027
0.32833585,0.35305768
0.84846747,0.92311543
0.91775310,0.97734177
0.45342627,0.44297516
0.44520384,0.58479846
0.76490736,0.77450913
0.90609652,0.91695273
0.90487707,0.95487177
0.91277421,0.94533968
0.80761439,0.80533808
0.81735259,0.94351768
0.91346663,0.93783897
0.86547756,0.89982951
0.79590994,0.69699663
0.56013459,0.49800220
0.25216499,0.21694674
0.57961005,0.17383404
0.88482535,0.82614231
0.79232574,0.87852186
0.79576051,0.92970103
0.87196624,0.92205727
0.84229648,0.79311341
0.52908659,0.51911014
0.77117151,0.67791635
0.80334747,0.69121093
0.79917002,0.77200490
0.91782027,0.96604937
0.41864452,0.38564792
0.83546102,0.81436181
0.63274235,0.62727273
0.41092291,0.46962860
0.88590842,0.94494885
0.65287161,0.77758312
0.64455348,0.64672607
0.62381530,0.74681777
0.88030356,0.90649003
0.71707052,0.69499135
0.61001503,0.55331343
0.41525805,0.52941179
0.23582551,0.12279566
0.49116269,0.20196499
0.74081051,0.66119969
0.87323886,0.80784112
0.76590562,0.62730896
0.91270411,0.92794609
0.87880027,0.84856158
0.36629418,0.30643708
0.48148793,0.55393302
0.90700388,0.93758202
0.40737495,0.32155719
0.84850818,0.81454670
0.89716744,0.89606696
0.36132357,0.36516562
0.90529573,0.93428081
0.29974738,0.23690413
0.87059534,0.84717596
0.88293529,0.91078752
0.80064738,0.90155697
0.89729065,0.91223651
0.23674801,0.26881394
0.73541456,0.84800750
0.50837708,0.42078146
0.90824342,0.92582595
0.72408611,0.61574668
0.86906719,0.91927910
0.89954597,0.95104164
0.70499694,0.85549217
0.49889717,0.62375444
0.89068407,0.93637651
0.88558149,0.89367819
0.91285133,0.98437500
0.67502642,0.53379685
0.80041760,0.80090910
0.51678401,0.51022112
0.90735096,0.90876842
0.77902675,0.91176468
0.86261517,0.95534998
0.92408144,0.93555743
0.86916685,0.86466682
0.94054961,0.95430315
0.88032150,0.93287402
0.73580384,0.78593373
0.69521457,0.69455785
0.84106821,0.91957241
0.90635806,0.94464284
0.90495074,0.93530023
0.91182774,0.90274012
0.62618232,0.45755017
0.59409076,0.56770021
0.43485516,0.36953107
0.82141817,0.85556936
0.63350642,0.62952900
0.89306432,0.92032969
0.80604899,0.78991342
0.85248339,0.79022276
0.90696210,0.93898064
0.40580779,0.61570078
0.62169695,0.61032093
0.83473915,0.80869693
0.49852595,0.52065676
0.87100375,0.88971859
0.66595376,0.76950121
0.57102633,0.74825537
0.90729409,0.92996031
0.88872141,0.85084409
0.89725435,0.92322910
0.80721927,0.86068684
0.77995205,0.82627243
0.89712024,0.87418145
0.27164209,0.38190293
0.65116060,0.70674533
0.60842925,0.45081618
0.14679372,0.19908528
0.90959829,0.93265975
0.24867618,0.13550466
0.88090551,0.82801121
0.82684690,0.82499671
0.78483593,0.82292283
0.91515106,0.61613685
0.61980879,0.41865605
0.76145631,0.85303593
0.66417575,0.72537714
0.89986312,0.90746534
0.54968214,0.65970802
0.77114958,0.79149979
0.50974202,0.51734716
0.75071329,0.70596415
0.59136820,0.86146969
0.66445124,0.59412861
0.86591792,0.90554196
0.59926760,0.31699321
0.80159301,0.79235536
0.88442165,0.96315634
0.91255152,0.95144135
0.52654636,0.69962430
0.91009319,0.93211806
0.80935997,0.79020721
0.38122624,0.13364494
0.86348021,0.89458221
0.69859022,0.70245183
0.74179316,0.88117242
0.79281706,0.81967878
0.49677214,0.45043087
0.89707053,0.92016530
0.51122165,0.74292898
0.86196721,0.86784792
0.51417595,0.48134920
0.32477733,0.38352272
0.91459888,0.90179396
0.60999137,0.62159163
0.75802320,0.82353109
0.82592732,0.74484628
0.58567768,0.46226159
0.91223991,0.94724113
0.52440447,0.64109588
0.36472872,0.63318902
0.83906156,0.87730807
0.54087424,0.54174799
0.34659728,0.26134872
0.32219571,0.39796156
0.91572034,0.96515346
0.81898135,0.84253895
0.88509673,0.89035964
0.76586246,0.68880910
0.61399406,0.80264014
0.88150203,0.94652826
0.32801336,0.40216938
0.55717975,0.32936326
0.89362133,0.88440251
0.86748707,0.91058183
0.90413857,0.95819235
0.83069539,0.80141354
0.78097737,0.81881869
0.39502332,0.33966598
0.88266218,0.83845812
0.64696038,0.72067273
0.79803956,0.71464974
0.89673012,0.94552267
0.70824707,0.82677245
0.89937317,0.89366513
0.38524622,0.44353002
0.89189404,0.86284196
0.80138052,0.90117520
0.73904008,0.67239612
0.47658744,0.45512497
0.32390451,0.41031593
0.83474398,0.85483080
0.11956966,0.12402173
0.88151252,0.87717927
0.73138201,0.76724756
0.76058739,0.74839228
0.92442524,0.95609128
0.85376602,0.87540984
0.90468544,0.89596272
0.90739107,0.78938752
0.81740105,0.86691177
0.80247575,0.85494852
0.53403419,0.39591315
0.91013432,0.92033941
0.87543631,0.88691229
0.78046298,0.17861831
0.79758358,0.77333140
0.76516175,0.77242583
0.79710281,0.90382445
0.91821873,0.96130955
0.89164782,0.90178835
0.87104630,0.86821795
0.48816860,0.51038188
0.54161519,0.52354044
0.55573112,0.39061904
0.81069911,0.78983051
0.91374516,0.90608150
0.83021361,0.86151963
0.29573807,0.16620064
0.80682373,0.81705415
0.29392195,0.14033276
0.86423278,0.94849259
0.87555838,0.93695247
0.89719594,0.90225464
0.66465044,0.68723565
0.59855616,0.70983922
0.90649104,0.93921524
0.93585885,0.97331643
0.73547280,0.94247788
0.92352933,0.94023150
0.87362623,0.89014053
0.66796458,0.58158690
0.91383886,0.95213675
0.90590668,0.96273726
0.56788003,0.29339823
0.92938900,0.94588178
0.63620406,0.35537711
0.79545420,0.90648854
0.90082675,0.92760080
0.69929421,0.61439639
0.54278398,0.61636692
0.84538919,0.82331884
0.92262459,0.95866567
0.90520477,0.87172282
0.42278841,0.44508946
0.63722384,0.71611089
0.68617070,0.74423760
0.67597812,0.72952181
0.50804144,0.41164085
0.83059645,0.82517481
0.90562499,0.94793499
0.68277502,0.72894895
0.67558205,0.77467930
0.76689678,0.75584644
0.76554990,0.86081523
0.87247145,0.79092300
0.89370418,0.95771295
0.30726397,0.23065026
0.49978307,0.40575597
0.92467052,0.91637313
0.85841757,0.85944188
0.89785182,0.82319373
0.89517826,0.87709641
0.79419363,0.85654885
0.89197177,0.81987131
0.54887450,0.75668681
0.84612006,0.96326727
0.88646686,0.90877980
0.82524616,0.78017247
0.80867648,0.89659327
0.87695575,0.45434865
0.88285094,0.93550819
0.47619158,0.33236539
0.78025562,0.67126918
0.88758397,0.86809969
0.73253810,0.76524013
0.90409267,0.95311350
0.70082235,0.70298028
0.85163683,0.63070697
0.42577761,0.38904256
0.61754924,0.67159504
0.90442383,0.89412314
0.41249299,0.78604466
0.90490317,0.89639795
0.82130349,0.90183181
0.72717166,0.77594239
0.42176732,0.66692740
0.89122111,0.92419624
0.46944648,0.43101856
0.85125184,0.73391855
0.92061746,0.93786341
0.84738320,0.92271572
0.88328820,0.86316317
0.65760636,0.74612027
0.88647795,0.84178931
0.88317937,0.94119513
0.85743505,0.89251560
0.88930959,0.08616666
0.89753747,0.94889951
0.78270978,0.85838568
0.79545921,0.78195721
0.64887393,0.50961137
0.88774675,0.91318637
0.46448269,0.58032495
0.83907944,0.72058821
0.89258766,0.87648863
0.71225446,0.89723504
0.89827025,0.97198546
0.51577878,0.53174502
0.70387304,0.74054253
0.90149319,0.89807105
0.89758188,0.87314165
0.69812644,0.49803987
0.80832666,0.91567296
0.77727258,0.70998877
0.86767662,0.79656887
0.71276522,0.76658165
0.92336261,0.92745882
0.89306772,0.94270670
0.91002023,0.88472223
0.43293110,0.91358906
0.90909177,0.94486678
0.90570068,0.89864576
0.86425668,0.91669101
0.86333466,0.86409551
0.89494973,0.93267393
0.62986457,0.75018275
0.74410015,0.74797732
0.90902984,0.87692684
0.51761961,0.45611110
0.82867008,0.88962030
0.74245691,0.73376626
0.87084496,0.87730265
0.72361159,0.65064371
0.32224017,0.24327958
0.88950145,0.90283960
0.88069010,0.89793319
0.92239136,0.90713865
0.87941253,0.86267680
0.78007203,0.83767259
0.70484412,0.75043857
0.41845933,0.29342574
0.51096165,0.37517300
0.39045650,0.27144331
0.47272402,0.53353494
0.95213598,0.93888563
0.57968616,0.53177083
0.41302180,0.55553466
0.80056411,0.83362466
0.89431524,0.80975300
0.75341731,0.73159635
0.40111798,0.41099244
0.86838543,0.85301232
0.36773032,0.22399463
0.78832555,0.84236497
0.90344638,0.83059180
0.80194151,0.70978802
0.87799662,0.90175575
0.83206844,0.88496017
0.88970137,0.88146681
0.90539366,0.92958516
0.86433274,0.92494768
0.85624075,0.89472997
0.84514606,0.79526842
0.59400845,0.55668980
0.61230505,0.60080689
0.88693011,0.89541948
0.88092238,0.90695620
0.60262346,0.64195281
0.91516334,0.89309132
0.87489140,0.92199475
0.42917892,0.46343273
0.60965323,0.48762295
0.51394004,0.37766227
0.81158561,0.84082973
0.76630342,0.82466567
0.57755870,0.78476727
0.73639446,0.57847667
0.60624993,0.86685240
0.33301094,0.48266807
0.91122717,0.92900878
0.90896326,0.94202763
0.61793506,0.53758651
0.87809223,0.95274055
0.85958230,0.81160688
0.57930970,0.54689425
0.57160127,0.43769249
0.88625205,0.95743710
0.29552722,0.26628786
0.92257077,0.71685928
0.88866013,0.92110193
0.92298925,0.89462847
0.85137486,0.94512832
0.43165797,0.53698891
0.79792380,0.89818394
0.72690880,0.66532636
0.85786355,0.80210078
0.33360812,0.13075037
0.92780864,0.95270759
0.90178806,0.86370462
0.33385402,0.49028674
0.88733226,0.86971426
0.37634844,0.28106725
0.65431792,0.62579632
0.52335089,0.70767403
0.50264180,0.49142787
0.88814318,0.87161088
0.73474365,0.81364524
0.89361143,0.82076824
0.81396139,0.76398718
0.87863100,0.70944595
0.74042177,0.81606609
0.73840064,0.77454114
0.49818403,0.51892120
0.33034793,0.33438757
0.89287984,0.87753981
0.92787457,0.93807071
0.72650170,0.81902450
0.89107209,0.83854169
0.77260697,0.73578578
0.25477648,0.24476069
0.57473457,0.53281617
0.84126115,0.92047477
0.86846167,0.82710451
0.79246187,0.90542126
0.39894605,0.51606286
0.83664650,0.73391616
0.91053873,0.93402922
0.35349646,0.65666670
0.90296006,0.89485359
0.42710504,0.31634554
0.84742057,0.93243587
0.50011104,0.64970696
0.88788188,0.90725738
0.72170317,0.71543360
0.44078466,0.75549358
0.93050700,0.93879426
0.73039228,0.80238050
0.51407635,0.59600776
0.65298206,0.65135133
0.84581488,0.74812269
0.90048003,0.94710082
0.79244030,0.95040262
0.43658337,0.41656491
0.78404498,0.83460188
0.48316920,0.65000886
0.61435449,0.59144676
0.48649824,0.40970385
0.91630125,0.91748369
0.89390969,0.89698690
0.29742706,0.38408521
0.90396839,0.82805753
0.78512025,0.79830301
0.91780949,0.90281177
0.83983439,0.87611806
0.92235154,0.87324220
0.88267541,0.88167590
0.89858460,0.97204489
0.93474716,0.93010205
0.89300698,0.95964092
0.88128680,0.73860455
0.43604919,0.49867678
0.49433619,0.50132352
0.70676488,0.69505018
0.76742280,0.84510601
0.88886684,0.95837182
0.90979177,0.92829204
0.75087023,0.83752120
0.91648352,0.98404253
0.84497505,0.90488315
0.89272046,0.95265329
0.92530763,0.89866310
0.36112911,0.48596954
0.41890165,0.47469667
0.61235476,0.64932239
0.75347793,0.91496086
0.85006785,0.90919358
0.89526874,0.93144357
0.85422719,0.94767022
0.64188671,0.59418839
0.84911859,0.81429839
0.90320736,0.87630820
0.81783748,0.86969548
0.88368571,0.90734369
0.35553181,0.23983876
0.91526306,0.95225853
0.74720186,0.74336976
0.31027108,0.20974027
0.88444400,0.85911715
0.86494923,0.92190522
0.67477274,0.63594991
0.90688753,0.87459141
0.93284971,0.91888404
0.90724075,0.87656248
0.61222941,0.72008377
0.89650047,0.91064250
0.89950460,0.91873574
0.81725663,0.88412184
0.89093775,0.96045852
0.49552700,0.59251827
0.92080414,0.98125660
0.68840408,0.71476805
0.93294466,0.91274738
0.91204184,0.93771875
0.89258367,0.90582424
0.82616842,0.86909419
0.41121241,0.66639233
0.53885949,0.56607145
0.86973953,0.86414915
0.53641033,0.73283887
0.83567405,0.72567838
0.85957974,0.80612981
0.88832551,0.76363367
0.88745159,0.92203224
0.60641289,0.30417153
0.23996010,0.24640717
0.83773226,0.94013160
0.63894796,0.61984944
0.79805654,0.85978144
0.80193007,0.75075912
0.77630532,0.77610731
0.88409042,0.94225049
0.33775404,0.43986452
0.44373089,0.64820087
0.69201720,0.65961528
0.85007501,0.82529610
0.13241103,0.13065517
0.27083886,0.27115142
0.89606303,0.85416496
0.90821904,0.90534735
0.90410650,0.94278848
0.74384522,0.72029686
0.79397237,0.92424244
0.83785820,0.91895717
0.78539699,0.66417360
0.28635198,0.32791984
0.90255564,0.90549296
0.88714135,0.95789301
0.88415980,0.89080381
0.70475882,0.77852327
0.92946815,0.99382716
0.73188102,0.88186079
0.65828657,0.88710868
0.91605663,0.92620957
0.81822205,0.68692023
0.88348246,0.89170754
0.83310306,0.75865537
0.85160261,0.88659948
0.86774939,0.90233785
0.75423503,0.59161586
0.87343574,0.84202844
0.35745332,0.40008104
0.34284571,0.19608384
0.24580631,0.38803819
0.84845215,0.83664083
0.91939348,0.93995357
0.18331605,0.17202541
0.88298082,0.94480026
0.72373086,0.91060805
0.91585863,0.95128202
0.79085445,0.72880971
0.71801478,0.64410317
0.47780886,0.59747022
0.88044184,0.89400923
0.90427035,0.96926028
0.32541555,0.28936982
0.90233529,0.90047210
0.88552392,0.88663781
0.74033272,0.65250051
0.51123977,0.68346667
0.71162277,0.69276422
0.88918412,0.90303099
0.85017484,0.76921195
0.46083140,0.57899725
0.92584956,0.97542685
0.91061985,0.94569963
0.92267442,0.87832510
0.85649455,0.77567565
0.86208564,0.85220218
0.90950137,0.93093783
0.39130104,0.53888887
0.63950789,0.67654282
0.29930905,0.30169028
0.65647233,0.73221946
0.87957740,0.88268322
0.62470526,0.53039193
0.91393030,0.82138282
0.92022455,0.95707542
0.84168637,0.80100870
0.54860806,0.16196567
0.37081149,0.46990740
0.67622435,0.93861771
0.30617008,0.36217457
0.89143348,0.80709219
0.80980027,0.86199093
0.88014507,0.90178287
0.75726557,0.80542874
0.83923221,0.80751878
0.92365563,0.80104631
0.85720736,0.88718373
0.64425850,0.69739503
0.90822989,0.97984850
0.45340520,0.36426768
0.89400238,0.88705528
0.53065854,0.36864805
0.79402924,0.66977620
0.88032401,0.88403136
0.70231497,0.76571822
0.34404001,0.37886363
0.66045624,0.65493828
0.36153847,0.43489569
0.75789905,0.73532635
0.85983467,0.81124872
0.89152819,0.99519229
0.90959066,0.84344262
0.83439058,0.78308499
0.88009727,0.86333960
0.76430422,0.90753543
0.77581149,0.72476077
0.76502079,0.92074680
0.52021164,0.35370290
0.93057507,0.95396715
0.84363335,0.87761462
0.83554745,0.81144160
0.91908336,0.95044720
0.90770912,0.93787879
0.90105641,0.85638297
0.78560042,0.85987854
0.89451200,0.82632869
0.87485290,0.89242089
0.85074782,0.82250887
0.77031350,0.81279546
0.85363930,0.94034493
0.80932045,0.77992052
0.77855092,0.76553100
0.70606971,0.68906206
0.88131177,0.82355517
0.40746322,0.35938177
0.87954861,0.87345409
0.89037955,0.88898343
0.90867752,0.89636159
0.91422880,0.92429376
0.75972933,0.67505187
0.45763761,0.44651172
0.86355186,0.88253027
0.95222127,0.97088867
0.84574240,0.86081493
0.92340356,0.93382460
0.55561662,0.54484087
0.62137133,0.75259417
0.80843323,0.80454546
0.90728384,0.84909785
0.90386975,0.95265228
0.85653770,0.92188805
0.63499564,0.46306127
0.92902726,0.91840661
0.60473883,0.68427199
0.93225658,0.94943053
0.88645226,0.92813319
0.38826406,0.37271520
0.85394555,0.75953388
0.91377920,0.89450550
0.83788049,0.85920537
0.72182155,0.73107523
0.82826829,0.83104122
0.90792257,0.91353768
0.90723979,0.97617865
0.88569534,0.89562041
0.26171824,0.41411451
0.90570647,0.91535169
0.74014282,0.87848437
0.62019598,0.77436620
0.76729006,0.89726198
0.89426005,0.91848284
0.35129398,0.40602154
0.87887120,0.95445096
0.88930809,0.78282315
0.60260522,0.79333568
0.60547537,0.73695797
0.82727194,0.74194068
0.86533821,0.88089836
0.53350902,0.70376295
0.87275517,0.79222780
0.42840838,0.53284085
0.64499551,0.69232672
0.77323931,0.87362635
0.87421834,0.93315899
0.89757669,0.89847904
0.93718165,0.95048326
0.86281478,0.82544190
0.56756318,0.45111784
0.82479185,0.76526254
0.71689487,0.66666669
0.93323994,0.97847730
0.89662027,0.94832075
0.80054784,0.86359763
0.87867725,0.93086141
0.88510168,0.87737757
0.78564161,0.73550689
0.79126871,0.51974297
0.89691085,0.90886420
0.88619447,0.38720176
0.90029407,0.91401410
0.63088852,0.48355031
0.76550484,0.62408209
0.56500268,0.48662463
0.91202849,0.86647338
0.87801123,0.95473486
0.60143340,0.71931773
0.90493810,0.95317155
0.65780383,0.61325783
0.55456996,0.48577949
0.82315147,0.71954024
0.93149686,0.93052202
0.66079134,0.66256094
0.89459568,0.88869721
0.86684293,0.87507844
0.86588281,0.81792372
0.87133855,0.86819649
0.82836652,0.86218625
0.84810364,0.88602632
0.91194707,0.91711634
0.70145911,0.63773948
0.90840179,0.89752495
0.91660845,0.93743151
0.63948202,0.49827948
0.79473472,0.88587773
0.79152679,0.77601486
0.85552579,0.85811526
0.77042282,0.85945159
0.84175193,0.70968443
0.53669780,0.61327791
0.88795161,0.92292207
0.85114437,0.82941765
0.71563160,0.66451561
0.87366372,0.92823392
0.87130851,0.71632773
0.89295042,0.94417560
0.72361314,0.68505210
0.91540372,0.91002417
0.89812589,0.91359538
0.71809298,0.85673094
0.58830643,0.70807981
0.80509579,0.76070392
0.18286732,0.13729459
0.79669648,0.68835652
0.62192255,0.72137666
0.77769351,0.82629925
0.89038253,0.86523712
0.48472461,0.59538245
0.15297163,0.15473181
0.87546957,0.73120302
0.52437681,0.72034764
0.76416695,0.81581563
0.56660450,0.49250498
0.91075313,0.92217743
0.87409312,0.81998229
0.85028386,0.74506533
0.68891263,0.66413325
0.46427372,0.50783974
0.91861916,0.94408256
0.41202316,0.37030447
0.73598278,0.87927926
0.55611348,0.53091592
0.89199454,0.95057774
0.82416457,0.80528605
0.42731789,0.37589082
0.81585789,0.83684266
0.90445971,0.97540987
0.38265702,0.62377995
0.55665612,0.48037428
0.38091284,0.46269619
0.82025939,0.93457288
0.87480104,0.80866539
0.75031334,0.89903843
0.73281586,0.84958625
0.67668593,0.61506706
0.92124081,0.76880431
0.88911164,0.90974027
0.77234757,0.79691225
0.68507862,0.87143034
0.83207679,0.76363635
0.40648645,0.40563783
0.76367402,0.74708658
0.88046640,0.97692186
0.39842427,0.42828083
0.84233725,0.92113245
0.87306291,0.83368820
0.91897577,0.85752261
0.83712173,0.89205337
0.57822680,0.55848861
0.89221299,0.92058164
0.91560888,0.86682916
0.80558354,0.86542338
0.68780434,0.34309050
0.22123151,0.10223510
0.88348025,0.85050559
0.76430035,0.79062480
0.89215255,0.92328155
0.91636038,0.97340423
0.39314446,0.40775433
0.74371415,0.75948274
0.87403572,0.78137255
0.86167240,0.88627803
0.82735562,0.81695038
0.84036523,0.75612265
0.26061422,0.15788215
0.79998308,0.92603093
0.88040024,0.62210047
0.34673452,0.33476782
0.87439638,0.83544338
0.89625525,0.88758588
0.89455283,0.78805077
0.48660690,0.49801278
0.63693488,0.60709095
0.80797458,0.84692925
0.84969699,0.72917205
0.82154131,0.90947235
0.84613067,0.91117525
0.91601735,0.93593907
0.48189840,0.60444576
0.64238828,0.73260748
0.73705846,0.66800827
0.90662622,0.90116984
0.60491431,0.66688097
0.89017600,0.94407284
0.82367802,0.83050269
0.92996979,0.96413970
0.30990249,0.30929348
0.88912535,0.93405366
0.74636161,0.84988165
0.88410127,0.85200143
0.22011077,0.11235981
0.78317720,0.70359343
0.83611053,0.69242609
0.87036526,0.85500002
0.74557340,0.71504486
0.55787551,0.56811988
0.70759892,0.84428191
0.80590671,0.45439693
0.71759731,0.62743056
0.23803085,0.29696268
0.90747035,0.85932982
0.88449937,0.85385585
0.43947321,0.52152991
0.36565489,0.50629544
0.91520870,0.92316020
0.89791000,0.88298571
0.87964076,0.92222607
0.87052608,0.85558599
0.82031649,0.43593705
0.90556699,0.99253732
0.25521404,0.19189817
0.54342639,0.55577368
0.89473867,0.92915082
0.26247352,0.17149614
0.90860999,0.90909094
0.32184470,0.48133001
0.30490965,0.26531985
0.29681519,0.34279943
0.86253268,0.94318181
0.18872961,0.16805555
0.92017978,0.92390758
0.91637027,0.90907645
0.88409215,0.90473849
0.83234620,0.60401648
0.91384268,0.94725490
0.44867626,0.51886147
0.89340568,0.90454543
0.89892226,0.89266211
0.76437223,0.63306081
0.71993494,0.80605441
0.51496744,0.49109986
0.93678296,0.93343937
0.87749672,0.82869685
0.83625078,0.76971161
0.58036727,0.75072098
0.50629705,0.59973037
0.86854994,0.93272662
0.24185251,0.16096221
0.69753748,0.83236551
0.25634599,0.14895315
0.71051937,0.74707866
0.44376358,0.32226485
0.39301744,0.56694961
0.90636921,0.89686990
0.91009742,0.94380414
0.61241037,0.72198862
0.31425172,0.33630988
0.69901037,0.79918033
0.65081638,0.80353743
0.84899884,0.77578127
0.86546493,0.85983205
0.48616293,0.79289818
0.90507090,0.17597333
0.31970671,0.27355328
0.75118685,0.70210099
0.89287752,0.90981239
0.84278399,0.80974191
0.90086448,0.94101930
0.79824090,0.74400544
0.60542291,0.47822964
0.89211160,0.88957387
0.89016080,0.91254580
0.75846392,0.81035084
0.91516703,0.91257709
0.41356221,0.41389197
0.76595855,0.85481483
0.68254346,0.49117348
0.91583896,0.91156292
0.42235163,0.41237518
0.88073599,0.73316973
0.88998592,0.90417427
0.80022812,0.84203482
0.85327524,0.87100881
0.70990944,0.64989978
0.77006757,0.66030031
0.77582455,0.84235799
0.52400106,0.53175914
0.37875181,0.42613587
0.75585347,0.74045897
0.90600848,0.92179739
0.86246294,0.83363283
0.76918769,0.74972790
0.90047371,0.93267393
0.93317723,0.90011698
0.77913183,0.80131948
0.48165768,0.68642855
0.81258947,0.81843573
0.73039055,0.70556027
0.56565613,0.86710781
0.70866668,0.88317168
0.92046553,0.53268218
0.72003388,0.71708071
0.43661690,0.49782473
0.53564954,0.63613039
0.91202426,0.95715326
0.90528959,0.94849253
0.33796760,0.43774909
0.90582860,0.80915117
0.88481712,0.92648935
0.90341836,0.90317327
0.90576398,0.88832200
0.92101812,0.94523060
0.90927655,0.90917122
0.42849642,0.51725292
0.78710473,0.93333334
0.92423171,0.95148885
0.32981068,0.49638805
0.67413652,0.88987964
0.49191537,0.52429187
0.73749530,0.76684982
0.92761791,0.92035741
0.67570162,0.60529757
0.64423323,0.59092259
0.65764999,0.57391024
0.63266706,0.77398944
0.70227623,0.80154157
0.89267540,0.90063465
0.90326130,0.94029009
0.83383554,0.82723516
0.32709736,0.32289064
0.56557828,0.58769631
0.59422576,0.56708324
0.88058293,0.88732040
0.88848364,0.83375001
0.87268579,0.83192021
0.89478308,0.87247783
0.69744968,0.75191194
0.53741270,0.54102367
0.66416514,0.58003098
0.32302719,0.43387705
0.90560913,0.89318383
0.89973134,0.97521418
0.90114146,0.92824352
0.90342307,0.85440701
0.50940824,0.24134728
0.69871229,0.46230251
0.79922003,0.95507568
0.90410572,0.90797651
0.82745492,0.87545484
0.58688962,0.55882353
0.35301387,0.41450471
0.91671902,0.94064313
0.74849302,0.79514021
0.73781574,0.62104017
0.73701417,0.74635702
0.61406636,0.74321967
0.65929258,0.64693373
0.63325965,0.64818114
0.75781631,0.81084216
0.86576730,0.94846493
0.87029457,0.85275441
0.27318984,0.16919251
0.75934112,0.73777807
0.85402846,0.60520834
0.79735607,0.72881877
0.28569001,0.13987172
0.83210313,0.74972749
0.53575712,0.57779288
0.88256162,0.91396326
0.53238928,0.49417111
0.89756167,0.90073121
0.55695426,0.68355483
0.35661814,0.45858580
0.50810790,0.59835202
0.49239892,0.60581255
0.43678829,0.27689710
0.73655903,0.88675213
0.84080756,0.89387077
0.89918292,0.86072850
0.86963320,0.90895396
0.30477631,0.12685186
0.88916939,0.94719952
0.89290053,0.80947930
0.76803064,0.87093079
0.63324678,0.53754151
0.69816661,0.48074982
0.75365257,0.70175231
0.77025878,0.80138272
0.45048606,0.18914123
0.82291788,0.89991969
0.79600650,0.90664697
0.91319996,0.92192310
0.75264525,0.70954633
0.66397840,0.64516598
0.88017452,0.93934959
0.66020185,0.68070573
0.80591232,0.78901410
0.30456677,0.25915682
0.92732227,0.93755049
0.69361395,0.78349674
0.50376552,0.30113637
0.77088416,0.79827219
0.65648460,0.70221823
0.87490839,0.96412265
0.26115716,0.30938494
0.38029966,0.24587674
0.85933495,0.91239721
0.46066391,0.43103448
0.84850931,0.65319914
0.87100053,0.91233766
0.54251707,0.55924815
0.70839643,0.89297050
0.89336425,0.92712766
0.73834503,0.65528846
0.89980006,0.91641706
0.82232118,0.91049892
0.75524515,0.72620887
0.81520897,0.92000842
0.89467895,0.90261990
0.87749368,0.94229674
0.78634495,0.74520206
0.67093426,0.70211607
0.89605927,0.98922598
0.80137193,0.69567865
0.77355212,0.91332501
0.88877362,0.97619045
0.88515353,0.91140813
0.91396993,0.97933853
0.89632171,0.92179483
0.87254894,0.83434474
0.51160246,0.43875387
0.29304683,0.12598751
0.87941122,0.80515140
0.90395659,0.78235292
0.90010434,0.89587718
0.89577496,0.92665416
0.74571019,0.64506000
0.73907763,0.73887980
0.90359581,0.92082554
0.81334573,0.89070284
0.87115306,0.66290534
0.89383256,0.94156039
0.68810797,0.53559911
0.67476994,0.70679015
0.87718576,0.87731093
0.89603329,0.91074419
0.46312144,0.52660644
0.76591331,0.69846857
0.93865013,0.92421627
0.87750918,0.86835557
0.46250013,0.50482512
0.83198375,0.82318991
0.39504001,0.30889091
0.58487797,0.55752653
0.30836669,0.31595987
0.65642297,0.83333331
0.33447829,0.33849600
0.68069255,0.79298246
0.86187887,0.71165258
0.46026948,0.31763548
0.45320335,0.39099726
0.73193699,0.73548859
0.23742974,0.34459993
0.85961688,0.88075078
0.75489372,0.85386860
0.86069518,0.84730196
0.86730790,0.84439600
0.86287129,0.89345825
0.72544581,0.78287286
0.88154942,0.90166646
0.43283361,0.49553746
0.87660098,0.90880620
0.84776795,0.84768492
0.85123247,0.83387977
0.90529561,0.75215387
0.88033146,0.76766616
0.67844677,0.53104299
0.79041475,0.81340581
0.75861543,0.75326777
0.61964536,0.51244235
0.22865747,0.34693033
0.86844528,0.79598188
0.91624892,0.90986842
0.44008365,0.45630932
0.90443194,0.89654469
0.61785734,0.68593282
0.57927507,0.60692453
0.85413820,0.84840775
0.52667600,0.35541871
0.64467311,0.63192332
0.79971325,0.77879041
0.36139581,0.39656276
0.91985577,0.94523376
0.64303493,0.63374132
0.89943564,0.98275864
0.83588678,0.85287970
0.28681421,0.18073878
0.55075830,0.67013109
0.87845010,0.95277780
0.82505232,0.70886618
0.87411618,0.94090909
0.26461193,0.37231132
0.72698033,0.79828602
0.87887049,0.78862488
0.20497054,0.14017177
0.86354393,0.86554027
0.93543595,0.95667285
0.84905070,0.84633219
0.86114168,0.96923077
0.87097943,0.89775115
0.74211067,0.64714241
0.86248595,0.83513546
0.54728138,0.72588235
0.81892681,0.84754902
0.66356754,0.71759260
0.59941351,0.70015180
0.89421999,0.75465667
0.29882342,0.41527238
0.87021482,0.85904509
0.80806398,0.74544257
0.85105985,0.70368671
0.90039009,0.96376812
0.90529537,0.99275362
0.86036998,0.82435900
0.39394069,0.59803253
0.84638184,0.82986039
0.59570992,0.63351828
0.83804166,0.81027752
0.87638104,0.95262128
0.66637421,0.80894148
0.87629133,0.85415053
0.65563488,0.22454269
0.82025886,0.83595204
0.83202994,0.70385230
0.85265696,0.85160822
0.18741781,0.13069455
0.91657031,0.95625663
0.42803532,0.44530153
0.75719094,0.84039712
0.35120031,0.43346915
0.81291115,0.89800197
0.91252208,0.90875059
0.76352835,0.82030994
0.84319311,0.79763937
0.34929460,0.24452288
0.84890044,0.83806610
0.65071774,0.65213674
0.64440823,0.57287008
0.83321548,0.92304611
0.80611324,0.94978607
0.54160297,0.64651471
0.90383077,0.86218202
0.91234946,0.91463667
0.81944346,0.84729153
0.67741239,0.75903976
0.52305055,0.45269471
0.89304692,0.92181176
0.93600017,0.95691174
0.73460484,0.79957718
0.71939659,0.87323833
0.88251382,0.62049538
0.73982966,0.83840066
0.91117179,0.94470590
0.88390505,0.63815278
0.82040274,0.81925821
0.75851440,0.76926482
0.88614327,0.93142217
0.63937902,0.64008701
0.78692424,0.83216071
0.87563157,0.93350875
0.78305340,0.83468765
0.90344906,0.91225690
0.90082908,0.79963523
0.91875380,0.94897085
0.77914274,0.75115359
0.59969294,0.66969699
0.91244239,0.94510549
0.53785193,0.46856546
0.49877328,0.56722486
0.74000114,0.79981911
0.80872893,0.91211033
0.88512057,0.90170288
0.90255582,0.96798378
0.59630144,0.67013174
0.89819586,0.88219142
0.88274068,0.91038436
0.83784318,0.79298246
0.91138315,0.86638868
0.19656634,0.12465912
0.79614437,0.90974259
0.42593166,0.39943701
0.59492946,0.46200973
0.75082660,0.82783753
0.71936083,0.82958025
0.92094499,0.94356018
0.43586752,0.33618388
0.74753678,0.73583418
0.57013857,0.55495280
0.60913730,0.50611144
0.76589406,0.84291822
0.91118878,0.88362384
0.35628295,0.53967869
0.31273949,0.29709384
0.69588846,0.68652040
0.83144480,0.87947094
0.63047808,0.68962061
0.64276224,0.60175437
0.73440135,0.59613425
0.61155379,0.54225522
0.74879563,0.88332212
0.87104696,0.87752408
0.91342187,0.89441079
0.00923556,0.06378902
0.75496560,0.90164453
0.37952024,0.46296296
0.76723588,0.67128801
0.67653531,0.57127637
0.83893418,0.79508626
0.85778987,0.93096691
0.88861024,0.91537356
0.88143957,0.95516568
0.78340334,0.74644977
0.90814787,0.96847826
0.54898012,0.55499166
0.79415071,0.75261503
0.56544638,0.42450452
0.90539306,0.89535546
0.93213880,0.90532106
0.88163650,0.81703997
0.82961333,0.85103798
0.89476389,0.90310782
0.90843958,0.97872341
0.83755541,0.96459067
0.84529078,0.76291794
0.83650184,0.74279559
0.90879118,0.89090663
0.61977565,0.53643906
0.79747993,0.84706134
0.72397596,0.53568822
0.91018045,0.89027262
0.88765228,0.87522280
0.74957824,0.68735337
0.92072326,0.90734500
0.57880986,0.59587657
0.68132675,0.49330035
0.73093188,0.60518789
0.90310144,0.87993860
0.80832833,0.88662660
0.68538833,0.59807694
0.89012766,0.85897189
0.77785623,0.78093833
0.29585472,0.22644928
0.88219935,0.84770489
0.59381258,0.81561995
0.45982197,0.42962953
0.87565291,0.94712073
0.87095028,0.77471656
0.84555173,0.76811635
0.49406704,0.48900464
0.89399439,0.75165170
0.79643822,0.88255924
0.89679009,0.90447593
0.82037300,0.82797444
0.36810851,0.30609041
0.60685062,0.59229332
0.78555101,0.74305391
0.85370207,0.82886869
0.91859949,0.94409192
0.63438523,0.78591627
0.82845521,0.71623808
0.52739549,0.47535211
0.89955133,0.94798648
0.37236059,0.36237374
0.72376740,0.83224422
0.88778162,0.83307701
0.51138312,0.65434241
0.41496772,0.55239666
0.90633816,0.93473929
0.89839441,0.93723059
0.92082632,0.93569988
0.90132296,0.87917340
0.89149112,0.88735884
0.89774275,0.88899755
0.60183454,0.74898958
0.61943483,0.68114477
0.81041116,0.58571428
0.50309968,0.48970768
0.87181866,0.86167032
0.34584999,0.29080674
0.89444363,0.93277830
0.78543192,0.81553400
0.87122989,0.77173913
0.71866113,0.73167789
0.66107774,0.81875646
0.93650842,0.94533569
0.44293666,0.52331150
0.73194712,0.82278323
0.88768435,0.89532495
0.92850435,0.93501192
0.79407519,0.94000000
0.88553333,0.93757176
0.37628776,0.28643617
0.44994348,0.38437003
0.80441999,0.86175376
0.56443852,0.66428620
0.37891129,0.42257217
0.50590050,0.65077490
0.88114059,0.91923076
0.63537520,0.67142022
0.79447019,0.48139769
0.89351434,0.85357428
0.49217132,0.56810105
0.89725798,0.87248802
0.79078412,0.95862800
0.68919444,0.82238585
0.66989529,0.62078261
0.89341027,0.80750889
0.86686724,0.83243144
0.92262745,0.85847986
0.93867314,0.91971737
0.60090983,0.69436836
0.90795517,0.75966048
0.41155180,0.41319931
0.87077010,0.88292122
0.82541782,0.74175900
0.82013309,0.85444778
0.53710258,0.65708536
0.88018715,0.91202533
0.72811544,0.79289150
0.29205567,0.11148074
0.56797093,0.49401122
0.79359555,0.76232862
0.89935875,0.92849016
0.24195762,0.19169508
0.31074899,0.14660482
0.74011040,0.88060230
0.75367075,0.71151268
0.36610240,0.26976076
0.90054941,0.87049526
0.83481854,0.64069766
0.72364557,0.70906752
0.32252944,0.20999916
0.87350047,0.90540540
0.40684125,0.58448458
0.49332076,0.59448087
0.83361572,0.73690474
0.50765574,0.68911612
0.84521592,0.86158252
0.64049375,0.79910553
0.89956295,0.88239187
0.83573610,0.90231508
0.45675266,0.49682686
0.63884991,0.33763418
0.82959813,0.95539623
0.77513129,0.42209944
0.77195334,0.84276849
0.77981925,0.83121246
0.35609972,0.33246276
0.86665523,0.87292683
0.86400676,0.81089091
0.87947679,0.82630205
0.87115538,0.78991252
0.88110149,0.86705172
0.62715435,0.61377645
0.26828521,0.34832197
0.93142295,0.91766828
0.57410473,0.32575008
0.57294244,0.60423815
0.83585989,0.88158941
0.73434240,0.90737563
0.77903825,0.83232540
0.66829938,0.83195084
0.80253601,0.73680902
0.87182587,0.98660505
0.41014171,0.62205803
0.46548417,0.69734889
0.82848853,0.88779718
0.78706050,0.91158903
0.82098281,0.74469572
0.91433954,0.94096643
0.70547539,0.72543061
0.74261940,0.79676998
0.92409438,0.95966935
0.83843863,0.87531143
0.46999264,0.58723468
0.56751120,0.42238268
0.83030927,0.81438857
0.73670071,0.61333448
0.79005331,0.45584652
0.70299703,0.72169811
0.91063279,0.82912940
0.90274310,0.90630299
0.82492304,0.85919821
0.91033244,0.89294875
0.31849727,0.35851455
0.64703047,0.50331545
0.89802289,0.76369637
0.63977247,0.51747334
0.91217732,0.96570659
0.32062766,0.37821880
0.90130979,0.94701755
0.33028781,0.36748573
0.68124044,0.48774403
0.88612843,0.91049600
0.89244628,0.88741851
0.90486282,0.98275864
0.93156987,0.98849702
0.94260705,0.90976351
0.34827873,0.24929525
0.38919079,0.50047541
0.90754038,0.89817476
0.91238213,0.85895091
0.89069736,0.82343489
0.25588286,0.09733385
0.71089995,0.56538570
0.76746321,0.69834185
0.84015870,0.88496679
0.55139321,0.64710796
0.90557408,0.93648565
0.71078324,0.71581823
0.88649166,0.78080195
0.33494478,0.42770770
0.89151448,0.91392887
0.93062913,0.90552974
0.90041798,0.91573662
0.56467038,0.68036401
0.90612823,0.89907104
0.68753719,0.44020849
0.72603709,0.65571481
0.88356304,0.94130152
0.77891797,0.80382884
0.77217227,0.71913344
0.16065514,0.16865297
0.69086313,0.14304200
0.27751440,0.21486166
0.33805603,0.31148237
0.86810625,0.91949451
0.91651946,0.96001065
0.88325334,0.95454544
0.79746300,0.66906595
0.84043616,0.85357368
0.57435870,0.67364585
0.84396243,0.79618436
0.70879555,0.84451681
0.53263372,0.44881848
0.89651448,0.85982561
0.84692371,0.79611725
0.36549932,0.24394307
0.76532018,0.81831789
0.53949726,0.41585678
0.88348693,0.87915879
0.52311146,0.40451533
0.80636597,0.72263235
0.84544420,0.94221395
0.76308614,0.75266081
0.88402551,0.91873604
0.64131564,0.74833596
0.82730591,0.85856056
0.67220730,0.81048852
0.88661301,0.89603448
0.26276600,0.26633644
0.87246579,0.81332099
0.65219849,0.70573384
0.91757870,0.97651005
0.87690794,0.91983503
0.91799855,0.91829187
0.34927467,0.35841557
0.92782801,0.91055554
0.48481417,0.74782741
0.92222267,0.94044352
0.91826820,0.96733141
0.88434166,0.92955494
0.71997321,0.83844447
0.71985918,0.58614844
0.88591319,0.88006818
0.89777941,0.92288601
0.35362366,0.26272455
0.89186072,0.83190924
0.58879620,0.72027773
0.77962101,0.93526757
0.77393115,0.68704498
0.25324994,0.15570776
0.71163195,0.65136182
0.90044284,0.92125106
0.72629786,0.79162019
0.81902152,0.85636902
0.85885805,0.88357931
0.75030696,0.88174993
0.78190678,0.79741377
0.55145013,0.64639425
0.45996138,0.53909063
0.65025955,0.62573582
0.81819510,0.87221742
0.74778533,0.79562014
0.65235251,0.78673470
0.79533243,0.82393950
0.37200370,0.43288681
0.39377704,0.25553018
0.86258864,0.87876654
0.87675172,0.76957691
0.87748253,0.74898672
0.66447210,0.41086957
0.38991973,0.34485158
0.55482531,0.53546131
0.81513333,0.96666664
0.91357678,0.95023924
0.77239591,0.87311041
0.90761292,0.91178250
0.86438787,0.83515948
0.63696617,0.58434588
0.91013330,0.89346659
0.94203639,0.98982012
0.90793926,0.87994564
0.86012220,0.76127243
0.87915397,0.85837102
0.92035365,0.91895425
0.23089807,0.24012481
0.79600328,0.84508663
0.89101803,0.87620687
0.58915240,0.54030800
0.78542870,0.76951873
0.91039836,0.97838503
0.88177317,0.80167454
0.70882654,0.57442808
0.71354491,0.77140731
0.87100112,0.81005025
0.79990602,0.85648358
0.89971733,0.86341697
0.89699101,0.77339107
0.90152675,0.87987375
0.22304533,0.11469042
0.86613494,0.88720489
0.92218757,0.93778312
0.62168765,0.69335526
0.91265798,0.93119937
0.81107330,0.89935899
0.90280473,0.88697916
0.81958026,0.75230956
0.75114524,0.73787737
0.90534991,0.95592654
0.75451458,0.60129112
0.91186881,0.97611338
0.91285926,0.90174145
0.88470447,0.89140624
0.52827954,0.66635603
0.56765902,0.80292118
0.80407679,0.74788964
0.91577560,0.85470283
0.72045827,0.35770595
0.77664286,0.59154373
0.85962665,0.82882243
0.89382100,0.90482342
0.75315261,0.59700030
0.90596777,0.89153439
0.90780962,0.97311831
0.63421625,0.53575748
0.34642911,0.15808170
0.76648200,0.71256495
0.78450382,0.87203765
0.71551031,0.49895087
0.73074651,0.56250000
0.57486916,0.52228165
0.71151644,0.83328664
0.72719270,0.80661660
0.90143865,0.93434107
0.41797832,0.64884073
0.72589779,0.75838923
0.04213572,0.04953431
0.90196109,0.85798162
0.85832822,0.80806857
0.90637600,0.93983078
0.49647281,0.50126493
0.89751029,0.88039112
0.87966263,0.94798410
0.78830314,0.87687516
0.67542303,0.58634460
0.84214908,0.91057914
0.54180121,0.48184818
0.53703898,0.33665380
0.86114228,0.85242832
0.88750339,0.90735292
0.54965353,0.40943256
0.34246829,0.44473892
0.81247902,0.81955886
0.84386539,0.83082032
0.91187638,0.91540599
0.33904380,0.37155995
0.28235722,0.13041443
0.66041720,0.67618191
0.88638896,0.93599880
0.91988647,0.85991228
0.92350239,0.94861281
0.82894522,0.77751720
0.84029937,0.61105484
0.84996378,0.89774948
0.83808923,0.34511524
0.89504015,0.87132150
0.90176284,0.94743907
0.58046806,0.61226863
0.81728625,0.80778700
0.92271054,0.93322879
0.92140102,0.97222221
0.41676438,0.42358845
0.90754354,0.92842150
0.87479550,0.87963533
0.90259171,0.93257427
0.89610159,0.84153783
0.88690442,0.93129760
0.65554476,0.68185139
0.90168774,0.94208270
0.72923768,0.69028759
0.90875053,0.85408163
0.38731337,0.73607951
0.86482537,0.88519126
0.55645633,0.50528187
0.75846988,0.84792101
0.84641230,0.75366879
0.60433030,0.50658047
0.77389801,0.64404887
0.88513356,0.89263630
0.47822377,0.49252614
0.82663500,0.65751696
0.60400116,0.58521760
0.69341904,0.70898658
0.92776912,0.94868690
0.59198987,0.79000568
0.81275469,0.87812442
0.89598429,0.90679687
0.87434685,0.93229169
0.41889653,0.40523237
0.82365453,0.86327744
0.88887221,0.69556737
0.66172153,0.80346686
0.76714587,0.67167324
0.90151465,0.82744044
0.72260886,0.75187397
0.44032222,0.57973754
0.88589954,0.96288943
0.78957582,0.96245849
0.90282273,0.97161305
0.87688792,0.92712247
0.80101478,0.83955443
0.62335300,0.59445947
0.70394915,0.79835540
0.79550874,0.85104710
0.89259005,0.85698450
0.70660597,0.75783801
0.61362022,0.68147451
0.71531129,0.68763447
0.88270563,0.86583000
0.88971257,0.83552742
0.90115547,0.92595226
0.79120553,0.80328435
0.73117614,0.76440734
0.56132579,0.48274773
0.78000635,0.85425282
0.31426650,0.35217968
0.82364035,0.95604396
0.66900772,0.57052928
0.88163221,0.65849674
0.92756498,0.97115386
0.62686837,0.51422232
0.87117773,0.94842172
0.90069669,0.86075163
0.89272738,0.97244149
0.92503256,0.88086736
0.01847926,0.04580267
0.72351313,0.71991873
0.78624856,0.90789473
0.91401035,0.83249384
0.89605910,0.88196427
0.88165140,0.86628664
0.86896557,0.91282797
0.88115454,0.91710097
0.78170258,0.81452864
0.71815658,0.67801344
0.75951731,0.47775811
0.83893007,0.80510753
0.55855209,0.67446810
0.87358940,0.84147245
0.91731727,0.93378329
0.90262079,0.84296876
0.84346110,0.73563290
0.51235723,0.43004099
0.10359094,0.11223690
0.50985616,0.57947791
0.90794528,0.94054466
0.92281759,0.93813747
0.93502367,0.86860120
0.69672972,0.62798101
0.91168153,0.95646960
0.50019222,0.47371379
0.84068799,0.94417387
0.91522992,0.96932012
0.68490797,0.56598759
0.73819709,0.80576950
0.35131270,0.33701411
0.77473861,0.69234240
0.87029111,0.84282053
0.30956459,0.26069599
0.50705665,0.73901176
0.87319160,0.93899584
0.71672428,0.60856491
0.23887479,0.14977884
0.79934120,0.89643747
0.87495136,0.84919506
0.86353600,0.78197366
0.82400393,0.84337187
0.80568278,0.62717295
0.68097353,0.77907377
0.87948358,0.85116220
0.54865319,0.62323946
0.67675507,0.65485609
0.93618071,0.97540987
0.89286017,0.86293226
0.76017696,0.81600612
0.53374779,0.47790524
0.90173554,0.95002931
0.93731558,0.94913703
0.58890688,0.58176565
0.89275908,0.90195483
0.66695881,0.50837183
0.57962936,0.54774100
0.45734206,0.57565135
0.73912829,0.80611110
0.41738883,0.39445871
0.87608224,0.96013117
0.25583372,0.19643602
0.90510029,0.96178591
0.56310862,0.24278516
0.92354047,0.96150458
0.88931525,0.83796620
0.87433445,0.92015117
0.88051677,0.94868141
0.62915432,0.59982920
0.85490298,0.76569235
0.89552623,0.88745636
0.89849424,0.95939767
0.34597737,0.34010842
0.82641077,0.80897957
0.74032968,0.89536291
0.34711096,0.32583460
0.74868667,0.71392745
0.93088752,0.95888788
0.85401899,0.88028204
0.88196898,0.88586742
0.80386722,0.68154299
0.89367753,0.94550353
0.87863147,0.94453758
0.82390136,0.73705500
0.89807361,0.90509939
0.34483552,0.17494252
0.70582479,0.87989235
0.40240005,0.68179667
0.60944450,0.79959714
0.68010950,0.59616596
0.87131369,0.84470910
0.90859604,0.99497414
0.31220621,0.26573077
0.92197955,0.96437126
0.88075531,0.87511498
0.79105520,0.63227510
0.82203889,0.80413121
0.88372588,0.87317926
0.83261138,0.71612072
0.89699900,0.87742949
0.68469238,0.84252799
0.89847088,0.88625824
0.69438303,0.70597845
0.85348600,0.82569063
0.38493213,0.28093535
0.33756936,0.45139080
0.85541862,0.85651290
0.34304839,0.25443321
0.90098208,0.87771767
0.86812764,0.92113006
0.85045332,0.78771532
0.50938869,0.56883347
0.78546923,0.68409812
0.49637741,0.51866502
0.88041437,0.89704436
0.82498455,0.64072943
0.89765954,0.97974503
0.79218310,0.83071285
0.83854896,0.84090102
0.45366281,0.29403645
0.75829893,0.77840394
0.74210161,0.76021636
0.68477762,0.78524214
0.82440543,0.89633226
0.92671645,0.94120151
0.74188447,0.87318563
0.82232875,0.82413101
0.89368355,0.95733041
0.89451712,0.90329397
0.30002540,0.11286988
0.41922399,0.44786826
0.66805577,0.70078200
0.62033725,0.70576924
0.59868026,0.77261633
0.73029470,0.51436228
0.68357283,0.64331055
0.73246884,0.77381706
0.81147504,0.94997269
0.82617950,0.57921028
0.87647724,0.96609181
0.84757113,0.83745748
0.87799507,0.87462234
0.86397660,0.86753249
0.77429318,0.90942913
0.89366084,0.92438066
0.83443779,0.81891280
0.89150083,0.91215152
0.86421192,0.70312828
0.78021574,0.81175274
0.88729560,0.87305474
0.88842177,0.89770633
0.60023940,0.50900257
0.32096881,0.54919863
0.89256746,0.99425286
0.88775039,0.90091950
0.82643807,0.80878663
0.74062943,0.83850265
0.77932918,0.74399853
0.91252065,0.92098033
0.37298957,0.62598270
0.87862825,0.76550871
0.91940826,0.87920874
0.18957156,0.25909430
0.79556203,0.76881856
0.92589521,0.92859668
0.68920863,0.71317309
0.69135946,0.77956986
0.81240809,0.86996698
0.46140456,0.45161444
0.89517510,0.98084825
0.87841570,0.84113801
0.87922704,0.84279549
0.75956237,0.70817608
0.49981025,0.44838309
0.78201562,0.85638946
0.66334629,0.99642855
0.91463292,0.95770979
0.88866627,0.87345171
0.68310869,0.73427027
0.87517422,0.84351897
0.89124238,0.92926937
0.91606265,0.92618775
0.42946488,0.45971575
0.91915160,0.90075141
0.83319271,0.82073301
0.90346950,0.90561372
0.90325713,0.84722221
0.85721731,0.92095351
0.89484739,0.88191885
0.20405540,0.07497706
0.34231478,0.14390244
0.90355617,0.84716874
0.90411675,0.88255036
0.85669339,0.85113996
0.89462602,0.94928300
0.82889128,0.73880899
0.54627109,0.62105978
0.79087722,0.81262982
0.65881163,0.55583185
0.89161956,0.88450295
0.47934604,0.43947282
0.89638758,0.93605608
0.63988364,0.74731505
0.49437547,0.60952902
0.59046781,0.71591765
0.90920109,0.90945148
0.61219639,0.61156446
0.70149803,0.66399556
0.78416419,0.82773900
0.62373352,0.99888641
0.84559160,0.80901307
0.76494414,0.83635467
0.56698704,0.62672049
0.74576479,0.62334055
0.87685668,0.80335766
0.63257438,0.57727122
0.74541843,0.69110304
0.81545401,0.87603253
0.57327229,0.62082064
0.73949701,0.60234964
0.35108882,0.31594202
0.38225678,0.45400271
0.68758106,0.73377436
0.69239128,0.54876393
0.48446873,0.67029285
0.82342654,0.89851618
0.87650955,0.70219976
0.73912543,0.79977137
0.77497256,0.75698471
0.79468751,0.80296588
0.90766954,0.98493630
0.69516981,0.73153740
0.88748980,0.91952467
0.78457123,0.74732560
0.23628239,0.27417654
0.78181422,0.90460300
0.54182601,0.61332309
0.81877768,0.90574151
0.90345526,0.93852460
0.36022371,0.41883275
0.44222060,0.45576829
0.54692292,0.40355298
0.88582110,0.90396249
0.85935318,0.87063295
0.32500350,0.24686849
0.91687906,0.90374649
0.89078015,0.80468750
0.80479681,0.92537314
0.82174361,0.82373244
0.91083479,0.90890688
0.42376170,0.41073257
0.87913346,0.92492646
0.86671442,0.89233661
0.88144171,0.75138891
0.85819006,0.78554803
0.73929614,0.68115872
0.45940584,0.59684193
0.77685940,0.34331059
0.92404771,0.95993030
0.87516749,0.75191104
0.82698435,0.92942840
0.07685491,0.05887888
0.87154746,0.86328375
0.89677644,0.92137265
0.91632003,0.94824338
0.89449310,0.92727274
0.38784280,0.44329169
0.28043991,0.16621801
0.78278232,0.81493509
0.71772224,0.77093369
0.52915728,0.36946368
0.85347414,0.94431466
0.82180661,0.86139697
0.78543144,0.71845347
0.61068678,0.42334017
0.80554676,0.88576943
0.90279973,0.98041666
0.87185979,0.89055043
0.39806667,0.45699394
0.46582016,0.43135002
0.62120563,0.56313431
0.70476234,0.65316665
0.79967636,0.88094515
0.82900321,0.81349206
0.69669712,0.69447440
0.58388078,0.53202736
0.30693233,0.19074610
0.76493585,0.62072283
0.66514087,0.62310362
0.21685062,0.17857143
0.91402221,0.93130344
0.33739230,0.26686859
0.46171650,0.41347429
0.51874554,0.34925410
0.92886192,0.92120683
0.64650929,0.71532255
0.85172772,0.91563803
0.31176418,0.36190981
0.54862058,0.68842268
0.42708156,0.75373417
0.91824448,0.91406190
0.63063854,0.61812866
0.77397966,0.88348532
0.92356229,0.96102065
0.80468225,0.76305968
0.88438278,0.93243456
0.72905922,0.88182276
0.74297738,0.68118411
0.81775725,0.86943781
0.91121793,0.93299937
0.68680698,0.82679921
0.86788154,0.90753287
0.70594728,0.56599897
0.81362534,0.58724594
0.91209346,0.93863815
0.89653349,0.78259116
0.85251254,0.85712564
0.91456592,0.94747758
0.92453945,0.93136072
0.27905422,0.38836405
0.63670373,0.83414632
0.88838601,0.81010693
0.83454096,0.73488325
0.58036613,0.91078430
0.85307670,0.95604217
0.44144472,0.61352813
0.39654878,0.28458738
0.59497201,0.64388865
0.54667807,0.31385612
0.68928754,0.58470148
0.91554934,0.90445155
0.61950338,0.73867559
0.87784553,0.86246496
0.37609172,0.37729108
0.83314836,0.66213691
0.75132215,0.78770852
0.40195391,0.38212597
0.28965983,0.21620715
0.58200812,0.44405919
0.84923309,0.88106066
0.78961110,0.77390367
0.81386447,0.82036614
0.86905104,0.80996716
0.89111578,0.85842067
0.90816450,0.90472430
0.85136378,0.40315506
0.69019151,0.60859418
0.66561157,0.73751736
0.75612575,0.73597103
0.81082451,0.80103737
0.84212023,0.83284163
0.26159948,0.27266225
0.78237486,0.60189211
0.83390027,0.84333014
0.93246019,0.97828609
0.85855490,0.78776121
0.78742760,0.74959815
0.66991991,0.84598929
0.85098380,0.80587584
0.70416439,0.72466218
0.85658073,0.88078433
0.90920436,0.93350166
0.68769985,0.39687431
0.57969344,0.53868902
0.52004701,0.39282146
0.41772401,0.46381423
0.88873386,0.91736388
0.75819588,0.81108958
0.67289269,0.69661492
0.65602666,0.62597948
0.90841556,0.80019981
0.66540885,0.47633147
0.82896650,0.84880120
0.88628727,0.83789790
0.62636590,0.67357653
0.83873099,0.72186613
0.54572046,0.51307732
0.79117441,0.77973855
0.31560588,0.34047765
0.47334099,0.55808079
0.50349706,0.41156632
0.55043828,0.51598209
0.90500969,0.89465147
0.85443258,0.84753376
0.77184266,0.70289034
0.86751270,0.94705653
0.89841455,0.92244416
0.92294115,0.94948977
0.62053359,0.63704205
0.89816463,0.88767505
0.39266199,0.44295454
0.90122652,0.91778165
0.92445457,0.96724421
0.89713955,0.71548676
0.62351334,0.70466030
0.90932381,0.96487606
0.63095784,0.69793046
0.81249803,0.83635980
0.94246709,0.95140678
0.71394253,0.73388773
0.33465621,0.30173033
0.89426041,0.91107738
0.86480403,0.84156317
0.79395550,0.68461519
0.82646316,0.82612556
0.90689564,0.90076631
0.58267581,0.57860386
0.90373021,0.89237136
0.86048323,0.80948132
0.82387745,0.63861454
0.36232606,0.38626665
0.41539097,0.52671957
0.83909565,0.87913013
0.91820025,0.95767272
0.85805845,0.86352932
0.56571060,0.33011273
0.85419822,0.94629246
0.91644758,0.93036580
0.90673733,0.91126776
0.90391684,0.97853369
0.61059499,0.64231008
0.82932097,0.78312474
0.90268248,0.96205503
0.89830434,0.91715837
0.82569909,0.68434751
0.79867697,0.88573885
0.90481043,0.89452815
0.34103513,0.26408178
0.50401306,0.52276689
0.89984089,0.91676831
0.66146809,0.59834677
0.83064890,0.62980771
0.81807351,0.84498233
0.91375130,0.97385532
0.69214928,0.71306640
0.82316750,0.85761565
0.39958590,0.26958776
0.88217896,0.88651258
0.92226970,0.97886825
0.83590281,0.88575268
0.77116203,0.81904554
0.80025232,0.85631067
0.90527022,0.78633600
0.40138859,0.53611565
0.53418690,0.52867132
0.80422276,0.58175290
0.88825643,0.74276859
0.29218975,0.16462965
0.88851953,0.93084574
0.87911081,0.92125493
0.82084900,0.86562502
0.59824526,0.52665967
0.74470568,0.76739419
0.82479364,0.86697251
0.89765590,0.90608108
0.26234153,0.21021059
0.75331259,0.71524066
0.81677723,0.82290912
0.74376738,0.77031821
0.78832275,0.79810995
0.72253591,0.51792771
0.57190269,0.67713457
0.79824448,0.73488283
0.86218578,0.88671398
0.89891374,0.86932921
0.40649614,0.45771959
0.57229543,0.53966188
0.80081385,0.88286805
0.86880356,0.80708271
0.78037179,0.92190522
0.89126062,0.70137870
0.83779836,0.84829384
0.88857430,0.83466822
0.81475008,0.71924812
0.86838287,0.93329918
0.52460879,0.76857030
0.63437998,0.55803180
0.87124389,0.88090771
0.89666915,0.84025007
0.92658859,0.91762823
0.88296884,0.86246240
0.54682565,0.51923591
0.59592855,0.53985041
0.32970595,0.41860464
0.88790560,0.74591571
0.71053034,0.71431565
0.83373362,0.85822320
0.80670422,0.86392111
0.85184252,0.84782684
0.37072009,0.31394839
0.65807712,0.64767081
0.41408068,0.60114735
0.77585816,0.80974412
0.36407614,0.37164414
0.39361003,0.46460047
0.84716868,0.84319019
0.30140528,0.16497388
0.90864384,0.94478381
0.62646180,0.60501510
0.80471283,0.81430602
0.88130862,0.85963488
0.59075570,0.52581948
0.77320433,0.90674686
0.77434593,0.59478402
0.74610269,0.84960896
0.80825704,0.80011517
0.31261331,0.29427531
0.88279915,0.88049716
0.92062742,0.94305301
0.79586112,0.88107681
0.82433271,0.66533875
0.91244245,0.92313504
0.70721453,0.73524374
0.85759860,0.86621511
0.92384911,0.93106729
0.79342151,0.47980279
0.86947012,0.83803141
0.90218967,0.86684155
0.80861723,0.88924634
0.69909400,0.68040210
0.74808478,0.81234568
0.36826763,0.34900808
0.87628233,0.93970716
0.89927220,0.92941880
0.75119030,0.80512625
0.86153662,0.91325521
0.88856345,0.74869227
0.48676807,0.21674128
0.80363381,0.95140427
0.80281019,0.76357943
0.69348663,0.73503256
0.84779143,0.93443501
0.42439389,0.43088040
0.43208885,0.61491698
0.18198121,0.20233637
0.79565537,0.93137479
0.85606670,0.88597447
0.84259760,0.82273108
0.92448229,0.95281094
0.90748090,0.95226735
0.75745571,0.78538090
0.91038865,0.94541657
0.89313215,0.90407228
0.47850820,0.57378972
0.88735688,0.81096095
0.88287151,0.94468367
0.85119313,0.91102755
0.67802608,0.65889424
0.34378064,0.55896705
0.30315149,0.25727087
0.56522441,0.55153459
0.49605849,0.56407166
0.49367175,0.62411201
0.55565059,0.44689736
0.64988464,0.89418244
0.77055371,0.74401551
0.89290321,0.91926515
0.34989801,0.48811969
0.67286599,0.60936344
0.88579321,0.96453899
0.88596469,0.94567049
0.45944121,0.58518744
0.71268940,0.85896105
0.87306988,0.92436975
0.62392342,0.76619637
0.46276239,0.37865728
0.76605487,0.53696579
0.83900541,0.68268484
0.43338445,0.54181010
0.85759217,0.86332214
0.35168934,0.63521641
0.83594704,0.87784016
0.88813120,0.94144881
0.51600760,0.56423545
0.88824522,0.88804388
0.86353815,0.90700543
0.91424292,0.95015210
0.52343756,0.62058789
0.70111525,0.79883087
0.80703908,0.92123985
0.27707037,0.29284340
0.62987286,0.65918279
0.92886597,0.95156682
0.82863897,0.83087158
0.65513754,0.55090457
0.90753734,0.89478815
0.76495254,0.71079355
0.30968699,0.29572579
0.86622572,0.90395570
0.70369661,0.70062238
0.40618193,0.42544800
0.21823014,0.13499986
0.39000395,0.59261674
0.73210269,0.83686870
0.79049408,0.71431649
0.82643330,0.80535322
0.53210473,0.44080490
0.73691213,0.68046820
0.90061772,0.88211900
0.87898892,0.92337251
0.84011424,0.90806741
0.56982642,0.42550504
0.78856224,0.81607956
0.78520942,0.75267017
0.51694310,0.54109889
0.49056625,0.64185476
0.65973479,0.78316742
0.73042578,0.83877629
0.81439656,0.80120999
0.86669046,0.89555258
0.89941013,0.88730419
0.72284192,0.89329320
0.90667272,0.86925638
0.89952236,0.90426528
0.36748183,0.32794622
0.71176732,0.72307694
0.84041023,0.78880227
0.67108786,0.69225228
0.66617060,0.49802372
0.90200144,0.94826311
0.80983639,0.65071899
0.77983081,0.69458610
0.89963365,0.91751724
0.60620272,0.60509634
0.76042581,0.72117525
0.72439802,0.51230520
0.90128744,0.83057493
0.82660186,0.62790275
0.70808643,0.72464728
0.76905346,0.60357124
0.85243422,0.57811230
0.63806188,0.76451755
0.69596553,0.65460360
0.89339948,0.91930300
0.69996238,0.41803375
0.85007900,0.91481394
0.61111230,0.57398993
0.31467110,0.30924433
0.69390672,0.72230905
0.46166652,0.49731249
0.82392138,0.73707688
0.87009037,0.87325001
0.80853510,0.81795913
0.76049173,0.80513459
0.85503596,0.90945530
0.60143197,0.66351891
0.84306449,0.83636242
0.85380864,0.81954020
0.91600037,0.93428570
0.71738070,0.72480237
0.94152445,0.95489550
0.87090224,0.97859430
0.69632214,0.76543307
0.88949639,0.88159877
0.80692196,0.66364735
0.81914866,0.66201407
0.85541761,0.81898528
0.91616285,0.90554053
0.89830762,0.90113240
0.29150099,0.20370160
0.36387944,0.31864753
0.25587595,0.22531345
0.49608043,0.56835264
0.83298343,0.89218456
0.90530193,0.91149521
0.38594255,0.43312377
0.69957525,0.41225928
0.74479663,0.85576922
0.90318906,0.72041112
0.76492542,0.84452683
0.78660500,0.82641959
0.79423505,0.87013572
0.75068206,0.40221089
0.88503164,0.93004912
0.87333745,0.94750637
0.55105972,0.42811745
0.94258320,0.95471442
0.88935757,0.91122085
0.47951719,0.51083529
0.43581933,0.27325070
0.64250541,0.48874459
0.41698572,0.53219175
0.88492399,0.91258496
0.34256712,0.51421547
0.34867430,0.16824375
0.89204365,0.95793831
0.86327463,0.87224317
0.53013462,0.35857671
0.84088290,0.88580358
0.71544904,0.65312827
0.52158117,0.45671040
0.72844660,0.84324133
0.91106409,0.91488916
0.54709446,0.43936557
0.91945505,0.96191794
0.37322211,0.36642864
0.92964607,0.90795249
0.88448411,0.92329091
0.86422575,0.82083333
0.93118858,0.94758064
0.44996750,0.37408519
0.87771565,0.87000698
0.88202214,0.88083166
0.89854938,0.88705063
0.77612305,0.59842324
0.72737563,0.60643572
0.73552203,0.83627653
0.53283989,0.39646974
0.92935753,0.90601200
0.64865386,0.48900181
0.91235751,0.87262613
0.64090490,0.70908070
0.83854061,0.75484210
0.62312317,0.77926588
0.63276160,0.75887817
0.53861630,0.24975027
0.44740111,0.61219209
0.90294200,0.95826328
0.92865801,0.96291733
0.54913646,0.49350649
0.86279368,0.75180954
0.76137209,0.55396414
0.91714656,0.92468077
0.83152717,0.89616227
0.90083230,0.87778515
0.80740654,0.94268423
0.37017524,0.69172472
0.90535498,0.92317021
0.74125659,0.62751853
0.81428921,0.68234134
0.55463493,0.72234392
0.55715019,0.52153915
0.48830813,0.48065290
0.89759904,0.90427721
0.92141801,0.92455280
0.83734149,0.86911076
0.67166406,0.60090137
0.68794280,0.78461540
0.89531374,0.94017917
0.83605981,0.89266616
0.88745767,0.92072195
0.87978244,0.86983883
0.56487095,0.66580093
0.88060486,0.77782387
0.87312794,0.91726822
0.86995453,0.89858943
0.55006790,0.89878005
0.63515532,0.56363636
0.81975746,0.79968596
0.65829873,0.68719727
0.88179606,0.85790408
0.90034199,0.90293932
0.88006824,0.95863920
0.38678682,0.36549816
0.88138086,0.90652174
0.83680004,0.81130463
0.90450001,0.69390404
0.90392685,0.86177069
0.83175057,0.66614151
0.15684047,0.10867411
0.85907567,0.83432090
0.30690095,0.27899492
0.83628315,0.93369395
0.73242247,0.76367360
0.44430768,0.52248341
0.68937230,0.70664138
0.51315117,0.47202370
0.67379326,0.72612965
0.92828780,0.89943314
0.35938102,0.55499828
0.85903424,0.89636755
0.86565489,0.75809509
0.67571020,0.63974792
0.80983114,0.78104293
0.71558601,0.88610148
0.91772926,0.93431371
0.79473269,0.83934772
0.70093286,0.71283698
0.87034315,0.89842480
0.61707944,0.54730159
0.65095067,0.43214285
0.74917936,0.35497200
0.65670818,0.52035463
0.23569459,0.16419658
0.40705231,0.40966952
0.77501702,0.61902410
0.71268249,0.72706509
0.90702820,0.90523183
0.82291818,0.81309521
0.76673889,0.62879652
0.80076826,0.82935148
0.60459286,0.72596747
0.84089488,0.78171802
0.70411313,0.76299530
0.82681382,0.91868389
0.26007366,0.25794923
0.88988245,0.94805503
0.71234447,0.54948288
0.92225355,0.96323186
0.75602639,0.70808846
0.82065785,0.74844444
0.88507903,0.82007611
0.84985018,0.84158826
0.88708997,0.90366298
0.61969256,0.79571223
0.87423599,0.80758429
0.70784581,0.79464287
0.33809352,0.39908019
0.63160455,0.73734641
0.31397972,0.07455605
0.33467686,0.17020099
0.88291031,0.93589354
0.53698486,0.63321871
0.73412573,0.80233514
0.73978925,0.67605603
0.90963113,0.91330028
0.76572454,0.71992844
0.94097316,0.91117382
0.45122775,0.47939801
0.88092327,0.85910517
0.49200931,0.56120360
0.67963457,0.99609375
0.84276164,0.82705593
0.39397237,0.31308284
0.89215118,0.71998125
0.66578066,0.61743915
0.87325525,0.79744208
0.86473614,0.80658859
0.83209455,0.86582166
0.89295620,0.94588816
0.59922588,0.67820317
0.83689296,0.86383486
0.77547598,0.55416667
0.79393780,0.64915603
0.67774868,0.77142859
0.72370410,0.55404264
0.66323894,0.72441417
0.80423206,0.84533483
0.71818829,0.71924734
0.85903680,0.87103897
0.80994821,0.86925709
0.90203416,0.89299560
0.89928246,0.85965991
0.90939569,0.96687371
0.87640905,0.87602341
0.69239241,0.78267020
0.74970949,0.90069497
0.89893770,0.88417375
0.72683132,0.69139767
0.84751201,0.81770831
0.66902900,0.67526495
0.44316620,0.52850091
0.84131223,0.81791282
0.70731533,0.61894262
0.88572747,0.91690284
0.50287265,0.49491447
0.81875116,0.82243747
0.77442569,0.62001604
0.82919979,0.76807755
0.51478904,0.42000598
0.58893400,0.63359320
0.80269229,0.92971718
0.72369397,0.57530427
0.85695744,0.80952382
0.89876968,0.92160279
0.87429595,0.84482759
0.82959688,0.84970713
0.42002597,0.28383347
0.91111267,0.88441843
0.61541748,0.69579417
0.22752531,0.22469424
0.88265103,0.82103914
0.84445310,0.75675434
0.78146833,0.65243727
0.89769554,0.88136077
0.77000713,0.85177046
0.87878680,0.89009333
0.89072108,0.81751615
0.41027859,0.26774266
0.65200484,0.70526057
0.73227811,0.83430231
0.54501706,0.62772018
0.87086523,0.85244316
0.53170604,0.57725251
0.28696007,0.29824492
0.42936623,0.61118960
0.90934372,0.93584907
0.88754016,0.93856561
0.38889480,0.36630476
0.67143458,0.58595842
0.38408637,0.38987574
0.82447457,0.87111205
0.81456113,0.83429378
0.89558065,0.41153699
0.92112720,0.95909977
0.90087616,0.92901236
0.65826255,0.61069566
0.90015835,0.89789295
0.68024766,0.74303269
0.88597691,0.85485041
0.92131203,0.88345087
0.37438449,0.27619258
0.88838160,0.95724529
0.89924073,0.83617675
0.55117249,0.49744982
0.92298198,0.94597828
0.84615570,0.87699610
0.89118981,0.94724703
0.90676248,0.90196633
0.88835120,0.92557651
0.61256558,0.73717207
0.64999402,0.69321382
0.92485344,0.94005603
0.89406729,0.88258708
0.89813989,0.90425348
0.90336990,0.88550907
0.50684816,0.45869714
0.88359159,0.88097888
0.30675191,0.25123823
0.92615807,0.92153847
0.80888379,0.94516450
0.72099662,0.57412654
0.89999676,0.87704951
0.89761186,0.96241832
0.81605494,0.82477778
0.37508804,0.29932868
0.83399665,0.69225293
0.63497639,0.97664815
0.87845206,0.90223086
0.53744960,0.60148513
0.63815749,0.79319382
0.86356175,0.78682846
0.87248313,0.89248890
0.47679815,0.35644263
0.70151466,0.80514705
0.88809347,0.84663057
0.60708708,0.65003949
0.87720370,0.64214063
0.67784518,0.59708977
0.32410794,0.20019954
0.89954150,0.88225627
0.26010612,0.15344574
0.87015450,0.92121214
0.82431448,0.67571312
0.89350009,0.76544768
0.89580369,0.97370946
0.86454618,0.84361732
0.70548445,0.82224995
0.47529349,0.37674493
0.85080159,0.90007275
0.86312497,0.89105046
0.90537560,0.96345901
0.89952207,0.87839490
0.67843586,0.71089637
0.89539641,0.89089328
0.66207290,0.75335133
0.89648414,0.89259034
0.12667951,0.06829837
0.89548892,0.94404960
0.89747810,0.96098900
0.55970526,0.62072366
0.70365214,0.48020723
0.69986749,0.81188536
0.86557215,0.89475161
0.88773835,0.88479143
0.88918185,0.85508496
0.90240085,0.92049551
0.65153474,0.63504386
0.86907649,0.84325689
0.91377586,0.86173087
0.80383986,0.84849393
0.59537566,0.45001563
0.75801784,0.87728935
0.91266131,0.88124722
0.66757345,0.52454460
0.54168487,0.55092359
0.88402653,0.90826315
0.79999906,0.78231227
0.81325251,0.89741707
0.86930001,0.86492676
0.44106969,0.15921940
0.40543756,0.29984215
0.56112725,0.43859890
0.92089820,0.99230766
0.81659943,0.84102565
0.30329794,0.17442191
0.54061526,0.70329672
0.35568580,0.40908498
0.45756483,0.40095246
0.53378791,0.48571542
0.59248948,0.49918452
0.91331589,0.88721877
0.36871344,0.08909262
0.82209677,0.82946324
0.73512065,0.75512242
0.89870089,0.92004907
0.88443387,0.88721830
0.49219289,0.53965944
0.93258905,0.94276226
0.77266562,0.85317880
0.85108566,0.90883893
0.68392861,0.61259478
0.32504004,0.41220814
0.64620721,0.76328313
0.92595106,0.94481438
0.80305308,0.82163745
0.83049190,0.79190278
0.18424842,0.14329004
0.68121123,0.54568022
0.87992907,0.91237390
0.83098567,0.64533132
0.91528475,0.89040375
0.24215847,0.23491916
0.80638969,0.70512819
0.91999102,0.87333721
0.78065830,0.50275481
0.47145575,0.41492388
0.76102698,0.83216679
0.87240154,0.84765434
0.83193052,0.87943816
0.90890563,0.91746032
0.78335410,0.84982634
0.71948081,0.68396997
0.69251835,0.84090906
0.69391501,0.70183557
0.66185939,0.77616769
0.87324584,0.94641560
0.63022572,0.61118776
0.67911613,0.68366092
0.30422693,0.45492229
0.86640149,0.80246884
0.57294559,0.71277618
0.81193590,0.86717635
0.80106795,0.76205230
0.92583883,0.96383440
0.36039126,0.43993151
0.31327268,0.38756835
0.91588682,0.91624326
0.46760839,0.31154683
0.88666272,0.91513997
0.91873777,0.96767455
0.29468769,0.18740541
0.66900861,0.66513056
0.31169337,0.25474322
0.92735463,0.94279474
0.86356682,0.81180859
0.91747600,0.94845963
0.90052372,0.97481686
0.43655801,0.18055958
0.35406899,0.19880952
0.31470004,0.38651857
0.84883654,0.80794996
0.82622111,0.82167602
0.91995603,0.96399838
0.82847339,0.84096026
0.74261624,0.85861164
0.84010822,0.65253198
0.38171795,0.45501372
0.51070327,0.42889556
0.89525509,0.92932373
0.66823733,0.59381235
0.88506967,0.91048646
0.90362024,0.92507005
0.90784425,0.88690591
0.20464987,0.23253667
0.90466535,0.92717087
0.82126564,0.90045935
0.86594301,0.93431395
0.83571553,0.90154886
0.82021582,0.88411397
0.31858283,0.43741089
0.84493762,0.83839709
0.89796841,0.91226202
0.34566966,0.31578946
0.40589711,0.40491804
0.91254902,0.93180543
0.87807834,0.88696444
0.91090375,0.93975824
0.89403713,0.95710742
0.88813496,0.93605047
0.87110472,0.91082805
0.61515224,0.60890597
0.87425780,0.90525424
0.88772291,0.90705884
0.86107814,0.75723577
0.87867427,0.76311040
0.89328891,0.83497620
0.79783177,0.93640012
0.89626634,0.89069539
0.86273098,0.81720781
0.67339528,0.63918066
0.70309854,0.91938615
0.64697921,0.87966478
0.75519836,0.02964612
0.88691735,0.90822428
0.67187619,0.71300256
0.58164006,0.57531393
0.82055360,0.88143426
0.84052157,0.85934305
0.70013762,0.64706433
0.89373380,0.96249998
0.88677454,0.92266011
0.73224628,0.83189654
0.79664087,0.77686781
0.40948513,0.59934556
0.63767940,0.76567739
0.84932518,0.84105265
0.90826625,0.91954386
0.21960805,0.12743473
0.75938326,0.62894773
0.71713597,0.41752899
0.52935761,0.50101358
0.79790652,0.78430188
0.82913387,0.68559217
0.51826763,0.60607475
0.87208116,0.88823915
0.85410011,0.84758389
0.74054956,0.75931394
0.23883954,0.23200859
0.38489056,0.38606334
0.91516948,0.89179516
0.90031886,0.94080716
0.64625537,0.46410990
0.73407716,0.65484893
0.86022592,0.31590417
0.34937352,0.24041301
0.90980655,0.94095367
0.87032890,0.87500000
0.36437923,0.61891466
0.90972537,0.92870259
0.28105524,0.27204525
0.59683961,0.45376888
0.72990519,0.57336152
0.88814169,0.87294120
0.80182326,0.85196078
0.86914498,0.85354626
0.90076733,0.97498119
0.47591275,0.42754343
0.87823707,0.94963878
0.49811789,0.45171499
0.92507070,0.96791446
0.89524305,0.86007518
0.87872434,0.83196211
0.88591975,0.85797906
0.84787446,0.91861320
0.52242124,0.35621205
0.87818456,0.85198003
0.77312148,0.79217917
0.57302111,0.17416899
0.92490512,0.91427881
0.83335388,0.87962961
0.72917616,0.47461370
0.86133742,0.92484587
0.91704476,0.91949022
0.67529732,0.60943729
0.61404455,0.77308971
0.86305904,0.87145025
0.58401614,0.55161566
0.62941116,0.63959783
0.33128110,0.34424084
0.75659132,0.69670886
0.59656256,0.71045119
0.88248336,0.73442084
0.35791361,0.45881557
0.67901254,0.66664827
0.84742355,0.93217814
0.89927387,0.81453234
0.58971477,0.75454545
0.78367352,1.00000000
0.81056285,0.93357509
0.74240273,0.71567297
0.84763497,0.84580421
0.73736233,0.80489445
0.66900897,0.77475005
0.81376994,0.74435073
0.89542568,0.88111013
0.33885947,0.25292870
0.89590186,0.93983138
0.85445070,0.94122696
0.86395288,0.85635376
0.89685154,0.80575335
0.72700405,0.85893720
0.74988341,0.93557674
0.84768540,0.90379173
0.28596497,0.14004968
0.90001220,0.83660132
0.91369343,0.93454885
0.44339028,0.26287934
0.84562451,0.91712707
0.64412504,0.65285587
0.76107055,0.76490575
0.62983954,0.58143669
0.43557304,0.12236842
0.82927781,0.93267488
0.84083945,0.95400006
0.84919071,0.85818166
0.90697432,0.91877991
0.81006300,0.72395557
0.74913794,0.80206394
0.19410291,0.10837964
0.47702098,0.16903889
0.90877193,0.91320348
0.79477853,0.68061656
0.89052773,0.93670887
0.39722648,0.37096778
0.90108430,0.87613404
0.91103494,0.90014768
0.71081722,0.89949495
0.91273957,0.91311008
0.77367014,0.51841706
0.84771001,0.89685607
0.84153676,0.86471170
0.81364739,0.83123648
0.31300664,0.25009397
0.89517087,0.92673993
0.88198304,0.89891565
0.83187729,0.84587008
0.90255976,0.90423000
0.73267466,0.73255002
0.91173625,0.92189580
0.89784932,0.88496912
0.88917816,0.71860522
0.67330116,0.74341798
0.90928924,0.92109185
0.80481386,0.99761903
0.56712282,0.46135831
0.80886924,0.71771282
0.89615554,0.87048554
0.78615427,0.72692442
0.64137667,0.57671326
0.72316086,0.88399357
0.33455729,0.40305534
0.85921621,0.88357663
0.87402910,0.94397849
0.52226955,0.66152561
0.72625029,0.75018382
0.88893157,0.93260264
0.88529050,0.85270655
0.67291439,0.55598551
0.57554531,0.68247974
0.88798124,0.90051502
0.90199435,0.96181631
0.86663687,0.95810419
0.89180559,0.88069820
0.81334865,0.83784002
0.76892102,0.88187933
0.75445080,0.54209012
0.67020023,0.77091575
0.74885452,0.81152558
0.69214588,0.61299437
0.91263491,0.87382627
0.66234171,0.62929517
0.87266493,0.88459653
0.91649389,0.97421932
0.29467183,0.30498749
0.31205744,0.23558581
0.85997409,0.89388430
0.71590060,0.64270473
0.23585422,0.35376799
0.90772861,0.95362890
0.88760149,0.95308578
0.34424335,0.49136579
0.94863081,0.96046054
0.75166732,0.69312167
0.90415633,0.94805765
0.82853991,0.81778711
0.86958778,0.84878772
0.77218938,0.85112309
0.84794396,0.73909897
0.83890682,0.89631337
0.72494400,0.54158878
0.34344131,0.11928131
0.88168722,0.79812777
0.71146238,0.79585254
0.72692108,0.81701428
0.84456205,0.83949620
0.76547426,0.89025772
0.73029494,0.65752423
0.74133956,0.75183153
0.89336753,0.84598374
0.86245722,0.89336401
0.88434780,0.92591268
0.73336887,0.20265526
0.90812480,0.91118538
0.88707727,0.87318838
0.32164010,0.39870444
0.87919784,0.95628518
0.91892737,0.93480587
0.89592302,0.68611109
0.70800024,0.80030638
0.60710460,0.58126551
0.89598107,0.89695305
0.65382725,0.67022020
0.51554388,0.55239910
0.80213994,0.85537314
0.87602675,0.94570857
0.87747908,0.87090105
0.40821946,0.34116378
0.90854520,0.91170633
0.85702419,0.75524253
0.77116370,0.78257108
0.89510638,0.71781015
0.55513400,0.55659592
0.33415982,0.23622312
0.90436661,0.90851682
0.69055027,0.69989014
0.83480251,0.82449800
0.57035309,0.36360854
0.72650218,0.74996972
0.89203495,0.98918617
0.40408900,0.58207434
0.83207047,0.79490948
0.89151329,0.89624220
0.61406887,0.72093529
0.40574986,0.47539854
0.73791838,0.71786344
0.41541111,0.30410188
0.92201859,0.92258757
0.89100397,0.85097408
0.89743787,0.97181028
0.91114134,0.97244811
0.62432992,0.74257195
0.88036633,0.83984154
0.91082662,0.95610476
0.89645731,0.89228970
0.90535688,0.95104462
0.41104940,0.48661110
0.71078169,0.23532061
0.90648377,0.94193619
0.84033686,0.94814813
0.71188235,0.76838869
0.89900196,0.91721088
0.86308312,0.71718627
0.87476903,0.87530082
0.81843424,0.80126286
0.84080058,0.87911576
0.90391594,0.87978101
0.63201147,0.76279688
0.67507219,0.59722221
0.77572489,0.77453446
0.84192300,0.83986402
0.32471779,0.33316183
0.90643907,0.92045456
0.20118895,0.16410257
0.86728752,0.87043571
0.93003130,0.94557279
0.92110175,0.89435160
0.89659083,0.87352216
0.80850613,0.78661382
0.92247045,0.93115294
0.43273288,0.33930302
0.91521621,0.96018147
0.91415530,0.88915795
0.49529189,0.62549937
0.36253604,0.42995441
0.83171421,0.86061025
0.80515516,0.82341480
0.76707715,0.61313039
0.90224135,0.85261708
0.89105839,0.93497360
0.92411518,0.93336874
0.90509385,0.92636108
0.86479843,0.70151520
0.40013093,0.43657759
0.88336581,0.89725381
0.86142999,0.89741272
0.83508074,0.92162603
0.91406953,0.96660280
0.86767346,0.87866646
0.83144206,0.92998105
0.87881637,0.94204807
0.28390825,0.40268132
0.94018704,0.96721530
0.92015654,0.82956123
0.89010167,0.93272763
0.37264478,0.28030348
0.77352607,0.84774113
0.57220101,0.66428322
0.86468732,0.85773218
0.86864024,0.83218777
0.75925511,0.67524999
0.91235894,0.86763257
0.73876464,0.45857561
0.83375347,0.55131948
0.62409341,0.57006878
0.88963926,0.91356343
0.27020729,0.35344827
0.80497885,0.68637580
0.78934556,0.85277158
0.37983412,0.51030177
0.91404843,0.86988801
0.90116876,0.89293605
0.57116485,0.51675773
0.90646881,0.91071427
0.88713020,0.91369045
0.85253221,0.76848835
0.13745710,0.12009080
0.38002542,0.33951929
0.64906192,0.57617915
0.76812690,0.73087358
0.84774971,0.89735472
0.65907848,0.20103613
0.39245161,0.39131579
0.90535414,0.91408473
0.85878313,0.85691029
0.90498573,0.91631782
0.80518430,0.77734041
0.83008933,0.56578946
0.90228772,0.90342987
0.91295624,0.80230767
0.42684060,0.64375412
0.91153991,0.93873984
0.84528041,0.73178452
0.89275134,0.90988481
0.39182442,0.25153777
0.88169181,0.86816931
0.51986903,0.52582270
0.84553599,0.84114772
0.91811705,0.93597382
0.12624368,0.05177786
0.89864349,0.94183105
0.84723955,0.83697361
0.89422095,0.88469118
0.80172217,0.21718000
0.16361758,0.13375518
0.81109089,0.88863069
0.85447711,0.89505064
0.90944397,0.93717951
0.89278209,0.96428573
0.46046120,0.42815128
0.46229044,0.82392406
0.72100329,0.71136653
0.71980172,0.72151899
0.37424833,0.29105273
0.89301884,0.88285232
0.91355383,0.95917141
0.90343273,0.88766891
0.75152087,0.75831223
0.93449616,0.94079292
0.34817824,0.27233332
0.89055133,0.92894202
0.84738219,0.74482477
0.64199430,0.68835163
0.60268956,0.69626689
0.69128931,0.76337951
0.54561192,0.52755839
0.32180440,0.48439011
0.84802425,0.81957686
0.74897581,0.64755809
0.64053786,0.69263530
0.90931034,0.93752217
0.43871111,0.59006566
0.73251092,0.81194216
0.71548307,0.55855328
0.87445980,0.92853534
0.31142220,0.31734344
0.88627768,0.92831528
0.75682396,0.72871143
0.91092885,0.90732759
0.93030536,0.91167587
0.88547057,0.89145327
0.75980204,0.60457516
0.49749559,0.55800653
0.59972346,0.51890302
0.87293005,0.91044778
0.76890582,0.80315363
0.90189707,0.93414629
0.45847440,0.30079299
0.91966152,0.86599702
0.82255292,0.84880590
0.42533505,0.32693663
0.74700379,0.79857057
0.66324323,0.81092477
0.90909469,0.92455530
0.50894880,0.51497561
0.81979328,0.89615589
0.64548564,0.40874887
0.89874536,0.89347422
0.86240464,0.88959527
0.87208587,0.89362514
0.87369233,0.94016254
0.88715243,0.70615774
0.73445106,0.74715853
0.82185555,0.77799922
0.33936089,0.38993159
0.78515017,0.88015294
0.79506302,0.73414218
0.90448761,0.91260988
0.69229251,0.58093786
0.50581634,0.32032537
0.87482750,0.91386050
0.89065498,0.83528072
0.89470053,0.90238804
0.83051342,0.86159825
0.62899095,0.55233061
0.57944143,0.84287149
0.88131177,0.95948678
0.65777785,0.78245258
0.70090240,0.85784400
0.76646477,0.82536179
0.41278902,0.40037879
0.33627278,0.37431037
0.85931724,0.82199389
0.91912204,0.53693014
0.84833211,0.78574461
0.34853384,0.22848853
0.88664424,0.82250047
0.67261159,0.73024690
0.82359183,0.89206827
0.89064431,0.92170960
0.63189197,0.44967532
0.88635951,0.92603070
0.54176360,0.51326311
0.61190826,0.78067976
0.83268595,0.88254195
0.62508935,0.77216905
0.82483470,0.94628650
0.84632808,0.84378111
0.84432399,0.84498900
0.71911788,0.65070677
0.85521960,0.87078249
0.88803440,0.88635421
0.85735512,0.87408596
0.62921268,0.68906432
0.47860953,0.49958915
0.89158416,0.91602910
0.88514566,0.84021819
0.81905043,0.78692722
0.58716035,0.58999157
0.86294246,0.84815788
0.82151377,0.84443849
0.80708063,0.78091633
0.73485500,0.84737122
0.18856636,0.17152122
0.58955151,0.54855615
0.91003513,0.94437683
0.90633583,0.92429012
0.73671782,0.55621076
0.81246126,0.81466025
0.88787460,0.80726790
0.84125870,0.78682929
0.90956664,0.94617754
0.88592923,0.88148147
0.56087178,0.67054486
0.76666838,0.85064381
0.88984442,0.92771083
0.83382589,0.75047678
0.92161453,0.95686454
0.86026508,0.87358367
0.33784035,0.23834726
0.67500019,0.77629673
0.87976730,0.89035308
0.92735076,0.97187579
0.90262949,0.90651137
0.72475028,0.90096408
0.60035682,0.53995329
0.91535926,0.98958331
0.85738575,0.76987988
0.91360253,0.91929823
0.64873832,0.66241825
0.69389236,0.64942288
0.90455949,0.89044762
0.49153069,0.67610937
0.74494720,0.72676283
0.82132328,0.76720375
0.86149955,0.83216292
0.90654272,0.90534341
0.88879377,0.96796197
0.88395566,0.87003565
0.61159116,0.63031000
0.91283661,0.92950636
0.88064551,0.88743019
0.88164937,0.87090665
0.80996460,0.70694989
0.91077346,0.97563297
0.83759224,0.79623288
0.86518657,0.88405353
0.41608065,0.49265650
0.90237623,0.99444443
0.87367326,0.79036933
0.79732692,0.70986301
0.92237461,0.92288488
0.38451251,0.30756614
0.65255100,0.68696600
0.75746721,0.86625421
0.42825657,0.35050800
0.56008124,0.46106213
0.69481015,0.44303864
0.91384065,0.87660164
0.85443699,0.83545738
0.89784902,0.85069126
0.89197171,0.81162632
0.46650299,0.57950193
0.55596125,0.73750222
0.90949714,0.95530301
0.91386878,0.95363468
0.31241179,0.32808661
0.52195305,0.55121565
0.91092217,0.92689967
0.87570029,0.90217435
0.90325022,0.88427126
0.60196972,0.65315610
0.87759691,0.87675571
0.66409743,0.66503936
0.08836877,0.11494103
0.64772844,0.67119473
0.77294838,0.79233122
0.59398484,0.66094005
0.86878848,0.93963963
0.77459633,0.69750714
0.80089581,0.85764241
0.53773999,0.52840298
0.62194043,0.73471564
0.87307012,0.89596272
0.59152621,0.35766375
0.68923765,0.63896549
0.47844031,0.40296757
0.87687516,0.88704634
0.45436108,0.45070335
0.78846163,0.83443046
0.55688387,0.47934622
0.82066453,0.67756408
0.95870161,0.93684494
0.59404194,0.56713766
0.85365784,0.90593648
0.62176144,0.70142967
0.61206353,0.50965667
0.75352299,0.88671875
0.61635751,0.52885211
0.91486675,0.83463115
0.55161768,0.34641609
0.91016877,0.82876712
0.87942827,0.91406453
0.36012989,0.30129331
0.28655767,0.63616073
0.77994275,0.04845155
0.84420061,0.88600469
0.60479689,0.61904764
0.53114796,0.45204136
0.80795574,0.81475151
0.65296674,0.90451390
0.29291254,0.22177146
0.45095587,0.29945654
0.77753091,0.68983757
0.90963668,0.91415662
0.86819565,0.87006044
0.67758054,0.80337584
0.91941017,0.96874243
0.88511300,0.88009894
0.78703076,0.85188872
0.92547810,0.93316805
0.89967209,0.90077287
0.76327527,0.80911100
0.25450572,0.11408894
0.84932196,0.85279375
0.87384814,0.93032849
0.90354896,0.91492677
0.75398153,0.90733528
0.83572519,0.81771487
0.86226922,0.91498768
0.90174115,0.95652425
0.93741113,0.90646917
0.50314564,0.64652777
0.74625444,0.58315706
0.91410869,0.85891318
0.76135314,0.69257730
0.89414650,0.94185799
0.86248893,0.88832200
0.83146411,0.85598040
0.77494800,0.78168249
0.87107432,0.90263158
0.69405079,0.83303654
0.89684904,0.91967493
0.77670449,0.71624804
0.88319719,0.80990237
0.92243063,0.90912700
0.81435573,0.80256462
0.54289448,0.59552443
0.30645800,0.23681186
0.66292822,0.50253379
0.53297412,0.54191619
0.22724919,0.18189681
0.42390606,0.42438155
0.76589155,0.72044647
0.84091562,0.91439730
0.91018844,0.91684574
0.90659016,0.92506206
0.30144531,0.24160588
0.36883435,0.27595365
0.90186316,0.85697168
0.70480788,0.66573411
0.82516223,0.89220566
0.64007640,0.47112080
0.58040857,0.48271435
0.81496036,0.77254188
0.86215347,0.96651059
0.84254086,0.72334933
0.92248672,0.64689296
0.47496170,0.72345650
0.21401072,0.18042041
0.84019917,0.60098600
0.57421613,0.49399674
0.70282555,0.71402138
0.90526855,0.94178361
0.51604736,0.29500368
0.86788273,0.90296113
0.26202029,0.05136472
0.90552127,0.94964486
0.35748091,0.47654912
0.57441056,0.55289757
0.88536638,0.81119543
0.83110905,0.90784472
0.92190391,0.89685374
0.78795123,0.67636144
0.70882297,0.40288460
0.39059010,0.42986614
0.92937887,0.98393756
0.47833556,0.61065215
0.77770442,0.65012896
0.90084100,0.95646000
0.49992537,0.50420672
0.90949583,0.87978321
0.95899642,0.92094803
0.70226187,0.66511738
0.57580769,0.60660034
0.43779331,0.44250327
0.90079957,0.89464885
0.92976886,0.92523944
0.90220487,0.94815439
0.72498256,0.88486564
0.74609530,0.83461541
0.82667899,0.87142307
0.87605149,0.83375567
0.71730649,0.56789601
0.80525464,0.84102881
0.89167196,0.85782647
0.64495629,0.67394406
0.90024006,0.95129144
0.72762001,0.59579164
0.90701616,0.87803340
0.89180773,0.86035794
0.70675725,0.66070873
0.76296109,0.82681078
0.77702361,0.67062145
0.80358005,0.58097559
0.36652535,0.39346027
0.26109320,0.34014612
0.27075768,0.21975319
0.72857463,0.59207392
0.82142496,0.87201297
0.76169121,0.78771836
0.72770381,0.70762616
0.73924464,0.67272651
0.78517002,0.87387979
0.85696483,0.96345621
0.46762183,0.42077038
0.39157516,0.15829608
0.92880464,0.91199678
0.90301406,0.95495719
0.35143954,0.35403588
0.64870167,0.66532016
0.87506396,0.92055923
0.71605909,0.91490322
0.90252787,0.97001278
0.89346713,0.88018858
0.88769615,0.93117476
0.93577188,0.95382863
0.82849282,0.86244410
0.76912451,0.73442101
0.90554249,0.91228068
0.83712608,0.93927830
0.59153950,0.46267676
0.71975398,0.70179617
0.90397841,0.91501409
0.92479241,0.91996789
0.59016508,0.54710144
0.38459006,0.31135127
0.89081013,0.93886197
0.90422606,0.90465760
0.87372452,0.94040430
0.57279301,0.66389376
0.82146114,0.82772726
0.91697401,0.91983473
0.41056684,0.39805523
0.88231975,0.87549829
0.59915841,0.66744733
0.86500049,0.79849559
0.84072864,0.85115749
0.80242431,0.81344086
0.88063633,0.87896824
0.83770996,0.66121429
0.66785735,0.55836362
0.63430703,0.51431823
0.91028994,0.87147808
0.91741365,0.91590399
0.88572955,0.90799302
0.91583186,0.85250485
0.89286518,0.96512985
0.90019625,0.95205468
0.85059547,0.91211528
0.65891159,0.65570402
0.83312231,0.75059289
0.86091524,0.72716153
0.75842059,0.57137841
0.85824859,0.76650643
0.91133654,0.91661173
0.76532102,0.76482922
0.69203746,0.74185425
0.50258446,0.31294981
0.92759335,0.96527582
0.84452856,0.85145080
0.89599067,0.80889010
0.78529143,0.76749974
0.40142566,0.41971815
0.88181388,0.84762043
0.71003985,0.87377679
0.22256587,0.40974379
0.59934825,0.66561794
0.88011980,0.82890910
0.77008528,0.86212122
0.73291624,0.68294156
0.25241038,0.31551424
0.84926486,0.72432435
0.89865541,0.87636930
0.86607885,0.89229268
0.38652137,0.70499414
0.91985118,0.94096440
0.83613837,0.69155443
0.39491305,0.42263299
0.83977008,0.78516775
0.83639264,0.73881149
0.63842833,0.26188931
0.82055330,0.92157781
0.61044884,0.71014494
0.64056867,0.63020581
0.31180337,0.46329337
0.62239575,0.48507112
0.66531563,0.77320921
0.43301156,0.51368695
0.94669497,0.95154363
0.70915437,0.82196611
0.41763762,0.31492946
0.88170660,0.86184406
0.91105568,0.91306508
0.83329093,0.81522924
0.31418601,0.29763985
0.90398771,0.91791171
0.89386255,0.84123367
0.88300407,0.86639059
0.61008334,0.70728254
0.47052163,0.50532764
0.82056534,0.75413793
0.73487830,0.79802209
0.33741808,0.06908450
0.38928819,0.46709225
0.64201099,0.48625547
0.77983242,0.91732252
0.90401614,0.91885495
0.56282538,0.35408440
0.89314997,0.91003817
0.71715230,0.76037735
0.57813734,0.57758534
0.91980726,0.90748078
0.92562336,0.92078489
0.57993537,0.43711427
0.88998979,0.89867485
0.47116101,0.58305603
0.73237681,0.66135561
0.48995176,0.60321182
0.71758723,0.78839141
0.89179391,0.87336266
0.92590106,0.91758722
0.89273274,0.82968795
0.89894289,0.94885772
0.76717436,0.74861449
0.91602242,0.87827450
0.80533957,0.85758328
0.62914717,0.82503259
0.75941688,0.79437703
0.79638600,0.77544993
0.75993943,0.96475953
0.91415566,0.88080531
0.90728348,0.93811256
0.63581502,0.53290743
0.90005219,0.88905644
0.85776949,0.82162529
0.86624968,0.82956201
0.47406217,0.54464805
0.77443320,0.85636365
0.90319812,0.93567741
0.53677040,0.62207139
0.71764171,0.75282866
0.78373587,0.83056438
0.50027615,0.60219049
0.65579116,0.59485096
0.80111450,0.92739350
0.31418619,0.36347941
0.87093574,0.93956929
0.61345756,0.58518565
0.38115829,0.31247404
0.89064187,0.84383649
0.61876512,0.60194921
0.86316639,0.90385151
0.89677590,0.91632074
0.81609166,0.79541570
0.88685179,0.92923933
0.88278258,0.87799019
0.87160623,0.91084057
0.52031058,0.60825026
0.75674713,0.80930573
0.35289663,0.44092557
0.91852456,0.93097347
0.88890284,0.94509882
0.87932986,0.82213134
0.62611592,0.79500026
0.84293634,0.73055553
0.58150709,0.65812683
0.85873508,0.89912975
0.78711736,0.60179102
0.78958321,0.67281604
0.76208943,0.68463725
0.88269091,0.98814118
0.33467814,0.46337771
0.59138691,0.68644661
0.78523707,0.84266508
0.80153263,0.79233730
0.74657679,0.84904999
0.47735789,0.62392473
0.89089906,0.87537408
0.87477660,0.86046410
0.84198493,0.92244172
0.70701379,0.12338441
0.86002946,0.92666966
0.91108084,0.89816177
0.90278614,0.92510438
0.77247626,0.78233039
0.81681228,0.88588852
0.74141240,0.63951617
0.89741617,0.89922249
0.43515918,0.43105555
0.45435238,0.26039925
0.56332606,0.57132524
0.36853677,0.52865130
0.33444333,0.34113720
0.89992434,0.85555959
0.61481023,0.68694735
0.86988026,0.94155842
0.55924606,0.67960298
0.91137803,0.98026317
0.69040567,0.71152312
0.81759107,0.11945333
0.91783285,0.91170597
0.92522115,0.94761902
0.89855933,0.87409574
0.63457245,0.63698959
0.90638053,0.91972297
0.72039914,0.60412472
0.23959418,0.17510287
0.69232923,0.65124583
0.92448711,0.94237727
0.86102223,0.81131107
0.90225577,0.85678673
0.87393773,0.89682353
0.69547284,0.68675578
0.75100273,0.69969225
0.85433686,0.89197922
0.91964227,0.93751657
0.56445217,0.52735651
0.65494800,0.67539680
0.81289744,0.81089741
0.92663485,0.93118787
0.37176019,0.23821059
0.79884452,0.88850033
0.30363894,0.29759315
0.89834553,0.98387098
0.88862306,0.68531996
0.90842015,0.90717655
0.76690167,0.63645130
0.71136594,0.63410997
0.68964040,0.56390709
0.36375821,0.38640112
0.62832183,0.59971195
0.68354899,0.81190509
0.77547014,0.77822804
0.89799619,0.94847524
0.45272699,0.50519210
0.88315713,0.93418801
0.91148925,0.94858783
0.89632332,0.86462289
0.89327097,0.93756014
0.87462878,0.81495655
0.48872074,0.48136434
0.41153485,0.37597519
0.71019810,0.70359051
0.63494152,0.62592953
0.63072789,0.51125449
0.60125983,0.54233509
0.89484632,0.87815273
0.37913057,0.49069935
0.85014725,0.90702724
0.93505764,0.93976974
0.85856456,0.93013632
0.81516743,0.91496599
0.55105257,0.46256721
0.61354202,0.81667751
0.60342973,0.61455625
0.89356893,0.86431748
0.90582299,0.92088908
0.93537730,0.95627242
0.43782595,0.35047990
0.38079855,0.27582550
0.88952368,0.89698404
0.57442129,0.49309525
0.63722324,0.59674865
0.86071950,0.90041858
0.70215577,0.84657222
0.81417090,0.74964249
0.83325118,0.84259510
0.90969962,0.92773968
0.84663182,0.86005497
0.47225177,0.43663746
0.52706963,0.65562260
0.77459848,0.77084839
0.86877126,0.88929200
0.73682356,0.56137246
0.92135292,0.95222330
0.88260144,0.93880033
0.86560917,0.61130273
0.61448407,0.66463548
0.74864107,0.57126212
0.63858438,0.81140125
0.89731276,0.87110692
0.61253709,0.51611155
0.80536449,0.82379520
0.89308840,0.92742449
0.83655131,0.86062193
0.90307474,0.87861025
0.78799772,0.76460183
0.57872528,0.62398291
0.83763850,0.88543117
0.79251242,0.65755576
0.73434556,0.71240228
0.88803947,0.88966560
0.56711578,0.61563998
0.29199782,0.27041593
0.89164126,0.82627690
0.35495579,0.36762342
0.61690474,0.70276552
0.77637446,0.76733917
0.47406876,0.50571364
0.89328307,0.89392662
0.80019647,0.70371163
0.87515843,0.92180008
0.90711141,0.95222223
0.92184460,0.97394812
0.86225390,0.87787205
0.33804628,0.26346931
0.64826703,0.60044956
0.88894939,0.88773692
0.92721027,0.94300526
0.65664852,0.65546620
0.77496898,0.88994503
0.90394503,0.94645202
0.80547988,0.85202897
0.85390633,0.84666324
0.92153233,0.92938083
0.62950605,0.65601927
0.63579768,0.79284823
0.78648061,0.86666667
0.46006390,0.49213353
0.88924837,0.90919971
0.36131009,0.37278584
0.55152559,0.61247760
0.90462440,0.98069954
0.88696903,0.89074618
0.81360644,0.92161173
0.80591857,0.78991175
0.59270108,0.50117564
0.89933109,0.92743641
0.90944958,0.93714100
0.64960694,0.62839681
0.85064316,0.86453646
0.60598218,0.51834238
0.46183160,0.51592159
0.89490831,0.91337049
0.84702694,0.84103644
0.31939349,0.26368701
0.92289698,0.94897270
0.85812604,0.86834514
0.84040409,0.83479828
0.35259235,0.32072389
0.89224863,0.91436714
0.82428354,0.92822248
0.80878592,0.66482651
0.80012691,0.87753588
0.92157084,0.95978361
0.86844838,0.88037038
0.67894459,0.82229638
0.88449854,0.81553066
0.88446295,0.90870708
0.26629758,0.22173683
0.83033597,0.81991667
0.89678943,0.88727701
0.89267868,0.97264469
0.88052726,0.88453460
0.35720816,0.39998743
0.82278943,0.72426903
0.32649809,0.37020344
0.67424470,0.62159497
0.85236007,0.80033547
0.86665523,0.87703180
0.86727422,0.72613961
0.91167140,0.91932911
0.72370464,0.80875707
0.84412873,0.96621388
0.76864654,0.73590565
0.47832191,0.53175282
0.88279074,0.95569479
0.60371554,0.85787910
0.86747462,0.91462767
0.85586751,0.84964156
0.88856316,0.92041367
0.71428347,0.43037850
0.73981059,0.65663856
0.35098112,0.34939492
0.92645609,0.91933256
0.75975043,0.79794973
0.90828121,0.24443860
0.21653996,0.19908604
0.86992812,0.92154646
0.66466463,0.79469872
0.56392938,0.67562401
0.77774942,0.79151249
0.58006310,0.66866726
0.80799544,0.84853733
0.66343725,0.66561460
0.66375899,0.81181318
0.19870026,0.16883211
0.63711661,0.69151980
0.90720809,0.94042695
0.71177810,0.57627106
0.35005179,0.52826089
0.91252124,0.93764573
0.90012074,0.87558526
0.33614075,0.41945186
0.53491932,0.40059206
0.90788829,0.93563622
0.87417948,0.81188291
0.27081293,0.14387700
0.40180087,0.67460316
0.84960335,0.75912517
0.76415366,0.69298339
0.92250478,0.92375308
0.82217610,0.94433659
0.76967239,0.33902389
0.89539814,0.88370687
0.62625575,0.60963219
0.83642632,0.91833335
0.62532800,0.58405799
0.71497560,0.75930297
0.90972894,0.87258023
0.90671128,0.93895632
0.38778770,0.43178505
0.55960613,0.38442686
0.59963983,0.56603146
0.71886450,0.71205699
0.38022384,0.32590580
0.90831339,0.88000000
0.11942953,0.09435582
0.93010920,0.93921590
0.86522245,0.94690579
0.87257212,0.86420643
0.82587034,0.86055839
0.88678497,0.82858294
0.89192224,0.91889256
0.84077227,0.79470009
0.48265535,0.47681984
0.91777962,0.91692543
0.79862219,0.76311851
0.52924353,0.53652096
0.52318728,0.43902439
0.91681296,0.92598152
0.31885436,0.14750355
0.31479850,0.12500930
0.82665378,0.94349796
0.84916818,0.90295762
0.91183007,0.93720138
0.88623941,0.90058959
0.32877791,0.21902834
0.51081955,0.37369376
0.50371069,0.24889717
0.89095831,0.96393663
0.50754833,0.78216499
0.87391239,0.79706925
0.22302411,0.23380351
0.88479292,0.80832392
0.84076518,0.81209868
0.71048564,0.72360629
0.86751240,0.93560302
0.43577573,0.42252624
0.79551655,0.76539201
0.88892734,0.97972971
0.91049874,0.96800590
0.72160512,0.77814007
0.67703903,0.67242688
0.57947230,0.55221295
0.68644440,0.48824480
0.11173117,0.07052541
0.89735907,0.89690268
0.91129673,0.92507643
0.39890376,0.54578048
0.89996737,0.91136366
0.91442901,0.91526860
0.81436384,0.88864428
0.36112481,0.31234205
0.79931676,0.68848288
0.89503831,0.90304595
0.55187505,0.56129384
0.88455993,0.84524548
0.43447641,0.30743930
0.41115081,0.52422714
0.84412265,0.71524698
0.66997755,0.64460522
0.79708511,0.90030444
0.92320132,0.94745803
0.86838424,0.88062829
0.88720083,0.92783791
0.90205812,0.92027003
0.22708699,0.17943431
0.57350636,0.95145631
0.90809196,0.93441278
0.68980032,0.68503690
0.89109743,0.87123710
0.82412362,0.88809526
0.74835682,0.69953054
0.68736827,0.81813127
0.33950636,0.37159628
0.39425373,0.29625952
0.30423123,0.28532243
0.88650662,0.85054159
0.73884380,0.92562938
0.82318980,0.87106997
0.89703572,0.84478593
0.62230051,0.73150969
0.88291889,0.92903388
0.83626056,0.76272196
0.12237585,0.08568238
0.56329262,0.76789194
0.54405910,0.81197923
0.47777024,0.48532185
0.82751924,0.79078865
0.73490620,0.65116352
0.91659904,0.96470785
0.50092024,0.55118233
0.76086295,0.78396225
0.89485574,0.77738202
0.82092869,0.86583269
0.82662910,0.84166664
0.79789257,0.70324481
0.94137418,0.94711012
0.71957123,0.85160482
0.92088932,0.93683344
0.74039751,0.58848786
0.86772925,0.88028342
0.90940481,0.84917581
0.62174714,0.70565295
0.56605172,0.41524440
0.39093974,0.54964250
0.45343733,0.69148803
0.87633216,0.95602828
0.87773842,0.83180285
0.60293931,0.79387879
0.39759865,0.47865498
0.67935145,0.90606135
0.92097878,0.95982093
0.87608469,0.81467670
0.87330842,0.78690267
0.36548871,0.17064413
0.86910278,0.84632868
0.88827968,0.93790323
0.76451612,0.85245901
0.75498378,0.47078872
0.90671301,0.84759617
0.56800216,0.76904571
0.69195271,0.67385155
0.68454069,0.73476619
0.82352245,0.88548368
0.67480856,0.70113432
0.86412233,0.84885603
0.88859481,0.90338469
0.85598296,0.82758075
0.57469064,0.52502859
0.80532098,0.65216792
0.65268987,0.62694097
0.83905512,0.83595008
0.86935949,0.93602693
0.90291673,0.83276290
0.90057933,0.85947710
0.79581821,0.79183537
0.90507984,0.95738298
0.53643829,0.66735572
0.48310468,0.64438772
0.61450899,0.56597847
0.85010499,0.64929682
0.58024156,0.61122042
0.75225306,0.66178775
0.77180541,0.65776700
0.88549602,0.89681071
0.74640393,0.76346344
0.87832654,0.95932311
0.92152488,0.92198241
0.33656174,0.48826945
0.16121277,0.10680799
0.66619378,0.68948412
0.36187312,0.29136214
0.85588622,0.97972971
0.80140471,0.80772376
0.77656358,0.76360542
0.88201582,0.84191996
0.85171241,0.77688491
0.60784119,0.78312802
0.87949067,0.84217387
0.87653899,0.90997022
0.89990067,0.90726715
0.91749811,0.93198651
0.90427345,0.81842673
0.86825287,0.79706222
0.82362717,0.80172646
0.34077072,0.31707820
0.90950477,0.95548791
0.87955570,0.86841512
0.84634638,0.84227818
0.89862037,0.84136605
0.86060524,0.84452415
0.89151847,0.83379704
0.80299646,0.80149972
0.38136297,0.48747450
0.91846716,0.98148149
0.86262035,0.87855417
0.75999713,0.64632630
0.16315356,0.13333993
0.58002394,0.59449309
0.75927937,0.80787051
0.48571414,0.39782366
0.81097597,0.89029396
0.81346250,0.83938628
0.57240802,0.47833067
0.80011976,0.68499780
0.63768756,0.60607290
0.89293802,0.93123323
0.91573256,0.86792201
0.84914201,0.88176209
0.49260470,0.62249100
0.86727196,0.87446427
0.86782157,0.85988402
0.78116548,0.83945477
0.89053249,0.92678893
0.57980412,0.45893669
0.78087556,0.76620084
0.68506175,0.65751547
0.90421420,0.86638761
0.91184330,0.93196636
0.87437600,0.91527689
0.50418824,0.43201447
0.63614178,0.69329590
0.87914026,0.82569033
0.89151156,0.90167713
0.89899212,0.93781269
0.74795914,0.99166667
0.18545657,0.07119388
0.84380251,0.91083103
0.82011318,0.85227573
0.35520971,0.22015037
0.43217629,0.33580360
0.82875240,0.71583664
0.74251366,0.69845706
0.86365694,0.93265718
0.80413377,0.74616790
0.32400447,0.17975725
0.48293218,0.64841282
0.47368851,0.58648145
0.77821708,0.76639825
0.69781172,0.58259737
0.78044140,0.57789510
0.73582566,0.73101193
0.88396245,0.88887489
0.91396558,0.92653334
0.85799062,0.77204609
0.90668142,0.94158655
0.79311544,0.73460716
0.85106403,0.85845518
0.90868521,0.96074772
0.76447701,0.76332963
0.92088509,0.92130870
0.62835550,0.63106823
0.68671721,0.86904764
0.67065799,0.62137681
0.59419644,0.69717968
0.67407346,0.62352329
0.89802289,0.19285475
0.76423711,0.93114913
0.49456948,0.67452687
0.90713799,0.93856800
0.31768960,0.34905660
0.83821815,0.75569052
0.71189892,0.56770831
0.79651725,0.92663145
0.88439846,0.94022715
0.70376736,0.67264873
0.90620953,0.88423645
0.75096118,0.86261904
0.61583447,0.60852438
0.65210378,0.53065002
0.72509736,0.68030012
0.41253120,0.47194296
0.91061258,0.93220341
0.88979572,0.89097673
0.85783923,0.66884613
0.88081300,0.88850945
0.85818464,0.88932097
0.26770097,0.16695653
0.63721120,0.61830258
0.60609448,0.67327338
0.74778438,0.85753751
0.59301770,0.53779238
0.80449390,0.86649662
0.90883112,0.89299858
0.89684045,0.96202534
0.72775573,0.57181078
0.43812278,0.60144925
0.89775020,0.85056043
0.77759546,0.78023899
0.93675411,0.91588992
0.40974399,0.28081399
0.82056946,0.75372505
0.77970642,0.80725032
0.73440659,0.72609496
0.92407680,0.98553824
0.77199489,0.78690523
0.83382559,0.88962543
0.20772187,0.12251612
0.90062302,0.96561623
0.78633898,0.81306690
0.91845518,0.93226063
0.75986648,0.90780938
0.84871757,0.95410550
0.52117366,0.50064051
0.77760404,0.17005523
0.72839355,0.67373949
0.86888731,0.94060165
0.89466608,0.84559554
0.30528194,0.26626548
0.91507554,0.94038880
0.81512475,0.93379462
0.89128679,0.86828297
0.89177740,0.93649572
0.89286417,0.87033379
0.35235000,0.30239484
0.33157992,0.75320405
0.75556201,0.64618421
0.79167318,0.80412138
0.71276653,0.84704185
0.91865921,0.96123320
0.91653156,0.99000001
0.81139171,0.79330862
0.82096446,0.84130782
0.55334574,0.56824267
0.90507019,0.93353629
0.91899467,0.94065863
0.75842655,0.83396387
0.90747893,0.86737651
0.91460168,0.93076921
0.87414885,0.81203127
0.88940495,0.91948223
0.90308630,0.96731538
0.56795049,0.66242820
0.54538935,0.50470990
0.92928064,0.95643938
0.66058528,0.72128850
0.86457431,0.84586579
0.82790625,0.76629037
0.89988506,0.91518635
0.83803397,0.65751314
0.78578365,0.86267960
0.93575203,0.92284340
0.77989125,0.71982896
0.48221937,0.44666255
0.84525287,0.80244207
0.56211025,0.55172747
0.88837051,0.89200079
0.68634439,0.57812291
0.78373438,0.70387191
0.52059835,0.35829931
0.86563373,0.78926712
0.59991753,0.62279826
0.61670846,0.63501704
0.88354087,0.95910424
0.67795318,0.80791867
0.44457659,0.37608716
0.65001667,0.60309088
0.45771319,0.67371470
0.86206156,0.80536258
0.71974558,0.70601851
0.84437191,0.77915603
0.51636505,0.49406329
0.84878391,0.89151007
0.91330022,0.94268775
0.72815889,0.73738050
0.89169502,0.92052633
0.89387584,0.83014584
0.84409159,0.46121386
0.89248800,0.83173078
0.81399548,0.88455808
0.64033324,0.66780853
0.89955634,0.95223755
0.84622347,0.83463120
0.75264674,0.56047386
0.79215223,0.71757340
0.34218234,0.27852824
0.23274185,0.19048506
0.65893155,0.73409849
0.89811128,0.93607050
0.66563261,0.67824072
0.49232155,0.52498394
0.71591347,0.47280738
0.85782349,0.77034056
0.78943086,0.58825344
0.68402904,0.51538432
0.54571539,0.48177847
0.57831061,0.58467114
0.82222307,0.90775782
0.91196084,0.92439532
0.78732109,0.67871708
0.69208741,0.68213701
0.68198717,0.80082154
0.55978441,0.75862384
0.43206772,0.33779141
0.89670300,0.98343235
0.88399965,0.88749582
0.78315723,0.73438913
0.79384935,0.72330016
0.50476795,0.67253858
0.74317074,0.87918276
0.36110342,0.28183806
0.91169763,0.97442567
0.78430581,0.69661677
0.90673000,0.94012767
0.88396680,0.92631358
0.88421732,0.88204587
0.88253731,0.93467259
0.33141276,0.41041511
0.89219850,0.91388887
0.88628495,0.84910339
0.89163059,0.96799505
0.83621454,0.92860109
0.77459878,0.83098817
0.90141869,0.93587887
0.92007291,0.96623707
0.89284420,0.91050261
0.69988704,0.90038919
0.63503468,0.86312574
0.85725957,0.82508343
0.89208353,0.88796860
0.33430821,0.39896694
0.35573220,0.33061740
0.80779397,0.88319206
0.45125809,0.41717896
0.38800296,0.55536669
0.93911904,0.90886855
0.87490845,0.57984751
0.91750664,0.90169120
0.89166617,0.81267005
0.87299269,0.94749999
0.89113891,0.84824699
0.89250255,0.91906285
0.88180518,0.81047422
0.92694890,0.97802615
0.64226788,0.91478366
0.58274746,0.44305736
0.69997656,0.78115833
0.91310847,0.94915253
0.73663926,0.87132651
0.71449304,0.69052649
0.75565225,0.76175255
0.60323679,0.71315020
0.51035178,0.58285314
0.53906333,0.52807713
0.88790220,0.98107141
0.77145702,0.65546507
0.49036503,0.44111520
0.58928752,0.56628370
0.67904019,0.73233843
0.90353537,0.96042806
0.63574880,0.55050504
0.59925640,0.66516650
0.90338576,0.86129528
0.89589083,0.82908076
0.69020796,0.74611723
0.62642753,0.76525813
0.82491302,0.90927100
0.54125714,0.60400087
0.84610140,0.94416016
0.76969731,0.66264325
0.87227696,0.09637783
0.93172139,0.96862489
0.59988189,0.80731523
0.89343035,0.92791831
0.65995228,0.55941457
0.67176425,0.60825813
0.86142004,0.86800700
0.89088506,0.97567004
0.71651888,0.66535783
0.81515104,0.72670645
0.82533485,0.86571139
0.90900314,0.91038311
0.76523119,0.59109044
0.69520003,0.82247573
0.43382454,0.45888653
0.92559242,0.91079795
0.46310258,0.49548846
0.91900289,0.89794171
0.19559741,0.11910129
0.94435936,0.89069951
0.15312696,0.15725546
0.90334213,0.96538460
0.91041833,0.94564301
0.70921481,0.71695369
0.85409725,0.62296212
0.62516654,0.53124499
0.56499302,0.65715879
0.79430741,0.66834688
0.41593781,0.21868169
0.63996214,0.55416667
0.51289254,0.43706784
0.76584995,0.80063033
0.91058874,0.90268874
0.76821363,0.60752630
0.50701654,0.61615503
0.46647242,0.37033582
0.52523226,0.61427045
0.90166497,0.97887844
0.88493401,0.90608376
0.61327791,0.56728727
0.93221366,0.97202671
0.47351018,0.35575166
0.89703304,0.92224234
0.58233535,0.63843971
0.42883059,0.30286923
0.82390481,0.91054130
0.67194992,0.68342865
0.42678788,0.28797027
0.22956906,0.20291358
0.85678983,0.86948252
0.74413329,0.91682285
0.81382167,0.78800392
0.91340595,0.87119436
0.48075137,0.43287298
0.67269051,0.70836127
0.37104255,0.32228628
0.83646125,0.86419630
0.18242684,0.16025908
0.70382291,0.74384892
0.84745359,0.81542057
0.62493366,0.58880627
0.80765796,0.76590323
0.92592895,0.99206346
0.76375657,0.77681589
0.64911842,0.50917512
0.72639740,0.85952008
0.76901406,0.63465470
0.85138100,0.88424534
0.85729378,0.63328665
0.92434156,0.94574910
0.12673584,0.11811777
0.91541177,0.91740221
0.89374751,0.90386921
0.91181558,0.94970340
0.89429826,0.87843370
0.53578043,0.39732978
0.88247490,0.84708250
0.81718016,0.80015755
0.48466995,0.55821848
0.90457892,0.39024442
0.69483656,0.84693062
0.79825699,0.69758278
0.86780620,0.93098426
0.85411012,0.82907850
0.89871073,0.99166667
0.91801649,0.97223514
0.19944565,0.24435264
0.47474730,0.42901236
0.89944381,0.82156307
0.29164237,0.35357124
0.89783198,0.92150867
0.73875821,0.56147814
0.35956180,0.23245470
0.64491510,0.48848704
0.93115783,0.92389894
0.92840225,0.95277780
0.68881351,0.76972771
0.79250062,0.67172754
0.81321824,0.84837419
0.82556009,0.82475513
0.54088873,0.23030707
0.87955672,0.82152689
0.72328007,0.76228070
0.37606445,0.28620270
0.76588237,0.66100800
0.80277473,0.86522591
0.44053283,0.36501867
0.89304483,0.94780713
0.58562434,0.69999999
0.87674922,0.85361654
0.86285400,0.97650141
0.40657404,0.64468789
0.53229684,0.61029834
0.86136204,0.73559529
0.90158987,0.93532604
0.84584373,0.70510715
0.91557264,0.90939397
0.85707045,0.91705018
0.88277107,0.85875821
0.26530966,0.34002978
0.74986911,0.95213205
0.92047930,0.98165137
0.35616389,0.30604681
0.32139102,0.25812802
0.85366380,0.82496858
0.64634836,0.51854765
0.76470327,0.76430041
0.89743078,0.93725395
0.29192629,0.33801779
0.62758327,0.63362235
0.57869136,0.50731504
0.49594101,0.62807781
0.83057487,0.87558323
0.75521290,0.94364434
0.89850211,0.75039101
0.79010963,0.74451780
0.90542525,0.86319327
0.45578170,0.38241962
0.72197032,0.81843013
0.91684645,0.86405939
0.70560086,0.86405599
0.34516490,0.43701848
0.90908873,0.87335420
0.58797365,0.50978321
0.89410013,0.81202036
0.87434053,0.88600940
0.59842229,0.50539047
0.77687323,0.85573643
0.88636786,0.91987669
0.86961442,0.88797641
0.73363698,0.70683777
0.86725014,0.79020047
0.85926205,0.73596215
0.88516372,0.94090211
0.89191747,0.94067794
0.92673028,0.95086616
0.74251217,0.59285712
0.87059486,0.86079091
0.57378316,0.49104384
0.84006107,0.81961870
0.69763011,0.82330829
0.88389742,0.87552047
0.65926754,0.78884101
0.71962440,0.79976088
0.76129150,0.82835734
0.85324419,0.71350086
0.86986178,0.86343962
0.73282373,0.59022194
0.73288769,0.72376144
0.91186285,0.77212322
0.84740275,0.87821120
0.59557676,0.67949569
0.89001632,0.92183858
0.82726848,0.56200981
0.45033830,0.54360116
0.45346931,0.48100710
0.46367753,0.50808626
0.58243459,0.63141090
0.92102516,0.97427428
0.81078553,0.64895022
0.89174277,0.92226720
0.87366462,0.91636389
0.79934722,0.70371795
0.23875940,0.17081459
0.64450550,0.66695982
0.80303729,0.71938390
0.92117643,0.90761811
0.77454197,0.71532935
0.79267955,0.88697839
0.83086324,0.82639384
0.89582551,0.94949025
0.92273927,0.96667588
0.74847412,0.86410254
0.77244717,0.78773451
0.70883971,0.77489179
0.21518515,0.21120690
0.84779418,0.79312551
0.87720054,0.70562029
0.91010183,0.87896007
0.84594095,0.91606569
0.89558762,0.90378344
0.81159085,0.90067273
0.93336946,0.91130340
0.84735751,0.84284276
0.77412671,0.87324744
0.91352314,0.93165481
0.51932085,0.54390246
0.88564885,0.85810858
0.87346715,0.89733505
0.74506593,0.70793337
0.89635092,0.95843238
0.39319709,0.05111977
0.44387403,0.58055115
0.68138099,0.60134947
0.31855580,0.17964554
0.88621765,0.98333335
0.30775464,0.27774772
0.88993561,0.93567622
0.31029510,0.21625404
0.25763041,0.15141453
0.83340800,0.85147029
0.83924985,0.92382288
0.74229354,0.73685557
0.81484324,0.71868426
0.35138923,0.44562212
0.84397519,0.66638315
0.88028461,0.86071163
0.67035866,0.67451662
0.17436105,0.13947834
0.23299113,0.26940882
0.92249912,0.95736259
0.91695952,0.94181597
0.90712547,0.99242425
0.84804624,0.92092192
0.68463361,0.66526419
0.90248203,0.95984846
0.76443630,0.69779003
0.43491921,0.38681319
0.31457844,0.32338411
0.80805308,0.80857682
0.36239389,0.53040332
0.89721930,0.86771774
0.91512364,0.87664849
0.25724885,0.18619974
0.46917114,0.49730280
0.85839504,0.88230950
0.75612456,0.72491962
0.64881885,0.67751479
0.72736281,0.62500000
0.42134237,0.64033121
0.87773401,0.90594268
0.66016996,0.68416995
0.32004958,0.33631256
0.78406334,0.84237599
0.58239830,0.70284545
0.86410660,0.87696075
0.63694954,0.81707221
0.90978265,0.98026657
0.91911227,0.93594086
0.65282798,0.68148047
0.70348251,0.85499483
0.53102642,0.55622739
0.42164871,0.65000129
0.41995624,0.44748220
0.27990913,0.29259095
0.38384360,0.36457625
0.90185285,0.95988846
0.92684990,0.90913469
0.89473987,0.94531852
0.78799444,0.73246604
0.82307994,0.83462989
0.67552334,0.71052945
0.89364958,0.94230771
0.67950630,0.66252059
0.82791519,0.90287155
0.68668276,0.75985974
0.34550735,0.46171406
0.40495282,0.31956398
0.83956981,0.85933375
0.52052265,0.76866412
0.88192397,0.94714755
0.82444692,0.87915987
0.91794336,0.93169492
0.82080388,0.86261386
0.39089042,0.19632471
0.87563890,0.90105909
0.66272986,0.72031099
0.64356828,0.76688313
0.91992491,0.96012962
0.89435941,0.86866605
0.89993447,0.90585440
0.88172871,0.93271685
0.82164317,0.88478261
0.91771626,0.86176914
0.55545223,0.51347333
0.89894491,0.93015492
0.64394915,0.68921834
0.51756352,0.79513890
0.52111077,0.59012729
0.46956956,0.62888986
0.89925355,0.89901131
0.87890959,0.76649535
0.81497037,0.82911712
0.86689192,0.88514960
0.79287958,0.89969790
0.75926447,0.76841235
0.89246887,0.84677452
0.70634389,0.64934814
0.86132348,0.76868510
0.55598497,0.61119562
0.92227495,0.97107846
0.50882977,0.63371974
0.85615551,0.89817280
0.61490417,0.68898940
0.85485941,0.81780916
0.29554361,0.25656238
0.83115810,0.84428668
0.87503111,0.85637277
0.78250080,0.81129110
0.88554752,0.89091057
0.26766276,0.20130895
0.91900414,0.94965976
0.91097093,0.91128057
0.90823901,0.81745720
0.51639682,0.54087633
0.78372478,0.84246558
0.73442173,0.78334731
0.65873432,0.60525763
0.89106727,0.62561375
0.90868354,0.90607119
0.92209059,0.91905630
0.86489803,0.85009265
0.92707986,0.96336478
0.62958068,0.71349239
0.04360536,0.11315766
0.43207699,0.39373800
0.15453708,0.18446052
0.75515580,0.75481474
0.92362165,0.97979796
0.85658395,0.89345986
0.86697084,0.82663476
0.81859088,0.29397160
0.57091540,0.62876254
0.39405179,0.28677204
0.81166708,0.73443598
0.91963118,0.95912063
0.88495648,0.83815354
0.88671833,0.94038206
0.24739596,0.37639332
0.91285217,0.86912143
0.52893835,0.66216218
0.36475205,0.42071429
0.80048418,0.90442324
0.74059498,0.81430185
0.83574080,0.84434795
0.44265360,0.38420847
0.81682700,0.65241379
0.37399980,0.28744543
0.89358509,0.89842528
0.34767106,0.22208612
0.85400265,0.88827115
0.90965736,0.92057413
0.91372454,0.93169284
0.65525496,0.71136886
0.75244546,0.72549576
0.83508730,0.82310528
0.74526370,0.82157713
0.87737954,0.91352737
0.88879383,0.83189255
0.50165510,0.50598788
0.55153835,0.52617741
0.80012774,0.89521056
0.61171675,0.47556207
0.90229052,0.90490377
0.39090872,0.65470612
0.65717357,0.77047533
0.90943825,0.94232351
0.90721774,0.92753059
0.90625846,0.89827532
0.63223034,0.48258558
0.91655385,0.93193859
0.50805879,0.52693659
0.87893075,0.74553573
0.74694598,0.66983384
0.66918969,0.59997392
0.88806164,0.89775598
0.62585127,0.62719846
0.81179065,0.81560630
0.83533829,0.70691872
0.20936783,0.06146450
0.85878748,0.73465145
0.74622768,0.85437572
0.61700159,0.60141242
0.91116071,0.92879355
0.54661572,0.55277306
0.69572389,0.42435005
0.64790994,0.61499906
0.51835108,0.56885421
0.63320208,0.73046875
0.91154110,0.99295777
0.89964253,0.94686663
0.73399687,0.84868419
0.87103975,0.87420022
0.90594631,0.84413356
0.76457077,0.71263474
0.91754198,0.96101540
0.72624421,0.67569047
0.78239417,0.76929212
0.84511960,0.80854803
0.85552609,0.70490855
0.36970657,0.46597019
0.87081641,0.84792453
0.76879108,0.80308068
0.86246914,0.97528517
0.87529808,0.85825270
0.73477876,0.81442559
0.85937798,0.98765433
0.79928946,0.87371445
0.91671270,0.89968103
0.91393805,0.96111113
0.89975363,0.88765866
0.88525367,0.90612924
0.35742244,0.47920039
0.89943981,0.86153930
0.74477339,0.73372692
0.75275683,0.86213523
0.60668504,0.48991859
0.80698723,0.81857145
0.91320848,0.95981508
0.91178250,0.93555748
0.78922576,0.75470591
0.86093521,0.99586779
0.27512068,0.15128127
0.85406989,0.93831909
0.69283843,0.65180963
0.85709679,0.73469114
0.73374712,0.73667657
0.91329950,0.95084673
0.55647808,0.45411944
0.81303048,0.82596397
0.90785885,0.91558367
0.89220524,0.87270057
0.79305327,0.79986250
0.91495991,0.92148459
0.91507822,0.92151356
0.34610400,0.49974844
0.92265475,0.84275365
0.90276545,0.85395765
0.86945736,0.81715631
0.61741400,0.60693753
0.90163994,0.95842308
0.56610388,0.32973275
0.92148763,0.95446908
0.91178131,0.95598608
0.69129896,0.78623497
0.40036130,0.52014506
0.90050173,0.83970904
0.67692363,0.63051218
0.87686282,0.88158399
0.69132042,0.61583138
0.90792036,0.95565987
0.71570760,0.75523072
0.86340183,0.67953658
0.59041822,0.53720492
0.84890592,0.94218749
0.76385039,0.66828531
0.91024029,0.89803207
0.68485808,0.72039056
0.92579889,0.95181960
0.41280860,0.57788283
0.27731359,0.19792528
0.83006036,0.86498845
0.88212514,0.83672267
0.87471652,0.96998775
0.36394474,0.35605732
0.58224404,0.77120531
0.49094948,0.59340554
0.88333690,0.92227584
0.67316484,0.70291263
0.72376710,0.47399795
0.82962084,0.82838124
0.83446866,0.96343940
0.61904585,0.73905796
0.84368277,0.80588073
0.40451866,0.68041873
0.36476472,0.52807361
0.81996512,0.84815532
0.53943145,0.61597735
0.92111319,0.92333215
0.33444709,0.36546922
0.90211380,0.70270622
0.66229093,0.30880341
0.91946399,0.96578383
0.58583260,0.78835350
0.83387232,0.90789402
0.88946003,0.94718617
0.89255083,0.95959967
0.85539204,0.87348652
0.70971107,0.84302080
0.32153666,0.25022730
0.84830403,0.92284918
0.19777435,0.31365532
0.44127178,0.27681780
0.91725457,0.95272404
0.40852240,0.23379037
0.43382511,0.17387006
0.91648513,0.94375002
0.87076360,0.80404592
0.85198140,0.89114791
0.85523862,0.94414365
0.81528008,0.81688803
0.34131965,0.26702121
0.84779799,0.86121500
0.88929319,0.93752176
0.64217615,0.60269165
0.90022963,0.83144921
0.80267429,0.76140672
0.48992810,0.25086823
0.62844390,0.78410792
0.81641668,0.85786331
0.55034059,0.29281345
0.78826618,0.70345747
0.82414782,0.90486759
0.52535588,0.47359255
0.64891064,0.75320292
0.87400860,0.88372147
0.91813356,0.96178764
0.60440952,0.80204189
0.29751837,0.21891502
0.83132243,0.88470757
0.93982065,0.95590001
0.58252335,0.72039109
-0.01683548,0.13315079
0.85411006,0.88758594
0.84079140,0.86063218
0.86905658,0.73494339
0.91447103,0.92040634
0.87478399,0.91938025
0.33110917,0.26233122
0.48932555,0.35845995
0.32888800,0.29174992
0.73989701,0.74594754
0.82231319,0.86434209
0.85675424,0.68731707
0.76843756,0.73861116
0.74517137,0.79933137
0.86386335,0.87618434
0.85864043,0.91233575
0.88773084,0.90985346
0.89688325,0.95246643
0.76401192,0.88553327
0.32852510,0.30136934
0.76559913,0.69969070
0.74981385,0.59131038
0.73546648,0.92737734
0.92399263,0.90550238
0.30569756,0.32065657
0.17104891,0.12341198
0.44359326,0.63449591
0.56842387,0.56483519
0.85254127,0.79153407
0.73765695,0.75685716
0.85977066,0.85959321
0.68511629,0.32328284
0.92277932,0.97483182
0.83380449,0.93755800
0.89433920,0.75008893
0.42307258,0.54827785
0.78951734,0.77899390
0.79066432,0.86642855
0.83353621,0.85757929
0.84342498,0.80524760
0.86984885,0.89142627
0.85753196,0.85637563
0.62615383,0.55213892
0.82556224,0.79657477
0.76346368,0.93150687
0.52922136,0.64687014
0.78373027,0.81788236
0.88637793,0.93490839
0.66704994,0.60836816
0.79099137,0.75797695
0.40347505,0.37491038
0.88346493,0.84554595
0.78884250,0.94024563
0.88702977,0.89032346
0.92431331,0.94315207
0.76530498,0.70266181
0.32153532,0.17724867
0.88028300,0.95757121
0.78512418,0.66002661
0.90604848,0.89160919
0.75742412,0.71016461
0.86551857,0.17304045
0.70277429,0.63766545
0.70001495,0.65249920
0.82626545,0.79832476
0.85753059,0.75634831
0.89815468,0.93308949
0.89949244,0.91925669
0.77241814,0.61354744
0.62052131,0.71067053
0.47343695,0.49853435
0.91728920,0.96987951
0.65903032,0.47457367
0.79202497,0.46507189
0.92443204,0.95709866
0.89177042,0.84032446
0.83976388,0.79147798
0.24977948,0.22571428
0.50969875,0.62316215
0.88765186,0.94026083
0.91269213,0.95509452
0.87172562,0.91946626
0.89627534,0.86271608
0.78802615,0.67736185
0.32152387,0.29299012
0.91327161,0.93160981
0.90874189,0.84429461
0.90700334,0.93079340
0.91430116,0.92286462
0.34912783,0.27491388
0.48931617,0.47344095
0.23926355,0.27841941
0.48268324,0.48061144
0.90670234,0.93051064
0.77109402,0.75789320
0.88286585,0.94412440
0.80873466,0.77607644
0.65807694,0.72667122
0.72440374,0.69301343
0.20413969,0.17293985
0.89475870,0.96814185
0.82396269,0.82575756
0.75646675,0.72635400
0.59202695,0.86697614
0.78393471,0.31173092
0.22911471,0.39001819
0.35106337,0.16899768
0.84247863,0.85553277
0.57352096,0.81164742
0.28324258,0.16834933
0.49690434,0.42169273
0.87645960,0.80127829
0.87134695,0.89919740
0.75397730,0.79312229
0.64463854,0.57057905
0.90104669,0.88174176
0.74217224,0.85781008
0.69672346,0.64401621
0.71656358,0.83227658
0.89810055,0.95726961
0.91640985,0.91936576
0.77693349,0.83569002
0.67859924,0.68053460
0.89218223,0.80092055
0.89843690,0.79621947
0.70220780,0.63051528
0.41257671,0.36483938
0.87222844,0.93216443
0.70986521,0.86294699
0.89806497,0.85502547
0.56856191,0.61018181
0.61046839,0.49695927
0.37151256,0.32577950
0.74465990,0.82228351
0.83809173,0.87309384
0.89101517,0.95283973
0.25196850,0.26299021
0.74123460,0.89971167
0.61695164,0.33002645
0.79091114,0.84373164
0.93868160,0.92684191
0.77671516,0.87118959
0.51158160,0.69461000
0.88405752,0.88480371
0.77216196,0.77288473
0.51424682,0.62577182
0.82378054,0.84312797
0.70438761,0.85797119
0.80645919,0.82330436
0.74995589,0.95151877
0.81377101,0.69807410
0.85465968,0.72405922
0.73531955,0.77265352
0.84775019,0.67525947
0.84096628,0.83003324
0.55837327,0.62389106
0.79596329,0.75815243
0.35660583,0.28270778
0.82049096,0.77167141
0.73048246,0.65917218
0.89714921,0.93516433
0.86116660,0.93100321
0.91633356,0.87618065
0.77243996,0.81323248
0.52529687,0.52777779
0.65327644,0.84273905
0.89698780,0.92441005
0.58458948,0.58058608
0.90519947,0.92202109
0.90153325,0.92261904
0.78133190,0.92895114
0.88301790,0.97321427
0.90109116,0.94377512
0.72677588,0.76018411
0.82351947,0.67623830
0.82676446,0.89098436
0.90532088,0.91602188
0.22656763,0.17230944
0.56522709,0.32973078
0.52473146,0.81386065
0.40078551,0.27668396
0.89639568,0.87431556
0.81141329,0.56918818
0.61776018,0.42682275
0.82475603,0.63289338
0.80358773,0.77915019
0.81900847,0.60599780
0.90929914,0.88887203
0.88298005,0.87887549
0.84807587,0.86881334
0.85853946,0.84907150
0.89290869,0.91576087
0.36341858,0.28926456
0.69322383,0.47911146
0.56105012,0.72467917
0.51846939,0.25419217
0.37900293,0.47933921
0.80430126,0.79894364
0.91733485,0.92743337
0.64954323,0.64779776
0.89459431,0.84539419
0.89139986,0.91399813
0.80015266,0.87271202
0.86864239,0.89002138
0.74716288,0.66373658
0.91753894,0.95114291
0.80403244,0.88769233
0.90329397,0.90360600
0.91087556,0.90453696
0.87957925,0.87023139
0.66991407,0.56904960
0.29369843,0.16021530
0.66970336,0.58776891
0.58449948,0.71616167
0.65094554,0.37820470
0.72926533,0.65054834
0.47323757,0.50625002
0.89601767,0.94345587
0.36289856,0.17151481
0.50984293,0.46443731
0.91212541,0.88044626
0.85529006,0.88876408
0.35601106,0.11137762
0.76857471,0.82759631
0.36806127,0.33913177
0.44528991,0.40757680
0.70040894,0.59522474
0.89845842,0.82589042
0.90966541,0.89339018
0.89886874,0.93048781
0.85974687,0.87427169
0.82896435,0.87892240
0.92217529,0.87680632
0.49284011,0.65094632
0.89110237,0.92667466
0.88829184,0.82291138
0.93606478,0.93553358
0.76963311,0.88555944
0.91796440,0.91696113
0.88637257,0.72555214
0.29499859,0.28170526
0.33434737,0.37861234
0.77379882,0.80787998
0.81433350,0.75822806
0.84079391,0.76342481
0.89960408,0.92787415
0.31381235,0.25668153
0.83005857,0.90701222
0.43034589,0.44807673
0.84444177,0.81018358
0.91086149,0.91454196
0.41509223,0.38902196
0.64025944,0.68171883
0.86233902,0.94202447
0.88474792,0.88461536
0.60228920,0.61678380
0.80738229,0.81605130
0.87919414,0.85770750
0.65730333,0.76175278
0.91363370,0.84337181
0.83167303,0.74940479
0.36092103,0.31749630
0.89839256,0.93988925
0.55536109,0.40856928
0.56370592,0.61964816
0.85470569,0.84441388
0.28289226,0.26264372
0.82168627,0.81456357
0.90516412,0.94091511
0.92253816,0.94483697
0.65095228,0.77436751
0.81225860,0.73497641
0.87320197,0.92367995
0.61918169,0.77442616
0.92012179,0.94002044
0.62926573,0.63948178
0.46557659,0.29001552
0.39627838,0.47703418
0.35206234,0.46399826
0.40199420,0.37721276
0.82011169,0.78236324
0.87819129,0.92214078
0.32056907,0.27103627
0.79937321,0.76398522
0.77208555,0.67205632
0.81006217,0.83523494
0.85412103,0.64715928
0.54557663,0.51620871
0.57001787,0.32157460
0.44453374,0.45544040
0.85840988,0.87108934
0.90884119,0.89443016
0.85691047,0.83858269
0.62246078,0.57860529
0.86084586,0.88908589
0.87313354,0.89660627
0.91677362,0.92574090
0.67871022,0.54323483
0.59041864,0.60007393
0.89238751,0.91481650
0.81301492,0.81704611
0.75569552,0.58841795
0.84143239,0.88918424
0.90747273,0.91494471
0.47741315,0.68860352
0.47506702,0.52295959
0.88652480,0.88658679
0.95307612,0.94576925
0.63902116,0.49879763
0.90865797,0.90279007
0.83841294,0.88721806
0.80351406,0.81605262
0.72455251,0.87434340
0.86991769,0.90211141
0.86497092,0.77503872
0.69629598,0.71505392
0.89724803,0.88430274
0.84121001,0.92897898
0.88951010,0.90256023
0.42524543,0.40279752
0.72011578,0.84916544
0.83773899,0.83684731
0.67336017,0.70334005
0.83546400,0.87882924
0.90399569,0.87598771
0.31808537,0.31770834
0.46333152,0.28206921
0.86877102,0.89248365
0.74165136,0.85238957
0.02760461,0.05983176
0.89864516,0.85267913
0.79016781,0.77992070
0.84339058,0.86928755
0.90263253,0.96528614
0.81153476,0.71977520
0.91810566,0.96238422
0.89399791,0.85739511
0.88507110,0.78503537
0.65508044,0.79966629
0.87224048,0.93440080
0.90896970,0.92379886
0.90858448,0.98342597
0.33560282,0.20089869
0.90721059,0.90116090
0.81108922,0.69155842
0.76562363,0.78557223
0.90541065,0.89515465
0.86120379,0.93720782
0.79726243,0.92423284
0.93191397,0.90575522
0.22534926,0.13828705
0.90334553,0.86878383
0.49293959,0.60396838
0.91714156,0.96349204
0.71764565,0.51846373
0.88185990,0.93656617
0.91973865,0.89278406
0.81931430,0.87902308
0.32019493,0.30046332
0.76758134,0.53138095
0.92851430,0.87888008
0.53684282,0.75535089
0.91544437,0.93247199
0.77331424,0.79126173
0.73456860,0.76397306
0.41958222,0.49263170
0.79223478,0.87048954
0.36190334,0.31396824
0.85560781,0.84852940
0.85001194,0.83923560
0.78274679,0.77722436
0.82087195,0.54607058
0.54681146,0.39491045
0.50392973,0.36439809
0.92285031,0.92298979
0.46210930,0.35971594
0.88084316,0.66836733
0.79696918,0.82934022
0.72837627,0.74916667
0.60879076,0.56794870
0.24906938,0.26325795
0.32879198,0.32736620
0.39944464,0.47069946
0.88292867,0.84627378
0.25239605,0.24463277
0.86233640,0.89110482
0.80957514,0.88505620
0.91841263,0.94174266
0.24012315,0.41137549
0.77471340,0.91608393
0.89849043,0.79931033
0.62471724,0.51875001
0.88385618,0.91388160
0.90166855,0.92925030
0.84394294,0.78833914
0.82173115,0.79221088
0.35691109,0.35390970
0.86705172,0.81076223
0.81880802,0.05911645
0.91399872,0.91886663
0.61220962,0.56222737
0.76693457,0.68636763
0.87590027,0.95931786
0.50726479,0.32346126
0.83830750,0.78118002
0.72677797,0.85876667
0.89623076,0.88779765
0.59763414,0.71874297
0.53007025,0.53004801
0.91979784,0.95449668
0.86884248,0.79494876
0.89060909,0.87537640
0.86455035,0.86697876
0.91894549,0.93665755
0.89878052,0.90814400
0.65441191,0.65395433
0.86924392,0.89931768
0.31952271,0.18908121
0.57598859,0.82154208
0.55737621,0.69164246
0.86130297,0.93209720
0.36444536,0.35555893
0.91077602,0.80653161
0.75651717,0.85493028
0.53219873,0.38282001
0.43009543,0.19711182
0.88796484,0.95179147
0.39079779,0.12941177
0.38357967,0.31220102
0.48710665,0.44861254
0.58961296,0.58635527
0.42031425,0.44241595
0.79127920,0.79017901
0.67396981,0.73001599
0.59652561,0.71861422
0.69613391,0.73753810
0.57187170,0.71454597
0.89740700,0.92307693
0.85894859,0.80853629
0.84529608,0.81911242
0.51562977,0.61310273
0.55361062,0.16138309
0.86332905,0.91361284
0.88081515,0.93801761
0.72178668,0.73944688
0.91303080,0.95026594
0.77401638,0.68241286
0.52168614,0.29026577
0.91404200,0.90825266
0.68377328,0.56674302
0.90171468,0.83006382
0.36609101,0.37950405
0.23720042,0.24927419
0.42878863,0.66252685
0.19883353,0.16204339
0.91020167,0.93233085
0.34287629,0.31582168
0.51070362,0.54292929
0.56761909,0.50508738
0.82462919,0.72426468
0.92481273,0.96746254
0.53261906,0.65416348
0.77997822,0.73229450
0.83811176,0.83696705
0.68482053,0.91287881
0.84399521,0.78899848
0.69367421,0.67014772
0.56649339,0.66860127
0.92487144,0.98486894
0.76331043,0.91407204
0.85753393,0.79912353
0.90893453,0.90790600
0.60253155,0.70644838
0.83951533,0.91641748
0.72114640,0.84031063
0.83749104,0.87734169
0.53198314,0.62949657
0.85893893,0.94938821
0.89403331,0.82608330
0.87845224,0.94702840
0.66960788,0.63105524
0.90352196,0.88569623
0.81427759,0.77464294
0.63122308,0.74545455
0.93170512,0.98336834
0.90569001,0.91069108
0.92056417,0.89937484
0.83411974,0.78953713
0.80013168,0.76818180
0.72255766,0.57471848
0.92475957,0.93378985
0.35481775,0.52639496
0.75948644,0.76866150
0.77857405,0.89826912
0.90083390,0.84943604
0.83710432,0.81756449
0.34383267,0.24496280
0.85546231,0.76861268
0.88465875,0.85765803
0.91268057,0.90140927
0.87024760,0.84456784
0.89911020,0.91470444
0.86936361,0.92037565
0.89086717,0.85377020
0.89993209,0.79467213
0.89092910,0.94008398
0.79942983,0.65170592
0.85796142,0.91676092
0.69039845,0.90826541
0.69666362,0.60053039
0.87693316,0.76889235
0.58128792,0.65831244
0.87954390,0.86602229
0.90755928,0.93534577
0.70423365,0.86279762
0.88341147,0.94604290
0.41963440,0.39957401
0.28562462,0.24195077
0.80195987,0.93266457
0.80513281,0.80518061
0.66181242,0.72062546
0.83777678,0.78055555
0.53967154,0.56966841
0.92210251,0.92892653
0.89165509,0.95193678
0.44762838,0.38558289
0.83387488,0.90510201
0.87361550,0.89741594
0.37908149,0.37056318
0.89725918,0.89875025
0.89631850,0.86353403
0.83324867,0.83863795
0.81636530,0.93527162
0.68722451,0.75619966
0.88917673,0.92960197
0.43233109,0.44396770
0.67480433,0.70168668
0.64347327,0.83679587
0.83286512,0.69344342
0.89215881,0.89650995
0.67623836,0.60600597
0.88613105,0.99450552
0.47650215,0.51262629
0.92155689,0.95794207
0.88365746,0.94287515
0.83090073,0.83426428
0.90767908,0.86212325
0.86903530,0.94481504
0.75155038,0.85546035
0.59192419,0.60193843
0.86109418,0.86465520
0.63044906,0.69813317
0.55312055,0.64303428
0.45010737,0.53717440
0.56734735,0.84272724
0.61319584,0.54914093
0.75643045,0.78872246
0.89915085,0.90750098
0.92321825,0.96502912
0.65157866,0.54791605
0.25758350,0.28604645
0.89152634,0.88689107
0.76237690,0.63084817
0.62217188,0.81448370
0.77018803,0.84798652
0.84433055,0.81720990
0.63118559,0.61100036
0.38400042,0.37871712
0.90125579,0.93508095
0.90311265,0.95268255
0.62917656,0.63884330
0.91210145,0.91655874
0.42855138,0.18856642
0.72504222,0.43263334
0.50053990,0.22155657
0.88918978,0.89042938
0.61144269,0.45910111
0.81931883,0.73458838
0.90406924,0.89012313
0.84258765,0.83894086
0.91811442,0.95038587
0.84968692,0.79125559
0.81527972,0.82203388
0.82142329,0.82721812
0.87138093,0.92786938
0.28420201,0.23721561
0.75610232,0.80576110
0.86373484,0.80829614
0.33113879,0.37508041
0.31209344,0.39418384
0.87621814,0.93737882
0.77654266,0.72736418
0.90894353,0.94878781
0.92549086,0.96307963
0.34650806,0.23443674
0.91481650,0.95625705
0.50759053,0.32948253
0.36423522,0.33280957
0.80638510,0.92866290
0.56926036,0.59002978
0.88051063,0.86577785
0.75246012,0.67957091
0.40140170,0.37083334
0.37658027,0.30060565
0.86746019,0.88114440
0.82368010,0.86221063
0.83097708,0.92929351
0.91117424,0.94755554
0.89915645,0.93284994
0.83975625,0.79547930
0.91923368,0.59764564
0.23871906,0.18849500
0.59022808,0.45049426
0.41054705,0.73779058
0.82799709,0.74086756
0.85736823,0.90647060
0.74074483,0.87305856
0.83137423,0.78616065
0.87198460,0.81487179
0.86858284,0.88617051
0.82432663,0.94964349
0.88613510,0.88360649
0.74472964,0.69574910
0.87366605,0.92451078
0.85395157,0.87648630
0.85801327,0.66000003
0.86603749,0.86680472
0.88166988,0.92136472
0.90685034,0.98305082
0.72575659,0.85917401
0.88556099,0.85643667
0.91769671,0.97607863
0.82349974,0.86778843
0.30889261,0.11444855
0.61378473,0.66009390
0.54853207,0.31722808
0.55631506,0.52303976
0.71759295,0.81928641
0.90205038,0.92797798
0.35380262,0.52903360
0.87101209,0.57935721
0.89762318,0.84517330
0.62587243,0.61519480
0.91069460,0.92339206
0.57017934,0.37234765
0.42263359,0.34595588
0.93251002,0.97681099
0.88252068,0.92441779
0.43637863,0.26586309
0.90386176,0.93525636
0.75135195,0.87356466
0.67816031,0.76463962
0.87930727,0.83113098
0.86436301,0.81653941
0.88387978,0.74366540
0.35720223,0.74915254
0.22408748,0.15166023
0.84673250,0.93917751
0.84248000,0.57265884
0.72882909,0.72574067
0.86194336,0.96226418
0.67512780,0.53176051
0.91043216,0.91369045
0.87989008,0.91626227
0.79249650,0.78528452
0.83642656,0.89729768
0.70155787,0.58861798
0.76697302,0.73949623
0.64401221,0.33631712
0.72345835,0.65859860
0.91972798,0.94795454
0.90702766,0.90801525
0.85463881,0.82967067
0.29697537,0.30645886
0.53975934,0.50251269
0.75607836,0.57917917
0.92138535,0.94779015
0.38106638,0.41248873
0.59239334,0.48412770
0.89583564,0.84244376
0.90413803,0.96799999
0.67189491,0.70853096
0.33241940,0.34913969
0.76539421,0.74974638
0.39411902,0.58547497
0.84432846,0.89215314
0.62692660,0.78218085
0.89926964,0.93565577
0.84732705,0.78867966
0.90763402,0.96692306
0.24228363,0.26499084
0.20933019,0.19875507
0.91448647,0.89975178
0.70217443,0.64754456
0.90964770,0.95454317
0.56676531,0.42990908
0.85641623,0.87952393
0.74091411,0.80987573
0.79287702,0.68158633
0.90254420,0.96209157
0.55482632,0.77735543
0.87654787,0.91145277
0.88436067,0.89309311
0.35508472,0.53292096
0.91294718,0.96157050
0.78912807,0.87500000
0.79957014,0.82282609
0.84683120,0.91638511
0.58303761,0.58630854
0.90425539,0.93979931
0.73672616,0.59177703
0.83742541,0.89854771
0.82570720,0.72432882
0.69156772,0.63698202
0.90325308,0.93027323
0.68382633,0.56061918
0.87826693,0.77020580
0.60012913,0.42132545
0.88125539,0.94683260
0.90341753,0.90500355
0.91510040,0.94230771
0.79296768,0.65608561
0.65883958,0.74019837
0.72738397,0.70291167
0.35016665,0.44576421
0.59316397,0.90727490
0.85466439,0.94602466
0.35483891,0.33775628
0.89863628,0.95109040
0.91071141,0.91905427
0.48411193,0.50566500
0.84342945,0.90048444
0.50465578,0.59053195
0.93095523,0.97306174
0.74984998,0.75476748
0.48092711,0.33456340
0.92052215,0.96128732
0.88788700,0.81549895
0.80676198,0.85439688
0.80755669,0.85401893
0.84165370,0.85075760
0.91703826,0.95165145
0.92164773,0.92686504
0.37644851,0.48505858
0.91109324,0.95390511
0.86172110,0.80599838
0.86830795,0.90769231
0.72827649,0.79080892
0.86884981,0.90397990
0.63133514,0.36405113
0.85232306,0.87470949
0.87776530,0.93694389
0.63797027,0.79691780
0.83513099,0.78330952
0.90059787,0.96805274
0.72356498,0.76921332
0.90869647,0.93607086
0.77616471,0.72216403
0.78221619,0.94570917
0.74360472,0.78358960
0.13021308,0.22785492
0.22572365,0.30344516
0.91090202,0.97201425
0.91622686,0.92996705
0.35643619,0.49853569
0.84275317,0.71849275
0.81076479,0.95070422
0.87423706,0.88003707
0.75520802,0.83245796
0.77832627,0.69407368
0.93625319,0.97383201
0.82433718,0.84758884
0.92209160,0.91683120
0.92106503,0.84386200
0.91247344,0.90087718
0.56213188,0.79504013
0.89311326,0.90407240
0.89722681,0.88486165
0.58050007,0.47393841
0.82258254,0.81459248
0.77018130,0.65215379
0.67804116,0.70029688
0.85744119,0.76731455
0.67533803,0.65735173
0.87024707,0.87525922
0.40333861,0.51220894
0.83779937,0.79191267
0.88985324,0.83404255
0.92810798,0.95983928
0.41516495,0.36042839
0.88749510,0.80392855
0.84867191,0.85172158
0.57946146,0.72687620
0.85326165,0.92983389
0.90518457,0.95673680
0.88049400,0.95630878
0.85165977,0.97462410
0.91525275,0.89845413
0.80157745,0.79668605
0.90545404,0.88697374
0.86006045,0.86759579
0.77660871,0.88792294
0.91496080,0.93200159
0.90073138,0.93097031
0.89170909,0.85191262
0.36896595,0.43764684
0.90388077,0.95304269
0.92064571,0.92646158
0.52423120,0.39971015
0.82333696,0.67215383
0.29836941,0.25180703
0.77526212,0.81518060
0.88107455,0.86124969
0.84736151,0.81611842
0.73103738,0.84769130
0.37397635,0.50645941
0.07128206,0.08762792
0.31023011,0.21655035
0.86914194,0.88651985
0.67876619,0.83152914
0.87814754,0.82580411
0.61224723,0.56879222
0.70080739,0.51782811
0.92470837,0.92928571
0.70029533,0.61852694
0.82943279,0.87166262
0.60940522,0.56360048
0.86417478,0.86212993
0.83053666,0.78719491
0.31921554,0.27508554
0.83924389,0.04841315
0.80001253,0.80169010
0.63594919,0.68397969
0.91441107,0.91978264
0.86641550,0.94484937
0.38419482,0.38727298
0.82918143,0.90857321
0.87411541,0.89265734
0.02541506,0.06653640
0.86937511,0.89169848
0.85411572,0.90864319
0.92578185,0.94609249
0.89079630,0.90433514
0.42249769,0.75037980
0.75977647,0.76231754
0.83599418,0.80713177
0.52343708,0.62611806
0.33971357,0.40342155
0.84361994,0.91816008
0.86404198,0.88266206
0.38397279,0.33628988
0.36160442,0.30961546
0.92330629,0.87369770
0.85523301,0.84653473
0.73510516,0.76207525
0.43484515,0.72625697
0.75398082,0.83388489
0.77155018,0.68317592
0.82098031,0.86365926
0.85701990,0.74751997
0.89563763,0.92639738
0.84547651,0.96173269
0.87398469,0.93501294
0.33818877,0.25788260
0.90565801,0.88248795
0.24734306,0.27713567
0.42625254,0.23388544
0.79363984,0.88203245
0.66171908,0.22875798
0.64120686,0.45881549
0.35828871,0.37987551
0.70156759,0.68915665
0.57591629,0.52350962
0.89346313,0.90397918
0.75542521,0.75808090
0.86805779,0.92827880
0.70788753,0.66389322
0.91559678,0.74797606
0.58173382,0.61400348
0.80386198,0.87679505
0.87269258,0.85100001
0.70482051,0.76419407
0.64267135,0.70871383
0.42480230,0.37168610
0.36619130,0.25433421
0.49069929,0.55558765
0.31888175,0.37943745
0.71892601,0.70826066
0.60471082,0.68231523
0.86793840,0.83614987
0.49491805,0.66354609
0.63549960,0.56455427
0.90024793,0.91570240
0.84270239,0.94852942
0.74094450,0.87019229
0.57707393,0.67060351
0.88255316,0.87860221
0.55966353,0.43408552
0.86794126,0.90430224
0.76835382,0.47454759
0.49184668,0.51738435
0.48543355,0.49768543
0.88753533,0.91897058
0.65962952,0.75338256
0.24819109,0.33257172
0.77137476,0.89344037
0.90244436,0.91629022
0.68887657,0.73072940
0.85885447,0.88801169
0.43630448,0.32324985
0.87816060,0.94017380
0.44624802,0.62384528
0.76047128,0.81833214
0.90766263,0.89733124
0.82823849,0.93570572
0.72203898,0.80914003
0.55369991,0.67290825
0.77352214,0.72541469
0.91237271,0.97580647
0.80953956,0.73941207
0.91558146,0.92059553
0.87888694,0.89386451
0.92171597,0.90226364
0.88922870,0.93188852
0.84990627,0.92187917
0.89154285,0.82926828
0.93103600,0.90646851
0.39606667,0.59047621
0.71425933,0.65952832
0.81515014,0.79450709
0.71750587,0.90077573
0.49248046,0.55291277
0.69131482,0.79394019
0.92343056,0.94914114
0.86139882,0.85851353
0.63967305,0.66111636
0.58528239,0.68265980
0.81877685,0.79583335
0.92231148,0.91269839
0.64827067,0.28492424
0.83375597,0.65308434
0.55090159,0.60615385
0.83949167,0.82792622
0.84232134,0.82487172
0.66994667,0.79496950
0.75989175,0.73055607
0.87682283,0.87011999
0.90623373,0.92416620
0.73542535,0.74605095
0.90207243,0.91570044
0.80175358,0.91728526
0.90453494,0.96706986
0.25515330,0.23533912
0.59127140,0.62380713
0.94353276,0.96905977
0.90103048,0.78756368
0.91138119,0.89470923
0.80989885,0.71027851
0.87123352,0.89061230
0.93327826,0.91687191
0.93892372,0.93857831
0.82343793,0.83492053
0.64562529,0.50351262
0.44561404,0.45799181
0.54464209,0.71102941
0.71474862,0.54235274
0.86239702,0.90381426
0.79262251,0.85565293
0.92595476,0.86322647
0.24464494,0.17943865
0.87975585,0.91248631
0.65043235,0.66569257
0.66023904,0.79492009
0.89415485,0.85245121
0.80812669,0.81559318
0.35612494,0.41204482
0.66426152,0.82869667
0.58205962,0.57735616
0.77671301,0.94763815
0.77214533,0.52567416
0.33626515,0.27283254
0.82405877,0.77820754
0.83829540,0.80371416
0.68386316,0.64583331
0.79763579,0.69887793
0.55008531,0.70807451
0.86336035,0.92517263
0.41000524,0.36639267
0.91932029,0.92623454
0.58048385,0.75976318
0.91312116,0.94687277
0.71554482,0.66178685
0.87686664,0.86329669
0.90706074,0.96053946
0.90165442,0.96490383
0.88776493,0.76452470
-0.02684230,0.04907224
0.74628723,0.73474181
0.86260694,0.84605688
0.74863875,0.80925405
0.89967620,0.83467120
0.74649441,0.87336600
0.80248857,0.80581552
0.37534979,0.29188052
0.75431812,0.90178400
0.91083473,0.96808511
0.90841055,0.90359366
0.88708484,0.94184738
0.45862171,0.37508628
0.58561713,0.57276696
0.34173989,0.31777900
0.84049076,0.72867787
0.38474193,0.45838079
0.91086030,0.96690059
0.59862828,0.76967627
0.90367544,0.84325379
0.67866570,0.77817506
0.64507169,0.78527069
0.87648714,0.88919914
0.62652290,0.47211823
0.79772735,0.81373334
0.88536239,0.92434543
0.81011808,0.90702969
0.32640249,0.36060503
0.80628037,0.79690802
0.89426255,0.90548658
0.90188152,0.74968606
0.80356926,0.85537040
0.90203893,0.94372815
0.58566368,0.63958174
0.27907592,0.29538941
0.80973357,0.87087911
0.77581584,0.78552634
0.84035593,0.80993885
0.60937774,0.64122051
0.56608534,0.90967745
0.89919478,0.94041324
0.71551943,0.66906327
0.89907873,0.85280538
0.81391340,0.77713078
0.88642341,0.90087938
0.60343289,0.36320755
0.62512302,0.80348140
0.40790200,0.45288461
0.62128997,0.80483484
0.67027104,0.66613168
0.56203061,0.45424199
0.84599400,0.80536550
0.49393696,0.58970314
0.88863778,0.86410403
0.89742804,0.93724263
0.74490988,0.79350895
0.91619158,0.94241124
0.83321452,0.09493448
0.73691308,0.70093668
0.88345122,0.91849816
0.61561835,0.77214825
0.90609622,0.91477275
0.31803611,0.19832759
0.80840111,0.77344030
0.89794087,0.81774193
0.55073071,0.74101347
0.78123510,0.79667425
0.43628925,0.39893100
0.78574461,0.75262189
0.93514431,0.97436619
0.61650479,0.58208001
0.90615070,0.85481483
0.81742692,0.65468109
0.89904881,0.92648536
0.66143405,0.74169868
0.91127533,0.96470946
0.27014762,0.14268395
0.87452388,0.85882354
0.92044795,0.96330440
0.80907500,0.82924050
0.85367179,0.77595627
0.52700770,0.44452891
0.84455317,0.84760499
0.77889854,0.63616735
0.79540169,0.75533837
0.81508696,0.77235162
0.93807656,0.92451161
0.51611769,0.52540648
0.72915149,0.87541831
0.88588488,0.86324370
0.87565500,0.92401743
0.90438527,0.79488355
0.81524557,0.81569493
0.90883702,0.91648656
0.60714281,0.78724122
0.78630841,0.81261754
0.91117042,0.89749157
0.79201543,0.54038197
0.74239236,0.41161060
0.34605488,0.27785650
0.85941333,0.83435541
0.90033782,0.93596226
0.53731102,0.66906357
0.38267803,0.09331770
0.65120035,0.70543820
0.81118178,0.39207914
0.56390315,0.66717333
0.78655183,0.76567328
0.88094115,0.87568682
0.94147515,0.93506479
0.70301998,0.70934904
0.91004372,0.90208632
0.34254062,0.35040271
0.81666851,0.85967463
0.88395929,0.82354587
0.80223113,0.61100799
0.64762473,0.69261646
0.91724950,0.92561406
0.76063085,0.67673612
0.87943804,0.86098039
0.91353333,0.97058821
0.73871911,0.73329091
0.65952593,0.55677921
0.63351923,0.68556148
0.93343818,0.90425187
0.90034294,0.93237972
0.85290557,0.92176437
0.74441904,0.75551468
0.91638488,0.94066691
0.89202285,0.91112089
0.76704907,0.79359227
0.72638631,0.65434331
0.46117342,0.66588682
0.80894339,0.88086140
0.85604918,0.86908519
0.88971257,0.92590219
0.35124540,0.27918723
0.75176930,0.75859374
0.43383351,0.60708481
0.81114972,0.88536286
0.75859678,0.82017541
0.86290729,0.85367477
0.53953129,0.29310322
0.71764135,0.75720918
0.82390618,0.84809572
0.89255673,0.90018588
0.76030558,0.90471417
0.80446553,0.83271801
0.89924949,0.92495608
0.80776191,0.80089670
0.41587737,0.62819201
0.80175388,0.87680167
0.27768975,0.18476626
0.44231227,0.65500969
0.82848108,0.86213160
0.91658318,0.88749844
0.78886980,0.68462902
0.76015002,0.60758698
0.42280492,0.44687781
0.57508796,0.54361302
0.80862713,0.89737171
0.44292653,0.33808678
0.91822100,0.93352044
0.82277983,0.88174605
0.73285699,0.67734772
0.47811341,0.60252136
0.43138570,0.47512907
0.66901481,0.71401262
0.89180017,0.85995477
0.65209895,0.70470148
0.50458479,0.72416669
0.91352588,0.92451495
0.87666202,0.89092827
0.69484061,0.48940939
0.92052209,0.85253119
0.85054547,0.72226584
0.85922217,0.82371795
0.82615143,0.72313339
0.77377135,0.69491524
0.41833124,0.28302512
0.83022648,0.66316849
0.82546246,0.78918386
0.66046023,0.86122358
0.68686479,0.61486304
0.92196840,0.93851012
0.86417496,0.86617076
0.31472760,0.21854033
0.90900081,0.86709678
0.64382541,0.44594145
0.68059498,0.70934421
0.86170959,0.57563108
0.63524318,0.84181809
0.84496725,0.89143956
0.35653487,0.33776334
0.87511921,0.88076925
0.68627167,0.62833571
0.64553249,0.65507013
0.57982790,0.54255599
0.89672965,0.94780439
0.84986901,0.84815168
0.91409779,0.96512538
0.89636964,0.94533569
0.24739984,0.13820100
0.37874359,0.63128549
0.89816749,0.87087184
0.76227510,0.77670741
0.61958146,0.57333332
0.73071218,0.73601484
0.49034169,0.60244495
0.92149276,0.93458170
0.79031825,0.74855393
0.84630281,0.85432756
0.91230726,0.90358436
0.43529683,0.36324245
0.88889968,0.90914899
0.37171039,0.23429488
0.56240922,0.67422217
0.83178949,0.91130614
0.85864115,0.86633402
0.51214385,0.45963559
0.81862968,0.93364704
0.86592549,0.90337920
0.81925702,0.88635087
0.89147806,0.86596137
0.14092296,0.14238474
0.68563139,0.67353058
0.78685021,0.65959710
0.80121398,0.68902355
0.89491236,0.94130772
0.89387822,0.93890327
0.81442565,0.83010000
0.84935278,0.76870990
0.85068989,0.78508079
0.34936175,0.20129573
0.76495636,0.73593277
0.63634050,0.69652408
0.89518583,0.89276779
0.93030578,0.95815170
0.76944166,0.85358393
0.86906844,0.95081967
0.77564549,0.87386876
0.90847540,0.92785192
0.85821086,0.82240474
0.61352563,0.51847291
0.60195911,0.54570955
0.89640927,0.91483933
0.91137064,0.96159512
0.91564035,0.91969699
0.86879033,0.77557325
0.92656612,0.94213098
0.42037666,0.59547079
0.53156537,0.63316905
0.86868876,0.85747862
0.87049067,0.88942462
0.71187097,0.76581365
0.89187050,0.92413795
0.88012606,0.86388087
0.84446496,0.90184408
0.89680940,0.94159889
0.58983123,0.47769994
0.49110714,0.51582682
0.77988321,0.65855271
0.70942497,0.55837613
0.72755456,0.86041665
0.90940690,0.81261653
0.59921688,0.64788085
0.84761167,0.90757883
0.54238087,0.68867254
0.28204632,0.27033615
0.86408097,0.86742425
0.90209883,0.95296687
0.88129896,0.87668997
0.55188942,0.70405483
0.89235896,0.90872830
0.35862514,0.26891235
0.35732749,0.28844616
0.91236562,0.93867528
0.90224993,0.95836520
0.89273989,0.85400099
0.65520680,0.64777327
0.88330442,0.94413793
0.23858759,0.58318377
0.84106249,0.87031418
0.85077679,0.90730679
0.84306687,0.89260840
0.88243127,0.85858172
0.54648876,0.44202900
0.31810039,0.22620282
0.90553051,0.93948317
0.88592887,0.95407110
0.86372524,0.85167789
0.52258360,0.31044713
0.55812538,0.53255486
0.67404830,0.65804696
0.41633776,0.71916008
0.87915474,0.82708436
0.87096262,0.90111095
0.84405428,0.88809043
0.51873368,0.61163920
0.42764413,0.29148528
0.81988060,0.84470338
0.74171275,0.76190341
0.66747612,0.67272520
0.86872560,0.96080023
0.84974539,0.93525702
0.90014553,0.96389180
0.68833572,0.64065313
0.77984685,0.72689146
0.87406468,0.77282280
0.57160634,0.57794201
0.21029140,0.35547245
0.88249195,0.93001091
0.87985605,0.76111454
0.40495136,0.52020627
0.30778897,0.17866541
0.77178299,0.69835669
0.76305914,0.33899325
0.68493986,0.67985255
0.91453433,0.92778361
0.21771787,0.10347844
0.86380768,0.86087668
0.88152230,0.91655713
0.53603220,0.68643981
0.71236587,0.61396575
0.67602360,0.78740156
0.78406048,0.83333802
0.44207364,0.77130038
0.89649528,0.94031703
0.81531334,0.91185915
0.90048176,0.83411217
0.49747747,0.89218092
0.74325937,0.73265839
0.91491306,0.94374889
0.88429630,0.89110535
0.43580741,0.51438850
0.61000103,0.74140918
0.66203457,0.72272569
0.27480006,0.25613412
0.87383920,0.91926461
0.53280568,0.67595762
0.38829049,0.35258478
0.73448575,0.75138831
0.91842026,0.97033179
0.80315763,0.56723893
0.27422705,0.06769641
0.89327133,0.90299064
0.65806997,0.75866234
0.39740068,0.55458927
0.49717742,0.64275974
0.69968057,0.78007442
0.91296834,0.93749142
0.31096005,0.33064476
0.19960108,0.13935617
0.70452404,0.76309842
0.85467631,0.70236617
0.75997388,0.82342285
0.88414872,0.96078664
0.74231154,0.61427450
0.79273653,0.86798906
0.82997316,0.94516754
0.86036736,0.86344659
0.91166317,0.78021848
0.89827538,0.88256192
0.90007424,0.92800957
0.63263774,0.70984000
0.21110599,0.19401021
0.91648352,0.93364310
0.84162450,0.85556608
0.88319331,0.82829678
0.71283776,0.86018974
0.88254243,0.93216723
0.83584046,0.83884478
0.77091044,0.91721135
0.84768897,0.85417455
0.54457933,0.44195944
0.83922541,0.63091153
0.90957159,0.92968750
0.89735097,0.98076922
0.92010307,0.93113101
0.91478765,0.93695152
0.59469408,0.59340662
0.77314526,0.75494677
0.58218175,0.56511414
0.65733057,0.59271789
0.54737198,0.57225901
0.71678662,0.63688868
0.56283015,0.85099202
0.53655553,0.51166642
0.87717634,0.86235178
0.89618516,0.71102273
0.78360653,0.74606460
0.73641312,0.90601236
0.84060800,0.82942766
0.90439808,0.95560515
0.28120106,0.17277816
0.39576942,0.41530049
0.33196956,0.35408485
0.77794993,0.86810982
0.83976698,0.87404394
0.79600430,0.84020394
0.89924467,0.88895178
0.86011249,0.88835049
0.71827841,0.75410956
0.26000696,0.19355844
0.72366875,0.70774949
0.82392263,0.79755753
0.92661989,0.94196790
0.59542966,0.53551751
0.76380062,0.69441104
0.80749154,0.74720901
0.63963687,0.80436713
0.75315750,0.90191597
0.81316698,0.81031436
0.34941280,0.57670254
0.43056628,0.37342286
0.89101940,0.90213126
0.81369406,0.91887301
0.27218741,0.21821387
0.87399435,0.84253246
0.84094083,0.91629750
0.69362128,0.85547787
0.32108292,0.17727028
0.81331301,0.76651859
0.74620879,0.61042839
0.43708780,0.57232702
0.79009783,0.77196455
0.33693075,0.31979588
0.90186828,0.94718504
0.79450679,0.82682014
0.71194351,0.79161072
0.90494871,0.92636448
0.88084841,0.87543857
0.69646275,0.73408186
0.78788418,0.91348845
0.70626032,0.83029968
0.53986859,0.54387695
0.45713934,0.09005424
0.89741516,0.93725491
0.88965642,0.89542693
0.79665637,0.90824288
0.69745004,0.68916667
0.79103911,0.75555056
0.88736761,0.88198572
0.80671489,0.78076386
0.78037298,0.90701753
0.87240654,0.81612223
0.92282677,0.93109173
0.75182462,0.63605124
0.27617949,0.22940685
0.71621120,0.68094826
0.19534573,0.09789793
0.69126844,0.55041182
0.83235145,0.66631186
0.41629261,0.38241181
0.57361025,0.58136481
0.27141240,0.14239281
0.40518910,0.41961285
0.73866975,0.67160743
0.89861125,0.81496948
0.90457618,0.94230771
0.60596162,0.54797554
0.22694834,0.22549520
0.91168082,0.88494551
0.85949183,0.87281960
0.85852808,0.79909480
0.90463585,0.97513658
0.89307833,0.87907219
0.81607926,0.82881582
0.51580781,0.28370300
0.67385876,0.50191200
0.43496698,0.55876905
0.81707346,0.84394497
0.79114789,0.86643320
0.84022558,0.88522571
0.91233575,0.92619932
0.60084927,0.62764049
0.82668561,0.83414376
0.69404167,0.59026688
0.87954885,0.88969105
0.87484527,0.87930161
0.72818375,0.64108753
0.78765345,0.69405240
0.64512587,0.44936466
0.55123872,0.65328610
0.34449202,0.35587573
0.82439178,0.92472613
0.86734164,0.89193571
0.87716746,0.91976273
0.75563383,0.56158555
0.87605077,0.93181819
0.87549484,0.93839288
0.88675630,0.89677179
0.51216489,0.61343890
0.73834825,0.64621210
0.88403255,0.93771851
0.69407022,0.64251715
0.88375998,0.80676502
0.87587225,0.92940140
0.23155734,0.56573516
0.76314497,0.83414179
0.72542471,0.61239034
0.93329042,0.94537038
0.80577576,0.89517760
0.81325734,0.84082633
0.91645521,0.95478034
0.77963167,0.82629454
0.89812309,0.90221554
0.81603569,0.71525139
0.51793468,0.65284371
0.65365446,0.88858747
0.64682311,0.34324324
0.90465868,0.92129201
0.42363840,0.52965587
0.81395656,0.85662329
0.58247840,0.62984276
0.73124242,0.84014910
0.56747741,0.67456281
0.82717037,0.81367642
0.79174113,0.87737381
0.85014093,0.71979111
0.60515535,0.60012245
0.83804607,0.80896324
0.53857744,0.79903263
0.87800884,0.84898800
0.85707211,0.89979094
0.53640777,0.54217803
0.87823147,0.87184513
0.43710965,0.35023639
0.90510666,0.86972600
0.91501784,0.93309766
0.83589649,0.42963848
0.91512376,0.95238096
0.90363276,0.90292448
0.41330123,0.59359169
0.90637523,0.84764689
0.89308232,0.93941593
0.63354957,0.54642147
0.60063869,0.46075755
0.87028527,0.78745866
0.91379207,0.88140428
0.86891097,0.85532874
0.80110282,0.87586004
0.41123730,0.41097781
0.52805495,0.81294906
0.67394221,0.69873011
0.77950221,0.76341772
0.38425446,0.41939652
0.92033952,0.93331707
0.45881069,0.38063678
0.76092255,0.81461120
0.88757497,0.86356544
0.80931431,0.81888497
0.78229320,0.70126402
0.87723935,0.84600532
0.74985892,0.71799242
0.64055097,0.80576766
0.26467514,0.11573371
0.18311036,0.14471753
0.23899688,0.27370870
0.27073225,0.21802193
0.86495757,0.86745286
0.81003278,0.91761792
0.51441622,0.55567831
0.31364846,0.08684523
0.89570946,0.90174997
0.89015794,0.97752810
0.71886528,0.50587827
0.87760055,0.95787656
0.86381370,0.82811010
0.65287077,0.58943623
0.81761700,0.84034121
0.55517662,0.72468823
0.52868539,0.41787943
0.53781492,0.67524695
0.76788247,0.88715434
0.76457661,0.85143358
0.78547978,0.76572299
0.88772672,0.73267573
0.58147550,0.41130349
0.53601289,0.41253459
0.43964720,0.42333701
0.82620007,0.80225331
0.35249975,0.37073177
0.88423890,0.89083129
0.92948544,0.92635638
0.82014364,0.90638530
0.93013364,0.92786336
0.89228064,0.88932884
0.91097707,0.87222224
0.85780752,0.76081729
0.90184832,0.84429973
0.81429726,0.86156839
0.53170270,0.45977011
0.89598584,0.87298405
0.61668730,0.47832707
0.55823141,0.52225542
0.74016315,0.79806578
0.86471719,0.88583738
0.85532999,0.87263954
0.62941504,0.70811111
0.90758580,0.81082720
0.71114522,0.75315470
0.44006631,0.55298787
0.89360094,0.86960250
0.89835089,0.89337331
0.33449489,0.29517210
0.30865610,0.38227704
0.90183198,0.94754153
0.87591475,0.89941752
0.72337514,0.72067940
0.85322857,0.92671192
0.69724250,0.72892541
0.40898755,0.40477979
0.49728686,0.49698871
0.63288635,0.22254266
0.89703149,0.91021466
0.58863324,0.75062531
0.90694875,0.89143640
0.88612366,0.92778337
0.91840303,0.84831065
0.79671383,0.81224483
0.65540802,0.76156652
0.86159796,0.82895660
0.47159070,0.54846936
0.90908998,0.93164825
0.63415992,0.79267889
0.31994361,0.17075326
0.48912600,0.27600297
0.92399359,0.93757331
0.83966494,0.71526593
0.64835501,0.66985452
0.54572165,0.41604635
0.83117568,0.81719166
0.24664940,0.21320389
0.65856743,0.72617304
0.92664343,0.94099051
0.70190918,0.75108284
0.58917713,0.46733695
0.07351133,0.10089324
0.94428289,0.94463146
0.70738757,0.74892473
0.80839324,0.84465814
0.58497602,0.58803153
0.79613799,0.78171647
0.84020942,0.86781013
0.43334684,0.48348597
0.80522883,0.89264327
0.53081155,0.50515997
0.88856304,0.91790068
0.30748692,0.32206389
0.85178429,0.85796642
0.62047935,0.50573266
0.21886450,0.20284900
0.89247715,0.87166619
0.90726918,0.93390751
0.90976822,0.99810249
0.57399487,0.66365343
0.58613569,0.42079458
0.81905282,0.71060944
0.86134094,0.93063945
0.76139075,0.73101854
0.85229146,0.95595813
0.80206287,0.61693120
0.79804879,0.85039145
0.92417932,0.96496212
0.38303855,0.24882154
0.87560582,0.92705601
0.83863789,0.88428366
0.37580940,0.38980940
0.80741268,0.93256634
0.88833451,0.83937222
0.76643932,0.72542518
0.72907299,0.67465597
0.68790323,0.82082480
0.89442873,0.90278625
0.90337312,0.89822596
0.64796543,0.68520772
0.44242352,0.38532355
0.51301146,0.48704740
0.88423431,0.83126938
0.28418165,0.18162036
0.91996372,0.90208477
0.83001280,0.77817488
0.86473668,0.97225618
0.25784898,0.19789402
0.88689703,0.89963681
0.91459537,0.94377440
0.81882703,0.85839826
0.61828482,0.61078435
0.38812894,0.61413044
0.91867107,0.93711191
0.89515412,0.76545084
0.91608709,0.97058821
0.33280855,0.36443609
0.33014324,0.36312521
0.86541235,0.76708263
0.51480329,0.52937502
0.89411509,0.79024607
0.88528949,0.89081454
0.88338512,0.86110950
0.70227003,0.75369942
0.37075621,0.35006940
0.92134392,0.94548410
0.85353076,0.66498518
0.73762119,0.81830639
0.81111300,0.82892108
0.82419556,0.88184768
0.33274606,0.27616072
0.88257933,0.79850364
0.87592280,0.89065719
0.88984001,0.93086231
0.90571111,0.72998244
0.86556107,0.84679800
0.46737742,0.21632653
0.29092339,0.33326069
0.34369445,0.19183815
0.56719398,0.48743087
0.90177143,0.94407952
0.87069857,0.89401984
0.87011886,0.81552893
0.86461622,0.92807019
0.84214610,0.78325993
0.78551918,0.86732459
0.83578891,0.77313966
0.85465693,0.77454948
0.71624088,0.74046820
0.85332495,0.85392076
0.78737950,0.83129698
0.88124084,0.83756614
0.91181099,0.93528140
0.87549889,0.88186926
0.81179827,0.79381973
0.73094392,0.69688696
0.92658341,0.91922879
0.86153185,0.92652273
0.87760395,0.84664577
0.75188994,0.76540387
0.83114183,0.89585638
0.89815068,0.93859649
0.28212625,0.32080314
0.79114252,0.77245408
0.91118097,0.91573280
0.61278927,0.64191377
0.76725769,0.85057473
0.18014956,0.14787246
0.90925920,0.84416056
0.72292936,0.79087746
0.85913479,0.89317387
0.69581425,0.64391613
0.89088464,0.88299233
0.58001095,0.43194795
0.68554485,0.67963105
0.74226326,0.65176547
0.79459178,0.82643163
0.84566206,0.75226355
0.77002585,0.75716102
0.56089568,0.44025022
0.50403571,0.60747039
0.86618406,0.78223419
0.87786222,0.86879975
0.74633718,0.76255196
0.89482415,0.88927275
0.92656714,0.96808511
0.47211882,0.54241073
0.78866386,0.75661653
0.39785892,0.09863760
0.60213912,0.55715907
0.78439337,0.73624593
0.86016905,0.79540890
0.79970980,0.71696526
0.78710967,0.59149587
0.90432715,0.93978560
0.87887299,0.96419412
0.66388154,0.69525450
0.83113033,0.49738893
0.73743337,0.76723981
0.92268503,0.95720690
0.87310565,0.90099812
0.88423550,0.95794469
0.28593969,0.30288059
0.59838521,0.71082675
0.80940068,0.86419159
0.75645405,0.65958905
0.88299274,0.85815513
0.63495857,0.74333793
0.65513015,0.66988039
0.57036722,0.71070814
0.73354828,0.94148535
0.60810328,0.81313258
0.84031689,0.79290372
0.77699888,0.64735752
0.86566365,0.79436970
0.89212364,0.87596530
0.88795918,0.87224531
0.90052223,0.95764995
0.36573100,0.36092472
0.66510189,0.62922239
0.91974998,0.92874461
0.79620427,0.74860299
0.75881636,0.70526314
0.87840861,0.89749998
0.35754272,0.37449864
0.92910552,0.95026022
0.52717096,0.32028005
0.55045807,0.64425415
0.90118486,0.96162230
0.83593005,0.76695514
0.73762786,0.77394414
0.37467167,0.63053328
0.88274598,0.95596242
0.82958066,0.76823986
0.80146235,0.75105363
0.37629396,0.32566988
0.82509333,0.68333334
0.51605552,0.69332433
0.07960102,0.08037448
0.72785401,0.89220911
0.89068782,0.96814519
0.86176598,0.84479272
0.85913074,0.79338527
0.88340753,0.94954646
0.47222400,0.43284315
0.87374181,0.69583505
0.90818667,0.89440757
0.33845717,0.36039910
0.34068432,0.35332921
0.73970032,0.68539518
0.69288957,0.74256802
0.65268493,0.48081312
0.54371452,0.53971231
0.91759139,0.72615498
0.93463463,0.92392248
0.91948330,0.96382010
0.71416557,0.73432392
0.87969434,0.86331171
0.88053679,0.78166544
0.88896799,0.89899069
0.67023337,0.76608050
0.82139993,0.86064786
0.72072685,0.82148719
0.61409533,0.58672035
0.91083580,0.93351567
0.32392660,0.42465344
0.58089942,0.68576086
0.61535460,0.52576363
0.79744983,0.70784760
0.83018905,0.53574198
0.89091027,0.91157508
0.85979199,0.74523485
0.91886646,0.91091871
0.81675452,0.82977635
0.69686389,0.81792766
0.89197659,0.88826263
0.72510123,0.72435689
0.74302500,0.75868577
0.63539851,0.67637467
0.82744217,0.99567723
0.91257769,0.92606348
0.55277747,0.57397401
0.88869715,0.90356058
0.86160761,0.71961153
0.65607429,0.79880536
0.62238592,0.50130612
0.88858604,0.93789756
0.88302505,0.95311296
0.80273938,0.81991476
0.85538882,0.72814614
0.73344034,0.71362889
0.80687869,0.83389235
0.85884279,0.83451200
0.87947041,0.78860199
0.76792270,0.73657191
0.90231311,0.84061986
0.85915208,0.94540530
0.75642824,0.80648643
0.26942015,0.31366667
0.87578315,0.84796661
0.74063170,0.73351729
0.50302714,0.54718840
0.90021712,0.88162988
0.67134827,0.81057250
0.88181645,0.92400765
0.68762416,0.57354552
0.88677239,0.87233663
0.55864787,0.50428438
0.47362274,0.13711420
0.31209868,0.32454872
0.89984399,0.89262384
0.92346919,0.96363014
0.26554525,0.19509904
0.91727841,0.99425286
0.48298231,0.72651094
0.61750352,0.60988230
0.45422217,0.60228240
0.80296963,0.88930732
0.92690897,0.86408865
0.43908834,0.34537953
0.86511832,0.84377444
0.91824758,0.90561378
0.23229548,0.13695097
0.44481745,0.50378859
0.81760526,0.74292064
0.87296021,0.79004449
0.21149784,0.24258862
0.79316127,0.86763489
0.90646970,0.94272786
0.90528804,0.87228262
0.88516295,0.93089473
0.73248512,0.82659674
0.82963240,0.56715345
0.49834472,0.43750000
0.73602223,0.64929664
0.80192351,0.87730443
0.84049821,0.87369418
0.93135047,0.93460876
0.78495032,0.83190787
0.91530585,0.93884945
0.89673448,0.93355179
0.87242317,0.68113589
0.80561513,0.92294228
0.89094150,0.92998475
0.65449917,0.72939563
0.89960378,0.81197727
0.88570917,0.93533128
0.68857735,0.66155618
0.85076183,0.83815289
0.51767677,0.64594233
0.49146399,0.42381462
0.35192531,0.33714616
0.23054110,0.19290447
0.88565421,0.88418782
0.66888773,0.52502614
0.30794752,0.22745098
0.85747612,0.81343281
0.38075680,0.29205781
0.90004033,0.87623543
0.50041187,0.67069441
0.85589379,0.84294069
0.90367067,0.93773043
0.80657136,0.81463414
0.88837999,0.94401836
0.89492249,0.86678141
0.84075570,0.87521613
0.63247693,0.57271230
0.43424392,0.53940362
0.75557703,0.71821153
0.84469640,0.91012084
0.45167166,0.47917229
0.85386419,0.98165137
0.88440287,0.91362369
0.90225184,0.85909718
0.69081295,0.54266471
0.88403440,0.91173846
0.90693986,0.90658933
0.90406239,0.86791629
0.91304702,0.95744681
0.71479028,0.58418125
0.85753059,0.82290292
0.87360907,0.87208658
0.64818525,0.74011052
0.45952094,0.60045093
0.88107944,0.83905226
0.70031691,0.65093398
0.85897201,0.90899503
0.56526446,0.69546163
0.46912202,0.74472129
0.80858207,0.88727701
0.65105999,0.73769182
0.68522078,0.73922074
0.69314837,0.76217532
0.91819775,0.93277627
0.78502858,0.83050299
0.90085363,0.90052283
0.27920067,0.21194558
0.26310527,0.17284226
0.90193725,0.77059960
0.88600665,0.91963649
0.80861127,0.89316058
0.85524535,0.86691087
0.91028583,0.93498981
0.82956100,0.82219505
0.53349078,0.58228850
0.68922365,0.70582694
0.93825376,0.95121115
0.82919788,0.86135387
0.50731969,0.56164718
0.31533456,0.30777812
0.88483685,0.91045171
0.88965595,0.89441824
0.82298094,0.84645456
0.79168594,0.94160479
0.92242730,0.91924030
0.92581904,0.90334094
0.55363393,0.61994076
0.47617304,0.40143004
0.76143682,0.81551468
0.64997184,0.78577238
0.30469680,0.20197700
0.65952408,0.66645622
0.59225690,0.78876680
0.88727754,0.89681494
0.92593992,0.90065694
0.86914074,0.84817350
0.74752474,0.47467282
0.72423297,0.79190505
0.43550074,0.28224444
0.52419889,0.76277483
0.86660385,0.91742486
0.84898871,0.83657098
0.83895040,0.82361144
0.87091291,0.68787706
0.79222620,0.91034049
0.90180087,0.96686637
0.61139238,0.61069554
0.90503448,0.83503401
0.69786441,0.69078428
0.89912564,0.91370666
0.84857678,0.84787780
0.90716720,0.90089047
0.82317996,0.82089055
0.90051574,0.80405194
0.88458335,0.93518662
0.93510461,0.97240955
0.82547593,0.84013987
0.84757215,0.87225527
0.91251177,0.92179430
0.88202423,0.92888987
0.28282982,0.45072746
0.82219028,0.85822284
0.89759302,0.85104918
0.69661057,0.76822382
0.89199340,0.82194221
0.71064472,0.59787560
0.85677415,0.84872788
0.72910988,0.83742207
0.39139670,0.34439981
0.91545165,0.93610096
0.36569831,0.26666668
0.53427631,0.62235463
0.48509562,0.60673052
0.40178335,0.18010005
0.90868801,0.84380031
0.86316520,0.92732280
0.84523058,0.83649731
0.81498051,0.90593380
0.75754595,0.70613438
0.91534334,0.92788690
0.38402846,0.48370764
0.85075593,0.81176519
0.67174131,0.77148271
0.90952402,0.96093750
0.90094459,0.90387791
0.89206302,0.84759659
0.84495413,0.89461780
0.91152495,0.94208241
0.90785897,0.95119363
0.92397374,0.90923703
0.90967923,0.98130840
0.65015179,0.56146836
0.90153736,0.91173589
0.64035219,0.50154185
0.69217312,0.58893472
0.24246889,0.14646147
0.45862561,0.50424671
0.53348225,0.41088435
0.45828995,0.29401568
0.41476133,0.48030955
0.21465044,0.07546584
0.73746920,0.74223316
0.79124314,0.87124062
0.90793592,0.91920114
0.72150356,0.74406934
0.92013639,0.92366052
0.73761725,0.64682537
0.54114759,0.60321188
0.46586132,0.37818581
0.76130033,0.62571734
0.86504751,0.91259533
0.68619663,0.72680253
0.71623129,0.66029036
0.86642921,0.87170118
0.78531492,0.76955587
0.90606040,0.93319839
0.79918945,0.85587108
0.51398218,0.58505511
0.89977938,0.96349204
0.67734784,0.61569321
0.69747269,0.69259226
0.66045749,0.66327536
0.91368073,0.91928649
0.91897559,0.95802468
0.91872728,0.90012270
0.91504663,0.90114379
0.40820256,0.20503296
0.29663381,0.35523197
0.38148749,0.26745707
0.88404047,0.90437460
0.73609567,0.63581181
0.64482182,0.61104149
0.88158423,0.93285304
0.40886331,0.81210190
0.43601781,0.47129482
0.88342422,0.81258750
0.59855139,0.45364729
0.90444225,0.98169702
0.70324540,0.78268450
0.59333766,0.61704546
0.90629131,0.88990861
0.88328969,0.97045207
0.73602045,0.70130837
0.89394706,0.89285284
0.70893610,0.62724870
0.60550708,0.56385195
0.34818619,0.25637975
0.68772787,0.79500234
0.75800526,0.69508725
0.53037161,0.63013417
0.89981532,0.98334062
0.49499014,0.69055158
0.88299286,0.92383808
0.90275884,0.94218361
0.86584777,0.86891854
0.87583166,0.86367422
0.61262596,0.51754659
0.71840745,0.78297937
0.88765198,0.93371862
0.91014737,0.90143776
0.82587123,0.91566491
0.32640919,0.30468205
0.55140054,0.56979698
0.28540069,0.23250675
0.91617030,0.86995327
0.29185992,0.41469720
0.92684811,0.93900478
0.40596956,0.43546876
0.77373785,0.77786911
0.45857474,0.69936556
0.88918674,0.95305806
0.80527586,0.76403230
0.87358069,0.80402207
0.77887845,0.75223839
0.83567333,0.83078456
0.75448483,0.78764856
0.92907679,0.95811826
0.60757756,0.65855736
0.88921195,0.91666669
0.12834081,0.07999019
0.83488786,0.76587898
0.83107579,0.61953080
0.86207497,0.75495642
0.88657105,0.95080733
0.83432651,0.77038592
0.79427695,0.80060756
0.65712595,0.74267250
0.83210015,0.79971099
0.87683886,0.91238075
0.25028783,0.22217397
0.90531462,0.87666112
0.57932746,0.74300504
0.53942400,0.45698714
0.32827914,0.36278734
0.58330882,0.37106428
0.68051952,0.71309465
0.53063035,0.44977465
0.80069411,0.59016037
0.89866686,0.91565895
0.90528059,0.91120613
0.84994149,0.91013020
0.89803493,0.89345205
0.81195503,0.80820620
0.78330684,0.86757928
0.78265774,0.91666669
0.78190386,0.85315496
0.89201367,0.87983447
0.38045925,0.49665090
0.89745039,0.95381582
0.89186990,0.90521133
0.80532575,0.67910516
0.57914722,0.40959081
0.27788663,0.20271671
0.62684822,0.68091470
0.74751735,0.68552852
0.91999334,0.96753246
0.28026325,0.10126051
0.87658352,0.80754149
0.91505170,0.93436402
0.71422470,0.74362189
0.82591420,0.82724601
0.81293738,0.79828215
0.87028885,0.69347245
0.85410553,0.82698303
0.93247998,0.93198323
0.50499147,0.51811862
0.57966453,0.70439917
0.87120247,0.92944145
0.79550439,0.90636706
0.77709502,0.71667582
0.51508844,0.42832315
0.89864051,0.89857936
0.85040009,0.86661679
0.91227520,0.92589283
0.49512720,0.25634059
0.78462958,0.83868378
0.88370800,0.78827751
0.92076361,0.92849410
0.92161274,0.89989805
0.78356630,0.76666665
0.66803658,0.55991811
0.34187216,0.28589076
0.83133537,0.88310915
0.51140994,0.55888957
0.91156363,0.89850473
0.55518234,0.27880543
0.91056687,0.92014730
0.65710604,0.73731178
0.61467075,0.52108461
0.75474691,0.83567995
0.32542413,0.32528889
0.89648509,0.96169591
0.65936589,0.77822578
0.61679548,0.58068180
0.91604984,0.87170529
0.76369971,0.71845239
0.89289266,0.87380368
0.77739257,0.76607144
0.91126078,0.95326221
0.92761278,0.89258462
0.41398561,0.34081885
0.56718928,0.59745753
0.55679858,0.68646055
0.79420900,0.82647961
0.88536364,0.90271491
0.83167601,0.91725850
0.84381366,0.88718826
0.84899616,0.87114435
0.72842443,0.60120356
0.84684050,0.46852174
0.61411691,0.73190427
0.40307990,0.39402726
0.69983506,0.62926930
0.52704877,0.49691918
0.91723365,0.98701298
0.88416654,0.89826065
0.85808218,0.85449898
0.86470705,0.90821499
0.78190905,0.75923043
0.75278056,0.70555204
0.89191437,0.94282120
0.80576897,0.77347064
0.84880400,0.67157787
0.88092619,0.70553362
0.70845652,0.81201661
0.90946668,0.88078886
0.82739627,0.83578432
0.93182546,0.94103128
0.65471876,0.53107768
0.43509805,0.52988833
0.33372688,0.20009609
0.38206667,0.39013493
0.81916261,0.78663665
0.90337706,0.89193547
0.62866557,0.44416144
0.84122324,0.93978345
0.75995094,0.81386513
0.33303592,0.33039546
0.78353190,0.65399677
0.77200019,0.75515068
0.90792525,0.96022224
0.79848975,0.87657964
0.83660007,0.84198749
0.79960722,0.86983937
0.69327486,0.78114754
0.52182078,0.78111744
0.63958663,0.56970626
0.88600981,0.92520034
0.82107157,0.79707003
0.86839825,0.89074498
0.89876139,0.84968865
0.69056433,0.76813245
0.75186354,0.90280050
0.86903912,0.94572371
0.83175147,0.82553840
0.61037505,0.65357143
0.87709492,0.95462906
0.56652516,0.66510111
0.88323903,0.79662228
0.92221355,0.90443242
0.68635970,0.84760690
0.77538294,0.83841294
0.74175584,0.67039657
0.84034938,0.83207256
0.81773663,0.81657487
0.69732356,0.77877766
0.32312092,0.31129807
0.55767632,0.68655598
0.56136256,0.59858119
0.18810901,0.17453220
0.86964142,0.93983346
0.82804000,0.93475556
0.81877458,0.75798655
0.79064834,0.70731276
0.74638128,0.71174288
0.42341697,0.35124078
0.89268982,0.91406113
0.82748127,0.76807600
0.82770914,0.76313525
0.32171267,0.31278375
0.48715347,0.44432133
0.85955036,0.90317613
0.66361141,0.79202557
0.89978993,0.93099362
0.68458754,0.70170403
0.50578916,0.54166949
0.76963663,0.85633147
0.87111533,0.90139705
0.74907553,0.75012022
0.78927779,0.80881226
0.78336018,0.82235855
0.53322977,0.60790813
0.84452313,0.74700153
0.88231146,0.96954507
0.88861257,0.91812015
0.82257229,0.84948391
0.01983523,0.08566161
0.86659098,0.12643468
0.58388364,0.85046059
0.85089052,0.90807289
0.91244185,0.93888801
0.78484392,0.60186297
0.91192639,0.91981262
0.81582010,0.69896704
0.69671875,0.66550720
0.74349415,0.77146763
0.76944673,0.90429294
0.69000721,0.79958069
0.36475518,0.40756464
0.72611272,0.39721471
0.28853226,0.17623153
0.60846061,0.73163074
0.85735893,0.89707863
0.89905781,0.56689388
0.73809731,0.87054497
0.85521829,0.88084084
0.89560652,0.91818798
0.89150411,0.94163120
0.92368490,0.86440676
0.77103758,0.87353730
0.45787010,0.56899458
0.58571541,0.49455270
0.72052282,0.61777139
0.55322802,0.52595538
0.77099836,0.94755542
0.37842447,0.36901370
0.89781946,0.87933469
0.84507871,0.87507808
0.89442968,0.91969991
0.91295493,0.97183162
0.77190661,0.69854492
0.91803437,0.90601087
0.90555567,0.91934985
0.71070212,0.76273364
0.86566079,0.86068255
0.85383320,0.91656953
0.69583315,0.60021871
0.84497458,0.85117328
0.83381963,0.86987966
0.79355270,0.84303600
0.66059351,0.77068216
0.63443899,0.79150760
0.93794364,0.97414732
0.86373836,0.88803732
0.90094286,0.90785474
0.68547165,0.71074456
0.75183159,0.83252627
0.51393181,0.63190854
0.84564114,0.88191229
0.18305635,0.20976952
0.88917470,0.95288247
0.90792429,0.92028987
0.49867657,0.49156144
0.77709740,0.83364457
0.83845490,0.87213224
0.89466023,0.88528138
0.66835880,0.58817035
0.36829641,0.31286803
0.41477075,0.62922794
0.55282688,0.61418188
0.55387938,0.24347527
0.23071501,0.11873738
0.74943429,0.76134181
0.43671903,0.39613393
0.74454147,0.82008451
0.83287525,0.80440974
0.40976319,0.33329469
0.88726926,0.92367554
0.88350761,0.89866668
0.58876932,0.70171762
0.43511581,0.42954203
0.68170094,0.80566639
0.76310301,0.83036262
0.92383814,0.92585701
0.86232406,0.74073303
0.74508613,0.80979818
0.85213488,0.86962384
0.78125197,0.62326616
0.77166569,0.63095152
0.87823641,0.89482588
0.77776670,0.83699787
0.52013046,0.49342829
0.78855598,0.91283423
0.85159683,0.80642664
0.49202061,0.62330812
0.90185225,0.89504141
0.89729077,0.89152396
0.85760105,0.92405063
0.30382854,0.32725823
0.46385983,0.39709273
0.87975615,0.93515384
0.91126359,0.88094622
0.85001040,0.85957152
0.28446224,0.27339184
0.89009082,0.86980635
0.81199521,0.79888940
0.36990368,0.42548537
0.84900689,0.86160082
0.37880138,0.54627961
0.83265895,0.43585798
0.66793120,0.50837368
0.88860977,0.85884035
0.91419035,0.88307792
0.35558316,0.45987770
0.88121033,0.91107064
0.26859325,0.24315847
0.88618565,0.90119338
0.83864754,0.90645260
0.56027102,0.72031248
0.89349353,0.87706041
0.78559518,0.80713564
0.83583128,0.85912198
0.78777397,0.72882140
0.88200957,0.99019605
0.85331792,0.83900726
0.51250911,0.32135075
0.44829473,0.39172241
0.58691943,0.67829460
0.50008434,0.37510505
0.86918038,0.83604652
0.84511364,0.85988456
0.53418583,0.65158045
0.31976181,0.31108308
0.49115869,0.50334930
0.78274524,0.85481507
0.82005441,0.79130161
0.82977182,0.84695125
0.74289298,0.61887354
0.23429932,0.14263675
0.48940736,0.48690495
0.83044279,0.86300260
0.37788603,0.26383927
0.51373124,0.53753352
0.80801874,0.62433434
0.64464772,0.45224568
0.90445232,0.95352924
0.90541458,0.80819237
0.60433495,0.69459707
0.51694292,0.67878431
0.92142248,0.89837396
0.93140382,0.95400435
0.88933331,0.91041696
0.84083402,0.75858337
0.82526481,0.82003665
0.69813573,0.70340455
0.68261075,0.48337805
0.43713778,0.37991992
0.76340806,0.86611974
0.64866900,0.58784384
0.66331911,0.75064933
0.83585513,0.90627605
0.62211180,0.65292746
0.90311468,0.91074139
0.59268659,0.76752019
0.87820041,0.87040246
0.66535491,0.61211991
0.43332887,0.43487820
0.79761988,0.90623552
0.92263007,0.89944851
0.73001689,0.84052944
0.32792294,0.26004007
0.75746667,0.84988815
0.65799898,0.53417081
0.81321746,0.83466578
0.79475266,0.52981442
0.87306416,0.86218321
0.80397105,0.81845027
0.87243092,0.86103523
0.54508692,0.51631916
0.67257583,0.83559859
0.73104399,0.18303572
0.60785121,0.93627453
0.91066420,0.83944249
0.86369538,0.84463322
0.19778982,0.09526616
0.92087460,0.93244487
0.79919094,0.77100843
0.88249648,0.94883019
0.92649472,0.92723972
0.81652117,0.68794161
0.88560772,0.86485237
0.90151966,0.92160589
0.85786277,0.89840817
0.78241849,0.92906165
0.75907677,0.75259233
0.75884587,0.61574060
0.72911561,0.59257960
0.87685347,0.79675978
0.71881509,0.59789425
0.90496421,0.93469661
0.81081748,0.54686409
0.92823297,0.93159062
0.61540598,0.70015490
0.73119318,0.86223722
0.83870751,0.90609950
0.89547843,0.94830412
0.88305527,0.94938821
0.35571879,0.35658288
0.82855558,0.71201617
0.38531065,0.45272169
0.75480461,0.82881021
0.40192330,0.37209436
0.84060431,0.92400002
0.73297894,0.68304229
0.85494381,0.71880341
0.90741408,0.88179296
0.69668049,0.76571894
0.73657858,0.77197582
0.51436698,0.57446116
0.28638324,0.32542616
0.82802260,0.65605420
0.67773473,0.61134416
0.36823511,0.58115762
0.88720781,0.81293952
0.81712645,0.60676390
0.88441205,0.82358974
0.78635436,0.85777777
0.34643006,0.27318868
0.58381557,0.81480813
0.86511487,0.87839675
0.45966807,0.29782945
0.28354913,0.04680178
0.18429795,0.06657046
0.83022213,0.90623760
0.73990929,0.81647158
0.67512828,0.58619440
0.88554347,0.92981434
0.89435381,0.95986170
0.76472592,0.74702710
0.56156003,0.64082605
0.85223877,0.76300967
0.86204171,0.83017105
0.89913547,0.84848541
0.77076441,0.79630065
0.85524821,0.79869944
0.70001930,0.59406590
0.78732932,0.79819822
0.83561647,0.81499010
0.91965556,0.91630435
0.42037764,0.34444845
