Predicted Score,Actual Score
0.81019151,0.97402596
0.83594519,0.73417723
0.44949031,0.12823969
0.78491408,0.81259978
0.85780603,0.89496130
0.43946826,0.47500202
0.83384472,0.90291262
0.85615408,0.96124291
0.87526089,0.89341539
0.85885799,0.88575649
0.76994765,0.89799571
0.90150756,0.90173441
0.85806519,0.87073731
0.89703101,0.92330921
0.33377340,0.56876683
0.72570544,0.75344354
0.89574522,0.95312500
0.89115554,0.91624480
0.72823644,0.69825709
0.55058533,0.67295039
0.89412802,0.92591548
0.72367609,0.83874792
0.65019983,0.67183489
0.87715894,0.87838751
0.81073332,0.85806680
0.43384671,0.67744184
0.71718997,0.64183676
0.86983758,0.90314204
0.68388861,0.39795625
0.18915872,0.23219927
0.74429190,0.73923182
0.52648491,0.62878650
0.83229417,0.79866892
0.91504687,0.93340164
0.80839068,0.76762378
0.84380347,0.87750590
0.72278833,0.70610350
0.84014678,0.87274390
0.75208646,0.77471316
0.80869043,0.74017882
0.54690295,0.53162020
0.80072522,0.85185730
0.86353129,0.82243454
0.89660186,0.96494067
0.71721035,0.68949252
0.77222812,0.84601575
0.70877320,0.66256118
0.91573495,0.96178091
0.83734763,0.89498997
0.32648602,0.60363024
0.91440707,0.95655042
0.55357975,0.52236116
0.76157111,0.77376813
0.88237679,0.95441693
0.69397426,0.69354075
0.43458623,0.63580692
0.82867229,0.84415495
0.61812681,0.40421757
0.69656128,0.71092772
0.54078454,0.48772570
0.83853143,0.92003518
0.67751378,0.80931371
0.71528405,0.81769353
0.51587009,0.58732945
0.86521769,0.93263525
0.89451957,0.92334527
0.74510550,0.86228913
0.29379895,0.61061680
0.92244059,0.94150591
0.89384890,0.93775851
0.73158938,0.77325583
0.57060957,0.75315696
0.91798645,0.94875002
0.92208487,0.91922528
0.08270796,0.08555707
0.86890817,0.91582203
0.64100391,0.45671695
0.88235927,0.90770239
0.87263769,0.85985541
0.65382904,0.62730861
0.60632735,0.72826087
0.87445670,0.88688642
0.58963197,0.71479058
0.41968948,0.36846665
0.62013173,0.65540588
0.56918919,0.68428475
0.84590226,0.84891218
0.76512581,0.55244505
0.76212937,0.35617423
0.59559923,0.50777072
0.77100706,0.85436708
0.69328398,0.79423076
0.80329901,0.89748764
0.72314119,0.83244783
0.92855048,0.92120171
0.73076332,0.88900036
0.72887927,0.84893095
0.48315841,0.26438427
0.86180401,0.93618190
0.61946636,0.71952027
0.69398576,0.70891517
0.87228382,0.93338555
0.84511471,0.81782299
0.73383838,0.82515365
0.91266829,0.93354863
0.70530003,0.76575905
0.74306196,0.78066832
0.73795897,0.81996006
0.38015783,0.70684522
0.75502795,0.62531328
0.86033350,0.92056233
0.82145250,0.89564049
0.74809825,0.75606227
0.87248975,0.79218322
0.85322899,0.74072599
0.89947516,0.98071426
0.88403368,0.92811561
0.90035683,0.87471670
0.90126920,0.91462636
0.83059865,0.82258064
0.35548508,0.39279380
0.83367252,0.88937986
0.86811209,0.90602368
0.73760569,0.81310177
0.43493497,0.55831259
0.82685649,0.94914424
0.88314813,0.95865506
0.86986917,0.91876382
0.64074618,0.50917327
0.39427996,0.36498562
0.42754167,0.61657834
0.88385296,0.79741937
0.88582903,0.95239449
0.44850212,0.28675476
0.11718006,0.07518037
0.78896219,0.71153843
0.89585561,0.92348027
0.87156874,0.92421323
0.75730139,0.56428504
0.87823516,0.82616764
0.37746263,0.34419924
0.73766816,0.81334132
0.50666392,0.65832502
0.50564051,0.43220028
0.80576533,0.90905404
0.82267213,0.79105079
0.57033050,0.55054945
0.65293503,0.62651515
0.83415389,0.86879802
0.84822887,0.97530866
0.88760126,0.87283242
0.44121498,0.56747156
0.87341923,0.94212097
0.70999104,0.66474348
0.84763849,0.92114174
0.53551292,0.53451371
0.37007499,0.53433007
0.35000741,0.26161468
0.63112015,0.76617503
0.37883958,0.26211971
0.74115139,0.85384059
0.76354939,0.83106786
0.46651077,0.52025586
0.61635995,0.45982206
0.66939002,0.66571146
0.64369416,0.65996927
0.70181340,0.55469769
0.38812813,0.49744070
0.86026448,0.82678950
0.83798248,0.86687738
0.47754556,0.50203669
0.66997147,0.82179201
0.72071511,0.83482140
0.83779198,0.87538403
0.66870320,0.42339361
0.89824271,0.87560409
0.85137331,0.96667218
0.89663416,0.91998285
0.49044466,0.57792211
0.27645957,0.11602031
0.35445130,0.44695711
0.90422779,0.90727723
0.35102069,0.21682203
0.50038886,0.73896211
0.19898961,0.08269231
0.88793814,0.89456820
0.38342530,0.54569191
0.39346239,0.53317410
0.84037018,0.80749857
0.78722030,0.91145813
0.75261933,0.55948716
0.85467309,0.80233300
0.82565325,0.88644528
0.62054968,0.62116641
0.89840901,0.95716840
0.80788803,0.88170350
0.87750429,0.87957662
0.88154721,0.89387870
0.44531620,0.40693602
0.81677860,0.89572513
0.85648185,0.91693234
0.84187257,0.84765124
0.55598515,0.76251251
0.89295286,0.91515762
0.90949184,0.87500000
0.85137129,0.89019877
0.78548336,0.61056477
0.57698369,0.82854885
0.84778100,0.78734589
0.77613366,0.78923386
0.84584588,0.88581467
0.22691391,0.16648623
0.55308056,0.67439586
0.61072761,0.60586655
0.40603846,0.21057090
0.94561881,0.97528487
0.63118696,0.77255833
0.81322056,0.81333578
0.45956337,0.40319654
0.22115259,0.18734229
0.85688192,0.93949294
0.78673321,0.83993411
0.82061625,0.81172067
0.90389770,0.84017092
0.89599520,0.92468828
0.89736944,0.88304842
0.60042757,0.66082203
0.86711609,0.88372952
0.91438001,0.83225191
0.93245912,0.95003641
0.83408242,0.72066885
0.74897271,0.86759102
0.92181361,0.95790040
0.84789312,0.90465409
0.81694508,0.89721519
0.73239976,0.70557100
0.73840606,0.69692564
0.89779520,0.92170662
0.73434913,0.82425898
0.75404871,0.87733400
0.72761387,0.73381919
0.79603714,0.93076921
0.28886795,0.24927424
0.68505818,0.52957636
0.84662944,0.82738793
0.72000533,0.86590999
0.87426543,0.92802405
0.83034271,0.90368575
0.61140907,0.54557669
0.57306755,0.62063390
0.72485667,0.79854780
0.86235607,0.74737102
0.20478792,0.12833922
0.81502247,0.79881155
0.39512515,0.35335454
0.90172321,0.93185782
0.61159599,0.59370100
0.67212158,0.77021104
0.51522917,0.52511907
0.47583717,0.30528343
0.73975754,0.80870020
0.39529428,0.34392732
0.81435007,0.89617443
0.43570483,0.35266176
0.11583509,0.07075887
0.92548829,0.87498575
0.68673164,0.88172841
0.18945657,0.12780370
0.88145679,0.90276414
0.65697390,0.83361101
0.75913006,0.88522983
0.88651717,0.95717955
0.51326191,0.46015915
0.64943093,0.38126567
0.28053582,0.25172111
0.79157794,0.80265307
0.82079917,0.76514375
0.40951192,0.07320361
0.76003510,0.89524198
0.63955748,0.73342174
0.84271747,0.80329156
0.78495491,0.85264045
0.80675513,0.78269428
0.81728590,0.87559807
0.87744564,0.90807718
0.32810462,0.36312518
0.91833848,0.80876142
0.29574203,0.25291896
0.82401180,0.86300600
0.78475338,0.79727256
0.49764377,0.61340129
0.90540892,0.89284766
0.89482445,0.91649079
0.56246358,0.55881286
0.44035536,0.54536289
0.79467160,0.75468165
0.86254162,0.94361734
0.59342307,0.59260988
0.57025892,0.64701778
0.76312941,0.71809447
0.87827998,0.93402511
0.54358882,0.58740681
0.37025985,0.41599599
0.18762653,0.14241019
0.83273131,0.67805189
0.92628598,0.80217671
0.72370547,0.66494596
0.88468760,0.95568520
0.50087041,0.61684728
0.89507049,0.88004929
0.81869197,0.88933253
0.81401014,0.82872027
0.74124253,0.80215055
0.81465280,0.80901641
0.79901063,0.82661730
0.15429236,0.11900791
0.80902618,0.87948585
0.77758771,0.80047262
0.43326384,0.46851847
0.38319343,0.57297772
0.82325202,0.71595830
0.50576097,0.74690306
0.77255011,0.73192525
0.66770709,0.75357145
0.59461063,0.57308745
0.68863618,0.62363571
0.68510282,0.65479439
0.91367990,0.93142426
0.68054819,0.83667612
0.87923819,0.89990115
0.66747808,0.67989606
0.91502929,0.94007879
0.86098856,0.91771734
0.89897007,0.91071504
0.88577819,0.92906648
0.88730103,0.91549295
0.74738967,0.66958934
0.24336298,0.41143456
0.70212108,0.88174874
0.83370358,0.85992599
0.34690875,0.13107717
0.88026112,0.89474386
0.81187296,0.68202478
0.90637797,0.94682842
0.72265738,0.63246292
0.87063855,0.62972188
0.38658208,0.37559256
0.85378456,0.80065358
0.88884258,0.92087841
0.24921460,0.36875001
0.92206895,0.91927636
0.52653760,0.46600592
0.45208395,0.61411488
0.86878330,0.89916748
0.84102273,0.92163610
0.89244103,0.93200552
0.66922945,0.61390060
0.79695559,0.65883905
0.90781814,0.67633200
0.76589352,0.86915255
0.09967972,0.15155677
0.49509323,0.49106583
0.52761918,0.69213933
0.38937199,0.24906784
0.55697674,0.54263598
0.82528806,0.77467996
0.73468930,0.68409622
0.23117320,0.29139313
0.41586840,0.51904726
0.46936059,0.38562462
0.85796255,0.84973544
0.87082648,0.95088142
0.90522516,0.94298244
0.85684371,0.86500758
0.83918446,0.90359151
0.85159397,0.87472767
0.70310825,0.46424896
0.89716464,0.95084935
0.75613749,0.77117878
0.66911775,0.58342171
0.88556069,0.91828686
0.70449144,0.80697674
0.77334845,0.71942645
0.88574558,0.93650794
0.65290618,0.57005721
0.45506465,0.51761085
0.84680116,0.75609297
0.51331246,0.45612457
0.78420895,0.73582870
0.57728928,0.38604474
0.84422714,0.90181994
0.78090787,0.73497599
0.85335511,0.88957173
0.38007784,0.34808046
0.82130289,0.92061257
0.84919953,0.90839982
0.62117696,0.55831069
0.61999595,0.72351193
0.85441530,0.93805766
0.65752751,0.64244634
0.59044158,0.32544324
0.76442242,0.73041230
0.50426912,0.34453544
0.56972951,0.50486070
0.78051680,0.78953445
0.84062892,0.94339621
0.44244653,0.30385977
0.73891330,0.64590788
0.83869684,0.85407209
0.86509365,0.91231942
0.66719818,0.18738404
0.46119648,0.45740741
0.83460784,0.96041739
0.52188742,0.72167873
0.61415172,0.42158175
0.86756307,0.91804773
0.76942724,0.78965688
0.55177832,0.52184761
0.74976873,0.87190974
0.91941589,0.94274896
0.82979131,0.80571985
0.82707500,0.07899183
0.76240319,0.60848868
0.84957981,0.89148116
0.55627614,0.51343048
0.89763057,0.92359877
0.66095048,0.79474926
0.78282613,0.88637221
0.81163925,0.98275864
0.88453311,0.89629233
0.74716312,0.89764708
0.83981770,0.84450263
0.67071998,0.61614585
0.16840471,0.17829013
0.86705089,0.92699409
0.82389778,0.81618500
0.56932706,0.53220779
0.84910208,0.92192829
0.31089845,0.33106670
0.45125586,0.44288188
0.50643480,0.56109023
0.59408629,0.43951538
0.84710598,0.92528480
0.90029770,0.93086082
0.34173363,0.26050326
0.68221414,0.56626183
0.40657055,0.36328125
0.84679282,0.92448813
0.78394818,0.82105064
0.66416448,0.68381846
0.81208307,0.82598782
0.48765886,0.50071144
0.85288101,0.94360578
0.82899600,0.90516317
0.61855680,0.72879392
0.70832294,0.76458818
0.86326563,0.88809526
0.88808900,0.92989480
0.89251190,0.98217809
0.67899102,0.86826700
0.83935940,0.56681240
0.84320647,0.85920775
0.72135615,0.57705969
0.91951913,0.88157892
0.62788332,0.78612471
0.70841986,0.94624126
0.62012291,0.54118794
0.70429343,0.63134241
0.61178291,0.87279165
0.41927785,0.31614673
0.82130963,0.86965811
0.83211565,0.88306868
0.79144078,0.92385060
0.68699801,0.76888734
0.85894543,0.84614265
0.63167149,0.72766995
0.12606405,0.11512188
0.91356450,0.93403876
0.85322434,0.82826018
0.87614483,0.87306368
0.74936110,0.87089950
0.69550896,0.75645971
0.80736643,0.85018182
0.81693643,0.66416782
0.67725474,0.75797015
0.37190413,0.25341764
0.46823883,0.61868542
0.90425700,0.93299794
0.64578503,0.53369093
0.50243539,0.50543553
0.87935066,0.94818151
0.68840754,0.89948452
0.83083576,0.88830614
0.71263772,0.55795473
0.74607009,0.71386105
0.72420013,0.76758122
0.82873708,0.75173992
0.65786904,0.67453843
0.20028166,0.15517631
0.06505658,0.08621617
0.85403633,0.87846482
0.72141510,0.77368772
0.22832458,0.32831958
0.66709673,0.69556928
0.82926863,0.85143918
0.72747564,0.96383566
0.75255930,0.91259277
0.54008102,0.42557567
0.89959955,0.88128066
0.57779938,0.73436350
0.83650786,0.75521260
0.91119748,0.94178456
0.85345298,0.83820224
0.79173297,0.90534252
0.89242673,0.90604395
0.61196733,0.54397857
0.33043370,0.34042621
0.62843519,0.74213564
0.50914532,0.46721312
0.77305019,0.83787876
0.87099844,0.77691257
0.71355665,0.78463358
0.56974691,0.54062980
0.44717509,0.56309479
0.84389156,0.90254986
0.66426837,0.81804323
0.89350504,0.88422751
0.81684518,0.82250792
0.56826895,0.68953943
0.85653806,0.90570074
0.89570808,0.94573575
0.91313565,0.98872048
0.44682276,0.28900936
0.84535211,0.79104477
0.87312472,0.93850523
0.87555641,0.89795154
0.84417635,0.83737725
0.57315522,0.74095714
0.36179382,0.33032396
0.35436612,0.34530908
0.82457775,0.80003738
0.70085198,0.74438637
0.84885025,0.86483365
0.65274513,0.16271827
0.34636238,0.27488452
0.82960552,0.97891808
0.72771454,0.81934381
0.74726570,0.87059790
0.71622491,0.53162599
0.80791670,0.89136720
0.71507013,0.78222442
0.71828359,0.87974375
0.14285894,0.17347129
0.78691882,0.78741497
0.34317648,0.57768714
0.72783512,0.66176468
0.70954829,0.37600806
0.70534176,0.90059763
0.93111801,1.00000000
0.65750891,0.75333333
0.51899266,0.51879370
0.81028813,0.87455761
0.80914599,0.88170165
0.31973684,0.33645615
0.83290321,0.78451216
0.88762474,0.87897205
0.42063773,0.37231278
0.56557274,0.65100884
0.89367950,0.98514849
0.27966580,0.34342417
0.90700269,0.94150341
0.86453420,0.86278194
0.71282595,0.73398250
0.39592957,0.18351649
0.89503199,0.17508772
0.73579091,0.54235989
0.80173737,0.88377446
0.89581996,0.88747102
0.84313458,0.68725389
0.85327089,0.94704670
0.68742192,0.76789868
0.87557679,0.90375656
0.59155726,0.38664913
0.71825433,0.58123970
0.91800445,0.94471526
0.49369657,0.58785385
0.14794560,0.13317041
0.74616271,0.82111031
0.72580767,0.81927550
0.77216417,0.50737178
0.30968648,0.35793820
0.84301227,0.94668913
0.70418888,0.78106236
0.70414740,0.76445186
0.78276867,0.94601381
0.85035855,0.90634274
0.61741191,0.68380833
0.82627535,0.90094048
0.38738668,0.20601732
0.73440349,0.57549256
0.41242307,0.40170914
0.64551657,0.56870341
0.77710003,0.70322567
0.31393591,0.56885648
0.84647799,0.95232815
0.84620422,0.97230917
0.89633238,0.90798736
0.47478247,0.50279957
0.87891072,0.93726468
0.44341272,0.47462690
0.84833527,0.98611641
0.75492066,0.84835601
0.46281379,0.45559782
0.83369631,0.90083504
0.80628723,0.91296166
0.87495190,0.94327378
0.33714864,0.16424765
0.63174826,0.55503821
0.86737210,0.91661292
0.30814499,0.45925885
0.26229632,0.29532996
0.90160012,0.87887806
0.87689120,0.90586281
0.32335714,0.17696486
0.65704364,0.82478631
0.85913616,0.86314261
0.73393226,0.76869750
0.55753112,0.53705597
0.86420679,0.92538112
0.39612806,0.56055903
0.90213007,0.88629723
0.60159326,0.75627935
0.89133090,0.93670887
0.74559069,0.82308888
0.47162414,0.40456834
0.80112511,0.91089743
0.63691729,0.78777778
0.86519545,0.92911357
0.80405694,0.69113922
0.87068796,0.90190220
0.73369628,0.63666749
0.89912242,0.85641026
0.46604520,0.17829363
0.82324249,0.69058317
0.14731102,0.15327817
0.85086799,0.90101820
0.86164755,0.91109407
0.91111249,0.95047361
0.90120494,0.92647058
0.64094692,0.68912905
0.86119133,0.92720586
0.52620310,0.42086020
0.28810570,0.27375650
0.88952142,0.86971354
0.86409795,0.89973330
0.79055160,0.79886061
0.39665794,0.43711844
0.85711533,0.98076922
0.16240849,0.10615226
0.70710146,0.83466554
0.72716767,0.88856828
0.78975052,0.94647890
0.41018873,0.43639743
0.65857774,0.55140448
0.80622572,0.87530923
0.75977379,0.78524160
0.87826759,0.91887212
0.91977066,0.96458089
0.51924050,0.73625642
0.70759231,0.62658280
0.74847895,0.84385967
0.74519926,0.15565036
0.90076178,0.95704174
0.89776927,0.89234298
0.23971219,0.52842444
0.85547757,0.87819541
0.87906075,0.88687754
0.75222307,0.73830181
0.69749856,0.52949911
0.80491894,0.71129984
0.79787242,0.86401820
0.76959544,0.84465569
0.40223694,0.62325048
0.84984148,0.70629656
0.89869589,0.96345747
0.72651958,0.85711020
0.56408346,0.42282653
0.77459961,0.83812600
0.78504217,0.91418177
0.69574773,0.53076196
0.64897972,0.76756668
0.57371753,0.48365700
0.70504767,0.84386742
0.81664449,0.87472898
0.59125865,0.43295455
0.79641390,0.15256086
0.49215657,0.56848830
0.53649879,0.46316090
0.72972119,0.84844136
0.38322836,0.58766234
0.88361079,0.93451458
0.88678974,0.94434857
0.66473371,0.87548947
0.78421950,0.66451401
0.89266646,0.93750000
0.81181079,0.87782383
0.72326702,0.77662879
0.41713899,0.52112883
0.86900675,0.74080932
0.40791482,0.35436183
0.89868492,0.90838045
0.86569017,0.86874288
0.31752896,0.40221879
0.79045057,0.68074971
0.81820291,0.27570876
0.57118046,0.65938246
0.60722339,0.75972068
0.72657788,0.72567880
0.87135291,0.92263740
0.85478419,0.90852314
0.69846994,0.77347380
0.77123427,0.90735614
0.35804576,0.39060232
0.89136612,0.93160450
0.85630232,0.93575215
0.88289887,0.95952332
0.88360971,0.92662084
0.19233452,0.13453953
0.61693472,0.80454558
0.89238429,0.97752655
0.67168516,0.84678727
0.76867199,0.82333183
0.85977930,0.93022865
0.83993798,0.61199600
0.71636122,0.77859968
0.67867094,0.80725890
0.74767417,0.83139491
0.77919781,0.83583742
0.84898657,0.87042934
0.46344376,0.70664060
0.45078421,0.36685368
0.76668423,0.74097306
0.75072330,0.79255486
0.85915107,0.84913212
0.84074503,0.71875864
0.77101225,0.67011690
0.75593334,0.32683048
0.68175954,0.55766112
0.78478652,0.85989255
0.21066822,0.19367094
0.81490785,0.93538404
0.86952728,0.90991825
0.78353000,0.68539327
0.87049288,0.91759419
0.81663948,0.72106284
0.36081773,0.32704347
0.89426768,0.93608046
0.78585458,0.86502969
0.87194216,0.95979702
0.75197411,0.84799147
0.49372780,0.37755728
0.88276666,0.95145708
0.67814761,0.56290847
0.83321071,0.91645712
0.84575278,0.95285410
0.66494763,0.62650567
0.47611141,0.32072335
0.85372800,0.89240617
0.42321593,0.35028657
0.41068786,0.71653408
0.85681230,0.88588905
0.33340976,0.26666120
0.73513019,0.74499589
0.85039097,0.83351606
0.85464019,0.96326405
0.79304832,0.90768588
0.87443829,0.94939309
0.78153771,0.85437626
0.88074583,0.95850748
0.45452797,0.54287916
0.34815609,0.36428204
0.84675419,0.88704598
0.62604111,0.43425927
0.88815647,0.94929725
0.57068807,0.71067512
0.79224354,0.63700873
0.67261869,0.86472732
0.71934849,0.71541029
0.67003989,0.63905811
0.83083099,0.80315578
0.89356375,0.88850272
0.67814809,0.66753322
0.40350550,0.44647831
0.62888193,0.62124932
0.74409866,0.87901765
0.71099502,0.78030300
0.34684816,0.52420342
0.73731154,0.92205089
0.82456619,0.78166133
0.77093929,0.73881441
0.84653580,0.84031099
0.49800944,0.63799721
0.90127653,0.94316679
0.86520123,0.93215811
0.83452398,0.89567053
0.85873884,0.25329894
0.76343220,0.86700290
0.87160927,0.95950282
0.86137027,0.88489062
0.75175136,0.86976236
0.74848253,0.76693648
0.57630455,0.30950662
0.84173012,0.72567809
0.93130618,0.97021693
0.26936191,0.21486366
0.85586202,0.78550839
0.86972016,0.93685639
0.68783510,0.49767870
0.67155629,0.69782382
0.32396191,0.25678471
0.87354833,0.86602592
0.59099412,0.55377764
0.73649877,0.62692308
0.56148684,0.46017650
0.90225214,0.92502511
0.86909753,0.88770777
0.71280903,0.82881659
0.59190512,0.50868225
0.85723668,0.92674989
0.35222721,0.36921552
0.90318435,0.90374178
0.86916727,0.88365299
0.77856451,0.72280091
0.56593031,0.36578321
0.69992840,0.84963846
0.91719276,0.95857555
0.82484192,0.91486543
0.72821838,0.82511932
0.51241201,0.54123598
0.81200296,0.87810737
0.82059252,0.88048673
0.85802412,0.86632097
0.84653884,0.89029562
0.89511973,0.92037600
0.57459044,0.57556325
0.64559454,0.68744832
0.89054817,0.90070903
0.50892681,0.65185744
0.80086291,0.84777701
0.29937539,0.32695955
0.88224822,0.99002868
0.59719455,0.69989926
0.83942169,0.71813726
0.81545955,0.61200142
0.77694696,0.49263832
0.84606797,0.94070256
0.91938049,0.96220237
0.82379884,0.85051167
0.91369689,0.91666669
0.83352798,0.77461988
0.32257104,0.46426493
0.28806233,0.17483173
0.92820889,0.88480097
0.74081713,0.83754009
0.83418775,0.84317225
0.81950271,0.83602023
0.30407161,0.11402626
0.88660800,0.95478034
0.88531286,0.91940153
0.90858650,0.97209769
0.86554044,0.88014835
0.65529501,0.51186508
0.81320363,0.92653054
0.86272001,0.96006495
0.72873002,0.67934263
0.74657679,0.71043456
0.89377159,0.92495000
0.64765859,0.35361624
0.49008125,0.50788003
0.91994745,0.98148149
0.62587851,0.68704647
0.80818528,0.86311477
0.41177410,0.52732795
0.80694818,0.88892710
0.90882397,0.95763242
0.85825574,0.80791467
0.83693236,0.83319384
0.84392095,0.81443512
0.48921520,0.68139619
0.59079659,0.74045002
0.69790024,0.80992734
0.77030468,0.87623996
0.21211395,0.67512143
0.58499962,0.60962784
0.84177619,0.94444442
0.85954159,0.91606665
0.44983798,0.35512239
0.87202036,0.90430218
0.88852543,0.92204130
0.64268309,0.55746180
0.44579864,0.49128383
0.86418551,0.89216524
0.89282900,0.95149255
0.90138811,0.98148149
0.60871071,0.94337589
0.89240175,0.80992484
0.87706637,0.90847337
0.80566561,0.92484701
0.71661621,0.26357070
0.08171152,0.08537281
0.90423727,0.93373901
0.85510159,0.87512636
0.92404550,0.91501004
0.80125648,0.95940173
0.90007496,0.91044438
0.55986774,0.59308600
0.85293370,0.90087485
0.67100018,0.61900586
0.71782428,0.82157707
0.54162258,0.52896458
0.82680017,0.73947090
0.72063237,0.79045957
0.53158695,0.54188710
0.81350636,0.87981242
0.44925284,0.65378422
0.46670598,0.61596203
0.90770417,0.94051993
0.65913057,0.74266541
0.48194134,0.64204597
0.82247353,0.88051951
0.82871532,0.89543957
0.78938603,0.81695253
0.77746588,0.91156465
0.77802223,0.64776045
0.89291441,0.92656809
0.86151809,0.93346846
0.87543261,0.92307693
0.82237732,0.91433054
0.79489166,0.88171500
0.82945853,0.78515816
0.34527847,0.21394357
0.76832700,0.71412039
0.53844792,0.37766421
0.88280994,0.86475295
0.25096929,0.16192956
0.59446031,0.68831170
0.82923406,0.87214881
0.80867791,0.77392119
0.23234729,0.17979489
0.67537409,0.87428027
0.31541771,0.35305768
0.80207539,0.92311543
0.90434122,0.97734177
0.45208043,0.44297516
0.53744912,0.58479846
0.79018813,0.77450913
0.90811980,0.91695273
0.89981240,0.95487177
0.88623929,0.94533968
0.78749675,0.80533808
0.80083185,0.94351768
0.92277068,0.93783897
0.88029361,0.89982951
0.81498420,0.69699663
0.49259663,0.49800220
0.18670897,0.21694674
0.56261796,0.17383404
0.80494803,0.82614231
0.78348583,0.87852186
0.83343250,0.92970103
0.83620018,0.92205727
0.70887202,0.79311341
0.50499934,0.51911014
0.58742827,0.67791635
0.76434183,0.69121093
0.74074477,0.77200490
0.91198105,0.96604937
0.45239288,0.38564792
0.78948456,0.81436181
0.57330543,0.62727273
0.48526168,0.46962860
0.84703654,0.94494885
0.57715678,0.77758312
0.54179871,0.64672607
0.52457470,0.74681777
0.86534572,0.90649003
0.77174193,0.69499135
0.60237026,0.55331343
0.41075307,0.52941179
0.19873391,0.12279566
0.70770234,0.20196499
0.68846840,0.66119969
0.85014910,0.80784112
0.74083489,0.62730896
0.88186753,0.92794609
0.83794206,0.84856158
0.25786936,0.30643708
0.52497673,0.55393302
0.87856609,0.93758202
0.41715491,0.32155719
0.82737583,0.81454670
0.90344387,0.89606696
0.48191530,0.36516562
0.93880665,0.93428081
0.41180950,0.23690413
0.87359959,0.84717596
0.79660553,0.91078752
0.83289266,0.90155697
0.88883114,0.91223651
0.16606270,0.26881394
0.64571410,0.84800750
0.49938619,0.42078146
0.89362925,0.92582595
0.61951303,0.61574668
0.82614809,0.91927910
0.87795103,0.95104164
0.68262160,0.85549217
0.62101215,0.62375444
0.87789756,0.93637651
0.82220274,0.89367819
0.91369385,0.98437500
0.69293672,0.53379685
0.84972399,0.80090910
0.41558623,0.51022112
0.87530833,0.90876842
0.77764517,0.91176468
0.87048924,0.95534998
0.91950107,0.93555743
0.78629339,0.86466682
0.91355014,0.95430315
0.85535830,0.93287402
0.55388743,0.78593373
0.52678049,0.69455785
0.85128373,0.91957241
0.81312823,0.94464284
0.85210341,0.93530023
0.89626580,0.90274012
0.63657540,0.45755017
0.62935150,0.56770021
0.36954892,0.36953107
0.81635600,0.85556936
0.57809591,0.62952900
0.86860728,0.92032969
0.76610178,0.78991342
0.81217468,0.79022276
0.89007729,0.93898064
0.46230656,0.61570078
0.65544313,0.61032093
0.79572195,0.80869693
0.47398371,0.52065676
0.83916444,0.88971859
0.61263841,0.76950121
0.49202764,0.74825537
0.87658334,0.92996031
0.90556246,0.85084409
0.85304087,0.92322910
0.76754755,0.86068684
0.81587571,0.82627243
0.85644072,0.87418145
0.20914315,0.38190293
0.60548222,0.70674533
0.47321308,0.45081618
0.14155428,0.19908528
0.85269517,0.93265975
0.18116458,0.13550466
0.84157282,0.82801121
0.83740181,0.82499671
0.85248178,0.82292283
0.75156319,0.61613685
0.63979679,0.41865605
0.74974298,0.85303593
0.83703816,0.72537714
0.87562919,0.90746534
0.61079425,0.65970802
0.83826733,0.79149979
0.59708899,0.51734716
0.62787211,0.70596415
0.77324957,0.86146969
0.49767238,0.59412861
0.79233640,0.90554196
0.61799210,0.31699321
0.67723131,0.79235536
0.84515077,0.96315634
0.87098962,0.95144135
0.55843788,0.69962430
0.89348960,0.93211806
0.80569518,0.79020721
0.15119787,0.13364494
0.81477147,0.89458221
0.60102189,0.70245183
0.79172480,0.88117242
0.63943523,0.81967878
0.46392214,0.45043087
0.87700146,0.92016530
0.70790660,0.74292898
0.83941060,0.86784792
0.53550971,0.48134920
0.26944160,0.38352272
0.89975744,0.90179396
0.59542221,0.62159163
0.68373615,0.82353109
0.75547713,0.74484628
0.59054232,0.46226159
0.88141531,0.94724113
0.55118245,0.64109588
0.37445623,0.63318902
0.82384902,0.87730807
0.56956190,0.54174799
0.33325750,0.26134872
0.37648720,0.39796156
0.91707188,0.96515346
0.79305947,0.84253895
0.84934497,0.89035964
0.73795223,0.68880910
0.80569774,0.80264014
0.84494931,0.94652826
0.43340719,0.40216938
0.52089244,0.32936326
0.87944883,0.88440251
0.85298634,0.91058183
0.89361757,0.95819235
0.78804690,0.80141354
0.80449170,0.81881869
0.25789291,0.33966598
0.87432653,0.83845812
0.58402532,0.72067273
0.77880949,0.71464974
0.85660022,0.94552267
0.77236313,0.82677245
0.85386384,0.89366513
0.42250860,0.44353002
0.86334348,0.86284196
0.79559201,0.90117520
0.68671513,0.67239612
0.48603374,0.45512497
0.40819687,0.41031593
0.82303250,0.85483080
0.13080584,0.12402173
0.86180937,0.87717927
0.80240548,0.76724756
0.69196326,0.74839228
0.87618965,0.95609128
0.85083312,0.87540984
0.92585164,0.89596272
0.86642617,0.78938752
0.80932838,0.86691177
0.70647413,0.85494852
0.43663251,0.39591315
0.84978998,0.92033941
0.86637241,0.88691229
0.50266767,0.17861831
0.83663005,0.77333140
0.65228635,0.77242583
0.82559592,0.90382445
0.88601047,0.96130955
0.74709851,0.90178835
0.90135664,0.86821795
0.46706682,0.51038188
0.29818195,0.52354044
0.68205935,0.39061904
0.79606497,0.78983051
0.88764644,0.90608150
0.84664315,0.86151963
0.39995593,0.16620064
0.81669229,0.81705415
0.25691146,0.14033276
0.82970124,0.94849259
0.82792115,0.93695247
0.86273414,0.90225464
0.55831152,0.68723565
0.68812454,0.70983922
0.88898271,0.93921524
0.93521374,0.97331643
0.86176127,0.94247788
0.90892178,0.94023150
0.83877581,0.89014053
0.73064023,0.58158690
0.89089036,0.95213675
0.90437984,0.96273726
0.47892755,0.29339823
0.92469311,0.94588178
0.44101471,0.35537711
0.85418057,0.90648854
0.89840406,0.92760080
0.68749875,0.61439639
0.40312862,0.61636692
0.84957623,0.82331884
0.89883465,0.95866567
0.87656099,0.87172282
0.39516225,0.44508946
0.65421319,0.71611089
0.68882805,0.74423760
0.70401996,0.72952181
0.48010230,0.41164085
0.82489711,0.82517481
0.87419736,0.94793499
0.73252010,0.72894895
0.72415072,0.77467930
0.69563514,0.75584644
0.70432085,0.86081523
0.83940792,0.79092300
0.79792529,0.95771295
0.30740237,0.23065026
0.57566112,0.40575597
0.90899479,0.91637313
0.90017921,0.85944188
0.86813533,0.82319373
0.88193923,0.87709641
0.57240403,0.85654885
0.83689862,0.81987131
0.59568650,0.75668681
0.78131312,0.96326727
0.82220799,0.90877980
0.74142450,0.78017247
0.77122742,0.89659327
0.81160694,0.45434865
0.79150146,0.93550819
0.38824791,0.33236539
0.48958778,0.67126918
0.88018519,0.86809969
0.80625850,0.76524013
0.88379818,0.95311350
0.69967455,0.70298028
0.68218923,0.63070697
0.61465842,0.38904256
0.66697830,0.67159504
0.88251519,0.89412314
0.37243509,0.78604466
0.88600379,0.89639795
0.77516454,0.90183181
0.72295040,0.77594239
0.46567774,0.66692740
0.87270105,0.92419624
0.38471502,0.43101856
0.81324822,0.73391855
0.91887909,0.93786341
0.80683190,0.92271572
0.83817118,0.86316317
0.63906538,0.74612027
0.85231274,0.84178931
0.87433845,0.94119513
0.81870085,0.89251560
0.81420344,0.08616666
0.87113535,0.94889951
0.77687627,0.85838568
0.80870444,0.78195721
0.59121823,0.50961137
0.88580650,0.91318637
0.45956802,0.58032495
0.78511387,0.72058821
0.87094778,0.87648863
0.64188212,0.89723504
0.84745061,0.97198546
0.46027607,0.53174502
0.69725472,0.74054253
0.84428853,0.89807105
0.84479541,0.87314165
0.59738982,0.49803987
0.79192442,0.91567296
0.67531979,0.70998877
0.82018113,0.79656887
0.67898828,0.76658165
0.88451976,0.92745882
0.78616017,0.94270670
0.89202714,0.88472223
0.60328233,0.91358906
0.89127314,0.94486678
0.86433518,0.89864576
0.82663804,0.91669101
0.70045054,0.86409551
0.85601264,0.93267393
0.54730833,0.75018275
0.75283366,0.74797732
0.90083456,0.87692684
0.43250799,0.45611110
0.80222458,0.88962030
0.73357028,0.73376626
0.84631544,0.87730265
0.70410353,0.65064371
0.25595862,0.24327958
0.89449090,0.90283960
0.85476530,0.89793319
0.92755014,0.90713865
0.80282694,0.86267680
0.76839799,0.83767259
0.66156358,0.75043857
0.29408264,0.29342574
0.58985269,0.37517300
0.40566540,0.27144331
0.47483176,0.53353494
0.86133260,0.93888563
0.53021699,0.53177083
0.56899422,0.55553466
0.79345661,0.83362466
0.86890984,0.80975300
0.67339176,0.73159635
0.44950581,0.41099244
0.77795821,0.85301232
0.35838041,0.22399463
0.79992276,0.84236497
0.88196880,0.83059180
0.80609810,0.70978802
0.84343392,0.90175575
0.70925081,0.88496017
0.84814799,0.88146681
0.85803705,0.92958516
0.82067543,0.92494768
0.86503708,0.89472997
0.84331036,0.79526842
0.52433282,0.55668980
0.55044782,0.60080689
0.86422879,0.89541948
0.85922748,0.90695620
0.59460407,0.64195281
0.89301765,0.89309132
0.80150557,0.92199475
0.35891014,0.46343273
0.59881628,0.48762295
0.48127741,0.37766227
0.71227872,0.84082973
0.73599452,0.82466567
0.64037865,0.78476727
0.52009434,0.57847667
0.75806326,0.86685240
0.35729289,0.48266807
0.88034683,0.92900878
0.90498912,0.94202763
0.55022889,0.53758651
0.87097949,0.95274055
0.81044120,0.81160688
0.65212834,0.54689425
0.56638980,0.43769249
0.87460047,0.95743710
0.26923805,0.26628786
0.89758414,0.71685928
0.82903832,0.92110193
0.92282194,0.89462847
0.77055341,0.94512832
0.46926683,0.53698891
0.79161340,0.89818394
0.65403813,0.66532636
0.80775309,0.80210078
0.33099759,0.13075037
0.87663108,0.95270759
0.87985349,0.86370462
0.35314679,0.49028674
0.89171237,0.86971426
0.42078042,0.28106725
0.50191337,0.62579632
0.69423425,0.70767403
0.40384817,0.49142787
0.86024004,0.87161088
0.66490400,0.81364524
0.84262508,0.82076824
0.82927722,0.76398718
0.80390269,0.70944595
0.60776198,0.81606609
0.69679457,0.77454114
0.51873142,0.51892120
0.39822227,0.33438757
0.83745188,0.87753981
0.92175150,0.93807071
0.75713581,0.81902450
0.86939830,0.83854169
0.76399153,0.73578578
0.13838266,0.24476069
0.55534917,0.53281617
0.77516705,0.92047477
0.83752900,0.82710451
0.82231450,0.90542126
0.36542243,0.51606286
0.81068617,0.73391616
0.90021837,0.93402922
0.19389565,0.65666670
0.88139856,0.89485359
0.50820601,0.31634554
0.80591339,0.93243587
0.55355865,0.64970696
0.83237016,0.90725738
0.77192640,0.71543360
0.43364567,0.75549358
0.89821577,0.93879426
0.82163352,0.80238050
0.57850045,0.59600776
0.63477468,0.65135133
0.80651242,0.74812269
0.87021881,0.94710082
0.82061505,0.95040262
0.42998314,0.41656491
0.78562373,0.83460188
0.48579180,0.65000886
0.51254362,0.59144676
0.38013422,0.40970385
0.89425653,0.91748369
0.84767443,0.89698690
0.25980741,0.38408521
0.85981727,0.82805753
0.79231870,0.79830301
0.89911675,0.90281177
0.76270491,0.87611806
0.91388291,0.87324220
0.83889979,0.88167590
0.86442214,0.97204489
0.91781545,0.93010205
0.91389912,0.95964092
0.81773728,0.73860455
0.38831300,0.49867678
0.52216309,0.50132352
0.62440652,0.69505018
0.76068836,0.84510601
0.86786509,0.95837182
0.87655824,0.92829204
0.58551306,0.83752120
0.90739053,0.98404253
0.88659227,0.90488315
0.86984968,0.95265329
0.89776272,0.89866310
0.34479713,0.48596954
0.45623422,0.47469667
0.66473925,0.64932239
0.78592241,0.91496086
0.80319917,0.90919358
0.86782789,0.93144357
0.87907499,0.94767022
0.55421740,0.59418839
0.80700201,0.81429839
0.86724538,0.87630820
0.77523398,0.86969548
0.79937571,0.90734369
0.28952166,0.23983876
0.89727110,0.95225853
0.67735296,0.74336976
0.39060622,0.20974027
0.87272024,0.85911715
0.90041238,0.92190522
0.73432982,0.63594991
0.89129710,0.87459141
0.89999044,0.91888404
0.86785328,0.87656248
0.77087170,0.72008377
0.88959163,0.91064250
0.86811841,0.91873574
0.78421962,0.88412184
0.89901924,0.96045852
0.53973299,0.59251827
0.91461110,0.98125660
0.73282981,0.71476805
0.90758634,0.91274738
0.87306923,0.93771875
0.77216381,0.90582424
0.65842712,0.86909419
0.33718312,0.66639233
0.40810788,0.56607145
0.85013920,0.86414915
0.59008348,0.73283887
0.76559818,0.72567838
0.86774355,0.80612981
0.78070724,0.76363367
0.88316196,0.92203224
0.64839715,0.30417153
0.19727062,0.24640717
0.88514227,0.94013160
0.49491167,0.61984944
0.74497956,0.85978144
0.87363893,0.75075912
0.81117934,0.77610731
0.85053062,0.94225049
0.31150046,0.43986452
0.58172065,0.64820087
0.60899091,0.65961528
0.81802541,0.82529610
0.06590830,0.13065517
0.37058857,0.27115142
0.85929728,0.85416496
0.89368480,0.90534735
0.90982586,0.94278848
0.69282025,0.72029686
0.78872389,0.92424244
0.72736549,0.91895717
0.71311754,0.66417360
0.25207639,0.32791984
0.88400906,0.90549296
0.84026951,0.95789301
0.81495076,0.89080381
0.70183212,0.77852327
0.88518506,0.99382716
0.74642837,0.88186079
0.49471194,0.88710868
0.88972783,0.92620957
0.70041150,0.68692023
0.85401446,0.89170754
0.74567014,0.75865537
0.82652217,0.88659948
0.84814888,0.90233785
0.65990919,0.59161586
0.76788670,0.84202844
0.40732038,0.40008104
0.32250816,0.19608384
0.28502005,0.38803819
0.84887987,0.83664083
0.92363089,0.93995357
0.15009169,0.17202541
0.88001847,0.94480026
0.73761588,0.91060805
0.91194767,0.95128202
0.75671500,0.72880971
0.64736301,0.64410317
0.32477820,0.59747022
0.80928278,0.89400923
0.87681502,0.96926028
0.33335668,0.28936982
0.86391133,0.90047210
0.84895986,0.88663781
0.73643261,0.65250051
0.51324028,0.68346667
0.60627109,0.69276422
0.84056920,0.90303099
0.81635362,0.76921195
0.47470963,0.57899725
0.91232336,0.97542685
0.88116509,0.94569963
0.90297824,0.87832510
0.81720614,0.77567565
0.87156284,0.85220218
0.87579483,0.93093783
0.47380924,0.53888887
0.64013833,0.67654282
0.15934885,0.30169028
0.65097451,0.73221946
0.80359292,0.88268322
0.61976129,0.53039193
0.88205570,0.82138282
0.89394456,0.95707542
0.81668752,0.80100870
0.64278954,0.16196567
0.45787579,0.46990740
0.70527631,0.93861771
0.33449727,0.36217457
0.84715003,0.80709219
0.76284051,0.86199093
0.88066095,0.90178287
0.78765160,0.80542874
0.81716210,0.80751878
0.90420145,0.80104631
0.84100169,0.88718373
0.73350245,0.69739503
0.88986129,0.97984850
0.35024655,0.36426768
0.80767006,0.88705528
0.53089273,0.36864805
0.68715423,0.66977620
0.88118792,0.88403136
0.74273282,0.76571822
0.39667997,0.37886363
0.58123547,0.65493828
0.42707509,0.43489569
0.75427073,0.73532635
0.70796305,0.81124872
0.88671660,0.99519229
0.86214477,0.84344262
0.73587334,0.78308499
0.84022218,0.86333960
0.81684977,0.90753543
0.75474817,0.72476077
0.71331942,0.92074680
0.56890690,0.35370290
0.91191703,0.95396715
0.83923322,0.87761462
0.88590926,0.81144160
0.91421372,0.95044720
0.87622124,0.93787879
0.88189602,0.85638297
0.78894275,0.85987854
0.80522984,0.82632869
0.87729055,0.89242089
0.79119241,0.82250887
0.75708956,0.81279546
0.79635912,0.94034493
0.76735675,0.77992052
0.79960459,0.76553100
0.69288003,0.68906206
0.74438733,0.82355517
0.49469918,0.35938177
0.83948040,0.87345409
0.83058387,0.88898343
0.85587555,0.89636159
0.90699232,0.92429376
0.72728133,0.67505187
0.39509833,0.44651172
0.70550364,0.88253027
0.93351561,0.97088867
0.84156698,0.86081493
0.89942747,0.93382460
0.56943214,0.54484087
0.57167429,0.75259417
0.72453117,0.80454546
0.88314062,0.84909785
0.87103254,0.95265228
0.87700582,0.92188805
0.64482474,0.46306127
0.90474182,0.91840661
0.67634374,0.68427199
0.92911798,0.94943053
0.84638327,0.92813319
0.38705897,0.37271520
0.86382037,0.75953388
0.90995955,0.89450550
0.64513493,0.85920537
0.64220935,0.73107523
0.81191844,0.83104122
0.87501436,0.91353768
0.89669734,0.97617865
0.83228528,0.89562041
0.23531349,0.41411451
0.84550297,0.91535169
0.80645615,0.87848437
0.60846978,0.77436620
0.66370267,0.89726198
0.88308638,0.91848284
0.52531618,0.40602154
0.87410456,0.95445096
0.83465070,0.78282315
0.64184183,0.79333568
0.67721671,0.73695797
0.74384099,0.74194068
0.79059547,0.88089836
0.79381585,0.70376295
0.78567916,0.79222780
0.44323283,0.53284085
0.67051893,0.69232672
0.79510641,0.87362635
0.88182330,0.93315899
0.74469179,0.89847904
0.91779870,0.95048326
0.81039280,0.82544190
0.47062141,0.45111784
0.77919751,0.76526254
0.64409727,0.66666669
0.90478462,0.97847730
0.80271339,0.94832075
0.78271061,0.86359763
0.86316001,0.93086141
0.87958819,0.87737757
0.78687447,0.73550689
0.73461872,0.51974297
0.87015617,0.90886420
0.87320179,0.38720176
0.84968919,0.91401410
0.61493403,0.48355031
0.64145720,0.62408209
0.34517527,0.48662463
0.88827544,0.86647338
0.77651399,0.95473486
0.49810243,0.71931773
0.86783028,0.95317155
0.50587970,0.61325783
0.54009151,0.48577949
0.60673743,0.71954024
0.84535885,0.93052202
0.62114584,0.66256094
0.83161849,0.88869721
0.77724516,0.87507844
0.82541907,0.81792372
0.79465640,0.86819649
0.81794304,0.86218625
0.86047846,0.88602632
0.92588872,0.91711634
0.69353813,0.63773948
0.89907432,0.89752495
0.88434052,0.93743151
0.65407807,0.49827948
0.73154700,0.88587773
0.80372143,0.77601486
0.83460528,0.85811526
0.84127814,0.85945159
0.74671066,0.70968443
0.48431438,0.61327791
0.85457700,0.92292207
0.78651112,0.82941765
0.77466303,0.66451561
0.81973243,0.92823392
0.74576032,0.71632773
0.89001912,0.94417560
0.70667619,0.68505210
0.88093507,0.91002417
0.85945559,0.91359538
0.71124381,0.85673094
0.62293196,0.70807981
0.78119940,0.76070392
0.20585842,0.13729459
0.77260983,0.68835652
0.66998422,0.72137666
0.64138639,0.82629925
0.89949292,0.86523712
0.51928604,0.59538245
0.16289441,0.15473181
0.84600598,0.73120302
0.63101506,0.72034764
0.70047683,0.81581563
0.57589734,0.49250498
0.88146013,0.92217743
0.74997884,0.81998229
0.85124987,0.74506533
0.69417244,0.66413325
0.45319599,0.50783974
0.91278452,0.94408256
0.46436203,0.37030447
0.63676578,0.87927926
0.48689890,0.53091592
0.87897152,0.95057774
0.80086046,0.80528605
0.52643967,0.37589082
0.74433309,0.83684266
0.86931378,0.97540987
0.25567317,0.62377995
0.67491567,0.48037428
0.44393402,0.46269619
0.86985749,0.93457288
0.86158723,0.80866539
0.68543690,0.89903843
0.71226662,0.84958625
0.73318017,0.61506706
0.84057814,0.76880431
0.73442191,0.90974027
0.68642646,0.79691225
0.53061295,0.87143034
0.85924512,0.76363635
0.44543356,0.40563783
0.75652331,0.74708658
0.84702688,0.97692186
0.30888700,0.42828083
0.85314673,0.92113245
0.86210555,0.83368820
0.80904746,0.85752261
0.84730655,0.89205337
0.53163689,0.55848861
0.86638153,0.92058164
0.88850474,0.86682916
0.86169463,0.86542338
0.72964519,0.34309050
0.13618968,0.10223510
0.78163797,0.85050559
0.80916500,0.79062480
0.86677563,0.92328155
0.90623277,0.97340423
0.45605409,0.40775433
0.73398942,0.75948274
0.84321117,0.78137255
0.85157484,0.88627803
0.77774119,0.81695038
0.70757717,0.75612265
0.23448722,0.15788215
0.77893597,0.92603093
0.83021837,0.62210047
0.34757936,0.33476782
0.72802943,0.83544338
0.85957396,0.88758588
0.82743877,0.78805077
0.59838331,0.49801278
0.52944010,0.60709095
0.72914326,0.84692925
0.79305983,0.72917205
0.83643270,0.90947235
0.86699057,0.91117525
0.85794681,0.93593907
0.35728925,0.60444576
0.62263852,0.73260748
0.71333534,0.66800827
0.85224557,0.90116984
0.66690272,0.66688097
0.89073712,0.94407284
0.80419558,0.83050269
0.89424062,0.96413970
0.38221514,0.30929348
0.85544598,0.93405366
0.66820556,0.84988165
0.78240758,0.85200143
0.19334824,0.11235981
0.72820967,0.70359343
0.81756759,0.69242609
0.83446115,0.85500002
0.71674496,0.71504486
0.62055910,0.56811988
0.71385556,0.84428191
0.58769697,0.45439693
0.69389987,0.62743056
0.25781482,0.29696268
0.89582366,0.85932982
0.77393758,0.85385585
0.54626632,0.52152991
0.46057242,0.50629544
0.90707445,0.92316020
0.87633389,0.88298571
0.85559100,0.92222607
0.86177570,0.85558599
0.70244890,0.43593705
0.87336963,0.99253732
0.32918200,0.19189817
0.68829429,0.55577368
0.89412540,0.92915082
0.18806429,0.17149614
0.89495748,0.90909094
0.32686880,0.48133001
0.27609271,0.26531985
0.26129460,0.34279943
0.75974983,0.94318181
0.19506116,0.16805555
0.88315636,0.92390758
0.89172113,0.90907645
0.79081410,0.90473849
0.73379976,0.60401648
0.91485757,0.94725490
0.62362903,0.51886147
0.84972644,0.90454543
0.83900958,0.89266211
0.71108007,0.63306081
0.80499542,0.80605441
0.53305459,0.49109986
0.93718916,0.93343937
0.80842966,0.82869685
0.83372319,0.76971161
0.67743140,0.75072098
0.67058516,0.59973037
0.75172621,0.93272662
0.15291266,0.16096221
0.69234550,0.83236551
0.23526563,0.14895315
0.76954603,0.74707866
0.42041248,0.32226485
0.32271004,0.56694961
0.89104831,0.89686990
0.89959198,0.94380414
0.61368501,0.72198862
0.29240203,0.33630988
0.71564645,0.79918033
0.58877081,0.80353743
0.78127831,0.77578127
0.83953547,0.85983205
0.64491677,0.79289818
0.90277570,0.17597333
0.17263831,0.27355328
0.72403038,0.70210099
0.84405404,0.90981239
0.84676194,0.80974191
0.83649755,0.94101930
0.77008289,0.74400544
0.60528946,0.47822964
0.84820050,0.88957387
0.85197324,0.91254580
0.66440791,0.81035084
0.86880487,0.91257709
0.42911351,0.41389197
0.77975982,0.85481483
0.57107151,0.49117348
0.87108427,0.91156292
0.58200687,0.41237518
0.83262354,0.73316973
0.81260943,0.90417427
0.84876513,0.84203482
0.82842249,0.87100881
0.50880772,0.64989978
0.81236333,0.66030031
0.77671188,0.84235799
0.34142500,0.53175914
0.41446060,0.42613587
0.71833426,0.74045897
0.82919675,0.92179739
0.80149561,0.83363283
0.74313861,0.74972790
0.84144926,0.93267393
0.91751188,0.90011698
0.84010714,0.80131948
0.51618809,0.68642855
0.67733997,0.81843573
0.69214070,0.70556027
0.80377322,0.86710781
0.63889760,0.88317168
0.88691348,0.53268218
0.69756323,0.71708071
0.35843283,0.49782473
0.71909058,0.63613039
0.89918178,0.95715326
0.86962152,0.94849253
0.46204615,0.43774909
0.88156199,0.80915117
0.77288091,0.92648935
0.89621246,0.90317327
0.88517290,0.88832200
0.90726215,0.94523060
0.88591522,0.90917122
0.43838382,0.51725292
0.83919817,0.93333334
0.90151989,0.95148885
0.36279899,0.49638805
0.68371052,0.88987964
0.42103398,0.52429187
0.71942705,0.76684982
0.87672073,0.92035741
0.70811838,0.60529757
0.50538260,0.59092259
0.66112918,0.57391024
0.74025255,0.77398944
0.81652498,0.80154157
0.85774070,0.90063465
0.88243836,0.94029009
0.81306165,0.82723516
0.37405068,0.32289064
0.68457180,0.58769631
0.52942497,0.56708324
0.85770792,0.88732040
0.87779576,0.83375001
0.82824284,0.83192021
0.84389740,0.87247783
0.66806865,0.75191194
0.54145962,0.54102367
0.53783494,0.58003098
0.42713833,0.43387705
0.86686188,0.89318383
0.87602764,0.97521418
0.86892676,0.92824352
0.84853226,0.85440701
0.46373880,0.24134728
0.49842340,0.46230251
0.83927459,0.95507568
0.88501614,0.90797651
0.83205175,0.87545484
0.54151160,0.55882353
0.21476896,0.41450471
0.86850882,0.94064313
0.67661285,0.79514021
0.67530102,0.62104017
0.73553121,0.74635702
0.62843806,0.74321967
0.63970876,0.64693373
0.53126192,0.64818114
0.63057834,0.81084216
0.82246017,0.94846493
0.80790216,0.85275441
0.32015955,0.16919251
0.69149202,0.73777807
0.62251329,0.60520834
0.83024591,0.72881877
0.28233373,0.13987172
0.73797280,0.74972749
0.53483772,0.57779288
0.84467113,0.91396326
0.67344099,0.49417111
0.90342462,0.90073121
0.49774504,0.68355483
0.31859052,0.45858580
0.55008662,0.59835202
0.50720882,0.60581255
0.50113225,0.27689710
0.69289291,0.88675213
0.78012651,0.89387077
0.88045520,0.86072850
0.85247266,0.90895396
0.20113192,0.12685186
0.87010795,0.94719952
0.88917184,0.80947930
0.71139187,0.87093079
0.69455463,0.53754151
0.58591408,0.48074982
0.84642047,0.70175231
0.51426136,0.80138272
0.48278463,0.18914123
0.84404451,0.89991969
0.83145624,0.90664697
0.85380924,0.92192310
0.75152868,0.70954633
0.60016668,0.64516598
0.86580151,0.93934959
0.67167270,0.68070573
0.87399626,0.78901410
0.26960784,0.25915682
0.88904339,0.93755049
0.60936701,0.78349674
0.50154823,0.30113637
0.68310529,0.79827219
0.59795493,0.70221823
0.78264254,0.96412265
0.27950102,0.30938494
0.20997639,0.24587674
0.79642022,0.91239721
0.56412756,0.43103448
0.77917379,0.65319914
0.85810941,0.91233766
0.48702461,0.55924815
0.77492744,0.89297050
0.85902596,0.92712766
0.73414886,0.65528846
0.88341892,0.91641706
0.78683573,0.91049892
0.77024132,0.72620887
0.80101496,0.92000842
0.87322944,0.90261990
0.86365932,0.94229674
0.74681240,0.74520206
0.61627084,0.70211607
0.88453776,0.98922598
0.75627041,0.69567865
0.78828794,0.91332501
0.84089357,0.97619045
0.81266159,0.91140813
0.88674426,0.97933853
0.86813551,0.92179483
0.74098879,0.83434474
0.49768835,0.43875387
0.25760478,0.12598751
0.85946530,0.80515140
0.87875491,0.78235292
0.87357408,0.89587718
0.90783364,0.92665416
0.62564516,0.64506000
0.59834850,0.73887980
0.89174289,0.92082554
0.81365389,0.89070284
0.84290910,0.66290534
0.84553152,0.94156039
0.64046073,0.53559911
0.69414610,0.70679015
0.84349835,0.87731093
0.81220597,0.91074419
0.52670223,0.52660644
0.83450603,0.69846857
0.94171393,0.92421627
0.73987001,0.86835557
0.44344366,0.50482512
0.89274818,0.82318991
0.42993861,0.30889091
0.60106885,0.55752653
0.37147975,0.31595987
0.56905407,0.83333331
0.39877874,0.33849600
0.68279558,0.79298246
0.77228308,0.71165258
0.51620054,0.31763548
0.55718476,0.39099726
0.68776870,0.73548859
0.22305737,0.34459993
0.81384581,0.88075078
0.73208731,0.85386860
0.77800477,0.84730196
0.80550867,0.84439600
0.65273243,0.89345825
0.73710757,0.78287286
0.81661803,0.90166646
0.53663743,0.49553746
0.84418553,0.90880620
0.81507289,0.84768492
0.80525786,0.83387977
0.84451538,0.75215387
0.77048284,0.76766616
0.69242197,0.53104299
0.65152794,0.81340581
0.77754492,0.75326777
0.43180001,0.51244235
0.28941125,0.34693033
0.83589321,0.79598188
0.87733525,0.90986842
0.45301259,0.45630932
0.88903314,0.89654469
0.69754946,0.68593282
0.54185420,0.60692453
0.78928483,0.84840775
0.54402119,0.35541871
0.66891360,0.63192332
0.69041222,0.77879041
0.26645851,0.39656276
0.87246829,0.94523376
0.65469074,0.63374132
0.86838990,0.98275864
0.76327616,0.85287970
0.38950509,0.18073878
0.57446778,0.67013109
0.80879855,0.95277780
0.85635430,0.70886618
0.85228455,0.94090909
0.25444669,0.37231132
0.72322559,0.79828602
0.80830425,0.78862488
0.12421446,0.14017177
0.77039939,0.86554027
0.91792983,0.95667285
0.79913121,0.84633219
0.91478980,0.96923077
0.81402963,0.89775115
0.68481642,0.64714241
0.84277445,0.83513546
0.51514482,0.72588235
0.84825581,0.84754902
0.43421036,0.71759260
0.61951429,0.70015180
0.70823216,0.75465667
0.25042611,0.41527238
0.84527236,0.85904509
0.78943926,0.74544257
0.66203660,0.70368671
0.83389336,0.96376812
0.88613611,0.99275362
0.85610265,0.82435900
0.35603380,0.59803253
0.82494122,0.82986039
0.47795165,0.63351828
0.81132883,0.81027752
0.89058882,0.95262128
0.65759420,0.80894148
0.86808264,0.85415053
0.70267206,0.22454269
0.67869300,0.83595204
0.72591591,0.70385230
0.81079763,0.85160822
0.22853006,0.13069455
0.91396141,0.95625663
0.55715287,0.44530153
0.68750554,0.84039712
0.38207024,0.43346915
0.83097678,0.89800197
0.90658909,0.90875059
0.77756661,0.82030994
0.77274364,0.79763937
0.37284422,0.24452288
0.74102181,0.83806610
0.71479064,0.65213674
0.58171088,0.57287008
0.85525841,0.92304611
0.68235570,0.94978607
0.58042657,0.64651471
0.87628478,0.86218202
0.88013911,0.91463667
0.64205527,0.84729153
0.61880857,0.75903976
0.30977362,0.45269471
0.82397115,0.92181176
0.94058388,0.95691174
0.80509496,0.79957718
0.81642979,0.87323833
0.85679621,0.62049538
0.68400615,0.83840066
0.92015499,0.94470590
0.83977824,0.63815278
0.78167659,0.81925821
0.68631482,0.76926482
0.82344842,0.93142217
0.49462551,0.64008701
0.82510263,0.83216071
0.79482520,0.93350875
0.70519298,0.83468765
0.89405674,0.91225690
0.87908310,0.79963523
0.87925047,0.94897085
0.63567424,0.75115359
0.64148074,0.66969699
0.87389332,0.94510549
0.41611707,0.46856546
0.44866419,0.56722486
0.79533255,0.79981911
0.75918424,0.91211033
0.80627233,0.90170288
0.88654768,0.96798378
0.76209718,0.67013174
0.85185629,0.88219142
0.84154528,0.91038436
0.77619678,0.79298246
0.89282089,0.86638868
0.15398808,0.12465912
0.64855456,0.90974259
0.56793100,0.39943701
0.42707491,0.46200973
0.62030143,0.82783753
0.79623836,0.82958025
0.89285356,0.94356018
0.36198667,0.33618388
0.81810945,0.73583418
0.57202005,0.55495280
0.73890668,0.50611144
0.78822422,0.84291822
0.88144994,0.88362384
0.55734128,0.53967869
0.21835341,0.29709384
0.71596062,0.68652040
0.88100380,0.87947094
0.68825883,0.68962061
0.57791758,0.60175437
0.64819121,0.59613425
0.52140403,0.54225522
0.74221939,0.88332212
0.85113257,0.87752408
0.89917088,0.89441079
0.09990476,0.06378902
0.81885016,0.90164453
0.25791675,0.46296296
0.64756334,0.67128801
0.59201467,0.57127637
0.46677709,0.79508626
0.80629218,0.93096691
0.88109654,0.91537356
0.88792801,0.95516568
0.77417678,0.74644977
0.88396263,0.96847826
0.55784464,0.55499166
0.69323051,0.75261503
0.52439034,0.42450452
0.86390358,0.89535546
0.91325492,0.90532106
0.81518966,0.81703997
0.77233672,0.85103798
0.78529233,0.90310782
0.91728932,0.97872341
0.82094383,0.96459067
0.71297604,0.76291794
0.84133512,0.74279559
0.88915330,0.89090663
0.52156955,0.53643906
0.83924425,0.84706134
0.63171303,0.53568822
0.84629178,0.89027262
0.85843045,0.87522280
0.64577168,0.68735337
0.94054955,0.90734500
0.67052531,0.59587657
0.65120751,0.49330035
0.75330806,0.60518789
0.90044957,0.87993860
0.76245290,0.88662660
0.61276406,0.59807694
0.83532578,0.85897189
0.73365921,0.78093833
0.17288594,0.22644928
0.89165694,0.84770489
0.41354489,0.81561995
0.55148548,0.42962953
0.80659229,0.94712073
0.81677294,0.77471656
0.71274108,0.76811635
0.58341330,0.48900464
0.84119463,0.75165170
0.75207859,0.88255924
0.83767033,0.90447593
0.77818727,0.82797444
0.29328859,0.30609041
0.50187767,0.59229332
0.82167941,0.74305391
0.82990795,0.82886869
0.90630394,0.94409192
0.69827515,0.78591627
0.51977009,0.71623808
0.46962446,0.47535211
0.88747746,0.94798648
0.38851696,0.36237374
0.72877246,0.83224422
0.84021151,0.83307701
0.60885620,0.65434241
0.44725990,0.55239666
0.90254372,0.93473929
0.87118703,0.93723059
0.89410102,0.93569988
0.88376212,0.87917340
0.80707377,0.88735884
0.84137589,0.88899755
0.54550356,0.74898958
0.55080885,0.68114477
0.75750864,0.58571428
0.52141505,0.48970768
0.86408931,0.86167032
0.37187552,0.29080674
0.61932105,0.93277830
0.76077265,0.81553400
0.71455574,0.77173913
0.83226818,0.73167789
0.77078861,0.81875646
0.94501227,0.94533569
0.50214326,0.52331150
0.75660700,0.82278323
0.82350504,0.89532495
0.92076594,0.93501192
0.79836774,0.94000000
0.88767165,0.93757176
0.40463740,0.28643617
0.39189973,0.38437003
0.72838157,0.86175376
0.49079269,0.66428620
0.23050733,0.42257217
0.47986269,0.65077490
0.89119571,0.91923076
0.63726205,0.67142022
0.47273546,0.48139769
0.85653013,0.85357428
0.37891799,0.56810105
0.85873997,0.87248802
0.79302114,0.95862800
0.82842320,0.82238585
0.64751697,0.62078261
0.88605887,0.80750889
0.81332546,0.83243144
0.86677545,0.85847986
0.92286551,0.91971737
0.60887921,0.69436836
0.88499725,0.75966048
0.56289351,0.41319931
0.86141926,0.88292122
0.75975180,0.74175900
0.73975152,0.85444778
0.59787214,0.65708536
0.86135536,0.91202533
0.74079829,0.79289150
0.30049744,0.11148074
0.62659252,0.49401122
0.75617301,0.76232862
0.87085646,0.92849016
0.15070494,0.19169508
0.23992671,0.14660482
0.74329245,0.88060230
0.68428034,0.71151268
0.41082335,0.26976076
0.77491611,0.87049526
0.69522613,0.64069766
0.57856929,0.70906752
0.28500432,0.20999916
0.84442610,0.90540540
0.43319440,0.58448458
0.45630497,0.59448087
0.78863710,0.73690474
0.54032099,0.68911612
0.84386069,0.86158252
0.67129135,0.79910553
0.83285969,0.88239187
0.80839050,0.90231508
0.49697828,0.49682686
0.77974695,0.33763418
0.86743259,0.95539623
0.75581765,0.42209944
0.63718212,0.84276849
0.80070376,0.83121246
0.27772772,0.33246276
0.84036261,0.87292683
0.79240197,0.81089091
0.84654766,0.82630205
0.89637464,0.78991252
0.78853601,0.86705172
0.65413505,0.61377645
0.29471219,0.34832197
0.88290882,0.91766828
0.57483101,0.32575008
0.49049449,0.60423815
0.84098351,0.88158941
0.80961162,0.90737563
0.76344424,0.83232540
0.68766028,0.83195084
0.76410645,0.73680902
0.76621044,0.98660505
0.43791783,0.62205803
0.55107433,0.69734889
0.84519398,0.88779718
0.79424226,0.91158903
0.75550979,0.74469572
0.88025695,0.94096643
0.62513399,0.72543061
0.61092597,0.79676998
0.86050558,0.95966935
0.71700495,0.87531143
0.53834987,0.58723468
0.46585000,0.42238268
0.81497055,0.81438857
0.58961052,0.61333448
0.67757815,0.45584652
0.65123045,0.72169811
0.88106775,0.82912940
0.87155187,0.90630299
0.84964854,0.85919821
0.87285012,0.89294875
0.38127455,0.35851455
0.43799853,0.50331545
0.90159172,0.76369637
0.66327178,0.51747334
0.90335071,0.96570659
0.36063454,0.37821880
0.87867302,0.94701755
0.40902168,0.36748573
0.56792134,0.48774403
0.88108224,0.91049600
0.84866577,0.88741851
0.86159194,0.98275864
0.94292855,0.98849702
0.92373943,0.90976351
0.41027826,0.24929525
0.49470633,0.50047541
0.88454133,0.89817476
0.90083748,0.85895091
0.88424861,0.82343489
0.13244958,0.09733385
0.57931733,0.56538570
0.75833219,0.69834185
0.78997946,0.88496679
0.47682226,0.64710796
0.89568537,0.93648565
0.73665422,0.71581823
0.80439520,0.78080195
0.34298092,0.42770770
0.80817479,0.91392887
0.88556582,0.90552974
0.87950295,0.91573662
0.58598047,0.68036401
0.79706728,0.89907104
0.67695725,0.44020849
0.63759738,0.65571481
0.86317652,0.94130152
0.71738535,0.80382884
0.76018530,0.71913344
0.15759398,0.16865297
0.63110989,0.14304200
0.27957618,0.21486166
0.36204803,0.31148237
0.83042037,0.91949451
0.86975205,0.96001065
0.82358259,0.95454544
0.76143187,0.66906595
0.86177284,0.85357368
0.63721418,0.67364585
0.82838607,0.79618436
0.70261151,0.84451681
0.40030640,0.44881848
0.87045950,0.85982561
0.83576047,0.79611725
0.21918567,0.24394307
0.65933925,0.81831789
0.41155291,0.41585678
0.82841009,0.87915879
0.53960544,0.40451533
0.65860146,0.72263235
0.86813551,0.94221395
0.72753304,0.75266081
0.84380227,0.91873604
0.65763837,0.74833596
0.83516610,0.85856056
0.68680888,0.81048852
0.83318084,0.89603448
0.21895938,0.26633644
0.88943785,0.81332099
0.65641099,0.70573384
0.89295405,0.97651005
0.84341520,0.91983503
0.91432709,0.91829187
0.44315749,0.35841557
0.91718322,0.91055554
0.67320800,0.74782741
0.92435342,0.94044352
0.90763408,0.96733141
0.83869278,0.92955494
0.76028490,0.83844447
0.74171740,0.58614844
0.82673186,0.88006818
0.85751897,0.92288601
0.35805553,0.26272455
0.90174949,0.83190924
0.62657177,0.72027773
0.86813265,0.93526757
0.77434862,0.68704498
0.18657072,0.15570776
0.69417185,0.65136182
0.84389979,0.92125106
0.72531790,0.79162019
0.79811305,0.85636902
0.82546079,0.88357931
0.76644617,0.88174993
0.70406818,0.79741377
0.58907074,0.64639425
0.48240602,0.53909063
0.53313529,0.62573582
0.84405941,0.87221742
0.70509326,0.79562014
0.65923220,0.78673470
0.73483908,0.82393950
0.42261344,0.43288681
0.43249899,0.25553018
0.80226541,0.87876654
0.87689453,0.76957691
0.78192675,0.74898672
0.56224066,0.41086957
0.49391633,0.34485158
0.48225296,0.53546131
0.75231534,0.96666664
0.90912539,0.95023924
0.71714061,0.87311041
0.88610548,0.91178250
0.79102576,0.83515948
0.69803458,0.58434588
0.91195852,0.89346659
0.90783596,0.98982012
0.88935059,0.87994564
0.82484299,0.76127243
0.77109754,0.85837102
0.89936256,0.91895425
0.26271152,0.24012481
0.80357909,0.84508663
0.85670936,0.87620687
0.64291179,0.54030800
0.76823813,0.76951873
0.91825503,0.97838503
0.87842768,0.80167454
0.67702645,0.57442808
0.57892728,0.77140731
0.86323434,0.81005025
0.84386891,0.85648358
0.84984320,0.86341697
0.85669750,0.77339107
0.86990696,0.87987375
0.19360341,0.11469042
0.85649556,0.88720489
0.91427642,0.93778312
0.62295866,0.69335526
0.86152333,0.93119937
0.84348553,0.89935899
0.87156552,0.88697916
0.76145309,0.75230956
0.73611259,0.73787737
0.87551230,0.95592654
0.65886796,0.60129112
0.89811891,0.97611338
0.88526440,0.90174145
0.85656625,0.89140624
0.56800359,0.66635603
0.75102162,0.80292118
0.71237439,0.74788964
0.90043706,0.85470283
0.22964391,0.35770595
0.64708382,0.59154373
0.81661314,0.82882243
0.79296160,0.90482342
0.67322236,0.59700030
0.85793453,0.89153439
0.91395181,0.97311831
0.70254165,0.53575748
0.20051371,0.15808170
0.78138405,0.71256495
0.83219433,0.87203765
0.68900418,0.49895087
0.66805631,0.56250000
0.56865245,0.52228165
0.71408963,0.83328664
0.81192607,0.80661660
0.87260121,0.93434107
0.55610281,0.64884073
0.75334775,0.75838923
0.04167013,0.04953431
0.85892206,0.85798162
0.74440855,0.80806857
0.90369684,0.93983078
0.52554405,0.50126493
0.86202294,0.88039112
0.82575041,0.94798410
0.73707265,0.87687516
0.57634330,0.58634460
0.84332031,0.91057914
0.48924822,0.48184818
0.54510498,0.33665380
0.82625490,0.85242832
0.85042477,0.90735292
0.40810043,0.40943256
0.49437827,0.44473892
0.87920868,0.81955886
0.80167562,0.83082032
0.86948383,0.91540599
0.34527317,0.37155995
0.16903065,0.13041443
0.55938143,0.67618191
0.87057149,0.93599880
0.83276576,0.85991228
0.89066297,0.94861281
0.82177585,0.77751720
0.86000919,0.61105484
0.83861774,0.89774948
0.71675676,0.34511524
0.88951117,0.87132150
0.87808692,0.94743907
0.63612825,0.61226863
0.70710361,0.80778700
0.90832561,0.93322879
0.89710826,0.97222221
0.33312696,0.42358845
0.87614018,0.92842150
0.85999995,0.87963533
0.88357085,0.93257427
0.75360572,0.84153783
0.85006052,0.93129760
0.70971173,0.68185139
0.84199595,0.94208270
0.71644622,0.69028759
0.87133378,0.85408163
0.46271223,0.73607951
0.85018045,0.88519126
0.52449191,0.50528187
0.83162296,0.84792101
0.84293032,0.75366879
0.55181170,0.50658047
0.79480135,0.64404887
0.77557975,0.89263630
0.48006052,0.49252614
0.68635505,0.65751696
0.72983664,0.58521760
0.76314241,0.70898658
0.92629170,0.94868690
0.77032679,0.79000568
0.78098917,0.87812442
0.87592179,0.90679687
0.78738767,0.93229169
0.48553240,0.40523237
0.80989319,0.86327744
0.84900445,0.69556737
0.72635657,0.80346686
0.50393623,0.67167324
0.86345726,0.82744044
0.69019061,0.75187397
0.46902049,0.57973754
0.87976205,0.96288943
0.88428408,0.96245849
0.89320695,0.97161305
0.84749490,0.92712247
0.78112358,0.83955443
0.42143667,0.59445947
0.70392591,0.79835540
0.78411901,0.85104710
0.83881789,0.85698450
0.67035335,0.75783801
0.61270106,0.68147451
0.76986921,0.68763447
0.88003725,0.86583000
0.87252879,0.83552742
0.90804225,0.92595226
0.74761832,0.80328435
0.73298967,0.76440734
0.59853250,0.48274773
0.76328784,0.85425282
0.21978161,0.35217968
0.84025759,0.95604396
0.55054331,0.57052928
0.79508018,0.65849674
0.92108762,0.97115386
0.60185289,0.51422232
0.86925918,0.94842172
0.84763688,0.86075163
0.89147729,0.97244149
0.89307517,0.88086736
0.10033979,0.04580267
0.55103487,0.71991873
0.78641021,0.90789473
0.89721507,0.83249384
0.87820137,0.88196427
0.85434186,0.86628664
0.80870944,0.91282797
0.87084103,0.91710097
0.81492561,0.81452864
0.64592838,0.67801344
0.75908047,0.47775811
0.83328778,0.80510753
0.53766650,0.67446810
0.87234598,0.84147245
0.89752066,0.93378329
0.84070802,0.84296876
0.79468381,0.73563290
0.50895768,0.43004099
0.10248639,0.11223690
0.58197033,0.57947791
0.91680402,0.94054466
0.90837884,0.93813747
0.91194147,0.86860120
0.56194788,0.62798101
0.89442587,0.95646960
0.58388156,0.47371379
0.76768631,0.94417387
0.91234374,0.96932012
0.65274471,0.56598759
0.74073309,0.80576950
0.45981610,0.33701411
0.70437878,0.69234240
0.86307913,0.84282053
0.26000747,0.26069599
0.52816635,0.73901176
0.80664533,0.93899584
0.73057312,0.60856491
0.19590978,0.14977884
0.83712661,0.89643747
0.77723300,0.84919506
0.81827515,0.78197366
0.76863647,0.84337187
0.72645724,0.62717295
0.54345471,0.77907377
0.82979858,0.85116220
0.56856990,0.62323946
0.54052871,0.65485609
0.91492826,0.97540987
0.91258615,0.86293226
0.59629709,0.81600612
0.42407817,0.47790524
0.88950020,0.95002931
0.91862577,0.94913703
0.55993485,0.58176565
0.91062498,0.90195483
0.59659177,0.50837183
0.55711800,0.54774100
0.40742493,0.57565135
0.69581300,0.80611110
0.45434028,0.39445871
0.86839789,0.96013117
0.31306773,0.19643602
0.89989877,0.96178591
0.40240699,0.24278516
0.92373496,0.96150458
0.73001796,0.83796620
0.86015737,0.92015117
0.86839777,0.94868141
0.60140169,0.59982920
0.73677754,0.76569235
0.82658201,0.88745636
0.88811612,0.95939767
0.33318582,0.34010842
0.79828018,0.80897957
0.74738830,0.89536291
0.52082336,0.32583460
0.68051916,0.71392745
0.90339899,0.95888788
0.79795939,0.88028204
0.85983640,0.88586742
0.75040859,0.68154299
0.88225037,0.94550353
0.84819078,0.94453758
0.65445745,0.73705500
0.89905667,0.90509939
0.30225372,0.17494252
0.78178000,0.87989235
0.56034160,0.68179667
0.60980439,0.79959714
0.65435952,0.59616596
0.86974251,0.84470910
0.89286262,0.99497414
0.22724710,0.26573077
0.90468073,0.96437126
0.73313904,0.87511498
0.77031475,0.63227510
0.78092462,0.80413121
0.86893135,0.87317926
0.80986816,0.71612072
0.80103987,0.87742949
0.71481532,0.84252799
0.85527641,0.88625824
0.73524815,0.70597845
0.82929611,0.82569063
0.25342426,0.28093535
0.42870516,0.45139080
0.79721975,0.85651290
0.11815630,0.25443321
0.86033690,0.87771767
0.80028296,0.92113006
0.87149841,0.78771532
0.55919445,0.56883347
0.78842950,0.68409812
0.52796751,0.51866502
0.86557531,0.89704436
0.71404308,0.64072943
0.88221818,0.97974503
0.74151462,0.83071285
0.86757457,0.84090102
0.37564772,0.29403645
0.80643946,0.77840394
0.73147774,0.76021636
0.60046518,0.78524214
0.85127741,0.89633226
0.89891255,0.94120151
0.74156570,0.87318563
0.74389541,0.82413101
0.88545656,0.95733041
0.88849449,0.90329397
0.19649301,0.11286988
0.56338173,0.44786826
0.66978365,0.70078200
0.67865771,0.70576924
0.66597527,0.77261633
0.66664177,0.51436228
0.66645014,0.64331055
0.70012963,0.77381706
0.85296130,0.94997269
0.80817056,0.57921028
0.85396522,0.96609181
0.77050596,0.83745748
0.82488036,0.87462234
0.81327718,0.86753249
0.73771322,0.90942913
0.85228986,0.92438066
0.83199626,0.81891280
0.83852738,0.91215152
0.75206465,0.70312828
0.83377635,0.81175274
0.86485189,0.87305474
0.87354821,0.89770633
0.64814818,0.50900257
0.41098869,0.54919863
0.84389240,0.99425286
0.83156317,0.90091950
0.88515407,0.80878663
0.75692552,0.83850265
0.80838591,0.74399853
0.87930304,0.92098033
0.34925476,0.62598270
0.83885616,0.76550871
0.90164316,0.87920874
0.23859461,0.25909430
0.80366784,0.76881856
0.91829348,0.92859668
0.77997750,0.71317309
0.53964496,0.77956986
0.69895297,0.86996698
0.59505278,0.45161444
0.81329536,0.98084825
0.85138625,0.84113801
0.79834789,0.84279549
0.76862997,0.70817608
0.43103182,0.44838309
0.73182875,0.85638946
0.66283363,0.99642855
0.88800019,0.95770979
0.85937613,0.87345171
0.63455904,0.73427027
0.87870818,0.84351897
0.91139400,0.92926937
0.90484744,0.92618775
0.46105033,0.45971575
0.88079923,0.90075141
0.82424498,0.82073301
0.88109511,0.90561372
0.88502562,0.84722221
0.87754089,0.92095351
0.86209697,0.88191885
0.10247068,0.07497706
0.40036684,0.14390244
0.81169802,0.84716874
0.89045578,0.88255036
0.75063282,0.85113996
0.89100331,0.94928300
0.67814940,0.73880899
0.67481381,0.62105978
0.79481947,0.81262982
0.46399838,0.55583185
0.85513884,0.88450295
0.42193002,0.43947282
0.85331386,0.93605608
0.76373106,0.74731505
0.54356134,0.60952902
0.59574163,0.71591765
0.82125300,0.90945148
0.50006789,0.61156446
0.69184393,0.66399556
0.79962158,0.82773900
0.68934113,0.99888641
0.78316873,0.80901307
0.73310143,0.83635467
0.65074575,0.62672049
0.67556417,0.62334055
0.84357303,0.80335766
0.45550787,0.57727122
0.73694319,0.69110304
0.74681002,0.87603253
0.29687825,0.62082064
0.65065461,0.60234964
0.33514312,0.31594202
0.42514163,0.45400271
0.63342255,0.73377436
0.63747644,0.54876393
0.60074729,0.67029285
0.82031363,0.89851618
0.82739300,0.70219976
0.79742908,0.79977137
0.74939257,0.75698471
0.72234559,0.80296588
0.89333063,0.98493630
0.67142260,0.73153740
0.88866264,0.91952467
0.73140407,0.74732560
0.21915279,0.27417654
0.64660424,0.90460300
0.61461478,0.61332309
0.76360732,0.90574151
0.90546030,0.93852460
0.43884987,0.41883275
0.39494753,0.45576829
0.49164301,0.40355298
0.84392726,0.90396249
0.81433553,0.87063295
0.28947282,0.24686849
0.90246069,0.90374649
0.86192179,0.80468750
0.77357072,0.92537314
0.78746015,0.82373244
0.88729393,0.90890688
0.41838729,0.41073257
0.86951178,0.92492646
0.83890557,0.89233661
0.77757400,0.75138891
0.82499588,0.78554803
0.68512499,0.68115872
0.53050870,0.59684193
0.82404882,0.34331059
0.92026132,0.95993030
0.87631494,0.75191104
0.79433984,0.92942840
0.08488624,0.05887888
0.71506536,0.86328375
0.88920778,0.92137265
0.86895424,0.94824338
0.87525803,0.92727274
0.37541544,0.44329169
0.20563965,0.16621801
0.72065479,0.81493509
0.62589043,0.77093369
0.55834192,0.36946368
0.80793816,0.94431466
0.76320881,0.86139697
0.68139625,0.71845347
0.50242448,0.42334017
0.78641862,0.88576943
0.88804704,0.98041666
0.82175010,0.89055043
0.49397522,0.45699394
0.52990371,0.43135002
0.55317152,0.56313431
0.69641256,0.65316665
0.77335918,0.88094515
0.79053086,0.81349206
0.57481128,0.69447440
0.45801353,0.53202736
0.42528933,0.19074610
0.75366169,0.62072283
0.67052102,0.62310362
0.11742903,0.17857143
0.90545803,0.93130344
0.26311094,0.26686859
0.36967233,0.41347429
0.59650201,0.34925410
0.92306834,0.92120683
0.72630346,0.71532255
0.78059405,0.91563803
0.32201716,0.36190981
0.50671244,0.68842268
0.47262096,0.75373417
0.87935692,0.91406190
0.63589483,0.61812866
0.84669524,0.88348532
0.91489011,0.96102065
0.76114506,0.76305968
0.81307870,0.93243456
0.74484193,0.88182276
0.74286050,0.68118411
0.75245947,0.86943781
0.88534933,0.93299937
0.65316844,0.82679921
0.79095167,0.90753287
0.64380723,0.56599897
0.84955972,0.58724594
0.90539080,0.93863815
0.85898900,0.78259116
0.82181257,0.85712564
0.88508612,0.94747758
0.91287214,0.93136072
0.23323315,0.38836405
0.51889402,0.83414632
0.86307132,0.81010693
0.86661392,0.73488325
0.66533601,0.91078430
0.86037964,0.95604217
0.48633069,0.61352813
0.34565789,0.28458738
0.57279217,0.64388865
0.38657951,0.31385612
0.59851325,0.58470148
0.90935349,0.90445155
0.71406490,0.73867559
0.85450608,0.86246496
0.22112606,0.37729108
0.79315180,0.66213691
0.75006717,0.78770852
0.45113194,0.38212597
0.16313447,0.21620715
0.46252328,0.44405919
0.81843686,0.88106066
0.78227311,0.77390367
0.76335603,0.82036614
0.82023257,0.80996716
0.77133530,0.85842067
0.87855434,0.90472430
0.86422485,0.40315506
0.69746035,0.60859418
0.74369484,0.73751736
0.70160168,0.73597103
0.83226573,0.80103737
0.85355157,0.83284163
0.32684204,0.27266225
0.70971721,0.60189211
0.72139150,0.84333014
0.91605622,0.97828609
0.84445757,0.78776121
0.77329713,0.74959815
0.61438698,0.84598929
0.85675204,0.80587584
0.81382746,0.72466218
0.80369461,0.88078433
0.78308779,0.93350166
0.59009695,0.39687431
0.63923651,0.53868902
0.44118023,0.39282146
0.42120475,0.46381423
0.85333019,0.91736388
0.80160493,0.81108958
0.70287120,0.69661492
0.57705671,0.62597948
0.90899366,0.80019981
0.58379954,0.47633147
0.84671795,0.84880120
0.83514273,0.83789790
0.54675132,0.67357653
0.73228830,0.72186613
0.56729180,0.51307732
0.74546254,0.77973855
0.29290330,0.34047765
0.50948024,0.55808079
0.45053256,0.41156632
0.49840045,0.51598209
0.87633640,0.89465147
0.73695248,0.84753376
0.72873873,0.70289034
0.87528819,0.94705653
0.86182243,0.92244416
0.88686562,0.94948977
0.53274751,0.63704205
0.84360206,0.88767505
0.36100039,0.44295454
0.87268722,0.91778165
0.89976585,0.96724421
0.76222116,0.71548676
0.55883682,0.70466030
0.88876492,0.96487606
0.64314032,0.69793046
0.85643345,0.83635980
0.92412204,0.95140678
0.56698185,0.73388773
0.33922589,0.30173033
0.84423381,0.91107738
0.86452323,0.84156317
0.68992102,0.68461519
0.84273022,0.82612556
0.88115287,0.90076631
0.61790335,0.57860386
0.86684269,0.89237136
0.85356903,0.80948132
0.82265729,0.63861454
0.24847917,0.38626665
0.46336782,0.52671957
0.69627506,0.87913013
0.90884447,0.95767272
0.82789767,0.86352932
0.47135943,0.33011273
0.82403129,0.94629246
0.92705387,0.93036580
0.88597244,0.91126776
0.90531808,0.97853369
0.54115295,0.64231008
0.77719885,0.78312474
0.89939457,0.96205503
0.87229741,0.91715837
0.76090062,0.68434751
0.83571023,0.88573885
0.89174891,0.89452815
0.29928488,0.26408178
0.53999197,0.52276689
0.86827558,0.91676831
0.67974764,0.59834677
0.75857598,0.62980771
0.83295077,0.84498233
0.92889833,0.97385532
0.68942595,0.71306640
0.81853628,0.85761565
0.20973565,0.26958776
0.87787479,0.88651258
0.86549598,0.97886825
0.80812830,0.88575268
0.78861493,0.81904554
0.80915415,0.85631067
0.82145393,0.78633600
0.39021707,0.53611565
0.62986511,0.52867132
0.79255724,0.58175290
0.83590639,0.74276859
0.26028210,0.16462965
0.88239187,0.93084574
0.85571831,0.92125493
0.81434524,0.86562502
0.53579557,0.52665967
0.72461599,0.76739419
0.76828641,0.86697251
0.87142801,0.90608108
0.26412737,0.21021059
0.69251180,0.71524066
0.82231653,0.82290912
0.73495877,0.77031821
0.72034514,0.79810995
0.66184288,0.51792771
0.53124875,0.67713457
0.65176427,0.73488283
0.82522380,0.88671398
0.85425609,0.86932921
0.36172390,0.45771959
0.58807313,0.53966188
0.79393691,0.88286805
0.77994442,0.80708271
0.73781681,0.92190522
0.75452113,0.70137870
0.79822248,0.84829384
0.82108694,0.83466822
0.78977150,0.71924812
0.83455378,0.93329918
0.52484465,0.76857030
0.51017356,0.55803180
0.85073078,0.88090771
0.89867556,0.84025007
0.91528648,0.91762823
0.83622998,0.86246240
0.51626337,0.51923591
0.56699401,0.53985041
0.43756807,0.41860464
0.83280975,0.74591571
0.72365588,0.71431565
0.83108485,0.85822320
0.82337356,0.86392111
0.79966587,0.84782684
0.37343410,0.31394839
0.70148009,0.64767081
0.57983178,0.60114735
0.78884608,0.80974412
0.41314548,0.37164414
0.50036889,0.46460047
0.71089226,0.84319019
0.22595625,0.16497388
0.87615854,0.94478381
0.65692526,0.60501510
0.84284735,0.81430602
0.84526151,0.85963488
0.52419442,0.52581948
0.77032804,0.90674686
0.55652684,0.59478402
0.81427044,0.84960896
0.77802992,0.80011517
0.22097190,0.29427531
0.87888443,0.88049716
0.86612892,0.94305301
0.74295694,0.88107681
0.77121443,0.66533875
0.89310092,0.92313504
0.66875130,0.73524374
0.76485413,0.86621511
0.93017060,0.93106729
0.62408966,0.47980279
0.82111996,0.83803141
0.90011483,0.86684155
0.85899633,0.88924634
0.71398979,0.68040210
0.49437565,0.81234568
0.27054548,0.34900808
0.87750357,0.93970716
0.86494768,0.92941880
0.78157133,0.80512625
0.76223212,0.91325521
0.87598914,0.74869227
0.39114946,0.21674128
0.82354629,0.95140427
0.70347059,0.76357943
0.72587985,0.73503256
0.83540970,0.93443501
0.44953352,0.43088040
0.59124488,0.61491698
0.16560154,0.20233637
0.79632479,0.93137479
0.68905389,0.88597447
0.83952576,0.82273108
0.91153455,0.95281094
0.88986236,0.95226735
0.85539341,0.78538090
0.91027629,0.94541657
0.87796456,0.90407228
0.56682891,0.57378972
0.79739738,0.81096095
0.86270553,0.94468367
0.72360903,0.91102755
0.62808585,0.65889424
0.56182492,0.55896705
0.19946004,0.25727087
0.47740877,0.55153459
0.59786254,0.56407166
0.50038934,0.62411201
0.41126603,0.44689736
0.71015447,0.89418244
0.73915535,0.74401551
0.82697952,0.91926515
0.39110467,0.48811969
0.70466262,0.60936344
0.85572284,0.96453899
0.81788832,0.94567049
0.44599324,0.58518744
0.59062392,0.85896105
0.87460095,0.92436975
0.65308863,0.76619637
0.56985050,0.37865728
0.60272366,0.53696579
0.73897213,0.68268484
0.54536986,0.54181010
0.75601119,0.86332214
0.43821287,0.63521641
0.80144483,0.87784016
0.85527468,0.94144881
0.58447927,0.56423545
0.86032206,0.88804388
0.73023701,0.90700543
0.87889653,0.95015210
0.46523035,0.62058789
0.78079993,0.79883087
0.83711988,0.92123985
0.16297020,0.29284340
0.60147327,0.65918279
0.93694401,0.95156682
0.80069989,0.83087158
0.58666778,0.55090457
0.90688354,0.89478815
0.65019900,0.71079355
0.35756269,0.29572579
0.85963041,0.90395570
0.74758691,0.70062238
0.37813732,0.42544800
0.20731722,0.13499986
0.52853739,0.59261674
0.76912510,0.83686870
0.73011237,0.71431649
0.86195129,0.80535322
0.35197133,0.44080490
0.62066525,0.68046820
0.87015182,0.88211900
0.84776187,0.92337251
0.83471745,0.90806741
0.55413318,0.42550504
0.77026552,0.81607956
0.79241705,0.75267017
0.41740489,0.54109889
0.56398159,0.64185476
0.64922822,0.78316742
0.81728691,0.83877629
0.80337626,0.80120999
0.88322812,0.89555258
0.86230606,0.88730419
0.74723381,0.89329320
0.85696512,0.86925638
0.87964767,0.90426528
0.41687214,0.32794622
0.54391742,0.72307694
0.77113229,0.78880227
0.54885942,0.69225228
0.61512250,0.49802372
0.90593648,0.94826311
0.68868577,0.65071899
0.71285385,0.69458610
0.86670905,0.91751724
0.67558569,0.60509634
0.67908597,0.72117525
0.60421079,0.51230520
0.82599324,0.83057493
0.79485631,0.62790275
0.72292298,0.72464728
0.71349925,0.60357124
0.77985120,0.57811230
0.63903654,0.76451755
0.73518807,0.65460360
0.84442943,0.91930300
0.68278360,0.41803375
0.88037425,0.91481394
0.55503917,0.57398993
0.38553226,0.30924433
0.72476375,0.72230905
0.43100077,0.49731249
0.74581921,0.73707688
0.87517297,0.87325001
0.79982126,0.81795913
0.71430171,0.80513459
0.84483141,0.90945530
0.53060824,0.66351891
0.84216052,0.83636242
0.82826316,0.81954020
0.84333116,0.93428570
0.59116173,0.72480237
0.92339265,0.95489550
0.84825492,0.97859430
0.51904804,0.76543307
0.81558949,0.88159877
0.55687875,0.66364735
0.65950286,0.66201407
0.83042347,0.81898528
0.91407222,0.90554053
0.87607318,0.90113240
0.29099190,0.20370160
0.48121113,0.31864753
0.21488844,0.22531345
0.48736757,0.56835264
0.68918258,0.89218456
0.87837368,0.91149521
0.56143749,0.43312377
0.76302558,0.41225928
0.79470903,0.85576922
0.85485214,0.72041112
0.81878483,0.84452683
0.80968553,0.82641959
0.80061644,0.87013572
0.66314852,0.40221089
0.86972946,0.93004912
0.90032363,0.94750637
0.52857143,0.42811745
0.89821893,0.95471442
0.87232369,0.91122085
0.46824777,0.51083529
0.43131173,0.27325070
0.68172866,0.48874459
0.36134636,0.53219175
0.85797316,0.91258496
0.46238780,0.51421547
0.30676538,0.16824375
0.90335882,0.95793831
0.87686974,0.87224317
0.65400958,0.35857671
0.80777681,0.88580358
0.64482993,0.65312827
0.39403212,0.45671040
0.77005953,0.84324133
0.88637525,0.91488916
0.57755464,0.43936557
0.87986672,0.96191794
0.37874073,0.36642864
0.89266616,0.90795249
0.84804863,0.92329091
0.78842574,0.82083333
0.90761346,0.94758064
0.49307108,0.37408519
0.83229393,0.87000698
0.85150617,0.88083166
0.88406855,0.88705063
0.73731333,0.59842324
0.69760901,0.60643572
0.85860056,0.83627653
0.28029609,0.39646974
0.90690368,0.90601200
0.49695587,0.48900181
0.88913536,0.87262613
0.63565910,0.70908070
0.82307011,0.75484210
0.76689804,0.77926588
0.77042717,0.75887817
0.36896098,0.24975027
0.44989508,0.61219209
0.87699634,0.95826328
0.89938301,0.96291733
0.53454989,0.49350649
0.76628536,0.75180954
0.79556215,0.55396414
0.90171081,0.92468077
0.81088299,0.89616227
0.88598913,0.87778515
0.83928746,0.94268423
0.45970732,0.69172472
0.92168313,0.92317021
0.75876004,0.62751853
0.80167288,0.68234134
0.71294934,0.72234392
0.43332332,0.52153915
0.60060924,0.48065290
0.83937138,0.90427721
0.88688320,0.92455280
0.79292691,0.86911076
0.72282273,0.60090137
0.81753081,0.78461540
0.86965233,0.94017917
0.85179389,0.89266616
0.87015116,0.92072195
0.81104040,0.86983883
0.61976904,0.66580093
0.89798170,0.77782387
0.77046925,0.91726822
0.87760437,0.89858943
0.64365828,0.89878005
0.63032442,0.56363636
0.75628877,0.79968596
0.68826556,0.68719727
0.86907607,0.85790408
0.86284906,0.90293932
0.86170632,0.95863920
0.30753654,0.36549816
0.84003270,0.90652174
0.79509848,0.81130463
0.83662826,0.69390404
0.87008196,0.86177069
0.75528669,0.66614151
0.15386032,0.10867411
0.79490286,0.83432090
0.24795873,0.27899492
0.88701147,0.93369395
0.64119893,0.76367360
0.51506639,0.52248341
0.65376109,0.70664138
0.58314943,0.47202370
0.71627134,0.72612965
0.91196454,0.89943314
0.34825882,0.55499828
0.86544937,0.89636755
0.86674154,0.75809509
0.74484813,0.63974792
0.88715434,0.78104293
0.83571845,0.88610148
0.90475494,0.93431371
0.83025259,0.83934772
0.78549433,0.71283698
0.83375877,0.89842480
0.53907990,0.54730159
0.70509815,0.43214285
0.41884691,0.35497200
0.60840261,0.52035463
0.26391047,0.16419658
0.27957407,0.40966952
0.67711049,0.61902410
0.62312168,0.72706509
0.85814005,0.90523183
0.73583460,0.81309521
0.74172485,0.62879652
0.77082479,0.82935148
0.58710277,0.72596747
0.87342536,0.78171802
0.72756201,0.76299530
0.80709320,0.91868389
0.14883573,0.25794923
0.84923875,0.94805503
0.65305871,0.54948288
0.91902065,0.96323186
0.77560741,0.70808846
0.76055098,0.74844444
0.84165275,0.82007611
0.81710029,0.84158826
0.86327600,0.90366298
0.71136349,0.79571223
0.85393369,0.80758429
0.74290556,0.79464287
0.27895778,0.39908019
0.65811545,0.73734641
0.32728219,0.07455605
0.28925878,0.17020099
0.87145108,0.93589354
0.48575622,0.63321871
0.80466753,0.80233514
0.70181096,0.67605603
0.91920853,0.91330028
0.77452737,0.71992844
0.88371432,0.91117382
0.60701334,0.47939801
0.83574539,0.85910517
0.56624305,0.56120360
0.61751050,0.99609375
0.75488943,0.82705593
0.27803570,0.31308284
0.88119012,0.71998125
0.59594858,0.61743915
0.79859644,0.79744208
0.86220789,0.80658859
0.79526263,0.86582166
0.82732964,0.94588816
0.66112882,0.67820317
0.83626693,0.86383486
0.81086093,0.55416667
0.48000449,0.64915603
0.62555790,0.77142859
0.61007208,0.55404264
0.69432813,0.72441417
0.74014062,0.84533483
0.65668720,0.71924734
0.81885260,0.87103897
0.80885601,0.86925709
0.84978861,0.89299560
0.86413896,0.85965991
0.88227826,0.96687371
0.87046325,0.87602341
0.71034342,0.78267020
0.74090922,0.90069497
0.89104754,0.88417375
0.70951003,0.69139767
0.79623336,0.81770831
0.63862437,0.67526495
0.42919606,0.52850091
0.82627386,0.81791282
0.77086800,0.61894262
0.84862584,0.91690284
0.51117808,0.49491447
0.62884134,0.82243747
0.71223062,0.62001604
0.80678600,0.76807755
0.52706325,0.42000598
0.65303451,0.63359320
0.86312085,0.92971718
0.64877284,0.57530427
0.85618788,0.80952382
0.78571469,0.92160279
0.89608759,0.84482759
0.83428520,0.84970713
0.56888825,0.28383347
0.80848664,0.88441843
0.61100954,0.69579417
0.17871006,0.22469424
0.87575865,0.82103914
0.83714527,0.75675434
0.64263672,0.65243727
0.84806114,0.88136077
0.77904910,0.85177046
0.82536894,0.89009333
0.86570209,0.81751615
0.43607348,0.26774266
0.65648597,0.70526057
0.75720257,0.83430231
0.54993707,0.62772018
0.82470268,0.85244316
0.68002635,0.57725251
0.33416718,0.29824492
0.46353960,0.61118960
0.85983258,0.93584907
0.80898517,0.93856561
0.45872939,0.36630476
0.67101163,0.58595842
0.40068924,0.38987574
0.81138521,0.87111205
0.74473625,0.83429378
0.88186288,0.41153699
0.88181818,0.95909977
0.88509339,0.92901236
0.54081649,0.61069566
0.87352967,0.89789295
0.70101178,0.74303269
0.89005107,0.85485041
0.92407364,0.88345087
0.28089800,0.27619258
0.82027119,0.95724529
0.88198733,0.83617675
0.50861281,0.49744982
0.90367126,0.94597828
0.84761035,0.87699610
0.86126614,0.94724703
0.78976262,0.90196633
0.86568749,0.92557651
0.54339838,0.73717207
0.66514736,0.69321382
0.87461585,0.94005603
0.80317110,0.88258708
0.86168486,0.90425348
0.91641980,0.88550907
0.47908759,0.45869714
0.89122564,0.88097888
0.23668607,0.25123823
0.89624661,0.92153847
0.89919227,0.94516450
0.82642758,0.57412654
0.88535285,0.87704951
0.87110144,0.96241832
0.82896930,0.82477778
0.34653276,0.29932868
0.75829619,0.69225293
0.29508191,0.97664815
0.87225425,0.90223086
0.41900814,0.60148513
0.71216595,0.79319382
0.83604950,0.78682846
0.80017436,0.89248890
0.77237028,0.35644263
0.66116714,0.80514705
0.81570488,0.84663057
0.42648792,0.65003949
0.82160562,0.64214063
0.67670727,0.59708977
0.36643213,0.20019954
0.87478626,0.88225627
0.15099423,0.15344574
0.88437635,0.92121214
0.73693198,0.67571312
0.71032161,0.76544768
0.82108510,0.97370946
0.83049434,0.84361732
0.73290384,0.82224995
0.53688359,0.37674493
0.83764505,0.90007275
0.81870216,0.89105046
0.90216321,0.96345901
0.88770121,0.87839490
0.73821294,0.71089637
0.88257217,0.89089328
0.71948057,0.75335133
0.82188267,0.89259034
0.11409579,0.06829837
0.91631263,0.94404960
0.78217119,0.96098900
0.32514971,0.62072366
0.75623041,0.48020723
0.67326385,0.81188536
0.74437332,0.89475161
0.86083412,0.88479143
0.84982210,0.85508496
0.91139334,0.92049551
0.61029989,0.63504386
0.79008037,0.84325689
0.85544878,0.86173087
0.75723296,0.84849393
0.61195225,0.45001563
0.77565825,0.87728935
0.91159636,0.88124722
0.74315071,0.52454460
0.38243544,0.55092359
0.87871653,0.90826315
0.79170078,0.78231227
0.85964090,0.89741707
0.84842044,0.86492676
0.44127041,0.15921940
0.29014266,0.29984215
0.67093354,0.43859890
0.90612876,0.99230766
0.70402557,0.84102565
0.19056226,0.17442191
0.66492140,0.70329672
0.46154946,0.40908498
0.45518571,0.40095246
0.42235368,0.48571542
0.55070674,0.49918452
0.87990552,0.88721877
0.39321774,0.08909262
0.76310742,0.82946324
0.67306781,0.75512242
0.88822085,0.92004907
0.84122568,0.88721830
0.58928519,0.53965944
0.86148626,0.94276226
0.83777803,0.85317880
0.77484924,0.90883893
0.67123812,0.61259478
0.27571976,0.41220814
0.66875380,0.76328313
0.89135402,0.94481438
0.83484316,0.82163745
0.76538515,0.79190278
0.14065443,0.14329004
0.67964536,0.54568022
0.79325759,0.91237390
0.71247822,0.64533132
0.88925219,0.89040375
0.19575031,0.23491916
0.78466958,0.70512819
0.92159909,0.87333721
0.47385472,0.50275481
0.69744986,0.41492388
0.64434028,0.83216679
0.82651240,0.84765434
0.86742300,0.87943816
0.89200479,0.91746032
0.78424698,0.84982634
0.77380997,0.68396997
0.79918247,0.84090906
0.70325816,0.70183557
0.60477376,0.77616769
0.74380481,0.94641560
0.65613306,0.61118776
0.43709266,0.68366092
0.30746567,0.45492229
0.79619128,0.80246884
0.68496990,0.71277618
0.75843942,0.86717635
0.63864183,0.76205230
0.91461450,0.96383440
0.33130416,0.43993151
0.32467991,0.38756835
0.90328366,0.91624326
0.35678768,0.31154683
0.85695595,0.91513997
0.90016580,0.96767455
0.18462084,0.18740541
0.70647782,0.66513056
0.32122433,0.25474322
0.94188321,0.94279474
0.81735510,0.81180859
0.92726666,0.94845963
0.88087517,0.97481686
0.39567244,0.18055958
0.41141182,0.19880952
0.33343914,0.38651857
0.76250142,0.80794996
0.69746876,0.82167602
0.88311076,0.96399838
0.72823149,0.84096026
0.81118554,0.85861164
0.76832277,0.65253198
0.41017574,0.45501372
0.44521534,0.42889556
0.89552432,0.92932373
0.72154593,0.59381235
0.85337108,0.91048646
0.88234186,0.92507005
0.88917327,0.88690591
0.18091275,0.23253667
0.90302569,0.92717087
0.68579000,0.90045935
0.85048813,0.93431395
0.72179788,0.90154886
0.80463248,0.88411397
0.43961722,0.43741089
0.87520820,0.83839709
0.88370198,0.91226202
0.35979789,0.31578946
0.41778779,0.40491804
0.75184804,0.93180543
0.84460223,0.88696444
0.91697067,0.93975824
0.89203864,0.95710742
0.89201224,0.93605047
0.86759096,0.91082805
0.63427156,0.60890597
0.87066853,0.90525424
0.86713767,0.90705884
0.73523897,0.75723577
0.80686700,0.76311040
0.88871711,0.83497620
0.83205813,0.93640012
0.82245654,0.89069539
0.75610518,0.81720781
0.61424637,0.63918066
0.71161240,0.91938615
0.64331007,0.87966478
0.68838805,0.02964612
0.87309092,0.90822428
0.59420758,0.71300256
0.45417726,0.57531393
0.82398355,0.88143426
0.83177316,0.85934305
0.57071912,0.64706433
0.79372835,0.96249998
0.83105832,0.92266011
0.78031141,0.83189654
0.72058290,0.77686781
0.67024130,0.59934556
0.72517419,0.76567739
0.75371498,0.84105265
0.90457404,0.91954386
0.20765559,0.12743473
0.77559394,0.62894773
0.53793555,0.41752899
0.62244648,0.50101358
0.78037256,0.78430188
0.74755883,0.68559217
0.58058101,0.60607475
0.83999646,0.88823915
0.82693648,0.84758389
0.77660042,0.75931394
0.21045430,0.23200859
0.39136207,0.38606334
0.91279936,0.89179516
0.85353476,0.94080716
0.67014641,0.46410990
0.71783561,0.65484893
0.78965980,0.31590417
0.29894042,0.24041301
0.89346594,0.94095367
0.85436255,0.87500000
0.45015943,0.61891466
0.88738912,0.92870259
0.31827790,0.27204525
0.64515293,0.45376888
0.70149338,0.57336152
0.83595955,0.87294120
0.75348133,0.85196078
0.82330203,0.85354626
0.90757096,0.97498119
0.48902750,0.42754343
0.87524360,0.94963878
0.42447907,0.45171499
0.91386986,0.96791446
0.87378532,0.86007518
0.86743921,0.83196211
0.81503820,0.85797906
0.81056911,0.91861320
0.47992706,0.35621205
0.83728600,0.85198003
0.82855314,0.79217917
0.29924706,0.17416899
0.90599358,0.91427881
0.81909853,0.87962961
0.61607128,0.47461370
0.89048964,0.92484587
0.90273076,0.91949022
0.65514910,0.60943729
0.47738427,0.77308971
0.88829142,0.87145025
0.52376288,0.55161566
0.80931288,0.63959783
0.34005356,0.34424084
0.67874336,0.69670886
0.65226513,0.71045119
0.85772145,0.73442084
0.42304361,0.45881557
0.64042801,0.66664827
0.80587143,0.93217814
0.87030321,0.81453234
0.63796997,0.75454545
0.76672125,1.00000000
0.80176783,0.93357509
0.68500364,0.71567297
0.75984597,0.84580421
0.58727473,0.80489445
0.62625051,0.77475005
0.84029502,0.74435073
0.93468016,0.88111013
0.31372505,0.25292870
0.82515311,0.93983138
0.83258110,0.94122696
0.87274355,0.85635376
0.85242337,0.80575335
0.81211627,0.85893720
0.69282508,0.93557674
0.80816931,0.90379173
0.34130064,0.14004968
0.91599274,0.83660132
0.84049624,0.93454885
0.38613528,0.26287934
0.84355909,0.91712707
0.56731892,0.65285587
0.55073422,0.76490575
0.61523408,0.58143669
0.26597810,0.12236842
0.80878609,0.93267488
0.82185572,0.95400006
0.79212648,0.85818166
0.85385615,0.91877991
0.72927064,0.72395557
0.62924021,0.80206394
0.13934265,0.10837964
0.35539335,0.16903889
0.88717872,0.91320348
0.72626543,0.68061656
0.87267512,0.93670887
0.37278795,0.37096778
0.87510830,0.87613404
0.86486238,0.90014768
0.67726535,0.89949495
0.90819818,0.91311008
0.74095887,0.51841706
0.86009353,0.89685607
0.81799090,0.86471170
0.76043743,0.83123648
0.35535985,0.25009397
0.87963349,0.92673993
0.87613267,0.89891565
0.79575640,0.84587008
0.91757476,0.90423000
0.78688103,0.73255002
0.86559814,0.92189580
0.91526181,0.88496912
0.72098559,0.71860522
0.68765539,0.74341798
0.88461608,0.92109185
0.73868960,0.99761903
0.46994078,0.46135831
0.68651611,0.71771282
0.92013562,0.87048554
0.72525907,0.72692442
0.61292797,0.57671326
0.68183345,0.88399357
0.36571002,0.40305534
0.88370353,0.88357663
0.87976086,0.94397849
0.51302683,0.66152561
0.71108162,0.75018382
0.85969794,0.93260264
0.74346036,0.85270655
0.63253558,0.55598551
0.58075976,0.68247974
0.86652535,0.90051502
0.89594549,0.96181631
0.77490109,0.95810419
0.85491788,0.88069820
0.78637785,0.83784002
0.71248585,0.88187933
0.77019382,0.54209012
0.63479793,0.77091575
0.72195894,0.81152558
0.69362086,0.61299437
0.87646872,0.87382627
0.59914172,0.62929517
0.88869780,0.88459653
0.89246178,0.97421932
0.37617153,0.30498749
0.31529087,0.23558581
0.85217935,0.89388430
0.78224415,0.64270473
0.25120860,0.35376799
0.88198847,0.95362890
0.84486395,0.95308578
0.32805330,0.49136579
0.90057290,0.96046054
0.75847572,0.69312167
0.90760124,0.94805765
0.82297462,0.81778711
0.74450099,0.84878772
0.78277940,0.85112309
0.76806742,0.73909897
0.77946526,0.89631337
0.75046796,0.54158878
0.26939356,0.11928131
0.82238430,0.79812777
0.77446318,0.79585254
0.70730299,0.81701428
0.83907396,0.83949620
0.79682511,0.89025772
0.66853112,0.65752423
0.77962726,0.75183153
0.88460803,0.84598374
0.86318952,0.89336401
0.83019859,0.92591268
0.79641706,0.20265526
0.92151082,0.91118538
0.87765455,0.87318838
0.32005090,0.39870444
0.85052210,0.95628518
0.90339667,0.93480587
0.83425814,0.68611109
0.67041069,0.80030638
0.65106952,0.58126551
0.84121507,0.89695305
0.54984802,0.67022020
0.63394648,0.55239910
0.68621254,0.85537314
0.81279528,0.94570857
0.86526883,0.87090105
0.52323109,0.34116378
0.88029522,0.91170633
0.76001287,0.75524253
0.69964510,0.78257108
0.83703381,0.71781015
0.69253862,0.55659592
0.24949686,0.23622312
0.86669874,0.90851682
0.57517964,0.69989014
0.82797801,0.82449800
0.58100981,0.36360854
0.53420246,0.74996972
0.82453579,0.98918617
0.38315433,0.58207434
0.81258500,0.79490948
0.87236524,0.89624220
0.59151751,0.72093529
0.49551815,0.47539854
0.63159782,0.71786344
0.54286289,0.30410188
0.89335948,0.92258757
0.86011976,0.85097408
0.86297482,0.97181028
0.91983938,0.97244811
0.70880729,0.74257195
0.85880429,0.83984154
0.91494399,0.95610476
0.88126391,0.89228970
0.86749661,0.95104462
0.55366647,0.48661110
0.72159505,0.23532061
0.87827665,0.94193619
0.85302985,0.94814813
0.74466920,0.76838869
0.86018640,0.91721088
0.75218064,0.71718627
0.82820547,0.87530082
0.64493412,0.80126286
0.83865935,0.87911576
0.83843380,0.87978101
0.74755442,0.76279688
0.64576250,0.59722221
0.81260151,0.77453446
0.81585008,0.83986402
0.31111443,0.33316183
0.88008374,0.92045456
0.20818640,0.16410257
0.79863596,0.87043571
0.89206314,0.94557279
0.90494215,0.89435160
0.86014265,0.87352216
0.82630998,0.78661382
0.84307677,0.93115294
0.43065697,0.33930302
0.89324135,0.96018147
0.90741944,0.88915795
0.54596400,0.62549937
0.35364631,0.42995441
0.83724564,0.86061025
0.62817043,0.82341480
0.74828035,0.61313039
0.87045527,0.85261708
0.87042028,0.93497360
0.89767563,0.93336874
0.87493742,0.92636108
0.82626247,0.70151520
0.22697674,0.43657759
0.84714347,0.89725381
0.81187850,0.89741272
0.74503881,0.92162603
0.89361978,0.96660280
0.87691039,0.87866646
0.83835417,0.92998105
0.86454588,0.94204807
0.34267798,0.40268132
0.91760373,0.96721530
0.90613914,0.82956123
0.89331615,0.93272763
0.34273133,0.28030348
0.73909879,0.84774113
0.60149062,0.66428322
0.79603004,0.85773218
0.87157828,0.83218777
0.78854066,0.67524999
0.88372743,0.86763257
0.67033118,0.45857561
0.72081321,0.55131948
0.64152354,0.57006878
0.84601885,0.91356343
0.22297271,0.35344827
0.73345625,0.68637580
0.76511377,0.85277158
0.45759225,0.51030177
0.90108615,0.86988801
0.87288874,0.89293605
0.45696759,0.51675773
0.86113048,0.91071427
0.77696419,0.91369045
0.78298295,0.76848835
0.16048862,0.12009080
0.27950162,0.33951929
0.58662176,0.57617915
0.67751449,0.73087358
0.83792776,0.89735472
0.34073755,0.20103613
0.49802083,0.39131579
0.88612884,0.91408473
0.86893529,0.85691029
0.90674561,0.91631782
0.77313346,0.77734041
0.75459206,0.56578946
0.87146425,0.90342987
0.83265811,0.80230767
0.52084458,0.64375412
0.89565426,0.93873984
0.74585360,0.73178452
0.81553358,0.90988481
0.46100479,0.25153777
0.82184041,0.86816931
0.61752820,0.52582270
0.74721819,0.84114772
0.90600270,0.93597382
0.08525170,0.05177786
0.87732953,0.94183105
0.83856624,0.83697361
0.81984359,0.88469118
0.83102852,0.21718000
0.16324030,0.13375518
0.85583562,0.88863069
0.82135534,0.89505064
0.86766738,0.93717951
0.85819441,0.96428573
0.45620179,0.42815128
0.46895874,0.82392406
0.48460776,0.71136653
0.63222665,0.72151899
0.44324499,0.29105273
0.87037665,0.88285232
0.91798669,0.95917141
0.87545031,0.88766891
0.79108822,0.75831223
0.91260034,0.94079292
0.43203580,0.27233332
0.83066243,0.92894202
0.78104669,0.74482477
0.69138062,0.68835163
0.70078522,0.69626689
0.63365030,0.76337951
0.58438313,0.52755839
0.32357490,0.48439011
0.78169256,0.81957686
0.79237950,0.64755809
0.69888812,0.69263530
0.87397832,0.93752217
0.56189865,0.59006566
0.72411633,0.81194216
0.71470308,0.55855328
0.79300874,0.92853534
0.30232859,0.31734344
0.83198005,0.92831528
0.68065095,0.72871143
0.89143926,0.90732759
0.91042387,0.91167587
0.86515826,0.89145327
0.83629167,0.60457516
0.56486368,0.55800653
0.54223943,0.51890302
0.85368949,0.91044778
0.69012481,0.80315363
0.90200037,0.93414629
0.50247020,0.30079299
0.85958117,0.86599702
0.82509094,0.84880590
0.34809572,0.32693663
0.76597494,0.79857057
0.45948184,0.81092477
0.88383740,0.92455530
0.46744120,0.51497561
0.73089921,0.89615589
0.51550770,0.40874887
0.86083782,0.89347422
0.75886440,0.88959527
0.87025774,0.89362514
0.75148392,0.94016254
0.89479870,0.70615774
0.61181372,0.74715853
0.85612297,0.77799922
0.39790091,0.38993159
0.73616451,0.88015294
0.78718799,0.73414218
0.88250023,0.91260988
0.67107683,0.58093786
0.56158388,0.32032537
0.86444288,0.91386050
0.84582931,0.83528072
0.89007431,0.90238804
0.84405565,0.86159825
0.57934207,0.55233061
0.52744091,0.84287149
0.85605776,0.95948678
0.62564218,0.78245258
0.68436390,0.85784400
0.78958392,0.82536179
0.37292403,0.40037879
0.36199173,0.37431037
0.81830460,0.82199389
0.90771013,0.53693014
0.75780982,0.78574461
0.24539728,0.22848853
0.83921486,0.82250047
0.71379030,0.73024690
0.88326764,0.89206827
0.80593824,0.92170960
0.42517918,0.44967532
0.83325392,0.92603070
0.45581967,0.51326311
0.76637298,0.78067976
0.73121905,0.88254195
0.62869054,0.77216905
0.83627313,0.94628650
0.81520492,0.84378111
0.80116719,0.84498900
0.72218460,0.65070677
0.85637254,0.87078249
0.85983688,0.88635421
0.85278827,0.87408596
0.63475341,0.68906432
0.50929379,0.49958915
0.86272407,0.91602910
0.85919708,0.84021819
0.76069939,0.78692722
0.68582875,0.58999157
0.78438431,0.84815788
0.84804791,0.84443849
0.71701944,0.78091633
0.65467310,0.84737122
0.19278120,0.17152122
0.62490636,0.54855615
0.90982628,0.94437683
0.89398533,0.92429012
0.75031406,0.55621076
0.78579730,0.81466025
0.87441736,0.80726790
0.77619618,0.78682929
0.88935393,0.94617754
0.88297766,0.88148147
0.51523709,0.67054486
0.76468813,0.85064381
0.85112041,0.92771083
0.79737002,0.75047678
0.91715068,0.95686454
0.86228877,0.87358367
0.21253662,0.23834726
0.56798625,0.77629673
0.78165537,0.89035308
0.73550493,0.97187579
0.86790574,0.90651137
0.74761003,0.90096408
0.40693432,0.53995329
0.87748975,0.98958331
0.75376678,0.76987988
0.86957860,0.91929823
0.64458501,0.66241825
0.60359001,0.64942288
0.85022771,0.89044762
0.51188856,0.67610937
0.60146838,0.72676283
0.76931101,0.76720375
0.79331309,0.83216292
0.88595706,0.90534341
0.87562531,0.96796197
0.84353924,0.87003565
0.65210211,0.63031000
0.92466587,0.92950636
0.83546489,0.88743019
0.87345952,0.87090665
0.78904158,0.70694989
0.88840061,0.97563297
0.78395623,0.79623288
0.83884484,0.88405353
0.48474926,0.49265650
0.90679628,0.99444443
0.79634124,0.79036933
0.73255092,0.70986301
0.89340836,0.92288488
0.46448028,0.30756614
0.55933070,0.68696600
0.72666478,0.86625421
0.48374861,0.35050800
0.60708386,0.46106213
0.63858753,0.44303864
0.89544415,0.87660164
0.80781698,0.83545738
0.85419035,0.85069126
0.87176847,0.81162632
0.30224636,0.57950193
0.55320579,0.73750222
0.89294976,0.95530301
0.90799075,0.95363468
0.23409589,0.32808661
0.46145707,0.55121565
0.87259990,0.92689967
0.82618743,0.90217435
0.87053740,0.88427126
0.68954772,0.65315610
0.83448797,0.87675571
0.75879711,0.66503936
0.11930285,0.11494103
0.67658126,0.67119473
0.76758635,0.79233122
0.69569558,0.66094005
0.82115012,0.93963963
0.76394302,0.69750714
0.81310338,0.85764241
0.49394655,0.52840298
0.55046785,0.73471564
0.80579895,0.89596272
0.56450623,0.35766375
0.63272113,0.63896549
0.51518786,0.40296757
0.81989044,0.88704634
0.47159898,0.45070335
0.80872768,0.83443046
0.55531240,0.47934622
0.74657983,0.67756408
0.93398613,0.93684494
0.62072593,0.56713766
0.77873206,0.90593648
0.58797246,0.70142967
0.47330689,0.50965667
0.77447969,0.88671875
0.57945120,0.52885211
0.87837422,0.83463115
0.57301044,0.34641609
0.89307970,0.82876712
0.87481660,0.91406453
0.28721410,0.30129331
0.31229043,0.63616073
0.50835633,0.04845155
0.70769221,0.88600469
0.67505765,0.61904764
0.54674131,0.45204136
0.78376329,0.81475151
0.60021216,0.90451390
0.25681263,0.22177146
0.31899074,0.29945654
0.73349792,0.68983757
0.87177473,0.91415662
0.85958451,0.87006044
0.75689691,0.80337584
0.90297359,0.96874243
0.85530037,0.88009894
0.75605136,0.85188872
0.95188910,0.93316805
0.88573861,0.90077287
0.77525228,0.80911100
0.22197606,0.11408894
0.86128104,0.85279375
0.86427230,0.93032849
0.84450132,0.91492677
0.81868684,0.90733528
0.81095862,0.81771487
0.82285196,0.91498768
0.89341956,0.95652425
0.91754657,0.90646917
0.50044900,0.64652777
0.72441590,0.58315706
0.89847207,0.85891318
0.65769172,0.69257730
0.84644395,0.94185799
0.80081838,0.88832200
0.79586411,0.85598040
0.77215225,0.78168249
0.87253410,0.90263158
0.79538363,0.83303654
0.88702554,0.91967493
0.76132458,0.71624804
0.85178131,0.80990237
0.88927644,0.90912700
0.75580776,0.80256462
0.55738002,0.59552443
0.33270073,0.23681186
0.50894076,0.50253379
0.60573679,0.54191619
0.24619596,0.18189681
0.50437802,0.42438155
0.74739414,0.72044647
0.78677958,0.91439730
0.87568051,0.91684574
0.88072091,0.92506206
0.32711849,0.24160588
0.34381741,0.27595365
0.87631124,0.85697168
0.66636157,0.66573411
0.66700387,0.89220566
0.66343963,0.47112080
0.62901652,0.48271435
0.58403015,0.77254188
0.87415129,0.96651059
0.80192691,0.72334933
0.89633274,0.64689296
0.37036365,0.72345650
0.17090757,0.18042041
0.82941073,0.60098600
0.64185560,0.49399674
0.66373640,0.71402138
0.92288542,0.94178361
0.57492924,0.29500368
0.82097620,0.90296113
0.22407527,0.05136472
0.90136445,0.94964486
0.38012099,0.47654912
0.58327723,0.55289757
0.86303723,0.81119543
0.73162115,0.90784472
0.89526349,0.89685374
0.72296119,0.67636144
0.78417867,0.40288460
0.49898845,0.42986614
0.92050451,0.98393756
0.63988376,0.61065215
0.74346548,0.65012896
0.87557167,0.95646000
0.51375896,0.50420672
0.87919837,0.87978321
0.89526254,0.92094803
0.64740449,0.66511738
0.53231138,0.60660034
0.55105329,0.44250327
0.88466763,0.89464885
0.92496920,0.92523944
0.89139217,0.94815439
0.70696825,0.88486564
0.78527445,0.83461541
0.84281194,0.87142307
0.69947368,0.83375567
0.51169473,0.56789601
0.76463217,0.84102881
0.85809702,0.85782647
0.80703533,0.67394406
0.88985330,0.95129144
0.80499965,0.59579164
0.90283936,0.87803340
0.85966897,0.86035794
0.55642843,0.66070873
0.79716122,0.82681078
0.77102607,0.67062145
0.64588654,0.58097559
0.43610740,0.39346027
0.22864117,0.34014612
0.34286493,0.21975319
0.71668541,0.59207392
0.74996430,0.87201297
0.79221147,0.78771836
0.78523761,0.70762616
0.58855098,0.67272651
0.87286937,0.87387979
0.86967427,0.96345621
0.48005599,0.42077038
0.36745930,0.15829608
0.89269674,0.91199678
0.88907403,0.95495719
0.30144811,0.35403588
0.60878974,0.66532016
0.83770716,0.92055923
0.57215595,0.91490322
0.91330624,0.97001278
0.82050431,0.88018858
0.88180357,0.93117476
0.91637790,0.95382863
0.80442846,0.86244410
0.67586654,0.73442101
0.89863789,0.91228068
0.71430397,0.93927830
0.59045702,0.46267676
0.80203837,0.70179617
0.89278108,0.91501409
0.88954645,0.91996789
0.57829565,0.54710144
0.42003381,0.31135127
0.86658305,0.93886197
0.86804855,0.90465760
0.86275870,0.94040430
0.48784149,0.66389376
0.74953288,0.82772726
0.92083520,0.91983473
0.49850947,0.39805523
0.89175445,0.87549829
0.66957778,0.66744733
0.88571459,0.79849559
0.83416539,0.85115749
0.70280409,0.81344086
0.84972703,0.87896824
0.83479947,0.66121429
0.69964743,0.55836362
0.67377418,0.51431823
0.90486670,0.87147808
0.93122035,0.91590399
0.82952303,0.90799302
0.89249760,0.85250485
0.89589679,0.96512985
0.89199513,0.95205468
0.88496184,0.91211528
0.52720445,0.65570402
0.75353521,0.75059289
0.86502475,0.72716153
0.67985016,0.57137841
0.76114357,0.76650643
0.89620435,0.91661173
0.64885873,0.76482922
0.73779255,0.74185425
0.39081568,0.31294981
0.89210778,0.96527582
0.85748249,0.85145080
0.83752066,0.80889010
0.64787757,0.76749974
0.50821388,0.41971815
0.88108778,0.84762043
0.73461646,0.87377679
0.22809123,0.40974379
0.53968537,0.66561794
0.85687488,0.82890910
0.73617035,0.86212122
0.70464462,0.68294156
0.28208768,0.31551424
0.76896507,0.72432435
0.66761029,0.87636930
0.80057859,0.89229268
0.44878840,0.70499414
0.89002240,0.94096440
0.78327799,0.69155443
0.41775626,0.42263299
0.83490109,0.78516775
0.71440834,0.73881149
0.54728425,0.26188931
0.77680665,0.92157781
0.66566956,0.71014494
0.57709503,0.63020581
0.31747350,0.46329337
0.49586213,0.48507112
0.73548633,0.77320921
0.41724950,0.51368695
0.91813076,0.95154363
0.71274787,0.82196611
0.35836229,0.31492946
0.79554868,0.86184406
0.90879101,0.91306508
0.78246373,0.81522924
0.36451417,0.29763985
0.87253940,0.91791171
0.85787213,0.84123367
0.85347384,0.86639059
0.57159495,0.70728254
0.50158584,0.50532764
0.70336920,0.75413793
0.78715682,0.79802209
0.41726351,0.06908450
0.47058117,0.46709225
0.45606720,0.48625547
0.81675375,0.91732252
0.88670897,0.91885495
0.66298437,0.35408440
0.82404464,0.91003817
0.66660613,0.76037735
0.70206499,0.57758534
0.91743273,0.90748078
0.91083962,0.92078489
0.60718203,0.43711427
0.86148399,0.89867485
0.48354220,0.58305603
0.68166989,0.66135561
0.48028922,0.60321182
0.70992953,0.78839141
0.76880008,0.87336266
0.87731713,0.91758722
0.86534172,0.82968795
0.88684011,0.94885772
0.71663660,0.74861449
0.89123750,0.87827450
0.75895602,0.85758328
0.75062287,0.82503259
0.73123401,0.79437703
0.75410801,0.77544993
0.78851587,0.96475953
0.90337390,0.88080531
0.92959112,0.93811256
0.38284963,0.53290743
0.90517652,0.88905644
0.79922986,0.82162529
0.81876832,0.82956201
0.56602257,0.54464805
0.78144354,0.85636365
0.90826231,0.93567741
0.47717333,0.62207139
0.47466987,0.75282866
0.81136966,0.83056438
0.53708774,0.60219049
0.60252833,0.59485096
0.66861236,0.92739350
0.23668317,0.36347941
0.86120290,0.93956929
0.68110979,0.58518565
0.40927768,0.31247404
0.81880480,0.84383649
0.67881149,0.60194921
0.75677407,0.90385151
0.88424176,0.91632074
0.79710692,0.79541570
0.82063031,0.92923933
0.80198723,0.87799019
0.79902989,0.91084057
0.66297942,0.60825026
0.67507929,0.80930573
0.30998760,0.44092557
0.90249044,0.93097347
0.84249032,0.94509882
0.86231798,0.82213134
0.67480606,0.79500026
0.77486503,0.73055553
0.55890399,0.65812683
0.82301456,0.89912975
0.71627057,0.60179102
0.71361369,0.67281604
0.72080535,0.68463725
0.83302975,0.98814118
0.34536582,0.46337771
0.55164951,0.68644661
0.80453020,0.84266508
0.77112973,0.79233730
0.72134185,0.84904999
0.38169134,0.62392473
0.89003366,0.87537408
0.85823971,0.86046410
0.82844323,0.92244172
0.69695997,0.12338441
0.83379513,0.92666966
0.87220865,0.89816177
0.86451858,0.92510438
0.82924169,0.78233039
0.79830366,0.88588852
0.67444164,0.63951617
0.84627903,0.89922249
0.44859749,0.43105555
0.53407621,0.26039925
0.64296520,0.57132524
0.24693115,0.52865130
0.31877542,0.34113720
0.89469630,0.85555959
0.63260108,0.68694735
0.87452930,0.94155842
0.65587169,0.67960298
0.88707364,0.98026317
0.72981590,0.71152312
0.44937271,0.11945333
0.87957227,0.91170597
0.89487141,0.94761902
0.88674909,0.87409574
0.54667681,0.63698959
0.86975229,0.91972297
0.64369094,0.60412472
0.16497363,0.17510287
0.54459286,0.65124583
0.90677220,0.94237727
0.85559601,0.81131107
0.86512846,0.85678673
0.82787567,0.89682353
0.76225859,0.68675578
0.64810383,0.69969225
0.83331281,0.89197922
0.90547168,0.93751657
0.41319841,0.52735651
0.75180340,0.67539680
0.74916476,0.81089741
0.90646100,0.93118787
0.34308541,0.23821059
0.77018148,0.88850033
0.30003396,0.29759315
0.88541996,0.98387098
0.79369140,0.68531996
0.89582402,0.90717655
0.70467168,0.63645130
0.67942739,0.63410997
0.61302012,0.56390709
0.40774226,0.38640112
0.60595858,0.59971195
0.74479300,0.81190509
0.57645643,0.77822804
0.90961403,0.94847524
0.63244653,0.50519210
0.84360886,0.93418801
0.89711171,0.94858783
0.79592383,0.86462289
0.84531111,0.93756014
0.81317848,0.81495655
0.50177032,0.48136434
0.63417637,0.37597519
0.59153485,0.70359051
0.61123925,0.62592953
0.51035058,0.51125449
0.54781824,0.54233509
0.89441192,0.87815273
0.28356576,0.49069935
0.71594757,0.90702724
0.90902042,0.93976974
0.77017599,0.93013632
0.80773920,0.91496599
0.57219458,0.46256721
0.61631715,0.81667751
0.59479308,0.61455625
0.87621766,0.86431748
0.87819976,0.92088908
0.92032486,0.95627242
0.36803466,0.35047990
0.41491055,0.27582550
0.87494421,0.89698404
0.47690994,0.49309525
0.57888675,0.59674865
0.70046878,0.90041858
0.71726924,0.84657222
0.80788559,0.74964249
0.77560121,0.84259510
0.91911054,0.92773968
0.88216758,0.86005497
0.48926163,0.43663746
0.51409930,0.65562260
0.80339736,0.77084839
0.86783773,0.88929200
0.81704378,0.56137246
0.33282167,0.95222330
0.73228490,0.93880033
0.76259959,0.61130273
0.61719382,0.66463548
0.70003718,0.57126212
0.68811148,0.81140125
0.86387819,0.87110692
0.56060982,0.51611155
0.65046281,0.82379520
0.87751031,0.92742449
0.83377272,0.86062193
0.87915665,0.87861025
0.68245274,0.76460183
0.75859481,0.62398291
0.76955152,0.88543117
0.76255894,0.65755576
0.68015742,0.71240228
0.85324478,0.88966560
0.68607229,0.61563998
0.28873768,0.27041593
0.86604214,0.82627690
0.57258731,0.36762342
0.53587031,0.70276552
0.77929759,0.76733917
0.55348712,0.50571364
0.86392343,0.89392662
0.73539895,0.70371163
0.84787875,0.92180008
0.88201803,0.95222223
0.88063800,0.97394812
0.74313718,0.87787205
0.30388153,0.26346931
0.75462967,0.60044956
0.85410643,0.88773692
0.91838878,0.94300526
0.68849719,0.65546620
0.84411705,0.88994503
0.89832979,0.94645202
0.77082026,0.85202897
0.82401419,0.84666324
0.92115885,0.92938083
0.64624804,0.65601927
0.60366756,0.79284823
0.84658146,0.86666667
0.60367453,0.49213353
0.87781447,0.90919971
0.39256001,0.37278584
0.63391525,0.61247760
0.90588391,0.98069954
0.88052726,0.89074618
0.78638899,0.92161173
0.77735418,0.78991175
0.47898406,0.50117564
0.84855312,0.92743641
0.85581458,0.93714100
0.68746966,0.62839681
0.82644069,0.86453646
0.68690681,0.51834238
0.61157542,0.51592159
0.84459895,0.91337049
0.75640482,0.84103644
0.19253613,0.26368701
0.91053098,0.94897270
0.84458566,0.86834514
0.83805531,0.83479828
0.43347698,0.32072389
0.90457970,0.91436714
0.80163151,0.92822248
0.87235361,0.66482651
0.80321842,0.87753588
0.92578655,0.95978361
0.86034012,0.88037038
0.72247267,0.82229638
0.83906722,0.81553066
0.80851102,0.90870708
0.25833905,0.22173683
0.80703151,0.81991667
0.81989604,0.88727701
0.86968714,0.97264469
0.84106630,0.88453460
0.39240927,0.39998743
0.76529318,0.72426903
0.23972742,0.37020344
0.59984881,0.62159497
0.84440804,0.80033547
0.79345191,0.87703180
0.78881282,0.72613961
0.91874778,0.91932911
0.85733384,0.80875707
0.85467643,0.96621388
0.76795930,0.73590565
0.45336431,0.53175282
0.85233277,0.95569479
0.59136689,0.85787910
0.83602506,0.91462767
0.79784632,0.84964156
0.88288593,0.92041367
0.59593850,0.43037850
0.58694434,0.65663856
0.28092855,0.34939492
0.91943496,0.91933256
0.66873544,0.79794973
0.80165166,0.24443860
0.14583932,0.19908604
0.80309504,0.92154646
0.63801187,0.79469872
0.59961975,0.67562401
0.76820260,0.79151249
0.72728276,0.66866726
0.77725965,0.84853733
0.66113091,0.66561460
0.75753272,0.81181318
0.18421896,0.16883211
0.56496578,0.69151980
0.91127867,0.94042695
0.66244996,0.57627106
0.45203561,0.52826089
0.89618123,0.93764573
0.87339693,0.87558526
0.37501633,0.41945186
0.46416974,0.40059206
0.89030331,0.93563622
0.81806725,0.81188291
0.23580857,0.14387700
0.51993269,0.67460316
0.83450633,0.75912517
0.78478730,0.69298339
0.91068798,0.92375308
0.85659939,0.94433659
0.68397254,0.33902389
0.86437786,0.88370687
0.54568821,0.60963219
0.77337217,0.91833335
0.46019530,0.58405799
0.66625911,0.75930297
0.87860000,0.87258023
0.87475151,0.93895632
0.46422696,0.43178505
0.52876335,0.38442686
0.59171730,0.56603146
0.73405945,0.71205699
0.50797343,0.32590580
0.90828395,0.88000000
0.22386675,0.09435582
0.91826862,0.93921590
0.82457542,0.94690579
0.82084644,0.86420643
0.82105035,0.86055839
0.84448332,0.82858294
0.87716275,0.91889256
0.86701101,0.79470009
0.43459827,0.47681984
0.85757083,0.91692543
0.77716833,0.76311851
0.43259394,0.53652096
0.61202347,0.43902439
0.91679269,0.92598152
0.34868366,0.14750355
0.26331979,0.12500930
0.79576784,0.94349796
0.75752497,0.90295762
0.90501016,0.93720138
0.85774654,0.90058959
0.24691091,0.21902834
0.63141865,0.37369376
0.54833758,0.24889717
0.89032334,0.96393663
0.72713727,0.78216499
0.78896600,0.79706925
0.17359681,0.23380351
0.71228260,0.80832392
0.76673645,0.81209868
0.73615420,0.72360629
0.83215213,0.93560302
0.43476319,0.42252624
0.72792864,0.76539201
0.86328191,0.97972971
0.78873026,0.96800590
0.75944489,0.77814007
0.75097281,0.67242688
0.65096939,0.55221295
0.77456170,0.48824480
0.06900550,0.07052541
0.85068321,0.89690268
0.87103862,0.92507643
0.36545044,0.54578048
0.90013146,0.91136366
0.87519497,0.91526860
0.75408912,0.88864428
0.34978414,0.31234205
0.63652432,0.68848288
0.90354365,0.90304595
0.43476790,0.56129384
0.89732975,0.84524548
0.45209169,0.30743930
0.33261251,0.52422714
0.79230142,0.71524698
0.60507107,0.64460522
0.74564695,0.90030444
0.93593347,0.94745803
0.88426781,0.88062829
0.88867730,0.92783791
0.83095092,0.92027003
0.18438597,0.17943431
0.68179488,0.95145631
0.77389568,0.93441278
0.64713562,0.68503690
0.87470245,0.87123710
0.77298003,0.88809526
0.76969254,0.69953054
0.69809228,0.81813127
0.28065902,0.37159628
0.37575030,0.29625952
0.37917805,0.28532243
0.80243921,0.85054159
0.76457006,0.92562938
0.80257791,0.87106997
0.88326848,0.84478593
0.60353500,0.73150969
0.84828717,0.92903388
0.75293779,0.76272196
0.12009321,0.08568238
0.69665647,0.76789194
0.68525463,0.81197923
0.49906951,0.48532185
0.83372861,0.79078865
0.77769625,0.65116352
0.86519426,0.96470785
0.43148547,0.55118233
0.65759951,0.78396225
0.86555678,0.77738202
0.80865252,0.86583269
0.74703538,0.84166664
0.73638606,0.70324481
0.90476763,0.94711012
0.67490000,0.85160482
0.88659286,0.93683344
0.72713149,0.58848786
0.86956596,0.88028342
0.91550773,0.84917581
0.59817159,0.70565295
0.56469786,0.41524440
0.31808499,0.54964250
0.55384487,0.69148803
0.83801872,0.95602828
0.86528856,0.83180285
0.67013562,0.79387879
0.39606124,0.47865498
0.62612826,0.90606135
0.90586036,0.95982093
0.84785718,0.81467670
0.84614819,0.78690267
0.41717899,0.17064413
0.79108030,0.84632868
0.90622526,0.93790323
0.79620993,0.85245901
0.75365537,0.47078872
0.90376216,0.84759617
0.55176538,0.76904571
0.62061393,0.67385155
0.71326292,0.73476619
0.81604272,0.88548368
0.63844126,0.70113432
0.79449141,0.84885603
0.84016722,0.90338469
0.87511516,0.82758075
0.64003998,0.52502859
0.77823424,0.65216792
0.67364836,0.62694097
0.84245062,0.83595008
0.79815120,0.93602693
0.86485893,0.83276290
0.86421865,0.85947710
0.73802966,0.79183537
0.89754224,0.95738298
0.54230833,0.66735572
0.54329300,0.64438772
0.76617467,0.56597847
0.79908365,0.64929682
0.55684346,0.61122042
0.66691816,0.66178775
0.82793540,0.65776700
0.86907941,0.89681071
0.80223662,0.76346344
0.84946418,0.95932311
0.87641740,0.92198241
0.43460894,0.48826945
0.13993742,0.10680799
0.67148829,0.68948412
0.27308676,0.29136214
0.82791525,0.97972971
0.81479484,0.80772376
0.80002540,0.76360542
0.84953266,0.84191996
0.81801331,0.77688491
0.73893374,0.78312802
0.85702735,0.84217387
0.86011994,0.90997022
0.87209034,0.90726715
0.91334909,0.93198651
0.88095206,0.81842673
0.83480155,0.79706222
0.76713711,0.80172646
0.32825375,0.31707820
0.88349336,0.95548791
0.74791276,0.86841512
0.81043202,0.84227818
0.86732304,0.84136605
0.86837548,0.84452415
0.86035806,0.83379704
0.64929497,0.80149972
0.49271661,0.48747450
0.89813781,0.98148149
0.81154001,0.87855417
0.79028469,0.64632630
0.18353231,0.13333993
0.57248271,0.59449309
0.70924383,0.80787051
0.41199726,0.39782366
0.85660440,0.89029396
0.76493347,0.83938628
0.49455976,0.47833067
0.63341457,0.68499780
0.67559057,0.60607290
0.87300962,0.93123323
0.88760000,0.86792201
0.86139262,0.88176209
0.50088191,0.62249100
0.82925504,0.87446427
0.80327821,0.85988402
0.68107408,0.83945477
0.80345362,0.92678893
0.61045915,0.45893669
0.80053920,0.76620084
0.73031771,0.65751547
0.91297632,0.86638761
0.86255962,0.93196636
0.71506357,0.91527689
0.48585033,0.43201447
0.48466295,0.69329590
0.83190268,0.82569033
0.89043492,0.90167713
0.89194566,0.93781269
0.76378918,0.99166667
0.12074037,0.07119388
0.83778501,0.91083103
0.71064252,0.85227573
0.25595629,0.22015037
0.47464728,0.33580360
0.74883670,0.71583664
0.72010350,0.69845706
0.86484224,0.93265718
0.77500731,0.74616790
0.32750124,0.17975725
0.43150294,0.64841282
0.53566259,0.58648145
0.77087706,0.76639825
0.63366264,0.58259737
0.72185767,0.57789510
0.77391380,0.73101193
0.87181753,0.88887489
0.89534044,0.92653334
0.86187202,0.77204609
0.86549836,0.94158655
0.75615907,0.73460716
0.84336632,0.85845518
0.88823187,0.96074772
0.76395237,0.76332963
0.86882865,0.92130870
0.68520647,0.63106823
0.72555941,0.86904764
0.69916481,0.62137681
0.70056254,0.69717968
0.52346885,0.62352329
0.86227310,0.19285475
0.70332712,0.93114913
0.60369992,0.67452687
0.90918249,0.93856800
0.39670950,0.34905660
0.81262559,0.75569052
0.70539367,0.56770831
0.87957633,0.92663145
0.87634802,0.94022715
0.70538634,0.67264873
0.89171165,0.88423645
0.79525417,0.86261904
0.67678487,0.60852438
0.54665279,0.53065002
0.69328994,0.68030012
0.37718636,0.47194296
0.88583678,0.93220341
0.81124765,0.89097673
0.74425954,0.66884613
0.87697589,0.88850945
0.82429314,0.88932097
0.25919425,0.16695653
0.64346349,0.61830258
0.60595524,0.67327338
0.73714960,0.85753751
0.65085608,0.53779238
0.75983715,0.86649662
0.90235865,0.89299858
0.85880971,0.96202534
0.61273372,0.57181078
0.63784492,0.60144925
0.84241462,0.85056043
0.81960022,0.78023899
0.89640290,0.91588992
0.34025696,0.28081399
0.72973454,0.75372505
0.77740252,0.80725032
0.69823730,0.72609496
0.87922966,0.98553824
0.83960962,0.78690523
0.83355886,0.88962543
0.21943443,0.12251612
0.90018708,0.96561623
0.75406867,0.81306690
0.88424712,0.93226063
0.78320247,0.90780938
0.79243904,0.95410550
0.39250550,0.50064051
0.81654859,0.17005523
0.77090597,0.67373949
0.85807860,0.94060165
0.84556025,0.84559554
0.19058172,0.26626548
0.89787179,0.94038880
0.75071770,0.93379462
0.81093794,0.86828297
0.82667220,0.93649572
0.88354099,0.87033379
0.36826891,0.30239484
0.42940480,0.75320405
0.60350877,0.64618421
0.79980379,0.80412138
0.76080233,0.84704185
0.91798741,0.96123320
0.90181649,0.99000001
0.62266767,0.79330862
0.85042667,0.84130782
0.51332062,0.56824267
0.89504856,0.93353629
0.88029295,0.94065863
0.73138654,0.83396387
0.93089753,0.86737651
0.87703037,0.93076921
0.81283063,0.81203127
0.88043207,0.91948223
0.89317358,0.96731538
0.67565125,0.66242820
0.66348708,0.50470990
0.89581466,0.95643938
0.59748244,0.72128850
0.83082980,0.84586579
0.80305189,0.76629037
0.83355248,0.91518635
0.83494407,0.65751314
0.70002681,0.86267960
0.92370552,0.92284340
0.70587593,0.71982896
0.42415714,0.44666255
0.73026639,0.80244207
0.42975825,0.55172747
0.84330070,0.89200079
0.65466690,0.57812291
0.64896429,0.70387191
0.73904020,0.35829931
0.84691238,0.78926712
0.45958680,0.62279826
0.68312150,0.63501704
0.86999178,0.95910424
0.72396392,0.80791867
0.44751948,0.37608716
0.74245292,0.60309088
0.40645945,0.67371470
0.74438483,0.80536258
0.73646265,0.70601851
0.81923813,0.77915603
0.43960732,0.49406329
0.78027833,0.89151007
0.91383344,0.94268775
0.64452744,0.73738050
0.84611863,0.92052633
0.85322064,0.83014584
0.48798460,0.46121386
0.86301142,0.83173078
0.84767079,0.88455808
0.64887500,0.66780853
0.86956948,0.95223755
0.58431947,0.83463120
0.65497434,0.56047386
0.64465141,0.71757340
0.42563635,0.27852824
0.17974921,0.19048506
0.75055748,0.73409849
0.87504148,0.93607050
0.74996644,0.67824072
0.28118503,0.52498394
0.64879572,0.47280738
0.73944420,0.77034056
0.69950932,0.58825344
0.70065624,0.51538432
0.48254979,0.48177847
0.50897002,0.58467114
0.86967230,0.90775782
0.90305346,0.92439532
0.71372581,0.67871708
0.66439044,0.68213701
0.65416408,0.80082154
0.58978969,0.75862384
0.27893177,0.33779141
0.87108034,0.98343235
0.78613549,0.88749582
0.75766414,0.73438913
0.77367496,0.72330016
0.69666398,0.67253858
0.78859776,0.87918276
0.29812342,0.28183806
0.89447719,0.97442567
0.77807987,0.69661677
0.89839345,0.94012767
0.89249462,0.92631358
0.85507673,0.88204587
0.87337661,0.93467259
0.20988013,0.41041511
0.80673045,0.91388887
0.83272570,0.84910339
0.86177748,0.96799505
0.87762517,0.92860109
0.68760300,0.83098817
0.86449540,0.93587887
0.89847279,0.96623707
0.82224333,0.91050261
0.69371587,0.90038919
0.68482238,0.86312574
0.79881406,0.82508343
0.82415372,0.88796860
0.50223571,0.39896694
0.36536133,0.33061740
0.77758408,0.88319206
0.43160355,0.41717896
0.37955117,0.55536669
0.92420179,0.90886855
0.78884125,0.57984751
0.91043836,0.90169120
0.80869061,0.81267005
0.89835012,0.94749999
0.78067786,0.84824699
0.86843801,0.91906285
0.81074935,0.81047422
0.90991217,0.97802615
0.78614616,0.91478366
0.45421523,0.44305736
0.50750440,0.78115833
0.87047714,0.94915253
0.79928654,0.87132651
0.64238769,0.69052649
0.75133246,0.76175255
0.68632287,0.71315020
0.53875625,0.58285314
0.64556468,0.52807713
0.87250292,0.98107141
0.64403814,0.65546507
0.47390634,0.44111520
0.59019262,0.56628370
0.55825603,0.73233843
0.92158532,0.96042806
0.60540491,0.55050504
0.63776505,0.66516650
0.84597701,0.86129528
0.82196957,0.82908076
0.72893476,0.74611723
0.54558611,0.76525813
0.82777709,0.90927100
0.59248000,0.60400087
0.80430073,0.94416016
0.83015591,0.66264325
0.82957917,0.09637783
0.92499691,0.96862489
0.77651256,0.80731523
0.81516975,0.92791831
0.66577095,0.55941457
0.64137596,0.60825813
0.82946974,0.86800700
0.87050766,0.97567004
0.83032030,0.66535783
0.76408577,0.72670645
0.76663542,0.86571139
0.86647815,0.91038311
0.78176403,0.59109044
0.76394314,0.82247573
0.42231226,0.45888653
0.88412267,0.91079795
0.53505385,0.49548846
0.81946808,0.89794171
0.11645095,0.11910129
0.92954797,0.89069951
0.19512497,0.15725546
0.89004183,0.96538460
0.86350703,0.94564301
0.75741392,0.71695369
0.81367069,0.62296212
0.53054577,0.53124499
0.67158943,0.65715879
0.72613317,0.66834688
0.40309989,0.21868169
0.64052969,0.55416667
0.41946125,0.43706784
0.82567453,0.80063033
0.89450490,0.90268874
0.68448114,0.60752630
0.52805138,0.61615503
0.40388221,0.37033582
0.56944358,0.61427045
0.86664546,0.97887844
0.84169787,0.90608376
0.56743932,0.56728727
0.92115092,0.97202671
0.39401793,0.35575166
0.84404820,0.92224234
0.54560196,0.63843971
0.29790395,0.30286923
0.84402299,0.91054130
0.63659728,0.68342865
0.38509363,0.28797027
0.28758758,0.20291358
0.88924962,0.86948252
0.85206980,0.91682285
0.86920762,0.78800392
0.87593246,0.87119436
0.42163849,0.43287298
0.71737105,0.70836127
0.21531077,0.32228628
0.79265207,0.86419630
0.22719483,0.16025908
0.74111074,0.74384892
0.83858824,0.81542057
0.48761010,0.58880627
0.74078399,0.76590323
0.90999979,0.99206346
0.65800798,0.77681589
0.57782251,0.50917512
0.74460644,0.85952008
0.63579559,0.63465470
0.81410629,0.88424534
0.83382899,0.63328665
0.91012114,0.94574910
0.19065832,0.11811777
0.90028012,0.91740221
0.87755561,0.90386921
0.89740199,0.94970340
0.91917568,0.87843370
0.46177965,0.39732978
0.87213475,0.84708250
0.82035679,0.80015755
0.49518347,0.55821848
0.88326228,0.39024442
0.75967127,0.84693062
0.65149069,0.69758278
0.82376379,0.93098426
0.85282457,0.82907850
0.88736433,0.99166667
0.90444785,0.97223514
0.23169820,0.24435264
0.47191328,0.42901236
0.85196322,0.82156307
0.28413615,0.35357124
0.82644516,0.92150867
0.81450838,0.56147814
0.42056435,0.23245470
0.57669783,0.48848704
0.91170603,0.92389894
0.88888770,0.95277780
0.66750145,0.76972771
0.73100489,0.67172754
0.82507986,0.84837419
0.81254739,0.82475513
0.42148000,0.23030707
0.85710609,0.82152689
0.75323570,0.76228070
0.29932183,0.28620270
0.73098999,0.66100800
0.60373372,0.86522591
0.52806056,0.36501867
0.80390614,0.94780713
0.66354388,0.69999999
0.86224037,0.85361654
0.83522952,0.97650141
0.43501806,0.64468789
0.42523241,0.61029834
0.82294577,0.73559529
0.85839206,0.93532604
0.81003624,0.70510715
0.89369875,0.90939397
0.83532810,0.91705018
0.84735793,0.85875821
0.19828163,0.34002978
0.75346005,0.95213205
0.89460284,0.98165137
0.27840438,0.30604681
0.35777462,0.25812802
0.68469030,0.82496858
0.62137562,0.51854765
0.66458249,0.76430041
0.84404713,0.93725395
0.34863138,0.33801779
0.63592273,0.63362235
0.56574577,0.50731504
0.58658004,0.62807781
0.81500107,0.87558323
0.85407174,0.94364434
0.86231601,0.75039101
0.73138839,0.74451780
0.88379866,0.86319327
0.45932561,0.38241962
0.72197706,0.81843013
0.87786180,0.86405939
0.79038393,0.86405599
0.37186509,0.43701848
0.89935184,0.87335420
0.63019973,0.50978321
0.90703505,0.81202036
0.87387282,0.88600940
0.49517423,0.50539047
0.87472808,0.85573643
0.83420902,0.91987669
0.84874946,0.88797641
0.63833070,0.70683777
0.82363099,0.79020047
0.84479505,0.73596215
0.83393729,0.94090211
0.90441936,0.94067794
0.92905605,0.95086616
0.67379880,0.59285712
0.73060042,0.86079091
0.64089769,0.49104384
0.80303967,0.81961870
0.78000057,0.82330829
0.84267610,0.87552047
0.74288195,0.78884101
0.83274305,0.79976088
0.75620002,0.82835734
0.71024531,0.71350086
0.80875170,0.86343962
0.69063371,0.59022194
0.79591906,0.72376144
0.84026736,0.77212322
0.85200840,0.87821120
0.61504984,0.67949569
0.90413684,0.92183858
0.76784712,0.56200981
0.44290632,0.54360116
0.51214099,0.48100710
0.58533525,0.50808626
0.60341871,0.63141090
0.82855523,0.97427428
0.72113734,0.64895022
0.84764516,0.92226720
0.84790075,0.91636389
0.78618103,0.70371795
0.21190010,0.17081459
0.75025141,0.66695982
0.64127696,0.71938390
0.89779973,0.90761811
0.76693761,0.71532935
0.73134899,0.88697839
0.79587090,0.82639384
0.88991207,0.94949025
0.88868976,0.96667588
0.76551551,0.86410254
0.72083765,0.78773451
0.65346545,0.77489179
0.23451598,0.21120690
0.83023077,0.79312551
0.81920213,0.70562029
0.90252370,0.87896007
0.72479635,0.91606569
0.86830276,0.90378344
0.75810200,0.90067273
0.88620591,0.91130340
0.86432642,0.84284276
0.72336882,0.87324744
0.88275176,0.93165481
0.59850347,0.54390246
0.88903326,0.85810858
0.86919051,0.89733505
0.79002291,0.70793337
0.82114321,0.95843238
0.27281070,0.05111977
0.71706426,0.58055115
0.57115918,0.60134947
0.27784067,0.17964554
0.87824267,0.98333335
0.32189655,0.27774772
0.85844016,0.93567622
0.29074568,0.21625404
0.21827827,0.15141453
0.75620759,0.85147029
0.81319827,0.92382288
0.62185723,0.73685557
0.78620660,0.71868426
0.42517382,0.44562212
0.69252491,0.66638315
0.84877831,0.86071163
0.72963697,0.67451662
0.12007619,0.13947834
0.24671017,0.26940882
0.89905465,0.95736259
0.92115515,0.94181597
0.91183257,0.99242425
0.86709648,0.92092192
0.65037858,0.66526419
0.89224625,0.95984846
0.74912065,0.69779003
0.47754925,0.38681319
0.36863580,0.32338411
0.84395546,0.80857682
0.36973822,0.53040332
0.85545021,0.86771774
0.88313109,0.87664849
0.13884707,0.18619974
0.43176991,0.49730280
0.72687173,0.88230950
0.65841633,0.72491962
0.71502310,0.67751479
0.52688438,0.62500000
0.37828326,0.64033121
0.86766398,0.90594268
0.65280783,0.68416995
0.27994025,0.33631256
0.77364719,0.84237599
0.60197026,0.70284545
0.85565698,0.87696075
0.68768114,0.81707221
0.89296657,0.98026657
0.90361381,0.93594086
0.69441557,0.68148047
0.82808059,0.85499483
0.75810772,0.55622739
0.36512101,0.65000129
0.29308075,0.44748220
0.34272119,0.29259095
0.42538691,0.36457625
0.86868811,0.95988846
0.85602403,0.90913469
0.89416140,0.94531852
0.75758690,0.73246604
0.77814943,0.83462989
0.57541567,0.71052945
0.86450666,0.94230771
0.68100196,0.66252059
0.84526199,0.90287155
0.77335227,0.75985974
0.55830717,0.46171406
0.35011369,0.31956398
0.81950790,0.85933375
0.50675857,0.76866412
0.83270025,0.94714755
0.80892420,0.87915987
0.88509518,0.93169492
0.85427582,0.86261386
0.48016334,0.19632471
0.82835108,0.90105909
0.70019895,0.72031099
0.74463141,0.76688313
0.88904858,0.96012962
0.89651042,0.86866605
0.80201370,0.90585440
0.88125962,0.93271685
0.82065350,0.88478261
0.87328625,0.86176914
0.55049515,0.51347333
0.83875924,0.93015492
0.70411718,0.68921834
0.54571515,0.79513890
0.62796855,0.59012729
0.47163922,0.62888986
0.91410685,0.89901131
0.84620720,0.76649535
0.80449677,0.82911712
0.82092708,0.88514960
0.78523535,0.89969790
0.75868636,0.76841235
0.85371983,0.84677452
0.72819149,0.64934814
0.81699646,0.76868510
0.46473372,0.61119562
0.92124653,0.97107846
0.58137631,0.63371974
0.81955224,0.89817280
0.31045175,0.68898940
0.80458587,0.81780916
0.30579907,0.25656238
0.79137856,0.84428668
0.83417207,0.85637277
0.82350630,0.81129110
0.79926109,0.89091057
0.17386921,0.20130895
0.92041248,0.94965976
0.86682719,0.91128057
0.84025842,0.81745720
0.54041392,0.54087633
0.76266992,0.84246558
0.82720262,0.78334731
0.52844197,0.60525763
0.83609056,0.62561375
0.90482306,0.90607119
0.87199271,0.91905630
0.86574709,0.85009265
0.88406670,0.96336478
0.68024212,0.71349239
0.10131459,0.11315766
0.54392225,0.39373800
0.25590998,0.18446052
0.61954230,0.75481474
0.87227750,0.97979796
0.82494277,0.89345986
0.82970363,0.82663476
0.57936007,0.29397160
0.57994831,0.62876254
0.38784748,0.28677204
0.80538994,0.73443598
0.91166925,0.95912063
0.78955716,0.83815354
0.87875718,0.94038206
0.24908094,0.37639332
0.90707499,0.86912143
0.67531192,0.66216218
0.37849796,0.42071429
0.82486719,0.90442324
0.72338694,0.81430185
0.79246300,0.84434795
0.47674066,0.38420847
0.71021307,0.65241379
0.25872463,0.28744543
0.87632984,0.89842528
0.53229022,0.22208612
0.71710527,0.88827115
0.89780933,0.92057413
0.90050381,0.93169284
0.62413472,0.71136886
0.74801767,0.72549576
0.86646700,0.82310528
0.73894781,0.82157713
0.85787821,0.91352737
0.89561099,0.83189255
0.65713191,0.50598788
0.40875196,0.52617741
0.69971609,0.89521056
0.52851737,0.47556207
0.86069554,0.90490377
0.59978139,0.65470612
0.59688711,0.77047533
0.88480210,0.94232351
0.89605951,0.92753059
0.87802643,0.89827532
0.55778074,0.48258558
0.91980958,0.93193859
0.53609121,0.52693659
0.74982566,0.74553573
0.72709763,0.66983384
0.58785725,0.59997392
0.87030756,0.89775598
0.49272895,0.62719846
0.71473575,0.81560630
0.80161214,0.70691872
0.10427190,0.06146450
0.86880445,0.73465145
0.62758976,0.85437572
0.47342449,0.60141242
0.89597291,0.92879355
0.37242538,0.55277306
0.40451038,0.42435005
0.61925709,0.61499906
0.50609916,0.56885421
0.62853819,0.73046875
0.90061021,0.99295777
0.87020379,0.94686663
0.63057852,0.84868419
0.84454554,0.87420022
0.87812257,0.84413356
0.73226750,0.71263474
0.88157278,0.96101540
0.69100893,0.67569047
0.78829670,0.76929212
0.82510501,0.80854803
0.83537692,0.70490855
0.39753368,0.46597019
0.75452417,0.84792453
0.84210593,0.80308068
0.83292657,0.97528517
0.84683591,0.85825270
0.73774725,0.81442559
0.88194376,0.98765433
0.64498204,0.87371445
0.86873966,0.89968103
0.89846349,0.96111113
0.87498802,0.88765866
0.88910818,0.90612924
0.43288791,0.47920039
0.84986889,0.86153930
0.74410695,0.73372692
0.84877974,0.86213523
0.54666978,0.48991859
0.74314648,0.81857145
0.92202169,0.95981508
0.88835055,0.93555748
0.77048028,0.75470591
0.86865455,0.99586779
0.18437485,0.15128127
0.79827762,0.93831909
0.55455053,0.65180963
0.76009828,0.73469114
0.73677659,0.73667657
0.88664562,0.95084673
0.48964691,0.45411944
0.68465531,0.82596397
0.91636831,0.91558367
0.87408185,0.87270057
0.77426368,0.79986250
0.90092927,0.92148459
0.90827018,0.92151356
0.42402059,0.49974844
0.86830634,0.84275365
0.84860259,0.85395765
0.86386299,0.81715631
0.55344152,0.60693753
0.89331460,0.95842308
0.55833411,0.32973275
0.91447955,0.95446908
0.85190254,0.95598608
0.81479168,0.78623497
0.56423706,0.52014506
0.86563176,0.83970904
0.66480482,0.63051218
0.76880097,0.88158399
0.74075335,0.61583138
0.88530350,0.95565987
0.78125679,0.75523072
0.84169501,0.67953658
0.50437796,0.53720492
0.87342006,0.94218749
0.64006764,0.66828531
0.84173268,0.89803207
0.74560457,0.72039056
0.90769732,0.95181960
0.60976231,0.57788283
0.26455888,0.19792528
0.81804258,0.86498845
0.89386910,0.83672267
0.83015758,0.96998775
0.30323219,0.35605732
0.52708727,0.77120531
0.54548442,0.59340554
0.82323879,0.92227584
0.60205990,0.70291263
0.61510831,0.47399795
0.63091648,0.82838124
0.86791700,0.96343940
0.62537527,0.73905796
0.77430785,0.80588073
0.39384791,0.68041873
0.54186386,0.52807361
0.81053656,0.84815532
0.65152794,0.61597735
0.88579303,0.92333215
0.38325369,0.36546922
0.90802944,0.70270622
0.57899135,0.30880341
0.87521321,0.96578383
0.64446831,0.78835350
0.83133829,0.90789402
0.87963349,0.94718617
0.84898943,0.95959967
0.80645305,0.87348652
0.73546737,0.84302080
0.31318402,0.25022730
0.86139882,0.92284918
0.23107882,0.31365532
0.35831466,0.27681780
0.89467001,0.95272404
0.48124939,0.23379037
0.44018209,0.17387006
0.90703934,0.94375002
0.81950706,0.80404592
0.79812926,0.89114791
0.87505347,0.94414365
0.74702394,0.81688803
0.32567701,0.26702121
0.82304758,0.86121500
0.83596617,0.93752176
0.61929560,0.60269165
0.85648948,0.83144921
0.83393592,0.76140672
0.39642802,0.25086823
0.65007305,0.78410792
0.77281362,0.85786331
0.47939819,0.29281345
0.58020735,0.70345747
0.74833035,0.90486759
0.50215548,0.47359255
0.51726490,0.75320292
0.86736244,0.88372147
0.90609008,0.96178764
0.80130118,0.80204189
0.16748510,0.21891502
0.82897121,0.88470757
0.89645892,0.95590001
0.58677161,0.72039109
0.07851072,0.13315079
0.85581857,0.88758594
0.86666423,0.86063218
0.80065387,0.73494339
0.88106304,0.92040634
0.86912119,0.91938025
0.48715097,0.26233122
0.60502565,0.35845995
0.29706389,0.29174992
0.59285742,0.74594754
0.83527058,0.86434209
0.84488076,0.68731707
0.74225539,0.73861116
0.73763245,0.79933137
0.82125574,0.87618434
0.86353612,0.91233575
0.81361628,0.90985346
0.89510244,0.95246643
0.76809877,0.88553327
0.38339651,0.30136934
0.69586474,0.69969070
0.36546636,0.59131038
0.74316233,0.92737734
0.91043717,0.90550238
0.36062139,0.32065657
0.19186001,0.12341198
0.50833058,0.63449591
0.63792825,0.56483519
0.80455643,0.79153407
0.73328716,0.75685716
0.81600267,0.85959321
0.41483682,0.32328284
0.92335266,0.97483182
0.84017867,0.93755800
0.81280249,0.75008893
0.60175967,0.54827785
0.69417518,0.77899390
0.82750291,0.86642855
0.81549174,0.85757929
0.76743752,0.80524760
0.89634520,0.89142627
0.76523268,0.85637563
0.61471879,0.55213892
0.76309621,0.79657477
0.75275129,0.93150687
0.59833598,0.64687014
0.73969734,0.81788236
0.84917521,0.93490839
0.69348401,0.60836816
0.70770115,0.75797695
0.35464868,0.37491038
0.87258804,0.84554595
0.76691705,0.94024563
0.90139216,0.89032346
0.89582920,0.94315207
0.75040311,0.70266181
0.19182141,0.17724867
0.85374337,0.95757121
0.73269492,0.66002661
0.88806909,0.89160919
0.71394092,0.71016461
0.63019449,0.17304045
0.68334764,0.63766545
0.68651319,0.65249920
0.77697438,0.79832476
0.82719362,0.75634831
0.82494801,0.93308949
0.78996813,0.91925669
0.74356467,0.61354744
0.71055108,0.71067053
0.63859928,0.49853435
0.88156980,0.96987951
0.49963683,0.47457367
0.82038641,0.46507189
0.89167148,0.95709866
0.85069627,0.84032446
0.76706845,0.79147798
0.22360297,0.22571428
0.43587524,0.62316215
0.84933066,0.94026083
0.88053197,0.95509452
0.78291279,0.91946626
0.92393923,0.86271608
0.74126238,0.67736185
0.39443856,0.29299012
0.88921160,0.93160981
0.87372047,0.84429461
0.88980836,0.93079340
0.90095150,0.92286462
0.37506014,0.27491388
0.46774745,0.47344095
0.19343339,0.27841941
0.59219933,0.48061144
0.90162522,0.93051064
0.80423743,0.75789320
0.84822547,0.94412440
0.69860703,0.77607644
0.47377968,0.72667122
0.62373376,0.69301343
0.23317663,0.17293985
0.86222440,0.96814185
0.80309743,0.82575756
0.68321049,0.72635400
0.62898272,0.86697614
0.69440848,0.31173092
0.22547655,0.39001819
0.48036546,0.16899768
0.86347800,0.85553277
0.63883483,0.81164742
0.21819527,0.16834933
0.51800537,0.42169273
0.82348353,0.80127829
0.83886158,0.89919740
0.73147488,0.79312229
0.58321565,0.57057905
0.88565797,0.88174176
0.68332475,0.85781008
0.54339159,0.64401621
0.76985383,0.83227658
0.86601239,0.95726961
0.90286416,0.91936576
0.68781692,0.83569002
0.69295901,0.68053460
0.86444986,0.80092055
0.84821421,0.79621947
0.78688639,0.63051528
0.49083531,0.36483938
0.82998502,0.93216443
0.63276577,0.86294699
0.88771468,0.85502547
0.46172649,0.61018181
0.47963977,0.49695927
0.35808653,0.32577950
0.79027992,0.82228351
0.86643595,0.87309384
0.82598710,0.95283973
0.21755271,0.26299021
0.71527380,0.89971167
0.60104996,0.33002645
0.78760856,0.84373164
0.91261035,0.92684191
0.71873033,0.87118959
0.63396370,0.69461000
0.87982792,0.88480371
0.77110231,0.77288473
0.57484275,0.62577182
0.78905779,0.84312797
0.80425674,0.85797119
0.79610354,0.82330436
0.81830251,0.95151877
0.83057874,0.69807410
0.69938111,0.72405922
0.76231688,0.77265352
0.76734048,0.67525947
0.73519367,0.83003324
0.51026386,0.62389106
0.79620260,0.75815243
0.45095885,0.28270778
0.84311050,0.77167141
0.67730898,0.65917218
0.87961560,0.93516433
0.80501539,0.93100321
0.89871734,0.87618065
0.75050551,0.81323248
0.63164949,0.52777779
0.67875290,0.84273905
0.85659510,0.92441005
0.55898654,0.58058608
0.84233034,0.92202109
0.88752687,0.92261904
0.84233314,0.92895114
0.84572619,0.97321427
0.89190334,0.94377512
0.73353660,0.76018411
0.70447934,0.67623830
0.73681664,0.89098436
0.86704707,0.91602188
0.13832901,0.17230944
0.64551735,0.32973078
0.60403341,0.81386065
0.38625300,0.27668396
0.87101763,0.87431556
0.73766047,0.56918818
0.57104474,0.42682275
0.72990888,0.63289338
0.61025071,0.77915019
0.84908074,0.60599780
0.86756957,0.88887203
0.88635689,0.87887549
0.81597310,0.86881334
0.82338625,0.84907150
0.86478299,0.91576087
0.45686471,0.28926456
0.65293884,0.47911146
0.61796594,0.72467917
0.48036146,0.25419217
0.53870207,0.47933921
0.68298048,0.79894364
0.91555524,0.92743337
0.80072212,0.64779776
0.88147241,0.84539419
0.87087446,0.91399813
0.76285440,0.87271202
0.84547633,0.89002138
0.74486113,0.66373658
0.86975139,0.95114291
0.78568274,0.88769233
0.83763283,0.90360600
0.86710185,0.90453696
0.80617052,0.87023139
0.50442642,0.56904960
0.33555114,0.16021530
0.70838565,0.58776891
0.64706695,0.71616167
0.55579644,0.37820470
0.79586881,0.65054834
0.47026122,0.50625002
0.87141949,0.94345587
0.40655512,0.17151481
0.57612848,0.46443731
0.87521070,0.88044626
0.69420683,0.88876408
0.21731514,0.11137762
0.68709880,0.82759631
0.46803600,0.33913177
0.34917951,0.40757680
0.73304218,0.59522474
0.92156118,0.82589042
0.89873540,0.89339018
0.85988003,0.93048781
0.83595735,0.87427169
0.78934449,0.87892240
0.90703237,0.87680632
0.58671826,0.65094632
0.83619964,0.92667466
0.87634218,0.82291138
0.91716325,0.93553358
0.71076232,0.88555944
0.90766960,0.91696113
0.77496988,0.72555214
0.26029891,0.28170526
0.32346302,0.37861234
0.70027405,0.80787998
0.79959255,0.75822806
0.77035737,0.76342481
0.89084774,0.92787415
0.18065317,0.25668153
0.82394701,0.90701222
0.35177964,0.44807673
0.71935743,0.81018358
0.89609867,0.91454196
0.51305956,0.38902196
0.59917945,0.68171883
0.77856958,0.94202447
0.83265996,0.88461536
0.40850610,0.61678380
0.82033366,0.81605130
0.80308050,0.85770750
0.64339715,0.76175278
0.89521986,0.84337181
0.81147778,0.74940479
0.51830798,0.31749630
0.87921745,0.93988925
0.38272089,0.40856928
0.58827001,0.61964816
0.86393374,0.84441388
0.33041045,0.26264372
0.72541195,0.81456357
0.88426036,0.94091511
0.89132935,0.94483697
0.58664215,0.77436751
0.80153984,0.73497641
0.81440556,0.92367995
0.64088494,0.77442616
0.93166083,0.94002044
0.63472462,0.63948178
0.47586221,0.29001552
0.45542878,0.47703418
0.40570468,0.46399826
0.34289253,0.37721276
0.83381706,0.78236324
0.87445444,0.92214078
0.32893315,0.27103627
0.65725768,0.76398522
0.78987324,0.67205632
0.79728460,0.83523494
0.74644446,0.64715928
0.56041938,0.51620871
0.44920933,0.32157460
0.40361613,0.45544040
0.87372595,0.87108934
0.85129958,0.89443016
0.80042827,0.83858269
0.62613779,0.57860529
0.85051018,0.88908589
0.83574933,0.89660627
0.91014999,0.92574090
0.52568132,0.54323483
0.68512243,0.60007393
0.88435841,0.91481650
0.77309543,0.81704611
0.72654140,0.58841795
0.85243791,0.88918424
0.87927181,0.91494471
0.64345807,0.68860352
0.54714352,0.52295959
0.85027045,0.88658679
0.89073849,0.94576925
0.67193013,0.49879763
0.89822197,0.90279007
0.86111683,0.88721806
0.80023408,0.81605262
0.76501292,0.87434340
0.84163278,0.90211141
0.81383413,0.77503872
0.71676940,0.71505392
0.86837983,0.88430274
0.75932127,0.92897898
0.82687110,0.90256023
0.38617867,0.40279752
0.78906006,0.84916544
0.82351041,0.83684731
0.72028941,0.70334005
0.79343414,0.87882924
0.78437185,0.87598771
0.40358841,0.31770834
0.66634941,0.28206921
0.80856842,0.89248365
0.67330486,0.85238957
0.15000023,0.05983176
0.87199694,0.85267913
0.81519479,0.77992070
0.83870190,0.86928755
0.86533284,0.96528614
0.72933406,0.71977520
0.91459531,0.96238422
0.82704812,0.85739511
0.77032602,0.78503537
0.57634580,0.79966629
0.88973993,0.93440080
0.90101677,0.92379886
0.87020808,0.98342597
0.33028564,0.20089869
0.86148697,0.90116090
0.75053972,0.69155842
0.74450243,0.78557223
0.86649078,0.89515465
0.83342481,0.93720782
0.79909629,0.92423284
0.89185947,0.90575522
0.24237461,0.13828705
0.80541539,0.86878383
0.55475754,0.60396838
0.88703626,0.96349204
0.74175185,0.51846373
0.87328672,0.93656617
0.90008110,0.89278406
0.77506930,0.87902308
0.30613357,0.30046332
0.73226929,0.53138095
0.91646141,0.87888008
0.63784266,0.75535089
0.87783521,0.93247199
0.75709921,0.79126173
0.73146623,0.76397306
0.31669796,0.49263170
0.75909060,0.87048954
0.44799626,0.31396824
0.81268305,0.84852940
0.79174101,0.83923560
0.79900020,0.77722436
0.67539859,0.54607058
0.44102758,0.39491045
0.18588300,0.36439809
0.88286620,0.92298979
0.43928885,0.35971594
0.82168543,0.66836733
0.67248148,0.82934022
0.78969961,0.74916667
0.61974275,0.56794870
0.19112526,0.26325795
0.35725921,0.32736620
0.34126669,0.47069946
0.81314880,0.84627378
0.22644074,0.24463277
0.87237674,0.89110482
0.76825333,0.88505620
0.91163152,0.94174266
0.29788166,0.41137549
0.70587409,0.91608393
0.80776417,0.79931033
0.61310947,0.51875001
0.89719039,0.91388160
0.86156744,0.92925030
0.74809998,0.78833914
0.78336686,0.79221088
0.32820243,0.35390970
0.77619690,0.81076223
0.74483663,0.05911645
0.89947695,0.91886663
0.64632517,0.56222737
0.61272532,0.68636763
0.83336967,0.95931786
0.33349055,0.32346126
0.76020807,0.78118002
0.61950064,0.85876667
0.87865353,0.88779765
0.70128459,0.71874297
0.54688221,0.53004801
0.88514966,0.95449668
0.76950961,0.79494876
0.87266821,0.87537640
0.80035299,0.86697876
0.90809429,0.93665755
0.89874405,0.90814400
0.51701033,0.65395433
0.83182114,0.89931768
0.23851441,0.18908121
0.73829442,0.82154208
0.59583223,0.69164246
0.88231403,0.93209720
0.35667145,0.35555893
0.87881446,0.80653161
0.69867843,0.85493028
0.43478191,0.38282001
0.46849531,0.19711182
0.83520436,0.95179147
0.22989616,0.12941177
0.37001634,0.31220102
0.43582988,0.44861254
0.61514962,0.58635527
0.50810796,0.44241595
0.74498266,0.79017901
0.61973017,0.73001599
0.59895706,0.71861422
0.71319830,0.73753810
0.61938286,0.71454597
0.87194914,0.92307693
0.77889055,0.80853629
0.80795360,0.81911242
0.66965002,0.61310273
0.54188901,0.16138309
0.81306285,0.91361284
0.83601040,0.93801761
0.74832791,0.73944688
0.89198142,0.95026594
0.57947367,0.68241286
0.50099647,0.29026577
0.90892380,0.90825266
0.71941847,0.56674302
0.82154995,0.83006382
0.39943194,0.37950405
0.32907286,0.24927419
0.61414319,0.66252685
0.23401906,0.16204339
0.92713827,0.93233085
0.40966320,0.31582168
0.65995467,0.54292929
0.65958571,0.50508738
0.84904838,0.72426468
0.91549838,0.96746254
0.52918863,0.65416348
0.72514975,0.73229450
0.77751607,0.83696705
0.81259358,0.91287881
0.74530077,0.78899848
0.66510838,0.67014772
0.68044960,0.66860127
0.90658110,0.98486894
0.85172552,0.91407204
0.84008944,0.79912353
0.86876541,0.90790600
0.63188696,0.70644838
0.85701472,0.91641748
0.81306654,0.84031063
0.51545888,0.87734169
0.56177217,0.62949657
0.82640988,0.94938821
0.86415648,0.82608330
0.86042053,0.94702840
0.29887134,0.63105524
0.91031647,0.88569623
0.81636423,0.77464294
0.64757824,0.74545455
0.90686417,0.98336834
0.87784743,0.91069108
0.92783648,0.89937484
0.85408080,0.78953713
0.76366389,0.76818180
0.69305521,0.57471848
0.91722155,0.93378985
0.37389839,0.52639496
0.77165878,0.76866150
0.84093618,0.89826912
0.82088953,0.84943604
0.83055091,0.81756449
0.40868700,0.24496280
0.81168449,0.76861268
0.82595563,0.85765803
0.85852236,0.90140927
0.82948762,0.84456784
0.88729054,0.91470444
0.85090059,0.92037565
0.83455837,0.85377020
0.86629111,0.79467213
0.86877841,0.94008398
0.79235679,0.65170592
0.80493027,0.91676092
0.77275580,0.90826541
0.66262156,0.60053039
0.66332996,0.76889235
0.61365086,0.65831244
0.81958091,0.86602229
0.89192927,0.93534577
0.76262361,0.86279762
0.74611586,0.94604290
0.71762234,0.39957401
0.34306896,0.24195077
0.79561359,0.93266457
0.76727957,0.80518061
0.67823160,0.72062546
0.79075694,0.78055555
0.64270532,0.56966841
0.90418166,0.92892653
0.87304407,0.95193678
0.32201451,0.38558289
0.75206512,0.90510201
0.86472988,0.89741594
0.43082261,0.37056318
0.83810729,0.89875025
0.88632852,0.86353403
0.84332341,0.83863795
0.85635728,0.93527162
0.65708536,0.75619966
0.85573959,0.92960197
0.49612796,0.44396770
0.61497742,0.70168668
0.62461364,0.83679587
0.71721298,0.69344342
0.85625273,0.89650995
0.70684719,0.60600597
0.85041207,0.99450552
0.44679230,0.51262629
0.89754850,0.95794207
0.87554377,0.94287515
0.78127581,0.83426428
0.86584038,0.86212325
0.83923060,0.94481504
0.77719110,0.85546035
0.61826438,0.60193843
0.88113695,0.86465520
0.63866866,0.69813317
0.48950934,0.64303428
0.69959921,0.53717440
0.62163347,0.84272724
0.64181596,0.54914093
0.76397890,0.78872246
0.85851127,0.90750098
0.91410029,0.96502912
0.62785310,0.54791605
0.22060327,0.28604645
0.82856876,0.88689107
0.73234206,0.63084817
0.74253285,0.81448370
0.80512464,0.84798652
0.74858636,0.81720990
0.63290012,0.61100036
0.36840758,0.37871712
0.83984143,0.93508095
0.79478508,0.95268255
0.67626679,0.63884330
0.90723544,0.91655874
0.28992915,0.18856642
0.71836352,0.43263334
0.51787442,0.22155657
0.87901872,0.89042938
0.45351171,0.45910111
0.81082088,0.73458838
0.88761073,0.89012313
0.81599462,0.83894086
0.92691642,0.95038587
0.80551368,0.79125559
0.83408755,0.82203388
0.87130493,0.82721812
0.80099314,0.92786938
0.30909410,0.23721561
0.77123469,0.80576110
0.85765082,0.80829614
0.36857325,0.37508041
0.30591995,0.39418384
0.84469897,0.93737882
0.72647405,0.72736418
0.87786096,0.94878781
0.92199469,0.96307963
0.35960686,0.23443674
0.91421980,0.95625705
0.42751634,0.32948253
0.22885199,0.33280957
0.82382542,0.92866290
0.58217347,0.59002978
0.84835458,0.86577785
0.72286129,0.67957091
0.47316176,0.37083334
0.25519294,0.30060565
0.86279750,0.88114440
0.77936310,0.86221063
0.83587629,0.92929351
0.87998348,0.94755554
0.85958016,0.93284994
0.77258688,0.79547930
0.90110224,0.59764564
0.20975657,0.18849500
0.48762530,0.45049426
0.43852675,0.73779058
0.77299321,0.74086756
0.85383683,0.90647060
0.82734412,0.87305856
0.84006995,0.78616065
0.77174401,0.81487179
0.82757896,0.88617051
0.64252090,0.94964349
0.83947676,0.88360649
0.71351779,0.69574910
0.83762699,0.92451078
0.82316506,0.87648630
0.78372878,0.66000003
0.79998165,0.86680472
0.85919112,0.92136472
0.89824444,0.98305082
0.79244274,0.85917401
0.81479305,0.85643667
0.90322995,0.97607863
0.81999999,0.86778843
0.24213551,0.11444855
0.61535162,0.66009390
0.57768023,0.31722808
0.54879344,0.52303976
0.73445433,0.81928641
0.85105175,0.92797798
0.44418591,0.52903360
0.86098707,0.57935721
0.86508745,0.84517330
0.59150398,0.61519480
0.89347440,0.92339206
0.51981431,0.37234765
0.43989873,0.34595588
0.93819571,0.97681099
0.68304336,0.92441779
0.29935241,0.26586309
0.88569027,0.93525636
0.81266612,0.87356466
0.69852966,0.76463962
0.85870129,0.83113098
0.83220923,0.81653941
0.77454472,0.74366540
0.38761967,0.74915254
0.21454312,0.15166023
0.79730952,0.93917751
0.80466193,0.57265884
0.78467345,0.72574067
0.82664853,0.96226418
0.63550025,0.53176051
0.90713668,0.91369045
0.82123369,0.91626227
0.86102331,0.78528452
0.73126757,0.89729768
0.70498759,0.58861798
0.70357585,0.73949623
0.48680782,0.33631712
0.78372985,0.65859860
0.90864921,0.94795454
0.89314753,0.90801525
0.84373486,0.82967067
0.28898856,0.30645886
0.47803140,0.50251269
0.79978812,0.57917917
0.90832186,0.94779015
0.39422315,0.41248873
0.31154767,0.48412770
0.89558274,0.84244376
0.87510723,0.96799999
0.68260974,0.70853096
0.28562236,0.34913969
0.77988082,0.74974638
0.52455831,0.58547497
0.84550995,0.89215314
0.73104674,0.78218085
0.89474040,0.93565577
0.84834760,0.78867966
0.90433973,0.96692306
0.26572329,0.26499084
0.11611928,0.19875507
0.88744032,0.89975178
0.68034154,0.64754456
0.89283699,0.95454317
0.43573958,0.42990908
0.81576973,0.87952393
0.61295003,0.80987573
0.71760029,0.68158633
0.87211615,0.96209157
0.59554601,0.77735543
0.85392922,0.91145277
0.85047370,0.89309311
0.37516141,0.53292096
0.90624392,0.96157050
0.79005998,0.87500000
0.68100864,0.82282609
0.63996577,0.91638511
0.55389506,0.58630854
0.88641286,0.93979931
0.67661119,0.59177703
0.72709525,0.89854771
0.76575428,0.72432882
0.70888948,0.63698202
0.87020725,0.93027323
0.67225653,0.56061918
0.80020541,0.77020580
0.62865013,0.42132545
0.87256581,0.94683260
0.89203912,0.90500355
0.88941658,0.94230771
0.68290907,0.65608561
0.65158218,0.74019837
0.68181437,0.70291167
0.34454119,0.44576421
0.62819159,0.90727490
0.82854068,0.94602466
0.32432097,0.33775628
0.88309407,0.95109040
0.88461268,0.91905427
0.55609220,0.50566500
0.82777792,0.90048444
0.64228213,0.59053195
0.91499180,0.97306174
0.58614248,0.75476748
0.37266982,0.33456340
0.87038487,0.96128732
0.84991676,0.81549895
0.79985911,0.85439688
0.77153915,0.85401893
0.87433350,0.85075760
0.90149897,0.95165145
0.92205715,0.92686504
0.31080675,0.48505858
0.89504653,0.95390511
0.77421004,0.80599838
0.84117800,0.90769231
0.76548827,0.79080892
0.81885165,0.90397990
0.57781601,0.36405113
0.86408931,0.87470949
0.86521727,0.93694389
0.66225976,0.79691780
0.78334790,0.78330952
0.86566782,0.96805274
0.60085195,0.76921332
0.83291459,0.93607086
0.72644526,0.72216403
0.73527914,0.94570917
0.55517536,0.78358960
0.20397685,0.22785492
0.28594685,0.30344516
0.86479837,0.97201425
0.89227486,0.92996705
0.31949419,0.49853569
0.78337663,0.71849275
0.77072340,0.95070422
0.86838084,0.88003707
0.75123805,0.83245796
0.78513300,0.69407368
0.91020340,0.97383201
0.82980233,0.84758884
0.90029144,0.91683120
0.89366251,0.84386200
0.88295108,0.90087718
0.70921618,0.79504013
0.86823565,0.90407240
0.89078468,0.88486165
0.48506737,0.47393841
0.79137236,0.81459248
0.62584460,0.65215379
0.49725646,0.70029688
0.82781476,0.76731455
0.72070628,0.65735173
0.83648962,0.87525922
0.52284741,0.51220894
0.78923064,0.79191267
0.87527949,0.83404255
0.90811056,0.95983928
0.39374048,0.36042839
0.81610137,0.80392855
0.81441933,0.85172158
0.52859837,0.72687620
0.86200064,0.92983389
0.86338395,0.95673680
0.85701680,0.95630878
0.84963280,0.97462410
0.89537072,0.89845413
0.76126796,0.79668605
0.89621979,0.88697374
0.83991474,0.86759579
0.67058188,0.88792294
0.84950894,0.93200159
0.88303494,0.93097031
0.86736566,0.85191262
0.39936525,0.43764684
0.89229280,0.95304269
0.90885627,0.92646158
0.32003486,0.39971015
0.79444611,0.67215383
0.16414721,0.25180703
0.72976816,0.81518060
0.86380261,0.86124969
0.82319534,0.81611842
0.69386911,0.84769130
0.68363160,0.50645941
0.08501051,0.08762792
0.24825765,0.21655035
0.88895530,0.88651985
0.73494488,0.83152914
0.88112313,0.82580411
0.59021199,0.56879222
0.61373073,0.51782811
0.91051602,0.92928571
0.78597236,0.61852694
0.87936968,0.87166262
0.57357961,0.56360048
0.83645612,0.86212993
0.74084932,0.78719491
0.31624830,0.27508554
0.82878250,0.04841315
0.77112919,0.80169010
0.57082510,0.68397969
0.87896073,0.91978264
0.83635503,0.94484937
0.33301961,0.38727298
0.83556867,0.90857321
0.83308977,0.89265734
0.07724358,0.06653640
0.85749155,0.89169848
0.84217721,0.90864319
0.91974115,0.94609249
0.86690301,0.90433514
0.82537663,0.75037980
0.56986845,0.76231754
0.78979301,0.80713177
0.48115766,0.62611806
0.41947186,0.40342155
0.80267495,0.91816008
0.84195906,0.88266206
0.43501556,0.33628988
0.22022150,0.30961546
0.93020427,0.87369770
0.81176978,0.84653473
0.75921655,0.76207525
0.37732202,0.72625697
0.75127524,0.83388489
0.65329057,0.68317592
0.83472043,0.86365926
0.84899014,0.74751997
0.86471671,0.92639738
0.85032821,0.96173269
0.79050004,0.93501294
0.27741206,0.25788260
0.89240527,0.88248795
0.20671929,0.27713567
0.31642377,0.23388544
0.73140246,0.88203245
0.51239616,0.22875798
0.61642092,0.45881549
0.45254302,0.37987551
0.70622343,0.68915665
0.49097496,0.52350962
0.86627787,0.90397918
0.76669139,0.75808090
0.83544773,0.92827880
0.62987351,0.66389322
0.88038999,0.74797606
0.41157407,0.61400348
0.77660990,0.87679505
0.87502450,0.85100001
0.78438061,0.76419407
0.56936616,0.70871383
0.34609184,0.37168610
0.41415870,0.25433421
0.30948594,0.55558765
0.36462593,0.37943745
0.65315121,0.70826066
0.65525836,0.68231523
0.84971005,0.83614987
0.53365511,0.66354609
0.57537812,0.56455427
0.85315561,0.91570240
0.83251983,0.94852942
0.82666790,0.87019229
0.65709829,0.67060351
0.78888285,0.87860221
0.40985334,0.43408552
0.85917062,0.90430224
0.55208683,0.47454759
0.42459327,0.51738435
0.57733172,0.49768543
0.88671166,0.91897058
0.61327535,0.75338256
0.28070468,0.33257172
0.73919457,0.89344037
0.88062471,0.91629022
0.65083510,0.73072940
0.78408498,0.88801169
0.28164014,0.32324985
0.85184836,0.94017380
0.47334874,0.62384528
0.76254034,0.81833214
0.87099928,0.89733124
0.85753453,0.93570572
0.84855276,0.80914003
0.65293431,0.67290825
0.72849429,0.72541469
0.89686942,0.97580647
0.74293655,0.73941207
0.89705914,0.92059553
0.85110098,0.89386451
0.88008177,0.90226364
0.78304589,0.93188852
0.84495991,0.92187917
0.87298828,0.82926828
0.90790874,0.90646851
0.41274345,0.59047621
0.79214215,0.65952832
0.78016949,0.79450709
0.59606504,0.90077573
0.38255849,0.55291277
0.56009948,0.79394019
0.92002708,0.94914114
0.83319861,0.85851353
0.69250393,0.66111636
0.56990945,0.68265980
0.78679103,0.79583335
0.87443608,0.91269839
0.63629305,0.28492424
0.82769650,0.65308434
0.58007818,0.60615385
0.80864412,0.82792622
0.84480435,0.82487172
0.58886218,0.79496950
0.76099080,0.73055607
0.80377835,0.87011999
0.90827030,0.92416620
0.80788517,0.74605095
0.85388231,0.91570044
0.72846878,0.91728526
0.90480775,0.96706986
0.19412534,0.23533912
0.40266460,0.62380713
0.94224471,0.96905977
0.87440634,0.78756368
0.88335949,0.89470923
0.70730352,0.71027851
0.82192725,0.89061230
0.90306252,0.91687191
0.90363812,0.93857831
0.82361799,0.83492053
0.63411480,0.50351262
0.41528785,0.45799181
0.74447924,0.71102941
0.83756882,0.54235274
0.77682948,0.90381426
0.83588630,0.85565293
0.85881335,0.86322647
0.21499671,0.17943865
0.84506679,0.91248631
0.46801555,0.66569257
0.54180801,0.79492009
0.88930959,0.85245121
0.74850148,0.81559318
0.37316406,0.41204482
0.55397135,0.82869667
0.56330526,0.57735616
0.67447156,0.94763815
0.76502067,0.52567416
0.38039833,0.27283254
0.83546180,0.77820754
0.81528020,0.80371416
0.65307379,0.64583331
0.74209183,0.69887793
0.55823195,0.70807451
0.80184758,0.92517263
0.35569662,0.36639267
0.93101364,0.92623454
0.60992819,0.75976318
0.92364949,0.94687277
0.69915479,0.66178685
0.65174019,0.86329669
0.82839006,0.96053946
0.88434631,0.96490383
0.83131033,0.76452470
0.06007369,0.04907224
0.77513140,0.73474181
0.79836112,0.84605688
0.78552485,0.80925405
0.89151299,0.83467120
0.82862824,0.87336600
0.68039095,0.80581552
0.43661052,0.29188052
0.71134657,0.90178400
0.86604071,0.96808511
0.89585763,0.90359366
0.85863316,0.94184738
0.42495346,0.37508628
0.62704694,0.57276696
0.40157449,0.31777900
0.77184194,0.72867787
0.42205518,0.45838079
0.88304979,0.96690059
0.58473969,0.76967627
0.87330002,0.84325379
0.68267304,0.77817506
0.59067076,0.78527069
0.87003618,0.88919914
0.70695108,0.47211823
0.75464028,0.81373334
0.82470322,0.92434543
0.73909205,0.90702969
0.42053980,0.36060503
0.79705876,0.79690802
0.86652529,0.90548658
0.85771304,0.74968606
0.82380593,0.85537040
0.90949279,0.94372815
0.61009502,0.63958174
0.32251838,0.29538941
0.77376479,0.87087911
0.83646554,0.78552634
0.77868819,0.80993885
0.74390137,0.64122051
0.43579495,0.90967745
0.85845178,0.94041324
0.58195257,0.66906327
0.88724464,0.85280538
0.73951161,0.77713078
0.75311452,0.90087938
0.41146243,0.36320755
0.54569983,0.80348140
0.58045280,0.45288461
0.72065145,0.80483484
0.76016027,0.66613168
0.51004040,0.45424199
0.84239447,0.80536550
0.53219718,0.58970314
0.89930624,0.86410403
0.87528735,0.93724263
0.80172563,0.79350895
0.89247447,0.94241124
0.48123205,0.09493448
0.73170894,0.70093668
0.86371893,0.91849816
0.60522217,0.77214825
0.90121871,0.91477275
0.28307343,0.19832759
0.72105175,0.77344030
0.85461730,0.81774193
0.58639133,0.74101347
0.80938238,0.79667425
0.37505895,0.39893100
0.73286492,0.75262189
0.90991819,0.97436619
0.63770777,0.58208001
0.83178782,0.85481483
0.77765876,0.65468109
0.87251908,0.92648536
0.68941528,0.74169868
0.88679832,0.96470946
0.23258172,0.14268395
0.87232929,0.85882354
0.89091831,0.96330440
0.83051026,0.82924050
0.79340380,0.77595627
0.58490074,0.44452891
0.83577096,0.84760499
0.61078268,0.63616735
0.77076888,0.75533837
0.83363539,0.77235162
0.91566819,0.92451161
0.52061319,0.52540648
0.78266037,0.87541831
0.69700599,0.86324370
0.87036604,0.92401743
0.86317450,0.79488355
0.67328703,0.81569493
0.89205688,0.91648656
0.62630051,0.78724122
0.76785690,0.81261754
0.89355820,0.89749157
0.75540948,0.54038197
0.73235875,0.41161060
0.37418878,0.27785650
0.78548735,0.83435541
0.89479947,0.93596226
0.65099007,0.66906357
0.33505458,0.09331770
0.61541164,0.70543820
0.61966377,0.39207914
0.54182494,0.66717333
0.81336164,0.76567328
0.84687042,0.87568682
0.90818018,0.93506479
0.67568374,0.70934904
0.87380654,0.90208632
0.35554057,0.35040271
0.74263817,0.85967463
0.87607992,0.82354587
0.68252075,0.61100799
0.54269665,0.69261646
0.90381783,0.92561406
0.71030450,0.67673612
0.88208592,0.86098039
0.88839012,0.97058821
0.76490223,0.73329091
0.62035918,0.55677921
0.49211335,0.68556148
0.91865188,0.90425187
0.88993108,0.93237972
0.87590951,0.92176437
0.70980400,0.75551468
0.90319979,0.94066691
0.81875646,0.91112089
0.84152645,0.79359227
0.54619157,0.65434331
0.58891147,0.66588682
0.81036341,0.88086140
0.79732668,0.86908519
0.86328834,0.92590219
0.43388981,0.27918723
0.72412616,0.75859374
0.44362926,0.60708481
0.77996379,0.88536286
0.76672405,0.82017541
0.80804420,0.85367477
0.54015464,0.29310322
0.80553299,0.75720918
0.79518646,0.84809572
0.85261339,0.90018588
0.76083702,0.90471417
0.77238172,0.83271801
0.85157555,0.92495608
0.79451197,0.80089670
0.50742203,0.62819201
0.73060018,0.87680167
0.24770118,0.18476626
0.69690520,0.65500969
0.79579920,0.86213160
0.88343489,0.88749844
0.61225313,0.68462902
0.69588095,0.60758698
0.48413271,0.44687781
0.48354632,0.54361302
0.80498791,0.89737171
0.31272572,0.33808678
0.87193328,0.93352044
0.84965974,0.88174605
0.74097103,0.67734772
0.62707198,0.60252136
0.36664021,0.47512907
0.66467732,0.71401262
0.83056569,0.85995477
0.62612665,0.70470148
0.56839871,0.72416669
0.83238089,0.92451495
0.88726395,0.89092827
0.59288990,0.48940939
0.89704949,0.85253119
0.83381838,0.72226584
0.76935357,0.82371795
0.76726156,0.72313339
0.67320400,0.69491524
0.44375998,0.28302512
0.72001922,0.66316849
0.78353947,0.78918386
0.79076022,0.86122358
0.60294360,0.61486304
0.89659435,0.93851012
0.83451176,0.86617076
0.25831342,0.21854033
0.86437315,0.86709678
0.49780065,0.44594145
0.76654249,0.70934421
0.76296693,0.57563108
0.73621643,0.84181809
0.88619500,0.89143956
0.44220644,0.33776334
0.89253747,0.88076925
0.76206356,0.62833571
0.65939134,0.65507013
0.42548972,0.54255599
0.87439340,0.94780439
0.85519093,0.84815168
0.86054343,0.96512538
0.89530462,0.94533569
0.14085124,0.13820100
0.54043448,0.63128549
0.89078254,0.87087184
0.68782043,0.77670741
0.58079374,0.57333332
0.66675913,0.73601484
0.70645064,0.60244495
0.88739777,0.93458170
0.62121326,0.74855393
0.86016369,0.85432756
0.91176778,0.90358436
0.61709028,0.36324245
0.85710889,0.90914899
0.25871062,0.23429488
0.60078514,0.67422217
0.72095138,0.91130614
0.79546785,0.86633402
0.52808988,0.45963559
0.80423301,0.93364704
0.87709987,0.90337920
0.83260554,0.88635087
0.87706339,0.86596137
0.17924593,0.14238474
0.64111674,0.67353058
0.73460203,0.65959710
0.65254998,0.68902355
0.86651284,0.94130772
0.89604956,0.93890327
0.79367417,0.83010000
0.77864087,0.76870990
0.72728735,0.78508079
0.37712088,0.20129573
0.70438182,0.73593277
0.75566608,0.69652408
0.85639453,0.89276779
0.91096705,0.95815170
0.78753990,0.85358393
0.85314649,0.95081967
0.70156109,0.87386876
0.88251680,0.92785192
0.80978674,0.82240474
0.57809949,0.51847291
0.45112264,0.54570955
0.85662085,0.91483933
0.89508682,0.96159512
0.92847359,0.91969699
0.88173449,0.77557325
0.92510325,0.94213098
0.40001971,0.59547079
0.64072716,0.63316905
0.76997840,0.85747862
0.84596610,0.88942462
0.66878051,0.76581365
0.83912861,0.92413795
0.86035591,0.86388087
0.76101804,0.90184408
0.87349939,0.94159889
0.58588010,0.47769994
0.44216871,0.51582682
0.69038957,0.65855271
0.72784221,0.55837613
0.74019593,0.86041665
0.84657073,0.81261653
0.68557411,0.64788085
0.87067693,0.90757883
0.45078695,0.68867254
0.31453341,0.27033615
0.83667696,0.86742425
0.90272433,0.95296687
0.79615706,0.87668997
0.63111091,0.70405483
0.89948088,0.90872830
0.33666947,0.26891235
0.35806569,0.28844616
0.88364834,0.93867528
0.85793722,0.95836520
0.86085874,0.85400099
0.58875203,0.64777327
0.87071604,0.94413793
0.23938747,0.58318377
0.84494358,0.87031418
0.84624583,0.90730679
0.86698604,0.89260840
0.81195647,0.85858172
0.71273023,0.44202900
0.29288775,0.22620282
0.89168435,0.93948317
0.89738029,0.95407110
0.84441358,0.85167789
0.49789059,0.31044713
0.43394703,0.53255486
0.70107532,0.65804696
0.45113391,0.71916008
0.82338804,0.82708436
0.78523415,0.90111095
0.85308355,0.88809043
0.60853338,0.61163920
0.52042186,0.29148528
0.82512408,0.84470338
0.59387344,0.76190341
0.55394495,0.67272520
0.86945093,0.96080023
0.77543753,0.93525702
0.86064970,0.96389180
0.75810295,0.64065313
0.74455816,0.72689146
0.81079924,0.77282280
0.49420524,0.57794201
0.28583407,0.35547245
0.74711663,0.93001091
0.71922201,0.76111454
0.43748647,0.52020627
0.13636814,0.17866541
0.68820751,0.69835669
0.55788612,0.33899325
0.69992059,0.67985255
0.90033418,0.92778361
0.19661932,0.10347844
0.79940444,0.86087668
0.88131124,0.91655713
0.58451647,0.68643981
0.75542051,0.61396575
0.68642133,0.78740156
0.84733695,0.83333802
0.56517905,0.77130038
0.79388911,0.94031703
0.81200939,0.91185915
0.84716851,0.83411217
0.53242630,0.89218092
0.82859421,0.73265839
0.91363549,0.94374889
0.80301625,0.89110535
0.49175125,0.51438850
0.65484500,0.74140918
0.61597568,0.72272569
0.22859393,0.25613412
0.86061454,0.91926461
0.71184343,0.67595762
0.30408546,0.35258478
0.61052299,0.75138831
0.85339779,0.97033179
0.61913097,0.56723893
0.18873625,0.06769641
0.82890481,0.90299064
0.72047752,0.75866234
0.48740846,0.55458927
0.43508583,0.64275974
0.68670148,0.78007442
0.89442390,0.93749142
0.25042748,0.33064476
0.21549816,0.13935617
0.77662045,0.76309842
0.85695535,0.70236617
0.78216285,0.82342285
0.89157879,0.96078664
0.76989728,0.61427450
0.75422329,0.86798906
0.76744467,0.94516754
0.78662372,0.86344659
0.86281985,0.78021848
0.87908322,0.88256192
0.91501284,0.92800957
0.54296249,0.70984000
0.15568827,0.19401021
0.88159031,0.93364310
0.83053148,0.85556608
0.84846652,0.82829678
0.78895026,0.86018974
0.85470343,0.93216723
0.83987057,0.83884478
0.85807407,0.91721135
0.76705861,0.85417455
0.56481004,0.44195944
0.75625414,0.63091153
0.88208050,0.92968750
0.90316695,0.98076922
0.89765698,0.93113101
0.89329153,0.93695152
0.65341049,0.59340662
0.70726734,0.75494677
0.53891969,0.56511414
0.55484188,0.59271789
0.61883330,0.57225901
0.59216541,0.63688868
0.76695555,0.85099202
0.49098706,0.51166642
0.83175159,0.86235178
0.85617644,0.71102273
0.58719581,0.74606460
0.75171083,0.90601236
0.72963566,0.82942766
0.88766283,0.95560515
0.20286436,0.17277816
0.42373365,0.41530049
0.34039110,0.35408485
0.62651765,0.86810982
0.82693809,0.87404394
0.75978279,0.84020394
0.87121671,0.88895178
0.86722404,0.88835049
0.77603775,0.75410956
0.29498252,0.19355844
0.54638612,0.70774949
0.82168454,0.79755753
0.92747760,0.94196790
0.53818560,0.53551751
0.66761863,0.69441104
0.83251154,0.74720901
0.59909385,0.80436713
0.69020653,0.90191597
0.70823073,0.81031436
0.48986870,0.57670254
0.47748780,0.37342286
0.85704213,0.90213126
0.85821468,0.91887301
0.22721650,0.21821387
0.87897915,0.84253246
0.85024136,0.91629750
0.61185902,0.85547787
0.37134653,0.17727028
0.76641923,0.76651859
0.70477808,0.61042839
0.36170751,0.57232702
0.80073506,0.77196455
0.36967516,0.31979588
0.87991321,0.94718504
0.82937765,0.82682014
0.76465625,0.79161072
0.88457531,0.92636448
0.84976351,0.87543857
0.68100190,0.73408186
0.80585998,0.91348845
0.83086437,0.83029968
0.66844529,0.54387695
0.48686111,0.09005424
0.87097567,0.93725491
0.88194168,0.89542693
0.84523451,0.90824288
0.73582798,0.68916667
0.76023787,0.75555056
0.87011927,0.88198572
0.79235154,0.78076386
0.67823094,0.90701753
0.83036685,0.81612223
0.71492934,0.93109173
0.64892006,0.63605124
0.21966310,0.22940685
0.75330049,0.68094826
0.14005156,0.09789793
0.53804755,0.55041182
0.80257595,0.66631186
0.41944546,0.38241181
0.55450773,0.58136481
0.16612147,0.14239281
0.58331507,0.41961285
0.73098338,0.67160743
0.76570082,0.81496948
0.90293807,0.94230771
0.55159545,0.54797554
0.17123474,0.22549520
0.93411034,0.88494551
0.83759636,0.87281960
0.85161477,0.79909480
0.91087323,0.97513658
0.81905419,0.87907219
0.87278467,0.82881582
0.47108912,0.28370300
0.65292162,0.50191200
0.59897238,0.55876905
0.82928783,0.84394497
0.71755368,0.86643320
0.83685589,0.88522571
0.87488526,0.92619932
0.59271991,0.62764049
0.86314768,0.83414376
0.68825799,0.59026688
0.78201956,0.88969105
0.83489341,0.87930161
0.49205166,0.64108753
0.75030637,0.69405240
0.70190078,0.44936466
0.60645950,0.65328610
0.36277533,0.35587573
0.86426347,0.92472613
0.79753536,0.89193571
0.89037436,0.91976273
0.68593520,0.56158555
0.79581571,0.93181819
0.83697116,0.93839288
0.84830093,0.89677179
0.49813682,0.61343890
0.76526982,0.64621210
0.84199625,0.93771851
0.59519494,0.64251715
0.86870116,0.80676502
0.86391169,0.92940140
0.26344156,0.56573516
0.79194587,0.83414179
0.73532438,0.61239034
0.89127845,0.94537038
0.77087063,0.89517760
0.81187385,0.84082633
0.89048731,0.95478034
0.74072427,0.82629454
0.89679664,0.90221554
0.70817333,0.71525139
0.58233243,0.65284371
0.66097063,0.88858747
0.57637024,0.34324324
0.85223585,0.92129201
0.36991465,0.52965587
0.79154223,0.85662329
0.62836832,0.62984276
0.73487467,0.84014910
0.73051041,0.67456281
0.78292519,0.81367642
0.85480720,0.87737381
0.76172853,0.71979111
0.62805444,0.60012245
0.70139712,0.80896324
0.49255550,0.79903263
0.74264795,0.84898800
0.79035604,0.89979094
0.49980873,0.54217803
0.85952806,0.87184513
0.43179446,0.35023639
0.88636488,0.86972600
0.88044989,0.93309766
0.81230092,0.42963848
0.92723793,0.95238096
0.86220711,0.90292448
0.54388642,0.59359169
0.85428625,0.84764689
0.92002273,0.93941593
0.60365397,0.54642147
0.50604302,0.46075755
0.81815875,0.78745866
0.89032608,0.88140428
0.81644785,0.85532874
0.81947297,0.87586004
0.47188741,0.41097781
0.48873186,0.81294906
0.53340882,0.69873011
0.77475971,0.76341772
0.42878872,0.41939652
0.84164488,0.93331707
0.36739051,0.38063678
0.75423998,0.81461120
0.87125117,0.86356544
0.76160115,0.81888497
0.76721644,0.70126402
0.86110884,0.84600532
0.73787093,0.71799242
0.49012965,0.80576766
0.16894950,0.11573371
0.13745274,0.14471753
0.26459247,0.27370870
0.31695071,0.21802193
0.77098244,0.86745286
0.85954863,0.91761792
0.50316578,0.55567831
0.34295043,0.08684523
0.89082235,0.90174997
0.86159605,0.97752810
0.71596849,0.50587827
0.87351984,0.95787656
0.80843872,0.82811010
0.70089364,0.58943623
0.87321037,0.84034121
0.65240622,0.72468823
0.53775299,0.41787943
0.58386576,0.67524695
0.81007069,0.88715434
0.70690602,0.85143358
0.73123920,0.76572299
0.80367249,0.73267573
0.53755552,0.41130349
0.29909265,0.41253459
0.46793258,0.42333701
0.84343368,0.80225331
0.34000170,0.37073177
0.87269187,0.89083129
0.89701259,0.92635638
0.76721764,0.90638530
0.89811563,0.92786336
0.84741461,0.88932884
0.85352165,0.87222224
0.83195835,0.76081729
0.84450948,0.84429973
0.74447036,0.86156839
0.47520310,0.45977011
0.85991240,0.87298405
0.68624705,0.47832707
0.38924780,0.52225542
0.68634456,0.79806578
0.79659164,0.88583738
0.84114867,0.87263954
0.72272044,0.70811111
0.86736023,0.81082720
0.74961263,0.75315470
0.53015256,0.55298787
0.82248414,0.86960250
0.87176228,0.89337331
0.25067270,0.29517210
0.37212414,0.38227704
0.83196133,0.94754153
0.81454700,0.89941752
0.63926232,0.72067940
0.79376388,0.92671192
0.75976092,0.72892541
0.33710486,0.40477979
0.64859074,0.49698871
0.64684683,0.22254266
0.83335292,0.91021466
0.64328116,0.75062531
0.85548860,0.89143640
0.88619572,0.92778337
0.88418347,0.84831065
0.76663822,0.81224483
0.58696353,0.76156652
0.82551020,0.82895660
0.46195418,0.54846936
0.89937550,0.93164825
0.68990505,0.79267889
0.30891955,0.17075326
0.33718923,0.27600297
0.94965792,0.93757331
0.82860070,0.71526593
0.67115021,0.66985452
0.48082232,0.41604635
0.81091309,0.81719166
0.22926642,0.21320389
0.60659069,0.72617304
0.92011970,0.94099051
0.79795831,0.75108284
0.45120817,0.46733695
0.17192380,0.10089324
0.94817656,0.94463146
0.71266502,0.74892473
0.78176981,0.84465814
0.45309293,0.58803153
0.77222162,0.78171647
0.80787635,0.86781013
0.54452461,0.48348597
0.84622478,0.89264327
0.43476087,0.50515997
0.90758371,0.91790068
0.36506626,0.32206389
0.79040986,0.85796642
0.64702630,0.50573266
0.23952894,0.20284900
0.75579530,0.87166619
0.87911135,0.93390751
0.80392033,0.99810249
0.45644665,0.66365343
0.44348711,0.42079458
0.75396603,0.71060944
0.80062765,0.93063945
0.68811780,0.73101854
0.81362933,0.95595813
0.66784507,0.61693120
0.72022104,0.85039145
0.94240391,0.96496212
0.41869742,0.24882154
0.84980243,0.92705601
0.81281883,0.88428366
0.27232087,0.38980940
0.80885696,0.93256634
0.88352937,0.83937222
0.66840994,0.72542518
0.77833575,0.67465597
0.58268821,0.82082480
0.86255902,0.90278625
0.87859517,0.89822596
0.79271948,0.68520772
0.60066003,0.38532355
0.61216336,0.48704740
0.83325535,0.83126938
0.25338799,0.18162036
0.87817913,0.90208477
0.82615519,0.77817488
0.83013672,0.97225618
0.21836068,0.19789402
0.83857375,0.89963681
0.89380413,0.94377440
0.84122258,0.85839826
0.73004961,0.61078435
0.64187658,0.61413044
0.90750462,0.93711191
0.86717635,0.76545084
0.91489786,0.97058821
0.23425843,0.36443609
0.37074643,0.36312521
0.83195132,0.76708263
0.60349423,0.52937502
0.86123335,0.79024607
0.87272954,0.89081454
0.87930137,0.86110950
0.62789649,0.75369942
0.29614532,0.35006940
0.89458084,0.94548410
0.78741294,0.66498518
0.80927747,0.81830639
0.79593039,0.82892108
0.75257945,0.88184768
0.34399381,0.27616072
0.85322893,0.79850364
0.87997693,0.89065719
0.81487274,0.93086231
0.84528655,0.72998244
0.80837351,0.84679800
0.47647113,0.21632653
0.40109152,0.33326069
0.34235880,0.19183815
0.62863576,0.48743087
0.88204056,0.94407952
0.86693519,0.89401984
0.78119302,0.81552893
0.74942720,0.92807019
0.84210348,0.78325993
0.73141813,0.86732459
0.81485975,0.77313966
0.84345323,0.77454948
0.64921314,0.74046820
0.84270805,0.85392076
0.76828474,0.83129698
0.81534618,0.83756614
0.90629536,0.93528140
0.86062521,0.88186926
0.70705247,0.79381973
0.69360477,0.69688696
0.90173852,0.91922879
0.85696441,0.92652273
0.89028186,0.84664577
0.70724839,0.76540387
0.79497743,0.89585638
0.88549811,0.93859649
0.31587601,0.32080314
0.78057879,0.77245408
0.92117298,0.91573280
0.55210805,0.64191377
0.77202195,0.85057473
0.16753049,0.14787246
0.86095685,0.84416056
0.68986338,0.79087746
0.76398909,0.89317387
0.65734589,0.64391613
0.84589368,0.88299233
0.58941221,0.43194795
0.74840969,0.67963105
0.73115140,0.65176547
0.76882333,0.82643163
0.65516835,0.75226355
0.73794985,0.75716102
0.48857802,0.44025022
0.66865253,0.60747039
0.83316076,0.78223419
0.86861664,0.86879975
0.85061723,0.76255196
0.85888022,0.88927275
0.88347876,0.96808511
0.45472288,0.54241073
0.77578169,0.75661653
0.13240641,0.09863760
0.53160089,0.55715907
0.74889499,0.73624593
0.81853813,0.79540890
0.52094638,0.71696526
0.43893713,0.59149587
0.85686713,0.93978560
0.84983468,0.96419412
0.57791275,0.69525450
0.83187956,0.49738893
0.70098859,0.76723981
0.89032680,0.95720690
0.83705813,0.90099812
0.83269793,0.95794469
0.24049459,0.30288059
0.60669440,0.71082675
0.81240261,0.86419159
0.63100576,0.65958905
0.86098248,0.85815513
0.74266368,0.74333793
0.59829319,0.66988039
0.50477070,0.71070814
0.78165770,0.94148535
0.74022323,0.81313258
0.79334575,0.79290372
0.64040834,0.64735752
0.82205290,0.79436970
0.86149752,0.87596530
0.88198334,0.87224531
0.88957208,0.95764995
0.44958711,0.36092472
0.63873309,0.62922239
0.88908523,0.92874461
0.74764633,0.74860299
0.61776453,0.70526314
0.71726054,0.89749998
0.40821666,0.37449864
0.89773637,0.95026022
0.53838283,0.32028005
0.58569199,0.64425415
0.86979240,0.96162230
0.77099973,0.76695514
0.72449833,0.77394414
0.46239489,0.63053328
0.79442459,0.95596242
0.66953582,0.76823986
0.77768284,0.75105363
0.34516960,0.32566988
0.60552645,0.68333334
0.50796783,0.69332433
0.14225216,0.08037448
0.78825039,0.89220911
0.85958189,0.96814519
0.85994631,0.84479272
0.77471137,0.79338527
0.80423230,0.94954646
0.36338690,0.43284315
0.87431115,0.69583505
0.89480782,0.89440757
0.30205220,0.36039910
0.37999082,0.35332921
0.77500802,0.68539518
0.66518116,0.74256802
0.62638748,0.48081312
0.64250296,0.53971231
0.72621292,0.72615498
0.89121896,0.92392248
0.88445139,0.96382010
0.55821097,0.73432392
0.82041889,0.86331171
0.81277728,0.78166544
0.78108501,0.89899069
0.67431968,0.76608050
0.76445085,0.86064786
0.74865013,0.82148719
0.46876746,0.58672035
0.91470844,0.93351567
0.36701107,0.42465344
0.57403666,0.68576086
0.49992520,0.52576363
0.78348136,0.70784760
0.77375597,0.53574198
0.88782561,0.91157508
0.79854339,0.74523485
0.82147527,0.91091871
0.78388155,0.82977635
0.66577065,0.81792766
0.83577764,0.88826263
0.59997565,0.72435689
0.75783843,0.75868577
0.67852110,0.67637467
0.69132024,0.99567723
0.89708775,0.92606348
0.56323588,0.57397401
0.85951167,0.90356058
0.80400229,0.71961153
0.65297109,0.79880536
0.64230371,0.50130612
0.88495713,0.93789756
0.81229788,0.95311296
0.66981697,0.81991476
0.84925681,0.72814614
0.64375919,0.71362889
0.76872468,0.83389235
0.81450820,0.83451200
0.85314608,0.78860199
0.79858202,0.73657191
0.84049481,0.84061986
0.81883544,0.94540530
0.82370353,0.80648643
0.22880496,0.31366667
0.79213017,0.84796661
0.68744510,0.73351729
0.43429625,0.54718840
0.87091875,0.88162988
0.68464738,0.81057250
0.84405237,0.92400765
0.63758636,0.57354552
0.87477130,0.87233663
0.53599489,0.50428438
0.37000388,0.13711420
0.34531525,0.32454872
0.80745703,0.89262384
0.92538744,0.96363014
0.22273354,0.19509904
0.90103137,0.99425286
0.67862433,0.72651094
0.58648145,0.60988230
0.63262409,0.60228240
0.84674841,0.88930732
0.85112906,0.86408865
0.42992109,0.34537953
0.76895183,0.84377444
0.89569378,0.90561378
0.14339007,0.13695097
0.37694269,0.50378859
0.81600481,0.74292064
0.80840117,0.79004449
0.19270055,0.24258862
0.75995064,0.86763489
0.86062413,0.94272786
0.87892443,0.87228262
0.87580353,0.93089473
0.68893081,0.82659674
0.66266108,0.56715345
0.42705458,0.43750000
0.40569639,0.64929664
0.85904366,0.87730443
0.75362080,0.87369418
0.91655779,0.93460876
0.75183016,0.83190787
0.86924261,0.93884945
0.85902590,0.93355179
0.86616790,0.68113589
0.82866645,0.92294228
0.79469925,0.92998475
0.50868601,0.72939563
0.87608248,0.81197727
0.87189996,0.93533128
0.72188187,0.66155618
0.75211465,0.83815289
0.61680961,0.64594233
0.38059980,0.42381462
0.38203865,0.33714616
0.25790697,0.19290447
0.83118135,0.88418782
0.65339059,0.52502614
0.32949328,0.22745098
0.84021151,0.81343281
0.39342931,0.29205781
0.88256687,0.87623543
0.57457620,0.67069441
0.56478000,0.84294069
0.88181251,0.93773043
0.81145942,0.81463414
0.86872417,0.94401836
0.86148244,0.86678141
0.79168385,0.87521613
0.61460006,0.57271230
0.51947021,0.53940362
0.69318813,0.71821153
0.80757803,0.91012084
0.66381615,0.47917229
0.87418437,0.98165137
0.84123141,0.91362369
0.77670395,0.85909718
0.61132121,0.54266471
0.86480337,0.91173846
0.83483005,0.90658933
0.89988536,0.86791629
0.90283662,0.95744681
0.76593536,0.58418125
0.77966809,0.82290292
0.82243747,0.87208658
0.71631867,0.74011052
0.45448327,0.60045093
0.84895909,0.83905226
0.74534005,0.65093398
0.77427799,0.90899503
0.61294913,0.69546163
0.30219007,0.74472129
0.79590195,0.88727701
0.71091133,0.73769182
0.57257718,0.73922074
0.67481804,0.76217532
0.88743705,0.93277627
0.77254492,0.83050299
0.91191602,0.90052283
0.19790782,0.21194558
0.21462806,0.17284226
0.88287586,0.77059960
0.87109309,0.91963649
0.77319008,0.89316058
0.84948188,0.86691087
0.80079252,0.93498981
0.83762598,0.82219505
0.66814458,0.58228850
0.71298903,0.70582694
0.91244733,0.95121115
0.82947826,0.86135387
0.60641313,0.56164718
0.23581950,0.30777812
0.79884797,0.91045171
0.85595363,0.89441824
0.79193312,0.84645456
0.77313966,0.94160479
0.89660126,0.91924030
0.88554960,0.90334094
0.64319009,0.61994076
0.60969114,0.40143004
0.74608713,0.81551468
0.61652011,0.78577238
0.35640711,0.20197700
0.70993149,0.66645622
0.56538391,0.78876680
0.87232047,0.89681494
0.90217769,0.90065694
0.77783561,0.84817350
0.61447275,0.47467282
0.69422382,0.79190505
0.23993759,0.28224444
0.57072610,0.76277483
0.86266440,0.91742486
0.76920629,0.83657098
0.84697384,0.82361144
0.79821783,0.68787706
0.73994696,0.91034049
0.84697455,0.96686637
0.72005361,0.61069554
0.83019334,0.83503401
0.67961138,0.69078428
0.81566143,0.91370666
0.79382128,0.84787780
0.83181304,0.90089047
0.81112301,0.82089055
0.90895432,0.80405194
0.90546411,0.93518662
0.93207359,0.97240955
0.78331453,0.84013987
0.83235556,0.87225527
0.92294979,0.92179430
0.81865531,0.92888987
0.21784784,0.45072746
0.88847899,0.85822284
0.89568865,0.85104918
0.70907217,0.76822382
0.86405230,0.82194221
0.71107304,0.59787560
0.67373401,0.84872788
0.72133511,0.83742207
0.27173644,0.34439981
0.90217495,0.93610096
0.20749839,0.26666668
0.58318365,0.62235463
0.56667215,0.60673052
0.36961332,0.18010005
0.81003165,0.84380031
0.86917329,0.92732280
0.88098317,0.83649731
0.75395030,0.90593380
0.69566178,0.70613438
0.90922540,0.92788690
0.48278046,0.48370764
0.78361732,0.81176519
0.60602379,0.77148271
0.89048290,0.96093750
0.90845311,0.90387791
0.80906123,0.84759659
0.80687171,0.89461780
0.86987114,0.94208241
0.87394392,0.95119363
0.90602177,0.90923703
0.87972170,0.98130840
0.47302544,0.56146836
0.87964398,0.91173589
0.57608449,0.50154185
0.72509199,0.58893472
0.16458942,0.14646147
0.53097737,0.50424671
0.56867588,0.41088435
0.36431652,0.29401568
0.35989565,0.48030955
0.25966650,0.07546584
0.73957425,0.74223316
0.76942986,0.87124062
0.88125998,0.91920114
0.65157086,0.74406934
0.92189568,0.92366052
0.74408084,0.64682537
0.64204139,0.60321188
0.54487675,0.37818581
0.50442815,0.62571734
0.82418567,0.91259533
0.68705428,0.72680253
0.65472537,0.66029036
0.87513649,0.87170118
0.69540310,0.76955587
0.86020964,0.93319839
0.77379328,0.85587108
0.49473602,0.58505511
0.77586752,0.96349204
0.63725334,0.61569321
0.52406108,0.69259226
0.66376746,0.66327536
0.86815816,0.91928649
0.92107600,0.95802468
0.88276839,0.90012270
0.88325733,0.90114379
0.38640642,0.20503296
0.17941670,0.35523197
0.39712501,0.26745707
0.84739822,0.90437460
0.63243788,0.63581181
0.64975095,0.61104149
0.80646408,0.93285304
0.43605596,0.81210190
0.43307906,0.47129482
0.77177566,0.81258750
0.28617907,0.45364729
0.93032497,0.98169702
0.78093022,0.78268450
0.47277319,0.61704546
0.91425854,0.88990861
0.87524688,0.97045207
0.65610456,0.70130837
0.90864342,0.89285284
0.56257415,0.62724870
0.70511562,0.56385195
0.29262251,0.25637975
0.71459788,0.79500234
0.73507470,0.69508725
0.63586032,0.63013417
0.86223799,0.98334062
0.53498679,0.69055158
0.87807149,0.92383808
0.86635798,0.94218361
0.78795868,0.86891854
0.86380178,0.86367422
0.53135550,0.51754659
0.65755022,0.78297937
0.85780984,0.93371862
0.91006756,0.90143776
0.76886433,0.91566491
0.24787673,0.30468205
0.61062282,0.56979698
0.37230182,0.23250675
0.88885063,0.86995327
0.30039835,0.41469720
0.90179920,0.93900478
0.65189242,0.43546876
0.81275290,0.77786911
0.52210820,0.69936556
0.86816114,0.95305806
0.80987370,0.76403230
0.85056531,0.80402207
0.76118970,0.75223839
0.66915911,0.83078456
0.73213297,0.78764856
0.89348620,0.95811826
0.59623629,0.65855736
0.89413470,0.91666669
0.14002769,0.07999019
0.81840968,0.76587898
0.72429460,0.61953080
0.79165500,0.75495642
0.88924915,0.95080733
0.74128890,0.77038592
0.66064841,0.80060756
0.64300168,0.74267250
0.77652568,0.79971099
0.85494500,0.91238075
0.21796347,0.22217397
0.87408942,0.87666112
0.64750844,0.74300504
0.55378121,0.45698714
0.42587107,0.36278734
0.33363479,0.37106428
0.52622181,0.71309465
0.50327265,0.44977465
0.62205935,0.59016037
0.89175242,0.91565895
0.86704654,0.91120613
0.86772782,0.91013020
0.88082415,0.89345205
0.64478832,0.80820620
0.69353127,0.86757928
0.80868620,0.91666669
0.87210327,0.85315496
0.89759612,0.87983447
0.47274762,0.49665090
0.87545460,0.95381582
0.86901170,0.90521133
0.75324553,0.67910516
0.57992876,0.40959081
0.19928460,0.20271671
0.61844760,0.68091470
0.66318882,0.68552852
0.89082539,0.96753246
0.20512237,0.10126051
0.86650896,0.80754149
0.90813762,0.93436402
0.74142796,0.74362189
0.83068699,0.82724601
0.69469571,0.79828215
0.77589446,0.69347245
0.82708877,0.82698303
0.93353814,0.93198323
0.58408886,0.51811862
0.68272030,0.70439917
0.89575344,0.92944145
0.84326023,0.90636706
0.80757934,0.71667582
0.60819978,0.42832315
0.84218413,0.89857936
0.80637228,0.86661679
0.91685247,0.92589283
0.29947594,0.25634059
0.73851150,0.83868378
0.84074759,0.78827751
0.89633912,0.92849410
0.88573414,0.89989805
0.71212530,0.76666665
0.64073032,0.55991811
0.46240336,0.28589076
0.81626821,0.88310915
0.47794431,0.55888957
0.82947856,0.89850473
0.61063236,0.27880543
0.89023060,0.92014730
0.59158367,0.73731178
0.64191890,0.52108461
0.74640256,0.83567995
0.35793996,0.32528889
0.84307927,0.96169591
0.57215327,0.77822578
0.49793667,0.58068180
0.89067996,0.87170529
0.68543649,0.71845239
0.89218599,0.87380368
0.68082333,0.76607144
0.87513340,0.95326221
0.92016119,0.89258462
0.40803558,0.34081885
0.55067617,0.59745753
0.65157783,0.68646055
0.85262692,0.82647961
0.86476105,0.90271491
0.82789046,0.91725850
0.82180363,0.88718826
0.77384001,0.87114435
0.59719843,0.60120356
0.79146409,0.46852174
0.58558279,0.73190427
0.54152191,0.39402726
0.72676778,0.62926930
0.63378757,0.49691918
0.92469740,0.98701298
0.84193379,0.89826065
0.79575068,0.85449898
0.83416224,0.90821499
0.75123161,0.75923043
0.67767709,0.70555204
0.76135802,0.94282120
0.79227853,0.77347064
0.78214151,0.67157787
0.84287173,0.70553362
0.65374184,0.81201661
0.88613212,0.88078886
0.79342699,0.83578432
0.87616462,0.94103128
0.63943923,0.53107768
0.58147216,0.52988833
0.37118757,0.20009609
0.37814045,0.39013493
0.70290583,0.78663665
0.89724809,0.89193547
0.69621205,0.44416144
0.83163172,0.93978345
0.75614917,0.81386513
0.37503564,0.33039546
0.79289240,0.65399677
0.82935333,0.75515068
0.91811174,0.96022224
0.76844472,0.87657964
0.80023056,0.84198749
0.71388495,0.86983937
0.79675591,0.78114754
0.66959709,0.78111744
0.61309153,0.56970626
0.84961826,0.92520034
0.77965611,0.79707003
0.75656325,0.89074498
0.86573690,0.84968865
0.64533341,0.76813245
0.76748830,0.90280050
0.86503249,0.94572371
0.76134181,0.82553840
0.46882176,0.65357143
0.84737480,0.95462906
0.53608006,0.66510111
0.85025841,0.79662228
0.88827389,0.90443242
0.74611181,0.84760690
0.67958546,0.83841294
0.69781989,0.67039657
0.81254673,0.83207256
0.84932721,0.81657487
0.73005420,0.77877766
0.19529401,0.31129807
0.65484822,0.68655598
0.48495793,0.59858119
0.16906737,0.17453220
0.76099688,0.93983346
0.78339082,0.93475556
0.72621137,0.75798655
0.78794700,0.70731276
0.57362503,0.71174288
0.46496713,0.35124078
0.86913699,0.91406113
0.74500877,0.76807600
0.77282745,0.76313525
0.42497009,0.31278375
0.34911847,0.44432133
0.85680258,0.90317613
0.71262819,0.79202557
0.88781685,0.93099362
0.52424747,0.70170403
0.50806290,0.54166949
0.82065195,0.85633147
0.90076262,0.90139705
0.76236963,0.75012022
0.82432431,0.80881226
0.68539131,0.82235855
0.58423704,0.60790813
0.74663001,0.74700153
0.87571079,0.96954507
0.87418664,0.91812015
0.82933903,0.84948391
0.06322794,0.08566161
0.87598342,0.12643468
0.68137079,0.85046059
0.84660029,0.90807289
0.89150792,0.93888801
0.66237295,0.60186297
0.91885954,0.91981262
0.65850216,0.69896704
0.72938555,0.66550720
0.72102433,0.77146763
0.83814275,0.90429294
0.69074935,0.79958069
0.42099106,0.40756464
0.65282488,0.39721471
0.37143958,0.17623153
0.64969653,0.73163074
0.78551167,0.89707863
0.57366210,0.56689388
0.68184239,0.87054497
0.81837636,0.88084084
0.84987503,0.91818798
0.86234266,0.94163120
0.90079522,0.86440676
0.83180237,0.87353730
0.42245841,0.56899458
0.40163368,0.49455270
0.61243033,0.61777139
0.56608820,0.52595538
0.70431143,0.94755542
0.42385393,0.36901370
0.85582685,0.87933469
0.81503558,0.87507808
0.87570029,0.91969991
0.90291405,0.97183162
0.74598110,0.69854492
0.87729931,0.90601087
0.86803687,0.91934985
0.77938819,0.76273364
0.83268529,0.86068255
0.83380753,0.91656953
0.77237779,0.60021871
0.88358015,0.85117328
0.80224961,0.86987966
0.81871480,0.84303600
0.64944094,0.77068216
0.59222430,0.79150760
0.89778727,0.97414732
0.83258063,0.88803732
0.90803140,0.90785474
0.58049858,0.71074456
0.81054729,0.83252627
0.57438213,0.63190854
0.81042904,0.88191229
0.17653547,0.20976952
0.83757889,0.95288247
0.87824136,0.92028987
0.54823625,0.49156144
0.83479732,0.83364457
0.86957866,0.87213224
0.86054265,0.88528138
0.72636408,0.58817035
0.34812370,0.31286803
0.39909226,0.62922794
0.58169162,0.61418188
0.70708615,0.24347527
0.15307926,0.11873738
0.70630336,0.76134181
0.35402346,0.39613393
0.67175442,0.82008451
0.77771133,0.80440974
0.43032032,0.33329469
0.81565404,0.92367554
0.83727813,0.89866668
0.53584117,0.70171762
0.42954022,0.42954203
0.60135025,0.80566639
0.75616395,0.83036262
0.87372434,0.92585701
0.77136344,0.74073303
0.76471704,0.80979818
0.87075961,0.86962384
0.70980114,0.62326616
0.78626484,0.63095152
0.82839298,0.89482588
0.75311136,0.83699787
0.44495970,0.49342829
0.78729010,0.91283423
0.85802436,0.80642664
0.60259974,0.62330812
0.88443196,0.89504141
0.88487655,0.89152396
0.78012908,0.92405063
0.24304219,0.32725823
0.40118158,0.39709273
0.73359472,0.93515384
0.88117260,0.88094622
0.82933158,0.85957152
0.41609657,0.27339184
0.89814520,0.86980635
0.80903691,0.79888940
0.48328817,0.42548537
0.81753916,0.86160082
0.29054955,0.54627961
0.75545847,0.43585798
0.61499095,0.50837368
0.83609849,0.85884035
0.85758930,0.88307792
0.27204454,0.45987770
0.86359960,0.91107064
0.26017576,0.24315847
0.76780087,0.90119338
0.82444519,0.90645260
0.76675063,0.72031248
0.86938292,0.87706041
0.76708907,0.80713564
0.77130860,0.85912198
0.70867395,0.72882140
0.77807844,0.99019605
0.77856857,0.83900726
0.52711660,0.32135075
0.58679938,0.39172241
0.62808472,0.67829460
0.39146131,0.37510505
0.84943539,0.83604652
0.76561201,0.85988456
0.53215963,0.65158045
0.20293625,0.31108308
0.53523433,0.50334930
0.79924434,0.85481507
0.77533531,0.79130161
0.76586729,0.84695125
0.66437089,0.61887354
0.25054795,0.14263675
0.48902220,0.48690495
0.81907827,0.86300260
0.38363200,0.26383927
0.60913110,0.53753352
0.70303065,0.62433434
0.61695653,0.45224568
0.90934044,0.95352924
0.86644602,0.80819237
0.74928927,0.69459707
0.50291044,0.67878431
0.88651627,0.89837396
0.90705955,0.95400435
0.80584097,0.91041696
0.83902735,0.75858337
0.80219895,0.82003665
0.62179494,0.70340455
0.53320742,0.48337805
0.50982237,0.37991992
0.73529714,0.86611974
0.65521055,0.58784384
0.74539661,0.75064933
0.83185869,0.90627605
0.40903091,0.65292746
0.88490975,0.91074139
0.47955304,0.76752019
0.73057359,0.87040246
0.75068694,0.61211991
0.56320924,0.43487820
0.81037718,0.90623552
0.90269631,0.89944851
0.86563271,0.84052944
0.33286828,0.26004007
0.61407363,0.84988815
0.52155405,0.53417081
0.83727926,0.83466578
0.73936009,0.52981442
0.81904167,0.86218321
0.73012263,0.81845027
0.86413181,0.86103523
0.51092416,0.51631916
0.76804167,0.83559859
0.45019430,0.18303572
0.68772447,0.93627453
0.86042768,0.83944249
0.80885690,0.84463322
0.16005276,0.09526616
0.87850595,0.93244487
0.79619139,0.77100843
0.82209188,0.94883019
0.89282644,0.92723972
0.78486377,0.68794161
0.84295028,0.86485237
0.89584881,0.92160589
0.84125865,0.89840817
0.76655340,0.92906165
0.82469130,0.75259233
0.77413779,0.61574060
0.65533775,0.59257960
0.88308865,0.79675978
0.65035582,0.59789425
0.88566953,0.93469661
0.64956301,0.54686409
0.90646750,0.93159062
0.65099186,0.70015490
0.70206267,0.86223722
0.84603125,0.90609950
0.87579387,0.94830412
0.85220659,0.94938821
0.33870274,0.35658288
0.81424338,0.71201617
0.54682887,0.45272169
0.77136648,0.82881021
0.51320779,0.37209436
0.79322952,0.92400002
0.77040648,0.68304229
0.75943148,0.71880341
0.87563878,0.88179296
0.71459329,0.76571894
0.64404088,0.77197582
0.52446431,0.57446116
0.24040015,0.32542616
0.73151666,0.65605420
0.69203866,0.61134416
0.38980594,0.58115762
0.84368211,0.81293952
0.66303086,0.60676390
0.84496653,0.82358974
0.75092167,0.85777777
0.26800162,0.27318868
0.52350533,0.81480813
0.78908813,0.87839675
0.52803987,0.29782945
0.29953402,0.04680178
0.10393079,0.06657046
0.84729135,0.90623760
0.82881743,0.81647158
0.76430857,0.58619440
0.82569182,0.92981434
0.89320177,0.95986170
0.63606066,0.74702710
0.47380942,0.64082605
0.83648115,0.76300967
0.79844904,0.83017105
0.78696567,0.84848541
0.86982864,0.79630065
0.84838623,0.79869944
0.58764619,0.59406590
0.74720776,0.79819822
0.75272518,0.81499010
0.92731363,0.91630435
0.48617566,0.34444845
