Predicted Score,Actual Score
0.87241328,0.97402596
0.75654936,0.73417723
0.55414498,0.12823969
0.81408298,0.81259978
0.87105590,0.89496130
0.56272608,0.47500202
0.84088421,0.90291262
0.90078950,0.96124291
0.89864767,0.89341539
0.89019847,0.88575649
0.76940823,0.89799571
0.90964454,0.90173441
0.87680882,0.87073731
0.91424352,0.92330921
0.46894127,0.56876683
0.69191676,0.75344354
0.90905398,0.95312500
0.91918433,0.91624480
0.68893236,0.69825709
0.47256881,0.67295039
0.90268010,0.92591548
0.67510206,0.83874792
0.61490738,0.67183489
0.88809395,0.87838751
0.77076924,0.85806680
0.38600969,0.67744184
0.69034183,0.64183676
0.90571105,0.90314204
0.55366653,0.39795625
0.22533019,0.23219927
0.70797431,0.73923182
0.56786609,0.62878650
0.86549997,0.79866892
0.93492413,0.93340164
0.79501987,0.76762378
0.86516184,0.87750590
0.71685517,0.70610350
0.90191960,0.87274390
0.75401998,0.77471316
0.75645882,0.74017882
0.47503936,0.53162020
0.76624823,0.85185730
0.86917138,0.82243454
0.89081740,0.96494067
0.79573494,0.68949252
0.77233630,0.84601575
0.74626827,0.66256118
0.93413687,0.96178091
0.88054144,0.89498997
0.43382448,0.60363024
0.95319057,0.95655042
0.50665742,0.52236116
0.74888015,0.77376813
0.86412209,0.95441693
0.70784450,0.69354075
0.37331504,0.63580692
0.86765522,0.84415495
0.56632257,0.40421757
0.60275906,0.71092772
0.46652049,0.48772570
0.88798887,0.92003518
0.64017081,0.80931371
0.75254697,0.81769353
0.63001382,0.58732945
0.88510823,0.93263525
0.85070020,0.92334527
0.86987704,0.86228913
0.40906918,0.61061680
0.91454852,0.94150591
0.85190189,0.93775851
0.72675514,0.77325583
0.59782809,0.75315696
0.92097104,0.94875002
0.93693280,0.91922528
0.08289340,0.08555707
0.91359854,0.91582203
0.68911380,0.45671695
0.88489139,0.90770239
0.86220324,0.85985541
0.63044119,0.62730861
0.70010567,0.72826087
0.90129501,0.88688642
0.64147401,0.71479058
0.53619170,0.36846665
0.53331184,0.65540588
0.65243727,0.68428475
0.79988849,0.84891218
0.81680334,0.55244505
0.66512620,0.35617423
0.52622718,0.50777072
0.77217722,0.85436708
0.79163271,0.79423076
0.83073819,0.89748764
0.72306371,0.83244783
0.91599786,0.92120171
0.71552861,0.88900036
0.73233533,0.84893095
0.29196641,0.26438427
0.86359489,0.93618190
0.59108269,0.71952027
0.62379396,0.70891517
0.87246656,0.93338555
0.83644557,0.81782299
0.71101922,0.82515365
0.94431078,0.93354863
0.72573799,0.76575905
0.84181553,0.78066832
0.73502517,0.81996006
0.33173591,0.70684522
0.72728360,0.62531328
0.91263163,0.92056233
0.90750456,0.89564049
0.78489816,0.75606227
0.84974992,0.79218322
0.84858799,0.74072599
0.93506122,0.98071426
0.89766270,0.92811561
0.88520491,0.87471670
0.93071651,0.91462636
0.80248511,0.82258064
0.40062445,0.39279380
0.80713016,0.88937986
0.88053149,0.90602368
0.73464209,0.81310177
0.59026444,0.55831259
0.83539438,0.94914424
0.93460560,0.95865506
0.90812510,0.91876382
0.56352460,0.50917327
0.33197784,0.36498562
0.46293610,0.61657834
0.89956319,0.79741937
0.92394471,0.95239449
0.39969984,0.28675476
0.17492226,0.07518037
0.78499436,0.71153843
0.90475786,0.92348027
0.92276925,0.92421323
0.68609387,0.56428504
0.86458087,0.82616764
0.50523418,0.34419924
0.73342782,0.81334132
0.55306387,0.65832502
0.39308459,0.43220028
0.84349865,0.90905404
0.85114598,0.79105079
0.58485889,0.55054945
0.65616661,0.62651515
0.77327156,0.86879802
0.82115626,0.97530866
0.86548054,0.87283242
0.55454767,0.56747156
0.90486985,0.94212097
0.62441540,0.66474348
0.81100541,0.92114174
0.54865217,0.53451371
0.35525519,0.53433007
0.27601904,0.26161468
0.64693999,0.76617503
0.44012621,0.26211971
0.69751519,0.85384059
0.74028265,0.83106786
0.53036690,0.52025586
0.64951128,0.45982206
0.69616550,0.66571146
0.34876895,0.65996927
0.65758663,0.55469769
0.36115730,0.49744070
0.88450015,0.82678950
0.83248127,0.86687738
0.47711700,0.50203669
0.62630945,0.82179201
0.78110707,0.83482140
0.89918911,0.87538403
0.53690052,0.42339361
0.91741014,0.87560409
0.87185764,0.96667218
0.89894652,0.91998285
0.56568933,0.57792211
0.23725504,0.11602031
0.30192646,0.44695711
0.88790441,0.90727723
0.36587179,0.21682203
0.59695947,0.73896211
0.18809339,0.08269231
0.90992290,0.89456820
0.33397427,0.54569191
0.37247038,0.53317410
0.90769202,0.80749857
0.87441033,0.91145813
0.68233359,0.55948716
0.80825412,0.80233300
0.90200216,0.88644528
0.67016387,0.62116641
0.90572625,0.95716840
0.73835278,0.88170350
0.90701038,0.87957662
0.90607405,0.89387870
0.25976774,0.40693602
0.71356165,0.89572513
0.87794757,0.91693234
0.84707963,0.84765124
0.55370378,0.76251251
0.91182637,0.91515762
0.89881301,0.87500000
0.88151479,0.89019877
0.77964735,0.61056477
0.58494580,0.82854885
0.90239906,0.78734589
0.69028550,0.78923386
0.82776028,0.88581467
0.14343311,0.16648623
0.49661469,0.67439586
0.69083726,0.60586655
0.36430308,0.21057090
0.95280862,0.97528487
0.55745113,0.77255833
0.82983112,0.81333578
0.52564830,0.40319654
0.21828681,0.18734229
0.88494122,0.93949294
0.83305216,0.83993411
0.82212979,0.81172067
0.91870415,0.84017092
0.90981787,0.92468828
0.90898585,0.88304842
0.75046909,0.66082203
0.88290679,0.88372952
0.89232433,0.83225191
0.92191851,0.95003641
0.81566679,0.72066885
0.76497841,0.86759102
0.92145079,0.95790040
0.86585093,0.90465409
0.87265325,0.89721519
0.61129767,0.70557100
0.74075747,0.69692564
0.89800930,0.92170662
0.71057993,0.82425898
0.55614209,0.87733400
0.69753879,0.73381919
0.81765753,0.93076921
0.27254313,0.24927424
0.70485115,0.52957636
0.86537808,0.82738793
0.69553655,0.86590999
0.91102356,0.92802405
0.88126343,0.90368575
0.57205331,0.54557669
0.71241558,0.62063390
0.70195699,0.79854780
0.84660065,0.74737102
0.15362003,0.12833922
0.80499852,0.79881155
0.31754673,0.35335454
0.91188008,0.93185782
0.60235703,0.59370100
0.67911839,0.77021104
0.50117517,0.52511907
0.50528914,0.30528343
0.67588580,0.80870020
0.42452431,0.34392732
0.84660447,0.89617443
0.42494783,0.35266176
0.07327151,0.07075887
0.93539786,0.87498575
0.71444303,0.88172841
0.14939821,0.12780370
0.89112985,0.90276414
0.77280879,0.83361101
0.80057615,0.88522983
0.93898273,0.95717955
0.65283877,0.46015915
0.70559025,0.38126567
0.21631484,0.25172111
0.84545296,0.80265307
0.78468525,0.76514375
0.31266719,0.07320361
0.71776187,0.89524198
0.67408031,0.73342174
0.86522025,0.80329156
0.75366628,0.85264045
0.79671872,0.78269428
0.88749456,0.87559807
0.90361714,0.90807718
0.28758475,0.36312518
0.92030907,0.80876142
0.27426413,0.25291896
0.85021842,0.86300600
0.77661765,0.79727256
0.60342538,0.61340129
0.92137337,0.89284766
0.92555994,0.91649079
0.58551377,0.55881286
0.56786454,0.54536289
0.78648067,0.75468165
0.86371231,0.94361734
0.74302000,0.59260988
0.71626890,0.64701778
0.74501139,0.71809447
0.87682462,0.93402511
0.53462297,0.58740681
0.31266475,0.41599599
0.15926671,0.14241019
0.85087466,0.67805189
0.93744510,0.80217671
0.69613338,0.66494596
0.90510529,0.95568520
0.48489249,0.61684728
0.91941154,0.88004929
0.87472588,0.88933253
0.76500320,0.82872027
0.69379842,0.80215055
0.84277761,0.80901641
0.76468331,0.82661730
0.10256404,0.11900791
0.78036165,0.87948585
0.78279078,0.80047262
0.67633694,0.46851847
0.40229982,0.57297772
0.86466837,0.71595830
0.44677332,0.74690306
0.80203426,0.73192525
0.74916023,0.75357145
0.54586631,0.57308745
0.70470935,0.62363571
0.74816608,0.65479439
0.90772462,0.93142426
0.66688597,0.83667612
0.89376295,0.89990115
0.62722224,0.67989606
0.90966535,0.94007879
0.83482373,0.91771734
0.92295992,0.91071504
0.90209240,0.92906648
0.93035942,0.91549295
0.59052068,0.66958934
0.43937248,0.41143456
0.74550211,0.88174874
0.87862873,0.85992599
-0.03966888,0.13107717
0.83718503,0.89474386
0.83839452,0.68202478
0.91865343,0.94682842
0.77044904,0.63246292
0.90849555,0.62972188
0.43189555,0.37559256
0.86796457,0.80065358
0.89326769,0.92087841
0.31400031,0.36875001
0.91293609,0.91927636
0.50503635,0.46600592
0.53380340,0.61411488
0.92071503,0.89916748
0.89052755,0.92163610
0.88180065,0.93200552
0.66922569,0.61390060
0.82943428,0.65883905
0.90524113,0.67633200
0.86138332,0.86915255
0.17795335,0.15155677
0.52219188,0.49106583
0.64874643,0.69213933
0.27510798,0.24906784
0.48532265,0.54263598
0.84251118,0.77467996
0.69998115,0.68409622
0.19184770,0.29139313
0.47923833,0.51904726
0.40958273,0.38562462
0.83679450,0.84973544
0.92480177,0.95088142
0.92161465,0.94298244
0.91616035,0.86500758
0.84883916,0.90359151
0.90485954,0.87472767
0.65685117,0.46424896
0.93702233,0.95084935
0.74792665,0.77117878
0.60491109,0.58342171
0.91110909,0.91828686
0.73231941,0.80697674
0.63748020,0.71942645
0.86630762,0.93650794
0.54290992,0.57005721
0.55028117,0.51761085
0.83200502,0.75609297
0.56258661,0.45612457
0.73513508,0.73582870
0.57584792,0.38604474
0.91763258,0.90181994
0.71067852,0.73497599
0.80957389,0.88957173
0.28763825,0.34808046
0.82947457,0.92061257
0.81614804,0.90839982
0.57953680,0.55831069
0.54434377,0.72351193
0.91494179,0.93805766
0.57982671,0.64244634
0.58421850,0.32544324
0.72572803,0.73041230
0.44988501,0.34453544
0.47226292,0.50486070
0.54529738,0.78953445
0.88326561,0.94339621
0.35890794,0.30385977
0.67582476,0.64590788
0.86572886,0.85407209
0.83242583,0.91231942
0.69338578,0.18738404
0.46996367,0.45740741
0.87859750,0.96041739
0.61225128,0.72167873
0.50387895,0.42158175
0.87041759,0.91804773
0.77452922,0.78965688
0.48112154,0.52184761
0.83926284,0.87190974
0.93914521,0.94274896
0.83801252,0.80571985
0.78389502,0.07899183
0.80288672,0.60848868
0.88309997,0.89148116
0.54236752,0.51343048
0.92576158,0.92359877
0.67536604,0.79474926
0.69778192,0.88637221
0.85992074,0.98275864
0.87915999,0.89629233
0.83158386,0.89764708
0.83317429,0.84450263
0.50191176,0.61614585
0.19732293,0.17829013
0.90064931,0.92699409
0.77057135,0.81618500
0.57911754,0.53220779
0.88366735,0.92192829
0.43711674,0.33106670
0.50551796,0.44288188
0.68817669,0.56109023
0.65083736,0.43951538
0.90942889,0.92528480
0.89295214,0.93086082
0.38720793,0.26050326
0.63171351,0.56626183
0.28610480,0.36328125
0.78790271,0.92448813
0.73953831,0.82105064
0.57760155,0.68381846
0.66646898,0.82598782
0.55600888,0.50071144
0.90408301,0.94360578
0.76783419,0.90516317
0.65668952,0.72879392
0.62524158,0.76458818
0.87019837,0.88809526
0.92421901,0.92989480
0.92254919,0.98217809
0.59173787,0.86826700
0.83448672,0.56681240
0.83964777,0.85920775
0.57029253,0.57705969
0.95958585,0.88157892
0.68062651,0.78612471
0.75317293,0.94624126
0.55942708,0.54118794
0.69365108,0.63134241
0.63368589,0.87279165
0.46778136,0.31614673
0.86631173,0.86965811
0.81251347,0.88306868
0.85229290,0.92385060
0.73660582,0.76888734
0.84996986,0.84614265
0.75393260,0.72766995
0.13701902,0.11512188
0.93197727,0.93403876
0.84024340,0.82826018
0.90115488,0.87306368
0.75408506,0.87089950
0.59914458,0.75645971
0.82785130,0.85018182
0.86259419,0.66416782
0.67269903,0.75797015
0.36235559,0.25341764
0.53532887,0.61868542
0.87714642,0.93299794
0.65567327,0.53369093
0.48647320,0.50543553
0.86562645,0.94818151
0.74568379,0.89948452
0.87100875,0.88830614
0.66720319,0.55795473
0.75795299,0.71386105
0.69806433,0.76758122
0.80972391,0.75173992
0.70566463,0.67453843
0.20656058,0.15517631
0.14761984,0.08621617
0.88680017,0.87846482
0.79505134,0.77368772
0.26182520,0.32831958
0.61191094,0.69556928
0.79963470,0.85143918
0.69426477,0.96383566
0.76996702,0.91259277
0.51856631,0.42557567
0.91004026,0.88128066
0.52081704,0.73436350
0.77409804,0.75521260
0.95307100,0.94178456
0.83741653,0.83820224
0.71991098,0.90534252
0.84622240,0.90604395
0.61471659,0.54397857
0.23876604,0.34042621
0.61297798,0.74213564
0.42499876,0.46721312
0.73687977,0.83787876
0.88446200,0.77691257
0.63006973,0.78463358
0.66737872,0.54062980
0.61833161,0.56309479
0.91671777,0.90254986
0.75206596,0.81804323
0.89404273,0.88422751
0.71889514,0.82250792
0.49689743,0.68953943
0.83223379,0.90570074
0.92751801,0.94573575
0.94435489,0.98872048
0.36765051,0.28900936
0.83859062,0.79104477
0.89191276,0.93850523
0.91248763,0.89795154
0.77336740,0.83737725
0.51814258,0.74095714
0.33672583,0.33032396
0.34654182,0.34530908
0.80721575,0.80003738
0.71734762,0.74438637
0.89845932,0.86483365
0.24939318,0.16271827
0.37623918,0.27488452
0.88164258,0.97891808
0.72402066,0.81934381
0.72239703,0.87059790
0.67984629,0.53162599
0.76991320,0.89136720
0.74857271,0.78222442
0.67495096,0.87974375
0.14651546,0.17347129
0.79086161,0.78741497
0.51589328,0.57768714
0.77146143,0.66176468
0.71217412,0.37600806
0.73526859,0.90059763
0.93483663,1.00000000
0.59537518,0.75333333
0.44092709,0.51879370
0.80804694,0.87455761
0.74157834,0.88170165
0.26953462,0.33645615
0.82888222,0.78451216
0.90897930,0.87897205
0.47966856,0.37231278
0.56310380,0.65100884
0.89144522,0.98514849
0.43078387,0.34342417
0.89612335,0.94150341
0.84031075,0.86278194
0.62148559,0.73398250
0.38535371,0.18351649
0.91912538,0.17508772
0.74794650,0.54235989
0.78506148,0.88377446
0.88270283,0.88747102
0.82304591,0.68725389
0.81856537,0.94704670
0.71451616,0.76789868
0.85465944,0.90375656
0.55090988,0.38664913
0.78114611,0.58123970
0.88058692,0.94471526
0.45293444,0.58785385
0.16620427,0.13317041
0.72304070,0.82111031
0.76938891,0.81927550
0.72311395,0.50737178
0.27247185,0.35793820
0.82833970,0.94668913
0.70682520,0.78106236
0.74634242,0.76445186
0.82371819,0.94601381
0.83097804,0.90634274
0.63330543,0.68380833
0.89322114,0.90094048
0.40982825,0.20601732
0.64946485,0.57549256
0.36577711,0.40170914
0.59265769,0.56870341
0.84123266,0.70322567
0.31298020,0.56885648
0.92594022,0.95232815
0.89942443,0.97230917
0.88365787,0.90798736
0.46542728,0.50279957
0.85318995,0.93726468
0.38003513,0.47462690
0.86104780,0.98611641
0.73616290,0.84835601
0.48382992,0.45559782
0.84358454,0.90083504
0.84754354,0.91296166
0.88437355,0.94327378
0.52312595,0.16424765
0.47931996,0.55503821
0.89380580,0.91661292
0.43532938,0.45925885
0.22468984,0.29532996
0.91103804,0.87887806
0.87339908,0.90586281
0.30361354,0.17696486
0.51431823,0.82478631
0.83675402,0.86314261
0.74805295,0.76869750
0.50874382,0.53705597
0.90140009,0.92538112
0.27986586,0.56055903
0.88679951,0.88629723
0.62653142,0.75627935
0.92233694,0.93670887
0.61321652,0.82308888
0.53327608,0.40456834
0.79791117,0.91089743
0.69048744,0.78777778
0.86961341,0.92911357
0.71853650,0.69113922
0.88060379,0.90190220
0.73679221,0.63666749
0.88584381,0.85641026
0.43416303,0.17829363
0.77554488,0.69058317
0.14322472,0.15327817
0.90082693,0.90101820
0.89841157,0.91109407
0.92658222,0.95047361
0.94351530,0.92647058
0.60766220,0.68912905
0.86115205,0.92720586
0.31127986,0.42086020
0.26146916,0.27375650
0.91250980,0.86971354
0.84426606,0.89973330
0.77122325,0.79886061
0.34961164,0.43711844
0.89129150,0.98076922
0.27265584,0.10615226
0.78502715,0.83466554
0.78077751,0.88856828
0.88208699,0.94647890
0.34388399,0.43639743
0.54661167,0.55140448
0.83597755,0.87530923
0.73989201,0.78524160
0.91650558,0.91887212
0.92038679,0.96458089
0.61752504,0.73625642
0.70973545,0.62658280
0.78845686,0.84385967
0.67455000,0.15565036
0.94916034,0.95704174
0.88564289,0.89234298
0.34736830,0.52842444
0.89392370,0.87819541
0.93060279,0.88687754
0.72771680,0.73830181
0.59809637,0.52949911
0.81331068,0.71129984
0.72296906,0.86401820
0.78088653,0.84465569
0.30048963,0.62325048
0.75354391,0.70629656
0.92600858,0.96345747
0.72199094,0.85711020
0.62070608,0.42282653
0.82128930,0.83812600
0.79717547,0.91418177
0.71701574,0.53076196
0.75260961,0.76756668
0.53239292,0.48365700
0.64226115,0.84386742
0.79856634,0.87472898
0.47717321,0.43295455
0.80749953,0.15256086
0.48190534,0.56848830
0.38646227,0.46316090
0.60890883,0.84844136
0.31557888,0.58766234
0.86113203,0.93451458
0.91168976,0.94434857
0.72495258,0.87548947
0.80108732,0.66451401
0.88664067,0.93750000
0.79544425,0.87782383
0.78195149,0.77662879
0.45760030,0.52112883
0.82353002,0.74080932
0.44782645,0.35436183
0.92558205,0.90838045
0.85854638,0.86874288
0.52453518,0.40221879
0.75399196,0.68074971
0.83543587,0.27570876
0.64331174,0.65938246
0.64882112,0.75972068
0.83558679,0.72567880
0.89005518,0.92263740
0.78592020,0.90852314
0.66537416,0.77347380
0.80977201,0.90735614
0.30095243,0.39060232
0.89722437,0.93160450
0.86572653,0.93575215
0.88904667,0.95952332
0.89834046,0.92662084
0.18269305,0.13453953
0.61022925,0.80454558
0.90849710,0.97752655
0.13062009,0.84678727
0.73013997,0.82333183
0.86787724,0.93022865
0.68072623,0.61199600
0.64845288,0.77859968
0.72084963,0.80725890
0.75661850,0.83139491
0.80502546,0.83583742
0.82030159,0.87042934
0.53057712,0.70664060
0.43371594,0.36685368
0.70011079,0.74097306
0.62963301,0.79255486
0.90469921,0.84913212
0.83325553,0.71875864
0.66622305,0.67011690
0.79783225,0.32683048
0.57014406,0.55766112
0.78714168,0.85989255
0.20066272,0.19367094
0.78510165,0.93538404
0.90169370,0.90991825
0.83959776,0.68539327
0.89421785,0.91759419
0.75657189,0.72106284
0.37776941,0.32704347
0.87481904,0.93608046
0.73510468,0.86502969
0.89902788,0.95979702
0.78007895,0.84799147
0.27997857,0.37755728
0.91313380,0.95145708
0.58884025,0.56290847
0.83624238,0.91645712
0.89792377,0.95285410
0.70371389,0.62650567
0.38157663,0.32072335
0.86330199,0.89240617
0.47792137,0.35028657
0.50904524,0.71653408
0.89356065,0.88588905
0.39534640,0.26666120
0.78068197,0.74499589
0.80575037,0.83351606
0.85420907,0.96326405
0.76533353,0.90768588
0.91646588,0.94939309
0.76848364,0.85437626
0.86188948,0.95850748
0.45532438,0.54287916
0.36322176,0.36428204
0.86615753,0.88704598
0.65903181,0.43425927
0.91554230,0.94929725
0.63973069,0.71067512
0.80514657,0.63700873
0.81067765,0.86472732
0.79424381,0.71541029
0.69877267,0.63905811
0.81727767,0.80315578
0.89356381,0.88850272
0.71274608,0.66753322
0.48797953,0.44647831
0.68697572,0.62124932
0.62854415,0.87901765
0.78289723,0.78030300
0.37943897,0.52420342
0.80510181,0.92205089
0.79327154,0.78166133
0.81342828,0.73881441
0.79432535,0.84031099
0.56787527,0.63799721
0.92132187,0.94316679
0.86571711,0.93215811
0.87478030,0.89567053
0.83745277,0.25329894
0.70567966,0.86700290
0.88635051,0.95950282
0.90388483,0.88489062
0.77486414,0.86976236
0.76170003,0.76693648
0.46209288,0.30950662
0.79048508,0.72567809
0.90054142,0.97021693
0.24926792,0.21486366
0.84124345,0.78550839
0.87648201,0.93685639
0.53417075,0.49767870
0.64757097,0.69782382
0.32586166,0.25678471
0.89031148,0.86602592
0.72964966,0.55377764
0.65804160,0.62692308
0.56055969,0.46017650
0.89288729,0.92502511
0.87208807,0.88770777
0.70577896,0.82881659
0.63851643,0.50868225
0.86865163,0.92674989
0.41829085,0.36921552
0.91465962,0.90374178
0.88152897,0.88365299
0.65189815,0.72280091
0.46392602,0.36578321
0.68218184,0.84963846
0.93567073,0.95857555
0.81742686,0.91486543
0.81906825,0.82511932
0.49001002,0.54123598
0.83652920,0.87810737
0.88396549,0.88048673
0.88379943,0.86632097
0.90967906,0.89029562
0.87299716,0.92037600
0.45211697,0.57556325
0.57166058,0.68744832
0.92451799,0.90070903
0.51459122,0.65185744
0.84206522,0.84777701
0.31931213,0.32695955
0.92992508,0.99002868
0.63555241,0.69989926
0.83822405,0.71813726
0.81637001,0.61200142
0.68724471,0.49263832
0.92470646,0.94070256
0.93803203,0.96220237
0.77724510,0.85051167
0.93340957,0.91666669
0.84761715,0.77461988
0.33739763,0.46426493
0.36015120,0.17483173
0.94171059,0.88480097
0.70219183,0.83754009
0.82882094,0.84317225
0.82542980,0.83602023
0.24936941,0.11402626
0.86831182,0.95478034
0.88247335,0.91940153
0.93503070,0.97209769
0.82188153,0.88014835
0.66666454,0.51186508
0.85953218,0.92653054
0.91557342,0.96006495
0.76995713,0.67934263
0.81772155,0.71043456
0.91104436,0.92495000
0.70594913,0.35361624
0.43661913,0.50788003
0.93793505,0.98148149
0.54266196,0.68704647
0.79247320,0.86311477
0.46669033,0.52732795
0.83800375,0.88892710
0.89713502,0.95763242
0.75441152,0.80791467
0.83988404,0.83319384
0.87835491,0.81443512
0.48926491,0.68139619
0.63861877,0.74045002
0.49352664,0.80992734
0.84830892,0.87623996
0.22527882,0.67512143
0.60027421,0.60962784
0.86235422,0.94444442
0.82451189,0.91606665
0.56091464,0.35512239
0.89010739,0.90430218
0.94093847,0.92204130
0.60944539,0.55746180
0.40213153,0.49128383
0.92290640,0.89216524
0.91722578,0.95149255
0.92748177,0.98148149
0.61445016,0.94337589
0.83802491,0.80992484
0.90687048,0.90847337
0.83649004,0.92484701
0.56361842,0.26357070
0.10444818,0.08537281
0.92019308,0.93373901
0.81904685,0.87512636
0.91894048,0.91501004
0.77172720,0.95940173
0.92935240,0.91044438
0.54719210,0.59308600
0.84802079,0.90087485
0.74716467,0.61900586
0.65162945,0.82157707
0.58415282,0.52896458
0.83796334,0.73947090
0.77297950,0.79045957
0.54154277,0.54188710
0.80831850,0.87981242
0.61139470,0.65378422
0.44168562,0.61596203
0.93857002,0.94051993
0.69867533,0.74266541
0.67869580,0.64204597
0.83964181,0.88051951
0.86205024,0.89543957
0.77560711,0.81695253
0.74866480,0.91156465
0.75598508,0.64776045
0.92090118,0.92656809
0.86618280,0.93346846
0.84094864,0.92307693
0.88510704,0.91433054
0.84086454,0.88171500
0.78304672,0.78515816
0.30687600,0.21394357
0.80849838,0.71412039
0.49006560,0.37766421
0.90442491,0.86475295
0.16411635,0.16192956
0.56051528,0.68831170
0.89182824,0.87214881
0.83680284,0.77392119
0.23096757,0.17979489
0.44459033,0.87428027
0.26388031,0.35305768
0.84255385,0.92311543
0.92714155,0.97734177
0.51819777,0.44297516
0.64519387,0.58479846
0.74217218,0.77450913
0.92159730,0.91695273
0.93542314,0.95487177
0.91886258,0.94533968
0.78420413,0.80533808
0.80711687,0.94351768
0.92403603,0.93783897
0.88850892,0.89982951
0.80806315,0.69699663
0.44989395,0.49800220
0.25227606,0.21694674
0.60625440,0.17383404
0.80842006,0.82614231
0.81547189,0.87852186
0.83575428,0.92970103
0.84354246,0.92205727
0.81574821,0.79311341
0.37248921,0.51911014
0.60432744,0.67791635
0.69275206,0.69121093
0.77733159,0.77200490
0.93169284,0.96604937
0.30878040,0.38564792
0.72109169,0.81436181
0.64176810,0.62727273
0.49840856,0.46962860
0.89898801,0.94494885
0.70030451,0.77758312
0.49179086,0.64672607
0.52090597,0.74681777
0.86883479,0.90649003
0.70487630,0.69499135
0.65961820,0.55331343
0.37194294,0.52941179
0.16107535,0.12279566
0.69011384,0.20196499
0.72628474,0.66119969
0.86497307,0.80784112
0.70297945,0.62730896
0.89847946,0.92794609
0.80243564,0.84856158
0.32049149,0.30643708
0.44849628,0.55393302
0.91143346,0.93758202
0.46153176,0.32155719
0.84214354,0.81454670
0.93142200,0.89606696
0.42352980,0.36516562
0.93299961,0.93428081
0.30258062,0.23690413
0.90394258,0.84717596
0.78187799,0.91078752
0.76689231,0.90155697
0.88797188,0.91223651
0.16216323,0.26881394
0.70045722,0.84800750
0.48216307,0.42078146
0.93208069,0.92582595
0.66370112,0.61574668
0.72126973,0.91927910
0.89082098,0.95104164
0.68733793,0.85549217
0.56511045,0.62375444
0.87928110,0.93637651
0.82199597,0.89367819
0.91431642,0.98437500
0.59288144,0.53379685
0.76729751,0.80090910
0.49686319,0.51022112
0.90218115,0.90876842
0.67657417,0.91176468
0.83743727,0.95534998
0.95278239,0.93555743
0.83614206,0.86466682
0.91707778,0.95430315
0.79968917,0.93287402
0.56202745,0.78593373
0.61179107,0.69455785
0.83318722,0.91957241
0.73012698,0.94464284
0.89537060,0.93530023
0.87446690,0.90274012
0.62507874,0.45755017
0.69702208,0.56770021
0.45716202,0.36953107
0.80083299,0.85556936
0.62123823,0.62952900
0.89913046,0.92032969
0.75053889,0.78991342
0.80982053,0.79022276
0.92026603,0.93898064
0.45659837,0.61570078
0.59250021,0.61032093
0.81994122,0.80869693
0.58269495,0.52065676
0.87115884,0.88971859
0.55691421,0.76950121
0.49870986,0.74825537
0.86660707,0.92996031
0.88146913,0.85084409
0.88777232,0.92322910
0.77734351,0.86068684
0.81194484,0.82627243
0.83231407,0.87418145
0.25799769,0.38190293
0.60901988,0.70674533
0.53858155,0.45081618
0.15063486,0.19908528
0.90635192,0.93265975
0.17541358,0.13550466
0.88317090,0.82801121
0.82890719,0.82499671
0.79938567,0.82292283
0.84828734,0.61613685
0.52184308,0.41865605
0.71938050,0.85303593
0.72769529,0.72537714
0.88388014,0.90746534
0.68318403,0.65970802
0.71616399,0.79149979
0.60871780,0.51734716
0.68751681,0.70596415
0.77579361,0.86146969
0.25290233,0.59412861
0.83210373,0.90554196
0.48104697,0.31699321
0.74755007,0.79235536
0.83403850,0.96315634
0.91065741,0.95144135
0.61148399,0.69962430
0.85241234,0.93211806
0.85804951,0.79020721
0.13220626,0.13364494
0.85065448,0.89458221
0.60216957,0.70245183
0.49031848,0.88117242
0.65701103,0.81967878
0.36343846,0.45043087
0.90878808,0.92016530
0.66902661,0.74292898
0.76317406,0.86784792
0.59656101,0.48134920
0.25598007,0.38352272
0.93262720,0.90179396
0.51938301,0.62159163
0.62917101,0.82353109
0.73692447,0.74484628
0.40866649,0.46226159
0.92425841,0.94724113
0.62146080,0.64109588
0.42034060,0.63318902
0.82238173,0.87730807
0.61537868,0.54174799
0.30903473,0.26134872
0.39230675,0.39796156
0.90607798,0.96515346
0.81905961,0.84253895
0.90795934,0.89035964
0.76510185,0.68880910
0.65763921,0.80264014
0.79924697,0.94652826
0.37437102,0.40216938
0.48056981,0.32936326
0.90236688,0.88440251
0.85404873,0.91058183
0.88784254,0.95819235
0.81081861,0.80141354
0.76632041,0.81881869
0.20340505,0.33966598
0.85012197,0.83845812
0.62663943,0.72067273
0.81226194,0.71464974
0.86503613,0.94552267
0.69022006,0.82677245
0.88596404,0.89366513
0.33068472,0.44353002
0.85724813,0.86284196
0.85308897,0.90117520
0.61715889,0.67239612
0.48861215,0.45512497
0.34111360,0.41031593
0.83166838,0.85483080
0.10873449,0.12402173
0.89528394,0.87717927
0.81070507,0.76724756
0.67329240,0.74839228
0.87438285,0.95609128
0.87773430,0.87540984
0.92569101,0.89596272
0.88673031,0.78938752
0.85777009,0.86691177
0.56174833,0.85494852
0.34472564,0.39591315
0.81797260,0.92033941
0.90791726,0.88691229
0.14485407,0.17861831
0.81792700,0.77333140
0.77454698,0.77242583
0.82144248,0.90382445
0.91673380,0.96130955
0.78635877,0.90178835
0.91250110,0.86821795
0.47786349,0.51038188
0.49548525,0.52354044
0.64299864,0.39061904
0.81447279,0.78983051
0.89970464,0.90608150
0.82966757,0.86151963
0.27895534,0.16620064
0.83054709,0.81705415
0.34307364,0.14033276
0.77251780,0.94849259
0.87352687,0.93695247
0.90814769,0.90225464
0.64644492,0.68723565
0.74094570,0.70983922
0.88979447,0.93921524
0.93289983,0.97331643
0.83364975,0.94247788
0.93181258,0.94023150
0.88382822,0.89014053
0.58450049,0.58158690
0.91740477,0.95213675
0.92374182,0.96273726
0.67794263,0.29339823
0.94476175,0.94588178
0.46866193,0.35537711
0.88336837,0.90648854
0.87413979,0.92760080
0.63617241,0.61439639
0.35968050,0.61636692
0.84658706,0.82331884
0.93892753,0.95866567
0.88257015,0.87172282
0.43777755,0.44508946
0.62662697,0.71611089
0.60869521,0.74423760
0.64196771,0.72952181
0.50723547,0.41164085
0.79163122,0.82517481
0.91320097,0.94793499
0.68460166,0.72894895
0.70972353,0.77467930
0.67116225,0.75584644
0.69910467,0.86081523
0.84940839,0.79092300
0.86717498,0.95771295
0.28670332,0.23065026
0.58736187,0.40575597
0.92655337,0.91637313
0.87026352,0.85944188
0.91329974,0.82319373
0.90657628,0.87709641
0.69309777,0.85654885
0.87833637,0.81987131
0.60242385,0.75668681
0.82070982,0.96326727
0.85297203,0.90877980
0.76190150,0.78017247
0.81131357,0.89659327
0.81293857,0.45434865
0.84833837,0.93550819
0.43076146,0.33236539
0.58340400,0.67126918
0.90928608,0.86809969
0.74771839,0.76524013
0.90182626,0.95311350
0.64530718,0.70298028
0.66921395,0.63070697
0.54405642,0.38904256
0.62525272,0.67159504
0.87963629,0.89412314
0.48944098,0.78604466
0.88684273,0.89639795
0.86137170,0.90183181
0.73266006,0.77594239
0.44892025,0.66692740
0.83638537,0.92419624
0.47813439,0.43101856
0.81146759,0.73391855
0.94598866,0.93786341
0.83562481,0.92271572
0.87932539,0.86316317
0.53333813,0.74612027
0.84936750,0.84178931
0.88425684,0.94119513
0.79482639,0.89251560
0.87173069,0.08616666
0.84115338,0.94889951
0.84857357,0.85838568
0.68142909,0.78195721
0.51762944,0.50961137
0.89794856,0.91318637
0.47843498,0.58032495
0.71947646,0.72058821
0.80820727,0.87648863
0.73350352,0.89723504
0.89441562,0.97198546
0.56296712,0.53174502
0.47758052,0.74054253
0.86809081,0.89807105
0.88936114,0.87314165
0.59407789,0.49803987
0.81287420,0.91567296
0.70928502,0.70998877
0.80095398,0.79656887
0.71348327,0.76658165
0.91442674,0.92745882
0.75945914,0.94270670
0.91706842,0.88472223
0.61073411,0.91358906
0.92838562,0.94486678
0.84198970,0.89864576
0.85395944,0.91669101
0.71039057,0.86409551
0.88550085,0.93267393
0.59246242,0.75018275
0.62747955,0.74797732
0.91628110,0.87692684
0.42509198,0.45611110
0.80401033,0.88962030
0.77547157,0.73376626
0.84611440,0.87730265
0.67366016,0.65064371
0.30776542,0.24327958
0.89004582,0.90283960
0.85766476,0.89793319
0.91830516,0.90713865
0.85720730,0.86267680
0.68633938,0.83767259
0.55068368,0.75043857
0.25415853,0.29342574
0.48561460,0.37517300
0.40054998,0.27144331
0.39492527,0.53353494
0.90320027,0.93888563
0.48405361,0.53177083
0.51254237,0.55553466
0.84761089,0.83362466
0.85010636,0.80975300
0.70660114,0.73159635
0.43844330,0.41099244
0.88701415,0.85301232
0.38998961,0.22399463
0.81525397,0.84236497
0.90620023,0.83059180
0.79728884,0.70978802
0.86386967,0.90175575
0.80745971,0.88496017
0.91290671,0.88146681
0.85101378,0.92958516
0.82096195,0.92494768
0.88515151,0.89472997
0.78191322,0.79526842
0.53619903,0.55668980
0.57360363,0.60080689
0.89179921,0.89541948
0.84076262,0.90695620
0.64935601,0.64195281
0.92458725,0.89309132
0.84078163,0.92199475
0.44123313,0.46343273
0.51534915,0.48762295
0.47273597,0.37766227
0.73045695,0.84082973
0.78162408,0.82466567
0.62231112,0.78476727
0.58687037,0.57847667
0.71032292,0.86685240
0.34448582,0.48266807
0.92402947,0.92900878
0.91205120,0.94202763
0.53712881,0.53758651
0.86848044,0.95274055
0.81766951,0.81160688
0.58589810,0.54689425
0.70431793,0.43769249
0.90739346,0.95743710
0.25995350,0.26628786
0.93053043,0.71685928
0.91025227,0.92110193
0.92706287,0.89462847
0.75872433,0.94512832
0.50694406,0.53698891
0.73317724,0.89818394
0.74046129,0.66532636
0.83286875,0.80210078
0.36996198,0.13075037
0.90739948,0.95270759
0.88106453,0.86370462
0.34080371,0.49028674
0.88100058,0.86971426
0.45953661,0.28106725
0.50499421,0.62579632
0.74084496,0.70767403
0.58265305,0.49142787
0.88536191,0.87161088
0.71383691,0.81364524
0.85481882,0.82076824
0.82292235,0.76398718
0.83196592,0.70944595
0.70646811,0.81606609
0.61434013,0.77454114
0.55856490,0.51892120
0.35067856,0.33438757
0.92513227,0.87753981
0.93829381,0.93807071
0.72061962,0.81902450
0.86885530,0.83854169
0.76281077,0.73578578
0.21018822,0.24476069
0.63661760,0.53281617
0.82821107,0.92047477
0.87019610,0.82710451
0.78828269,0.90542126
0.35817367,0.51606286
0.77690250,0.73391616
0.91807967,0.93402922
0.36013156,0.65666670
0.91175032,0.89485359
0.54322356,0.31634554
0.82038546,0.93243587
0.49318269,0.64970696
0.86901230,0.90725738
0.73377240,0.71543360
0.40302283,0.75549358
0.93820441,0.93879426
0.79739207,0.80238050
0.56286561,0.59600776
0.68412465,0.65135133
0.80810010,0.74812269
0.89186621,0.94710082
0.80725390,0.95040262
0.36410946,0.41656491
0.65827912,0.83460188
0.47994304,0.65000886
0.64783674,0.59144676
0.49007511,0.40970385
0.91939306,0.91748369
0.87750018,0.89698690
0.35696238,0.38408521
0.91016918,0.82805753
0.83857465,0.79830301
0.92617393,0.90281177
0.64895165,0.87611806
0.91801214,0.87324220
0.87166888,0.88167590
0.87801784,0.97204489
0.91641116,0.93010205
0.93112856,0.95964092
0.86240792,0.73860455
0.39472488,0.49867678
0.38888419,0.50132352
0.64285237,0.69505018
0.73782933,0.84510601
0.88837749,0.95837182
0.88754797,0.92829204
0.69859803,0.83752120
0.92116368,0.98404253
0.83873749,0.90488315
0.90482116,0.95265329
0.89797300,0.89866310
0.33301517,0.48596954
0.37957895,0.47469667
0.65010893,0.64932239
0.79891503,0.91496086
0.79528558,0.90919358
0.85592759,0.93144357
0.89568222,0.94767022
0.57864255,0.59418839
0.76214969,0.81429839
0.89261538,0.87630820
0.80344141,0.86969548
0.85122424,0.90734369
0.30764133,0.23983876
0.93337321,0.95225853
0.57249790,0.74336976
0.38687617,0.20974027
0.90039134,0.85911715
0.85843605,0.92190522
0.65823030,0.63594991
0.90567231,0.87459141
0.93128479,0.91888404
0.89392173,0.87656248
0.78261870,0.72008377
0.86411971,0.91064250
0.92668426,0.91873574
0.76677096,0.88412184
0.91540134,0.96045852
0.57712805,0.59251827
0.92552888,0.98125660
0.74141288,0.71476805
0.93356419,0.91274738
0.92877775,0.93771875
0.78549695,0.90582424
0.83296156,0.86909419
0.33781096,0.66639233
0.40450734,0.56607145
0.87789088,0.86414915
0.56353283,0.73283887
0.77721167,0.72567838
0.84135741,0.80612981
0.87272477,0.76363367
0.87342560,0.92203224
0.38933867,0.30417153
0.20338382,0.24640717
0.88870132,0.94013160
0.48854148,0.61984944
0.78978479,0.85978144
0.89976335,0.75075912
0.79630673,0.77610731
0.89826119,0.94225049
0.37287244,0.43986452
0.49839854,0.64820087
0.52036142,0.65961528
0.75080264,0.82529610
0.14173366,0.13065517
0.42219824,0.27115142
0.87216473,0.85416496
0.92029798,0.90534735
0.92305571,0.94278848
0.75639462,0.72029686
0.80148304,0.92424244
0.75453925,0.91895717
0.72082812,0.66417360
0.22216319,0.32791984
0.88501346,0.90549296
0.83272928,0.95789301
0.85542893,0.89080381
0.61054021,0.77852327
0.92878258,0.99382716
0.81848621,0.88186079
0.65853691,0.88710868
0.90659070,0.92620957
0.58643407,0.68692023
0.86135340,0.89170754
0.86059713,0.75865537
0.81574845,0.88659948
0.88138789,0.90233785
0.65831280,0.59161586
0.80005425,0.84202844
0.39066654,0.40008104
0.41814378,0.19608384
0.23847134,0.38803819
0.90351653,0.83664083
0.91806901,0.93995357
0.14742631,0.17202541
0.80455691,0.94480026
0.70604503,0.91060805
0.93447024,0.95128202
0.71426475,0.72880971
0.68656558,0.64410317
0.50322366,0.59747022
0.84253442,0.89400923
0.86646020,0.96926028
0.30532211,0.28936982
0.86025846,0.90047210
0.84896934,0.88663781
0.64649135,0.65250051
0.45215997,0.68346667
0.66156757,0.69276422
0.85355198,0.90303099
0.65847683,0.76921195
0.41331333,0.57899725
0.94947147,0.97542685
0.91787839,0.94569963
0.92520881,0.87832510
0.83993614,0.77567565
0.88946009,0.85220218
0.90796584,0.93093783
0.38865682,0.53888887
0.65196192,0.67654282
0.15141097,0.30169028
0.69953948,0.73221946
0.88752389,0.88268322
0.60349262,0.53039193
0.87424791,0.82138282
0.92268139,0.95707542
0.87710488,0.80100870
0.55368018,0.16196567
0.44432536,0.46990740
0.66152686,0.93861771
0.26476601,0.36217457
0.82404661,0.80709219
0.78402281,0.86199093
0.89552569,0.90178287
0.81264734,0.80542874
0.82984805,0.80751878
0.94848216,0.80104631
0.85772312,0.88718373
0.78496158,0.69739503
0.87420863,0.97984850
0.45450792,0.36426768
0.87112725,0.88705528
0.47467673,0.36864805
0.70253229,0.66977620
0.89386773,0.88403136
0.73233473,0.76571822
0.32621038,0.37886363
0.59845483,0.65493828
0.49703109,0.43489569
0.79034388,0.73532635
0.80229694,0.81124872
0.87856054,0.99519229
0.89536762,0.84344262
0.71089524,0.78308499
0.87832117,0.86333960
0.84408784,0.90753543
0.70639956,0.72476077
0.73235393,0.92074680
0.50676328,0.35370290
0.94836414,0.95396715
0.88245714,0.87761462
0.73245704,0.81144160
0.94774997,0.95044720
0.91373187,0.93787879
0.87263381,0.85638297
0.76574838,0.85987854
0.87404311,0.82632869
0.89739656,0.89242089
0.63283747,0.82250887
0.84281921,0.81279546
0.77871084,0.94034493
0.83283824,0.77992052
0.71444899,0.76553100
0.47333375,0.68906206
0.82584459,0.82355517
0.42028582,0.35938177
0.86596572,0.87345409
0.81086010,0.88898343
0.86154211,0.89636159
0.91977203,0.92429376
0.70305669,0.67505187
0.43988904,0.44651172
0.83105803,0.88253027
0.95576793,0.97088867
0.77794075,0.86081493
0.90940690,0.93382460
0.47073185,0.54484087
0.57102126,0.75259417
0.78270650,0.80454546
0.84169853,0.84909785
0.87039429,0.95265228
0.90012383,0.92188805
0.53111005,0.46306127
0.92552984,0.91840661
0.70031971,0.68427199
0.95293206,0.94943053
0.86523712,0.92813319
0.53207791,0.37271520
0.78324854,0.75953388
0.93081057,0.89450550
0.76153994,0.85920537
0.65477294,0.73107523
0.82477552,0.83104122
0.90204650,0.91353768
0.91236478,0.97617865
0.87663376,0.89562041
0.21554089,0.41411451
0.88522524,0.91535169
0.81584072,0.87848437
0.61031181,0.77436620
0.75102550,0.89726198
0.87072724,0.91848284
0.43764806,0.40602154
0.89723045,0.95445096
0.86957359,0.78282315
0.62063944,0.79333568
0.72146142,0.73695797
0.69170940,0.74194068
0.80459487,0.88089836
0.69305897,0.70376295
0.84822673,0.79222780
0.42866468,0.53284085
0.68348390,0.69232672
0.79747772,0.87362635
0.87333679,0.93315899
0.89717746,0.89847904
0.93513811,0.95048326
0.81211472,0.82544190
0.45895016,0.45111784
0.80967492,0.76526254
0.75012958,0.66666669
0.94165337,0.97847730
0.70410824,0.94832075
0.77397668,0.86359763
0.87625480,0.93086141
0.88301671,0.87737757
0.81712472,0.73550689
0.72630441,0.51974297
0.88431942,0.90886420
0.85655385,0.38720176
0.84404856,0.91401410
0.56701106,0.48355031
0.63412577,0.62408209
0.42033547,0.48662463
0.86760414,0.86647338
0.84323251,0.95473486
0.59488964,0.71931773
0.92997289,0.95317155
0.50283390,0.61325783
0.43558294,0.48577949
0.48789707,0.71954024
0.93268228,0.93052202
0.56432110,0.66256094
0.86206460,0.88869721
0.81797814,0.87507844
0.87448752,0.81792372
0.88668871,0.86819649
0.79982698,0.86218625
0.83779728,0.88602632
0.91051543,0.91711634
0.49005234,0.63773948
0.91606390,0.89752495
0.91434371,0.93743151
0.59394896,0.49827948
0.76702964,0.88587773
0.79775870,0.77601486
0.79694462,0.85811526
0.76000977,0.85945159
0.71388716,0.70968443
0.46940833,0.61327791
0.89548326,0.92292207
0.83764315,0.82941765
0.75557315,0.66451561
0.71322632,0.92823392
0.78649735,0.71632773
0.89904225,0.94417560
0.72587168,0.68505210
0.88048881,0.91002417
0.86185300,0.91359538
0.67199945,0.85673094
0.71195513,0.70807981
0.75608855,0.76070392
0.18749690,0.13729459
0.68835711,0.68835652
0.62799686,0.72137666
0.79007608,0.82629925
0.92699397,0.86523712
0.55992740,0.59538245
0.15217713,0.15473181
0.86883849,0.73120302
0.51505262,0.72034764
0.69526750,0.81581563
0.58562803,0.49250498
0.93156439,0.92217743
0.61584210,0.81998229
0.80828840,0.74506533
0.78037786,0.66413325
0.46122456,0.50783974
0.91204059,0.94408256
0.41748947,0.37030447
0.59217954,0.87927926
0.54648453,0.53091592
0.89331877,0.95057774
0.86395383,0.80528605
0.33742559,0.37589082
0.79364288,0.83684266
0.90660042,0.97540987
0.44799942,0.62377995
0.63693029,0.48037428
0.47279683,0.46269619
0.69559598,0.93457288
0.82702094,0.80866539
0.84665775,0.89903843
0.73590225,0.84958625
0.59309494,0.61506706
0.86340964,0.76880431
0.75281465,0.90974027
0.75233579,0.79691225
0.42915326,0.87143034
0.78607559,0.76363635
0.40073991,0.40563783
0.82773477,0.74708658
0.86714983,0.97692186
0.23313138,0.42828083
0.90542293,0.92113245
0.84249711,0.83368820
0.88892972,0.85752261
0.86485720,0.89205337
0.56768042,0.55848861
0.86615193,0.92058164
0.92827964,0.86682916
0.84861028,0.86542338
0.78160608,0.34309050
0.22134884,0.10223510
0.87583578,0.85050559
0.77701432,0.79062480
0.85212761,0.92328155
0.92923653,0.97340423
0.43357179,0.40775433
0.74405313,0.75948274
0.84714782,0.78137255
0.89490646,0.88627803
0.88050175,0.81695038
0.75582922,0.75612265
0.22132209,0.15788215
0.78398418,0.92603093
0.84558284,0.62210047
0.31374353,0.33476782
0.56174707,0.83544338
0.86353528,0.88758588
0.84336615,0.78805077
0.48727870,0.49801278
0.51002353,0.60709095
0.80805737,0.84692925
0.72230905,0.72917205
0.83474040,0.90947235
0.87291747,0.91117525
0.89603794,0.93593907
0.39418089,0.60444576
0.68133330,0.73260748
0.71041167,0.66800827
0.88798678,0.90116984
0.63849270,0.66688097
0.87582344,0.94407284
0.73679429,0.83050269
0.93519193,0.96413970
0.40275985,0.30929348
0.82855815,0.93405366
0.75382727,0.84988165
0.80553240,0.85200143
0.15241697,0.11235981
0.81059545,0.70359343
0.79601789,0.69242609
0.84356165,0.85500002
0.71816063,0.71504486
0.48547518,0.56811988
0.76730293,0.84428191
0.57390594,0.45439693
0.72804260,0.62743056
0.18257278,0.29696268
0.87008119,0.85932982
0.77425033,0.85385585
0.34035659,0.52152991
0.51362735,0.50629544
0.89513600,0.92316020
0.89531779,0.88298571
0.87300313,0.92222607
0.82202947,0.85558599
0.60857230,0.43593705
0.84416378,0.99253732
0.29018292,0.19189817
0.68161660,0.55577368
0.91126484,0.92915082
0.22974384,0.17149614
0.93344712,0.90909094
0.46246505,0.48133001
0.23962583,0.26531985
0.34843841,0.34279943
0.75941628,0.94318181
0.15070279,0.16805555
0.89457285,0.92390758
0.91739678,0.90907645
0.80030978,0.90473849
0.67159289,0.60401648
0.90608168,0.94725490
0.66185194,0.51886147
0.82910120,0.90454543
0.84009838,0.89266211
0.63184553,0.63306081
0.85404003,0.80605441
0.49139637,0.49109986
0.93506819,0.93343937
0.79357839,0.82869685
0.87286019,0.76971161
0.68453062,0.75072098
0.53660363,0.59973037
0.88599563,0.93272662
0.15791222,0.16096221
0.58551592,0.83236551
0.17834330,0.14895315
0.81026387,0.74707866
0.44385833,0.32226485
0.45404315,0.56694961
0.86780262,0.89686990
0.91078013,0.94380414
0.46018225,0.72198862
0.34210533,0.33630988
0.69496322,0.79918033
0.74980021,0.80353743
0.75144571,0.77578127
0.88395071,0.85983205
0.63635027,0.79289818
0.91461831,0.17597333
0.24141324,0.27355328
0.72177637,0.70210099
0.87221277,0.90981239
0.81650776,0.80974191
0.81723404,0.94101930
0.84136593,0.74400544
0.56712997,0.47822964
0.88088810,0.88957387
0.84160817,0.91254580
0.67323613,0.81035084
0.91714764,0.91257709
0.29014051,0.41389197
0.77947831,0.85481483
0.49846315,0.49117348
0.88288879,0.91156292
0.51796722,0.41237518
0.81299639,0.73316973
0.86187243,0.90417427
0.87215495,0.84203482
0.79617476,0.87100881
0.59676933,0.64989978
0.77162993,0.66030031
0.79889613,0.84235799
0.38276613,0.53175914
0.37229547,0.42613587
0.72291964,0.74045897
0.74451864,0.92179739
0.76998472,0.83363283
0.68508935,0.74972790
0.88736159,0.93267393
0.94959968,0.90011698
0.85852134,0.80131948
0.57848614,0.68642855
0.73680270,0.81843573
0.63759047,0.70556027
0.72063988,0.86710781
0.73286355,0.88317168
0.94440830,0.53268218
0.54514742,0.71708071
0.39881295,0.49782473
0.71072328,0.63613039
0.94349271,0.95715326
0.92578304,0.94849253
0.38534975,0.43774909
0.85992879,0.80915117
0.86768603,0.92648935
0.91509068,0.90317327
0.87169540,0.88832200
0.91238719,0.94523060
0.86520660,0.90917122
0.34779596,0.51725292
0.81464905,0.93333334
0.92878467,0.95148885
0.32724893,0.49638805
0.74574149,0.88987964
0.63090259,0.52429187
0.75966233,0.76684982
0.91807455,0.92035741
0.65123260,0.60529757
0.58095586,0.59092259
0.66594255,0.57391024
0.73717028,0.77398944
0.79186773,0.80154157
0.81310225,0.90063465
0.88865882,0.94029009
0.76107752,0.82723516
0.29938632,0.32289064
0.60332108,0.58769631
0.52518922,0.56708324
0.74318492,0.88732040
0.88974816,0.83375001
0.85560966,0.83192021
0.84468949,0.87247783
0.62598956,0.75191194
0.48665226,0.54102367
0.62634754,0.58003098
0.31263635,0.43387705
0.89962208,0.89318383
0.87032598,0.97521418
0.88219857,0.92824352
0.84102702,0.85440701
0.41252899,0.24134728
0.52268887,0.46230251
0.86986923,0.95507568
0.89906919,0.90797651
0.84115255,0.87545484
0.59065342,0.55882353
0.27828676,0.41450471
0.92454350,0.94064313
0.76148045,0.79514021
0.72433364,0.62104017
0.63535559,0.74635702
0.66871017,0.74321967
0.65798050,0.64693373
0.49501064,0.64818114
0.71073031,0.81084216
0.81826627,0.94846493
0.84579659,0.85275441
0.22484544,0.16919251
0.62278247,0.73777807
0.65865684,0.60520834
0.82180005,0.72881877
0.32145929,0.13987172
0.75130552,0.74972749
0.52134609,0.57779288
0.87084478,0.91396326
0.26541424,0.49417111
0.92142963,0.90073121
0.65027040,0.68355483
0.34898967,0.45858580
0.47101134,0.59835202
0.38137168,0.60581255
0.54971600,0.27689710
0.75672179,0.88675213
0.82590818,0.89387077
0.91751301,0.86072850
0.85449827,0.90895396
0.43048614,0.12685186
0.88152194,0.94719952
0.88439929,0.80947930
0.68773955,0.87093079
0.70594555,0.53754151
0.60877287,0.48074982
0.78562242,0.70175231
0.61444092,0.80138272
0.35402164,0.18914123
0.80394012,0.89991969
0.80738705,0.90664697
0.92264491,0.92192310
0.77152717,0.70954633
0.67407930,0.64516598
0.89440072,0.93934959
0.73144013,0.68070573
0.73537982,0.78901410
0.24200612,0.25915682
0.93153501,0.93755049
0.55633742,0.78349674
0.45037961,0.30113637
0.75099021,0.79827219
0.62414831,0.70221823
0.78784966,0.96412265
0.27279937,0.30938494
0.20867954,0.24587674
0.80195749,0.91239721
0.46810973,0.43103448
0.81482327,0.65319914
0.83245718,0.91233766
0.54849529,0.55924815
0.67834473,0.89297050
0.90400958,0.92712766
0.71022224,0.65528846
0.91632378,0.91641706
0.80727541,0.91049892
0.67574209,0.72620887
0.83160293,0.92000842
0.92248964,0.90261990
0.83186793,0.94229674
0.66950381,0.74520206
0.61474192,0.70211607
0.89999628,0.98922598
0.65537959,0.69567865
0.76074624,0.91332501
0.89714766,0.97619045
0.81090462,0.91140813
0.90081811,0.97933853
0.88735127,0.92179483
0.87132925,0.83434474
0.40385261,0.43875387
0.25026378,0.12598751
0.88072890,0.80515140
0.91465628,0.78235292
0.92260218,0.89587718
0.90252054,0.92665416
0.64409041,0.64506000
0.68086481,0.73887980
0.91233850,0.92082554
0.86610359,0.89070284
0.88592565,0.66290534
0.90608919,0.94156039
0.49415588,0.53559911
0.76367629,0.70679015
0.88120919,0.87731093
0.89039904,0.91074419
0.50897849,0.52660644
0.74101138,0.69846857
0.94883108,0.92421627
0.79047871,0.86835557
0.43167111,0.50482512
0.86392999,0.82318991
0.39921105,0.30889091
0.60842413,0.55752653
0.43378723,0.31595987
0.59829658,0.83333331
0.34585565,0.33849600
0.74298388,0.79298246
0.80925912,0.71165258
0.34575805,0.31763548
0.45933434,0.39099726
0.80123353,0.73548859
0.18467489,0.34459993
0.78309441,0.88075078
0.69218171,0.85386860
0.85978121,0.84730196
0.84553134,0.84439600
0.64055270,0.89345825
0.70483351,0.78287286
0.85683930,0.90166646
0.39892015,0.49553746
0.87399864,0.90880620
0.81410038,0.84768492
0.75754380,0.83387977
0.86736798,0.75215387
0.82577175,0.76766616
0.63246548,0.53104299
0.65237260,0.81340581
0.81256342,0.75326777
0.53077078,0.51244235
0.30228037,0.34693033
0.83740282,0.79598188
0.87746048,0.90986842
0.48266190,0.45630932
0.88982338,0.89654469
0.74290687,0.68593282
0.47910112,0.60692453
0.68789840,0.84840775
0.47350726,0.35541871
0.58439249,0.63192332
0.50960070,0.77879041
0.34544653,0.39656276
0.93073320,0.94523376
0.61961311,0.63374132
0.92628425,0.98275864
0.73020464,0.85287970
0.37629732,0.18073878
0.53932208,0.67013109
0.87341356,0.95277780
0.84770817,0.70886618
0.84149647,0.94090909
0.27921176,0.37231132
0.65421385,0.79828602
0.78320158,0.78862488
0.13484067,0.14017177
0.85841739,0.86554027
0.94062877,0.95667285
0.81503773,0.84633219
0.87756813,0.96923077
0.82672316,0.89775115
0.70808411,0.64714241
0.74303579,0.83513546
0.47685516,0.72588235
0.78878546,0.84754902
0.56055307,0.71759260
0.69186819,0.70015180
0.49024642,0.75465667
0.32502046,0.41527238
0.82802880,0.85904509
0.79046351,0.74544257
0.55473441,0.70368671
0.83823752,0.96376812
0.89516878,0.99275362
0.86463195,0.82435900
0.46689200,0.59803253
0.79862034,0.82986039
0.61105859,0.63351828
0.84439194,0.81027752
0.85059130,0.95262128
0.54738688,0.80894148
0.87331688,0.85415053
0.67840767,0.22454269
0.68971682,0.83595204
0.77982408,0.70385230
0.86223876,0.85160822
0.18165389,0.13069455
0.93159705,0.95625663
0.47422624,0.44530153
0.64463782,0.84039712
0.42338049,0.43346915
0.74843633,0.89800197
0.93148655,0.90875059
0.84589148,0.82030994
0.83147079,0.79763937
0.35704333,0.24452288
0.78893638,0.83806610
0.68659979,0.65213674
0.75214654,0.57287008
0.89408356,0.92304611
0.71703416,0.94978607
0.65596783,0.64651471
0.90114146,0.86218202
0.91602492,0.91463667
0.61563456,0.84729153
0.68338215,0.75903976
0.35479364,0.45269471
0.89794725,0.92181176
0.95650578,0.95691174
0.81790555,0.79957718
0.85222590,0.87323833
0.87211537,0.62049538
0.72557956,0.83840066
0.94451833,0.94470590
0.86718476,0.63815278
0.70230716,0.81925821
0.85249543,0.76926482
0.87566602,0.93142217
0.61856359,0.64008701
0.82545471,0.83216071
0.87239408,0.93350875
0.76017880,0.83468765
0.90951538,0.91225690
0.91425848,0.79963523
0.85492343,0.94897085
0.59916764,0.75115359
0.60777205,0.66969699
0.92886388,0.94510549
0.39830318,0.46856546
0.57945842,0.56722486
0.76288950,0.79981911
0.73652184,0.91211033
0.83041328,0.90170288
0.90796828,0.96798378
0.74195683,0.67013174
0.88959777,0.88219142
0.88737452,0.91038436
0.83068061,0.79298246
0.90311205,0.86638868
0.14091259,0.12465912
0.59690982,0.90974259
0.53914756,0.39943701
0.42980966,0.46200973
0.58687127,0.82783753
0.81698811,0.82958025
0.93639302,0.94356018
0.37098569,0.33618388
0.79209054,0.73583418
0.49565262,0.55495280
0.67430091,0.50611144
0.75490159,0.84291822
0.91616213,0.88362384
0.49820822,0.53967869
0.18057033,0.29709384
0.63136661,0.68652040
0.86946744,0.87947094
0.78461838,0.68962061
0.54051137,0.60175437
0.67960572,0.59613425
0.67083830,0.54225522
0.79279065,0.88332212
0.88843906,0.87752408
0.91766459,0.89441079
0.11066419,0.06378902
0.85761738,0.90164453
0.26803708,0.46296296
0.73478353,0.67128801
0.61116517,0.57127637
0.70197761,0.79508626
0.85137093,0.93096691
0.90385568,0.91537356
0.90067863,0.95516568
0.79646868,0.74644977
0.92540205,0.96847826
0.52402878,0.55499166
0.65402329,0.75261503
0.50155628,0.42450452
0.88751614,0.89535546
0.94407094,0.90532106
0.83440876,0.81703997
0.75468898,0.85103798
0.79248679,0.90310782
0.92832625,0.97872341
0.84865683,0.96459067
0.80357754,0.76291794
0.83603048,0.74279559
0.88185608,0.89090663
0.42697859,0.53643906
0.85223877,0.84706134
0.54379952,0.53568822
0.89168668,0.89027262
0.86869842,0.87522280
0.69669515,0.68735337
0.93702924,0.90734500
0.47250536,0.59587657
0.61947918,0.49330035
0.73785979,0.60518789
0.90701640,0.87993860
0.78173745,0.88662660
0.63711852,0.59807694
0.85154444,0.85897189
0.76098520,0.78093833
0.20517407,0.22644928
0.89380598,0.84770489
0.51460409,0.81561995
0.53461009,0.42962953
0.83084798,0.94712073
0.82951403,0.77471656
0.71776742,0.76811635
0.56162411,0.48900464
0.88621950,0.75165170
0.77490735,0.88255924
0.84913909,0.90447593
0.81834149,0.82797444
0.30174243,0.30609041
0.59839708,0.59229332
0.65489137,0.74305391
0.86020201,0.82886869
0.91516638,0.94409192
0.81361413,0.78591627
0.24410048,0.71623808
0.65283346,0.47535211
0.92590272,0.94798648
0.40657219,0.36237374
0.80556285,0.83224422
0.85176426,0.83307701
0.54568893,0.65434241
0.46081960,0.55239666
0.90012693,0.93473929
0.82087374,0.93723059
0.88671374,0.93569988
0.92296475,0.87917340
0.82822597,0.88735884
0.87830317,0.88899755
0.48238599,0.74898958
0.56850344,0.68114477
0.85850167,0.58571428
0.46574306,0.48970768
0.82760525,0.86167032
0.32864559,0.29080674
-0.00843411,0.93277830
0.82293665,0.81553400
0.75736701,0.77173913
0.71419811,0.73167789
0.71944684,0.81875646
0.95995528,0.94533569
0.49608225,0.52331150
0.62250024,0.82278323
0.86451006,0.89532495
0.94453073,0.93501192
0.78806096,0.94000000
0.87295651,0.93757176
0.34587961,0.28643617
0.41535133,0.38437003
0.65784681,0.86175376
0.46236503,0.66428620
0.22640753,0.42257217
0.53787947,0.65077490
0.88223594,0.91923076
0.58725888,0.67142022
0.46971834,0.48139769
0.86407018,0.85357428
0.44076723,0.56810105
0.88048726,0.87248802
0.79237282,0.95862800
0.78653264,0.82238585
0.65421283,0.62078261
0.90746319,0.80750889
0.83121300,0.83243144
0.92929077,0.85847986
0.95346653,0.91971737
0.61883742,0.69436836
0.85851467,0.75966048
0.47426271,0.41319931
0.87981665,0.88292122
0.83251762,0.74175900
0.80093515,0.85444778
0.60051101,0.65708536
0.88371545,0.91202533
0.71719170,0.79289150
0.24834384,0.11148074
0.52576530,0.49401122
0.78446472,0.76232862
0.91248953,0.92849016
0.24018040,0.19169508
0.24339189,0.14660482
0.84496284,0.88060230
0.56709677,0.71151268
0.44259557,0.26976076
0.78389287,0.87049526
0.64562249,0.64069766
0.70318472,0.70906752
0.24727228,0.20999916
0.85635346,0.90540540
0.45086473,0.58448458
0.47977871,0.59448087
0.87762761,0.73690474
0.58972889,0.68911612
0.82320845,0.86158252
0.64433259,0.79910553
0.88240397,0.88239187
0.84209120,0.90231508
0.46587855,0.49682686
0.62922269,0.33763418
0.86025417,0.95539623
0.67067486,0.42209944
0.67398173,0.84276849
0.73228347,0.83121246
0.33701676,0.33246276
0.84853059,0.87292683
0.86020184,0.81089091
0.88117933,0.82630205
0.87708724,0.78991252
0.83835161,0.86705172
0.60850102,0.61377645
0.25782010,0.34832197
0.86613774,0.91766828
0.57030690,0.32575008
0.45411479,0.60423815
0.84272492,0.88158941
0.71971852,0.90737563
0.66527003,0.83232540
0.66899383,0.83195084
0.73832202,0.73680902
0.80086058,0.98660505
0.37352824,0.62205803
0.55864322,0.69734889
0.89319378,0.88779718
0.85299087,0.91158903
0.79703689,0.74469572
0.91616094,0.94096643
0.64668238,0.72543061
0.77183658,0.79676998
0.90300262,0.95966935
0.74937284,0.87531143
0.54801446,0.58723468
0.51181531,0.42238268
0.84119529,0.81438857
0.61961192,0.61333448
0.66582549,0.45584652
0.61868978,0.72169811
0.91773105,0.82912940
0.90565997,0.90630299
0.87237084,0.85919821
0.92037141,0.89294875
0.28346440,0.35851455
0.37894163,0.50331545
0.90370464,0.76369637
0.54394501,0.51747334
0.88776171,0.96570659
0.36748019,0.37821880
0.89382780,0.94701755
0.41342086,0.36748573
0.48305464,0.48774403
0.90169454,0.91049600
0.84907937,0.88741851
0.87077993,0.98275864
0.96171236,0.98849702
0.94499636,0.90976351
0.32251954,0.24929525
0.47228926,0.50047541
0.92495561,0.89817476
0.91169244,0.85895091
0.90264189,0.82343489
0.15316412,0.09733385
0.57407731,0.56538570
0.68366128,0.69834185
0.76405257,0.88496679
0.45448455,0.64710796
0.92251480,0.93648565
0.69764888,0.71581823
0.77361608,0.78080195
0.41978985,0.42770770
0.84580672,0.91392887
0.89100063,0.90552974
0.89695483,0.91573662
0.59284759,0.68036401
0.87958926,0.89907104
0.63186479,0.44020849
0.66326809,0.65571481
0.89201903,0.94130152
0.70620966,0.80382884
0.64817280,0.71913344
0.15669271,0.16865297
0.71675992,0.14304200
0.19390987,0.21486166
0.41062519,0.31148237
0.87927061,0.91949451
0.91792846,0.96001065
0.88314611,0.95454544
0.79267722,0.66906595
0.89644849,0.85357368
0.52173305,0.67364585
0.78487599,0.79618436
0.73102999,0.84451681
0.34662700,0.44881848
0.90517020,0.85982561
0.81612289,0.79611725
0.29567951,0.24394307
0.64874852,0.81831789
0.48395216,0.41585678
0.86671811,0.87915879
0.51279622,0.40451533
0.69125432,0.72263235
0.88031530,0.94221395
0.71953368,0.75266081
0.88473463,0.91873604
0.68073851,0.74833596
0.82700777,0.85856056
0.66957676,0.81048852
0.84285271,0.89603448
0.21678850,0.26633644
0.83391178,0.81332099
0.62685615,0.70573384
0.91573167,0.97651005
0.82394350,0.91983503
0.92815369,0.91829187
0.37952402,0.35841557
0.92437208,0.91055554
0.60472828,0.74782741
0.93623030,0.94044352
0.93862832,0.96733141
0.84455740,0.92955494
0.76661706,0.83844447
0.74944913,0.58614844
0.78942174,0.88006818
0.86671776,0.92288601
0.34732240,0.26272455
0.87350065,0.83190924
0.45877534,0.72027773
0.77605164,0.93526757
0.70764637,0.68704498
0.20672466,0.15570776
0.67887110,0.65136182
0.89549297,0.92125106
0.47883019,0.79162019
0.80452776,0.85636902
0.87078047,0.88357931
0.55938417,0.88174993
0.76482880,0.79741377
0.47632924,0.64639425
0.45262897,0.53909063
0.59779358,0.62573582
0.81914985,0.87221742
0.63530660,0.79562014
0.64276475,0.78673470
0.78484416,0.82393950
0.45036119,0.43288681
0.51862150,0.25553018
0.79719698,0.87876654
0.86007845,0.76957691
0.81187832,0.74898672
0.63275653,0.41086957
0.31281707,0.34485158
0.46231109,0.53546131
0.77400696,0.96666664
0.91143596,0.95023924
0.76980412,0.87311041
0.90943980,0.91178250
0.81321430,0.83515948
0.69204891,0.58434588
0.95239031,0.89346659
0.93223858,0.98982012
0.86782980,0.87994564
0.83497733,0.76127243
0.86242092,0.85837102
0.92686629,0.91895425
0.27372128,0.24012481
0.79695594,0.84508663
0.87934232,0.87620687
0.59879422,0.54030800
0.82285213,0.76951873
0.93361712,0.97838503
0.84299874,0.80167454
0.71161270,0.57442808
0.51875585,0.77140731
0.87055850,0.81005025
0.82766461,0.85648358
0.91327524,0.86341697
0.88634366,0.77339107
0.87415004,0.87987375
0.19396439,0.11469042
0.84338713,0.88720489
0.93099833,0.93778312
0.64189708,0.69335526
0.93848133,0.93119937
0.82798004,0.89935899
0.88859403,0.88697916
0.76270223,0.75230956
0.80110264,0.73787737
0.91063869,0.95592654
0.62765920,0.60129112
0.91449594,0.97611338
0.92195415,0.90174145
0.87085330,0.89140624
0.37395549,0.66635603
0.78500783,0.80292118
0.74857694,0.74788964
0.93425214,0.85470283
0.36850709,0.35770595
0.59164357,0.59154373
0.78319460,0.82882243
0.88752431,0.90482342
0.69957078,0.59700030
0.85992306,0.89153439
0.93399543,0.97311831
0.62464607,0.53575748
0.19191810,0.15808170
0.76222485,0.71256495
0.78515124,0.87203765
0.80481726,0.49895087
0.70243269,0.56250000
0.66363180,0.52228165
0.62836671,0.83328664
0.69997609,0.80661660
0.90937090,0.93434107
0.57248014,0.64884073
0.75067782,0.75838923
0.05700103,0.04953431
0.84787709,0.85798162
0.72754115,0.80806857
0.91214323,0.93983078
0.54759514,0.50126493
0.90947366,0.88039112
0.82477069,0.94798410
0.74965620,0.87687516
0.60748827,0.58634460
0.88962603,0.91057914
0.46187484,0.48184818
0.49509579,0.33665380
0.82460415,0.85242832
0.90500045,0.90735292
0.48803520,0.40943256
0.29968190,0.44473892
0.85684055,0.81955886
0.84380352,0.83082032
0.91339529,0.91540599
0.19154441,0.37155995
0.24378535,0.13041443
0.64724696,0.67618191
0.87828171,0.93599880
0.92042327,0.85991228
0.93079388,0.94861281
0.85262132,0.77751720
0.77726203,0.61105484
0.87453306,0.89774948
0.75831956,0.34511524
0.88570571,0.87132150
0.93026853,0.94743907
0.55174381,0.61226863
0.74422336,0.80778700
0.93987918,0.93322879
0.93711030,0.97222221
0.29565430,0.42358845
0.88568723,0.92842150
0.81779915,0.87963533
0.91712546,0.93257427
0.77787930,0.84153783
0.86209154,0.93129760
0.69191885,0.68185139
0.81915975,0.94208270
0.74914074,0.69028759
0.89788580,0.85408163
0.52960259,0.73607951
0.85413074,0.88519126
0.55898261,0.50528187
0.83492732,0.84792101
0.82679844,0.75366879
0.43628246,0.50658047
0.82540429,0.64404887
0.89463508,0.89263630
0.49921316,0.49252614
0.63523924,0.65751696
0.68635190,0.58521760
0.69266349,0.70898658
0.93543494,0.94868690
0.66594785,0.79000568
0.75030929,0.87812442
0.85260707,0.90679687
0.84127152,0.93229169
0.49385786,0.40523237
0.71220988,0.86327744
0.85104787,0.69556737
0.71076202,0.80346686
0.59366113,0.67167324
0.91992211,0.82744044
0.63907140,0.75187397
0.47196358,0.57973754
0.86516809,0.96288943
0.82062840,0.96245849
0.92605245,0.97161305
0.82863796,0.92712247
0.82131046,0.83955443
0.42745024,0.59445947
0.71594095,0.79835540
0.75786281,0.85104710
0.86039567,0.85698450
0.60873127,0.75783801
0.68399918,0.68147451
0.31056735,0.68763447
0.89114571,0.86583000
0.81093657,0.83552742
0.92818862,0.92595226
0.73422289,0.80328435
0.73788553,0.76440734
0.78251618,0.48274773
0.76568604,0.85425282
0.25655738,0.35217968
0.82402766,0.95604396
0.71165180,0.57052928
0.79463100,0.65849674
0.95550275,0.97115386
0.56601280,0.51422232
0.87962508,0.94842172
0.86160004,0.86075163
0.91400695,0.97244149
0.91348124,0.88086736
0.06890228,0.04580267
0.56631625,0.71991873
0.74690497,0.90789473
0.91412723,0.83249384
0.89709759,0.88196427
0.86002594,0.86628664
0.81609893,0.91282797
0.86766803,0.91710097
0.84520161,0.81452864
0.74973750,0.67801344
0.68052161,0.47775811
0.82939053,0.80510753
0.54648340,0.67446810
0.91968739,0.84147245
0.92801589,0.93378329
0.88908535,0.84296876
0.81985599,0.73563290
0.55249602,0.43004099
0.13656946,0.11223690
0.62536561,0.57947791
0.92019212,0.94054466
0.92704237,0.93813747
0.92963707,0.86860120
0.54123628,0.62798101
0.93326682,0.95646960
0.56126451,0.47371379
0.55112559,0.94417387
0.90011609,0.96932012
0.69998997,0.56598759
0.77910388,0.80576950
0.43140864,0.33701411
0.74346960,0.69234240
0.91632915,0.84282053
0.22610036,0.26069599
0.50946176,0.73901176
0.84951580,0.93899584
0.77335119,0.60856491
0.19188350,0.14977884
0.83509016,0.89643747
0.79975730,0.84919506
0.67915279,0.78197366
0.82149249,0.84337187
0.67974061,0.62717295
0.67592394,0.77907377
0.86107022,0.85116220
0.54973406,0.62323946
0.48347750,0.65485609
0.91681612,0.97540987
0.86839592,0.86293226
0.68301481,0.81600612
0.42340592,0.47790524
0.88910234,0.95002931
0.92858028,0.94913703
0.58299708,0.58176565
0.89431703,0.90195483
0.47205171,0.50837183
0.45448023,0.54774100
0.52343732,0.57565135
0.74593377,0.80611110
0.43213516,0.39445871
0.79268938,0.96013117
0.06429419,0.19643602
0.91992420,0.96178591
0.43258160,0.24278516
0.93854702,0.96150458
0.84408718,0.83796620
0.91331494,0.92015117
0.89109886,0.94868141
0.59623939,0.59982920
0.72748417,0.76569235
0.89630151,0.88745636
0.90900898,0.95939767
0.37281734,0.34010842
0.79354382,0.80897957
0.79548603,0.89536291
0.32045674,0.32583460
0.65529478,0.71392745
0.93724304,0.95888788
0.85312307,0.88028204
0.85446513,0.88586742
0.68317449,0.68154299
0.92280710,0.94550353
0.86068344,0.94453758
0.64097297,0.73705500
0.92312270,0.90509939
0.38730830,0.17494252
0.79664844,0.87989235
0.53409767,0.68179667
0.68122518,0.79959714
0.65347689,0.59616596
0.84158957,0.84470910
0.88182819,0.99497414
0.24409133,0.26573077
0.91647899,0.96437126
0.79030150,0.87511498
0.64907485,0.63227510
0.72712111,0.80413121
0.89601398,0.87317926
0.81303239,0.71612072
0.88095450,0.87742949
0.43105549,0.84252799
0.90038061,0.88625824
0.68322909,0.70597845
0.84402764,0.82569063
0.26653263,0.28093535
0.40949756,0.45139080
0.86463779,0.85651290
0.07067810,0.25443321
0.90022123,0.87771767
0.82225049,0.92113006
0.87139261,0.78771532
0.51795119,0.56883347
0.71705639,0.68409812
0.63808954,0.51866502
0.88652915,0.89704436
0.77650988,0.64072943
0.91683102,0.97974503
0.74986076,0.83071285
0.83375788,0.84090102
0.41889974,0.29403645
0.79297745,0.77840394
0.60823953,0.76021636
0.50791574,0.78524214
0.90390056,0.89633226
0.91220117,0.94120151
0.72406948,0.87318563
0.83818078,0.82413101
0.92239726,0.95733041
0.87551057,0.90329397
0.19288041,0.11286988
0.39455840,0.44786826
0.73094893,0.70078200
0.59658337,0.70576924
0.66306555,0.77261633
0.69427848,0.51436228
0.59237480,0.64331055
0.76618195,0.77381706
0.83909094,0.94997269
0.83508426,0.57921028
0.81845355,0.96609181
0.61363780,0.83745748
0.88249671,0.87462234
0.83491051,0.86753249
0.80210233,0.90942913
0.86857468,0.92438066
0.85059041,0.81891280
0.84186721,0.91215152
0.65538925,0.70312828
0.82694799,0.81175274
0.85358226,0.87305474
0.89393890,0.89770633
0.75389475,0.50900257
0.38374433,0.54919863
0.88664281,0.99425286
0.82272166,0.90091950
0.85214448,0.80878663
0.71395755,0.83850265
0.79706663,0.74399853
0.90342438,0.92098033
0.38660991,0.62598270
0.87307978,0.76550871
0.93005151,0.87920874
0.23183046,0.25909430
0.80225939,0.76881856
0.94465244,0.92859668
0.75066251,0.71317309
0.57869250,0.77956986
0.70656222,0.86996698
0.51094228,0.45161444
0.82630950,0.98084825
0.83150697,0.84113801
0.82721090,0.84279549
0.73306835,0.70817608
0.40456462,0.44838309
0.76995653,0.85638946
0.69295990,0.99642855
0.93154240,0.95770979
0.86483294,0.87345171
0.61833322,0.73427027
0.90038848,0.84351897
0.91317523,0.92926937
0.91703987,0.92618775
0.45986447,0.45971575
0.85882038,0.90075141
0.79685056,0.82073301
0.89253426,0.90561372
0.90224952,0.84722221
0.88590878,0.92095351
0.88151622,0.88191885
0.20264456,0.07497706
0.31818891,0.14390244
0.85132557,0.84716874
0.90490919,0.88255036
0.72635752,0.85113996
0.90349525,0.94928300
0.56433570,0.73880899
0.54990560,0.62105978
0.81852072,0.81262982
0.58795792,0.55583185
0.90303326,0.88450295
0.44777018,0.43947282
0.86865479,0.93605608
0.69477910,0.74731505
0.49726531,0.60952902
0.56672293,0.71591765
0.89664292,0.90945148
0.69062638,0.61156446
0.63599288,0.66399556
0.75660729,0.82773900
0.64791048,0.99888641
0.76866627,0.80901307
0.75397623,0.83635467
0.62415934,0.62672049
0.70233256,0.62334055
0.87505257,0.80335766
0.48412037,0.57727122
0.61143970,0.69110304
0.76193440,0.87603253
0.52682322,0.62082064
0.67419332,0.60234964
0.44462895,0.31594202
0.30013633,0.45400271
0.55288166,0.73377436
0.59270746,0.54876393
0.54792154,0.67029285
0.82572436,0.89851618
0.82290334,0.70219976
0.85157621,0.79977137
0.75985396,0.75698471
0.66681576,0.80296588
0.91510594,0.98493630
0.64850360,0.73153740
0.91588134,0.91952467
0.73092538,0.74732560
0.25461850,0.27417654
0.77294505,0.90460300
0.51607764,0.61332309
0.80403376,0.90574151
0.90863156,0.93852460
0.42159903,0.41883275
0.41441190,0.45576829
0.54408330,0.40355298
0.87288600,0.90396249
0.77563810,0.87063295
0.26997253,0.24686849
0.92443168,0.90374649
0.89680064,0.80468750
0.73488730,0.92537314
0.77844644,0.82373244
0.89729559,0.90890688
0.43791467,0.41073257
0.88475418,0.92492646
0.84861237,0.89233661
0.75675094,0.75138891
0.85242474,0.78554803
0.64844525,0.68115872
0.58449775,0.59684193
0.79310590,0.34331059
0.92893112,0.95993030
0.89378536,0.75191104
0.84776491,0.92942840
0.08939520,0.05887888
0.75996369,0.86328375
0.92411411,0.92137265
0.88916957,0.94824338
0.82533193,0.92727274
0.40282601,0.44329169
0.14955527,0.16621801
0.74827302,0.81493509
0.74332303,0.77093369
0.67474842,0.36946368
0.86885881,0.94431466
0.76021874,0.86139697
0.64912599,0.71845347
0.57497221,0.42334017
0.76513898,0.88576943
0.91149688,0.98041666
0.83694047,0.89055043
0.43030226,0.45699394
0.54616427,0.43135002
0.67323554,0.56313431
0.64336735,0.65316665
0.74631572,0.88094515
0.77550352,0.81349206
0.62690717,0.69447440
0.57680565,0.53202736
0.36699110,0.19074610
0.81954432,0.62072283
0.59747022,0.62310362
0.15975547,0.17857143
0.93507051,0.93130344
0.33939016,0.26686859
0.38578567,0.41347429
0.57301378,0.34925410
0.93332493,0.92120683
0.72959363,0.71532255
0.78473151,0.91563803
0.31501576,0.36190981
0.50634027,0.68842268
0.46323401,0.75373417
0.90652293,0.91406190
0.53602183,0.61812866
0.83409655,0.88348532
0.94293362,0.96102065
0.79637426,0.76305968
0.81533599,0.93243456
0.68865108,0.88182276
0.75259715,0.68118411
0.68228596,0.86943781
0.88341939,0.93299937
0.57223988,0.82679921
0.75867444,0.90753287
0.65534616,0.56599897
0.83018291,0.58724594
0.91684389,0.93863815
0.85880983,0.78259116
0.87979203,0.85712564
0.91176426,0.94747758
0.94466567,0.93136072
0.19574636,0.38836405
0.54493201,0.83414632
0.85557038,0.81010693
0.81536311,0.73488325
0.72771859,0.91078430
0.86741811,0.95604217
0.41241884,0.61352813
0.30122742,0.28458738
0.56495196,0.64388865
0.28514031,0.31385612
0.66471100,0.58470148
0.92230427,0.90445155
0.74141592,0.73867559
0.90194786,0.86246496
0.26911071,0.37729108
0.64764923,0.66213691
0.76417780,0.78770852
0.48383948,0.38212597
0.24098304,0.21620715
0.50987649,0.44405919
0.84249365,0.88106066
0.72243226,0.77390367
0.74678624,0.82036614
0.79292870,0.80996716
0.90559989,0.85842067
0.91868556,0.90472430
0.84176755,0.40315506
0.71309984,0.60859418
0.76620770,0.73751736
0.73479843,0.73597103
0.82443321,0.80103737
0.88328183,0.83284163
0.26173320,0.27266225
0.66306096,0.60189211
0.75726533,0.84333014
0.94323277,0.97828609
0.87088704,0.78776121
0.74590033,0.74959815
0.62610340,0.84598929
0.81790227,0.80587584
0.75675154,0.72466218
0.88274330,0.88078433
0.84382248,0.93350166
0.62227452,0.39687431
0.66362190,0.53868902
0.42128485,0.39282146
0.42815873,0.46381423
0.88788068,0.91736388
0.81038761,0.81108958
0.66199297,0.69661492
0.63247085,0.62597948
0.94553328,0.80019981
0.47670662,0.47633147
0.82345968,0.84880120
0.79095155,0.83789790
0.70869523,0.67357653
0.73172295,0.72186613
0.65870893,0.51307732
0.75526667,0.77973855
0.31146908,0.34047765
0.40052533,0.55808079
0.42928359,0.41156632
0.48819575,0.51598209
0.90470016,0.89465147
0.74207479,0.84753376
0.75271344,0.70289034
0.91213644,0.94705653
0.89591396,0.92244416
0.92261243,0.94948977
0.40913433,0.63704205
0.86615705,0.88767505
0.33709610,0.44295454
0.78113711,0.91778165
0.94198453,0.96724421
0.84576660,0.71548676
0.59968460,0.70466030
0.90882957,0.96487606
0.66367745,0.69793046
0.89093566,0.83635980
0.94525981,0.95140678
0.64591813,0.73388773
0.35124165,0.30173033
0.85508084,0.91107738
0.82392049,0.84156317
0.68012780,0.68461519
0.81745613,0.82612556
0.91455817,0.90076631
0.67875201,0.57860386
0.90196079,0.89237136
0.88088930,0.80948132
0.77788711,0.63861454
0.33551711,0.38626665
0.57025719,0.52671957
0.48393351,0.87913013
0.91032505,0.95767272
0.82816488,0.86352932
0.48748463,0.33011273
0.83532137,0.94629246
0.92813134,0.93036580
0.88717830,0.91126776
0.92062044,0.97853369
0.56947434,0.64231008
0.81066221,0.78312474
0.92997205,0.96205503
0.90991652,0.91715837
0.76674598,0.68434751
0.87786829,0.88573885
0.87194633,0.89452815
0.33515787,0.26408178
0.56806564,0.52276689
0.88309085,0.91676831
0.71844792,0.59834677
0.78178138,0.62980771
0.83129895,0.84498233
0.92017317,0.97385532
0.70896494,0.71306640
0.82632589,0.85761565
0.31426781,0.26958776
0.86743319,0.88651258
0.90084350,0.97886825
0.86878866,0.88575268
0.83249813,0.81904554
0.81710666,0.85631067
0.85680521,0.78633600
0.40626866,0.53611565
0.71803707,0.52867132
0.80531275,0.58175290
0.87769592,0.74276859
0.26541021,0.16462965
0.92063612,0.93084574
0.27837643,0.92125493
0.76009822,0.86562502
0.55544782,0.52665967
0.70432520,0.76739419
0.84975451,0.86697251
0.88911211,0.90608108
0.18104100,0.21021059
0.81615317,0.71524066
0.72156137,0.82290912
0.68924272,0.77031821
0.76376742,0.79810995
0.73504162,0.51792771
0.52197701,0.67713457
0.71536922,0.73488283
0.88013649,0.88671398
0.87834764,0.86932921
0.40641803,0.45771959
0.64621991,0.53966188
0.85217619,0.88286805
0.73296893,0.80708271
0.78526270,0.92190522
0.86147404,0.70137870
0.79326910,0.84829384
0.87521911,0.83466822
0.77942204,0.71924812
0.86973202,0.93329918
0.64736176,0.76857030
0.37782186,0.55803180
0.88520014,0.88090771
0.89749992,0.84025007
0.92877853,0.91762823
0.81654513,0.86246240
0.42616358,0.51923591
0.54793042,0.53985041
0.36044377,0.41860464
0.85568047,0.74591571
0.68715596,0.71431565
0.81482744,0.85822320
0.79888737,0.86392111
0.81182945,0.84782684
0.49867857,0.31394839
0.63733792,0.64767081
0.60504699,0.60114735
0.80030721,0.80974412
0.38654637,0.37164414
0.49985427,0.46460047
0.77487671,0.84319019
0.28968775,0.16497388
0.89634693,0.94478381
0.60205054,0.60501510
0.82030261,0.81430602
0.86998504,0.85963488
0.67286730,0.52581948
0.81878811,0.90674686
0.65587109,0.59478402
0.80829895,0.84960896
0.74285030,0.80011517
0.26491368,0.29427531
0.88952023,0.88049716
0.90405893,0.94305301
0.75856864,0.88107681
0.80587685,0.66533875
0.89298177,0.92313504
0.62086713,0.73524374
0.82085353,0.86621511
0.95422292,0.93106729
0.61693859,0.47980279
0.85900629,0.83803141
0.91451144,0.86684155
0.81209517,0.88924634
0.63369006,0.68040210
0.61308062,0.81234568
0.44796541,0.34900808
0.85837555,0.93970716
0.90271974,0.92941880
0.70525706,0.80512625
0.69539189,0.91325521
0.93165219,0.74869227
0.27187321,0.21674128
0.80925775,0.95140427
0.77080131,0.76357943
0.72033083,0.73503256
0.88397050,0.93443501
0.43537545,0.43088040
0.55876732,0.61491698
0.20439179,0.20233637
0.73457319,0.93137479
0.74204683,0.88597447
0.84103525,0.82273108
0.92640138,0.95281094
0.92450762,0.95226735
0.86863387,0.78538090
0.94377327,0.94541657
0.90369719,0.90407228
0.62544334,0.57378972
0.80114770,0.81096095
0.85820973,0.94468367
0.70209849,0.91102755
0.65957695,0.65889424
0.27495265,0.55896705
0.23538370,0.25727087
0.44522730,0.55153459
0.60848260,0.56407166
0.54557562,0.62411201
0.38470462,0.44689736
0.72776139,0.89418244
0.81500024,0.74401551
0.86780751,0.91926515
0.49988469,0.48811969
0.64959782,0.60936344
0.89191943,0.96453899
0.88685524,0.94567049
0.45784855,0.58518744
0.64122474,0.85896105
0.86713016,0.92436975
0.60975432,0.76619637
0.60271448,0.37865728
0.57861185,0.53696579
0.80175376,0.68268484
0.52013022,0.54181010
0.85294139,0.86332214
0.43674386,0.63521641
0.80812883,0.87784016
0.84707701,0.94144881
0.59799623,0.56423545
0.88572454,0.88804388
0.72533941,0.90700543
0.89336383,0.95015210
0.37466794,0.62058789
0.79525089,0.79883087
0.74881196,0.92123985
0.21261150,0.29284340
0.64414334,0.65918279
0.93771988,0.95156682
0.64054281,0.83087158
0.66790861,0.55090457
0.89914644,0.89478815
0.59993774,0.71079355
0.26417738,0.29572579
0.82721162,0.90395570
0.67031032,0.70062238
0.48249745,0.42544800
0.15922698,0.13499986
0.63847309,0.59261674
0.77035964,0.83686870
0.79225087,0.71431649
0.82933819,0.80535322
0.45050117,0.44080490
0.64514637,0.68046820
0.87306762,0.88211900
0.85393381,0.92337251
0.69915694,0.90806741
0.46802837,0.42550504
0.83915854,0.81607956
0.73513365,0.75267017
0.57667559,0.54109889
0.62996054,0.64185476
0.49494547,0.78316742
0.76853096,0.83877629
0.75884366,0.80120999
0.90493643,0.89555258
0.90891343,0.88730419
0.65055031,0.89329320
0.89865112,0.86925638
0.86411309,0.90426528
0.39741465,0.32794622
0.51455468,0.72307694
0.66010118,0.78880227
0.58650529,0.69225228
0.64814198,0.49802372
0.92576408,0.94826311
0.71470344,0.65071899
0.73071659,0.69458610
0.87789696,0.91751724
0.71584195,0.60509634
0.69412172,0.72117525
0.56967294,0.51230520
0.86744881,0.83057493
0.77558184,0.62790275
0.72167051,0.72464728
0.70160544,0.60357124
0.80891299,0.57811230
0.47113740,0.76451755
0.72956264,0.65460360
0.86564469,0.91930300
0.74848884,0.41803375
0.81195188,0.91481394
0.52998328,0.57398993
0.26686189,0.30924433
0.71037793,0.72230905
0.49403936,0.49731249
0.81159842,0.73707688
0.84744167,0.87325001
0.77416402,0.81795913
0.78502500,0.80513459
0.85626000,0.90945530
0.62570143,0.66351891
0.89187610,0.83636242
0.66261631,0.81954020
0.92038345,0.93428570
0.70407391,0.72480237
0.94478714,0.95489550
0.89638394,0.97859430
0.50510752,0.76543307
0.85074377,0.88159877
0.64285964,0.66364735
0.67168027,0.66201407
0.80488360,0.81898528
0.92444074,0.90554053
0.84533626,0.90113240
0.26497367,0.20370160
0.37681541,0.31864753
0.30668512,0.22531345
0.54968780,0.56835264
0.76653177,0.89218456
0.89432836,0.91149521
0.49291167,0.43312377
0.74563909,0.41225928
0.77888656,0.85576922
0.89174974,0.72041112
0.76585096,0.84452683
0.81251705,0.82641959
0.84702027,0.87013572
0.70703298,0.40221089
0.88603306,0.93004912
0.89445847,0.94750637
0.55381024,0.42811745
0.94342566,0.95471442
0.86159348,0.91122085
0.42514467,0.51083529
0.54535812,0.27325070
0.62074423,0.48874459
0.44995195,0.53219175
0.87419283,0.91258496
0.39303932,0.51421547
0.13445559,0.16824375
0.89957631,0.95793831
0.88938892,0.87224317
0.58955091,0.35857671
0.86083943,0.88580358
0.67463470,0.65312827
0.40798390,0.45671040
0.74084443,0.84324133
0.92293650,0.91488916
0.55184650,0.43936557
0.81276500,0.96191794
0.35860902,0.36642864
0.93027747,0.90795249
0.82330340,0.92329091
0.86388135,0.82083333
0.88820547,0.94758064
0.35566124,0.37408519
0.86474431,0.87000698
0.83404511,0.88083166
0.84806722,0.88705063
0.66673243,0.59842324
0.70309353,0.60643572
0.82716894,0.83627653
0.31583908,0.39646974
0.94416577,0.90601200
0.49670696,0.48900181
0.85947549,0.87262613
0.70520091,0.70908070
0.55700463,0.75484210
0.76459134,0.77926588
0.63091356,0.75887817
0.40275332,0.24975027
0.45344666,0.61219209
0.92011201,0.95826328
0.94163632,0.96291733
0.56557763,0.49350649
0.80647922,0.75180954
0.68992233,0.55396414
0.92540318,0.92468077
0.72316563,0.89616227
0.90886497,0.87778515
0.17282411,0.94268423
0.51613533,0.69172472
0.92660260,0.92317021
0.71415943,0.62751853
0.77066636,0.68234134
0.67897594,0.72234392
0.37944573,0.52153915
0.59489614,0.48065290
0.89442974,0.90427721
0.88604224,0.92455280
0.81617111,0.86911076
0.67125565,0.60090137
0.78416312,0.78461540
0.90506017,0.94017917
0.88490021,0.89266616
0.89042985,0.92072195
0.88553852,0.86983883
0.59591651,0.66580093
0.82380021,0.77782387
0.76102626,0.91726822
0.88928539,0.89858943
0.64407790,0.89878005
0.34686223,0.56363636
0.80026650,0.79968596
0.71304464,0.68719727
0.90956581,0.85790408
0.88577795,0.90293932
0.85830951,0.95863920
0.38342619,0.36549816
0.85973608,0.90652174
0.79764831,0.81130463
0.87337625,0.69390404
0.90979856,0.86177069
0.79479754,0.66614151
0.16271943,0.10867411
0.83303303,0.83432090
0.42207134,0.27899492
0.91420138,0.93369395
0.71906799,0.76367360
0.48177439,0.52248341
0.69807905,0.70664138
0.43047833,0.47202370
0.76383656,0.72612965
0.91819984,0.89943314
0.27009854,0.55499828
0.87520397,0.89636755
0.88540936,0.75809509
0.81858867,0.63974792
0.86618990,0.78104293
0.78274661,0.88610148
0.91634578,0.93431371
0.81655061,0.83934772
0.76966631,0.71283698
0.87751693,0.89842480
0.54117733,0.54730159
0.64501911,0.43214285
0.33731553,0.35497200
0.60479307,0.52035463
0.21195060,0.16419658
0.39782983,0.40966952
0.66635454,0.61902410
0.50841761,0.72706509
0.91595012,0.90523183
0.65315306,0.81309521
0.72354531,0.62879652
0.78662866,0.82935148
0.57992584,0.72596747
0.89017355,0.78171802
0.71844077,0.76299530
0.87100363,0.91868389
0.23100069,0.25794923
0.86673599,0.94805503
0.65301728,0.54948288
0.90247464,0.96323186
0.73321676,0.70808846
0.78528374,0.74844444
0.82802737,0.82007611
0.82063717,0.84158826
0.87116581,0.90366298
0.63228858,0.79571223
0.86967432,0.80758429
0.74735111,0.79464287
0.26735815,0.39908019
0.65607131,0.73734641
0.30264705,0.07455605
0.22370180,0.17020099
0.83180565,0.93589354
0.44781145,0.63321871
0.76511151,0.80233514
0.58160198,0.67605603
0.91889185,0.91330028
0.76160812,0.71992844
0.93518990,0.91117382
0.52585179,0.47939801
0.85925639,0.85910517
0.46326783,0.56120360
0.69328123,0.99609375
0.82883954,0.82705593
0.21533865,0.31308284
0.90234768,0.71998125
0.54459286,0.61743915
0.83972394,0.79744208
0.86835116,0.80658859
0.78624278,0.86582166
0.87246943,0.94588816
0.71986073,0.67820317
0.86624569,0.86383486
0.73044705,0.55416667
0.66756904,0.64915603
0.67790043,0.77142859
0.71462029,0.55404264
0.60927582,0.72441417
0.81931245,0.84533483
0.58342546,0.71924734
0.80235505,0.87103897
0.82208562,0.86925709
0.89708543,0.89299560
0.84451854,0.85965991
0.92194211,0.96687371
0.87912399,0.87602341
0.67436087,0.78267020
0.75620741,0.90069497
0.90141237,0.88417375
0.65698642,0.69139767
0.83307534,0.81770831
0.71658325,0.67526495
0.39192697,0.52850091
0.77857578,0.81791282
0.71513104,0.61894262
0.81965399,0.91690284
0.37947446,0.49491447
0.68190718,0.82243747
0.78569180,0.62001604
0.71109354,0.76807755
0.50995731,0.42000598
0.59602767,0.63359320
0.85000521,0.92971718
0.69649804,0.57530427
0.83443803,0.80952382
0.78270066,0.92160279
0.90676618,0.84482759
0.88009799,0.84970713
0.30141717,0.28383347
0.90268099,0.88441843
0.59271151,0.69579417
0.22881408,0.22469424
0.86641169,0.82103914
0.85502481,0.75675434
0.61418217,0.65243727
0.86463201,0.88136077
0.76411492,0.85177046
0.87700361,0.89009333
0.85494208,0.81751615
0.30524260,0.26774266
0.60103643,0.70526057
0.77393591,0.83430231
0.55352628,0.62772018
0.79700381,0.85244316
0.58999598,0.57725251
0.32641733,0.29824492
0.53532934,0.61118960
0.86310917,0.93584907
0.84724951,0.93856561
0.54789954,0.36630476
0.59474313,0.58595842
0.39399493,0.38987574
0.73999923,0.87111205
0.72699744,0.83429378
0.91118979,0.41153699
0.91066146,0.95909977
0.87769651,0.92901236
0.62057436,0.61069566
0.90226030,0.89789295
0.54106790,0.74303269
0.89980274,0.85485041
0.90919828,0.88345087
0.21670729,0.27619258
0.87456715,0.95724529
0.89225554,0.83617675
0.43429133,0.49744982
0.90429473,0.94597828
0.83730334,0.87699610
0.87260103,0.94724703
0.85010946,0.90196633
0.89312875,0.92557651
0.57161522,0.73717207
0.54065275,0.69321382
0.93271750,0.94005603
0.84702826,0.88258708
0.88161027,0.90425348
0.91294849,0.88550907
0.51845181,0.45869714
0.86819941,0.88097888
0.21317442,0.25123823
0.92345089,0.92153847
0.91954124,0.94516450
0.75035393,0.57412654
0.87067473,0.87704951
0.86834669,0.96241832
0.85299593,0.82477778
0.28723255,0.29932868
0.78315282,0.69225293
0.24437618,0.97664815
0.86124635,0.90223086
0.46548742,0.60148513
0.65702730,0.79319382
0.84529084,0.78682846
0.69913435,0.89248890
0.56814122,0.35644263
0.66026527,0.80514705
0.85041624,0.84663057
0.50567794,0.65003949
0.75513828,0.64214063
0.65460300,0.59708977
0.33999014,0.20019954
0.90849841,0.88225627
0.16775557,0.15344574
0.90735567,0.92121214
0.79542494,0.67571312
0.83807540,0.76544768
0.88560849,0.97370946
0.82631731,0.84361732
0.71164352,0.82224995
0.55558878,0.37674493
0.83365309,0.90007275
0.86195713,0.89105046
0.90648389,0.96345901
0.89626491,0.87839490
0.71839690,0.71089637
0.88726002,0.89089328
0.65025818,0.75335133
0.87422287,0.89259034
0.13184689,0.06829837
0.90612888,0.94404960
0.40107051,0.96098900
0.60800135,0.62072366
0.71576619,0.48020723
0.77094203,0.81188536
0.67949831,0.89475161
0.93414450,0.88479143
0.85117400,0.85508496
0.90815336,0.92049551
0.58695483,0.63504386
0.83501548,0.84325689
0.92216092,0.86173087
0.70079547,0.84849393
0.58984941,0.45001563
0.75103420,0.87728935
0.91492820,0.88124722
0.68641311,0.52454460
0.24229759,0.55092359
0.86680448,0.90826315
0.74938262,0.78231227
0.85065484,0.89741707
0.82007325,0.86492676
0.42755461,0.15921940
0.38653767,0.29984215
0.59677422,0.43859890
0.94117606,0.99230766
0.79108143,0.84102565
0.14792687,0.17442191
0.63071960,0.70329672
0.38272500,0.40908498
0.43670711,0.40095246
0.47151476,0.48571542
0.52162945,0.49918452
0.91376460,0.88721877
0.34590676,0.08909262
0.81331795,0.82946324
0.72510111,0.75512242
0.89442122,0.92004907
0.88056648,0.88721830
0.55301988,0.53965944
0.90926188,0.94276226
0.82248485,0.85317880
0.78728676,0.90883893
0.65652907,0.61259478
0.28794858,0.41220814
0.79148567,0.76328313
0.91678131,0.94481438
0.71102583,0.82163745
0.81569946,0.79190278
0.14370069,0.14329004
0.72284329,0.54568022
0.82289732,0.91237390
0.76306951,0.64533132
0.91417170,0.89040375
0.22159070,0.23491916
0.81695622,0.70512819
0.92769349,0.87333721
0.42035836,0.50275481
0.44659269,0.41492388
0.60764176,0.83216679
0.84958196,0.84765434
0.89105588,0.87943816
0.89093745,0.91746032
0.78246546,0.84982634
0.77532607,0.68396997
0.73193055,0.84090906
0.70313823,0.70183557
0.67419803,0.77616769
0.36587536,0.94641560
0.64068925,0.61118776
0.49362293,0.68366092
0.28049541,0.45492229
0.77465552,0.80246884
0.55565137,0.71277618
0.78709769,0.86717635
0.70111060,0.76205230
0.94552290,0.96383440
0.37331301,0.43993151
0.30794245,0.38756835
0.92944688,0.91624326
0.40889019,0.31154683
0.85384870,0.91513997
0.92965198,0.96767455
0.26390144,0.18740541
0.69290769,0.66513056
0.27484268,0.25474322
0.92968822,0.94279474
0.82186651,0.81180859
0.92096925,0.94845963
0.89175987,0.97481686
0.26389664,0.18055958
0.43701959,0.19880952
0.31091845,0.38651857
0.63285363,0.80794996
0.57897341,0.82167602
0.91175544,0.96399838
0.76462531,0.84096026
0.78953934,0.85861164
0.61210370,0.65253198
0.39691657,0.45501372
0.61901397,0.42889556
0.91226631,0.92932373
0.76775789,0.59381235
0.89984167,0.91048646
0.91937596,0.92507005
0.91445720,0.88690591
0.16157702,0.23253667
0.91564447,0.92717087
0.70827019,0.90045935
0.82059580,0.93431395
0.78607637,0.90154886
0.79220885,0.88411397
0.32344687,0.43741089
0.86869931,0.83839709
0.92078304,0.91226202
0.33575773,0.31578946
0.31641585,0.40491804
0.70279348,0.93180543
0.86973387,0.88696444
0.93243921,0.93975824
0.90398204,0.95710742
0.88647896,0.93605047
0.84522492,0.91082805
0.68944323,0.60890597
0.82816386,0.90525424
0.88273990,0.90705884
0.82707793,0.75723577
0.80420852,0.76311040
0.90351856,0.83497620
0.82651341,0.93640012
0.89462405,0.89069539
0.82418883,0.81720781
0.63601196,0.63918066
0.68327254,0.91938615
0.59998059,0.87966478
0.64137250,0.02964612
0.88452888,0.90822428
0.63145906,0.71300256
0.45863032,0.57531393
0.78461838,0.88143426
0.87909102,0.85934305
0.54881346,0.64706433
0.86558616,0.96249998
0.83934128,0.92266011
0.81496996,0.83189654
0.81466401,0.77686781
0.61083609,0.59934556
0.80583990,0.76567739
0.77512395,0.84105265
0.91754639,0.91954386
0.19182688,0.12743473
0.75575399,0.62894773
0.62840509,0.41752899
0.62598521,0.50101358
0.69504213,0.78430188
0.80619156,0.68559217
0.53459740,0.60607475
0.85569435,0.88823915
0.84997463,0.84758389
0.72057712,0.75931394
0.17375731,0.23200859
0.34550899,0.38606334
0.93669838,0.89179516
0.86432767,0.94080716
0.65952301,0.46410990
0.72285163,0.65484893
0.60643005,0.31590417
0.25054261,0.24041301
0.91063434,0.94095367
0.85338759,0.87500000
0.39853543,0.61891466
0.90392447,0.92870259
0.27733317,0.27204525
0.60594249,0.45376888
0.56810844,0.57336152
0.88345438,0.87294120
0.77515054,0.85196078
0.86120135,0.85354626
0.90637243,0.97498119
0.49807209,0.42754343
0.82560492,0.94963878
0.38881743,0.45171499
0.91839552,0.96791446
0.88021541,0.86007518
0.86877131,0.83196211
0.86826932,0.85797906
0.87457901,0.91861320
0.50736398,0.35621205
0.79481781,0.85198003
0.82672250,0.79217917
0.34435940,0.17416899
0.93423712,0.91427881
0.73716873,0.87962961
0.67813379,0.47461370
0.88147444,0.92484587
0.92362505,0.91949022
0.63301480,0.60943729
0.56227052,0.77308971
0.87022948,0.87145025
0.60592639,0.55161566
0.69776535,0.63959783
0.35465705,0.34424084
0.71681690,0.69670886
0.55881864,0.71045119
0.87308490,0.73442084
0.50110918,0.45881557
0.59723771,0.66664827
0.83976907,0.93217814
0.87361014,0.81453234
0.61929929,0.75454545
0.72030550,1.00000000
0.81048638,0.93357509
0.73253459,0.71567297
0.63775778,0.84580421
0.58113647,0.80489445
0.61964655,0.77475005
0.78862709,0.74435073
0.92358094,0.88111013
0.15467580,0.25292870
0.84782714,0.93983138
0.81742918,0.94122696
0.86660254,0.85635376
0.86540842,0.80575335
0.81926024,0.85893720
0.65121216,0.93557674
0.78472543,0.90379173
0.24913736,0.14004968
0.92420489,0.83660132
0.91364813,0.93454885
0.35892242,0.26287934
0.85671604,0.91712707
0.49575233,0.65285587
0.54783428,0.76490575
0.61498582,0.58143669
0.44580060,0.12236842
0.80348325,0.93267488
0.85232377,0.95400006
0.82234967,0.85818166
0.85636920,0.91877991
0.75212991,0.72395557
0.64334601,0.80206394
0.10942481,0.10837964
0.50085884,0.16903889
0.89066023,0.91320348
0.77283299,0.68061656
0.85385650,0.93670887
0.50695169,0.37096778
0.88378561,0.87613404
0.86616534,0.90014768
0.75643152,0.89949495
0.92880714,0.91311008
0.78886020,0.51841706
0.85894561,0.89685607
0.85508358,0.86471170
0.81395543,0.83123648
0.35997388,0.25009397
0.91844988,0.92673993
0.88567555,0.89891565
0.78540468,0.84587008
0.92172480,0.90423000
0.72355026,0.73255002
0.88602424,0.92189580
0.91483110,0.88496912
0.64199728,0.71860522
0.67966688,0.74341798
0.91646719,0.92109185
0.75035274,0.99761903
0.51477391,0.46135831
0.62647605,0.71771282
0.92162436,0.87048554
0.61198729,0.72692442
0.61620080,0.57671326
0.55972499,0.88399357
0.29983622,0.40305534
0.85318977,0.88357663
0.88256222,0.94397849
0.42509159,0.66152561
0.58335400,0.75018382
0.85397649,0.93260264
0.08865175,0.85270655
0.57351434,0.55598551
0.64088470,0.68247974
0.91142529,0.90051502
0.88877273,0.96181631
0.88685179,0.95810419
0.85035396,0.88069820
0.80164713,0.83784002
0.68054694,0.88187933
0.77364814,0.54209012
0.43321711,0.77091575
0.71402627,0.81152558
0.65457714,0.61299437
0.88184649,0.87382627
0.66864169,0.62929517
0.92534876,0.88459653
0.91697836,0.97421932
0.30778706,0.30498749
0.29604793,0.23558581
0.81786466,0.89388430
0.77769905,0.64270473
0.28837624,0.35376799
0.91622829,0.95362890
0.89804971,0.95308578
0.35930657,0.49136579
0.95081961,0.96046054
0.67698610,0.69312167
0.91983914,0.94805765
0.84281301,0.81778711
0.74077779,0.84878772
0.82916927,0.85112309
0.72593904,0.73909897
0.80140668,0.89631337
0.79446256,0.54158878
0.20649305,0.11928131
0.87900186,0.79812777
0.72202456,0.79585254
0.72837037,0.81701428
0.84612596,0.83949620
0.78663492,0.89025772
0.72513336,0.65752423
0.78269875,0.75183153
0.89173657,0.84598374
0.86007220,0.89336401
0.84754109,0.92591268
0.82957673,0.20265526
0.90592372,0.91118538
0.88160980,0.87318838
0.29889974,0.39870444
0.87276304,0.95628518
0.93386018,0.93480587
0.88986588,0.68611109
0.70991933,0.80030638
0.54489011,0.58126551
0.86451113,0.89695305
0.65063876,0.67022020
0.55585772,0.55239910
0.70220989,0.85537314
0.84217852,0.94570857
0.88985872,0.87090105
0.48303732,0.34116378
0.89569461,0.91170633
0.75442612,0.75524253
0.72873753,0.78257108
0.82851660,0.71781015
0.61043870,0.55659592
0.26076901,0.23622312
0.88387817,0.90851682
0.55587155,0.69989014
0.84121954,0.82449800
0.50265831,0.36360854
0.67602420,0.74996972
0.86129010,0.98918617
0.42812818,0.58207434
0.76328266,0.79490948
0.90545917,0.89624220
0.53840721,0.72093529
0.39592993,0.47539854
0.66095239,0.71786344
0.46954817,0.30410188
0.93681335,0.92258757
0.84365857,0.85097408
0.86332083,0.97181028
0.93148804,0.97244811
0.64767087,0.74257195
0.85971642,0.83984154
0.89012766,0.95610476
0.91651285,0.89228970
0.88868868,0.95104462
0.50720602,0.48661110
0.65404898,0.23532061
0.91951650,0.94193619
0.84595847,0.94814813
0.71798629,0.76838869
0.82554078,0.91721088
0.75170952,0.71718627
0.73031819,0.87530082
0.64128613,0.80126286
0.82777810,0.87911576
0.88920331,0.87978101
0.79817045,0.76279688
0.55387330,0.59722221
0.73095983,0.77453446
0.80787116,0.83986402
0.31854463,0.33316183
0.89801061,0.92045456
0.15897891,0.16410257
0.85763180,0.87043571
0.94129157,0.94557279
0.91553169,0.89435160
0.90146637,0.87352216
0.76988196,0.78661382
0.88930774,0.93115294
0.30831671,0.33930302
0.86763173,0.96018147
0.89965296,0.88915795
0.52803499,0.62549937
0.33615535,0.42995441
0.83728534,0.86061025
0.82459223,0.82341480
0.68026817,0.61313039
0.87362707,0.85261708
0.90916276,0.93497360
0.92107940,0.93336874
0.90076709,0.92636108
0.49657449,0.70151520
0.37646472,0.43657759
0.91384566,0.89725381
0.82734507,0.89741272
0.76561636,0.92162603
0.91914356,0.96660280
0.86691594,0.87866646
0.77257192,0.92998105
0.85392261,0.94204807
0.33621627,0.40268132
0.95634627,0.96721530
0.91208953,0.82956123
0.91219658,0.93272763
0.47802526,0.28030348
0.71388251,0.84774113
0.48878950,0.66428322
0.86439514,0.85773218
0.86243832,0.83218777
0.75189751,0.67524999
0.91470253,0.86763257
0.67347014,0.45857561
0.64621109,0.55131948
0.70359141,0.57006878
0.86979550,0.91356343
0.21307060,0.35344827
0.69830662,0.68637580
0.81341040,0.85277158
0.45726722,0.51030177
0.92333531,0.86988801
0.89280152,0.89293605
0.66166341,0.51675773
0.86105663,0.91071427
0.82288712,0.91369045
0.78080869,0.76848835
0.15051574,0.12009080
0.37568229,0.33951929
0.53759861,0.57617915
0.68663406,0.73087358
0.84515947,0.89735472
0.42953095,0.20103613
0.42278814,0.39131579
0.93316972,0.91408473
0.88605374,0.85691029
0.90041625,0.91631782
0.76471496,0.77734041
0.69962013,0.56578946
0.89450884,0.90342987
0.87580609,0.80230767
0.59834629,0.64375412
0.87902266,0.93873984
0.66965806,0.73178452
0.82708073,0.90988481
0.40998739,0.25153777
0.86152267,0.86816931
0.48277360,0.52582270
0.58407485,0.84114772
0.90053558,0.93597382
0.05025869,0.05177786
0.91676402,0.94183105
0.85354596,0.83697361
0.82241905,0.88469118
0.81628829,0.21718000
0.12329978,0.13375518
0.85458285,0.88863069
0.82929850,0.89505064
0.85985672,0.93717951
0.88573349,0.96428573
0.41261712,0.42815128
0.53448063,0.82392406
0.58213097,0.71136653
0.63159585,0.72151899
0.37206191,0.29105273
0.87614536,0.88285232
0.92422163,0.95917141
0.90533388,0.88766891
0.80235803,0.75831223
0.92069799,0.94079292
0.42562437,0.27233332
0.81404650,0.92894202
0.79396176,0.74482477
0.70126700,0.68835163
0.59523910,0.69626689
0.70021427,0.76337951
0.45559180,0.52755839
0.28381500,0.48439011
0.80597508,0.81957686
0.60560495,0.64755809
0.75573552,0.69263530
0.88279492,0.93752217
0.50127739,0.59006566
0.80109996,0.81194216
0.68513668,0.55855328
0.81016219,0.92853534
0.26593292,0.31734344
0.88187879,0.92831528
0.59495771,0.72871143
0.91932261,0.90732759
0.92883849,0.91167587
0.83732480,0.89145327
0.72931802,0.60457516
0.50503814,0.55800653
0.62594306,0.51890302
0.84137136,0.91044778
0.71920490,0.80315363
0.89557791,0.93414629
0.42807671,0.30079299
0.91145653,0.86599702
0.82079530,0.84880590
0.38891733,0.32693663
0.71779740,0.79857057
0.53165650,0.81092477
0.89750087,0.92455530
0.43483311,0.51497561
0.68110418,0.89615589
0.59223276,0.40874887
0.90607500,0.89347422
0.83672214,0.88959527
0.86141419,0.89362514
0.83703792,0.94016254
0.91125584,0.70615774
0.65012693,0.74715853
0.79163039,0.77799922
0.36615688,0.38993159
0.77847308,0.88015294
0.84790844,0.73414218
0.87997407,0.91260988
0.61074984,0.58093786
0.70943034,0.32032537
0.83418167,0.91386050
0.88652337,0.83528072
0.91206396,0.90238804
0.77735412,0.86159825
0.46702823,0.55233061
0.63865519,0.84287149
0.85279059,0.95948678
0.64662349,0.78245258
0.71453583,0.85784400
0.78010798,0.82536179
0.30476302,0.40037879
0.33926681,0.37431037
0.84074759,0.82199389
0.91020113,0.53693014
0.79895586,0.78574461
0.31006548,0.22848853
0.85087788,0.82250047
0.71352875,0.73024690
0.87460917,0.89206827
0.85523987,0.92170960
0.52964091,0.44967532
0.89687467,0.92603070
0.50820631,0.51326311
0.69930995,0.78067976
0.69477701,0.88254195
0.51460183,0.77216905
0.80909395,0.94628650
0.82123673,0.84378111
0.80112988,0.84498900
0.67609543,0.65070677
0.81608701,0.87078249
0.88708365,0.88635421
0.86410093,0.87408596
0.57429785,0.68906432
0.49038556,0.49958915
0.90706515,0.91602910
0.86815190,0.84021819
0.76340723,0.78692722
0.63752902,0.58999157
0.84713274,0.84815788
0.81119883,0.84443849
0.79896915,0.78091633
0.37449318,0.84737122
0.26209703,0.17152122
0.54804134,0.54855615
0.94234127,0.94437683
0.92507267,0.92429012
0.65535307,0.55621076
0.82371402,0.81466025
0.87593615,0.80726790
0.76891702,0.78682929
0.89396572,0.94617754
0.88709271,0.88148147
0.61568093,0.67054486
0.78495121,0.85064381
0.81122512,0.92771083
0.73093027,0.75047678
0.92013621,0.95686454
0.80485713,0.87358367
0.28527153,0.23834726
0.66911995,0.77629673
0.77742976,0.89035308
0.88586676,0.97187579
0.88857377,0.90651137
0.68536437,0.90096408
0.35874271,0.53995329
0.90879500,0.98958331
0.74986553,0.76987988
0.89680183,0.91929823
0.51211154,0.66241825
0.64694524,0.64942288
0.83766174,0.89044762
0.49598679,0.67610937
0.64554310,0.72676283
0.80547225,0.76720375
0.82680833,0.83216292
0.90017080,0.90534341
0.86116493,0.96796197
0.88785976,0.87003565
0.48262960,0.63031000
0.91457856,0.92950636
0.89114726,0.88743019
0.89147711,0.87090665
0.67188966,0.70694989
0.90027106,0.97563297
0.78810132,0.79623288
0.85597456,0.88405353
0.48466045,0.49265650
0.88858068,0.99444443
0.81260556,0.79036933
0.62677878,0.70986301
0.93401414,0.92288488
0.39405608,0.30756614
0.54468697,0.68696600
0.79987454,0.86625421
0.46202606,0.35050800
0.59448451,0.46106213
0.60575402,0.44303864
0.87530172,0.87660164
0.79383636,0.83545738
0.87415886,0.85069126
0.84694594,0.81162632
0.37470913,0.57950193
0.65521628,0.73750222
0.89841509,0.95530301
0.91521102,0.95363468
0.27828804,0.32808661
0.37539104,0.55121565
0.89003229,0.92689967
0.87544394,0.90217435
0.85047930,0.88427126
0.59840322,0.65315610
0.84174776,0.87675571
0.72030389,0.66503936
0.11537664,0.11494103
0.68028522,0.67119473
0.71601635,0.79233122
0.46697271,0.66094005
0.81781584,0.93963963
0.71332979,0.69750714
0.79949868,0.85764241
0.39742571,0.52840298
0.56871235,0.73471564
0.84741473,0.89596272
0.49915981,0.35766375
0.63194066,0.63896549
0.42594877,0.40296757
0.87376308,0.88704634
0.46058160,0.45070335
0.77987915,0.83443046
0.59972090,0.47934622
0.75205684,0.67756408
0.92866582,0.93684494
0.61820567,0.56713766
0.80500686,0.90593648
0.34388512,0.70142967
0.28337032,0.50965667
0.76539528,0.88671875
0.64492512,0.52885211
0.91305447,0.83463115
0.48669422,0.34641609
0.90425855,0.82876712
0.90581340,0.91406453
0.28678048,0.30129331
0.32468835,0.63616073
0.27082205,0.04845155
0.75660431,0.88600469
0.63618088,0.61904764
0.58608222,0.45204136
0.79444289,0.81475151
0.63255221,0.90451390
0.22485799,0.22177146
0.30535746,0.29945654
0.82788754,0.68983757
0.88764179,0.91415662
0.86053652,0.87006044
0.73000735,0.80337584
0.93174314,0.96874243
0.87162721,0.88009894
0.70115829,0.85188872
0.94473827,0.93316805
0.90555429,0.90077287
0.81606364,0.80911100
0.17379816,0.11408894
0.86861432,0.85279375
0.77218866,0.93032849
0.86752367,0.91492677
0.75777626,0.90733528
0.78698826,0.81771487
0.82312936,0.91498768
0.90442175,0.95652425
0.93785572,0.90646917
0.55351520,0.64652777
0.70315194,0.58315706
0.92665827,0.85891318
0.73536193,0.69257730
0.89754164,0.94185799
0.82142711,0.88832200
0.79280710,0.85598040
0.84199989,0.78168249
0.87692893,0.90263158
0.75817239,0.83303654
0.88910115,0.91967493
0.75294554,0.71624804
0.90601516,0.80990237
0.91003287,0.90912700
0.78921103,0.80256462
0.67961025,0.59552443
0.27863419,0.23681186
0.50756919,0.50253379
0.54418933,0.54191619
0.23439875,0.18189681
0.50042582,0.42438155
0.70070308,0.72044647
0.77341330,0.91439730
0.90370154,0.91684574
0.85943830,0.92506206
0.40693945,0.24160588
0.42719433,0.27595365
0.90707648,0.85697168
0.62888944,0.66573411
0.68068051,0.89220566
0.69716889,0.47112080
0.57466757,0.48271435
0.79846644,0.77254188
0.90420830,0.96651059
0.70900154,0.72334933
0.91247690,0.64689296
0.41647822,0.72345650
0.16666315,0.18042041
0.85216969,0.60098600
0.65650374,0.49399674
0.75388408,0.71402138
0.92171955,0.94178361
0.50484461,0.29500368
0.88595617,0.90296113
0.17801884,0.05136472
0.88541329,0.94964486
0.43763036,0.47654912
0.64384133,0.55289757
0.88388520,0.81119543
0.75146878,0.90784472
0.91632318,0.89685374
0.71774137,0.67636144
0.73969299,0.40288460
0.47737569,0.42986614
0.92935824,0.98393756
0.60296386,0.61065215
0.66320229,0.65012896
0.90284884,0.95646000
0.53352666,0.50420672
0.88167274,0.87978321
0.90969974,0.92094803
0.70278382,0.66511738
0.55263555,0.60660034
0.44446310,0.44250327
0.90848815,0.89464885
0.94791770,0.92523944
0.89165306,0.94815439
0.73861605,0.88486564
0.81151408,0.83461541
0.77943707,0.87142307
0.72473466,0.83375567
0.51534796,0.56789601
0.76615655,0.84102881
0.83126622,0.85782647
0.80360764,0.67394406
0.95532084,0.95129144
0.79585999,0.59579164
0.92116153,0.87803340
0.89879227,0.86035794
0.52112746,0.66070873
0.73048300,0.82681078
0.74459034,0.67062145
0.48704284,0.58097559
0.46921149,0.39346027
0.26709691,0.34014612
0.26450697,0.21975319
0.59640253,0.59207392
0.71074188,0.87201297
0.67817283,0.78771836
0.57465154,0.70762616
0.65939420,0.67272651
0.81898975,0.87387979
0.86191583,0.96345621
0.42295229,0.42077038
0.51948249,0.15829608
0.92562366,0.91199678
0.88992596,0.95495719
0.33407691,0.35403588
0.67018247,0.66532016
0.81870425,0.92055923
0.72075301,0.91490322
0.90110749,0.97001278
0.91065300,0.88018858
0.85605764,0.93117476
0.93645906,0.95382863
0.79473710,0.86244410
0.69873428,0.73442101
0.89971805,0.91228068
0.62168396,0.93927830
0.65256846,0.46267676
0.75767326,0.70179617
0.90143812,0.91501409
0.91610801,0.91996789
0.55653161,0.54710144
0.36814606,0.31135127
0.87339693,0.93886197
0.87555921,0.90465760
0.88085306,0.94040430
0.54107165,0.66389376
0.83290243,0.82772726
0.91405916,0.91983473
0.43535426,0.39805523
0.84949052,0.87549829
0.68692690,0.66744733
0.87460351,0.79849559
0.86520779,0.85115749
0.83271509,0.81344086
0.85722780,0.87896824
0.83453763,0.66121429
0.62686157,0.55836362
0.63687611,0.51431823
0.91147250,0.87147808
0.93558848,0.91590399
0.88954294,0.90799302
0.90777135,0.85250485
0.92223006,0.96512985
0.88194346,0.95205468
0.87721610,0.91211528
0.55393273,0.65570402
0.75481009,0.75059289
0.82645601,0.72716153
0.74617290,0.57137841
0.78092587,0.76650643
0.91491652,0.91661173
0.67839181,0.76482922
0.76107085,0.74185425
0.40062311,0.31294981
0.92246342,0.96527582
0.82530218,0.85145080
0.83918649,0.80889010
0.65730286,0.76749974
0.41545194,0.41971815
0.90580422,0.84762043
0.66341150,0.87377679
0.20071711,0.40974379
0.42907166,0.66561794
0.86878073,0.82890910
0.75762594,0.86212122
0.63998985,0.68294156
0.24446885,0.31551424
0.74770474,0.72432435
0.78447455,0.87636930
0.81119365,0.89229268
0.54615557,0.70499414
0.92641497,0.94096440
0.77760327,0.69155443
0.40735695,0.42263299
0.79358554,0.78516775
0.81623715,0.73881149
0.61279607,0.26188931
0.77173072,0.92157781
0.56626385,0.71014494
0.55261743,0.63020581
0.26331869,0.46329337
0.52002054,0.48507112
0.63548118,0.77320921
0.44627732,0.51368695
0.92227602,0.95154363
0.51037955,0.82196611
0.40251204,0.31492946
0.78234094,0.86184406
0.91655815,0.91306508
0.79848903,0.81522924
0.24542618,0.29763985
0.90086991,0.91791171
0.89022720,0.84123367
0.85551691,0.86639059
0.60493565,0.70728254
0.47048730,0.50532764
0.77457309,0.75413793
0.76905316,0.79802209
0.45904589,0.06908450
0.39677227,0.46709225
0.69468653,0.48625547
0.84097707,0.91732252
0.91566157,0.91885495
0.62291622,0.35408440
0.89818168,0.91003817
0.76420248,0.76037735
0.66851687,0.57758534
0.94218546,0.90748078
0.88219833,0.92078489
0.68950248,0.43711427
0.86522758,0.89867485
0.50781411,0.58305603
0.63551390,0.66135561
0.57938164,0.60321182
0.64654577,0.78839141
0.82766509,0.87336266
0.92671907,0.91758722
0.90214181,0.82968795
0.88458699,0.94885772
0.63842511,0.74861449
0.90844214,0.87827450
0.74742699,0.85758328
0.81532359,0.82503259
0.73419768,0.79437703
0.75099307,0.77544993
0.81807113,0.96475953
0.92776668,0.88080531
0.92165440,0.93811256
0.46350083,0.53290743
0.92148232,0.88905644
0.83790028,0.82162529
0.88411397,0.82956201
0.54597676,0.54464805
0.74441588,0.85636365
0.87804866,0.93567741
0.43935132,0.62207139
0.61773396,0.75282866
0.81505293,0.83056438
0.60097647,0.60219049
0.70375001,0.59485096
0.65310824,0.92739350
0.30578494,0.36347941
0.84456015,0.93956929
0.70914954,0.58518565
0.32565725,0.31247404
0.87312216,0.84383649
0.74079227,0.60194921
0.75339484,0.90385151
0.87778109,0.91632074
0.81126368,0.79541570
0.84163773,0.92923933
0.79145777,0.87799019
0.84311283,0.91084057
0.51495969,0.60825026
0.71707141,0.80930573
0.44703707,0.44092557
0.92123568,0.93097347
0.85333395,0.94509882
0.87243104,0.82213134
0.77901185,0.79500026
0.84731460,0.73055553
0.66481256,0.65812683
0.73043334,0.89912975
0.78067160,0.60179102
0.70788878,0.67281604
0.69743049,0.68463725
0.85036767,0.98814118
0.38883924,0.46337771
0.74334967,0.68644661
0.81365621,0.84266508
0.73466831,0.79233730
0.64139700,0.84904999
0.47845727,0.62392473
0.83120793,0.87537408
0.81522661,0.86046410
0.84419167,0.92244172
0.68138021,0.12338441
0.86623859,0.92666966
0.85753864,0.89816177
0.90649652,0.92510438
0.83754444,0.78233039
0.73721659,0.88588852
0.68075001,0.63951617
0.87110186,0.89922249
0.45838973,0.43105555
0.57908809,0.26039925
0.56688166,0.57132524
0.30834305,0.52865130
0.26595068,0.34113720
0.90326262,0.85555959
0.55142844,0.68694735
0.88994086,0.94155842
0.57871151,0.67960298
0.92275709,0.98026317
0.65777981,0.71152312
0.75559443,0.11945333
0.91234082,0.91170597
0.89906156,0.94761902
0.89576745,0.87409574
0.44236463,0.63698959
0.90380371,0.91972297
0.66347051,0.60412472
0.19051591,0.17510287
0.48166952,0.65124583
0.92029166,0.94237727
0.80986071,0.81131107
0.84131801,0.85678673
0.83740860,0.89682353
0.75548494,0.68675578
0.71236640,0.69969225
0.84204984,0.89197922
0.92999136,0.93751657
0.40962374,0.52735651
0.82697445,0.67539680
0.81791717,0.81089741
0.94233143,0.93118787
0.43483898,0.23821059
0.67041790,0.88850033
0.29141411,0.29759315
0.89306211,0.98387098
0.69943011,0.68531996
0.90041387,0.90717655
0.66155750,0.63645130
0.62012476,0.63410997
0.60693693,0.56390709
0.44491181,0.38640112
0.61272252,0.59971195
0.66460836,0.81190509
0.12783521,0.77822804
0.88052261,0.94847524
0.47093403,0.50519210
0.88565207,0.93418801
0.90301353,0.94858783
0.86497289,0.86462289
0.89099264,0.93756014
0.82132363,0.81495655
0.44287959,0.48136434
0.63381785,0.37597519
0.61097789,0.70359051
0.65290415,0.62592953
0.59536433,0.51125449
0.56986201,0.54233509
0.89117169,0.87815273
0.29466480,0.49069935
0.76888525,0.90702724
0.91892982,0.93976974
0.85701489,0.93013632
0.80532569,0.91496599
0.53219950,0.46256721
0.55732101,0.81667751
0.64924926,0.61455625
0.80174738,0.86431748
0.88200319,0.92088908
0.93327200,0.95627242
0.39703017,0.35047990
0.42607397,0.27582550
0.89902622,0.89698404
0.44233361,0.49309525
0.43148047,0.59674865
0.64431024,0.90041858
0.82564265,0.84657222
0.73075426,0.74964249
0.74175155,0.84259510
0.92923486,0.92773968
0.86787456,0.86005497
0.45764241,0.43663746
0.50683045,0.65562260
0.82036650,0.77084839
0.79386055,0.88929200
0.66834784,0.56137246
0.03371378,0.95222330
0.86513853,0.93880033
0.55717170,0.61130273
0.61906606,0.66463548
0.73096192,0.57126212
0.65204889,0.81140125
0.87649369,0.87110692
0.53660929,0.51611155
0.73022246,0.82379520
0.84193635,0.92742449
0.81045806,0.86062193
0.87124646,0.87861025
0.63215870,0.76460183
0.67702502,0.62398291
0.79219157,0.88543117
0.73687410,0.65755576
0.63849443,0.71240228
0.83811909,0.88966560
0.68527216,0.61563998
0.24413125,0.27041593
0.87582839,0.82627690
0.47060016,0.36762342
0.65018952,0.70276552
0.80423820,0.76733917
0.51107037,0.50571364
0.90928358,0.89392662
0.73827344,0.70371163
0.89989382,0.92180008
0.87743008,0.95222223
0.90733552,0.97394812
0.83304274,0.87787205
0.34523275,0.26346931
0.73889744,0.60044956
0.87064427,0.88773692
0.93947053,0.94300526
0.70209408,0.65546620
0.86773193,0.88994503
0.92907405,0.94645202
0.84457564,0.85202897
0.82802796,0.84666324
0.93533874,0.92938083
0.63946986,0.65601927
0.64591724,0.79284823
0.77049136,0.86666667
0.49688542,0.49213353
0.90835547,0.90919971
0.30269206,0.37278584
0.57350111,0.61247760
0.90605545,0.98069954
0.86701971,0.89074618
0.75369143,0.92161173
0.70431244,0.78991175
0.59303749,0.50117564
0.89374685,0.92743641
0.88442731,0.93714100
0.64102221,0.62839681
0.86320919,0.86453646
0.61212289,0.51834238
0.64777905,0.51592159
0.88851452,0.91337049
0.73902160,0.84103644
0.21464655,0.26368701
0.91236788,0.94897270
0.81301010,0.86834514
0.79568106,0.83479828
0.41705596,0.32072389
0.91727316,0.91436714
0.80749482,0.92822248
0.80876631,0.66482651
0.74118477,0.87753588
0.94650942,0.95978361
0.82008123,0.88037038
0.69028008,0.82229638
0.83939135,0.81553066
0.89711440,0.90870708
0.22585608,0.22173683
0.35616574,0.81991667
0.82552403,0.88727701
0.89667535,0.97264469
0.88938618,0.88453460
0.41610926,0.39998743
0.74197137,0.72426903
0.23905148,0.37020344
0.56241691,0.62159497
0.86309689,0.80033547
0.82102948,0.87703180
0.82494998,0.72613961
0.93991494,0.91932911
0.81602031,0.80875707
0.88269538,0.96621388
0.78322136,0.73590565
0.50277704,0.53175282
0.86248362,0.95569479
0.64851111,0.85787910
0.90331197,0.91462767
0.83805740,0.84964156
0.87704593,0.92041367
0.65871769,0.43037850
0.56516391,0.65663856
0.32821527,0.34939492
0.91792929,0.91933256
0.81958652,0.79794973
0.87557495,0.24443860
0.17989978,0.19908604
0.83178699,0.92154646
0.67613786,0.79469872
0.65836364,0.67562401
0.78825086,0.79151249
0.75240046,0.66866726
0.76698244,0.84853733
0.63485742,0.66561460
0.75473309,0.81181318
0.16669336,0.16883211
0.67551619,0.69151980
0.93182039,0.94042695
0.59372526,0.57627106
0.53895843,0.52826089
0.92184848,0.93764573
0.85919905,0.87558526
0.35937300,0.41945186
0.50524515,0.40059206
0.92782652,0.93563622
0.86564577,0.81188291
0.16681644,0.14387700
0.36586335,0.67460316
0.81551886,0.75912517
0.75461280,0.69298339
0.91519630,0.92375308
0.85056758,0.94433659
0.67602319,0.33902389
0.89828897,0.88370687
0.62497240,0.60963219
0.84345078,0.91833335
0.43444934,0.58405799
0.69767118,0.75930297
0.90766329,0.87258023
0.92064345,0.93895632
0.46195358,0.43178505
0.59188873,0.38442686
0.60497469,0.56603146
0.61272538,0.71205699
0.43027422,0.32590580
0.91546100,0.88000000
0.22066900,0.09435582
0.93704307,0.93921590
0.83111334,0.94690579
0.73381269,0.86420643
0.81176114,0.86055839
0.84818619,0.82858294
0.85362858,0.91889256
0.86248142,0.79470009
0.53509271,0.47681984
0.87941849,0.91692543
0.78561532,0.76311851
0.52838135,0.53652096
0.62601602,0.43902439
0.91256857,0.92598152
0.26904505,0.14750355
0.28803700,0.12500930
0.85454541,0.94349796
0.79865742,0.90295762
0.90143400,0.93720138
0.87718987,0.90058959
0.24645679,0.21902834
0.49697658,0.37369376
0.54127425,0.24889717
0.86177564,0.96393663
0.57873511,0.78216499
0.75779200,0.79706925
0.18012352,0.23380351
0.77559161,0.80832392
0.75908822,0.81209868
0.65688008,0.72360629
0.85252762,0.93560302
0.36423084,0.42252624
0.71700948,0.76539201
0.90343082,0.97972971
0.89142287,0.96800590
0.73793036,0.77814007
0.77339339,0.67242688
0.55787557,0.55221295
0.69820249,0.48824480
0.13933423,0.07052541
0.83544314,0.89690268
0.91862756,0.92507643
0.43074650,0.54578048
0.89217436,0.91136366
0.87042707,0.91526860
0.77453458,0.88864428
0.36207655,0.31234205
0.74128824,0.68848288
0.91881120,0.90304595
0.47654819,0.56129384
0.88893217,0.84524548
0.42353964,0.30743930
0.47878289,0.52422714
0.80892909,0.71524698
0.66620857,0.64460522
0.77087981,0.90030444
0.92580724,0.94745803
0.90184283,0.88062829
0.87355912,0.92783791
0.85564315,0.92027003
0.15780585,0.17943431
0.69862759,0.95145631
0.90064812,0.93441278
0.53374219,0.68503690
0.89863217,0.87123710
0.73262483,0.88809526
0.77523750,0.69953054
0.67429090,0.81813127
0.39044690,0.37159628
0.42175943,0.29625952
0.38074037,0.28532243
0.85668069,0.85054159
0.75562489,0.92562938
0.84212589,0.87106997
0.87044966,0.84478593
0.63862962,0.73150969
0.79876983,0.92903388
0.79145050,0.76272196
0.14908564,0.08568238
0.69173437,0.76789194
0.48978710,0.81197923
0.51518089,0.48532185
0.82255673,0.79078865
0.79197454,0.65116352
0.85630000,0.96470785
0.51606679,0.55118233
0.62500697,0.78396225
0.87315404,0.77738202
0.73724252,0.86583269
0.87021565,0.84166664
0.78545994,0.70324481
0.92685765,0.94711012
0.71365857,0.85160482
0.90737933,0.93683344
0.76556885,0.58848786
0.86846745,0.88028342
0.88167977,0.84917581
0.57599825,0.70565295
0.54844362,0.41524440
0.38849604,0.54964250
0.71767211,0.69148803
0.86332363,0.95602828
0.86467195,0.83180285
0.68077189,0.79387879
0.48516101,0.47865498
0.75045854,0.90606135
0.93191850,0.95982093
0.84558153,0.81467670
0.80106890,0.78690267
0.28222433,0.17064413
0.74477589,0.84632868
0.90695149,0.93790323
0.78437418,0.85245901
0.71038496,0.47078872
0.91088271,0.84759617
0.59368467,0.76904571
0.66164953,0.67385155
0.79984760,0.73476619
0.80982077,0.88548368
0.62808233,0.70113432
0.77058828,0.84885603
0.87067950,0.90338469
0.87382209,0.82758075
0.62114620,0.52502859
0.68623322,0.65216792
0.71919364,0.62694097
0.87852764,0.83595008
0.86246562,0.93602693
0.90313518,0.83276290
0.90559715,0.85947710
0.78479373,0.79183537
0.92661494,0.95738298
0.41419229,0.66735572
0.61867785,0.64438772
0.60879254,0.56597847
0.76148194,0.64929682
0.50451010,0.61122042
0.72417426,0.66178775
0.81425256,0.65776700
0.86002374,0.89681071
0.76002336,0.76346344
0.71686274,0.95932311
0.92178941,0.92198241
0.40571898,0.48826945
0.13357514,0.10680799
0.64969230,0.68948412
0.40128225,0.29136214
0.85948634,0.97972971
0.78135681,0.80772376
0.74060762,0.76360542
0.87843978,0.84191996
0.76625103,0.77688491
0.74594748,0.78312802
0.91406113,0.84217387
0.85449481,0.90997022
0.91238463,0.90726715
0.94525450,0.93198651
0.89094055,0.81842673
0.80282360,0.79706222
0.83908916,0.80172646
0.30671734,0.31707820
0.88594735,0.95548791
0.72283196,0.86841512
0.79077584,0.84227818
0.85761970,0.84136605
0.85072505,0.84452415
0.85879624,0.83379704
0.71382266,0.80149972
0.43768299,0.48747450
0.92989546,0.98148149
0.83672619,0.87855417
0.73768419,0.64632630
0.18747076,0.13333993
0.60448384,0.59449309
0.69961357,0.80787051
0.60883319,0.39782366
0.84844029,0.89029396
0.83302259,0.83938628
0.21419686,0.47833067
0.73148221,0.68499780
0.58553129,0.60607290
0.89190584,0.93123323
0.91342354,0.86792201
0.84291899,0.88176209
0.38931516,0.62249100
0.84056544,0.87446427
0.77908581,0.85988402
0.67832583,0.83945477
0.91222179,0.92678893
0.56014049,0.45893669
0.84382927,0.76620084
0.67524296,0.65751547
0.92441463,0.86638761
0.90844744,0.93196636
0.80437756,0.91527689
0.57206893,0.43201447
0.58812100,0.69329590
0.76452112,0.82569033
0.90885437,0.90167713
0.89425170,0.93781269
0.76063633,0.99166667
0.09474087,0.07119388
0.88715422,0.91083103
0.81568074,0.85227573
0.34892982,0.22015037
0.33650267,0.33580360
0.74084872,0.71583664
0.61589754,0.69845706
0.86631751,0.93265718
0.76664799,0.74616790
0.35478514,0.17975725
0.39948267,0.64841282
0.47332308,0.58648145
0.71627039,0.76639825
0.55953932,0.58259737
0.75595415,0.57789510
0.70199144,0.73101193
0.90663511,0.88887489
0.91613197,0.92653334
0.84197563,0.77204609
0.92891473,0.94158655
0.72428113,0.73460716
0.83066946,0.85845518
0.92702353,0.96074772
0.72895157,0.76332963
0.90688199,0.92130870
0.59531832,0.63106823
0.71243274,0.86904764
0.72724015,0.62137681
0.67958474,0.69717968
0.62597054,0.62352329
0.88842618,0.19285475
0.73861653,0.93114913
0.56174475,0.67452687
0.93080378,0.93856800
0.40669626,0.34905660
0.77756691,0.75569052
0.67490417,0.56770831
0.83502340,0.92663145
0.89396048,0.94022715
0.67714739,0.67264873
0.92556852,0.88423645
0.75881350,0.86261904
0.73067665,0.60852438
0.68965805,0.53065002
0.63869202,0.68030012
0.34444079,0.47194296
0.92280602,0.93220341
0.86659259,0.89097673
0.74150676,0.66884613
0.87380624,0.88850945
0.75384802,0.88932097
0.23662078,0.16695653
0.65414542,0.61830258
0.68146175,0.67327338
0.40630478,0.85753751
0.55386603,0.53779238
0.80875254,0.86649662
0.90873432,0.89299858
0.88513666,0.96202534
0.61719275,0.57181078
0.57871860,0.60144925
0.88469505,0.85056043
0.84933197,0.78023899
0.92844820,0.91588992
0.37711576,0.28081399
0.73769832,0.75372505
0.71883082,0.80725032
0.74792004,0.72609496
0.93088263,0.98553824
0.82619482,0.78690523
0.81879002,0.88962543
0.20053390,0.12251612
0.94304007,0.96561623
0.69136512,0.81306690
0.91261840,0.93226063
0.80405867,0.90780938
0.79243523,0.95410550
0.36969844,0.50064051
0.81981319,0.17005523
0.80498600,0.67373949
0.85497004,0.94060165
0.86932957,0.84559554
0.30424663,0.26626548
0.91220522,0.94038880
0.79311866,0.93379462
0.84697670,0.86828297
0.89248031,0.93649572
0.90920436,0.87033379
0.38463736,0.30239484
0.46374434,0.75320405
0.60974592,0.64618421
0.76181769,0.80412138
0.71390921,0.84704185
0.89530122,0.96123320
0.91216242,0.99000001
0.79833734,0.79330862
0.87112916,0.84130782
0.63052189,0.56824267
0.87366903,0.93353629
0.90599930,0.94065863
0.71872061,0.83396387
0.93559563,0.86737651
0.93255675,0.93076921
0.79265809,0.81203127
0.82603037,0.91948223
0.91009820,0.96731538
0.34461603,0.66242820
0.53218389,0.50470990
0.88526672,0.95643938
0.63749540,0.72128850
0.80636156,0.84586579
0.78233188,0.76629037
0.88587809,0.91518635
0.80743909,0.65751314
0.78452796,0.86267960
0.90568292,0.92284340
0.79383230,0.71982896
0.40674555,0.44666255
0.67987311,0.80244207
0.36968285,0.55172747
0.88941860,0.89200079
0.55379534,0.57812291
0.73023301,0.70387191
0.66325027,0.35829931
0.82995105,0.78926712
0.59101886,0.62279826
0.69734287,0.63501704
0.85001910,0.95910424
0.78583831,0.80791867
0.42027581,0.37608716
0.76411366,0.60309088
0.36647114,0.67371470
0.76154673,0.80536258
0.67758507,0.70601851
0.76423025,0.77915603
0.48545849,0.49406329
0.84993517,0.89151007
0.93267262,0.94268775
0.60857195,0.73738050
0.86314607,0.92052633
0.83267725,0.83014584
0.14735843,0.46121386
0.88238645,0.83173078
0.83516264,0.88455808
0.53499889,0.66780853
0.81965166,0.95223755
0.84065151,0.83463120
0.70722228,0.56047386
0.60225648,0.71757340
0.42236808,0.27852824
0.19888452,0.19048506
0.75933862,0.73409849
0.89846796,0.93607050
0.68003792,0.67824072
0.29317817,0.52498394
0.52042109,0.47280738
0.78931260,0.77034056
0.67825234,0.58825344
0.51736587,0.51538432
0.45195827,0.48177847
0.46496579,0.58467114
0.87643886,0.90775782
0.93535364,0.92439532
0.74641556,0.67871708
0.61632812,0.68213701
0.70446223,0.80082154
0.59414995,0.75862384
0.56180084,0.33779141
0.86130929,0.98343235
0.87947994,0.88749582
0.72810942,0.73438913
0.82484788,0.72330016
0.74849832,0.67253858
0.84677768,0.87918276
0.29520905,0.28183806
0.93965960,0.97442567
0.77129900,0.69661677
0.89994043,0.94012767
0.85239178,0.92631358
0.79991210,0.88204587
0.92274070,0.93467259
0.26601848,0.41041511
0.85580873,0.91388887
0.84621167,0.84910339
0.84921265,0.96799505
0.80863279,0.92860109
0.68766999,0.83098817
0.90161949,0.93587887
0.92075276,0.96623707
0.85915542,0.91050261
0.79417694,0.90038919
0.67987537,0.86312574
0.80537039,0.82508343
0.88574564,0.88796860
0.45964077,0.39896694
0.33422834,0.33061740
0.70413119,0.88319206
0.43616933,0.41717896
0.36418515,0.55536669
0.93085182,0.90886855
0.69721830,0.57984751
0.93075693,0.90169120
0.82833099,0.81267005
0.89868999,0.94749999
0.79352647,0.84824699
0.86918378,0.91906285
0.81698978,0.81047422
0.90907663,0.97802615
0.75706142,0.91478366
0.52951014,0.44305736
0.60739911,0.78115833
0.92548597,0.94915253
0.79515123,0.87132651
0.58297873,0.69052649
0.83119214,0.76175255
0.70932007,0.71315020
0.43625593,0.58285314
0.48184866,0.52807713
0.90306681,0.98107141
0.67363006,0.65546507
0.33222860,0.44111520
0.52301449,0.56628370
0.47329944,0.73233843
0.91245997,0.96042806
0.62602586,0.55050504
0.65267599,0.66516650
0.86311668,0.86129528
0.87941605,0.82908076
0.65663153,0.74611723
0.57493818,0.76525813
0.44410330,0.90927100
0.59232110,0.60400087
0.82459837,0.94416016
0.81209624,0.66264325
0.86090326,0.09637783
0.93556213,0.96862489
0.64005268,0.80731523
0.86350107,0.92791831
0.68395543,0.55941457
0.71350145,0.60825813
0.82887435,0.86800700
0.92021489,0.97567004
0.81944120,0.66535783
0.63036871,0.72670645
0.83183914,0.86571139
0.90372729,0.91038311
0.74279970,0.59109044
0.71894968,0.82247573
0.45333713,0.45888653
0.94457400,0.91079795
0.48101094,0.49548846
0.87281579,0.89794171
0.12629785,0.11910129
0.94554549,0.89069951
0.19425789,0.15725546
0.88611197,0.96538460
0.89205611,0.94564301
0.79628503,0.71695369
0.87289864,0.62296212
0.54635894,0.53124499
0.56308329,0.65715879
0.73350167,0.66834688
0.54918146,0.21868169
0.60749769,0.55416667
0.45239168,0.43706784
0.75822067,0.80063033
0.91852045,0.90268874
0.63448060,0.60752630
0.51233017,0.61615503
0.41219735,0.37033582
0.50971293,0.61427045
0.90189230,0.97887844
0.90388167,0.90608376
0.55839282,0.56728727
0.93520689,0.97202671
0.54877555,0.35575166
0.83119297,0.92224234
0.58703375,0.63843971
0.24265647,0.30286923
0.84315956,0.91054130
0.65552592,0.68342865
0.34009179,0.28797027
0.20538181,0.20291358
0.87068224,0.86948252
0.83531481,0.91682285
0.86718339,0.78800392
0.90304685,0.87119436
0.51704711,0.43287298
0.71163696,0.70836127
0.26192829,0.32228628
0.80348235,0.86419630
0.21520893,0.16025908
0.66984636,0.74384892
0.83913338,0.81542057
0.59883165,0.58880627
0.84860289,0.76590323
0.93234730,0.99206346
0.69229698,0.77681589
0.58960152,0.50917512
0.67495185,0.85952008
0.72968167,0.63465470
0.61149043,0.88424534
0.88925111,0.63328665
0.89339387,0.94574910
0.20946719,0.11811777
0.92966485,0.91740221
0.89483124,0.90386921
0.93363476,0.94970340
0.91879642,0.87843370
0.43786711,0.39732978
0.83129001,0.84708250
0.81600857,0.80015755
0.49357691,0.55821848
0.90867305,0.39024442
0.64742637,0.84693062
0.66143727,0.69758278
0.84727931,0.93098426
0.82918566,0.82907850
0.90393162,0.99166667
0.89080697,0.97223514
0.20050581,0.24435264
0.39467508,0.42901236
0.90839028,0.82156307
0.32686776,0.35357124
0.86206067,0.92150867
0.82984418,0.56147814
0.40614638,0.23245470
0.55450833,0.48848704
0.95491838,0.92389894
0.93997478,0.95277780
0.69908679,0.76972771
0.69697571,0.67172754
0.88483047,0.84837419
0.83223444,0.82475513
0.50018734,0.23030707
0.84596097,0.82152689
0.67076182,0.76228070
0.30290824,0.28620270
0.75576133,0.66100800
0.48500955,0.86522591
0.44785714,0.36501867
0.85316575,0.94780713
0.56013930,0.69999999
0.89501566,0.85361654
0.89016998,0.97650141
0.41286656,0.64468789
0.50621259,0.61029834
0.83278286,0.73559529
0.90207452,0.93532604
0.82814574,0.70510715
0.91544372,0.90939397
0.83271021,0.91705018
0.82985699,0.85875821
0.20497096,0.34002978
0.70378786,0.95213205
0.90696204,0.98165137
0.19969782,0.30604681
0.31545869,0.25812802
0.77484286,0.82496858
0.61181313,0.51854765
0.67284018,0.76430041
0.88074797,0.93725395
0.29029804,0.33801779
0.63097852,0.63362235
0.56703192,0.50731504
0.53737080,0.62807781
0.82182872,0.87558323
0.86244267,0.94364434
0.90195358,0.75039101
0.70908308,0.74451780
0.92582631,0.86319327
0.44436812,0.38241962
0.67362261,0.81843013
0.90976703,0.86405939
0.75721735,0.86405599
0.38544360,0.43701848
0.90267158,0.87335420
0.59399915,0.50978321
0.92381394,0.81202036
0.86668432,0.88600940
0.57406259,0.50539047
0.83812970,0.85573643
0.85493672,0.91987669
0.83555114,0.88797641
0.66826248,0.70683777
0.76516396,0.79020047
0.74594003,0.73596215
0.85513461,0.94090211
0.90218496,0.94067794
0.93293047,0.95086616
0.49372929,0.59285712
0.74425721,0.86079091
0.58756423,0.49104384
0.86130643,0.81961870
0.69175231,0.82330829
0.82972383,0.87552047
0.68083608,0.78884101
0.82257628,0.79976088
0.82904857,0.82835734
0.77643514,0.71350086
0.83209848,0.86343962
0.68717694,0.59022194
0.60817540,0.72376144
0.87047178,0.77212322
0.70630753,0.87821120
0.63261771,0.67949569
0.91730249,0.92183858
0.78994787,0.56200981
0.64095145,0.54360116
0.43340367,0.48100710
0.61939359,0.50808626
0.66735584,0.63141090
0.84904766,0.97427428
0.67988139,0.64895022
0.89660984,0.92226720
0.80835789,0.91636389
0.59302163,0.70371795
0.21237178,0.17081459
0.67579222,0.66695982
0.75624710,0.71938390
0.90551990,0.90761811
0.75072408,0.71532935
0.75531173,0.88697839
0.75307566,0.82639384
0.91899455,0.94949025
0.92741865,0.96667588
0.82566822,0.86410254
0.78093791,0.78773451
0.67436898,0.77489179
0.16832098,0.21120690
0.87606490,0.79312551
0.71668279,0.70562029
0.93281865,0.87896007
0.77265775,0.91606569
0.90583289,0.90378344
0.69980347,0.90067273
0.93404186,0.91130340
0.87856299,0.84284276
0.73791945,0.87324744
0.92328024,0.93165481
0.70166427,0.54390246
0.91134405,0.85810858
0.87098235,0.89733505
0.81476414,0.70793337
0.85649359,0.95843238
0.19003819,0.05111977
0.65279746,0.58055115
0.62365639,0.60134947
0.29309511,0.17964554
0.87470466,0.98333335
0.26345229,0.27774772
0.89246130,0.93567622
0.33910307,0.21625404
0.18756947,0.15141453
0.76257294,0.85147029
0.82318872,0.92382288
0.76015371,0.73685557
0.71508926,0.71868426
0.38276672,0.44562212
0.70375663,0.66638315
0.82031733,0.86071163
0.65670186,0.67451662
0.15848488,0.13947834
0.33894330,0.26940882
0.92049050,0.95736259
0.93653625,0.94181597
0.91398805,0.99242425
0.87941760,0.92092192
0.57698178,0.66526419
0.90376520,0.95984846
0.69552952,0.69779003
0.37271065,0.38681319
0.46721208,0.32338411
0.81632584,0.80857682
0.46499711,0.53040332
0.85898650,0.86771774
0.93819171,0.87664849
0.18759289,0.18619974
0.38765028,0.49730280
0.75038838,0.88230950
0.81949842,0.72491962
0.71229738,0.67751479
0.61127657,0.62500000
0.41675365,0.64033121
0.88585377,0.90594268
0.66998959,0.68416995
0.35994792,0.33631256
0.80395710,0.84237599
0.54956198,0.70284545
0.85546768,0.87696075
0.76254296,0.81707221
0.91816247,0.98026657
0.92998278,0.93594086
0.71613836,0.68148047
0.88265806,0.85499483
0.68093288,0.55622739
0.42774677,0.65000129
0.26536652,0.44748220
0.28582311,0.29259095
0.42182255,0.36457625
0.85507137,0.95988846
0.93250144,0.90913469
0.90253949,0.94531852
0.78118992,0.73246604
0.76989734,0.83462989
0.72403002,0.71052945
0.86231810,0.94230771
0.75878835,0.66252059
0.82982135,0.90287155
0.70236611,0.75985974
0.45761192,0.46171406
0.40494093,0.31956398
0.84530538,0.85933375
0.47337157,0.76866412
0.87661195,0.94714755
0.84832954,0.87915987
0.92786407,0.93169492
0.84995759,0.86261386
0.34102821,0.19632471
0.87930906,0.90105909
0.53752524,0.72031099
0.74006212,0.76688313
0.91385853,0.96012962
0.83427417,0.86866605
0.78786385,0.90585440
0.85848927,0.93271685
0.86784506,0.88478261
0.92476118,0.86176914
0.53313124,0.51347333
0.88862622,0.93015492
0.61441839,0.68921834
0.68442273,0.79513890
0.60349107,0.59012729
0.61203903,0.62888986
0.92075539,0.89901131
0.77747786,0.76649535
0.77829117,0.82911712
0.90003753,0.88514960
0.74686044,0.89969790
0.62427360,0.76841235
0.80306053,0.84677452
0.68608880,0.64934814
0.83977270,0.76868510
0.52437490,0.61119562
0.91151738,0.97107846
0.66039467,0.63371974
0.73787302,0.89817280
0.40586969,0.68898940
0.84502703,0.81780916
0.34702075,0.25656238
0.79208648,0.84428668
0.88341570,0.85637277
0.71533865,0.81129110
0.84868312,0.89091057
0.20266776,0.20130895
0.93040550,0.94965976
0.88748729,0.91128057
0.88345176,0.81745720
0.58834136,0.54087633
0.69770062,0.84246558
0.76332629,0.78334731
0.52645016,0.60525763
0.84740841,0.62561375
0.94357157,0.90607119
0.91562235,0.91905630
0.84154171,0.85009265
0.94005626,0.96336478
0.65021086,0.71349239
0.13867457,0.11315766
0.41883990,0.39373800
0.19447467,0.18446052
0.68705797,0.75481474
0.91814089,0.97979796
0.82593668,0.89345986
0.78340971,0.82663476
0.33928627,0.29397160
0.79755515,0.62876254
0.36847624,0.28677204
0.81585288,0.73443598
0.93781352,0.95912063
0.73078120,0.83815354
0.89564717,0.94038206
0.24853575,0.37639332
0.91096997,0.86912143
0.51239526,0.66216218
0.37096173,0.42071429
0.85481238,0.90442324
0.73188245,0.81430185
0.81991374,0.84434795
0.39717764,0.38420847
0.76791263,0.65241379
0.28534114,0.28744543
0.87832063,0.89842528
0.44990444,0.22208612
0.67177618,0.88827115
0.90022856,0.92057413
0.91078782,0.93169284
0.62905699,0.71136886
0.79233205,0.72549576
0.88903219,0.82310528
0.80024701,0.82157713
0.87638599,0.91352737
0.86576766,0.83189255
0.64453578,0.50598788
0.44444507,0.52617741
0.78080994,0.89521056
0.48197362,0.47556207
0.88841999,0.90490377
0.66253525,0.65470612
0.69302231,0.77047533
0.91764331,0.94232351
0.92709827,0.92753059
0.91115695,0.89827532
0.47188628,0.48258558
0.92931014,0.93193859
0.48567569,0.52693659
0.70057762,0.74553573
0.77690113,0.66983384
0.64729387,0.59997392
0.89510012,0.89775598
0.50917643,0.62719846
0.76429075,0.81560630
0.77331579,0.70691872
0.18856494,0.06146450
0.80517137,0.73465145
0.64342761,0.85437572
0.47630692,0.60141242
0.91064131,0.92879355
0.45280933,0.55277306
0.47426248,0.42435005
0.30385405,0.61499906
0.43633521,0.56885421
0.65635931,0.73046875
0.90810156,0.99295777
0.88053906,0.94686663
0.66006529,0.84868419
0.84609115,0.87420022
0.89755595,0.84413356
0.67043942,0.71263474
0.86075819,0.96101540
0.24387997,0.67569047
0.89652067,0.76929212
0.80919856,0.80854803
0.84733772,0.70490855
0.42470866,0.46597019
0.79898322,0.84792453
0.80291200,0.80308068
0.84599042,0.97528517
0.74207181,0.85825270
0.68922788,0.81442559
0.85759026,0.98765433
0.75195265,0.87371445
0.89738595,0.89968103
0.93524832,0.96111113
0.88211560,0.88765866
0.86275268,0.90612924
0.38712442,0.47920039
0.84124887,0.86153930
0.77553564,0.73372692
0.80747843,0.86213523
0.47666493,0.48991859
0.78874445,0.81857145
0.92037630,0.95981508
0.92003351,0.93555748
0.68321007,0.75470591
0.87134922,0.99586779
0.19192100,0.15128127
0.81681460,0.93831909
0.61718166,0.65180963
0.75201738,0.73469114
0.72737646,0.73667657
0.92571390,0.95084673
0.63190663,0.45411944
0.71341401,0.82596397
0.90414715,0.91558367
0.86351526,0.87270057
0.76882529,0.79986250
0.89464355,0.92148459
0.92870915,0.92151356
0.45688289,0.49974844
0.92727691,0.84275365
0.90099436,0.85395765
0.85658324,0.81715631
0.66952282,0.60693753
0.90953422,0.95842308
0.27977532,0.32973275
0.90288746,0.95446908
0.91964471,0.95598608
0.77326989,0.78623497
0.49949449,0.52014506
0.87051249,0.83970904
0.66281551,0.63051218
0.88811135,0.88158399
0.63465971,0.61583138
0.86394095,0.95565987
0.89643180,0.75523072
0.84256202,0.67953658
0.40996328,0.53720492
0.87060422,0.94218749
0.60170752,0.66828531
0.79127765,0.89803207
0.75690317,0.72039056
0.93076181,0.95181960
0.60940021,0.57788283
0.25201967,0.19792528
0.83719355,0.86498845
0.91345352,0.83672267
0.85005045,0.96998775
0.31233644,0.35605732
0.49389163,0.77120531
0.60969788,0.59340554
0.86384571,0.92227584
0.58170199,0.70291263
0.57132357,0.47399795
0.77465630,0.82838124
0.87384582,0.96343940
0.47625345,0.73905796
0.80002087,0.80588073
0.29888561,0.68041873
0.36183780,0.52807361
0.84752733,0.84815532
0.58334064,0.61597735
0.91180795,0.92333215
0.46116742,0.36546922
0.86073452,0.70270622
0.52479166,0.30880341
0.93285912,0.96578383
0.69030476,0.78835350
0.82988393,0.90789402
0.88061881,0.94718617
0.82560301,0.95959967
0.77794546,0.87348652
0.58421266,0.84302080
0.31806517,0.25022730
0.87699628,0.92284918
0.25893122,0.31365532
0.23547488,0.27681780
0.92392778,0.95272404
0.35045058,0.23379037
0.39358872,0.17387006
0.92613614,0.94375002
0.86348975,0.80404592
0.86564839,0.89114791
0.87152493,0.94414365
0.73123378,0.81688803
0.19676732,0.26702121
0.80750906,0.86121500
0.90099525,0.93752176
0.57568741,0.60269165
0.85292554,0.83144921
0.86466849,0.76140672
0.28893894,0.25086823
0.54965013,0.78410792
0.85213065,0.85786331
0.64549375,0.29281345
0.55743742,0.70345747
0.76365519,0.90486759
0.55373967,0.47359255
0.58190095,0.75320292
0.87968826,0.88372147
0.89279181,0.96178764
0.66075695,0.80204189
0.21313150,0.21891502
0.86924553,0.88470757
0.91587174,0.95590001
0.69646013,0.72039109
0.10517488,0.13315079
0.86353666,0.88758594
0.88982677,0.86063218
0.85929602,0.73494339
0.89878261,0.92040634
0.89313257,0.91938025
0.31194571,0.26233122
0.56758201,0.35845995
0.30989966,0.29174992
0.64913505,0.74594754
0.82869518,0.86434209
0.64993727,0.68731707
0.79346091,0.73861116
0.67165953,0.79933137
0.85343784,0.87618434
0.86426878,0.91233575
0.87394696,0.90985346
0.90209651,0.95246643
0.79514712,0.88553327
0.33919197,0.30136934
0.57874322,0.69969070
0.14014246,0.59131038
0.70866740,0.92737734
0.92944604,0.90550238
0.30177668,0.32065657
0.18194057,0.12341198
0.41968101,0.63449591
0.66216040,0.56483519
0.80851728,0.79153407
0.75684798,0.75685716
0.84951842,0.85959321
0.39340925,0.32328284
0.93310744,0.97483182
0.84833014,0.93755800
0.76790404,0.75008893
0.61434668,0.54827785
0.73691320,0.77899390
0.83104944,0.86642855
0.82683694,0.85757929
0.83114219,0.80524760
0.91507447,0.89142627
0.71499687,0.85637563
0.62376326,0.55213892
0.71689975,0.79657477
0.83505106,0.93150687
0.57721716,0.64687014
0.80587840,0.81788236
0.91078663,0.93490839
0.62069368,0.60836816
0.68868858,0.75797695
0.45663750,0.37491038
0.86357951,0.84554595
0.72617400,0.94024563
0.90606171,0.89032346
0.94158125,0.94315207
0.74474001,0.70266181
0.19643022,0.17724867
0.85244745,0.95757121
0.77040744,0.66002661
0.87064123,0.89160919
0.77772200,0.71016461
0.45849675,0.17304045
0.71194750,0.63766545
0.73338193,0.65249920
0.78704238,0.79832476
0.74857962,0.75634831
0.85761422,0.93308949
0.86415446,0.91925669
0.68227804,0.61354744
0.75286591,0.71067053
0.50021297,0.49853435
0.91957104,0.96987951
0.56870526,0.47457367
0.77278018,0.46507189
0.91914314,0.95709866
0.84932590,0.84032446
0.71147138,0.79147798
0.21675658,0.22571428
0.44385192,0.62316215
0.91053116,0.94026083
0.91616696,0.95509452
0.77048206,0.91946626
0.89737892,0.86271608
0.64646173,0.67736185
0.37728092,0.29299012
0.91935158,0.93160981
0.92141771,0.84429461
0.92837322,0.93079340
0.92778492,0.92286462
0.36386782,0.27491388
0.40270373,0.47344095
0.17257568,0.27841941
0.61481965,0.48061144
0.88441569,0.93051064
0.84133399,0.75789320
0.84651649,0.94412440
0.75021672,0.77607644
0.41245723,0.72667122
0.72513908,0.69301343
0.17021656,0.17293985
0.88416123,0.96814185
0.73258317,0.82575756
0.68635005,0.72635400
0.61473244,0.86697614
0.84411830,0.31173092
0.19691080,0.39001819
0.42471573,0.16899768
0.88396817,0.85553277
0.61894673,0.81164742
0.22627711,0.16834933
0.54587245,0.42169273
0.91545099,0.80127829
0.84436357,0.89919740
0.57466757,0.79312229
0.70987678,0.57057905
0.92995596,0.88174176
0.70065272,0.85781008
0.50009531,0.64401621
0.77957332,0.83227658
0.84293306,0.95726961
0.91152346,0.91936576
0.74549508,0.83569002
0.59393370,0.68053460
0.91317421,0.80092055
0.85981858,0.79621947
0.75158507,0.63051528
0.51427752,0.36483938
0.87280244,0.93216443
0.64921832,0.86294699
0.89709413,0.85502547
0.48617154,0.61018181
0.57018775,0.49695927
0.32188624,0.32577950
0.84977472,0.82228351
0.83119392,0.87309384
0.83235180,0.95283973
0.23721494,0.26299021
0.46938735,0.89971167
0.61107218,0.33002645
0.85651147,0.84373164
0.94437832,0.92684191
0.71321821,0.87118959
0.59251696,0.69461000
0.91095078,0.88480371
0.78732306,0.77288473
0.53586113,0.62577182
0.79165697,0.84312797
0.72624862,0.85797119
0.82778150,0.82330436
0.83120179,0.95151877
0.83268219,0.69807410
0.78081310,0.72405922
0.71313143,0.77265352
0.77757436,0.67525947
0.79184783,0.83003324
0.49129722,0.62389106
0.74328572,0.75815243
0.36375505,0.28270778
0.83235908,0.77167141
0.64917523,0.65917218
0.86533689,0.93516433
0.76361346,0.93100321
0.90826786,0.87618065
0.68212688,0.81323248
0.65732318,0.52777779
0.64751637,0.84273905
0.89821339,0.92441005
0.50798094,0.58058608
0.86983973,0.92202109
0.91189057,0.92261904
0.81923282,0.92895114
0.90500724,0.97321427
0.89953232,0.94377512
0.68497932,0.76018411
0.77025694,0.67623830
0.74943101,0.89098436
0.90200037,0.91602188
0.16003565,0.17230944
0.71640748,0.32973078
0.68440312,0.81386065
0.42743257,0.27668396
0.90204722,0.87431556
0.63475990,0.56918818
0.49540779,0.42682275
0.74044603,0.63289338
0.57318532,0.77915019
0.81394100,0.60599780
0.90292001,0.88887203
0.90907192,0.87887549
0.82994330,0.86881334
0.82963371,0.84907150
0.88013059,0.91576087
0.47975594,0.28926456
0.71375084,0.47911146
0.62915576,0.72467917
0.33651996,0.25419217
0.59749705,0.47933921
0.71260709,0.79894364
0.91111767,0.92743337
0.78950858,0.64779776
0.85878134,0.84539419
0.89476800,0.91399813
0.75130135,0.87271202
0.86282670,0.89002138
0.64050758,0.66373658
0.91513604,0.95114291
0.84256178,0.88769233
0.90383458,0.90360600
0.90731442,0.90453696
0.87302423,0.87023139
0.56717432,0.56904960
0.31994468,0.16021530
0.68591040,0.58776891
0.75682801,0.71616167
0.49218535,0.37820470
0.74129182,0.65054834
0.55298847,0.50625002
0.84823102,0.94345587
0.41455048,0.17151481
0.46433917,0.46443731
0.90856099,0.88044626
0.79172021,0.88876408
0.25855148,0.11137762
0.73763937,0.82759631
0.37086767,0.33913177
0.23106191,0.40757680
0.68705809,0.59522474
0.89581317,0.82589042
0.94116849,0.89339018
0.90602243,0.93048781
0.82388508,0.87427169
0.86139989,0.87892240
0.91426945,0.87680632
0.56408328,0.65094632
0.87725806,0.92667466
0.88549745,0.82291138
0.91883600,0.93553358
0.57529378,0.88555944
0.92275512,0.91696113
0.64086914,0.72555214
0.30725062,0.28170526
0.33504689,0.37861234
0.55636454,0.80787998
0.77555990,0.75822806
0.83562183,0.76342481
0.87694180,0.92787415
0.23558234,0.25668153
0.81432927,0.90701222
0.39771017,0.44807673
0.81727606,0.81018358
0.92866009,0.91454196
0.35582009,0.38902196
0.57507622,0.68171883
0.67586195,0.94202447
0.85069007,0.88461536
0.56305075,0.61678380
0.81565905,0.81605130
0.80808616,0.85770750
0.73327136,0.76175278
0.91306865,0.84337181
0.83009231,0.74940479
0.30251393,0.31749630
0.90410042,0.93988925
0.39596054,0.40856928
0.57766801,0.61964816
0.85867172,0.84441388
0.37519580,0.26264372
0.65873665,0.81456357
0.88496947,0.94091511
0.92077601,0.94483697
0.67348969,0.77436751
0.82961750,0.73497641
0.80795664,0.92367995
0.69440949,0.77442616
0.91548264,0.94002044
0.63905495,0.63948178
0.55638146,0.29001552
0.47386485,0.47703418
0.43510708,0.46399826
0.45379609,0.37721276
0.82995510,0.78236324
0.88913149,0.92214078
0.34686065,0.27103627
0.62737006,0.76398522
0.81012118,0.67205632
0.78210390,0.83523494
0.63041592,0.64715928
0.70453131,0.51620871
0.43234649,0.32157460
0.47250250,0.45544040
0.83655238,0.87108934
0.89089155,0.89443016
0.83483219,0.83858269
0.56403100,0.57860529
0.80666572,0.88908589
0.88166296,0.89660627
0.90998709,0.92574090
0.59025526,0.54323483
0.64882231,0.60007393
0.90034521,0.91481650
0.79109740,0.81704611
0.78453052,0.58841795
0.84900826,0.88918424
0.92438805,0.91494471
0.66862261,0.68860352
0.62052643,0.52295959
0.89121830,0.88658679
0.91936374,0.94576925
0.68172288,0.49879763
0.87445444,0.90279007
0.87287331,0.88721806
0.78128886,0.81605262
0.69951737,0.87434340
0.87098610,0.90211141
0.82016140,0.77503872
0.69803703,0.71505392
0.88137734,0.88430274
0.79485631,0.92897898
0.87312579,0.90256023
0.31002945,0.40279752
0.75461227,0.84916544
0.81735873,0.83684731
0.60422361,0.70334005
0.76798707,0.87882924
0.81085020,0.87598771
0.36477941,0.31770834
0.58436829,0.28206921
0.81103194,0.89248365
0.73519039,0.85238957
0.09797864,0.05983176
0.84990275,0.85267913
0.79346681,0.77992070
0.84700859,0.86928755
0.86174518,0.96528614
0.77547109,0.71977520
0.91960138,0.96238422
0.88790250,0.85739511
0.83568925,0.78503537
0.71440732,0.79966629
0.82041967,0.93440080
0.92245841,0.92379886
0.88084877,0.98342597
0.29430827,0.20089869
0.92874789,0.90116090
0.72812146,0.69155842
0.69514954,0.78557223
0.82848299,0.89515465
0.85421193,0.93720782
0.82654250,0.92423284
0.92892802,0.90575522
0.23432393,0.13828705
0.87995166,0.86878383
0.59253305,0.60396838
0.88312727,0.96349204
0.69419813,0.51846373
0.89893794,0.93656617
0.92016339,0.89278406
0.78129029,0.87902308
0.34849349,0.30046332
0.77691746,0.53138095
0.93313169,0.87888008
0.43109900,0.75535089
0.90162742,0.93247199
0.79274344,0.79126173
0.68029904,0.76397306
0.33168909,0.49263170
0.70576417,0.87048954
0.40039822,0.31396824
0.81817591,0.84852940
0.81775272,0.83923560
0.77529544,0.77722436
0.60996008,0.54607058
0.53637058,0.39491045
0.27012715,0.36439809
0.91059172,0.92298979
0.15853201,0.35971594
0.83168888,0.66836733
0.59029114,0.82934022
0.75115049,0.74916667
0.19858170,0.56794870
0.22944662,0.26325795
0.43380031,0.32736620
0.60514373,0.47069946
0.90464753,0.84627378
0.26812455,0.24463277
0.89595139,0.89110482
0.81632221,0.88505620
0.93055868,0.94174266
0.23234150,0.41137549
0.74062502,0.91608393
0.88585067,0.79931033
0.67591310,0.51875001
0.90220559,0.91388160
0.89588690,0.92925030
0.75693429,0.78833914
0.78400242,0.79221088
0.38708231,0.35390970
0.85079217,0.81076223
0.63742137,0.05911645
0.91687477,0.91886663
0.60295415,0.56222737
0.58796763,0.68636763
0.84007221,0.95931786
0.39258692,0.32346126
0.77211654,0.78118002
0.54001218,0.85876667
0.88539183,0.88779765
0.57346761,0.71874297
0.61485988,0.53004801
0.93924922,0.95449668
0.69484162,0.79494876
0.87741685,0.87537640
0.80256593,0.86697876
0.91900945,0.93665755
0.89336884,0.90814400
0.48868895,0.65395433
0.80031508,0.89931768
0.24600372,0.18908121
0.60396600,0.82154208
0.61731017,0.69164246
0.91371346,0.93209720
0.44412667,0.35555893
0.92373753,0.80653161
0.53311855,0.85493028
0.43570852,0.38282001
0.30127186,0.19711182
0.87016624,0.95179147
0.26915109,0.12941177
0.37653163,0.31220102
0.37931016,0.44861254
0.63449687,0.58635527
0.53727335,0.44241595
0.66179007,0.79017901
0.65091991,0.73001599
0.57980281,0.71861422
0.67718470,0.73753810
0.62296110,0.71454597
0.90865511,0.92307693
0.83230400,0.80853629
0.68014699,0.81911242
0.52086121,0.61310273
0.60504466,0.16138309
0.80025703,0.91361284
0.84067392,0.93801761
0.78877431,0.73944688
0.93496925,0.95026594
0.46276075,0.68241286
0.50722325,0.29026577
0.93762004,0.90825266
0.52757674,0.56674302
0.82182539,0.83006382
0.39187986,0.37950405
0.33273587,0.24927419
0.57813764,0.66252685
0.20176208,0.16204339
0.93990481,0.93233085
0.40661842,0.31582168
0.70432818,0.54292929
0.43416342,0.50508738
0.79245949,0.72426468
0.94501877,0.96746254
0.58912879,0.65416348
0.69175845,0.73229450
0.80145371,0.83696705
0.79216504,0.91287881
0.69419312,0.78899848
0.63849956,0.67014772
0.65551829,0.66860127
0.92621291,0.98486894
0.88732588,0.91407204
0.84016931,0.79912353
0.89476752,0.90790600
0.68145066,0.70644838
0.80736375,0.91641748
0.79058534,0.84031063
0.56636822,0.87734169
0.58112359,0.62949657
0.82103974,0.94938821
0.89478850,0.82608330
0.83610815,0.94702840
0.54708534,0.63105524
0.89869630,0.88569623
0.85903764,0.77464294
0.61211270,0.74545455
0.93656105,0.98336834
0.90289164,0.91069108
0.94413024,0.89937484
0.86255687,0.78953713
0.81460786,0.76818180
0.62721848,0.57471848
0.93908685,0.93378985
0.28330189,0.52639496
0.77809620,0.76866150
0.80987692,0.89826912
0.87626654,0.84943604
0.89981842,0.81756449
0.32264525,0.24496280
0.83733714,0.76861268
0.85252059,0.85765803
0.89641535,0.90140927
0.83881408,0.84456784
0.91276014,0.91470444
0.86493540,0.92037565
0.82951319,0.85377020
0.86207223,0.79467213
0.88621891,0.94008398
0.77605116,0.65170592
0.84869230,0.91676092
0.59022588,0.90826541
0.64430463,0.60053039
0.70232511,0.76889235
0.68526793,0.65831244
0.83344465,0.86602229
0.89265764,0.93534577
0.75570643,0.86279762
0.85948753,0.94604290
0.71125227,0.39957401
0.23770684,0.24195077
0.83631730,0.93266457
0.82379901,0.80518061
0.59131467,0.72062546
0.67705232,0.78055555
0.52045929,0.56966841
0.92178416,0.92892653
0.88297224,0.95193678
0.37911561,0.38558289
0.80059737,0.90510201
0.89591718,0.89741594
0.41838545,0.37056318
0.88864350,0.89875025
0.88546002,0.86353403
0.81376445,0.83863795
0.87169611,0.93527162
0.65677667,0.75619966
0.85173547,0.92960197
0.49867946,0.44396770
0.64270592,0.70168668
0.49648720,0.83679587
0.75671953,0.69344342
0.84792387,0.89650995
0.59832907,0.60600597
0.84337473,0.99450552
0.45637900,0.51262629
0.92133355,0.95794207
0.88846874,0.94287515
0.82713592,0.83426428
0.87897205,0.86212325
0.82802761,0.94481504
0.68149310,0.85546035
0.54020733,0.60193843
0.87333405,0.86465520
0.71976721,0.69813317
0.62085134,0.64303428
0.52433950,0.53717440
0.57579464,0.84272724
0.45782217,0.54914093
0.80104363,0.78872246
0.90182793,0.90750098
0.94544065,0.96502912
0.71290731,0.54791605
0.26316279,0.28604645
0.80297023,0.88689107
0.70935053,0.63084817
0.63173896,0.81448370
0.77976942,0.84798652
0.75342011,0.81720990
0.69660783,0.61100036
0.54781926,0.37871712
0.86942345,0.93508095
0.75417411,0.95268255
0.46543276,0.63884330
0.91599351,0.91655874
0.26705757,0.18856642
0.62030894,0.43263334
0.40229794,0.22155657
0.90185571,0.89042938
0.57756537,0.45910111
0.80359244,0.73458838
0.92266512,0.89012313
0.80827701,0.83894086
0.91804457,0.95038587
0.76905006,0.79125559
0.74387097,0.82203388
0.85194623,0.82721812
0.84823430,0.92786938
0.20021930,0.23721561
0.80153364,0.80576110
0.86267388,0.80829614
0.27617529,0.37508041
0.26634309,0.39418384
0.88665354,0.93737882
0.76087785,0.72736418
0.90635276,0.94878781
0.93806410,0.96307963
0.34527713,0.23443674
0.92235553,0.95625705
0.34555241,0.32948253
0.25245002,0.33280957
0.90961111,0.92866290
0.61542284,0.59002978
0.81415880,0.86577785
0.63511103,0.67957091
0.34635034,0.37083334
0.27427587,0.30060565
0.90497315,0.88114440
0.76764047,0.86221063
0.82705081,0.92929351
0.92220378,0.94755554
0.87786007,0.93284994
0.83651686,0.79547930
0.89867711,0.59764564
0.18801057,0.18849500
0.46779302,0.45049426
0.44905761,0.73779058
0.76340914,0.74086756
0.79662633,0.90647060
0.79797244,0.87305856
0.82389373,0.78616065
0.84773791,0.81487179
0.90204692,0.88617051
0.72158420,0.94964349
0.86755240,0.88360649
0.66707492,0.69574910
0.84283519,0.92451078
0.83012307,0.87648630
0.68878472,0.66000003
0.80873090,0.86680472
0.87344342,0.92136472
0.92729306,0.98305082
0.66925079,0.85917401
0.89027727,0.85643667
0.92855608,0.97607863
0.81163681,0.86778843
0.28725001,0.11444855
0.59704185,0.66009390
0.46122584,0.31722808
0.60178041,0.52303976
0.79449809,0.81928641
0.88398647,0.92797798
0.36458549,0.52903360
0.84604520,0.57935721
0.90409553,0.84517330
0.67477024,0.61519480
0.90910006,0.92339206
0.38283741,0.37234765
0.43174130,0.34595588
0.94590306,0.97681099
0.75653529,0.92441779
0.27521804,0.26586309
0.90277207,0.93525636
0.82773823,0.87356466
0.80142081,0.76463962
0.84664154,0.83113098
0.81768149,0.81653941
0.81183541,0.74366540
0.40827486,0.74915254
0.27422407,0.15166023
0.79779136,0.93917751
0.76267612,0.57265884
0.73647773,0.72574067
0.83380711,0.96226418
0.67101008,0.53176051
0.90022421,0.91369045
0.43149987,0.91626227
0.80898160,0.78528452
0.78967738,0.89729768
0.73268270,0.58861798
0.31634670,0.73949623
0.43030241,0.33631712
0.79983413,0.65859860
0.93043280,0.94795454
0.92054772,0.90801525
0.87060988,0.82967067
0.21477798,0.30645886
0.32762837,0.50251269
0.70299095,0.57917917
0.92127126,0.94779015
0.32028556,0.41248873
0.37819853,0.48412770
0.88434422,0.84244376
0.90148920,0.96799999
0.68427265,0.70853096
0.34054798,0.34913969
0.77197528,0.74974638
0.42983499,0.58547497
0.86153841,0.89215314
0.74157405,0.78218085
0.91569078,0.93565577
0.82789296,0.78867966
0.92761898,0.96692306
0.21368279,0.26499084
0.15490969,0.19875507
0.92627585,0.89975178
0.64983517,0.64754456
0.90520573,0.95454317
0.67221689,0.42990908
0.86066782,0.87952393
0.70111626,0.80987573
0.72980160,0.68158633
0.89530724,0.96209157
0.53091538,0.77735543
0.83034742,0.91145277
0.85008550,0.89309311
0.18503052,0.53292096
0.93121207,0.96157050
0.80883741,0.87500000
0.79806638,0.82282609
0.56897759,0.91638511
0.54862344,0.58630854
0.89816427,0.93979931
0.73011333,0.59177703
0.77495158,0.89854771
0.78814828,0.72432882
0.72021997,0.63698202
0.91742659,0.93027323
0.63192344,0.56061918
0.79772323,0.77020580
0.59256887,0.42132545
0.84894657,0.94683260
0.94606340,0.90500355
0.92299712,0.94230771
0.63098860,0.65608561
0.65407276,0.74019837
0.69253004,0.70291167
0.41965729,0.44576421
0.68453115,0.90727490
0.84991169,0.94602466
0.30335715,0.33775628
0.89845192,0.95109040
0.91612887,0.91905427
0.45390254,0.50566500
0.83352947,0.90048444
0.64997017,0.59053195
0.95037127,0.97306174
0.68912166,0.75476748
0.34514582,0.33456340
0.90349758,0.96128732
0.89069271,0.81549895
0.80802333,0.85439688
0.74582410,0.85401893
0.77760983,0.85075760
0.89292979,0.95165145
0.91902411,0.92686504
0.23455870,0.48505858
0.89568990,0.95390511
0.76721096,0.80599838
0.87610751,0.90769231
0.74596334,0.79080892
0.81530559,0.90397990
0.63027072,0.36405113
0.85722971,0.87470949
0.87963670,0.93694389
0.68521667,0.79691780
0.76312542,0.78330952
0.87568551,0.96805274
0.57432181,0.76921332
0.85544038,0.93607086
0.66926706,0.72216403
0.72118920,0.94570917
0.72333854,0.78358960
0.15687764,0.22785492
0.24271499,0.30344516
0.89960182,0.97201425
0.91501635,0.92996705
0.35976803,0.49853569
0.68880230,0.71849275
0.69432038,0.95070422
0.89835668,0.88003707
0.72309804,0.83245796
0.78655404,0.69407368
0.89704835,0.97383201
0.85523272,0.84758884
0.92109561,0.91683120
0.88424540,0.84386200
0.91249257,0.90087718
0.65627795,0.79504013
0.86959279,0.90407240
0.89500499,0.88486165
0.46671981,0.47393841
0.83148628,0.81459248
0.30234542,0.65215379
0.62706101,0.70029688
0.76132488,0.76731455
0.64142293,0.65735173
0.76152617,0.87525922
0.54129678,0.51220894
0.75161803,0.79191267
0.90909922,0.83404255
0.91879594,0.95983928
0.38074261,0.36042839
0.81638652,0.80392855
0.79407179,0.85172158
0.62948763,0.72687620
0.89586586,0.92983389
0.21644291,0.95673680
0.87244886,0.95630878
0.86569738,0.97462410
0.91450745,0.89845413
0.83576095,0.79668605
0.91070402,0.88697374
0.78172833,0.86759579
0.63446361,0.88792294
0.92370439,0.93200159
0.89242041,0.93097031
0.88628834,0.85191262
0.43858832,0.43764684
0.89166689,0.95304269
0.91054499,0.92646158
0.32512283,0.39971015
0.67826676,0.67215383
0.19560736,0.25180703
0.74126595,0.81518060
0.90272725,0.86124969
0.83938497,0.81611842
0.76873994,0.84769130
0.68524307,0.50645941
0.10887150,0.08762792
0.22159383,0.21655035
0.90296912,0.88651985
0.75940102,0.83152914
0.88309443,0.82580411
0.42068672,0.56879222
0.54139787,0.51782811
0.93186235,0.92928571
0.74133265,0.61852694
0.83625162,0.87166262
0.56259358,0.56360048
0.87371707,0.86212993
0.78007931,0.78719491
0.32449517,0.27508554
0.86462533,0.04841315
0.75250643,0.80169010
0.54520476,0.68397969
0.93272448,0.91978264
0.83960748,0.94484937
0.40725970,0.38727298
0.72531307,0.90857321
0.81158090,0.89265734
0.07586005,0.06653640
0.77179432,0.89169848
0.87735784,0.90864319
0.92463303,0.94609249
0.86297882,0.90433514
0.66934633,0.75037980
0.68213153,0.76231754
0.87427330,0.80713177
0.52258432,0.62611806
0.37539813,0.40342155
0.82279789,0.91816008
0.89708310,0.88266206
0.39257109,0.33628988
0.41641429,0.30961546
0.91901243,0.87369770
0.85258061,0.84653473
0.74757624,0.76207525
0.29306743,0.72625697
0.79182339,0.83388489
0.69736445,0.68317592
0.76212037,0.86365926
0.82791710,0.74751997
0.90656036,0.92639738
0.90885574,0.96173269
0.85666895,0.93501294
0.35349107,0.25788260
0.92353451,0.88248795
0.17286211,0.27713567
0.30484790,0.23388544
0.66427869,0.88203245
0.51325780,0.22875798
0.55656850,0.45881549
0.42753816,0.37987551
0.66641033,0.68915665
0.59657705,0.52350962
0.91384906,0.90397918
0.72445869,0.75808090
0.86539066,0.92827880
0.76100206,0.66389322
0.85695267,0.74797606
0.43042275,0.61400348
0.78890258,0.87679505
0.86734575,0.85100001
0.76625401,0.76419407
0.57994652,0.70871383
0.32563606,0.37168610
0.46404272,0.25433421
0.40900677,0.55558765
0.28601626,0.37943745
0.70094472,0.70826066
0.62800926,0.68231523
0.83770061,0.83614987
0.55812323,0.66354609
0.50535530,0.56455427
0.88334286,0.91570240
0.83323258,0.94852942
0.85697389,0.87019229
0.62613034,0.67060351
0.86645758,0.87860221
0.41068175,0.43408552
0.89629340,0.90430224
0.41825220,0.47454759
0.43537056,0.51738435
0.57690054,0.49768543
0.89213955,0.91897058
0.65019846,0.75338256
0.29200947,0.33257172
0.80742306,0.89344037
0.85807544,0.91629022
0.57696736,0.73072940
0.84822124,0.88801169
0.51804411,0.32324985
0.87702990,0.94017380
0.46511585,0.62384528
0.72600526,0.81833214
0.86434031,0.89733124
0.81147063,0.93570572
0.75394928,0.80914003
0.65936387,0.67290825
0.58540761,0.72541469
0.92880911,0.97580647
0.77254546,0.73941207
0.93220258,0.92059553
0.90452182,0.89386451
0.92615461,0.90226364
0.86985409,0.93188852
0.85979557,0.92187917
0.84869611,0.82926828
0.92670196,0.90646851
0.22306319,0.59047621
0.74626219,0.65952832
0.70889604,0.79450709
0.66857123,0.90077573
0.38150114,0.55291277
0.64580500,0.79394019
0.95094866,0.94914114
0.83178198,0.85851353
0.67804354,0.66111636
0.43165341,0.68265980
0.83625400,0.79583335
0.95073891,0.91269839
0.60949361,0.28492424
0.75489992,0.65308434
0.54629284,0.60615385
0.81239051,0.82792622
0.83915365,0.82487172
0.64541215,0.79496950
0.71164721,0.73055607
0.84210420,0.87011999
0.92374158,0.92416620
0.80530739,0.74605095
0.83379340,0.91570044
0.77111465,0.91728526
0.92666829,0.96706986
0.20107061,0.23533912
0.46396881,0.62380713
0.94113898,0.96905977
0.90639979,0.78756368
0.91116786,0.89470923
0.76061720,0.71027851
0.58474416,0.89061230
0.91760600,0.91687191
0.94874978,0.93857831
0.78045583,0.83492053
0.59206313,0.50351262
0.43470550,0.45799181
0.65567410,0.71102941
0.74745309,0.54235274
0.79069799,0.90381426
0.72746849,0.85565293
0.92474711,0.86322647
0.15073320,0.17943865
0.86322254,0.91248631
0.52832294,0.66569257
0.80140209,0.79492009
0.88770723,0.85245121
0.73100471,0.81559318
0.28033191,0.41204482
0.70902073,0.82869667
0.49834800,0.57735616
0.71264237,0.94763815
0.81230044,0.52567416
0.39679921,0.27283254
0.84153479,0.77820754
0.77006793,0.80371416
0.67465329,0.64583331
0.69935447,0.69887793
0.52928215,0.70807451
0.75768179,0.92517263
0.43560433,0.36639267
0.92239869,0.92623454
0.52281857,0.75976318
0.94664794,0.94687277
0.69505745,0.66178685
0.46308637,0.86329669
0.76110226,0.96053946
0.86107713,0.96490383
0.83073473,0.76452470
0.04739274,0.04907224
0.76430631,0.73474181
0.82360488,0.84605688
0.75702322,0.80925405
0.90365040,0.83467120
0.84039539,0.87336600
0.66393453,0.80581552
0.42092553,0.29188052
0.60716593,0.90178400
0.90997082,0.96808511
0.88336635,0.90359366
0.88660246,0.94184738
0.34790760,0.37508628
0.53738785,0.57276696
0.37809891,0.31777900
0.82780588,0.72867787
0.40396294,0.45838079
0.90275800,0.96690059
0.65698725,0.76967627
0.89131027,0.84325379
0.71195221,0.77817506
0.56039375,0.78527069
0.86221337,0.88919914
0.68432176,0.47211823
0.75551802,0.81373334
0.86109126,0.92434543
0.22813928,0.90702969
0.39078054,0.36060503
0.85108185,0.79690802
0.88361931,0.90548658
0.82298058,0.74968606
0.80799544,0.85537040
0.93720144,0.94372815
0.56949914,0.63958174
0.26399893,0.29538941
0.79970706,0.87087911
0.83326399,0.78552634
0.79485846,0.80993885
0.73979592,0.64122051
0.53791082,0.90967745
0.86926240,0.94041324
0.55978441,0.66906327
0.91020393,0.85280538
0.74341077,0.77713078
0.86380124,0.90087938
0.43611753,0.36320755
0.65066075,0.80348140
0.46837565,0.45288461
0.46680275,0.80483484
0.71605372,0.66613168
0.43720385,0.45424199
0.89218879,0.80536550
0.63927680,0.58970314
0.89210224,0.86410403
0.89454544,0.93724263
0.74618387,0.79350895
0.94007248,0.94241124
0.42102224,0.09493448
0.74038112,0.70093668
0.85094362,0.91849816
0.58155954,0.77214825
0.92495692,0.91477275
0.19847377,0.19832759
0.78376848,0.77344030
0.89518023,0.81774193
0.56850737,0.74101347
0.74730253,0.79667425
0.31366515,0.39893100
0.81479979,0.75262189
0.95235229,0.97436619
0.66691840,0.58208001
0.92107928,0.85481483
0.70425081,0.65468109
0.86270630,0.92648536
0.75381255,0.74169868
0.93203622,0.96470946
0.22355419,0.14268395
0.89979970,0.85882354
0.90463424,0.96330440
0.83149016,0.82924050
0.81741917,0.77595627
0.48493785,0.44452891
0.81023192,0.84760499
0.29126140,0.63616735
0.69993877,0.75533837
0.79060185,0.77235162
0.94424117,0.92451161
0.41498983,0.52540648
0.73771459,0.87541831
0.76882255,0.86324370
0.89730394,0.92401743
0.90767431,0.79488355
0.78885746,0.81569493
0.92690277,0.91648656
0.68207043,0.78724122
0.75410432,0.81261754
0.91599971,0.89749157
0.77213216,0.54038197
0.68950766,0.41161060
0.34745783,0.27785650
0.84494269,0.83435541
0.88537812,0.93596226
0.74072576,0.66906357
0.34172231,0.09331770
0.64043176,0.70543820
0.27417791,0.39207914
0.43349403,0.66717333
0.77643526,0.76567328
0.84236914,0.87568682
0.94004846,0.93506479
0.59343290,0.70934904
0.90647495,0.90208632
0.36507452,0.35040271
0.58166569,0.85967463
0.86194152,0.82354587
0.66133994,0.61100799
0.62149572,0.69261646
0.93570614,0.92561406
0.69649017,0.67673612
0.90122259,0.86098039
0.93284434,0.97058821
0.80551231,0.73329091
0.53862077,0.55677921
0.56298184,0.68556148
0.94707036,0.90425187
0.89073741,0.93237972
0.88895702,0.92176437
0.77418476,0.75551468
0.93049908,0.94066691
0.85462356,0.91112089
0.71451938,0.79359227
0.45392030,0.65434331
0.58792567,0.66588682
0.80676562,0.88086140
0.79543966,0.86908519
0.89169490,0.92590219
0.42256388,0.27918723
0.78233063,0.75859374
0.46826643,0.60708481
0.76648527,0.88536286
0.70256102,0.82017541
0.86414242,0.85367477
0.54904753,0.29310322
0.81469214,0.75720918
0.75742990,0.84809572
0.85780990,0.90018588
0.76474321,0.90471417
0.70993268,0.83271801
0.85931170,0.92495608
0.82657492,0.80089670
0.45532453,0.62819201
0.60550499,0.87680167
0.28074849,0.18476626
0.48800749,0.65500969
0.84964395,0.86213160
0.91993642,0.88749844
0.75898731,0.68462902
0.70562339,0.60758698
0.51470405,0.44687781
0.55424845,0.54361302
0.76773828,0.89737171
0.37074733,0.33808678
0.87884003,0.93352044
0.87017167,0.88174605
0.77699900,0.67734772
0.57107592,0.60252136
0.37620634,0.47512907
0.67812043,0.71401262
0.85948908,0.85995477
0.54905242,0.70470148
0.55218714,0.72416669
0.90748668,0.92451495
0.91269189,0.89092827
0.62694997,0.48940939
0.92456055,0.85253119
0.74388671,0.72226584
0.78780365,0.82371795
0.81004763,0.72313339
0.71288073,0.69491524
0.60216838,0.28302512
0.65311903,0.66316849
0.79508352,0.78918386
0.78364253,0.86122358
0.60890692,0.61486304
0.87280893,0.93851012
0.78614473,0.86617076
0.28098860,0.21854033
0.90843797,0.86709678
0.48746741,0.44594145
0.61416298,0.70934421
0.37815934,0.57563108
0.72894120,0.84181809
0.89863479,0.89143956
0.43296283,0.33776334
0.91665429,0.88076925
0.78767669,0.62833571
0.66438806,0.65507013
0.37944341,0.54255599
0.90687865,0.94780439
0.79533589,0.84815168
0.86243296,0.96512538
0.89822626,0.94533569
0.17547578,0.13820100
0.51859438,0.63128549
0.87893021,0.87087184
0.76304138,0.77670741
0.69853783,0.57333332
0.69457674,0.73601484
0.59758925,0.60244495
0.91324878,0.93458170
0.42710936,0.74855393
0.82899714,0.85432756
0.91752744,0.90358436
0.66158378,0.36324245
0.91588664,0.90914899
0.31368741,0.23429488
0.67643267,0.67422217
0.82764912,0.91130614
0.78405166,0.86633402
0.54008925,0.45963559
0.83161342,0.93364704
0.88674760,0.90337920
0.80402732,0.88635087
0.85437036,0.86596137
0.09267245,0.14238474
0.62655985,0.67353058
0.68379891,0.65959710
0.66222966,0.68902355
0.90563309,0.94130772
0.88491750,0.93890327
0.69133675,0.83010000
0.82813001,0.76870990
0.76719326,0.78508079
0.38223335,0.20129573
0.67198539,0.73593277
0.73593974,0.69652408
0.88530612,0.89276779
0.94220412,0.95815170
0.81868112,0.85358393
0.81853986,0.95081967
0.62121987,0.87386876
0.90988457,0.92785192
0.86021292,0.82240474
0.52301288,0.51847291
0.38251922,0.54570955
0.87272179,0.91483933
0.91140950,0.96159512
0.92423975,0.91969699
0.85898083,0.77557325
0.93413550,0.94213098
0.36722934,0.59547079
0.57981855,0.63316905
0.80901122,0.85747862
0.81601393,0.88942462
0.73590207,0.76581365
0.83851707,0.92413795
0.88758790,0.86388087
0.80109358,0.90184408
0.87522852,0.94159889
0.51083654,0.47769994
0.48929834,0.51582682
0.62624007,0.65855271
0.72351933,0.55837613
0.71466827,0.86041665
0.88653445,0.81261653
0.69010669,0.64788085
0.84372824,0.90757883
0.55903625,0.68867254
0.28642976,0.27033615
0.87733269,0.86742425
0.89306003,0.95296687
0.82471800,0.87668997
0.56655163,0.70405483
0.92787778,0.90872830
0.33927774,0.26891235
0.37685850,0.28844616
0.92397463,0.93867528
0.88949144,0.95836520
0.84932607,0.85400099
0.47801226,0.64777327
0.89495713,0.94413793
0.17469037,0.58318377
0.81636459,0.87031418
0.88450360,0.90730679
0.89051247,0.89260840
0.82581425,0.85858172
0.57293993,0.44202900
0.24190521,0.22620282
0.87894905,0.93948317
0.86102021,0.95407110
0.85796243,0.85167789
0.39354050,0.31044713
0.39822444,0.53255486
0.63506234,0.65804696
0.50774521,0.71916008
0.86120009,0.82708436
0.75257981,0.90111095
0.88278532,0.88809043
0.49003527,0.61163920
0.57482743,0.29148528
0.85162503,0.84470338
0.68785197,0.76190341
0.67624444,0.67272520
0.90570462,0.96080023
0.83048743,0.93525702
0.91173041,0.96389180
0.62632287,0.64065313
0.79477477,0.72689146
0.81507158,0.77282280
0.56494999,0.57794201
0.22888714,0.35547245
0.73832452,0.93001091
0.81182921,0.76111454
0.51792699,0.52020627
0.13933107,0.17866541
0.71619558,0.69835669
0.45770958,0.33899325
0.73986322,0.67985255
0.91557658,0.92778361
0.14503743,0.10347844
0.81323230,0.86087668
0.90077370,0.91655713
0.62804008,0.68643981
0.73089117,0.61396575
0.65285206,0.78740156
0.84240758,0.83333802
0.45357829,0.77130038
0.87330377,0.94031703
0.75017798,0.91185915
0.85400963,0.83411217
0.52101177,0.89218092
0.74478185,0.73265839
0.92757297,0.94374889
0.86293793,0.89110535
0.29518747,0.51438850
0.44121510,0.74140918
0.62990791,0.72272569
0.16033092,0.25613412
0.90999371,0.91926461
0.65101278,0.67595762
0.42541850,0.35258478
0.65369588,0.75138831
0.90667653,0.97033179
0.57811016,0.56723893
0.11395243,0.06769641
0.86618721,0.90299064
0.68518388,0.75866234
0.44437972,0.55458927
0.42001796,0.64275974
0.71072030,0.78007442
0.91420114,0.93749142
0.31602055,0.33064476
0.19663966,0.13935617
0.59689933,0.76309842
0.81302500,0.70236617
0.84359884,0.82342285
0.87059569,0.96078664
0.70323873,0.61427450
0.69506723,0.86798906
0.81098855,0.94516754
0.71992660,0.86344659
0.83661413,0.78021848
0.79649854,0.88256192
0.89758217,0.92800957
0.50932342,0.70984000
0.16066386,0.19401021
0.92446208,0.93364310
0.82109010,0.85556608
0.84831887,0.82829678
0.79053438,0.86018974
0.90254962,0.93216723
0.83630478,0.83884478
0.87004340,0.91721135
0.83727992,0.85417455
0.62626404,0.44195944
0.72815263,0.63091153
0.89453363,0.92968750
0.93292320,0.98076922
0.91266197,0.93113101
0.89366233,0.93695152
0.65719926,0.59340662
0.71860647,0.75494677
0.21684393,0.56511414
0.63491148,0.59271789
0.61946571,0.57225901
0.62713480,0.63688868
0.75973231,0.85099202
0.32776988,0.51166642
0.85775435,0.86235178
0.91803592,0.71102273
0.70748669,0.74606460
0.63559979,0.90601236
0.77488697,0.82942766
0.91694868,0.95560515
0.29565185,0.17277816
0.35527164,0.41530049
0.21620628,0.35408485
0.78317642,0.86810982
0.83154035,0.87404394
0.82142776,0.84020394
0.84714627,0.88895178
0.85217476,0.88835049
0.63133532,0.75410956
0.29428273,0.19355844
0.60057038,0.70774949
0.81519985,0.79755753
0.93683589,0.94196790
0.65965319,0.53551751
0.73705876,0.69441104
0.81873900,0.74720901
0.51656210,0.80436713
0.66428041,0.90191597
0.78184021,0.81031436
0.38797915,0.57670254
0.39708093,0.37342286
0.90688324,0.90213126
0.85731101,0.91887301
0.28889316,0.21821387
0.87006551,0.84253246
0.86293346,0.91629750
0.63988042,0.85547787
0.24690568,0.17727028
0.65574032,0.76651859
0.78351617,0.61042839
0.39543548,0.57232702
0.77579677,0.77196455
0.34121472,0.31979588
0.92377567,0.94718504
0.80074000,0.82682014
0.68482339,0.79161072
0.85161436,0.92636448
0.83242530,0.87543857
0.62450129,0.73408186
0.81823325,0.91348845
0.86468148,0.83029968
0.62565595,0.54387695
0.25744841,0.09005424
0.89587778,0.93725491
0.91612732,0.89542693
0.82484734,0.90824288
0.56490362,0.68916667
0.70494235,0.75555056
0.89255786,0.88198572
0.81395662,0.78076386
0.75882459,0.90701753
0.84752190,0.81612223
0.86929584,0.93109173
0.78353041,0.63605124
0.19360740,0.22940685
0.81959969,0.68094826
0.14428905,0.09789793
0.57262814,0.55041182
0.78696430,0.66631186
0.44178468,0.38241181
0.61675638,0.58136481
0.17967436,0.14239281
0.51582140,0.41961285
0.69280022,0.67160743
0.73816985,0.81496948
0.89539099,0.94230771
0.53979933,0.54797554
0.25686106,0.22549520
0.90152299,0.88494551
0.84473562,0.87281960
0.86779177,0.79909480
0.91813272,0.97513658
0.82124126,0.87907219
0.88640320,0.82881582
0.48133552,0.28370300
0.59310365,0.50191200
0.54409170,0.55876905
0.84425825,0.84394497
0.81713557,0.86643320
0.86976010,0.88522571
0.90248621,0.92619932
0.55849445,0.62764049
0.87360036,0.83414376
0.72222859,0.59026688
0.83717304,0.88969105
0.87410665,0.87930161
0.62463605,0.64108753
0.80511665,0.69405240
0.73762316,0.44936466
0.61292803,0.65328610
0.35387948,0.35587573
0.80952084,0.92472613
0.89424551,0.89193571
0.90011847,0.91976273
0.73405182,0.56158555
0.69084090,0.93181819
0.78139389,0.93839288
0.85314977,0.89677179
0.51900625,0.61343890
0.68830681,0.64621210
0.83950770,0.93771851
0.64075053,0.64251715
0.85075384,0.80676502
0.86850882,0.92940140
0.25962996,0.56573516
0.74596167,0.83414179
0.75783861,0.61239034
0.93577200,0.94537038
0.74032038,0.89517760
0.82105410,0.84082633
0.89571834,0.95478034
0.76939726,0.82629454
0.87937540,0.90221554
0.67925256,0.71525139
0.61922508,0.65284371
0.67122686,0.88858747
0.18732803,0.34324324
0.89112139,0.92129201
0.42089826,0.52965587
0.83368301,0.85662329
0.67321366,0.62984276
0.64548761,0.84014910
0.55164844,0.67456281
0.76236391,0.81367642
0.85823691,0.87737381
0.73513269,0.71979111
0.66396606,0.60012245
0.76726484,0.80896324
0.61003613,0.79903263
0.68520224,0.84898800
0.81941819,0.89979094
0.62287140,0.54217803
0.86927736,0.87184513
0.35746524,0.35023639
0.87366492,0.86972600
0.91703576,0.93309766
0.83465958,0.42963848
0.93350804,0.95238096
0.89788485,0.90292448
0.49007022,0.59359169
0.81461585,0.84764689
0.91429412,0.93941593
0.60011458,0.54642147
0.51071215,0.46075755
0.80586874,0.78745866
0.91358501,0.88140428
0.86413234,0.85532874
0.81314826,0.87586004
0.45867100,0.41097781
0.49994990,0.81294906
0.53576332,0.69873011
0.77033448,0.76341772
0.36272478,0.41939652
0.89391243,0.93331707
0.25348738,0.38063678
0.67152864,0.81461120
0.85540187,0.86356544
0.70110172,0.81888497
0.74615151,0.70126402
0.81523871,0.84600532
0.75609511,0.71799242
0.41898909,0.80576766
0.15537319,0.11573371
0.11532705,0.14471753
0.20291600,0.27370870
0.31630448,0.21802193
0.76710123,0.86745286
0.82091123,0.91761792
0.51337284,0.55567831
0.38237691,0.08684523
0.89737844,0.90174997
0.81656951,0.97752810
0.64305639,0.50587827
0.89494824,0.95787656
0.78719276,0.82811010
0.68015301,0.58943623
0.89266872,0.84034121
0.62769425,0.72468823
0.51709461,0.41787943
0.55916202,0.67524695
0.81226557,0.88715434
0.76942426,0.85143358
0.74379247,0.76572299
0.77683985,0.73267573
0.40486640,0.41130349
0.38438284,0.41253459
0.41888544,0.42333701
0.81724501,0.80225331
0.31368905,0.37073177
0.88924319,0.89083129
0.91493481,0.92635638
0.77819979,0.90638530
0.92713171,0.92786336
0.88900524,0.88932884
0.83202893,0.87222224
0.73609185,0.76081729
0.88459444,0.84429973
0.82257378,0.86156839
0.59854263,0.45977011
0.87072891,0.87298405
0.70652837,0.47832707
0.50050157,0.52225542
0.61417651,0.79806578
0.83554399,0.88583738
0.77227259,0.87263954
0.61089838,0.70811111
0.81310326,0.81082720
0.79498601,0.75315470
0.46494967,0.55298787
0.87931013,0.86960250
0.88689089,0.89337331
0.34224367,0.29517210
0.37028477,0.38227704
0.90407372,0.94754153
0.82668525,0.89941752
0.66781747,0.72067940
0.85748810,0.92671192
0.64113992,0.72892541
0.26605290,0.40477979
0.51050496,0.49698871
0.67962289,0.22254266
0.79367751,0.91021466
0.67681140,0.75062531
0.87408245,0.89143640
0.82895839,0.92778337
0.88752794,0.84831065
0.84483802,0.81224483
0.65067124,0.76156652
0.86121798,0.82895660
0.52479899,0.54846936
0.92758048,0.93164825
0.71748221,0.79267889
0.37278679,0.17075326
0.41833159,0.27600297
0.93774426,0.93757331
0.83647811,0.71526593
0.65368617,0.66985452
0.47393787,0.41604635
0.79349256,0.81719166
0.23764561,0.21320389
0.68048453,0.72617304
0.93299848,0.94099051
0.70072722,0.75108284
0.49260926,0.46733695
0.15596727,0.10089324
0.95956081,0.94463146
0.75308502,0.74892473
0.79026955,0.84465814
0.47132647,0.58803153
0.80301189,0.78171647
0.81728494,0.86781013
0.36812514,0.48348597
0.82767248,0.89264327
0.43006095,0.50515997
0.92227733,0.91790068
0.34820223,0.32206389
0.77777064,0.85796642
0.66024286,0.50573266
0.24535209,0.20284900
0.86956626,0.87166619
0.91975009,0.93390751
0.85572147,0.99810249
0.61964804,0.66365343
0.55191195,0.42079458
0.74150383,0.71060944
0.90761483,0.93063945
0.73760575,0.73101854
0.86858237,0.95595813
0.71539152,0.61693120
0.72997373,0.85039145
0.91965187,0.96496212
0.42121801,0.24882154
0.80745631,0.92705601
0.85726476,0.88428366
0.27822575,0.38980940
0.83457327,0.93256634
0.89399207,0.83937222
0.78687811,0.72542518
0.70795476,0.67465597
0.66072839,0.82082480
0.91578001,0.90278625
0.87986636,0.89822596
0.76158279,0.68520772
0.59875357,0.38532355
0.62716091,0.48704740
0.76326370,0.83126938
0.21531528,0.18162036
0.88517451,0.90208477
0.87217861,0.77817488
0.81646276,0.97225618
0.23611616,0.19789402
0.82955647,0.89963681
0.90475208,0.94377440
0.85071278,0.85839826
0.76039684,0.61078435
0.50042331,0.61413044
0.92454350,0.93711191
0.88422835,0.76545084
0.92485321,0.97058821
0.30138847,0.36443609
0.39106116,0.36312521
0.80381817,0.76708263
0.61865544,0.52937502
0.90280467,0.79024607
0.84263718,0.89081454
0.87669718,0.86110950
0.64417326,0.75369942
0.39921263,0.35006940
0.93301713,0.94548410
0.77195323,0.66498518
0.84978807,0.81830639
0.78067505,0.82892108
0.81587577,0.88184768
0.33138895,0.27616072
0.87173510,0.79850364
0.81680518,0.89065719
0.87888873,0.93086231
0.87379843,0.72998244
0.86682773,0.84679800
0.50312930,0.21632653
0.40297037,0.33326069
0.36240086,0.19183815
0.60474241,0.48743087
0.89505410,0.94407952
0.82933062,0.89401984
0.86111486,0.81552893
0.77707994,0.92807019
0.85691619,0.78325993
0.73676050,0.86732459
0.77160603,0.77313966
0.82211399,0.77454948
0.76295292,0.74046820
0.82764107,0.85392076
0.73888403,0.83129698
0.84218508,0.83756614
0.92401409,0.93528140
0.82908422,0.88186926
0.74344605,0.79381973
0.76657772,0.69688696
0.93324053,0.91922879
0.88893735,0.92652273
0.90379363,0.84664577
0.77066630,0.76540387
0.81530201,0.89585638
0.92217708,0.93859649
0.31403968,0.32080314
0.84854609,0.77245408
0.93152279,0.91573280
0.57565182,0.64191377
0.70167845,0.85057473
0.17343897,0.14787246
0.91557330,0.84416056
0.72247970,0.79087746
0.73950160,0.89317387
0.70596170,0.64391613
0.80761325,0.88299233
0.60251075,0.43194795
0.74301100,0.67963105
0.75915003,0.65176547
0.76983202,0.82643163
0.57845485,0.75226355
0.75401527,0.75716102
0.53566849,0.44025022
0.66139168,0.60747039
0.81384629,0.78223419
0.89524472,0.86879975
0.81551951,0.76255196
0.85680479,0.88927275
0.93010116,0.96808511
0.43181956,0.54241073
0.77387702,0.75661653
0.13390942,0.09863760
0.46664745,0.55715907
0.80008101,0.73624593
0.74013805,0.79540890
0.57150829,0.71696526
0.28666407,0.59149587
0.91385162,0.93978560
0.89532733,0.96419412
0.69819486,0.69525450
0.83878446,0.49738893
0.72164088,0.76723981
0.92474210,0.95720690
0.92623556,0.90099812
0.83928740,0.95794469
0.21962389,0.30288059
0.53641415,0.71082675
0.76169217,0.86419159
0.66951299,0.65958905
0.84742570,0.85815513
0.66497397,0.74333793
0.57893193,0.66988039
0.50089473,0.71070814
0.74905992,0.94148535
0.71040511,0.81313258
0.83942038,0.79290372
0.63435346,0.64735752
0.82984644,0.79436970
0.84067810,0.87596530
0.90697896,0.87224531
0.83432591,0.95764995
0.38592938,0.36092472
0.68363845,0.62922239
0.92234790,0.92874461
0.72634250,0.74860299
0.72466892,0.70526314
0.75667870,0.89749998
0.36663902,0.37449864
0.92693585,0.95026022
0.57701296,0.32028005
0.52010483,0.64425415
0.91699278,0.96162230
0.80514896,0.76695514
0.74889451,0.77394414
0.51855564,0.63053328
0.85053349,0.95596242
0.79352391,0.76823986
0.72351837,0.75105363
0.28971922,0.32566988
0.65850687,0.68333334
0.73667127,0.69332433
0.14549367,0.08037448
0.71915793,0.89220911
0.86875778,0.96814519
0.87194538,0.84479272
0.75213110,0.79338527
0.82256496,0.94954646
0.47053564,0.43284315
0.87710989,0.69583505
0.90538573,0.89440757
0.28695506,0.36039910
0.25765467,0.35332921
0.75656438,0.68539518
0.54713845,0.74256802
0.66634941,0.48081312
0.65920889,0.53971231
0.28785962,0.72615498
0.93794823,0.92392248
0.91515040,0.96382010
0.55375910,0.73432392
0.85822594,0.86331171
0.77442366,0.78166544
0.79681063,0.89899069
0.66907012,0.76608050
0.81817544,0.86064786
0.76536620,0.82148719
0.43846902,0.58672035
0.91681242,0.93351567
0.32572094,0.42465344
0.47580895,0.68576086
0.60832030,0.52576363
0.79714763,0.70784760
0.76582551,0.53574198
0.87033176,0.91157508
0.81704366,0.74523485
0.88979983,0.91091871
0.69257224,0.82977635
0.75908971,0.81792766
0.74998695,0.88826263
0.69333136,0.72435689
0.71211016,0.75868577
0.50753874,0.67637467
0.79705977,0.99567723
0.92474651,0.92606348
0.53384191,0.57397401
0.90302753,0.90356058
0.81816328,0.71961153
0.78378385,0.79880536
0.65541214,0.50130612
0.79949677,0.93789756
0.88769913,0.95311296
0.69369304,0.81991476
0.87174141,0.72814614
0.53436387,0.71362889
0.72431833,0.83389235
0.79727203,0.83451200
0.87264597,0.78860199
0.68545741,0.73657191
0.87659693,0.84061986
0.81106263,0.94540530
0.82778889,0.80648643
0.23400445,0.31366667
0.72615898,0.84796661
0.63875490,0.73351729
0.42145532,0.54718840
0.89879024,0.88162988
0.79314029,0.81057250
0.85778910,0.92400765
0.66209638,0.57354552
0.87908769,0.87233663
0.48754811,0.50428438
0.26993883,0.13711420
0.37681788,0.32454872
0.84334016,0.89262384
0.94036275,0.96363014
0.25197175,0.19509904
0.93823206,0.99425286
0.56500351,0.72651094
0.57166910,0.60988230
0.53949893,0.60228240
0.89081633,0.88930732
0.84908128,0.86408865
0.44597447,0.34537953
0.84497654,0.84377444
0.93091464,0.90561378
0.15985829,0.13695097
0.32976800,0.50378859
0.78794384,0.74292064
0.88036525,0.79004449
0.17217040,0.24258862
0.66642439,0.86763489
0.91129911,0.94272786
0.90206516,0.87228262
0.91277277,0.93089473
0.71908963,0.82659674
0.71475041,0.56715345
0.40569037,0.43750000
0.59133571,0.64929664
0.84455854,0.87730443
0.78805441,0.87369418
0.91420937,0.93460876
0.76498020,0.83190787
0.90183675,0.93884945
0.90489149,0.93355179
0.86708319,0.68113589
0.80756575,0.92294228
0.85320258,0.92998475
0.31352308,0.72939563
0.91446769,0.81197727
0.92728746,0.93533128
0.67885149,0.66155618
0.84697556,0.83815289
0.58757341,0.64594233
0.57600719,0.42381462
0.29935852,0.33714616
0.19904366,0.19290447
0.78163445,0.88418782
0.55299616,0.52502614
0.23444021,0.22745098
0.84512961,0.81343281
0.30280539,0.29205781
0.88195705,0.87623543
0.59720385,0.67069441
0.67135078,0.84294069
0.90422952,0.93773043
0.74547982,0.81463414
0.92661536,0.94401836
0.89490628,0.86678141
0.83487147,0.87521613
0.54115039,0.57271230
0.41126615,0.53940362
0.72548378,0.71821153
0.76752937,0.91012084
0.54801142,0.47917229
0.89775020,0.98165137
0.74597138,0.91362369
0.83131593,0.85909718
0.65058428,0.54266471
0.87444562,0.91173846
0.88290858,0.90658933
0.91968757,0.86791629
0.92162859,0.95744681
0.69065917,0.58418125
0.79122162,0.82290292
0.86038494,0.87208658
0.73271865,0.74011052
0.47252655,0.60045093
0.87902558,0.83905226
0.78662121,0.65093398
0.85811448,0.90899503
0.66612101,0.69546163
0.40234011,0.74472129
0.76579690,0.88727701
0.57064980,0.73769182
0.61579335,0.73922074
0.70130318,0.76217532
0.90445507,0.93277627
0.75244206,0.83050299
0.92003393,0.90052283
0.17931521,0.21194558
0.28273344,0.17284226
0.88316810,0.77059960
0.89693296,0.91963649
0.76204491,0.89316058
0.83242691,0.86691087
0.86227155,0.93498981
0.83740067,0.82219505
0.62335604,0.58228850
0.64041674,0.70582694
0.91818321,0.95121115
0.79556882,0.86135387
0.62137830,0.56164718
0.34276462,0.30777812
0.87764537,0.91045171
0.88993120,0.89441824
0.74103147,0.84645456
0.75032824,0.94160479
0.92084622,0.91924030
0.90725553,0.90334094
0.64642757,0.61994076
0.71352953,0.40143004
0.75006223,0.81551468
0.66499311,0.78577238
0.27431867,0.20197700
0.72948992,0.66645622
0.46092722,0.78876680
0.84027344,0.89681494
0.93033624,0.90065694
0.84520245,0.84817350
0.64712894,0.47467282
0.75678527,0.79190505
0.33202437,0.28224444
0.54966611,0.76277483
0.86246109,0.91742486
0.76116312,0.83657098
0.80997318,0.82361144
0.86353016,0.68787706
0.83838463,0.91034049
0.91687548,0.96686637
0.54231739,0.61069554
0.91400516,0.83503401
0.73115981,0.69078428
0.86569333,0.91370666
0.79532814,0.84787780
0.85729194,0.90089047
0.81294149,0.82089055
0.90101218,0.80405194
0.92227125,0.93518662
0.94383615,0.97240955
0.81051296,0.84013987
0.86816049,0.87225527
0.93110114,0.92179430
0.85414296,0.92888987
0.31367707,0.45072746
0.88075066,0.85822284
0.87243366,0.85104918
0.58367014,0.76822382
0.86418712,0.82194221
0.62276936,0.59787560
0.79818952,0.84872788
0.70030117,0.83742207
0.26408449,0.34439981
0.91805720,0.93610096
0.30054379,0.26666668
0.68491220,0.62235463
0.34391424,0.60673052
0.29969174,0.18010005
0.85282266,0.84380031
0.76212656,0.92732280
0.79947412,0.83649731
0.75870478,0.90593380
0.59130156,0.70613438
0.91326129,0.92788690
0.46071514,0.48370764
0.86480010,0.81176519
0.57487112,0.77148271
0.89926195,0.96093750
0.91463053,0.90387791
0.87234545,0.84759659
0.82164991,0.89461780
0.88932437,0.94208241
0.90354967,0.95119363
0.92852914,0.90923703
0.88477230,0.98130840
0.45069182,0.56146836
0.88480377,0.91173589
0.66720915,0.50154185
0.66309619,0.58893472
0.17583051,0.14646147
0.61448312,0.50424671
0.50049412,0.41088435
0.36193550,0.29401568
0.29507762,0.48030955
0.19083415,0.07546584
0.74049461,0.74223316
0.78793651,0.87124062
0.92335975,0.91920114
0.68540084,0.74406934
0.91579342,0.92366052
0.69921291,0.64682537
0.46632910,0.60321188
0.55632049,0.37818581
0.68613893,0.62571734
0.88281488,0.91259533
0.66138846,0.72680253
0.66595328,0.66029036
0.89302790,0.87170118
0.75631565,0.76955587
0.88568640,0.93319839
0.65871650,0.85587108
0.39320546,0.58505511
0.83720124,0.96349204
0.59434235,0.61569321
0.55318570,0.69259226
0.68569601,0.66327536
0.90004790,0.91928649
0.92388690,0.95802468
0.93942153,0.90012270
0.89868987,0.90114379
0.40835476,0.20503296
0.33485535,0.35523197
0.40001416,0.26745707
0.88801003,0.90437460
0.72705263,0.63581181
0.65042704,0.61104149
0.83009475,0.93285304
0.24725017,0.81210190
0.41822729,0.47129482
0.84240556,0.81258750
0.44228303,0.45364729
0.86565799,0.98169702
0.79387093,0.78268450
0.50178218,0.61704546
0.91896027,0.88990861
0.90699863,0.97045207
0.69052094,0.70130837
0.90406740,0.89285284
0.56188279,0.62724870
0.67905724,0.56385195
0.26870209,0.25637975
0.78052843,0.79500234
0.74786043,0.69508725
0.72524548,0.63013417
0.85405636,0.98334062
0.47753817,0.69055158
0.85672104,0.92383808
0.88903081,0.94218361
0.83141768,0.86891854
0.87643838,0.86367422
0.57382494,0.51754659
0.54861891,0.78297937
0.87403280,0.93371862
0.90277755,0.90143776
0.76442200,0.91566491
0.17812636,0.30468205
0.55461359,0.56979698
0.36560807,0.23250675
0.92771041,0.86995327
0.28441960,0.41469720
0.93958008,0.93900478
0.50632149,0.43546876
0.76461762,0.77786911
0.54796916,0.69936556
0.91929954,0.95305806
0.79130197,0.76403230
0.87489945,0.80402207
0.80940503,0.75223839
0.80771995,0.83078456
0.80713367,0.78764856
0.92141783,0.95811826
0.48951209,0.65855736
0.88277113,0.91666669
0.11565600,0.07999019
0.85348082,0.76587898
0.79752278,0.61953080
0.80485040,0.75495642
0.83907998,0.95080733
0.85980225,0.77038592
0.67512977,0.80060756
0.51467347,0.74267250
0.85400563,0.79971099
0.83971637,0.91238075
0.12343140,0.22217397
0.86399674,0.87666112
0.36834744,0.74300504
0.52666706,0.45698714
0.31231132,0.36278734
0.27689213,0.37106428
0.66290951,0.71309465
0.34814113,0.44977465
0.58866751,0.59016037
0.90540326,0.91565895
0.91723371,0.91120613
0.88566804,0.91013020
0.87837565,0.89345205
0.79175264,0.80820620
0.69894516,0.86757928
0.77809417,0.91666669
0.77040422,0.85315496
0.91224223,0.87983447
0.47999141,0.49665090
0.92894459,0.95381582
0.87851274,0.90521133
0.75147784,0.67910516
0.54676783,0.40959081
0.20881425,0.20271671
0.45019177,0.68091470
0.69757402,0.68552852
0.90505224,0.96753246
0.19122280,0.10126051
0.81656897,0.80754149
0.91900086,0.93436402
0.76253748,0.74362189
0.82257175,0.82724601
0.76101160,0.79828215
0.78211069,0.69347245
0.80486226,0.82698303
0.94706738,0.93198323
0.61365819,0.51811862
0.66707391,0.70439917
0.87756604,0.92944145
0.84211826,0.90636706
0.73849893,0.71667582
0.61640793,0.42832315
0.82224131,0.89857936
0.85848725,0.86661679
0.93458563,0.92589283
0.27762359,0.25634059
0.69146585,0.83868378
0.82960129,0.78827751
0.89372647,0.92849410
0.93023646,0.89989805
0.79380000,0.76666665
0.52257794,0.55991811
0.27251706,0.28589076
0.87657887,0.88310915
0.50806296,0.55888957
0.88955176,0.89850473
0.51840490,0.27880543
0.90496492,0.92014730
0.69197762,0.73731178
0.65995610,0.52108461
0.75816649,0.83567995
0.33750448,0.32528889
0.85374355,0.96169591
0.51947558,0.77822578
0.58540541,0.58068180
0.90252340,0.87170529
0.72207421,0.71845239
0.90024197,0.87380368
0.73088247,0.76607144
0.90802604,0.95326221
0.93999463,0.89258462
0.43734542,0.34081885
0.56789625,0.59745753
0.71051943,0.68646055
0.86240441,0.82647961
0.90058875,0.90271491
0.87024379,0.91725850
0.89270079,0.88718826
0.84102076,0.87114435
0.64962846,0.60120356
0.70163941,0.46852174
0.65783191,0.73190427
0.37174195,0.39402726
0.74042410,0.62926930
0.54588068,0.49691918
0.93447185,0.98701298
0.88674748,0.89826065
0.84945059,0.85449898
0.86730731,0.90821499
0.76652378,0.75923043
0.70097166,0.70555204
0.78880799,0.94282120
0.81022692,0.77347064
0.71214557,0.67157787
0.88764989,0.70553362
0.75984168,0.81201661
0.92057514,0.88078886
0.71937662,0.83578432
0.94182193,0.94103128
0.60946321,0.53107768
0.65322143,0.52988833
0.37432718,0.20009609
0.44533122,0.39013493
0.68684560,0.78663665
0.92472297,0.89193547
0.57287967,0.44416144
0.82988834,0.93978345
0.79945689,0.81386513
0.27028629,0.33039546
0.72009981,0.65399677
0.78371656,0.75515068
0.93032563,0.96022224
0.79028982,0.87657964
0.74991667,0.84198749
0.77815771,0.86983937
0.77732015,0.78114754
0.66766030,0.78111744
0.57044983,0.56970626
0.79187548,0.92520034
0.73949319,0.79707003
0.88482881,0.89074498
0.91445816,0.84968865
0.68768024,0.76813245
0.68751872,0.90280050
0.85218835,0.94572371
0.66053581,0.82553840
0.54410571,0.65357143
0.86642385,0.95462906
0.56122530,0.66510111
0.89018857,0.79662228
0.91964340,0.90443242
0.72025430,0.84760690
0.62035620,0.83841294
0.37011597,0.67039657
0.81855959,0.83207256
0.81809145,0.81657487
0.71858317,0.77877766
0.20084359,0.31129807
0.52197170,0.68655598
0.34077975,0.59858119
0.14993538,0.17453220
0.77596450,0.93983346
0.83766615,0.93475556
0.71893841,0.75798655
0.81516975,0.70731276
0.56699663,0.71174288
0.50071847,0.35124078
0.87620795,0.91406113
0.67578423,0.76807600
0.79621947,0.76313525
0.37768579,0.31278375
0.43419799,0.44432133
0.86043656,0.90317613
0.69475365,0.79202557
0.88892627,0.93099362
0.42047110,0.70170403
0.39378130,0.54166949
0.70091987,0.85633147
0.91382205,0.90139705
0.72806865,0.75012022
0.74871248,0.80881226
0.71411842,0.82235855
0.59773028,0.60790813
0.73292226,0.74700153
0.90013081,0.96954507
0.89778906,0.91812015
0.84456617,0.84948391
0.08074270,0.08566161
0.85764521,0.12643468
0.71715617,0.85046059
0.89131916,0.90807289
0.91691577,0.93888801
0.72510356,0.60186297
0.92702806,0.91981262
0.75648844,0.69896704
0.76691556,0.66550720
0.80698150,0.77146763
0.77825785,0.90429294
0.69472069,0.79958069
0.43404305,0.40756464
0.52271998,0.39721471
0.31437278,0.17623153
0.63578421,0.73163074
0.87729716,0.89707863
0.77555144,0.56689388
0.66915470,0.87054497
0.83025217,0.88084084
0.86967468,0.91818798
0.87608445,0.94163120
0.92836398,0.86440676
0.82955343,0.87353730
0.31646302,0.56899458
0.45880067,0.49455270
0.54848874,0.61777139
0.47305587,0.52595538
0.79635161,0.94755542
0.42481241,0.36901370
0.86159551,0.87933469
0.81477499,0.87507808
0.87142432,0.91969991
0.92016149,0.97183162
0.76797408,0.69854492
0.88798165,0.90601087
0.90715933,0.91934985
0.87257951,0.76273364
0.81339318,0.86068255
0.82906449,0.91656953
0.59428966,0.60021871
0.88785315,0.85117328
0.82106048,0.86987966
0.83767653,0.84303600
0.58471042,0.77068216
0.56221622,0.79150760
0.94639820,0.97414732
0.86338603,0.88803732
0.91454512,0.90785474
0.65815008,0.71074456
0.84777784,0.83252627
0.60096383,0.63190854
0.86297619,0.88191229
0.21927984,0.20976952
0.89618969,0.95288247
0.90588343,0.92028987
0.56756878,0.49156144
0.77449322,0.83364457
0.84907949,0.87213224
0.88296026,0.88528138
0.65928161,0.58817035
0.32470390,0.31286803
0.42387345,0.62922794
0.56799501,0.61418188
0.65489525,0.24347527
0.13919750,0.11873738
0.71576625,0.76134181
0.40294325,0.39613393
0.49558419,0.82008451
0.78844953,0.80440974
0.38784787,0.33329469
0.88080931,0.92367554
0.89781022,0.89866668
0.54556018,0.70171762
0.44908762,0.42954203
0.69782531,0.80566639
0.76857901,0.83036262
0.94429678,0.92585701
0.61020577,0.74073303
0.69415367,0.80979818
0.88923538,0.86962384
0.74112707,0.62326616
0.71707803,0.63095152
0.84232008,0.89482588
0.78716141,0.83699787
0.51427609,0.49342829
0.80607605,0.91283423
0.88711035,0.80642664
0.58118296,0.62330812
0.87964606,0.89504141
0.81577843,0.89152396
0.76352537,0.92405063
0.24283758,0.32725823
0.46411395,0.39709273
0.83597994,0.93515384
0.89781213,0.88094622
0.84881985,0.85957152
0.37637055,0.27339184
0.92997873,0.86980635
0.83085525,0.79888940
0.40270919,0.42548537
0.82365704,0.86160082
0.27318931,0.54627961
0.81404781,0.43585798
0.72227103,0.50837368
0.79481328,0.85884035
0.91896212,0.88307792
0.28046405,0.45987770
0.78163552,0.91107064
0.27743709,0.24315847
0.64043826,0.90119338
0.87321889,0.90645260
0.55509561,0.72031248
0.89696145,0.87706041
0.79237974,0.80713564
0.78488433,0.85912198
0.69252747,0.72882140
0.77410829,0.99019605
0.72880477,0.83900726
0.55281711,0.32135075
0.47876090,0.39172241
0.48596343,0.67829460
0.34814671,0.37510505
0.90731323,0.83604652
0.81338650,0.85988456
0.52040583,0.65158045
0.23503719,0.31108308
0.49597645,0.50334930
0.78353256,0.85481507
0.68616605,0.79130161
0.78178018,0.84695125
0.53094989,0.61887354
0.23773803,0.14263675
0.46261877,0.48690495
0.87644255,0.86300260
0.34503415,0.26383927
0.53157926,0.53753352
0.70568311,0.62433434
0.64563608,0.45224568
0.91691142,0.95352924
0.89909613,0.80819237
0.70667058,0.69459707
0.50541627,0.67878431
0.92343390,0.89837396
0.92075872,0.95400435
0.86752534,0.91041696
0.79785544,0.75858337
0.77535403,0.82003665
0.64284062,0.70340455
0.52968216,0.48337805
0.40378112,0.37991992
0.77212888,0.86611974
0.71750748,0.58784384
0.65267241,0.75064933
0.82922870,0.90627605
0.58765107,0.65292746
0.90683496,0.91074139
0.47420466,0.76752019
0.71290815,0.87040246
0.61630237,0.61211991
0.48460209,0.43487820
0.84381139,0.90623552
0.93378210,0.89944851
0.85036486,0.84052944
0.35259479,0.26004007
0.58849466,0.84988815
0.52041072,0.53417081
0.76880139,0.83466578
0.67094862,0.52981442
0.84160233,0.86218321
0.72767860,0.81845027
0.86740690,0.86103523
0.42160940,0.51631916
0.63688862,0.83559859
0.24164557,0.18303572
0.71164584,0.93627453
0.90690994,0.83944249
0.83238351,0.84463322
0.16144267,0.09526616
0.93430972,0.93244487
0.78545839,0.77100843
0.84741938,0.94883019
0.93271351,0.92723972
0.72609448,0.68794161
0.90004593,0.86485237
0.92658973,0.92160589
0.80105031,0.89840817
0.81734306,0.92906165
0.80822915,0.75259233
0.77739918,0.61574060
0.61553973,0.59257960
0.87389815,0.79675978
0.63882703,0.59789425
0.90474117,0.93469661
0.73675025,0.54686409
0.90936774,0.93159062
0.66578364,0.70015490
0.75311720,0.86223722
0.79695690,0.90609950
0.91004783,0.94830412
0.85666114,0.94938821
0.38707957,0.35658288
0.75383598,0.71201617
0.43581110,0.45272169
0.77592456,0.82881021
0.53586471,0.37209436
0.79460359,0.92400002
0.57898593,0.68304229
0.80592608,0.71880341
0.92475969,0.88179296
0.72302079,0.76571894
0.76043105,0.77197582
0.51224315,0.57446116
0.30895627,0.32542616
0.39046758,0.65605420
0.51165658,0.61134416
0.47590512,0.58115762
0.80898726,0.81293952
0.66030300,0.60676390
0.87156129,0.82358974
0.77209663,0.85777777
0.25829500,0.27318868
0.54392457,0.81480813
0.80026388,0.87839675
0.51148701,0.29782945
0.29277772,0.04680178
0.12867154,0.06657046
0.84115171,0.90623760
0.88025707,0.81647158
0.72710264,0.58619440
0.87177265,0.92981434
0.91413152,0.95986170
0.55723137,0.74702710
0.53203028,0.64082605
0.85548365,0.76300967
0.84357429,0.83017105
0.83556169,0.84848541
0.82872260,0.79630065
0.85267502,0.79869944
0.46881634,0.59406590
0.78888941,0.79819822
0.81916785,0.81499010
0.90721160,0.91630435
0.36201176,0.34444845
