Predicted Score,Actual Score
0.88351703,0.97402596
0.72204459,0.73417723
0.43422240,0.12823969
0.87448734,0.81259978
0.87613475,0.89496130
0.58243799,0.47500202
0.88326323,0.90291262
0.89474165,0.96124291
0.90048903,0.89341539
0.88744885,0.88575649
0.85864753,0.89799571
0.91291690,0.90173441
0.87583929,0.87073731
0.89031649,0.92330921
0.46753207,0.56876683
0.82182479,0.75344354
0.92184967,0.95312500
0.91046864,0.91624480
0.79620713,0.69825709
0.58041757,0.67295039
0.89850175,0.92591548
0.70690775,0.83874792
0.61184883,0.67183489
0.89787495,0.87838751
0.80796003,0.85806680
0.50955421,0.67744184
0.73418820,0.64183676
0.87952775,0.90314204
0.47680375,0.39795625
0.28239718,0.23219927
0.73617584,0.73923182
0.57505047,0.62878650
0.89121032,0.79866892
0.91495079,0.93340164
0.85935444,0.76762378
0.88216877,0.87750590
0.71121478,0.70610350
0.89140511,0.87274390
0.77699757,0.77471316
0.83294952,0.74017882
0.59507519,0.53162020
0.80051357,0.85185730
0.89995277,0.82243454
0.91231990,0.96494067
0.74997896,0.68949252
0.85238975,0.84601575
0.69291443,0.66256118
0.92556834,0.96178091
0.85474348,0.89498997
0.52654535,0.60363024
0.93545508,0.95655042
0.49545822,0.52236116
0.75184900,0.77376813
0.87863165,0.95441693
0.76259100,0.69354075
0.44837219,0.63580692
0.87920892,0.84415495
0.65182644,0.40421757
0.54677862,0.71092772
0.65984118,0.48772570
0.89928675,0.92003518
0.72398448,0.80931371
0.74158907,0.81769353
0.51254743,0.58732945
0.87862432,0.93263525
0.87405860,0.92334527
0.86028647,0.86228913
0.41313681,0.61061680
0.90973848,0.94150591
0.89930445,0.93775851
0.77222359,0.77325583
0.57317376,0.75315696
0.90945894,0.94875002
0.91058898,0.91922528
0.13184258,0.08555707
0.89845788,0.91582203
0.64297456,0.45671695
0.89660752,0.90770239
0.86684346,0.85985541
0.67128181,0.62730861
0.78507543,0.72826087
0.90756130,0.88688642
0.68574452,0.71479058
0.54710728,0.36846665
0.63297546,0.65540588
0.58227986,0.68428475
0.86356783,0.84891218
0.86480570,0.55244505
0.80329752,0.35617423
0.66070431,0.50777072
0.81845474,0.85436708
0.82580084,0.79423076
0.87270975,0.89748764
0.76562893,0.83244783
0.92338073,0.92120171
0.80837166,0.88900036
0.75181353,0.84893095
0.33509722,0.26438427
0.88433379,0.93618190
0.76891410,0.71952027
0.62426531,0.70891517
0.87314415,0.93338555
0.85857946,0.81782299
0.84814763,0.82515365
0.91248870,0.93354863
0.78646201,0.76575905
0.84495282,0.78066832
0.78576732,0.81996006
0.39098093,0.70684522
0.75069779,0.62531328
0.88817859,0.92056233
0.86008596,0.89564049
0.77874613,0.75606227
0.88417721,0.79218322
0.86168027,0.74072599
0.91039598,0.98071426
0.88361967,0.92811561
0.89242166,0.87471670
0.92280304,0.91462636
0.86911780,0.82258064
0.43484002,0.39279380
0.83938366,0.88937986
0.89128745,0.90602368
0.83904737,0.81310177
0.51284373,0.55831259
0.86578667,0.94914424
0.92234975,0.95865506
0.91466236,0.91876382
0.58062702,0.50917327
0.49689898,0.36498562
0.50535470,0.61657834
0.88072330,0.79741937
0.92278337,0.95239449
0.41623098,0.28675476
0.26288688,0.07518037
0.77789390,0.71153843
0.90433073,0.92348027
0.91121578,0.92421323
0.81466967,0.56428504
0.84529877,0.82616764
0.48134711,0.34419924
0.75742543,0.81334132
0.59206593,0.65832502
0.54134130,0.43220028
0.85402781,0.90905404
0.86231506,0.79105079
0.54238480,0.55054945
0.79699898,0.62651515
0.77657127,0.86879802
0.87677234,0.97530866
0.84137177,0.87283242
0.77255940,0.56747156
0.90894246,0.94212097
0.64538848,0.66474348
0.86241651,0.92114174
0.50420898,0.53451371
0.38359421,0.53433007
0.36420551,0.26161468
0.69740641,0.76617503
0.47658426,0.26211971
0.75941801,0.85384059
0.75876689,0.83106786
0.50212282,0.52025586
0.72471976,0.45982206
0.77070779,0.66571146
0.63902807,0.65996927
0.56808788,0.55469769
0.45157230,0.49744070
0.87455219,0.82678950
0.88740635,0.86687738
0.51492202,0.50203669
0.77424514,0.82179201
0.75275069,0.83482140
0.87416220,0.87538403
0.70335931,0.42339361
0.89013159,0.87560409
0.83329642,0.96667218
0.89558637,0.91998285
0.58049089,0.57792211
0.26538059,0.11602031
0.41037458,0.44695711
0.89644223,0.90727723
0.33501869,0.21682203
0.44961053,0.73896211
0.23769200,0.08269231
0.90575659,0.89456820
0.43934464,0.54569191
0.38298982,0.53317410
0.87728596,0.80749857
0.88980651,0.91145813
0.68986261,0.55948716
0.86386597,0.80233300
0.87159425,0.88644528
0.63737422,0.62116641
0.88985384,0.95716840
0.79027498,0.88170350
0.89958113,0.87957662
0.91057026,0.89387870
0.37254879,0.40693602
0.86880732,0.89572513
0.90533733,0.91693234
0.82332486,0.84765124
0.60226345,0.76251251
0.89931643,0.91515762
0.89352643,0.87500000
0.89329350,0.89019877
0.86890906,0.61056477
0.49947217,0.82854885
0.87946224,0.78734589
0.81324017,0.78923386
0.84922886,0.88581467
0.32242221,0.16648623
0.60482478,0.67439586
0.65892363,0.60586655
0.44811177,0.21057090
0.92818522,0.97528487
0.60265338,0.77255833
0.86756450,0.81333578
0.50239784,0.40319654
0.31608611,0.18734229
0.87483472,0.93949294
0.84280145,0.83993411
0.83348536,0.81172067
0.87968171,0.84017092
0.90595782,0.92468828
0.92394787,0.88304842
0.79989541,0.66082203
0.89416134,0.88372952
0.87504774,0.83225191
0.92278802,0.95003641
0.85815692,0.72066885
0.88290536,0.86759102
0.93374699,0.95790040
0.87017512,0.90465409
0.84541202,0.89721519
0.56747168,0.70557100
0.75246376,0.69692564
0.87332940,0.92170662
0.59130132,0.82425898
0.83996415,0.87733400
0.78539312,0.73381919
0.87715679,0.93076921
0.42480999,0.24927424
0.73975801,0.52957636
0.85014397,0.82738793
0.77425051,0.86590999
0.92582798,0.92802405
0.88029301,0.90368575
0.63950640,0.54557669
0.71668875,0.62063390
0.77634591,0.79854780
0.86965239,0.74737102
0.27086300,0.12833922
0.86274970,0.79881155
0.36959183,0.35335454
0.92474884,0.93185782
0.60301685,0.59370100
0.70915294,0.77021104
0.59281474,0.52511907
0.38328716,0.30528343
0.75799590,0.80870020
0.50826389,0.34392732
0.86256707,0.89617443
0.48949674,0.35266176
0.16282499,0.07075887
0.91916919,0.87498575
0.83106965,0.88172841
0.32504484,0.12780370
0.89732367,0.90276414
0.72841311,0.83361101
0.81403589,0.88522983
0.91745424,0.95717955
0.54859906,0.46015915
0.61783528,0.38126567
0.30996364,0.25172111
0.86413670,0.80265307
0.83623648,0.76514375
0.40419900,0.07320361
0.83719337,0.89524198
0.72050893,0.73342174
0.82723349,0.80329156
0.85209578,0.85264045
0.79489958,0.78269428
0.85531372,0.87559807
0.88912857,0.90807718
0.29533717,0.36312518
0.88600791,0.80876142
0.40228260,0.25291896
0.85822135,0.86300600
0.78600442,0.79727256
0.58813500,0.61340129
0.91431963,0.89284766
0.91123962,0.91649079
0.51934671,0.55881286
0.48211730,0.54536289
0.84055459,0.75468165
0.89405185,0.94361734
0.58808982,0.59260988
0.62106800,0.64701778
0.75111109,0.71809447
0.91538030,0.93402511
0.75154966,0.58740681
0.43418497,0.41599599
0.30239889,0.14241019
0.85335910,0.67805189
0.90824455,0.80217671
0.71834922,0.66494596
0.88962162,0.95568520
0.60768920,0.61684728
0.90271240,0.88004929
0.83410227,0.88933253
0.81885958,0.82872027
0.71766102,0.80215055
0.84345686,0.80901641
0.79343534,0.82661730
0.21840122,0.11900791
0.82938486,0.87948585
0.76290405,0.80047262
0.60811007,0.46851847
0.50786060,0.57297772
0.87767893,0.71595830
0.49838325,0.74690306
0.81175721,0.73192525
0.50970590,0.75357145
0.52492404,0.57308745
0.55216712,0.62363571
0.74993205,0.65479439
0.91456568,0.93142426
0.77350456,0.83667612
0.91419399,0.89990115
0.76099139,0.67989606
0.91293705,0.94007879
0.84766883,0.91771734
0.89665806,0.91071504
0.89804339,0.92906648
0.91249830,0.91549295
0.73821604,0.66958934
0.44778359,0.41143456
0.74846619,0.88174874
0.86596078,0.85992599
0.47420734,0.13107717
0.85187924,0.89474386
0.77915537,0.68202478
0.92095345,0.94682842
0.76174247,0.63246292
0.85233271,0.62972188
0.45498458,0.37559256
0.85911638,0.80065358
0.89981127,0.92087841
0.29692572,0.36875001
0.91076940,0.91927636
0.49070531,0.46600592
0.53442246,0.61411488
0.90699828,0.89916748
0.87840289,0.92163610
0.89638782,0.93200552
0.72994816,0.61390060
0.83372986,0.65883905
0.90779072,0.67633200
0.80210459,0.86915255
0.22589895,0.15155677
0.54663610,0.49106583
0.64185822,0.69213933
0.32621634,0.24906784
0.54105246,0.54263598
0.61713523,0.77467996
0.75102723,0.68409622
0.27687228,0.29139313
0.56467205,0.51904726
0.45186207,0.38562462
0.86078930,0.84973544
0.91725004,0.95088142
0.90157044,0.94298244
0.88959461,0.86500758
0.86199296,0.90359151
0.85635209,0.87472767
0.71534348,0.46424896
0.92404652,0.95084935
0.77438986,0.77117878
0.69506705,0.58342171
0.89648402,0.91828686
0.80608028,0.80697674
0.83645386,0.71942645
0.90893269,0.93650794
0.56590009,0.57005721
0.50827652,0.51761085
0.76497871,0.75609297
0.56528383,0.45612457
0.86322212,0.73582870
0.52032232,0.38604474
0.90222418,0.90181994
0.85478383,0.73497599
0.88125098,0.88957173
0.38621867,0.34808046
0.85614622,0.92061257
0.86913270,0.90839982
0.67760694,0.55831069
0.51231068,0.72351193
0.89399624,0.93805766
0.73329097,0.64244634
0.53701854,0.32544324
0.77535540,0.73041230
0.52952164,0.34453544
0.58927774,0.50486070
0.81866282,0.78953445
0.84898752,0.94339621
0.46769089,0.30385977
0.63089079,0.64590788
0.92129266,0.85407209
0.87123972,0.91231942
0.61866164,0.18738404
0.51923853,0.45740741
0.88225782,0.96041739
0.65950441,0.72167873
0.59735155,0.42158175
0.89049816,0.91804773
0.75367481,0.78965688
0.51315629,0.52184761
0.80985159,0.87190974
0.92252076,0.94274896
0.85647279,0.80571985
0.85541254,0.07899183
0.86765265,0.60848868
0.87013841,0.89148116
0.48964801,0.51343048
0.93061113,0.92359877
0.68990707,0.79474926
0.77629995,0.88637221
0.86603957,0.98275864
0.90850627,0.89629233
0.81684029,0.89764708
0.81253767,0.84450263
0.57913017,0.61614585
0.23299044,0.17829013
0.89627856,0.92699409
0.83342707,0.81618500
0.59276545,0.53220779
0.87618792,0.92192829
0.41862369,0.33106670
0.51093668,0.44288188
0.64024359,0.56109023
0.62634486,0.43951538
0.84601629,0.92528480
0.88092089,0.93086082
0.33179966,0.26050326
0.65441990,0.56626183
0.38514408,0.36328125
0.89788485,0.92448813
0.81485099,0.82105064
0.60952222,0.68381846
0.70234030,0.82598782
0.43595758,0.50071144
0.87040609,0.94360578
0.82163566,0.90516317
0.69741136,0.72879392
0.73059344,0.76458818
0.87719375,0.88809526
0.91305262,0.92989480
0.90600061,0.98217809
0.75929570,0.86826700
0.87784445,0.56681240
0.78710264,0.85920775
0.74764943,0.57705969
0.92977870,0.88157892
0.67945391,0.78612471
0.81264997,0.94624126
0.62785584,0.54118794
0.69774801,0.63134241
0.47567439,0.87279165
0.47234023,0.31614673
0.86105675,0.86965811
0.88480592,0.88306868
0.89673489,0.92385060
0.68041313,0.76888734
0.76090550,0.84614265
0.76591277,0.72766995
0.22844762,0.11512188
0.90795600,0.93403876
0.86192966,0.82826018
0.89927953,0.87306368
0.83684599,0.87089950
0.71179879,0.75645971
0.86716306,0.85018182
0.79888940,0.66416782
0.50079328,0.75797015
0.49653259,0.25341764
0.52688992,0.61868542
0.86469877,0.93299794
0.70448720,0.53369093
0.40919515,0.50543553
0.86441422,0.94818151
0.77352595,0.89948452
0.88654745,0.88830614
0.76679558,0.55795473
0.81834346,0.71386105
0.72643197,0.76758122
0.80335355,0.75173992
0.75221962,0.67453843
0.29525968,0.15517631
0.27053589,0.08621617
0.87688351,0.87846482
0.77660882,0.77368772
0.32226959,0.32831958
0.63134158,0.69556928
0.85369647,0.85143918
0.79441071,0.96383566
0.83682513,0.91259277
0.58951485,0.42557567
0.91614282,0.88128066
0.60932761,0.73436350
0.81099868,0.75521260
0.91184282,0.94178456
0.87720633,0.83820224
0.86280024,0.90534252
0.88836193,0.90604395
0.67537862,0.54397857
0.39482856,0.34042621
0.77241755,0.74213564
0.50440329,0.46721312
0.83740145,0.83787876
0.85010701,0.77691257
0.77535170,0.78463358
0.75414348,0.54062980
0.63720131,0.56309479
0.89636630,0.90254986
0.70698494,0.81804323
0.90104330,0.88422751
0.78574640,0.82250792
0.60169363,0.68953943
0.89395612,0.90570074
0.90978384,0.94573575
0.92150801,0.98872048
0.36248863,0.28900936
0.86109626,0.79104477
0.89454377,0.93850523
0.91847694,0.89795154
0.85341328,0.83737725
0.75885534,0.74095714
0.47559732,0.33032396
0.40948498,0.34530908
0.72851539,0.80003738
0.75994432,0.74438637
0.88044584,0.86483365
0.41592658,0.16271827
0.35995144,0.27488452
0.87671071,0.97891808
0.73568189,0.81934381
0.79664028,0.87059790
0.71202892,0.53162599
0.79211992,0.89136720
0.77801073,0.78222442
0.70236087,0.87974375
0.31081837,0.17347129
0.86355549,0.78741497
0.38019320,0.57768714
0.83095980,0.66176468
0.71105087,0.37600806
0.62738025,0.90059763
0.91223860,1.00000000
0.72182220,0.75333333
0.49370062,0.51879370
0.80712503,0.87455761
0.78577161,0.88170165
0.27886498,0.33645615
0.89744759,0.78451216
0.88368881,0.87897205
0.43543884,0.37231278
0.52369440,0.65100884
0.87864536,0.98514849
0.40346843,0.34342417
0.91020918,0.94150341
0.85041344,0.86278194
0.73047352,0.73398250
0.42441326,0.18351649
0.91722792,0.17508772
0.76619589,0.54235989
0.84083563,0.88377446
0.89221948,0.88747102
0.89083749,0.68725389
0.87667567,0.94704670
0.75497037,0.76789868
0.88795531,0.90375656
0.53983438,0.38664913
0.75446343,0.58123970
0.90551591,0.94471526
0.53835750,0.58785385
0.24458721,0.13317041
0.79235005,0.82111031
0.76313829,0.81927550
0.77996600,0.50737178
0.45445397,0.35793820
0.86384791,0.94668913
0.78118014,0.78106236
0.49674326,0.76445186
0.83994997,0.94601381
0.86514807,0.90634274
0.51556391,0.68380833
0.87940729,0.90094048
0.47145101,0.20601732
0.77365011,0.57549256
0.38145563,0.40170914
0.65191090,0.56870341
0.80013472,0.70322567
0.40264231,0.56885648
0.91862613,0.95232815
0.84882969,0.97230917
0.88567680,0.90798736
0.56217045,0.50279957
0.89950734,0.93726468
0.41214845,0.47462690
0.86665940,0.98611641
0.85240102,0.84835601
0.50123119,0.45559782
0.84440207,0.90083504
0.86353296,0.91296166
0.89994478,0.94327378
0.46968693,0.16424765
0.52845097,0.55503821
0.85832989,0.91661292
0.44326961,0.45925885
0.31945953,0.29532996
0.89731318,0.87887806
0.88076109,0.90586281
0.32569343,0.17696486
0.56846893,0.82478631
0.83267939,0.86314261
0.80942833,0.76869750
0.60260397,0.53705597
0.86277992,0.92538112
0.34376872,0.56055903
0.87855655,0.88629723
0.61424059,0.75627935
0.91627097,0.93670887
0.78211272,0.82308888
0.62469941,0.40456834
0.85577625,0.91089743
0.60304546,0.78777778
0.87856483,0.92911357
0.68131006,0.69113922
0.91135764,0.90190220
0.73936319,0.63666749
0.86524147,0.85641026
0.49671674,0.17829363
0.83919561,0.69058317
0.24172357,0.15327817
0.85735542,0.90101820
0.87391001,0.91109407
0.92017168,0.95047361
0.91895360,0.92647058
0.53309488,0.68912905
0.89917618,0.92720586
0.42242491,0.42086020
0.45221752,0.27375650
0.89947653,0.86971354
0.88548857,0.89973330
0.74570596,0.79886061
0.46243680,0.43711844
0.90792656,0.98076922
0.33356678,0.10615226
0.75812316,0.83466554
0.78382158,0.88856828
0.82304025,0.94647890
0.44891766,0.43639743
0.80150014,0.55140448
0.85872924,0.87530923
0.81383896,0.78524160
0.87513924,0.91887212
0.92133325,0.96458089
0.64727497,0.73625642
0.72360331,0.62658280
0.85507244,0.84385967
0.75546634,0.15565036
0.93057251,0.95704174
0.90402895,0.89234298
0.39272493,0.52842444
0.87983555,0.87819541
0.90650594,0.88687754
0.70935738,0.73830181
0.68085003,0.52949911
0.78543454,0.71129984
0.80825496,0.86401820
0.82019573,0.84465569
0.40155903,0.62325048
0.87641120,0.70629656
0.91117191,0.96345747
0.87069845,0.85711020
0.55895269,0.42282653
0.89636004,0.83812600
0.73398900,0.91418177
0.74663115,0.53076196
0.79917663,0.76756668
0.51899445,0.48365700
0.81444824,0.84386742
0.82346970,0.87472898
0.64670610,0.43295455
0.77978110,0.15256086
0.69907773,0.56848830
0.38678902,0.46316090
0.71686953,0.84844136
0.59628749,0.58766234
0.86900425,0.93451458
0.91919398,0.94434857
0.74504232,0.87548947
0.86165595,0.66451401
0.89399612,0.93750000
0.84583896,0.87782383
0.79478312,0.77662879
0.35050786,0.52112883
0.84934944,0.74080932
0.36353055,0.35436183
0.89827871,0.90838045
0.89135623,0.86874288
0.50023305,0.40221879
0.80665350,0.68074971
0.82274306,0.27570876
0.65404046,0.65938246
0.64828789,0.75972068
0.67616296,0.72567880
0.91664445,0.92263740
0.83492637,0.90852314
0.85025805,0.77347380
0.84573287,0.90735614
0.42401943,0.39060232
0.88952720,0.93160450
0.84169781,0.93575215
0.88711643,0.95952332
0.89003515,0.92662084
0.26498154,0.13453953
0.72258008,0.80454558
0.89839101,0.97752655
0.91576064,0.84678727
0.84802538,0.82333183
0.86929673,0.93022865
0.71032703,0.61199600
0.76043952,0.77859968
0.75490355,0.80725890
0.84107184,0.83139491
0.82948613,0.83583742
0.76003534,0.87042934
0.50875479,0.70664060
0.50459695,0.36685368
0.72639322,0.74097306
0.66078180,0.79255486
0.89594746,0.84913212
0.81436610,0.71875864
0.65512437,0.67011690
0.76909471,0.32683048
0.71315229,0.55766112
0.83963597,0.85989255
0.26202390,0.19367094
0.84317058,0.93538404
0.87704891,0.90991825
0.82425702,0.68539327
0.90710092,0.91759419
0.85008669,0.72106284
0.35773584,0.32704347
0.87956619,0.93608046
0.76124537,0.86502969
0.90236783,0.95979702
0.76717752,0.84799147
0.44207084,0.37755728
0.90362930,0.95145708
0.65102625,0.56290847
0.83047533,0.91645712
0.89379925,0.95285410
0.63742226,0.62650567
0.53888953,0.32072335
0.87365764,0.89240617
0.46501228,0.35028657
0.53184766,0.71653408
0.88303393,0.88588905
0.53614098,0.26666120
0.80124390,0.74499589
0.84207731,0.83351606
0.89371568,0.96326405
0.81607962,0.90768588
0.89175171,0.94939309
0.82439470,0.85437626
0.88421333,0.95850748
0.61994028,0.54287916
0.40082774,0.36428204
0.87038815,0.88704598
0.61781681,0.43425927
0.90948689,0.94929725
0.71473223,0.71067512
0.79084444,0.63700873
0.71397066,0.86472732
0.66907907,0.71541029
0.74114394,0.63905811
0.84244192,0.80315578
0.88485640,0.88850272
0.68871725,0.66753322
0.50829077,0.44647831
0.81054735,0.62124932
0.85846400,0.87901765
0.76749921,0.78030300
0.37651068,0.52420342
0.84941453,0.92205089
0.85795033,0.78166133
0.85923672,0.73881441
0.86924690,0.84031099
0.78862482,0.63799721
0.90960723,0.94316679
0.89612943,0.93215811
0.82958961,0.89567053
0.86699045,0.25329894
0.83642232,0.86700290
0.90387535,0.95950282
0.89067400,0.88489062
0.86191034,0.86976236
0.75141627,0.76693648
0.71373361,0.30950662
0.85603368,0.72567809
0.90871763,0.97021693
0.34723276,0.21486366
0.86821938,0.78550839
0.90231299,0.93685639
0.40777436,0.49767870
0.63649654,0.69782382
0.48011148,0.25678471
0.87970501,0.86602592
0.61028582,0.55377764
0.77777612,0.62692308
0.50152802,0.46017650
0.91744500,0.92502511
0.87841332,0.88770777
0.60500884,0.82881659
0.70367885,0.50868225
0.88663948,0.92674989
0.41622365,0.36921552
0.90551418,0.90374178
0.90480494,0.88365299
0.79145741,0.72280091
0.53328449,0.36578321
0.56241298,0.84963846
0.92551160,0.95857555
0.82585633,0.91486543
0.76653838,0.82511932
0.58532488,0.54123598
0.88469970,0.87810737
0.82978827,0.88048673
0.87900758,0.86632097
0.89773220,0.89029562
0.87341774,0.92037600
0.51384747,0.57556325
0.74454182,0.68744832
0.91276044,0.90070903
0.47841364,0.65185744
0.77146852,0.84777701
0.31310382,0.32695955
0.90127087,0.99002868
0.70749676,0.69989926
0.84041858,0.71813726
0.77505708,0.61200142
0.75113606,0.49263832
0.91175544,0.94070256
0.92941701,0.96220237
0.85186148,0.85051167
0.92389625,0.91666669
0.84277678,0.77461988
0.39416087,0.46426493
0.35163176,0.17483173
0.91787016,0.88480097
0.84312832,0.83754009
0.83675271,0.84317225
0.80362588,0.83602023
0.20676064,0.11402626
0.90557235,0.95478034
0.90445465,0.91940153
0.91913319,0.97209769
0.84485137,0.88014835
0.64211184,0.51186508
0.83571893,0.92653054
0.91952986,0.96006495
0.84255409,0.67934263
0.82818186,0.71043456
0.90248913,0.92495000
0.74376476,0.35361624
0.47848168,0.50788003
0.92484772,0.98148149
0.71200627,0.68704647
0.83968079,0.86311477
0.53970677,0.52732795
0.88881731,0.88892710
0.92085606,0.95763242
0.79765689,0.80791467
0.82409304,0.83319384
0.86362529,0.81443512
0.53360987,0.68139619
0.63967741,0.74045002
0.58667630,0.80992734
0.85845184,0.87623996
0.35601646,0.67512143
0.40265888,0.60962784
0.89503467,0.94444442
0.85419101,0.91606665
0.48361596,0.35512239
0.90221214,0.90430218
0.90783232,0.92204130
0.62523586,0.55746180
0.44657680,0.49128383
0.89681029,0.89216524
0.90884542,0.95149255
0.92463213,0.98148149
0.68596852,0.94337589
0.87221563,0.80992484
0.90466249,0.90847337
0.84721506,0.92484701
0.33937144,0.26357070
0.21750832,0.08537281
0.89789689,0.93373901
0.80811137,0.87512636
0.89664096,0.91501004
0.87787187,0.95940173
0.90771770,0.91044438
0.68887848,0.59308600
0.86015129,0.90087485
0.53853315,0.61900586
0.77294642,0.82157707
0.58728278,0.52896458
0.81329554,0.73947090
0.74758053,0.79045957
0.59267324,0.54188710
0.84985089,0.87981242
0.50375068,0.65378422
0.49314171,0.61596203
0.92608178,0.94051993
0.61455113,0.74266541
0.59492111,0.64204597
0.84165692,0.88051951
0.86036009,0.89543957
0.79002726,0.81695253
0.78340870,0.91156465
0.83467591,0.64776045
0.92230451,0.92656809
0.86775541,0.93346846
0.82605898,0.92307693
0.85478884,0.91433054
0.86015767,0.88171500
0.75878835,0.78515816
0.41975403,0.21394357
0.84330529,0.71412039
0.53419805,0.37766421
0.90243793,0.86475295
0.26528370,0.16192956
0.64976442,0.68831170
0.86894965,0.87214881
0.85758030,0.77392119
0.29990113,0.17979489
0.63201654,0.87428027
0.46752515,0.35305768
0.85196573,0.92311543
0.91839737,0.97734177
0.46229231,0.44297516
0.60431063,0.58479846
0.75879645,0.77450913
0.90600753,0.91695273
0.92645204,0.95487177
0.90884340,0.94533968
0.77894545,0.80533808
0.81858867,0.94351768
0.91684723,0.93783897
0.89784443,0.89982951
0.81322145,0.69699663
0.53995389,0.49800220
0.32721990,0.21694674
0.58397824,0.17383404
0.84457821,0.82614231
0.80887544,0.87852186
0.89141244,0.92970103
0.89066613,0.92205727
0.80792415,0.79311341
0.44357282,0.51911014
0.75484025,0.67791635
0.73791933,0.69121093
0.75431538,0.77200490
0.91019034,0.96604937
0.53034574,0.38564792
0.74885905,0.81436181
0.63402677,0.62727273
0.59154189,0.46962860
0.85187060,0.94494885
0.55779004,0.77758312
0.67191446,0.64672607
0.68406224,0.74681777
0.89708090,0.90649003
0.66944999,0.69499135
0.70525360,0.55331343
0.47047788,0.52941179
0.24130267,0.12279566
0.61058068,0.20196499
0.74145436,0.66119969
0.87235200,0.80784112
0.75796956,0.62730896
0.89557135,0.92794609
0.88408422,0.84856158
0.41773677,0.30643708
0.49761242,0.55393302
0.88761830,0.93758202
0.42408240,0.32155719
0.82393324,0.81454670
0.91005260,0.89606696
0.48467585,0.36516562
0.92876285,0.93428081
0.36825740,0.23690413
0.89208424,0.84717596
0.83815539,0.91078752
0.85201913,0.90155697
0.89386177,0.91223651
0.29453397,0.26881394
0.77397883,0.84800750
0.63286322,0.42078146
0.90236872,0.92582595
0.60753500,0.61574668
0.80300426,0.91927910
0.89763427,0.95104164
0.76343179,0.85549217
0.48748383,0.62375444
0.87602365,0.93637651
0.85857964,0.89367819
0.89470994,0.98437500
0.72002983,0.53379685
0.78319705,0.80090910
0.59113324,0.51022112
0.90345097,0.90876842
0.74689949,0.91176468
0.85705501,0.95534998
0.92325735,0.93555743
0.81728363,0.86466682
0.92679638,0.95430315
0.86748141,0.93287402
0.74919891,0.78593373
0.59829766,0.69455785
0.81902272,0.91957241
0.87939143,0.94464284
0.88437724,0.93530023
0.90658575,0.90274012
0.58367521,0.45755017
0.78199363,0.56770021
0.44464520,0.36953107
0.84670937,0.85556936
0.64780313,0.62952900
0.88917774,0.92032969
0.83799624,0.78991342
0.83122742,0.79022276
0.90624273,0.93898064
0.46848559,0.61570078
0.73795319,0.61032093
0.84247422,0.80869693
0.59305930,0.52065676
0.87587565,0.88971859
0.73717642,0.76950121
0.67971873,0.74825537
0.90393251,0.92996031
0.88792491,0.85084409
0.86271286,0.92322910
0.79819345,0.86068684
0.63207883,0.82627243
0.87656176,0.87418145
0.29538020,0.38190293
0.61779630,0.70674533
0.56145948,0.45081618
0.25458604,0.19908528
0.90116316,0.93265975
0.32263735,0.13550466
0.87187672,0.82801121
0.87884986,0.82499671
0.85524201,0.82292283
0.85650516,0.61613685
0.57808101,0.41865605
0.67522836,0.85303593
0.77619642,0.72537714
0.89737725,0.90746534
0.64717335,0.65970802
0.77667880,0.79149979
0.54877746,0.51734716
0.79460466,0.70596415
0.77021623,0.86146969
0.63957947,0.59412861
0.84666854,0.90554196
0.64441448,0.31699321
0.77846503,0.79235536
0.79214311,0.96315634
0.91108525,0.95144135
0.59287763,0.69962430
0.88514459,0.93211806
0.82257152,0.79020721
0.36689588,0.13364494
0.88569808,0.89458221
0.75760502,0.70245183
0.73096251,0.88117242
0.78019959,0.81967878
0.50148505,0.45043087
0.89431089,0.92016530
0.52850050,0.74292898
0.80094254,0.86784792
0.63154393,0.48134920
0.27402216,0.38352272
0.91980892,0.90179396
0.58961922,0.62159163
0.80870718,0.82353109
0.75504947,0.74484628
0.49218926,0.46226159
0.91462767,0.94724113
0.70496941,0.64109588
0.50491512,0.63318902
0.85687160,0.87730807
0.67641002,0.54174799
0.33378211,0.26134872
0.45155978,0.39796156
0.92188239,0.96515346
0.85307193,0.84253895
0.83423352,0.89035964
0.84694821,0.68880910
0.77055568,0.80264014
0.87728858,0.94652826
0.45237887,0.40216938
0.56945163,0.32936326
0.90704411,0.88440251
0.87113488,0.91058183
0.89847744,0.95819235
0.84964544,0.80141354
0.84759974,0.81881869
0.26670671,0.33966598
0.88095045,0.83845812
0.68116659,0.72067273
0.79048681,0.71464974
0.87476981,0.94552267
0.84171176,0.82677245
0.90459198,0.89366513
0.45802918,0.44353002
0.87350810,0.86284196
0.87906450,0.90117520
0.74257720,0.67239612
0.41263855,0.45512497
0.39496958,0.41031593
0.80636585,0.85483080
0.24167970,0.12402173
0.88074630,0.87717927
0.84484291,0.76724756
0.68391979,0.74839228
0.89528358,0.95609128
0.86991382,0.87540984
0.91620845,0.89596272
0.86600113,0.78938752
0.84302372,0.86691177
0.77558315,0.85494852
0.47149375,0.39591315
0.88644421,0.92033941
0.90057641,0.88691229
0.50457042,0.17861831
0.84138918,0.77333140
0.74434984,0.77242583
0.81339395,0.90382445
0.91236758,0.96130955
0.87299979,0.90178835
0.91078424,0.86821795
0.43231595,0.51038188
0.56339294,0.52354044
0.68620586,0.39061904
0.86212450,0.78983051
0.88262594,0.90608150
0.86118126,0.86151963
0.42187232,0.16620064
0.79433298,0.81705415
0.37872180,0.14033276
0.87252623,0.94849259
0.87264156,0.93695247
0.88798565,0.90225464
0.61683547,0.68723565
0.55190194,0.70983922
0.89957941,0.93921524
0.92935091,0.97331643
0.86252856,0.94247788
0.92572248,0.94023150
0.87158000,0.89014053
0.58320254,0.58158690
0.91298288,0.95213675
0.89638340,0.96273726
0.48943928,0.29339823
0.92909187,0.94588178
0.61565435,0.35537711
0.86693484,0.90648854
0.88691598,0.92760080
0.58266360,0.61439639
0.58921874,0.61636692
0.82692152,0.82331884
0.92517436,0.95866567
0.86657900,0.87172282
0.40665951,0.44508946
0.58667350,0.71611089
0.75426853,0.74423760
0.73036331,0.72952181
0.55876720,0.41164085
0.83709925,0.82517481
0.88487655,0.94793499
0.73162729,0.72894895
0.73804718,0.77467930
0.64607334,0.75584644
0.77482331,0.86081523
0.86639547,0.79092300
0.86573976,0.95771295
0.38357228,0.23065026
0.51337814,0.40575597
0.91200149,0.91637313
0.87492734,0.85944188
0.90064514,0.82319373
0.87723243,0.87709641
0.71517587,0.85654885
0.87697285,0.81987131
0.60716265,0.75668681
0.86637801,0.96326727
0.87529325,0.90877980
0.77827269,0.78017247
0.82647312,0.89659327
0.87053311,0.45434865
0.80651665,0.93550819
0.46678194,0.33236539
0.51538813,0.67126918
0.90125465,0.86809969
0.85571760,0.76524013
0.89606428,0.95311350
0.82473862,0.70298028
0.78762174,0.63070697
0.60842860,0.38904256
0.68158436,0.67159504
0.90237164,0.89412314
0.51580679,0.78604466
0.89918792,0.89639795
0.82256377,0.90183181
0.74506956,0.77594239
0.49608293,0.66692740
0.88091516,0.92419624
0.38677070,0.43101856
0.87181288,0.73391855
0.92729908,0.93786341
0.86781961,0.92271572
0.87701863,0.86316317
0.66686541,0.74612027
0.83574528,0.84178931
0.88676065,0.94119513
0.82984328,0.89251560
0.87335092,0.08616666
0.88279557,0.94889951
0.86994505,0.85838568
0.77505124,0.78195721
0.61901283,0.50961137
0.89080882,0.91318637
0.47883350,0.58032495
0.73925954,0.72058821
0.80010188,0.87648863
0.58478940,0.89723504
0.87815404,0.97198546
0.57276362,0.53174502
0.68804681,0.74054253
0.88689363,0.89807105
0.88868135,0.87314165
0.52767307,0.49803987
0.81832659,0.91567296
0.80482495,0.70998877
0.86146122,0.79656887
0.76570559,0.76658165
0.90558386,0.92745882
0.84522808,0.94270670
0.89057112,0.88472223
0.50385946,0.91358906
0.90399694,0.94486678
0.86145496,0.89864576
0.85325897,0.91669101
0.77554429,0.86409551
0.89077294,0.93267393
0.49580118,0.75018275
0.77345335,0.74797732
0.89225751,0.87692684
0.39831391,0.45611110
0.82936645,0.88962030
0.74839938,0.73376626
0.84793919,0.87730265
0.73461020,0.65064371
0.37848380,0.24327958
0.90881658,0.90283960
0.88169473,0.89793319
0.92632997,0.90713865
0.87218487,0.86267680
0.69319749,0.83767259
0.59602940,0.75043857
0.50451499,0.29342574
0.67738867,0.37517300
0.45353448,0.27144331
0.50801426,0.53353494
0.90928853,0.93888563
0.49056482,0.53177083
0.56915861,0.55553466
0.80149102,0.83362466
0.87008679,0.80975300
0.76373398,0.73159635
0.51441079,0.41099244
0.88226086,0.85301232
0.43108317,0.22399463
0.86129224,0.84236497
0.86258519,0.83059180
0.83086491,0.70978802
0.77055651,0.90175575
0.79442585,0.88496017
0.89835608,0.88146681
0.89528787,0.92958516
0.83487892,0.92494768
0.89739281,0.89472997
0.84102017,0.79526842
0.56475914,0.55668980
0.54766613,0.60080689
0.86061656,0.89541948
0.86777979,0.90695620
0.62661672,0.64195281
0.92781377,0.89309132
0.88689089,0.92199475
0.53154922,0.46343273
0.50198269,0.48762295
0.49009326,0.37766227
0.80727714,0.84082973
0.72922254,0.82466567
0.66214377,0.78476727
0.75535846,0.57847667
0.78316474,0.86685240
0.50263304,0.48266807
0.91005707,0.92900878
0.89209926,0.94202763
0.67674625,0.53758651
0.88649625,0.95274055
0.84138113,0.81160688
0.72839606,0.54689425
0.49342602,0.43769249
0.89071751,0.95743710
0.36492628,0.26628786
0.92058915,0.71685928
0.86808890,0.92110193
0.91600215,0.89462847
0.81264085,0.94512832
0.47689834,0.53698891
0.75622725,0.89818394
0.67789888,0.66532636
0.87536949,0.80210078
0.35336605,0.13075037
0.92074066,0.95270759
0.89437240,0.86370462
0.40694970,0.49028674
0.87281609,0.86971426
0.45139432,0.28106725
0.66101867,0.62579632
0.54152501,0.70767403
0.50402206,0.49142787
0.88709319,0.87161088
0.77142513,0.81364524
0.87615091,0.82076824
0.87173212,0.76398718
0.81136781,0.70944595
0.65035641,0.81606609
0.51690215,0.77454114
0.57787794,0.51892120
0.39723119,0.33438757
0.88737810,0.87753981
0.93448031,0.93807071
0.73950839,0.81902450
0.85788673,0.83854169
0.79134941,0.73578578
0.29840901,0.24476069
0.47515380,0.53281617
0.82701999,0.92047477
0.87908936,0.82710451
0.73498297,0.90542126
0.35953319,0.51606286
0.76768255,0.73391616
0.90890950,0.93402922
0.32109508,0.65666670
0.85994422,0.89485359
0.54924858,0.31634554
0.80737889,0.93243587
0.49805024,0.64970696
0.88232929,0.90725738
0.84362620,0.71543360
0.38710433,0.75549358
0.93044215,0.93879426
0.79699159,0.80238050
0.69389296,0.59600776
0.76696235,0.65135133
0.85861969,0.74812269
0.89119041,0.94710082
0.73865426,0.95040262
0.43843019,0.41656491
0.81210500,0.83460188
0.56332731,0.65000886
0.48495471,0.59144676
0.48544553,0.40970385
0.91510880,0.91748369
0.87952971,0.89698690
0.29855871,0.38408521
0.90267968,0.82805753
0.80076176,0.79830301
0.90656203,0.90281177
0.83121103,0.87611806
0.91661501,0.87324220
0.82007092,0.88167590
0.89017534,0.97204489
0.92648804,0.93010205
0.92532402,0.95964092
0.89913291,0.73860455
0.42017081,0.49867678
0.48866981,0.50132352
0.62949842,0.69505018
0.55623388,0.84510601
0.87138939,0.95837182
0.88828492,0.92829204
0.69724226,0.83752120
0.91454238,0.98404253
0.82145905,0.90488315
0.89752561,0.95265329
0.91062254,0.89866310
0.47555572,0.48596954
0.45689923,0.47469667
0.70526338,0.64932239
0.80744779,0.91496086
0.81750149,0.90919358
0.85539651,0.93144357
0.88781494,0.94767022
0.57934117,0.59418839
0.83685237,0.81429839
0.87798148,0.87630820
0.82797730,0.86969548
0.84887069,0.90734369
0.37106952,0.23983876
0.91601503,0.95225853
0.74399292,0.74336976
0.35852978,0.20974027
0.91332299,0.85911715
0.88476461,0.92190522
0.76098466,0.63594991
0.89973736,0.87459141
0.90841562,0.91888404
0.88909388,0.87656248
0.73642242,0.72008377
0.87614882,0.91064250
0.91311216,0.91873574
0.81936252,0.88412184
0.88001370,0.96045852
0.60594225,0.59251827
0.92306781,0.98125660
0.73442090,0.71476805
0.92289793,0.91274738
0.89634424,0.93771875
0.75103641,0.90582424
0.79810613,0.86909419
0.35841709,0.66639233
0.50178176,0.56607145
0.88839978,0.86414915
0.59040737,0.73283887
0.83117527,0.72567838
0.85931480,0.80612981
0.85493392,0.76363367
0.88545698,0.92203224
0.61906737,0.30417153
0.30384356,0.24640717
0.88053709,0.94013160
0.60611862,0.61984944
0.75005341,0.85978144
0.84579301,0.75075912
0.85444021,0.77610731
0.86897916,0.94225049
0.38896540,0.43986452
0.57993639,0.64820087
0.56699157,0.65961528
0.85650915,0.82529610
0.20207286,0.13065517
0.41752964,0.27115142
0.87118053,0.85416496
0.90132821,0.90534735
0.91894966,0.94278848
0.70600039,0.72029686
0.83190978,0.92424244
0.73445815,0.91895717
0.73669696,0.66417360
0.35449404,0.32791984
0.87132674,0.90549296
0.76394856,0.95789301
0.86588180,0.89080381
0.69533765,0.77852327
0.92118955,0.99382716
0.84449196,0.88186079
0.80203742,0.88710868
0.90868175,0.92620957
0.70841944,0.68692023
0.88417274,0.89170754
0.80186647,0.75865537
0.88462085,0.88659948
0.84877682,0.90233785
0.63581437,0.59161586
0.85952151,0.84202844
0.56359243,0.40008104
0.42628363,0.19608384
0.27051842,0.38803819
0.86170048,0.83664083
0.91016543,0.93995357
0.21857929,0.17202541
0.86948955,0.94480026
0.75480938,0.91060805
0.93053299,0.95128202
0.77500117,0.72880971
0.77221411,0.64410317
0.53048444,0.59747022
0.87698209,0.89400923
0.91052872,0.96926028
0.34856349,0.28936982
0.88340580,0.90047210
0.85607237,0.88663781
0.76196539,0.65250051
0.50760585,0.68346667
0.77030832,0.69276422
0.87127393,0.90303099
0.72417587,0.76921195
0.41896051,0.57899725
0.92490667,0.97542685
0.90101689,0.94569963
0.92377675,0.87832510
0.86824650,0.77567565
0.86187649,0.85220218
0.89383972,0.93093783
0.47681323,0.53888887
0.52170819,0.67654282
0.33549792,0.30169028
0.73042762,0.73221946
0.83484232,0.88268322
0.65762150,0.53039193
0.90021318,0.82138282
0.91150337,0.95707542
0.86035377,0.80100870
0.61906624,0.16196567
0.47895837,0.46990740
0.66817248,0.93861771
0.38547283,0.36217457
0.88618135,0.80709219
0.80278921,0.86199093
0.87885201,0.90178287
0.77192819,0.80542874
0.82002485,0.80751878
0.91932881,0.80104631
0.87698758,0.88718373
0.71248543,0.69739503
0.91514015,0.97984850
0.50906092,0.36426768
0.88509053,0.88705528
0.51658827,0.36864805
0.79425704,0.66977620
0.86849236,0.88403136
0.73549545,0.76571822
0.40124851,0.37886363
0.70037979,0.65493828
0.45352077,0.43489569
0.73780286,0.73532635
0.77435756,0.81124872
0.90280688,0.99519229
0.88625777,0.84344262
0.80663133,0.78308499
0.85989273,0.86333960
0.84597653,0.90753543
0.78521883,0.72476077
0.75107932,0.92074680
0.56896776,0.35370290
0.91900074,0.95396715
0.87608427,0.87761462
0.77669686,0.81144160
0.92757767,0.95044720
0.88802600,0.93787879
0.89237928,0.85638297
0.74951458,0.85987854
0.89284825,0.82632869
0.90011764,0.89242089
0.83867544,0.82250887
0.74542904,0.81279546
0.85481131,0.94034493
0.69344556,0.77992052
0.76538211,0.76553100
0.69369155,0.68906206
0.85987139,0.82355517
0.52733451,0.35938177
0.80865461,0.87345409
0.84446448,0.88898343
0.86540043,0.89636159
0.92124212,0.92429376
0.76283485,0.67505187
0.51048654,0.44651172
0.78643060,0.88253027
0.92798328,0.97088867
0.86834204,0.86081493
0.91459286,0.93382460
0.51790577,0.54484087
0.59624732,0.75259417
0.85394394,0.80454546
0.87994742,0.84909785
0.87493777,0.95265228
0.85311997,0.92188805
0.64230305,0.46306127
0.89968985,0.91840661
0.62016761,0.68427199
0.92546511,0.94943053
0.89126003,0.92813319
0.50897861,0.37271520
0.86274666,0.75953388
0.91863430,0.89450550
0.83242273,0.85920537
0.70872825,0.73107523
0.84721589,0.83104122
0.89235222,0.91353768
0.91218019,0.97617865
0.89740348,0.89562041
0.31513909,0.41411451
0.87889677,0.91535169
0.85347277,0.87848437
0.62942624,0.77436620
0.79887813,0.89726198
0.87793112,0.91848284
0.47210938,0.40602154
0.88788104,0.95445096
0.87941098,0.78282315
0.67751068,0.79333568
0.68389255,0.73695797
0.73710364,0.74194068
0.84406704,0.88089836
0.76614201,0.70376295
0.86120266,0.79222780
0.47627991,0.53284085
0.73836499,0.69232672
0.72710550,0.87362635
0.86905217,0.93315899
0.81220162,0.89847904
0.91612214,0.95048326
0.86428481,0.82544190
0.65285248,0.45111784
0.84591377,0.76526254
0.66800869,0.66666669
0.90963626,0.97847730
0.85846478,0.94832075
0.84578466,0.86359763
0.87673593,0.93086141
0.88994706,0.87737757
0.85847652,0.73550689
0.80816126,0.51974297
0.89110708,0.90886420
0.87074876,0.38720176
0.90571213,0.91401410
0.53127468,0.48355031
0.67346996,0.62408209
0.48175916,0.48662463
0.89594400,0.86647338
0.84147882,0.95473486
0.74781764,0.71931773
0.90192056,0.95317155
0.63377184,0.61325783
0.63398778,0.48577949
0.79251295,0.71954024
0.91912454,0.93052202
0.65420526,0.66256094
0.88855457,0.88869721
0.80536878,0.87507844
0.88127530,0.81792372
0.87243110,0.86819649
0.76491636,0.86218625
0.86758214,0.88602632
0.92351198,0.91711634
0.70726293,0.63773948
0.90507203,0.89752495
0.88758910,0.93743151
0.66654366,0.49827948
0.71907365,0.88587773
0.84314156,0.77601486
0.86202449,0.85811526
0.75342190,0.85945159
0.80359000,0.70968443
0.58403450,0.61327791
0.85486186,0.92292207
0.84764701,0.82941765
0.81602746,0.66451561
0.85087597,0.92823392
0.86342335,0.71632773
0.89125651,0.94417560
0.69746310,0.68505210
0.89020461,0.91002417
0.88103521,0.91359538
0.75954431,0.85673094
0.61568630,0.70807981
0.82807767,0.76070392
0.32232827,0.13729459
0.60374117,0.68835652
0.61389744,0.72137666
0.80425757,0.82629925
0.91897750,0.86523712
0.57196170,0.59538245
0.22176021,0.15473181
0.86305141,0.73120302
0.71466804,0.72034764
0.77872109,0.81581563
0.50313580,0.49250498
0.91645068,0.92217743
0.80123824,0.81998229
0.85363442,0.74506533
0.84400189,0.66413325
0.39650965,0.50783974
0.90815425,0.94408256
0.50280625,0.37030447
0.76562548,0.87927926
0.54045218,0.53091592
0.89792764,0.95057774
0.82398218,0.80528605
0.59616411,0.37589082
0.88845623,0.83684266
0.89312154,0.97540987
0.54665875,0.62377995
0.58878690,0.48037428
0.48462108,0.46269619
0.80438077,0.93457288
0.85962844,0.80866539
0.86056221,0.89903843
0.78740561,0.84958625
0.72240484,0.61506706
0.85251009,0.76880431
0.88095611,0.90974027
0.85070497,0.79691225
0.34552824,0.87143034
0.79683578,0.76363635
0.46292019,0.40563783
0.81926614,0.74708658
0.86532336,0.97692186
0.41008279,0.42828083
0.87402749,0.92113245
0.87659502,0.83368820
0.90038502,0.85752261
0.83431596,0.89205337
0.72236156,0.55848861
0.87191701,0.92058164
0.90696812,0.86682916
0.83896744,0.86542338
0.70798016,0.34309050
0.31970012,0.10223510
0.84028113,0.85050559
0.84328246,0.79062480
0.88567513,0.92328155
0.90909386,0.97340423
0.50069976,0.40775433
0.76933634,0.75948274
0.87155902,0.78137255
0.85653353,0.88627803
0.85642421,0.81695038
0.80056888,0.75612265
0.31018206,0.15788215
0.84792346,0.92603093
0.85591352,0.62210047
0.39496374,0.33476782
0.85074854,0.83544338
0.88677353,0.88758588
0.86305052,0.78805077
0.49037158,0.49801278
0.57814825,0.60709095
0.84237278,0.84692925
0.73561734,0.72917205
0.81974018,0.90947235
0.88729089,0.91117525
0.91488028,0.93593907
0.41436779,0.60444576
0.60200405,0.73260748
0.77410328,0.66800827
0.86344069,0.90116984
0.64158881,0.66688097
0.90515101,0.94407284
0.86163527,0.83050269
0.90325415,0.96413970
0.46119189,0.30929348
0.82537538,0.93405366
0.82531273,0.84988165
0.82501644,0.85200143
0.24571651,0.11235981
0.78495699,0.70359343
0.72770059,0.69242609
0.81620580,0.85500002
0.73625445,0.71504486
0.62355953,0.56811988
0.83657622,0.84428191
0.67445993,0.45439693
0.66911155,0.62743056
0.32020533,0.29696268
0.87851924,0.85932982
0.85702008,0.85385585
0.29545328,0.52152991
0.41062802,0.50629544
0.89705098,0.92316020
0.89385331,0.88298571
0.88589364,0.92222607
0.86049694,0.85558599
0.75640368,0.43593705
0.87367159,0.99253732
0.29944563,0.19189817
0.64457488,0.55577368
0.90488410,0.92915082
0.32029733,0.17149614
0.90091348,0.90909094
0.40788060,0.48133001
0.31224102,0.26531985
0.41504592,0.34279943
0.68744171,0.94318181
0.26255643,0.16805555
0.91344720,0.92390758
0.91590166,0.90907645
0.83532894,0.90473849
0.75712705,0.60401648
0.91370028,0.94725490
0.61538821,0.51886147
0.86756861,0.90454543
0.86598498,0.89266211
0.64062953,0.63306081
0.74819243,0.80605441
0.55254525,0.49109986
0.90939105,0.93343937
0.78711247,0.82869685
0.85453820,0.76971161
0.66472095,0.75072098
0.59100109,0.59973037
0.86226773,0.93272662
0.27409586,0.16096221
0.73887342,0.83236551
0.28810111,0.14895315
0.84283614,0.74707866
0.47047263,0.32226485
0.47168136,0.56694961
0.86093336,0.89686990
0.91545904,0.94380414
0.51154399,0.72198862
0.36135924,0.33630988
0.88025159,0.79918033
0.64781737,0.80353743
0.88035250,0.77578127
0.85807496,0.85983205
0.65142739,0.79289818
0.89620554,0.17597333
0.28522110,0.27355328
0.72336453,0.70210099
0.88507783,0.90981239
0.85445106,0.80974191
0.89607233,0.94101930
0.86007398,0.74400544
0.60748446,0.47822964
0.90526229,0.88957387
0.86330438,0.91254580
0.78895473,0.81035084
0.89300328,0.91257709
0.40821159,0.41389197
0.86461920,0.85481483
0.71168232,0.49117348
0.89738739,0.91156292
0.50270605,0.41237518
0.85999918,0.73316973
0.86955619,0.90417427
0.86909258,0.84203482
0.86916220,0.87100881
0.75069082,0.64989978
0.80722433,0.66030031
0.75486851,0.84235799
0.41753772,0.53175914
0.50373226,0.42613587
0.64283657,0.74045897
0.85801625,0.92179739
0.81314707,0.83363283
0.81124979,0.74972790
0.89453119,0.93267393
0.93450677,0.90011698
0.87898451,0.80131948
0.58178061,0.68642855
0.68548381,0.81843573
0.80559909,0.70556027
0.75810218,0.86710781
0.62247372,0.88317168
0.90677875,0.53268218
0.72520083,0.71708071
0.52090627,0.49782473
0.75804442,0.63613039
0.91585517,0.95715326
0.88596618,0.94849253
0.42134339,0.43774909
0.88500619,0.80915117
0.85702270,0.92648935
0.89796960,0.90317327
0.84798020,0.88832200
0.90843713,0.94523060
0.88744885,0.90917122
0.42526931,0.51725292
0.76055980,0.93333334
0.91861582,0.95148885
0.38203391,0.49638805
0.71181881,0.88987964
0.61815155,0.52429187
0.83413732,0.76684982
0.91832513,0.92035741
0.81143540,0.60529757
0.62490475,0.59092259
0.60934544,0.57391024
0.67566121,0.77398944
0.73614860,0.80154157
0.85743463,0.90063465
0.89515173,0.94029009
0.83069015,0.82723516
0.35798624,0.32289064
0.48270133,0.58769631
0.52566028,0.56708324
0.87379771,0.88732040
0.88065040,0.83375001
0.83645171,0.83192021
0.87255538,0.87247783
0.61325324,0.75191194
0.49555224,0.54102367
0.66730857,0.58003098
0.38023907,0.43387705
0.91092908,0.89318383
0.88678372,0.97521418
0.91099066,0.92824352
0.87400609,0.85440701
0.51442152,0.24134728
0.60683721,0.46230251
0.82631546,0.95507568
0.89215672,0.90797651
0.87761629,0.87545484
0.66730869,0.55882353
0.29494441,0.41450471
0.90271300,0.94064313
0.84410113,0.79514021
0.74476343,0.62104017
0.76638258,0.74635702
0.63770628,0.74321967
0.69091022,0.64693373
0.51667464,0.64818114
0.82252800,0.81084216
0.86122376,0.94846493
0.88376445,0.85275441
0.30619127,0.16919251
0.74439806,0.73777807
0.76339459,0.60520834
0.84877008,0.72881877
0.28386247,0.13987172
0.81334090,0.74972749
0.60628861,0.57779288
0.86624354,0.91396326
0.43810433,0.49417111
0.89071476,0.90073121
0.60165691,0.68355483
0.32569000,0.45858580
0.58444297,0.59835202
0.60232687,0.60581255
0.52708399,0.27689710
0.78655928,0.88675213
0.84599364,0.89387077
0.90241480,0.86072850
0.85519868,0.90895396
0.34735298,0.12685186
0.89345062,0.94719952
0.88142985,0.80947930
0.74555969,0.87093079
0.71937156,0.53754151
0.64376920,0.48074982
0.79688698,0.70175231
0.74273807,0.80138272
0.39225352,0.18914123
0.86338568,0.89991969
0.85698634,0.90664697
0.91308010,0.92192310
0.79272258,0.70954633
0.64977622,0.64516598
0.87316221,0.93934959
0.65036261,0.68070573
0.84235269,0.78901410
0.36147732,0.25915682
0.91713279,0.93755049
0.68383586,0.78349674
0.49574691,0.30113637
0.76889628,0.79827219
0.61245602,0.70221823
0.83199638,0.96412265
0.31351325,0.30938494
0.35106248,0.24587674
0.84977859,0.91239721
0.57821679,0.43103448
0.83173597,0.65319914
0.88863635,0.91233766
0.66765082,0.55924815
0.67328119,0.89297050
0.90667683,0.92712766
0.73569059,0.65528846
0.90654874,0.91641706
0.82716465,0.91049892
0.85026771,0.72620887
0.84292012,0.92000842
0.91430044,0.90261990
0.89964658,0.94229674
0.74179268,0.74520206
0.68918145,0.70211607
0.88589227,0.98922598
0.69098979,0.69567865
0.64621174,0.91332501
0.89573246,0.97619045
0.87874883,0.91140813
0.90157306,0.97933853
0.89683962,0.92179483
0.86036474,0.83434474
0.48998815,0.43875387
0.35967752,0.12598751
0.85694098,0.80515140
0.87307298,0.78235292
0.89955932,0.89587718
0.91236079,0.92665416
0.72937572,0.64506000
0.80681205,0.73887980
0.89881045,0.92082554
0.83215022,0.89070284
0.88385427,0.66290534
0.90415823,0.94156039
0.59257638,0.53559911
0.76535666,0.70679015
0.84861499,0.87731093
0.82287121,0.91074419
0.47779632,0.52660644
0.80063897,0.69846857
0.93158394,0.92421627
0.85131466,0.86835557
0.72088367,0.50482512
0.83708954,0.82318991
0.48050457,0.30889091
0.71839058,0.55752653
0.41105831,0.31595987
0.65195215,0.83333331
0.39695418,0.33849600
0.76452029,0.79298246
0.82331389,0.71165258
0.49536559,0.31763548
0.52514887,0.39099726
0.75324005,0.73548859
0.30118209,0.34459993
0.84969652,0.88075078
0.80701274,0.85386860
0.82969403,0.84730196
0.83135128,0.84439600
0.85197002,0.89345825
0.65787208,0.78287286
0.85711491,0.90166646
0.46854901,0.49553746
0.89047158,0.90880620
0.80029100,0.84768492
0.84973311,0.83387977
0.87530053,0.75215387
0.86114269,0.76766616
0.76350474,0.53104299
0.65134120,0.81340581
0.84927601,0.75326777
0.50584728,0.51244235
0.26669797,0.34693033
0.87496024,0.79598188
0.90703636,0.90986842
0.49959391,0.45630932
0.87184036,0.89654469
0.65525508,0.68593282
0.55183399,0.60692453
0.68270463,0.84840775
0.56592548,0.35541871
0.65393031,0.63192332
0.52063519,0.77879041
0.40168083,0.39656276
0.87429458,0.94523376
0.55543977,0.63374132
0.87945199,0.98275864
0.82102001,0.85287970
0.37471217,0.18073878
0.49032301,0.67013109
0.83223039,0.95277780
0.77478313,0.70886618
0.88403982,0.94090909
0.30134055,0.37231132
0.69922072,0.79828602
0.83328331,0.78862488
0.19147494,0.14017177
0.64427978,0.86554027
0.92353582,0.95667285
0.84622490,0.84633219
0.91259098,0.96923077
0.84821790,0.89775115
0.83913791,0.64714241
0.83634853,0.83513546
0.53252012,0.72588235
0.84020954,0.84754902
0.56404477,0.71759260
0.70781529,0.70015180
0.81503743,0.75465667
0.32729143,0.41527238
0.81548291,0.85904509
0.73739076,0.74544257
0.70229018,0.70368671
0.86633241,0.96376812
0.89755994,0.99275362
0.85816073,0.82435900
0.45158580,0.59803253
0.88315809,0.82986039
0.43247694,0.63351828
0.81361210,0.81027752
0.86924309,0.95262128
0.58013707,0.80894148
0.86803007,0.85415053
0.68472052,0.22454269
0.77935362,0.83595204
0.63518280,0.70385230
0.87180316,0.85160822
0.24637580,0.13069455
0.90367568,0.95625663
0.63481808,0.44530153
0.73768711,0.84039712
0.37686008,0.43346915
0.70857859,0.89800197
0.91813451,0.90875059
0.76832581,0.82030994
0.84487700,0.79763937
0.43046808,0.24452288
0.78097868,0.83806610
0.69792581,0.65213674
0.67685479,0.57287008
0.89935797,0.92304611
0.83502942,0.94978607
0.72425532,0.64651471
0.88548732,0.86218202
0.89881521,0.91463667
0.79418147,0.84729153
0.68840629,0.75903976
0.46260530,0.45269471
0.88892579,0.92181176
0.93021047,0.95691174
0.84357905,0.79957718
0.87940902,0.87323833
0.88417667,0.62049538
0.67626625,0.83840066
0.91321045,0.94470590
0.87374926,0.63815278
0.77468371,0.81925821
0.73937845,0.76926482
0.87685883,0.93142217
0.66842580,0.64008701
0.75285596,0.83216071
0.86138505,0.93350875
0.78605193,0.83468765
0.89557469,0.91225690
0.88896292,0.79963523
0.89842921,0.94897085
0.72849113,0.75115359
0.54975146,0.66969699
0.91509819,0.94510549
0.48913848,0.46856546
0.63787675,0.56722486
0.80459177,0.79981911
0.80011356,0.91211033
0.84708565,0.90170288
0.89917463,0.96798378
0.65129125,0.67013174
0.88819826,0.88219142
0.89382064,0.91038436
0.81360388,0.79298246
0.90824139,0.86638868
0.28756335,0.12465912
0.70089084,0.90974259
0.53122151,0.39943701
0.47940698,0.46200973
0.68900484,0.82783753
0.77987540,0.82958025
0.91688055,0.94356018
0.36252603,0.33618388
0.72953689,0.73583418
0.54534006,0.55495280
0.74750251,0.50611144
0.76698613,0.84291822
0.91369569,0.88362384
0.53340942,0.53967869
0.30057657,0.29709384
0.74590641,0.68652040
0.87337255,0.87947094
0.79884893,0.68962061
0.78414237,0.60175437
0.65685517,0.59613425
0.72358471,0.54225522
0.79224396,0.88332212
0.87681341,0.87752408
0.87988323,0.89441079
0.16533393,0.06378902
0.80398357,0.90164453
0.36346811,0.46296296
0.63848007,0.67128801
0.56413931,0.57127637
0.75821871,0.79508626
0.86905038,0.93096691
0.88210863,0.91537356
0.89174628,0.95516568
0.74456584,0.74644977
0.91777825,0.96847826
0.61274105,0.55499166
0.70399845,0.75261503
0.51950270,0.42450452
0.86390364,0.89535546
0.92954713,0.90532106
0.88305223,0.81703997
0.82374209,0.85103798
0.85986632,0.90310782
0.92412591,0.97872341
0.88476908,0.96459067
0.80967909,0.76291794
0.85549068,0.74279559
0.88971865,0.89090663
0.54829770,0.53643906
0.83846343,0.84706134
0.72662932,0.53568822
0.88628954,0.89027262
0.89120734,0.87522280
0.77239943,0.68735337
0.93405050,0.90734500
0.74670845,0.59587657
0.72443819,0.49330035
0.76152807,0.60518789
0.90848708,0.87993860
0.70693415,0.88662660
0.69321251,0.59807694
0.86088461,0.85897189
0.77912676,0.78093833
0.28223413,0.22644928
0.86428887,0.84770489
0.48737448,0.81561995
0.54842025,0.42962953
0.85883188,0.94712073
0.80832034,0.77471656
0.78728586,0.76811635
0.66757512,0.48900464
0.86364824,0.75165170
0.81547010,0.88255924
0.84550023,0.90447593
0.76590836,0.82797444
0.40765625,0.30609041
0.59111363,0.59229332
0.64136285,0.74305391
0.87282234,0.82886869
0.91782463,0.94409192
0.77134824,0.78591627
0.69074529,0.71623808
0.60640651,0.47535211
0.89206314,0.94798648
0.45049223,0.36237374
0.75752532,0.83224422
0.88786095,0.83307701
0.44388321,0.65434241
0.50782108,0.55239666
0.90009367,0.93473929
0.88589281,0.93723059
0.90338933,0.93569988
0.88223875,0.87917340
0.83624077,0.88735884
0.89123178,0.88899755
0.61418998,0.74898958
0.46128476,0.68114477
0.82965666,0.58571428
0.50625169,0.48970768
0.86635798,0.86167032
0.34737235,0.29080674
0.68040127,0.93277830
0.81417489,0.81553400
0.81210566,0.77173913
0.80394280,0.73167789
0.75077057,0.81875646
0.92678636,0.94533569
0.47575861,0.52331150
0.83401328,0.82278323
0.88533324,0.89532495
0.93279088,0.93501192
0.74991417,0.94000000
0.87953377,0.93757176
0.50428462,0.28643617
0.49087238,0.38437003
0.84342968,0.86175376
0.59104615,0.66428620
0.38359445,0.42257217
0.71068567,0.65077490
0.87718153,0.91923076
0.57024395,0.67142022
0.45053539,0.48139769
0.84173095,0.85357428
0.41573042,0.56810105
0.87219220,0.87248802
0.84762168,0.95862800
0.84126109,0.82238585
0.67533386,0.62078261
0.89152503,0.80750889
0.80078459,0.83243144
0.91116798,0.85847986
0.93098348,0.91971737
0.63036245,0.69436836
0.89878529,0.75966048
0.53089446,0.41319931
0.88189965,0.88292122
0.84376454,0.74175900
0.75680172,0.85444778
0.66293842,0.65708536
0.89032412,0.91202533
0.77170575,0.79289150
0.27888983,0.11148074
0.53494364,0.49401122
0.86846030,0.76232862
0.88720608,0.92849016
0.28086326,0.19169508
0.31831354,0.14660482
0.80079913,0.88060230
0.66610765,0.71151268
0.46780220,0.26976076
0.82386243,0.87049526
0.74968708,0.64069766
0.54395181,0.70906752
0.36077982,0.20999916
0.85932076,0.90540540
0.44186047,0.58448458
0.50868440,0.59448087
0.89227742,0.73690474
0.55197126,0.68911612
0.84230202,0.86158252
0.65488636,0.79910553
0.90256202,0.88239187
0.75183195,0.90231508
0.56637871,0.49682686
0.36983478,0.33763418
0.86996341,0.95539623
0.77209520,0.42209944
0.66581297,0.84276849
0.81174725,0.83121246
0.37036508,0.33246276
0.90401781,0.87292683
0.87227339,0.81089091
0.87181133,0.82630205
0.86650085,0.78991252
0.85623193,0.86705172
0.68447089,0.61377645
0.34558940,0.34832197
0.88199413,0.91766828
0.42170501,0.32575008
0.44295067,0.60423815
0.84275085,0.88158941
0.85144186,0.90737563
0.77941173,0.83232540
0.67917114,0.83195084
0.81951433,0.73680902
0.86018944,0.98660505
0.50322682,0.62205803
0.58157307,0.69734889
0.87965119,0.88779718
0.84819239,0.91158903
0.84370184,0.74469572
0.91661412,0.94096643
0.68739653,0.72543061
0.73669028,0.79676998
0.90060723,0.95966935
0.76678383,0.87531143
0.45451453,0.58723468
0.51086879,0.42238268
0.83299291,0.81438857
0.61915702,0.61333448
0.62297052,0.45584652
0.76165861,0.72169811
0.90404022,0.82912940
0.90674460,0.90630299
0.84671068,0.85919821
0.91185856,0.89294875
0.36784965,0.35851455
0.46385178,0.50331545
0.89419115,0.76369637
0.54610366,0.51747334
0.90629649,0.96570659
0.36818755,0.37821880
0.89493781,0.94701755
0.35821134,0.36748573
0.71506071,0.48774403
0.86586493,0.91049600
0.87618357,0.88741851
0.89386344,0.98275864
0.92693400,0.98849702
0.92598987,0.90976351
0.43612722,0.24929525
0.42317182,0.50047541
0.89676845,0.89817476
0.89887357,0.85895091
0.90723407,0.82343489
0.22192460,0.09733385
0.63309449,0.56538570
0.76002568,0.69834185
0.82461834,0.88496679
0.53951436,0.64710796
0.89948940,0.93648565
0.70091045,0.71581823
0.80197054,0.78080195
0.40289712,0.42770770
0.85362178,0.91392887
0.89558011,0.90552974
0.91041803,0.91573662
0.70172608,0.68036401
0.85205388,0.89907104
0.64784837,0.44020849
0.68699223,0.65571481
0.89655256,0.94130152
0.83482343,0.80382884
0.80360889,0.71913344
0.31547835,0.16865297
0.68956339,0.14304200
0.30499274,0.21486166
0.37041116,0.31148237
0.87517238,0.91949451
0.90023780,0.96001065
0.86421096,0.95454544
0.77047372,0.66906595
0.86626041,0.85357368
0.59808916,0.67364585
0.85503685,0.79618436
0.78921604,0.84451681
0.44047278,0.44881848
0.91702026,0.85982561
0.90307826,0.79611725
0.34874919,0.24394307
0.74806041,0.81831789
0.42427972,0.41585678
0.85936445,0.87915879
0.49676549,0.40451533
0.74025685,0.72263235
0.84358442,0.94221395
0.81133729,0.75266081
0.87453336,0.91873604
0.59966129,0.74833596
0.87986708,0.85856056
0.77344280,0.81048852
0.86252081,0.89603448
0.27425855,0.26633644
0.83013129,0.81332099
0.73437339,0.70573384
0.90801525,0.97651005
0.87256706,0.91983503
0.92199093,0.91829187
0.46106046,0.35841557
0.92841262,0.91055554
0.49909821,0.74782741
0.93055016,0.94044352
0.90093434,0.96733141
0.89322490,0.92955494
0.80597138,0.83844447
0.75753522,0.58614844
0.82125425,0.88006818
0.90399766,0.92288601
0.33196461,0.26272455
0.87173706,0.83190924
0.74338913,0.72027773
0.78603530,0.93526757
0.74792361,0.68704498
0.28133553,0.15570776
0.71849203,0.65136182
0.86980587,0.92125106
0.74888313,0.79162019
0.78163695,0.85636902
0.88494444,0.88357931
0.78467655,0.88174993
0.67198896,0.79741377
0.61124879,0.64639425
0.55227292,0.53909063
0.65847671,0.62573582
0.83088017,0.87221742
0.75854886,0.79562014
0.59570944,0.78673470
0.79570109,0.82393950
0.42684278,0.43288681
0.47044495,0.25553018
0.85791707,0.87876654
0.88767946,0.76957691
0.77783203,0.74898672
0.46693581,0.41086957
0.51481074,0.34485158
0.52996022,0.53546131
0.74780947,0.96666664
0.91252452,0.95023924
0.80346483,0.87311041
0.91034901,0.91178250
0.83208150,0.83515948
0.60277593,0.58434588
0.91665184,0.89346659
0.93057311,0.98982012
0.88181299,0.87994564
0.90574425,0.76127243
0.87690026,0.85837102
0.92597377,0.91895425
0.32092458,0.24012481
0.73480844,0.84508663
0.88826025,0.87620687
0.67655486,0.54030800
0.82368046,0.76951873
0.90952313,0.97838503
0.85960835,0.80167454
0.74301195,0.57442808
0.62413347,0.77140731
0.88718528,0.81005025
0.82481819,0.85648358
0.90114564,0.86341697
0.87173820,0.77339107
0.87657464,0.87987375
0.29489589,0.11469042
0.85948288,0.88720489
0.92280346,0.93778312
0.68044168,0.69335526
0.91579854,0.93119937
0.84965724,0.89935899
0.90675545,0.88697916
0.84495515,0.75230956
0.85377705,0.73787737
0.91643977,0.95592654
0.73387498,0.60129112
0.89293617,0.97611338
0.91488993,0.90174145
0.89222765,0.89140624
0.40392852,0.66635603
0.67996550,0.80292118
0.79748106,0.74788964
0.91955596,0.85470283
0.41247335,0.35770595
0.75099683,0.59154373
0.81181926,0.82882243
0.84687239,0.90482342
0.86495268,0.59700030
0.88069177,0.89153439
0.91695547,0.97311831
0.53448331,0.53575748
0.36162949,0.15808170
0.80004674,0.71256495
0.84103137,0.87203765
0.77907914,0.49895087
0.75061572,0.56250000
0.62625349,0.52228165
0.68300998,0.83328664
0.84872526,0.80661660
0.91312569,0.93434107
0.57788724,0.64884073
0.70795643,0.75838923
0.17019969,0.04953431
0.87718338,0.85798162
0.78017783,0.80806857
0.90796834,0.93983078
0.51868409,0.50126493
0.90468144,0.88039112
0.85502648,0.94798410
0.82989329,0.87687516
0.53797585,0.58634460
0.87189472,0.91057914
0.49578750,0.48184818
0.47992975,0.33665380
0.86995792,0.85242832
0.88643676,0.90735292
0.47281417,0.40943256
0.63815475,0.44473892
0.85632229,0.81955886
0.87204880,0.83082032
0.91125476,0.91540599
0.30683425,0.37155995
0.31647909,0.13041443
0.74342358,0.67618191
0.87230909,0.93599880
0.89669132,0.85991228
0.89830101,0.94861281
0.83766240,0.77751720
0.80028760,0.61105484
0.86887300,0.89774948
0.83194649,0.34511524
0.88222110,0.87132150
0.90735227,0.94743907
0.55841780,0.61226863
0.77072698,0.80778700
0.90586329,0.93322879
0.92484438,0.97222221
0.50627810,0.42358845
0.89143902,0.92842150
0.87680411,0.87963533
0.88987297,0.93257427
0.82281911,0.84153783
0.86817306,0.93129760
0.75252724,0.68185139
0.82733124,0.94208270
0.77343625,0.69028759
0.89321375,0.85408163
0.42783728,0.73607951
0.84842813,0.88519126
0.55003244,0.50528187
0.85214335,0.84792101
0.84839946,0.75366879
0.70271254,0.50658047
0.80903244,0.64404887
0.85722411,0.89263630
0.51225424,0.49252614
0.78376859,0.65751696
0.63695133,0.58521760
0.80860019,0.70898658
0.92488164,0.94868690
0.76539791,0.79000568
0.81650645,0.87812442
0.88846141,0.90679687
0.85849500,0.93229169
0.46298808,0.40523237
0.82092077,0.86327744
0.87796134,0.69556737
0.72829556,0.80346686
0.67828161,0.67167324
0.89542162,0.82744044
0.56859690,0.75187397
0.52556616,0.57973754
0.88784450,0.96288943
0.86948216,0.96245849
0.88757664,0.97161305
0.87611586,0.92712247
0.78865850,0.83955443
0.44464266,0.59445947
0.74029791,0.79835540
0.86479056,0.85104710
0.86357617,0.85698450
0.76678270,0.75783801
0.67905027,0.68147451
0.79434001,0.68763447
0.82755005,0.86583000
0.89570796,0.83552742
0.88306153,0.92595226
0.74855959,0.80328435
0.80609369,0.76440734
0.70350552,0.48274773
0.78617799,0.85425282
0.34937426,0.35217968
0.86155260,0.95604396
0.70843244,0.57052928
0.83888018,0.65849674
0.91919875,0.97115386
0.65346193,0.51422232
0.85296291,0.94842172
0.89001030,0.86075163
0.91213757,0.97244149
0.90555662,0.88086736
0.09485731,0.04580267
0.62708825,0.71991873
0.77159595,0.90789473
0.89305323,0.83249384
0.90520835,0.88196427
0.89548892,0.86628664
0.80348170,0.91282797
0.89514565,0.91710097
0.85210049,0.81452864
0.77474821,0.67801344
0.80278140,0.47775811
0.80327940,0.80510753
0.51831281,0.67446810
0.88994646,0.84147245
0.92319822,0.93378329
0.87995505,0.84296876
0.84830344,0.73563290
0.56931436,0.43004099
0.22131011,0.11223690
0.60516161,0.57947791
0.89439505,0.94054466
0.91543901,0.93813747
0.91338253,0.86860120
0.74302292,0.62798101
0.91803980,0.95646960
0.59810537,0.47371379
0.76051253,0.94417387
0.91008651,0.96932012
0.60271883,0.56598759
0.81612545,0.80576950
0.45039910,0.33701411
0.76454026,0.69234240
0.69258368,0.84282053
0.28099984,0.26069599
0.49709713,0.73901176
0.80857015,0.93899584
0.79594517,0.60856491
0.30926716,0.14977884
0.85695374,0.89643747
0.84099168,0.84919506
0.85601324,0.78197366
0.84232718,0.84337187
0.77108061,0.62717295
0.50563580,0.77907377
0.83963227,0.85116220
0.51539570,0.62323946
0.64151013,0.65485609
0.90653503,0.97540987
0.91435230,0.86293226
0.73458344,0.81600612
0.47042459,0.47790524
0.90623307,0.95002931
0.93113768,0.94913703
0.54974639,0.58176565
0.90873390,0.90195483
0.46715915,0.50837183
0.57696390,0.54774100
0.51585501,0.57565135
0.80301231,0.80611110
0.63834053,0.39445871
0.85127932,0.96013117
0.29703948,0.19643602
0.93101412,0.96178591
0.59282666,0.24278516
0.92871767,0.96150458
0.88194609,0.83796620
0.89130354,0.92015117
0.88414955,0.94868141
0.73781699,0.59982920
0.76185799,0.76569235
0.89275956,0.88745636
0.90739828,0.95939767
0.44932252,0.34010842
0.81054378,0.80897957
0.82420963,0.89536291
0.46329483,0.32583460
0.80046111,0.71392745
0.92836106,0.95888788
0.87552261,0.88028204
0.85432839,0.88586742
0.74783313,0.68154299
0.89009184,0.94550353
0.87264717,0.94453758
0.77261412,0.73705500
0.89670056,0.90509939
0.42159587,0.17494252
0.81092834,0.87989235
0.69070584,0.68179667
0.68756008,0.79959714
0.70715064,0.59616596
0.87517172,0.84470910
0.88526732,0.99497414
0.32475710,0.26573077
0.88041222,0.96437126
0.78573155,0.87511498
0.83674985,0.63227510
0.81641281,0.80413121
0.89879501,0.87317926
0.88703424,0.71612072
0.87735432,0.87742949
0.65968049,0.84252799
0.88959008,0.88625824
0.80234486,0.70597845
0.85536969,0.82569063
0.38072154,0.28093535
0.38655537,0.45139080
0.81986243,0.85651290
0.30213150,0.25443321
0.90412128,0.87771767
0.88008100,0.92113006
0.87002170,0.78771532
0.53490478,0.56883347
0.83615357,0.68409812
0.63696814,0.51866502
0.89646047,0.89704436
0.73615998,0.64072943
0.90696460,0.97974503
0.85058004,0.83071285
0.81721938,0.84090102
0.44276965,0.29403645
0.77969110,0.77840394
0.65947652,0.76021636
0.66592127,0.78524214
0.85894746,0.89633226
0.92865461,0.94120151
0.81282592,0.87318563
0.75132966,0.82413101
0.90204614,0.95733041
0.90953296,0.90329397
0.25115335,0.11286988
0.38478389,0.44786826
0.79637992,0.70078200
0.66609001,0.70576924
0.68945289,0.77261633
0.65452170,0.51436228
0.76303399,0.64331055
0.68065286,0.77381706
0.82162607,0.94997269
0.79141819,0.57921028
0.86722499,0.96609181
0.84523499,0.83745748
0.84162724,0.87462234
0.84788644,0.86753249
0.72749591,0.90942913
0.87268460,0.92438066
0.86097109,0.81891280
0.86714321,0.91215152
0.86803621,0.70312828
0.82734203,0.81175274
0.87039906,0.87305474
0.86658871,0.89770633
0.65750289,0.50900257
0.38022578,0.54919863
0.86792147,0.99425286
0.87744099,0.90091950
0.86589944,0.80878663
0.75931251,0.83850265
0.76534814,0.74399853
0.90446794,0.92098033
0.45914701,0.62598270
0.87192726,0.76550871
0.91388083,0.87920874
0.26612592,0.25909430
0.78789455,0.76881856
0.93088913,0.92859668
0.83843642,0.71317309
0.74966705,0.77956986
0.67545766,0.86996698
0.63082659,0.45161444
0.86697114,0.98084825
0.85562807,0.84113801
0.86874998,0.84279549
0.79621798,0.70817608
0.46988863,0.44838309
0.73617446,0.85638946
0.83582181,0.99642855
0.87851548,0.95770979
0.85298884,0.87345171
0.68237984,0.73427027
0.85650557,0.84351897
0.89858961,0.92926937
0.90651482,0.92618775
0.52015895,0.45971575
0.91355836,0.90075141
0.83179224,0.82073301
0.88855642,0.90561372
0.90471900,0.84722221
0.87880874,0.92095351
0.91200137,0.88191885
0.24291414,0.07497706
0.36347735,0.14390244
0.87971222,0.84716874
0.91603577,0.88255036
0.84996420,0.85113996
0.89360762,0.94928300
0.78874826,0.73880899
0.60262072,0.62105978
0.85191691,0.81262982
0.61331797,0.55583185
0.88391703,0.88450295
0.58891523,0.43947282
0.88271189,0.93605608
0.77387148,0.74731505
0.58920300,0.60952902
0.68132806,0.71591765
0.89310479,0.90945148
0.57476729,0.61156446
0.68723440,0.66399556
0.79545808,0.82773900
0.76089251,0.99888641
0.83509922,0.80901307
0.83567011,0.83635467
0.62471837,0.62672049
0.69550097,0.62334055
0.88464642,0.80335766
0.48878679,0.57727122
0.65892690,0.69110304
0.77427495,0.87603253
0.43850836,0.62082064
0.76429558,0.60234964
0.31725281,0.31594202
0.43510184,0.45400271
0.68441951,0.73377436
0.63575697,0.54876393
0.51895267,0.67029285
0.80067408,0.89851618
0.83812869,0.70219976
0.79345250,0.79977137
0.79613966,0.75698471
0.79901409,0.80296588
0.89980185,0.98493630
0.70049238,0.73153740
0.88758171,0.91952467
0.81114423,0.74732560
0.35056207,0.27417654
0.81093782,0.90460300
0.56991619,0.61332309
0.82825267,0.90574151
0.91506088,0.93852460
0.44910592,0.41883275
0.51601803,0.45576829
0.55464643,0.40355298
0.85883480,0.90396249
0.81678617,0.87063295
0.33800074,0.24686849
0.91981077,0.90374649
0.86749709,0.80468750
0.83739924,0.92537314
0.80748832,0.82373244
0.89748675,0.90890688
0.47486684,0.41073257
0.89038634,0.92492646
0.85218185,0.89233661
0.85710776,0.75138891
0.85875869,0.78554803
0.67732185,0.68115872
0.57111484,0.59684193
0.81628239,0.34331059
0.93274301,0.95993030
0.86685765,0.75191104
0.86805713,0.92942840
0.13952029,0.05887888
0.79564500,0.86328375
0.91443443,0.92137265
0.90791094,0.94824338
0.87604904,0.92727274
0.45160076,0.44329169
0.27066040,0.16621801
0.81535649,0.81493509
0.70413828,0.77093369
0.58873564,0.36946368
0.89381194,0.94431466
0.81949234,0.86139697
0.60552055,0.71845347
0.42946196,0.42334017
0.83380312,0.88576943
0.89630908,0.98041666
0.84261829,0.89055043
0.48773533,0.45699394
0.59245729,0.43135002
0.64069259,0.56313431
0.61011457,0.65316665
0.81132883,0.88094515
0.86082691,0.81349206
0.62668604,0.69447440
0.76283079,0.53202736
0.37174249,0.19074610
0.78407300,0.62072283
0.68938959,0.62310362
0.25360161,0.17857143
0.92887503,0.93130344
0.34021258,0.26686859
0.45489290,0.41347429
0.63954359,0.34925410
0.93060482,0.92120683
0.71469533,0.71532255
0.78090292,0.91563803
0.35364285,0.36190981
0.58389902,0.68842268
0.69262779,0.75373417
0.90270740,0.91406190
0.71957028,0.61812866
0.87261397,0.88348532
0.91200447,0.96102065
0.68657899,0.76305968
0.83662605,0.93243456
0.76176691,0.88182276
0.72695041,0.68118411
0.75069261,0.86943781
0.91392088,0.93299937
0.54695553,0.82679921
0.84764838,0.90753287
0.75937349,0.56599897
0.87340629,0.58724594
0.90863132,0.93863815
0.87980056,0.78259116
0.87614715,0.85712564
0.88214362,0.94747758
0.92474717,0.93136072
0.28817353,0.38836405
0.60894227,0.83414632
0.78302789,0.81010693
0.89516175,0.73488325
0.73901355,0.91078430
0.86264747,0.95604217
0.52098197,0.61352813
0.36893305,0.28458738
0.57821584,0.64388865
0.45954022,0.31385612
0.68734050,0.58470148
0.90046382,0.90445155
0.66405725,0.73867559
0.87651217,0.86246496
0.35795575,0.37729108
0.78731656,0.66213691
0.83028245,0.78770852
0.43016601,0.38212597
0.28903621,0.21620715
0.48939347,0.44405919
0.87545943,0.88106066
0.83022654,0.77390367
0.82834923,0.82036614
0.88843030,0.80996716
0.86401612,0.85842067
0.89659888,0.90472430
0.86806238,0.40315506
0.62388909,0.60859418
0.75987834,0.73751736
0.79662645,0.73597103
0.79287279,0.80103737
0.86562157,0.83284163
0.35877061,0.27266225
0.75719404,0.60189211
0.58496445,0.84333014
0.92803991,0.97828609
0.84371573,0.78776121
0.74248266,0.74959815
0.72469091,0.84598929
0.87131983,0.80587584
0.86526603,0.72466218
0.84124225,0.88078433
0.86463082,0.93350166
0.65326935,0.39687431
0.52330899,0.53868902
0.55588126,0.39282146
0.57524008,0.46381423
0.88098633,0.91736388
0.84080720,0.81108958
0.79394633,0.69661492
0.71117818,0.62597948
0.93373466,0.80019981
0.62256962,0.47633147
0.85058594,0.84880120
0.89491987,0.83789790
0.69769156,0.67357653
0.48127353,0.72186613
0.59482527,0.51307732
0.73818749,0.77973855
0.35199675,0.34047765
0.61251527,0.55808079
0.47357816,0.41156632
0.57602501,0.51598209
0.88896233,0.89465147
0.84160209,0.84753376
0.68700671,0.70289034
0.89867485,0.94705653
0.89443988,0.92244416
0.91918665,0.94948977
0.60552084,0.63704205
0.87847662,0.88767505
0.40264833,0.44295454
0.88725388,0.91778165
0.92216790,0.96724421
0.84452933,0.71548676
0.52683294,0.70466030
0.90542811,0.96487606
0.65174592,0.69793046
0.85873610,0.83635980
0.93775940,0.95140678
0.59608293,0.73388773
0.34474632,0.30173033
0.85874015,0.91107738
0.81880295,0.84156317
0.77346778,0.68461519
0.78195846,0.82612556
0.91350400,0.90076631
0.56795961,0.57860386
0.89370948,0.89237136
0.86212242,0.80948132
0.80024844,0.63861454
0.34739885,0.38626665
0.50283659,0.52671957
0.75883478,0.87913013
0.90208197,0.95767272
0.79390687,0.86352932
0.63638061,0.33011273
0.87812185,0.94629246
0.93336779,0.93036580
0.91913617,0.91126776
0.90625226,0.97853369
0.63407588,0.64231008
0.76437366,0.78312474
0.90610689,0.96205503
0.91125381,0.91715837
0.78912342,0.68434751
0.88266456,0.88573885
0.89001238,0.89452815
0.36724705,0.26408178
0.49319270,0.52276689
0.89527506,0.91676831
0.68584394,0.59834677
0.79152560,0.62980771
0.85683841,0.84498233
0.92047775,0.97385532
0.67410034,0.71306640
0.83610189,0.85761565
0.37322769,0.26958776
0.86284733,0.88651258
0.89382887,0.97886825
0.87099230,0.88575268
0.79579794,0.81904554
0.83145797,0.85631067
0.86706996,0.78633600
0.41827726,0.53611565
0.63009667,0.52867132
0.73066032,0.58175290
0.87630904,0.74276859
0.31798172,0.16462965
0.88807070,0.93084574
0.86953324,0.92125493
0.78987420,0.86562502
0.49140233,0.52665967
0.74967432,0.76739419
0.87571752,0.86697251
0.89083058,0.90608108
0.35270405,0.21021059
0.76992500,0.71524066
0.85455054,0.82290912
0.70967758,0.77031821
0.84954709,0.79810995
0.68601370,0.51792771
0.59988093,0.67713457
0.78720486,0.73488283
0.87726682,0.88671398
0.89420485,0.86932921
0.43134788,0.45771959
0.58365357,0.53966188
0.84342951,0.88286805
0.84759712,0.80708271
0.82552326,0.92190522
0.85070175,0.70137870
0.84218079,0.84829384
0.86805838,0.83466822
0.85210031,0.71924812
0.84874904,0.93329918
0.48786128,0.76857030
0.56035376,0.55803180
0.89105928,0.88090771
0.90095353,0.84025007
0.92773068,0.91762823
0.87107843,0.86246240
0.58430874,0.51923591
0.55492783,0.53985041
0.36050558,0.41860464
0.87805057,0.74591571
0.73160279,0.71431565
0.81953084,0.85822320
0.86651468,0.86392111
0.85234702,0.84782684
0.44555494,0.31394839
0.71847475,0.64767081
0.59234107,0.60114735
0.85421264,0.80974412
0.46426597,0.37164414
0.50281543,0.46460047
0.85942721,0.84319019
0.30105513,0.16497388
0.89936233,0.94478381
0.54681706,0.60501510
0.86308205,0.81430602
0.87433779,0.85963488
0.47124308,0.52581948
0.79027784,0.90674686
0.69766223,0.59478402
0.77747023,0.84960896
0.75285399,0.80011517
0.31282797,0.29427531
0.85816050,0.88049716
0.88874453,0.94305301
0.76300824,0.88107681
0.78837913,0.66533875
0.90543842,0.92313504
0.71912396,0.73524374
0.79597270,0.86621511
0.92673385,0.93106729
0.70094228,0.47980279
0.84958845,0.83803141
0.91480643,0.86684155
0.83469915,0.88924634
0.82654470,0.68040210
0.60130113,0.81234568
0.37515515,0.34900808
0.85561824,0.93970716
0.90107632,0.92941880
0.84762383,0.80512625
0.87418497,0.91325521
0.90215361,0.74869227
0.52360195,0.21674128
0.85957527,0.95140427
0.76955307,0.76357943
0.66245854,0.73503256
0.86403412,0.93443501
0.51098335,0.43088040
0.52502722,0.61491698
0.27197558,0.20233637
0.80751431,0.93137479
0.78480440,0.88597447
0.83397317,0.82273108
0.91746545,0.95281094
0.92060280,0.95226735
0.83844638,0.78538090
0.91418779,0.94541657
0.89428699,0.90407228
0.48379728,0.57378972
0.89109349,0.81096095
0.88345528,0.94468367
0.75937927,0.91102755
0.60078228,0.65889424
0.57755613,0.55896705
0.29648384,0.25727087
0.41466898,0.55153459
0.58989310,0.56407166
0.54807359,0.62411201
0.58818150,0.44689736
0.70443517,0.89418244
0.74987030,0.74401551
0.91498423,0.91926515
0.42621100,0.48811969
0.68696499,0.60936344
0.86942381,0.96453899
0.87808394,0.94567049
0.49899271,0.58518744
0.69641781,0.85896105
0.89352077,0.92436975
0.71542233,0.76619637
0.58373225,0.37865728
0.61389840,0.53696579
0.83171558,0.68268484
0.73990697,0.54181010
0.81139398,0.86332214
0.45864207,0.63521641
0.87115359,0.87784016
0.87824619,0.94144881
0.65639544,0.56423545
0.89255428,0.88804388
0.83040786,0.90700543
0.90721405,0.95015210
0.50426918,0.62058789
0.70180762,0.79883087
0.78050691,0.92123985
0.30852297,0.29284340
0.50156742,0.65918279
0.91863596,0.95156682
0.76427805,0.83087158
0.61154079,0.55090457
0.91171980,0.89478815
0.50777620,0.71079355
0.41655338,0.29572579
0.83987045,0.90395570
0.81611764,0.70062238
0.51197851,0.42544800
0.26630861,0.13499986
0.42046842,0.59261674
0.79311228,0.83686870
0.80068755,0.71431649
0.85074937,0.80535322
0.43369812,0.44080490
0.73268282,0.68046820
0.88259292,0.88211900
0.88112450,0.92337251
0.85484540,0.90806741
0.51212943,0.42550504
0.81534654,0.81607956
0.74781883,0.75267017
0.52900660,0.54109889
0.62004352,0.64185476
0.67543280,0.78316742
0.85780853,0.83877629
0.70477456,0.80120999
0.87680721,0.89555258
0.89947832,0.88730419
0.83842444,0.89329320
0.87008929,0.86925638
0.86516607,0.90426528
0.41969451,0.32794622
0.79220760,0.72307694
0.65177488,0.78880227
0.69632638,0.69225228
0.65490603,0.49802372
0.89647675,0.94826311
0.73845643,0.65071899
0.74873269,0.69458610
0.88403416,0.91751724
0.77703673,0.60509634
0.79977739,0.72117525
0.70674515,0.51230520
0.87324685,0.83057493
0.80823350,0.62790275
0.65952587,0.72464728
0.67346114,0.60357124
0.84126610,0.57811230
0.62772167,0.76451755
0.72966605,0.65460360
0.88823664,0.91930300
0.82774067,0.41803375
0.86700708,0.91481394
0.41450748,0.57398993
0.30365306,0.30924433
0.67572111,0.72230905
0.46706051,0.49731249
0.81585014,0.73707688
0.88645232,0.87325001
0.82247722,0.81795913
0.74497455,0.80513459
0.89631617,0.90945530
0.58249319,0.66351891
0.86492968,0.83636242
0.85855860,0.81954020
0.90846318,0.93428570
0.56700289,0.72480237
0.92892790,0.95489550
0.90285832,0.97859430
0.63761383,0.76543307
0.88057023,0.88159877
0.65026402,0.66364735
0.83524442,0.66201407
0.86357522,0.81898528
0.92117494,0.90554053
0.88924134,0.90113240
0.36264586,0.20370160
0.48200852,0.31864753
0.28381139,0.22531345
0.61389053,0.56835264
0.85376430,0.89218456
0.90223056,0.91149521
0.64747572,0.43312377
0.75377321,0.41225928
0.85295379,0.85576922
0.90198815,0.72041112
0.78099608,0.84452683
0.83984840,0.82641959
0.86352664,0.87013572
0.63204783,0.40221089
0.83655852,0.93004912
0.85252184,0.94750637
0.62960851,0.42811745
0.93203771,0.95471442
0.83651578,0.91122085
0.48750940,0.51083529
0.37587398,0.27325070
0.63199985,0.48874459
0.44473860,0.53219175
0.90816689,0.91258496
0.52915055,0.51421547
0.35002446,0.16824375
0.89593261,0.95793831
0.88745391,0.87224317
0.48831451,0.35857671
0.87481230,0.88580358
0.71061319,0.65312827
0.58556557,0.45671040
0.76556426,0.84324133
0.89879048,0.91488916
0.48697785,0.43936557
0.92267042,0.96191794
0.40767372,0.36642864
0.89286858,0.90795249
0.87468123,0.92329091
0.87368387,0.82083333
0.92377305,0.94758064
0.46105689,0.37408519
0.88800859,0.87000698
0.84826994,0.88083166
0.86626798,0.88705063
0.66752732,0.59842324
0.76433289,0.60643572
0.84543842,0.83627653
0.44039184,0.39646974
0.91391927,0.90601200
0.49107647,0.48900181
0.88228017,0.87262613
0.70574510,0.70908070
0.84252965,0.75484210
0.68132424,0.77926588
0.69681156,0.75887817
0.45897481,0.24975027
0.48535594,0.61219209
0.89719033,0.95826328
0.92562807,0.96291733
0.56011736,0.49350649
0.86140853,0.75180954
0.81783205,0.55396414
0.87784976,0.92468077
0.83170688,0.89616227
0.89567387,0.87778515
0.81531537,0.94268423
0.46992746,0.69172472
0.91065407,0.92317021
0.84766388,0.62751853
0.79062104,0.68234134
0.76876080,0.72234392
0.50592268,0.52153915
0.59102261,0.48065290
0.88295341,0.90427721
0.88358951,0.92455280
0.86938685,0.86911076
0.60487831,0.60090137
0.82221621,0.78461540
0.90756494,0.94017917
0.88558662,0.89266616
0.88035923,0.92072195
0.86787689,0.86983883
0.59017414,0.66580093
0.86258805,0.77782387
0.84243733,0.91726822
0.84157330,0.89858943
0.60456932,0.89878005
0.63947129,0.56363636
0.86644650,0.79968596
0.60812640,0.68719727
0.87742311,0.85790408
0.87157786,0.90293932
0.81746286,0.95863920
0.51171166,0.36549816
0.85876024,0.90652174
0.83929300,0.81130463
0.86191344,0.69390404
0.90182543,0.86177069
0.75983405,0.66614151
0.24696839,0.10867411
0.79226315,0.83432090
0.36511031,0.27899492
0.89987892,0.93369395
0.74454975,0.76367360
0.52664906,0.52248341
0.69470745,0.70664138
0.49699080,0.47202370
0.66830683,0.72612965
0.93147838,0.89943314
0.41628978,0.55499828
0.88678598,0.89636755
0.84368140,0.75809509
0.77276492,0.63974792
0.87160480,0.78104293
0.86209685,0.88610148
0.88928640,0.93431371
0.82643819,0.83934772
0.80372012,0.71283698
0.86887199,0.89842480
0.60524994,0.54730159
0.71747714,0.43214285
0.62693828,0.35497200
0.50600654,0.52035463
0.25220552,0.16419658
0.30903468,0.40966952
0.74012274,0.61902410
0.50240815,0.72706509
0.86670798,0.90523183
0.76907873,0.81309521
0.73297125,0.62879652
0.77547270,0.82935148
0.55446470,0.72596747
0.88990748,0.78171802
0.78722882,0.76299530
0.86403948,0.91868389
0.25856519,0.25794923
0.87795281,0.94805503
0.58536744,0.54948288
0.91547781,0.96323186
0.56610864,0.70808846
0.74762118,0.74844444
0.87705225,0.82007611
0.84437853,0.84158826
0.86725801,0.90366298
0.66508555,0.79571223
0.86658365,0.80758429
0.77063662,0.79464287
0.36541164,0.39908019
0.39702070,0.73734641
0.43794668,0.07455605
0.36697340,0.17020099
0.89610302,0.93589354
0.53933161,0.63321871
0.81238133,0.80233514
0.74190497,0.67605603
0.91680801,0.91330028
0.74583012,0.71992844
0.91983587,0.91117382
0.58728045,0.47939801
0.88291395,0.85910517
0.64674777,0.56120360
0.80537409,0.99609375
0.79646170,0.82705593
0.38022521,0.31308284
0.87303042,0.71998125
0.63767785,0.61743915
0.85977209,0.79744208
0.87158221,0.80658859
0.84107810,0.86582166
0.79766941,0.94588816
0.70713603,0.67820317
0.87363148,0.86383486
0.83762771,0.55416667
0.76872611,0.64915603
0.74474925,0.77142859
0.78054142,0.55404264
0.61559075,0.72441417
0.76258773,0.84533483
0.60159856,0.71924734
0.85231781,0.87103897
0.83388615,0.86925709
0.84269196,0.89299560
0.86012644,0.85965991
0.92191011,0.96687371
0.87680173,0.87602341
0.81156927,0.78267020
0.83956826,0.90069497
0.90031409,0.88417375
0.74357069,0.69139767
0.86362624,0.81770831
0.72332144,0.67526495
0.56440765,0.52850091
0.88085014,0.81791282
0.68018413,0.61894262
0.88028306,0.91690284
0.51356196,0.49491447
0.74613440,0.82243747
0.74206859,0.62001604
0.84765935,0.76807755
0.52695799,0.42000598
0.62120235,0.63359320
0.80013710,0.92971718
0.79891706,0.57530427
0.87006497,0.80952382
0.86709303,0.92160279
0.88525963,0.84482759
0.83577412,0.84970713
0.37432075,0.28383347
0.89678401,0.88441843
0.62691981,0.69579417
0.33146238,0.22469424
0.89270127,0.82103914
0.85554022,0.75675434
0.76086318,0.65243727
0.84074533,0.88136077
0.80026239,0.85177046
0.84490252,0.89009333
0.84693301,0.81751615
0.39590573,0.26774266
0.67404431,0.70526057
0.76542938,0.83430231
0.57118738,0.62772018
0.85384524,0.85244316
0.72980762,0.57725251
0.32107183,0.29824492
0.61177230,0.61118960
0.87085420,0.93584907
0.89645451,0.93856561
0.43524551,0.36630476
0.65863812,0.58595842
0.38111883,0.38987574
0.75374299,0.87111205
0.83435291,0.83429378
0.88745719,0.41153699
0.90394306,0.95909977
0.89955324,0.92901236
0.58076388,0.61069566
0.89944994,0.89789295
0.70021814,0.74303269
0.88067800,0.85485041
0.90762776,0.88345087
0.35364193,0.27619258
0.87058353,0.95724529
0.89216769,0.83617675
0.43171364,0.49744982
0.92629468,0.94597828
0.88103825,0.87699610
0.87599438,0.94724703
0.89147520,0.90196633
0.89873457,0.92557651
0.75625110,0.73717207
0.80884665,0.69321382
0.88863504,0.94005603
0.89610630,0.88258708
0.89010650,0.90425348
0.91048688,0.88550907
0.58229595,0.45869714
0.87337118,0.88097888
0.33192700,0.25123823
0.89909279,0.92153847
0.87505257,0.94516450
0.78847051,0.57412654
0.89575052,0.87704951
0.88849574,0.96241832
0.86799830,0.82477778
0.30627525,0.29932868
0.78528482,0.69225293
0.52495879,0.97664815
0.87416434,0.90223086
0.50594062,0.60148513
0.75776279,0.79319382
0.85955131,0.78682846
0.81054163,0.89248890
0.73665738,0.35644263
0.65599287,0.80514705
0.86082745,0.84663057
0.59771144,0.65003949
0.80747187,0.64214063
0.66567898,0.59708977
0.40412068,0.20019954
0.87929428,0.88225627
0.32654220,0.15344574
0.87195033,0.92121214
0.79422039,0.67571312
0.86030370,0.76544768
0.86035788,0.97370946
0.83107972,0.84361732
0.73639995,0.82224995
0.57753110,0.37674493
0.85993767,0.90007275
0.86788571,0.89105046
0.89809757,0.96345901
0.88732529,0.87839490
0.73334336,0.71089637
0.90901780,0.89089328
0.57784975,0.75335133
0.88588101,0.89259034
0.24448016,0.06829837
0.89431345,0.94404960
0.90176940,0.96098900
0.44151396,0.62072366
0.64421093,0.48020723
0.73576981,0.81188536
0.80484563,0.89475161
0.84200245,0.88479143
0.87767947,0.85508496
0.88830346,0.92049551
0.64691907,0.63504386
0.85385025,0.84325689
0.90508014,0.86173087
0.84315991,0.84849393
0.41785726,0.45001563
0.85190910,0.87728935
0.90291846,0.88124722
0.77901047,0.52454460
0.32472885,0.55092359
0.87454230,0.90826315
0.76265067,0.78231227
0.87430292,0.89741707
0.85631835,0.86492676
0.57423586,0.15921940
0.48568928,0.29984215
0.70272797,0.43859890
0.92450517,0.99230766
0.80756176,0.84102565
0.33060461,0.17442191
0.57507551,0.70329672
0.44753206,0.40908498
0.60742617,0.40095246
0.47435737,0.48571542
0.57822359,0.49918452
0.91521233,0.88721877
0.38431722,0.08909262
0.84934390,0.82946324
0.84131688,0.75512242
0.85413253,0.92004907
0.88059044,0.88721830
0.58032471,0.53965944
0.88207442,0.94276226
0.80697727,0.85317880
0.84393340,0.90883893
0.68913352,0.61259478
0.39375001,0.41220814
0.65138990,0.76328313
0.87486100,0.94481438
0.82395363,0.82163745
0.84615457,0.79190278
0.22709197,0.14329004
0.63209528,0.54568022
0.86203790,0.91237390
0.79340190,0.64533132
0.90882605,0.89040375
0.35373309,0.23491916
0.81474900,0.70512819
0.92299318,0.87333721
0.67213297,0.50275481
0.60287601,0.41492388
0.71222675,0.83216679
0.86248887,0.84765434
0.87431371,0.87943816
0.89478225,0.91746032
0.84504551,0.84982634
0.80815685,0.68396997
0.84277809,0.84090906
0.75538796,0.70183557
0.55376107,0.77616769
0.66111141,0.94641560
0.62683958,0.61118776
0.58431762,0.68366092
0.38480765,0.45492229
0.88265252,0.80246884
0.74720132,0.71277618
0.77253687,0.86717635
0.67561585,0.76205230
0.92761195,0.96383440
0.38803774,0.43993151
0.38203838,0.38756835
0.91334605,0.91624326
0.43769139,0.31154683
0.84713960,0.91513997
0.92042077,0.96767455
0.33224872,0.18740541
0.73304313,0.66513056
0.36924976,0.25474322
0.93083149,0.94279474
0.79190034,0.81180859
0.91822904,0.94845963
0.87364948,0.97481686
0.39897597,0.18055958
0.41509941,0.19880952
0.37060779,0.38651857
0.77393919,0.80794996
0.79188925,0.82167602
0.91283548,0.96399838
0.78710967,0.84096026
0.80799645,0.85861164
0.68064463,0.65253198
0.38853744,0.45501372
0.60590464,0.42889556
0.90651977,0.92932373
0.75932223,0.59381235
0.90454549,0.91048646
0.90908659,0.92507005
0.90905130,0.88690591
0.25487718,0.23253667
0.90067279,0.92717087
0.77607930,0.90045935
0.85893577,0.93431395
0.80672997,0.90154886
0.80626935,0.88411397
0.41700661,0.43741089
0.82497489,0.83839709
0.89537233,0.91226202
0.40007687,0.31578946
0.41876030,0.40491804
0.87577069,0.93180543
0.89900267,0.88696444
0.88293648,0.93975824
0.88192844,0.95710742
0.88944703,0.93605047
0.89159298,0.91082805
0.59673375,0.60890597
0.87777603,0.90525424
0.89288276,0.90705884
0.82921058,0.75723577
0.84114659,0.76311040
0.90445626,0.83497620
0.85417533,0.93640012
0.89993739,0.89069539
0.82153141,0.81720781
0.60231221,0.63918066
0.79438007,0.91938615
0.71026683,0.87966478
0.70297182,0.02964612
0.90370798,0.90822428
0.61147535,0.71300256
0.52302653,0.57531393
0.84471768,0.88143426
0.86536121,0.85934305
0.69658244,0.64706433
0.81655580,0.96249998
0.85789615,0.92266011
0.77476752,0.83189654
0.82426733,0.77686781
0.61850661,0.59934556
0.74155271,0.76567739
0.81903291,0.84105265
0.89451736,0.91954386
0.24640566,0.12743473
0.84896570,0.62894773
0.69514859,0.41752899
0.53952837,0.50101358
0.77038038,0.78430188
0.77175540,0.68559217
0.56545603,0.60607475
0.87604666,0.88823915
0.85770267,0.84758389
0.78009570,0.75931394
0.30785844,0.23200859
0.41655457,0.38606334
0.90555418,0.89179516
0.86674303,0.94080716
0.76629150,0.46410990
0.71467733,0.65484893
0.80296057,0.31590417
0.37759888,0.24041301
0.87235492,0.94095367
0.79927027,0.87500000
0.45446908,0.61891466
0.89853376,0.92870259
0.33586907,0.27204525
0.60703760,0.45376888
0.71175206,0.57336152
0.88409925,0.87294120
0.75481814,0.85196078
0.87908202,0.85354626
0.89228594,0.97498119
0.50381386,0.42754343
0.88801736,0.94963878
0.47430161,0.45171499
0.88437223,0.96791446
0.85440028,0.86007518
0.90748709,0.83196211
0.85638237,0.85797906
0.84172010,0.91861320
0.55888975,0.35621205
0.84666133,0.85198003
0.85448241,0.79217917
0.46101379,0.17416899
0.91963291,0.91427881
0.83346146,0.87962961
0.78346294,0.47461370
0.86832434,0.92484587
0.92425740,0.91949022
0.79261708,0.60943729
0.58096248,0.77308971
0.87936103,0.87145025
0.54090589,0.55161566
0.75401777,0.63959783
0.39808187,0.34424084
0.72458124,0.69670886
0.58504909,0.71045119
0.87142861,0.73442084
0.55105090,0.45881557
0.70548546,0.66664827
0.85721821,0.93217814
0.88374174,0.81453234
0.56923652,0.75454545
0.74390393,1.00000000
0.79253221,0.93357509
0.76742196,0.71567297
0.79143167,0.84580421
0.63502103,0.80489445
0.74606383,0.77475005
0.88199735,0.74435073
0.91241598,0.88111013
0.30604762,0.25292870
0.86755675,0.93983138
0.86835068,0.94122696
0.89479923,0.85635376
0.89724624,0.80575335
0.82564753,0.85893720
0.75615501,0.93557674
0.84816658,0.90379173
0.25964883,0.14004968
0.89712083,0.83660132
0.90572053,0.93454885
0.35445556,0.26287934
0.84788954,0.91712707
0.57593524,0.65285587
0.66440761,0.76490575
0.58277601,0.58143669
0.36178508,0.12236842
0.84814745,0.93267488
0.89213502,0.95400006
0.82795727,0.85818166
0.88469678,0.91877991
0.76847887,0.72395557
0.80849755,0.80206394
0.22558028,0.10837964
0.48311141,0.16903889
0.89630473,0.91320348
0.74908036,0.68061656
0.86617577,0.93670887
0.43087626,0.37096778
0.90294242,0.87613404
0.91681010,0.90014768
0.62845480,0.89949495
0.92315763,0.91311008
0.82222486,0.51841706
0.89707774,0.89685607
0.86819828,0.86471170
0.82684153,0.83123648
0.45235538,0.25009397
0.90937567,0.92673993
0.86526376,0.89891565
0.78026330,0.84587008
0.91522276,0.90423000
0.79024637,0.73255002
0.90045989,0.92189580
0.89631534,0.88496912
0.78938770,0.71860522
0.76018715,0.74341798
0.91319764,0.92109185
0.75787175,0.99761903
0.57806528,0.46135831
0.60461318,0.71771282
0.89871359,0.87048554
0.75567126,0.72692442
0.62137222,0.57671326
0.67650604,0.88399357
0.38506049,0.40305534
0.87450856,0.88357663
0.89417678,0.94397849
0.48687094,0.66152561
0.71248114,0.75018382
0.89049941,0.93260264
0.70147121,0.85270655
0.78080082,0.55598551
0.52008492,0.68247974
0.90859497,0.90051502
0.90013844,0.96181631
0.87558246,0.95810419
0.87694204,0.88069820
0.85569149,0.83784002
0.75910342,0.88187933
0.83653975,0.54209012
0.67727935,0.77091575
0.75466359,0.81152558
0.76809657,0.61299437
0.88902569,0.87382627
0.66756916,0.62929517
0.88702536,0.88459653
0.91507971,0.97421932
0.38988248,0.30498749
0.33322513,0.23558581
0.75031567,0.89388430
0.82681906,0.64270473
0.32113326,0.35376799
0.90106905,0.95362890
0.87963217,0.95308578
0.41522413,0.49136579
0.93154800,0.96046054
0.77533376,0.69312167
0.91718227,0.94805765
0.83822203,0.81778711
0.79458839,0.84878772
0.80423629,0.85112309
0.77574968,0.73909897
0.84046078,0.89631337
0.84459561,0.54158878
0.32177877,0.11928131
0.86715519,0.79812777
0.78374624,0.79585254
0.72947788,0.81701428
0.85247970,0.83949620
0.69290441,0.89025772
0.72312254,0.65752423
0.73889714,0.75183153
0.89294720,0.84598374
0.86957979,0.89336401
0.88025469,0.92591268
0.78426015,0.20265526
0.89991307,0.91118538
0.88930857,0.87318838
0.41440991,0.39870444
0.87271607,0.95628518
0.92365348,0.93480587
0.88847005,0.68611109
0.73975754,0.80030638
0.57951194,0.58126551
0.86898315,0.89695305
0.69269276,0.67022020
0.60153323,0.55239910
0.81883043,0.85537314
0.86618173,0.94570857
0.89249855,0.87090105
0.47216371,0.34116378
0.91509426,0.91170633
0.78256506,0.75524253
0.69748926,0.78257108
0.87654650,0.71781015
0.52816844,0.55659592
0.29790589,0.23622312
0.88084531,0.90851682
0.52423644,0.69989014
0.87494719,0.82449800
0.51460302,0.36360854
0.70395356,0.74996972
0.87519777,0.98918617
0.48660040,0.58207434
0.78231943,0.79490948
0.88359797,0.89624220
0.57666087,0.72093529
0.39568460,0.47539854
0.62327069,0.71786344
0.60058331,0.30410188
0.91397542,0.92258757
0.85570854,0.85097408
0.85604787,0.97181028
0.90650326,0.97244811
0.70615578,0.74257195
0.87949854,0.83984154
0.92666197,0.95610476
0.90362209,0.89228970
0.89779341,0.95104462
0.39767382,0.48661110
0.75198925,0.23532061
0.90581602,0.94193619
0.85124296,0.94814813
0.65344721,0.76838869
0.86525136,0.91721088
0.82793373,0.71718627
0.87188500,0.87530082
0.69587046,0.80126286
0.87689352,0.87911576
0.90054137,0.87978101
0.69875133,0.76279688
0.69839364,0.59722221
0.77715445,0.77453446
0.84048241,0.83986402
0.32571578,0.33316183
0.88227689,0.92045456
0.22370845,0.16410257
0.85599470,0.87043571
0.92127126,0.94557279
0.91875720,0.89435160
0.88689196,0.87352216
0.85485739,0.78661382
0.87264764,0.93115294
0.38641095,0.33930302
0.89354008,0.96018147
0.89088237,0.88915795
0.62013024,0.62549937
0.41284227,0.42995441
0.82483387,0.86061025
0.78231329,0.82341480
0.70752639,0.61313039
0.86599177,0.85261708
0.89099169,0.93497360
0.91646856,0.93336874
0.88584518,0.92636108
0.85384768,0.70151520
0.36031812,0.43657759
0.89092588,0.89725381
0.86550468,0.89741272
0.83799440,0.92162603
0.90731096,0.96660280
0.88122642,0.87866646
0.83895266,0.92998105
0.86736149,0.94204807
0.41929325,0.40268132
0.92730701,0.96721530
0.90677023,0.82956123
0.90855765,0.93272763
0.38054109,0.28030348
0.75748241,0.84774113
0.62514603,0.66428322
0.86665487,0.85773218
0.85712206,0.83218777
0.74016517,0.67524999
0.91894472,0.86763257
0.65322101,0.45857561
0.74863958,0.55131948
0.74670625,0.57006878
0.90389597,0.91356343
0.30002791,0.35344827
0.77082270,0.68637580
0.85841209,0.85277158
0.42201415,0.51030177
0.91077912,0.86988801
0.90009165,0.89293605
0.45298100,0.51675773
0.90095687,0.91071427
0.85913217,0.91369045
0.83745062,0.76848835
0.20185831,0.12009080
0.36752781,0.33951929
0.54608035,0.57617915
0.71709859,0.73087358
0.87781346,0.89735472
0.70848691,0.20103613
0.49795356,0.39131579
0.89887953,0.91408473
0.88458359,0.85691029
0.90491807,0.91631782
0.84152502,0.77734041
0.75665832,0.56578946
0.87492377,0.90342987
0.90275103,0.80230767
0.53855264,0.64375412
0.85433877,0.93873984
0.79560828,0.73178452
0.88797909,0.90988481
0.46475306,0.25153777
0.86882311,0.86816931
0.68432844,0.52582270
0.79102319,0.84114772
0.90679479,0.93597382
0.23999983,0.05177786
0.90060842,0.94183105
0.87061954,0.83697361
0.86971319,0.88469118
0.84892523,0.21718000
0.26079643,0.13375518
0.87637794,0.88863069
0.86716706,0.89505064
0.91080582,0.93717951
0.89161760,0.96428573
0.51790369,0.42815128
0.53483802,0.82392406
0.55199838,0.71136653
0.74328232,0.72151899
0.46028617,0.29105273
0.89397359,0.88285232
0.91692531,0.95917141
0.90990949,0.88766891
0.85391921,0.75831223
0.90216082,0.94079292
0.43274626,0.27233332
0.85948664,0.92894202
0.80165958,0.74482477
0.74352622,0.68835163
0.66663849,0.69626689
0.81506032,0.76337951
0.48455933,0.52755839
0.30620801,0.48439011
0.86811179,0.81957686
0.68553853,0.64755809
0.79305780,0.69263530
0.88989580,0.93752217
0.51668370,0.59006566
0.69218796,0.81194216
0.65115201,0.55855328
0.84680021,0.92853534
0.48227209,0.31734344
0.89553845,0.92831528
0.74938905,0.72871143
0.90618271,0.90732759
0.91978621,0.91167587
0.89022774,0.89145327
0.87078863,0.60457516
0.52915746,0.55800653
0.49602610,0.51890302
0.89087522,0.91044778
0.84195912,0.80315363
0.89566767,0.93414629
0.47097707,0.30079299
0.90571320,0.86599702
0.85876989,0.84880590
0.33636445,0.32693663
0.80895007,0.79857057
0.39461601,0.81092477
0.89929742,0.92455530
0.57808274,0.51497561
0.84042478,0.89615589
0.55798739,0.40874887
0.88861632,0.89347422
0.87383795,0.88959527
0.87610275,0.89362514
0.86282444,0.94016254
0.88954616,0.70615774
0.65678185,0.74715853
0.77039617,0.77799922
0.48587802,0.38993159
0.78940386,0.88015294
0.73724490,0.73414218
0.88402057,0.91260988
0.74172962,0.58093786
0.62089396,0.32032537
0.86711156,0.91386050
0.88637376,0.83528072
0.88887620,0.90238804
0.84945619,0.86159825
0.58740377,0.55233061
0.63824832,0.84287149
0.81682873,0.95948678
0.72454178,0.78245258
0.78228283,0.85784400
0.78809810,0.82536179
0.44862634,0.40037879
0.38632619,0.37431037
0.80929309,0.82199389
0.91612375,0.53693014
0.81316793,0.78574461
0.25900114,0.22848853
0.88696003,0.82250047
0.74038315,0.73024690
0.88123631,0.89206827
0.85671639,0.92170960
0.48380220,0.44967532
0.88682735,0.92603070
0.45932218,0.51326311
0.78235060,0.78067976
0.83576417,0.88254195
0.64708757,0.77216905
0.82948470,0.94628650
0.84631616,0.84378111
0.86105400,0.84498900
0.47715732,0.65070677
0.88906825,0.87078249
0.87259001,0.88635421
0.86898053,0.87408596
0.67890036,0.68906432
0.49618268,0.49958915
0.88237560,0.91602910
0.88410240,0.84021819
0.78683591,0.78692722
0.74034524,0.58999157
0.84262484,0.84815788
0.73656249,0.84443849
0.78985000,0.78091633
0.65534943,0.84737122
0.31150645,0.17152122
0.57772964,0.54855615
0.91102302,0.94437683
0.91570050,0.92429012
0.58900183,0.55621076
0.83659518,0.81466025
0.87766975,0.80726790
0.83385086,0.78682929
0.89463782,0.94617754
0.90210474,0.88148147
0.63267112,0.67054486
0.73545444,0.85064381
0.88692009,0.92771083
0.86798394,0.75047678
0.93431813,0.95686454
0.81721658,0.87358367
0.36398691,0.23834726
0.57167512,0.77629673
0.82429624,0.89035308
0.78182316,0.97187579
0.88104641,0.90651137
0.77691561,0.90096408
0.69107997,0.53995329
0.91043782,0.98958331
0.84928560,0.76987988
0.90606755,0.91929823
0.76561517,0.66241825
0.80117542,0.64942288
0.86284339,0.89044762
0.53180820,0.67610937
0.70745885,0.72676283
0.81509024,0.76720375
0.82370859,0.83216292
0.90306467,0.90534341
0.86518401,0.96796197
0.88181221,0.87003565
0.63399601,0.63031000
0.90896934,0.92950636
0.82186699,0.88743019
0.90172046,0.87090665
0.77204239,0.70694989
0.89551884,0.97563297
0.80199599,0.79623288
0.86008328,0.88405353
0.52769828,0.49265650
0.90751666,0.99444443
0.86339474,0.79036933
0.74385118,0.70986301
0.92146254,0.92288488
0.47374910,0.30756614
0.56343293,0.68696600
0.77458608,0.86625421
0.46339077,0.35050800
0.48839334,0.46106213
0.52017820,0.44303864
0.90109229,0.87660164
0.83412147,0.83545738
0.87474096,0.85069126
0.87128234,0.81162632
0.41308871,0.57950193
0.65344602,0.73750222
0.89772654,0.95530301
0.90288287,0.95363468
0.36529329,0.32808661
0.45852861,0.55121565
0.90313631,0.92689967
0.85761869,0.90217435
0.88819385,0.88427126
0.57207435,0.65315610
0.83085650,0.87675571
0.79659915,0.66503936
0.17874348,0.11494103
0.55128974,0.67119473
0.82549858,0.79233122
0.72890526,0.66094005
0.86998862,0.93963963
0.75333959,0.69750714
0.84823954,0.85764241
0.50920409,0.52840298
0.49643964,0.73471564
0.88931149,0.89596272
0.51332939,0.35766375
0.64243573,0.63896549
0.50745195,0.40296757
0.86621898,0.88704634
0.48951468,0.45070335
0.81778157,0.83443046
0.53979933,0.47934622
0.78961873,0.67756408
0.92616940,0.93684494
0.63266158,0.56713766
0.85619450,0.90593648
0.61618990,0.70142967
0.41308665,0.50965667
0.81139296,0.88671875
0.64795125,0.52885211
0.91018921,0.83463115
0.50622863,0.34641609
0.90379310,0.82876712
0.90263188,0.91406453
0.43979663,0.30129331
0.29773241,0.63616073
0.30475336,0.04845155
0.83552599,0.88600469
0.68174779,0.61904764
0.48014665,0.45204136
0.84416270,0.81475151
0.65175718,0.90451390
0.35769635,0.22177146
0.37822005,0.29945654
0.85935700,0.68983757
0.90126479,0.91415662
0.87637699,0.87006044
0.75798798,0.80337584
0.92536777,0.96874243
0.89226454,0.88009894
0.73977518,0.85188872
0.92713046,0.93316805
0.88670254,0.90077287
0.82978249,0.80911100
0.28476545,0.11408894
0.87030357,0.85279375
0.83158302,0.93032849
0.89219475,0.91492677
0.80900663,0.90733528
0.78787798,0.81771487
0.84386504,0.91498768
0.91020131,0.95652425
0.91688746,0.90646917
0.62365979,0.64652777
0.73990959,0.58315706
0.89325643,0.85891318
0.77826643,0.69257730
0.87186515,0.94185799
0.86628819,0.88832200
0.79049754,0.85598040
0.84764016,0.78168249
0.87167966,0.90263158
0.78695953,0.83303654
0.88456023,0.91967493
0.77746093,0.71624804
0.90540832,0.80990237
0.88983691,0.90912700
0.82548606,0.80256462
0.51651376,0.59552443
0.33874249,0.23681186
0.51577556,0.50253379
0.56283998,0.54191619
0.22699028,0.18189681
0.51727241,0.42438155
0.73871422,0.72044647
0.79599553,0.91439730
0.90730059,0.91684574
0.89103180,0.92506206
0.39853466,0.24160588
0.45489320,0.27595365
0.90636468,0.85697168
0.73234415,0.66573411
0.81220055,0.89220566
0.62941974,0.47112080
0.59881479,0.48271435
0.76900649,0.77254188
0.85714436,0.96651059
0.83296871,0.72334933
0.91355556,0.64689296
0.47163707,0.72345650
0.28793931,0.18042041
0.85150659,0.60098600
0.61709738,0.49399674
0.81848502,0.71402138
0.90272915,0.94178361
0.48344481,0.29500368
0.87461305,0.90296113
0.29362035,0.05136472
0.89666635,0.94964486
0.46877885,0.47654912
0.51064169,0.55289757
0.86798275,0.81119543
0.78633225,0.90784472
0.91676790,0.89685374
0.73502374,0.67636144
0.76472121,0.40288460
0.39486694,0.42986614
0.92933422,0.98393756
0.50034076,0.61065215
0.61511534,0.65012896
0.90502447,0.95646000
0.57363993,0.50420672
0.91400844,0.87978321
0.93184227,0.92094803
0.75908053,0.66511738
0.51182956,0.60660034
0.44243813,0.44250327
0.88647962,0.89464885
0.92502743,0.92523944
0.90934187,0.94815439
0.75379777,0.88486564
0.81833065,0.83461541
0.78524816,0.87142307
0.84570056,0.83375567
0.54225141,0.56789601
0.78644264,0.84102881
0.87876993,0.85782647
0.81543851,0.67394406
0.91387820,0.95129144
0.74165547,0.59579164
0.90926450,0.87803340
0.88393116,0.86035794
0.62613773,0.66070873
0.74937403,0.82681078
0.77741629,0.67062145
0.47686902,0.58097559
0.50601327,0.39346027
0.29788235,0.34014612
0.43854600,0.21975319
0.81495893,0.59207392
0.81841469,0.87201297
0.77054548,0.78771836
0.73366880,0.70762616
0.66232753,0.67272651
0.85993940,0.87387979
0.86718225,0.96345621
0.45127207,0.42077038
0.47938263,0.15829608
0.91333985,0.91199678
0.89583963,0.95495719
0.40419364,0.35403588
0.65073240,0.66532016
0.85919642,0.92055923
0.78693122,0.91490322
0.92237687,0.97001278
0.87833124,0.88018858
0.83558619,0.93117476
0.93766880,0.95382863
0.84588730,0.86244410
0.75367391,0.73442101
0.90835226,0.91228068
0.76789904,0.93927830
0.61168277,0.46267676
0.77307731,0.70179617
0.90258628,0.91501409
0.90245986,0.91996789
0.60313267,0.54710144
0.43497956,0.31135127
0.88829017,0.93886197
0.89272571,0.90465760
0.87455583,0.94040430
0.47913659,0.66389376
0.79513907,0.82772726
0.93416154,0.91983473
0.44059089,0.39805523
0.88263565,0.87549829
0.60767746,0.66744733
0.87529105,0.79849559
0.85350323,0.85115749
0.79154432,0.81344086
0.84867138,0.87896824
0.84233618,0.66121429
0.63675839,0.55836362
0.63504809,0.51431823
0.89819682,0.87147808
0.91945118,0.91590399
0.86481470,0.90799302
0.91132182,0.85250485
0.87929010,0.96512985
0.90658188,0.95205468
0.89840025,0.91211528
0.52031517,0.65570402
0.86641413,0.75059289
0.88867819,0.72716153
0.76490343,0.57137841
0.80621034,0.76650643
0.89921761,0.91661173
0.73604751,0.76482922
0.81188667,0.74185425
0.47821513,0.31294981
0.92854381,0.96527582
0.84050232,0.85145080
0.86144471,0.80889010
0.74092460,0.76749974
0.55047727,0.41971815
0.88088107,0.84762043
0.64814055,0.87377679
0.28086382,0.40974379
0.57281697,0.66561794
0.84734297,0.82890910
0.66450584,0.86212122
0.73663366,0.68294156
0.31439316,0.31551424
0.78326285,0.72432435
0.83345622,0.87636930
0.88081747,0.89229268
0.45046729,0.70499414
0.92329139,0.94096440
0.74450940,0.69155443
0.53050697,0.42263299
0.84128594,0.78516775
0.83205163,0.73881149
0.55576324,0.26188931
0.81812614,0.92157781
0.61196959,0.71014494
0.59930986,0.63020581
0.41162807,0.46329337
0.51344180,0.48507112
0.75741017,0.77320921
0.48453894,0.51368695
0.92672247,0.95154363
0.69499397,0.82196611
0.39827460,0.31492946
0.79708958,0.86184406
0.91435838,0.91306508
0.78866237,0.81522924
0.40214065,0.29763985
0.89344013,0.91791171
0.86973691,0.84123367
0.86910868,0.86639059
0.73109722,0.70728254
0.44082630,0.50532764
0.80345243,0.75413793
0.78147924,0.79802209
0.43593135,0.06908450
0.39880776,0.46709225
0.42900765,0.48625547
0.85912228,0.91732252
0.87364602,0.91885495
0.67106199,0.35408440
0.87514693,0.91003817
0.72245622,0.76037735
0.63914490,0.57758534
0.90716791,0.90748078
0.91559070,0.92078489
0.74048531,0.43711427
0.90964746,0.89867485
0.49363953,0.58305603
0.64403683,0.66135561
0.58959860,0.60321182
0.50838184,0.78839141
0.84667993,0.87336266
0.90727663,0.91758722
0.87070870,0.82968795
0.89993715,0.94885772
0.76930362,0.74861449
0.91344488,0.87827450
0.79113925,0.85758328
0.78784007,0.82503259
0.80230123,0.79437703
0.74862790,0.77544993
0.78439564,0.96475953
0.92067832,0.88080531
0.90112364,0.93811256
0.49388951,0.53290743
0.90029144,0.88905644
0.86157215,0.82162529
0.87019277,0.82956201
0.57800245,0.54464805
0.77457023,0.85636365
0.91251266,0.93567741
0.47201544,0.62207139
0.64762414,0.75282866
0.83230710,0.83056438
0.61049473,0.60219049
0.64067745,0.59485096
0.76814497,0.92739350
0.38483566,0.36347941
0.88214529,0.93956929
0.77762437,0.58518565
0.53947210,0.31247404
0.86518329,0.84383649
0.72842228,0.60194921
0.85902321,0.90385151
0.91091198,0.91632074
0.84906834,0.79541570
0.82870179,0.92923933
0.85594267,0.87799019
0.86042297,0.91084057
0.51115012,0.60825026
0.65292281,0.80930573
0.46555865,0.44092557
0.92561662,0.93097347
0.88504881,0.94509882
0.79098839,0.82213134
0.78870285,0.79500026
0.82530391,0.73055553
0.61545497,0.65812683
0.84375286,0.89912975
0.83319539,0.60179102
0.78793705,0.67281604
0.76672012,0.68463725
0.87670004,0.98814118
0.42747760,0.46337771
0.67149770,0.68644661
0.86578679,0.84266508
0.80801308,0.79233730
0.77692246,0.84904999
0.55760008,0.62392473
0.90168101,0.87537408
0.85070360,0.86046410
0.87497538,0.92244172
0.75155127,0.12338441
0.86355048,0.92666966
0.89168507,0.89816177
0.90073192,0.92510438
0.85993940,0.78233039
0.82089472,0.88588852
0.75535339,0.63951617
0.84322214,0.89922249
0.54115200,0.43105555
0.53301775,0.26039925
0.64605081,0.57132524
0.43506357,0.52865130
0.29194480,0.34113720
0.91117465,0.85555959
0.68004811,0.68694735
0.88320374,0.94155842
0.57801777,0.67960298
0.90680861,0.98026317
0.76961774,0.71152312
0.56073880,0.11945333
0.90565330,0.91170597
0.90879774,0.94761902
0.86929029,0.87409574
0.51540744,0.63698959
0.89935774,0.91972297
0.67690110,0.60412472
0.28447157,0.17510287
0.51181400,0.65124583
0.90955758,0.94237727
0.87423968,0.81131107
0.89077657,0.85678673
0.87786162,0.89682353
0.76192737,0.68675578
0.74655145,0.69969225
0.85859263,0.89197922
0.89916849,0.93751657
0.47985309,0.52735651
0.74254632,0.67539680
0.86396813,0.81089741
0.92092741,0.93118787
0.34681153,0.23821059
0.77644843,0.88850033
0.47129589,0.29759315
0.88649940,0.98387098
0.88646054,0.68531996
0.89671797,0.90717655
0.69870579,0.63645130
0.83882391,0.63410997
0.66803217,0.56390709
0.39544934,0.38640112
0.61805683,0.59971195
0.61356127,0.81190509
0.34388468,0.77822804
0.88934994,0.94847524
0.60430914,0.50519210
0.88181245,0.93418801
0.90597802,0.94858783
0.84509879,0.86462289
0.92391264,0.93756014
0.87919569,0.81495655
0.48013511,0.48136434
0.65056688,0.37597519
0.60460359,0.70359051
0.63377291,0.62592953
0.80558854,0.51125449
0.46195155,0.54233509
0.88788432,0.87815273
0.40705848,0.49069935
0.73681855,0.90702724
0.92867035,0.93976974
0.88086063,0.93013632
0.86799592,0.91496599
0.45103464,0.46256721
0.52948117,0.81667751
0.60156852,0.61455625
0.84185338,0.86431748
0.89043492,0.92088908
0.93277973,0.95627242
0.44650912,0.35047990
0.39338431,0.27582550
0.90251052,0.89698404
0.56775540,0.49309525
0.47140068,0.59674865
0.73619747,0.90041858
0.85406709,0.84657222
0.69036031,0.74964249
0.82570761,0.84259510
0.92436481,0.92773968
0.85476553,0.86005497
0.44588646,0.43663746
0.46295387,0.65562260
0.83435345,0.77084839
0.82944357,0.88929200
0.86180651,0.56137246
0.85380375,0.95222330
0.79709744,0.93880033
0.70165062,0.61130273
0.59206110,0.66463548
0.68656367,0.57126212
0.70610636,0.81140125
0.87098330,0.87110692
0.58739924,0.51611155
0.77746427,0.82379520
0.85892397,0.92742449
0.77140164,0.86062193
0.87602347,0.87861025
0.70375192,0.76460183
0.67896837,0.62398291
0.84210902,0.88543117
0.67417186,0.65755576
0.50724995,0.71240228
0.85823721,0.88966560
0.64327562,0.61563998
0.34896794,0.27041593
0.85745156,0.82627690
0.43067318,0.36762342
0.48141330,0.70276552
0.70039225,0.76733917
0.49435145,0.50571364
0.89055145,0.89392662
0.76338595,0.70371163
0.90314049,0.92180008
0.87965345,0.95222223
0.91334993,0.97394812
0.85626704,0.87787205
0.41533443,0.26346931
0.76316053,0.60044956
0.86877650,0.88773692
0.92510849,0.94300526
0.73346281,0.65546620
0.89258397,0.88994503
0.91797215,0.94645202
0.84819674,0.85202897
0.81724572,0.84666324
0.92525268,0.92938083
0.57695001,0.65601927
0.67861521,0.79284823
0.80721295,0.86666667
0.51571703,0.49213353
0.89490211,0.90919971
0.35868087,0.37278584
0.51374000,0.61247760
0.91739315,0.98069954
0.87639236,0.89074618
0.76622289,0.92161173
0.79511285,0.78991175
0.58561635,0.50117564
0.88583302,0.92743641
0.90571189,0.93714100
0.62500679,0.62839681
0.86271048,0.86453646
0.67948270,0.51834238
0.47791910,0.51592159
0.90468353,0.91337049
0.79530442,0.84103644
0.26853287,0.26368701
0.92940968,0.94897270
0.81993389,0.86834514
0.72885287,0.83479828
0.41963580,0.32072389
0.90956962,0.91436714
0.86898226,0.92822248
0.82673824,0.66482651
0.75897896,0.87753588
0.92167187,0.95978361
0.79979235,0.88037038
0.74100643,0.82229638
0.84610897,0.81553066
0.87624097,0.90870708
0.32007748,0.22173683
0.79416680,0.81991667
0.87091136,0.88727701
0.90000749,0.97264469
0.88834512,0.88453460
0.48794112,0.39998743
0.77651954,0.72426903
0.36324117,0.37020344
0.58072931,0.62159497
0.85211325,0.80033547
0.83364195,0.87703180
0.82419002,0.72613961
0.92098206,0.91932911
0.79430509,0.80875707
0.87606865,0.96621388
0.82335055,0.73590565
0.47322488,0.53175282
0.82996440,0.95569479
0.62381154,0.85787910
0.86638474,0.91462767
0.84900951,0.84964156
0.88230437,0.92041367
0.65164191,0.43037850
0.75691146,0.65663856
0.36821675,0.34939492
0.90505332,0.91933256
0.73674190,0.79794973
0.88750511,0.24443860
0.28373653,0.19908604
0.84824586,0.92154646
0.66642547,0.79469872
0.62254786,0.67562401
0.78810191,0.79151249
0.69342005,0.66866726
0.68955785,0.84853733
0.50606185,0.66561460
0.70741010,0.81181318
0.23790467,0.16883211
0.57832247,0.69151980
0.92024601,0.94042695
0.65573418,0.57627106
0.52508736,0.52826089
0.91224402,0.93764573
0.87352681,0.87558526
0.45395410,0.41945186
0.37969828,0.40059206
0.91549051,0.93563622
0.87672448,0.81188291
0.27628183,0.14387700
0.47775435,0.67460316
0.75228900,0.75912517
0.77558196,0.69298339
0.90908217,0.92375308
0.86048377,0.94433659
0.57489049,0.33902389
0.90227711,0.88370687
0.49484798,0.60963219
0.85524881,0.91833335
0.51826286,0.58405799
0.75724125,0.75930297
0.89310652,0.87258023
0.90940821,0.93895632
0.38608807,0.43178505
0.57418680,0.38442686
0.51223683,0.56603146
0.72513700,0.71205699
0.43371496,0.32590580
0.91743445,0.88000000
0.27446097,0.09435582
0.92717719,0.93921590
0.86123067,0.94690579
0.78550112,0.86420643
0.83365512,0.86055839
0.89205736,0.82858294
0.87921941,0.91889256
0.84048963,0.79470009
0.53465229,0.47681984
0.89451945,0.91692543
0.76802778,0.76311851
0.55925173,0.53652096
0.63414848,0.43902439
0.91306210,0.92598152
0.29728097,0.14750355
0.29051930,0.12500930
0.88325423,0.94349796
0.82503700,0.90295762
0.92191565,0.93720138
0.89176583,0.90058959
0.35979876,0.21902834
0.45237178,0.37369376
0.52465737,0.24889717
0.89646095,0.96393663
0.83396786,0.78216499
0.81294978,0.79706925
0.29600194,0.23380351
0.86192334,0.80832392
0.72856581,0.81209868
0.70820183,0.72360629
0.88927817,0.93560302
0.49843663,0.42252624
0.78052348,0.76539201
0.86829215,0.97972971
0.88249713,0.96800590
0.75013608,0.77814007
0.74155211,0.67242688
0.75825775,0.55221295
0.70071554,0.48824480
0.21407670,0.07052541
0.87120777,0.89690268
0.91956234,0.92507643
0.46202978,0.54578048
0.91564250,0.91136366
0.90351486,0.91526860
0.74318838,0.88864428
0.37878907,0.31234205
0.67629647,0.68848288
0.88605130,0.90304595
0.44220659,0.56129384
0.86345321,0.84524548
0.49173006,0.30743930
0.37041080,0.52422714
0.81123447,0.71524698
0.59835970,0.64460522
0.81602603,0.90030444
0.91439933,0.94745803
0.89786649,0.88062829
0.86695290,0.92783791
0.89498675,0.92027003
0.26350895,0.17943431
0.50881273,0.95145631
0.87106621,0.93441278
0.56887490,0.68503690
0.90005130,0.87123710
0.84285760,0.88809526
0.75408977,0.69953054
0.78666234,0.81813127
0.33993971,0.37159628
0.39205164,0.29625952
0.40504804,0.28532243
0.87807131,0.85054159
0.81276155,0.92562938
0.82839471,0.87106997
0.89096624,0.84478593
0.76141489,0.73150969
0.85868680,0.92903388
0.79681379,0.76272196
0.23350891,0.08568238
0.68640876,0.76789194
0.67869604,0.81197923
0.70448673,0.48532185
0.87519228,0.79078865
0.57882875,0.65116352
0.89678514,0.96470785
0.51442212,0.55118233
0.68593490,0.78396225
0.89325142,0.77738202
0.75031155,0.86583269
0.86002469,0.84166664
0.78307158,0.70324481
0.92011666,0.94711012
0.79795963,0.85160482
0.91338211,0.93683344
0.82148433,0.58848786
0.86801094,0.88028342
0.91560078,0.84917581
0.61823523,0.70565295
0.66875625,0.41524440
0.32947174,0.54964250
0.77325326,0.69148803
0.85973263,0.95602828
0.87614459,0.83180285
0.69455093,0.79387879
0.46887550,0.47865498
0.74913490,0.90606135
0.91048443,0.95982093
0.87454325,0.81467670
0.86301714,0.78690267
0.37507695,0.17064413
0.71942556,0.84632868
0.91552049,0.93790323
0.79864180,0.85245901
0.75088328,0.47078872
0.92075157,0.84759617
0.65216309,0.76904571
0.73072124,0.67385155
0.72615069,0.73476619
0.80937266,0.88548368
0.69853973,0.70113432
0.86038232,0.84885603
0.87897938,0.90338469
0.86846113,0.82758075
0.61659819,0.52502859
0.67913324,0.65216792
0.73401845,0.62694097
0.86893904,0.83595008
0.87931824,0.93602693
0.89941818,0.83276290
0.89670950,0.85947710
0.75855261,0.79183537
0.90477276,0.95738298
0.54528409,0.66735572
0.57009172,0.64438772
0.73770082,0.56597847
0.74499124,0.64929682
0.58140254,0.61122042
0.82070076,0.66178775
0.77046198,0.65776700
0.89649647,0.89681071
0.79907995,0.76346344
0.85882097,0.95932311
0.91104108,0.92198241
0.38349640,0.48826945
0.21558225,0.10680799
0.72641158,0.68948412
0.40250432,0.29136214
0.87513208,0.97972971
0.79911262,0.80772376
0.85317123,0.76360542
0.86385989,0.84191996
0.79991770,0.77688491
0.74807805,0.78312802
0.85632211,0.84217387
0.87788534,0.90997022
0.91267025,0.90726715
0.89929056,0.93198651
0.89366424,0.81842673
0.81862670,0.79706222
0.83628529,0.80172646
0.36092150,0.31707820
0.88451082,0.95548791
0.75940359,0.86841512
0.84484458,0.84227818
0.84252059,0.84136605
0.87701225,0.84452415
0.86843646,0.83379704
0.78101647,0.80149972
0.46454558,0.48747450
0.89817977,0.98148149
0.83512676,0.87855417
0.82131577,0.64632630
0.23196077,0.13333993
0.74110067,0.59449309
0.75746179,0.80787051
0.58215445,0.39782366
0.89405251,0.89029396
0.85953736,0.83938628
0.39383644,0.47833067
0.69523078,0.68499780
0.67143941,0.60607290
0.90156960,0.93123323
0.89117259,0.86792201
0.86437714,0.88176209
0.51484579,0.62249100
0.87530726,0.87446427
0.83340663,0.85988402
0.61494929,0.83945477
0.87330908,0.92678893
0.67309940,0.45893669
0.85321891,0.76620084
0.78982764,0.65751547
0.90978503,0.86638761
0.90123343,0.93196636
0.79135346,0.91527689
0.44954374,0.43201447
0.62138325,0.69329590
0.84817851,0.82569033
0.89484203,0.90167713
0.87670213,0.93781269
0.81598485,0.99166667
0.23130190,0.07119388
0.88065100,0.91083103
0.74134564,0.85227573
0.34095502,0.22015037
0.48491448,0.33580360
0.78534359,0.71583664
0.74026299,0.69845706
0.88901126,0.93265718
0.82975233,0.74616790
0.45065635,0.17975725
0.63044935,0.64841282
0.44834766,0.58648145
0.75954640,0.76639825
0.63404900,0.58259737
0.66397309,0.57789510
0.66032082,0.73101193
0.89015752,0.88887489
0.91739261,0.92653334
0.85801160,0.77204609
0.90224093,0.94158655
0.78625417,0.73460716
0.86481142,0.85845518
0.90115863,0.96074772
0.72568315,0.76332963
0.90529513,0.92130870
0.64616525,0.63106823
0.74618793,0.86904764
0.65182567,0.62137681
0.78938055,0.69717968
0.63760614,0.62352329
0.89496648,0.19285475
0.70426583,0.93114913
0.52111191,0.67452687
0.91139358,0.93856800
0.41993368,0.34905660
0.84552264,0.75569052
0.79373991,0.56770831
0.77096778,0.92663145
0.89977211,0.94022715
0.80106032,0.67264873
0.89679754,0.88423645
0.73359907,0.86261904
0.57389367,0.60852438
0.67457312,0.53065002
0.69551861,0.68030012
0.46600527,0.47194296
0.91001761,0.93220341
0.88985020,0.89097673
0.75662941,0.66884613
0.88485664,0.88850945
0.74964464,0.88932097
0.34621233,0.16695653
0.61203444,0.61830258
0.58829087,0.67327338
0.58096009,0.85753751
0.59725153,0.53779238
0.72707170,0.86649662
0.92836446,0.89299858
0.87049264,0.96202534
0.68925351,0.57181078
0.55658269,0.60144925
0.87872058,0.85056043
0.85550308,0.78023899
0.93278420,0.91588992
0.36352319,0.28081399
0.75089842,0.75372505
0.78392857,0.80725032
0.75578892,0.72609496
0.91261792,0.98553824
0.87314618,0.78690523
0.86599767,0.88962543
0.24507558,0.12251612
0.91836423,0.96561623
0.73301679,0.81306690
0.91314894,0.93226063
0.86733234,0.90780938
0.84109402,0.95410550
0.38518131,0.50064051
0.84553045,0.17005523
0.76301062,0.67373949
0.87720370,0.94060165
0.88682008,0.84559554
0.38683408,0.26626548
0.90263826,0.94038880
0.86475873,0.93379462
0.88463533,0.86828297
0.87155133,0.93649572
0.91765904,0.87033379
0.40504622,0.30239484
0.46155182,0.75320405
0.64928108,0.64618421
0.84975457,0.80412138
0.76893187,0.84704185
0.92065704,0.96123320
0.91536903,0.99000001
0.75764626,0.79330862
0.85902965,0.84130782
0.55880249,0.56824267
0.91207504,0.93353629
0.90123719,0.94065863
0.74864113,0.83396387
0.92436421,0.86737651
0.86886579,0.93076921
0.84582114,0.81203127
0.90207124,0.91948223
0.92188233,0.96731538
0.59751588,0.66242820
0.70452988,0.50470990
0.91576397,0.95643938
0.66390705,0.72128850
0.87561035,0.84586579
0.81495607,0.76629037
0.84996992,0.91518635
0.80101925,0.65751314
0.84423316,0.86267960
0.92976034,0.92284340
0.79119575,0.71982896
0.41237241,0.44666255
0.77344346,0.80244207
0.52264696,0.55172747
0.88560855,0.89200079
0.73311055,0.57812291
0.73156500,0.70387191
0.71214283,0.35829931
0.86135852,0.78926712
0.58190495,0.62279826
0.67736423,0.63501704
0.90458077,0.95910424
0.73041046,0.80791867
0.60684079,0.37608716
0.74550146,0.60309088
0.38944846,0.67371470
0.84320056,0.80536258
0.74568766,0.70601851
0.85575294,0.77915603
0.54968160,0.49406329
0.80473113,0.89151007
0.91503584,0.94268775
0.72495586,0.73738050
0.87694389,0.92052633
0.87694407,0.83014584
0.75862885,0.46121386
0.87120336,0.83173078
0.83572495,0.88455808
0.55669248,0.66780853
0.89624941,0.95223755
0.87503827,0.83463120
0.67409915,0.56047386
0.78315747,0.71757340
0.41200277,0.27852824
0.23703599,0.19048506
0.76930320,0.73409849
0.89996326,0.93607050
0.78051007,0.67824072
0.37797338,0.52498394
0.64059830,0.47280738
0.84572852,0.77034056
0.75154996,0.58825344
0.53797257,0.51538432
0.58829540,0.48177847
0.47984794,0.58467114
0.88579279,0.90775782
0.91270542,0.92439532
0.75673157,0.67871708
0.69841516,0.68213701
0.51537907,0.80082154
0.60829782,0.75862384
0.47971418,0.33779141
0.88121885,0.98343235
0.84464914,0.88749582
0.76846015,0.73438913
0.80535227,0.72330016
0.76503175,0.67253858
0.79287565,0.87918276
0.32508045,0.28183806
0.91580474,0.97442567
0.77383363,0.69661677
0.89955735,0.94012767
0.90786749,0.92631358
0.88625097,0.88204587
0.91152871,0.93467259
0.33112538,0.41041511
0.88886130,0.91388887
0.86532545,0.84910339
0.85140699,0.96799505
0.85417533,0.92860109
0.76272118,0.83098817
0.88842082,0.93587887
0.90390199,0.96623707
0.86265469,0.91050261
0.75312042,0.90038919
0.76489127,0.86312574
0.82897395,0.82508343
0.89397347,0.88796860
0.46695828,0.39896694
0.37656349,0.33061740
0.70333409,0.88319206
0.39078975,0.41717896
0.41422343,0.55536669
0.92382860,0.90886855
0.86716199,0.57984751
0.92129427,0.90169120
0.76801717,0.81267005
0.89132333,0.94749999
0.85228246,0.84824699
0.88365346,0.91906285
0.84553808,0.81047422
0.89183450,0.97802615
0.75379384,0.91478366
0.59730369,0.44305736
0.68474424,0.78115833
0.89477140,0.94915253
0.78209203,0.87132651
0.75434172,0.69052649
0.80900908,0.76175255
0.71094805,0.71315020
0.54389518,0.58285314
0.57950133,0.52807713
0.87215883,0.98107141
0.75654978,0.65546507
0.50919998,0.44111520
0.57931173,0.56628370
0.67680705,0.73233843
0.92267579,0.96042806
0.65422392,0.55050504
0.71943426,0.66516650
0.88864452,0.86129528
0.86978555,0.82908076
0.78090930,0.74611723
0.59442902,0.76525813
0.86662781,0.90927100
0.64762217,0.60400087
0.81431496,0.94416016
0.80688673,0.66264325
0.87986135,0.09637783
0.91020370,0.96862489
0.75670791,0.80731523
0.83353627,0.92791831
0.64531970,0.55941457
0.72377437,0.60825813
0.86317706,0.86800700
0.89550304,0.97567004
0.77044660,0.66535783
0.81627548,0.72670645
0.88957596,0.86571139
0.89731020,0.91038311
0.80045545,0.59109044
0.73457628,0.82247573
0.49050799,0.45888653
0.91583163,0.91079795
0.53802359,0.49548846
0.86722195,0.89794171
0.19245523,0.11910129
0.93146169,0.89069951
0.17412111,0.15725546
0.85854572,0.96538460
0.89114106,0.94564301
0.75073290,0.71695369
0.87027943,0.62296212
0.57033461,0.53124499
0.70088625,0.65715879
0.73597229,0.66834688
0.59918523,0.21868169
0.67892861,0.55416667
0.46363163,0.43706784
0.76892960,0.80063033
0.91596872,0.90268874
0.60484147,0.60752630
0.49011308,0.61615503
0.37448445,0.37033582
0.64937669,0.61427045
0.91684800,0.97887844
0.89308703,0.90608376
0.62122726,0.56728727
0.92384315,0.97202671
0.45397419,0.35575166
0.87945843,0.92224234
0.66816044,0.63843971
0.37303311,0.30286923
0.81856155,0.91054130
0.65316981,0.68342865
0.48046428,0.28797027
0.28860962,0.20291358
0.85893780,0.86948252
0.77618146,0.91682285
0.85833293,0.78800392
0.90919179,0.87119436
0.53833199,0.43287298
0.69277167,0.70836127
0.35051358,0.32228628
0.83583897,0.86419630
0.27616194,0.16025908
0.65863132,0.74384892
0.85323584,0.81542057
0.67109442,0.58880627
0.82378054,0.76590323
0.92646843,0.99206346
0.71254361,0.77681589
0.46812725,0.50917512
0.77170563,0.85952008
0.71057725,0.63465470
0.80687314,0.88424534
0.86663771,0.63328665
0.92988694,0.94574910
0.20729560,0.11811777
0.91137177,0.91740221
0.89231616,0.90386921
0.91382235,0.94970340
0.91443938,0.87843370
0.49506760,0.39732978
0.87623036,0.84708250
0.73938870,0.80015755
0.46617317,0.55821848
0.88821059,0.39024442
0.64566982,0.84693062
0.74053085,0.69758278
0.86159706,0.93098426
0.86553705,0.82907850
0.88131803,0.99166667
0.91168022,0.97223514
0.26393703,0.24435264
0.51813054,0.42901236
0.90400517,0.82156307
0.38046294,0.35357124
0.87624848,0.92150867
0.83599961,0.56147814
0.37766826,0.23245470
0.63076270,0.48848704
0.93123031,0.92389894
0.92177755,0.95277780
0.70754325,0.76972771
0.68887746,0.67172754
0.83242387,0.84837419
0.83877099,0.82475513
0.47882861,0.23030707
0.88168585,0.82152689
0.79515982,0.76228070
0.40373516,0.28620270
0.76352239,0.66100800
0.60639375,0.86522591
0.57340521,0.36501867
0.89224315,0.94780713
0.54247260,0.69999999
0.88881040,0.85361654
0.87913918,0.97650141
0.61893588,0.64468789
0.56786287,0.61029834
0.86670637,0.73559529
0.89296114,0.93532604
0.84531230,0.70510715
0.90547234,0.90939397
0.87703449,0.91705018
0.86250240,0.85875821
0.27570817,0.34002978
0.77493119,0.95213205
0.91359144,0.98165137
0.53459495,0.30604681
0.40256917,0.25812802
0.78630853,0.82496858
0.64226615,0.51854765
0.80422997,0.76430041
0.89583647,0.93725395
0.49123996,0.33801779
0.70399731,0.63362235
0.56234086,0.50731504
0.62827957,0.62807781
0.86407387,0.87558323
0.85957229,0.94364434
0.89666104,0.75039101
0.74338424,0.74451780
0.83354449,0.86319327
0.43965486,0.38241962
0.62872493,0.81843013
0.90856135,0.86405939
0.81397915,0.86405599
0.41233420,0.43701848
0.89047402,0.87335420
0.68432117,0.50978321
0.90884548,0.81202036
0.86589950,0.88600940
0.56239820,0.50539047
0.84413230,0.85573643
0.89543897,0.91987669
0.86997271,0.88797641
0.71702033,0.70683777
0.86174226,0.79020047
0.82643431,0.73596215
0.89066803,0.94090211
0.90179884,0.94067794
0.92347145,0.95086616
0.59970003,0.59285712
0.84772861,0.86079091
0.59786522,0.49104384
0.82718134,0.81961870
0.82298791,0.82330829
0.83441091,0.87552047
0.46492106,0.78884101
0.85821104,0.79976088
0.75091076,0.82835734
0.78341031,0.71350086
0.83323109,0.86343962
0.67305434,0.59022194
0.63494116,0.72376144
0.88778460,0.77212322
0.82512558,0.87821120
0.62953782,0.67949569
0.90366650,0.92183858
0.75930464,0.56200981
0.49709994,0.54360116
0.45130277,0.48100710
0.48650607,0.50808626
0.60330200,0.63141090
0.88310301,0.97427428
0.84891301,0.64895022
0.87898159,0.92226720
0.85549664,0.91636389
0.77533031,0.70371795
0.26569897,0.17081459
0.68859565,0.66695982
0.71093792,0.71938390
0.91770822,0.90761811
0.81614089,0.71532935
0.78827661,0.88697839
0.87930101,0.82639384
0.89864296,0.94949025
0.91801387,0.96667588
0.72859812,0.86410254
0.79885805,0.78773451
0.74235761,0.77489179
0.27644676,0.21120690
0.87029243,0.79312551
0.85108554,0.70562029
0.90511197,0.87896007
0.81223959,0.91606569
0.89827979,0.90378344
0.77722347,0.90067273
0.91018838,0.91130340
0.85223311,0.84284276
0.80092251,0.87324744
0.92812544,0.93165481
0.54563856,0.54390246
0.89079273,0.85810858
0.89314288,0.89733505
0.72741354,0.70793337
0.84894937,0.95843238
0.32959080,0.05111977
0.67382318,0.58055115
0.61685479,0.60134947
0.31124574,0.17964554
0.90083385,0.98333335
0.36386931,0.27774772
0.89391929,0.93567622
0.37720284,0.21625404
0.30174589,0.15141453
0.83524036,0.85147029
0.78706741,0.92382288
0.66178721,0.73685557
0.74141818,0.71868426
0.34959078,0.44562212
0.77069438,0.66638315
0.85268670,0.86071163
0.71682048,0.67451662
0.21616954,0.13947834
0.32218707,0.26940882
0.90753728,0.95736259
0.90946931,0.94181597
0.88540012,0.99242425
0.88904476,0.92092192
0.72464609,0.66526419
0.91180027,0.95984846
0.76209962,0.69779003
0.48812881,0.38681319
0.42642382,0.32338411
0.75730550,0.80857682
0.43876365,0.53040332
0.87751800,0.86771774
0.91878653,0.87664849
0.30031416,0.18619974
0.51374471,0.49730280
0.81408370,0.88230950
0.82859224,0.72491962
0.77119136,0.67751479
0.64672405,0.62500000
0.45132297,0.64033121
0.86723959,0.90594268
0.71251971,0.68416995
0.35121778,0.33631256
0.78996396,0.84237599
0.67505229,0.70284545
0.86356705,0.87696075
0.56365639,0.81707221
0.90996611,0.98026657
0.91573733,0.93594086
0.72424018,0.68148047
0.83169562,0.85499483
0.77634031,0.55622739
0.52357554,0.65000129
0.37031952,0.44748220
0.34419653,0.29259095
0.49446467,0.36457625
0.88163030,0.95988846
0.90093118,0.90913469
0.89933324,0.94531852
0.70109659,0.73246604
0.82832015,0.83462989
0.79840541,0.71052945
0.85368079,0.94230771
0.74411547,0.66252059
0.85833138,0.90287155
0.82241744,0.75985974
0.43680024,0.46171406
0.57110584,0.31956398
0.82948208,0.85933375
0.42917961,0.76866412
0.85994554,0.94714755
0.84515512,0.87915987
0.91836399,0.93169492
0.79847229,0.86261386
0.41296428,0.19632471
0.87669027,0.90105909
0.73976469,0.72031099
0.78841311,0.76688313
0.90269482,0.96012962
0.89756477,0.86866605
0.85909992,0.90585440
0.87390292,0.93271685
0.84939849,0.88478261
0.90371186,0.86176914
0.57712597,0.51347333
0.89507800,0.93015492
0.57137352,0.68921834
0.52292001,0.79513890
0.59411734,0.59012729
0.65788537,0.62888986
0.88907921,0.89901131
0.84045476,0.76649535
0.82248169,0.82911712
0.87876546,0.88514960
0.79124403,0.89969790
0.69603431,0.76841235
0.88125724,0.84677452
0.72800815,0.64934814
0.76461953,0.76868510
0.54138571,0.61119562
0.91889733,0.97107846
0.51554090,0.63371974
0.82589751,0.89817280
0.36092874,0.68898940
0.78367305,0.81780916
0.42359132,0.25656238
0.82311481,0.84428668
0.84043503,0.85637277
0.80406940,0.81129110
0.85342932,0.89091057
0.27717739,0.20130895
0.92551863,0.94965976
0.87416399,0.91128057
0.88384628,0.81745720
0.51015949,0.54087633
0.75108349,0.84246558
0.83114761,0.78334731
0.43500355,0.60525763
0.42749482,0.62561375
0.90512806,0.90607119
0.90633112,0.91905630
0.84964144,0.85009265
0.91301394,0.96336478
0.74028593,0.71349239
0.14089739,0.11315766
0.44217005,0.39373800
0.24854395,0.18446052
0.64244276,0.75481474
0.91072345,0.97979796
0.86015964,0.89345986
0.86453789,0.82663476
0.81421626,0.29397160
0.56209183,0.62876254
0.40750149,0.28677204
0.83102548,0.73443598
0.91980666,0.95912063
0.78248984,0.83815354
0.87959373,0.94038206
0.36060977,0.37639332
0.91662490,0.86912143
0.55473441,0.66216218
0.34649718,0.42071429
0.81253684,0.90442324
0.78296500,0.81430185
0.85837853,0.84434795
0.49036789,0.38420847
0.83026600,0.65241379
0.35743937,0.28744543
0.90593386,0.89842528
0.49851379,0.22208612
0.77449358,0.88827115
0.90284038,0.92057413
0.90799892,0.93169284
0.67353511,0.71136886
0.84446919,0.72549576
0.85842669,0.82310528
0.81125432,0.82157713
0.90107608,0.91352737
0.89552951,0.83189255
0.75630331,0.50598788
0.59466726,0.52617741
0.72723693,0.89521056
0.54449129,0.47556207
0.87020230,0.90490377
0.47727183,0.65470612
0.76070249,0.77047533
0.92658913,0.94232351
0.91735113,0.92753059
0.89967006,0.89827532
0.56472820,0.48258558
0.92022812,0.93193859
0.55692655,0.52693659
0.80444348,0.74553573
0.73474604,0.66983384
0.53529781,0.59997392
0.87891024,0.89775598
0.62489486,0.62719846
0.74667728,0.81560630
0.82833153,0.70691872
0.29006073,0.06146450
0.86450851,0.73465145
0.49663433,0.85437572
0.49566367,0.60141242
0.91367990,0.92879355
0.49578893,0.55277306
0.50642651,0.42435005
0.64935601,0.61499906
0.51354825,0.56885421
0.68570226,0.73046875
0.91940600,0.99295777
0.89063644,0.94686663
0.73669112,0.84868419
0.90909088,0.87420022
0.90921557,0.84413356
0.72640502,0.71263474
0.86783582,0.96101540
0.85884964,0.67569047
0.80984622,0.76929212
0.84371668,0.80854803
0.84703332,0.70490855
0.48871505,0.46597019
0.87409437,0.84792453
0.84835654,0.80308068
0.78989786,0.97528517
0.85721183,0.85825270
0.72373939,0.81442559
0.85852104,0.98765433
0.79916179,0.87371445
0.91085327,0.89968103
0.91758329,0.96111113
0.91593540,0.88765866
0.88770473,0.90612924
0.44330770,0.47920039
0.86954755,0.86153930
0.87412983,0.73372692
0.83552027,0.86213523
0.51041365,0.48991859
0.79549187,0.81857145
0.90826249,0.95981508
0.89960599,0.93555748
0.79819888,0.75470591
0.86337435,0.99586779
0.29012093,0.15128127
0.86153358,0.93831909
0.71815223,0.65180963
0.84955078,0.73469114
0.76923859,0.73667657
0.92051131,0.95084673
0.51469398,0.45411944
0.75029182,0.82596397
0.91367811,0.91558367
0.87284333,0.87270057
0.76323926,0.79986250
0.84247446,0.92148459
0.91968876,0.92151356
0.45473069,0.49974844
0.90101826,0.84275365
0.88805759,0.85395765
0.88211149,0.81715631
0.70167625,0.60693753
0.88415217,0.95842308
0.50856256,0.32973275
0.91785938,0.95446908
0.90281826,0.95598608
0.83610892,0.78623497
0.50099313,0.52014506
0.87681997,0.83970904
0.64941400,0.63051218
0.82496190,0.88158399
0.69534355,0.61583138
0.86174822,0.95565987
0.86674750,0.75523072
0.87381780,0.67953658
0.47606906,0.53720492
0.84032857,0.94218749
0.62760186,0.66828531
0.88593566,0.89803207
0.82159078,0.72039056
0.92294872,0.95181960
0.56040347,0.57788283
0.28465563,0.19792528
0.85638469,0.86498845
0.88203150,0.83672267
0.86031133,0.96998775
0.38196939,0.35605732
0.41635829,0.77120531
0.51800621,0.59340554
0.85025203,0.92227584
0.61781400,0.70291263
0.64518911,0.47399795
0.79790950,0.82838124
0.88021082,0.96343940
0.57374734,0.73905796
0.87661105,0.80588073
0.36535332,0.68041873
0.54793113,0.52807361
0.87450492,0.84815532
0.69919038,0.61597735
0.86440396,0.92333215
0.43369693,0.36546922
0.87199163,0.70270622
0.75175917,0.30880341
0.92055178,0.96578383
0.69979870,0.78835350
0.81972235,0.90789402
0.89265895,0.94718617
0.90020275,0.95959967
0.84634584,0.87348652
0.51410854,0.84302080
0.35895613,0.25022730
0.84606040,0.92284918
0.34065351,0.31365532
0.33265844,0.27681780
0.90832925,0.95272404
0.43168503,0.23379037
0.45993495,0.17387006
0.92304617,0.94375002
0.81676483,0.80404592
0.81145060,0.89114791
0.87022233,0.94414365
0.81761873,0.81688803
0.31263906,0.26702121
0.84500951,0.86121500
0.86723936,0.93752176
0.59058022,0.60269165
0.87522358,0.83144921
0.81392717,0.76140672
0.51598305,0.25086823
0.62392008,0.78410792
0.83768755,0.85786331
0.62771487,0.29281345
0.66459024,0.70345747
0.78578597,0.90486759
0.44843215,0.47359255
0.53162521,0.75320292
0.88417780,0.88372147
0.90272450,0.96178764
0.78449589,0.80204189
0.34257954,0.21891502
0.77738887,0.88470757
0.90713632,0.95590001
0.67101526,0.72039109
0.20734641,0.13315079
0.87547493,0.88758594
0.89215797,0.86063218
0.85922444,0.73494339
0.90160072,0.92040634
0.86103565,0.91938025
0.41022792,0.26233122
0.49551648,0.35845995
0.39463669,0.29174992
0.70377642,0.74594754
0.85187805,0.86434209
0.85685074,0.68731707
0.78184497,0.73861116
0.62357342,0.79933137
0.86535454,0.87618434
0.87735152,0.91233575
0.88462621,0.90985346
0.90827763,0.95246643
0.74669719,0.88553327
0.47521791,0.30136934
0.67229861,0.69969070
0.36697787,0.59131038
0.73576391,0.92737734
0.92475295,0.90550238
0.38887790,0.32065657
0.28117484,0.12341198
0.49166578,0.63449591
0.69194728,0.56483519
0.81906122,0.79153407
0.66040695,0.75685716
0.86829317,0.85959321
0.40844434,0.32328284
0.92941219,0.97483182
0.87919569,0.93755800
0.88891029,0.75008893
0.60883486,0.54827785
0.79530180,0.77899390
0.84483856,0.86642855
0.86386192,0.85757929
0.78387654,0.80524760
0.90783244,0.89142627
0.82525080,0.85637563
0.64209127,0.55213892
0.78544110,0.79657477
0.77639866,0.93150687
0.61650151,0.64687014
0.84626901,0.81788236
0.88807815,0.93490839
0.65231049,0.60836816
0.75655788,0.75797695
0.47407776,0.37491038
0.87838084,0.84554595
0.83878332,0.94024563
0.89748126,0.89032346
0.92159706,0.94315207
0.80264777,0.70266181
0.37742400,0.17724867
0.86272937,0.95757121
0.79749238,0.66002661
0.88841259,0.89160919
0.65116513,0.71016461
0.38176700,0.17304045
0.73062110,0.63766545
0.79755551,0.65249920
0.86137587,0.79832476
0.85463655,0.75634831
0.86988288,0.93308949
0.89740455,0.91925669
0.83854556,0.61354744
0.77309597,0.71067053
0.55760247,0.49853435
0.91721392,0.96987951
0.63958406,0.47457367
0.79232454,0.46507189
0.91381806,0.95709866
0.88831925,0.84032446
0.79280204,0.79147798
0.33632222,0.22571428
0.44892478,0.62316215
0.87569672,0.94026083
0.91553390,0.95509452
0.84743971,0.91946626
0.89109159,0.86271608
0.71570230,0.67736185
0.43723410,0.29299012
0.91940516,0.93160981
0.89813221,0.84429461
0.91418326,0.93079340
0.92960882,0.92286462
0.37391087,0.27491388
0.52156222,0.47344095
0.24152905,0.27841941
0.47460449,0.48061144
0.91018832,0.93051064
0.83739668,0.75789320
0.86964816,0.94412440
0.80118525,0.77607644
0.37223360,0.72667122
0.79918325,0.69301343
0.31754121,0.17293985
0.86702442,0.96814185
0.84328461,0.82575756
0.75572717,0.72635400
0.68082994,0.86697614
0.75750089,0.31173092
0.32303292,0.39001819
0.42791516,0.16899768
0.88110816,0.85553277
0.64539486,0.81164742
0.38367802,0.16834933
0.42456084,0.42169273
0.88289815,0.80127829
0.87408710,0.89919740
0.82270712,0.79312229
0.74529648,0.57057905
0.89455885,0.88174176
0.82909137,0.85781008
0.54159170,0.64401621
0.80627459,0.83227658
0.86981905,0.95726961
0.91159981,0.91936576
0.73805267,0.83569002
0.62188977,0.68053460
0.87483883,0.80092055
0.88835251,0.79621947
0.78319365,0.63051528
0.54943556,0.36483938
0.86171383,0.93216443
0.72447026,0.86294699
0.88197064,0.85502547
0.57099414,0.61018181
0.50557220,0.49695927
0.37419754,0.32577950
0.73095113,0.82228351
0.86350971,0.87309384
0.86182022,0.95283973
0.29919204,0.26299021
0.50654274,0.89971167
0.56997120,0.33002645
0.84381109,0.84373164
0.90831918,0.92684191
0.84090865,0.87118959
0.62438351,0.69461000
0.89754879,0.88480371
0.80769700,0.77288473
0.52892417,0.62577182
0.80664372,0.84312797
0.81262791,0.85797119
0.74979472,0.82330436
0.85796839,0.95151877
0.86214417,0.69807410
0.77289009,0.72405922
0.74299872,0.77265352
0.82351428,0.67525947
0.77535218,0.83003324
0.51876944,0.62389106
0.81473362,0.75815243
0.45243070,0.28270778
0.86916006,0.77167141
0.72610813,0.65917218
0.88015318,0.93516433
0.84592015,0.93100321
0.92517591,0.87618065
0.75337970,0.81323248
0.56384742,0.52777779
0.64778608,0.84273905
0.87507057,0.92441005
0.57202041,0.58058608
0.87594229,0.92202109
0.91619742,0.92261904
0.79982102,0.92895114
0.88093460,0.97321427
0.89456499,0.94377512
0.70497990,0.76018411
0.84531468,0.67623830
0.77291381,0.89098436
0.89104599,0.91602188
0.25965908,0.17230944
0.62692428,0.32973078
0.69662023,0.81386065
0.42857152,0.27668396
0.89449823,0.87431556
0.81178534,0.56918818
0.64579511,0.42682275
0.80542839,0.63289338
0.67326164,0.77915019
0.84368044,0.60599780
0.89438856,0.88887203
0.90655392,0.87887549
0.86554742,0.86881334
0.87025678,0.84907150
0.87420142,0.91576087
0.43428487,0.28926456
0.51055413,0.47911146
0.56528091,0.72467917
0.51333463,0.25419217
0.45050907,0.47933921
0.83359182,0.79894364
0.90951657,0.92743337
0.74891102,0.64779776
0.86404979,0.84539419
0.88867021,0.91399813
0.72371894,0.87271202
0.86226141,0.89002138
0.75272417,0.66373658
0.91110474,0.95114291
0.84484076,0.88769233
0.90446049,0.90360600
0.89144504,0.90453696
0.87813616,0.87023139
0.72512460,0.56904960
0.43025744,0.16021530
0.62227416,0.58776891
0.78611898,0.71616167
0.68532807,0.37820470
0.80071443,0.65054834
0.50992960,0.50625002
0.87648356,0.94345587
0.45598465,0.17151481
0.48197317,0.46443731
0.91321349,0.88044626
0.84105742,0.88876408
0.34260437,0.11137762
0.71025008,0.82759631
0.42720544,0.33913177
0.41515189,0.40757680
0.58064967,0.59522474
0.88275814,0.82589042
0.92139506,0.89339018
0.89747512,0.93048781
0.87317216,0.87427169
0.85738146,0.87892240
0.91121948,0.87680632
0.57339144,0.65094632
0.86308181,0.92667466
0.88391846,0.82291138
0.92542291,0.93553358
0.68162549,0.88555944
0.92700976,0.91696113
0.89696085,0.72555214
0.38588393,0.28170526
0.35384899,0.37861234
0.64188468,0.80787998
0.84836519,0.75822806
0.85387897,0.76342481
0.89970803,0.92787415
0.31479532,0.25668153
0.85943449,0.90701222
0.50012642,0.44807673
0.78992450,0.81018358
0.92594600,0.91454196
0.55671465,0.38902196
0.62346303,0.68171883
0.85352975,0.94202447
0.86625409,0.88461536
0.53907394,0.61678380
0.88122302,0.81605130
0.87499541,0.85770750
0.73564893,0.76175278
0.90881634,0.84337181
0.85609531,0.74940479
0.39289343,0.31749630
0.90972149,0.93988925
0.43158615,0.40856928
0.53752506,0.61964816
0.85163254,0.84441388
0.40624508,0.26264372
0.78373295,0.81456357
0.91506320,0.94091511
0.91625869,0.94483697
0.68500090,0.77436751
0.72731161,0.73497641
0.84532654,0.92367995
0.70825553,0.77442616
0.91815001,0.94002044
0.66451836,0.63948178
0.57066447,0.29001552
0.51876593,0.47703418
0.38785157,0.46399826
0.44140264,0.37721276
0.83821225,0.78236324
0.86146390,0.92214078
0.37097606,0.27103627
0.64128649,0.76398522
0.78771108,0.67205632
0.73900378,0.83523494
0.79574406,0.64715928
0.70561504,0.51620871
0.48460957,0.32157460
0.55746353,0.45544040
0.87229216,0.87108934
0.89434624,0.89443016
0.77642000,0.83858269
0.64012295,0.57860529
0.85223472,0.88908589
0.88405013,0.89660627
0.90675974,0.92574090
0.62003762,0.54323483
0.47846180,0.60007393
0.88881803,0.91481650
0.76556683,0.81704611
0.77717012,0.58841795
0.88274312,0.88918424
0.90722835,0.91494471
0.57399666,0.68860352
0.46341953,0.52295959
0.87447512,0.88658679
0.91217464,0.94576925
0.60158414,0.49879763
0.90742111,0.90279007
0.86660182,0.88721806
0.79103947,0.81605262
0.83355236,0.87434340
0.86681676,0.90211141
0.89178896,0.77503872
0.74784577,0.71505392
0.86962628,0.88430274
0.81175053,0.92897898
0.88511419,0.90256023
0.43487567,0.40279752
0.84910232,0.84916544
0.73919302,0.83684731
0.70903349,0.70334005
0.81496286,0.87882924
0.77026987,0.87598771
0.41198495,0.31770834
0.60800797,0.28206921
0.87746960,0.89248365
0.79626042,0.85238957
0.22728860,0.05983176
0.86432660,0.85267913
0.86629927,0.77992070
0.86687285,0.86928755
0.87794977,0.96528614
0.80440396,0.71977520
0.91766036,0.96238422
0.83979613,0.85739511
0.84687257,0.78503537
0.67095935,0.79966629
0.87464774,0.93440080
0.92102140,0.92379886
0.87542075,0.98342597
0.31018636,0.20089869
0.91344845,0.90116090
0.77911639,0.69155842
0.81550002,0.78557223
0.88336802,0.89515465
0.86791635,0.93720782
0.81111205,0.92423284
0.92151904,0.90575522
0.30894226,0.13828705
0.89541870,0.86878383
0.51062429,0.60396838
0.89654124,0.96349204
0.78948367,0.51846373
0.89441001,0.93656617
0.90233135,0.89278406
0.77513742,0.87902308
0.38717926,0.30046332
0.84790039,0.53138095
0.92799556,0.87888008
0.44494739,0.75535089
0.89807695,0.93247199
0.79394698,0.79126173
0.80673748,0.76397306
0.38813967,0.49263170
0.79137313,0.87048954
0.39649248,0.31396824
0.87189299,0.84852940
0.80297899,0.83923560
0.85745704,0.77722436
0.63700104,0.54607058
0.50845581,0.39491045
0.37306607,0.36439809
0.90441835,0.92298979
0.41215405,0.35971594
0.85653973,0.66836733
0.75397575,0.82934022
0.82601810,0.74916667
0.47900888,0.56794870
0.26490957,0.26325795
0.49072418,0.32736620
0.40667480,0.47069946
0.89281344,0.84627378
0.34696332,0.24463277
0.89691836,0.89110482
0.79199702,0.88505620
0.92415237,0.94174266
0.33457181,0.41137549
0.76738286,0.91608393
0.86789352,0.79931033
0.57560611,0.51875001
0.88731891,0.91388160
0.87990516,0.92925030
0.83076513,0.78833914
0.86734462,0.79221088
0.42769027,0.35390970
0.87876272,0.81076223
0.45137650,0.05911645
0.90405852,0.91886663
0.62963539,0.56222737
0.66271704,0.68636763
0.84714532,0.95931786
0.51745260,0.32346126
0.84016931,0.78118002
0.68250644,0.85876667
0.90101969,0.88779765
0.68790770,0.71874297
0.55383372,0.53004801
0.90904796,0.95449668
0.78615707,0.79494876
0.87229335,0.87537640
0.70515311,0.86697876
0.91521251,0.93665755
0.90094602,0.90814400
0.59407532,0.65395433
0.85436946,0.89931768
0.32422486,0.18908121
0.60438240,0.82154208
0.62467229,0.69164246
0.88940609,0.93209720
0.43870831,0.35555893
0.90387481,0.80653161
0.41703129,0.85493028
0.52692270,0.38282001
0.41562480,0.19711182
0.87288511,0.95179147
0.42529348,0.12941177
0.40483773,0.31220102
0.45058334,0.44861254
0.64251709,0.58635527
0.56865656,0.44241595
0.83764899,0.79017901
0.81493580,0.73001599
0.64911258,0.71861422
0.61978447,0.73753810
0.79457712,0.71454597
0.87787569,0.92307693
0.86283565,0.80853629
0.77282143,0.81911242
0.46928936,0.61310273
0.58498394,0.16138309
0.83810109,0.91361284
0.86700344,0.93801761
0.78016186,0.73944688
0.89789981,0.95026594
0.57477027,0.68241286
0.45291299,0.29026577
0.92835206,0.90825266
0.78088343,0.56674302
0.85877460,0.83006382
0.41536644,0.37950405
0.32116950,0.24927419
0.61598831,0.66252685
0.32971761,0.16204339
0.91908038,0.93233085
0.36911479,0.31582168
0.73510003,0.54292929
0.55253810,0.50508738
0.87171972,0.72426468
0.92895257,0.96746254
0.54251456,0.65416348
0.68337876,0.73229450
0.84480351,0.83696705
0.82358104,0.91287881
0.82882553,0.78899848
0.78119838,0.67014772
0.64490753,0.66860127
0.90826237,0.98486894
0.86399460,0.91407204
0.86218607,0.79912353
0.89207548,0.90790600
0.76545972,0.70644838
0.85741580,0.91641748
0.67366707,0.84031063
0.73819971,0.87734169
0.37775853,0.62949657
0.86153483,0.94938821
0.87672186,0.82608330
0.86229974,0.94702840
0.48769340,0.63105524
0.89332843,0.88569623
0.86470485,0.77464294
0.59617776,0.74545455
0.92763662,0.98336834
0.88650393,0.91069108
0.92344397,0.89937484
0.86248314,0.78953713
0.77319545,0.76818180
0.78239340,0.57471848
0.93089873,0.93378985
0.47127396,0.52639496
0.77697635,0.76866150
0.84290051,0.89826912
0.84429598,0.84943604
0.88941771,0.81756449
0.29712269,0.24496280
0.85367399,0.76861268
0.87065691,0.85765803
0.91555780,0.90140927
0.85748678,0.84456784
0.88614494,0.91470444
0.86432236,0.92037565
0.87646526,0.85377020
0.88931412,0.79467213
0.87877709,0.94008398
0.79450625,0.65170592
0.87384641,0.91676092
0.73983568,0.90826541
0.63199562,0.60053039
0.63307929,0.76889235
0.60785586,0.65831244
0.88012862,0.86602229
0.89371032,0.93534577
0.79795903,0.86279762
0.86577237,0.94604290
0.67482680,0.39957401
0.37181658,0.24195077
0.79260790,0.93266457
0.83260715,0.80518061
0.79420900,0.72062546
0.76711243,0.78055555
0.58702475,0.56966841
0.91969728,0.92892653
0.88373792,0.95193678
0.47148907,0.38558289
0.77827811,0.90510201
0.86560941,0.89741594
0.50100642,0.37056318
0.87057376,0.89875025
0.89054251,0.86353403
0.83390218,0.83863795
0.88422531,0.93527162
0.82906473,0.75619966
0.89076161,0.92960197
0.55911362,0.44396770
0.67621118,0.70168668
0.59404266,0.83679587
0.79317391,0.69344342
0.84496242,0.89650995
0.64252442,0.60600597
0.86623782,0.99450552
0.45896104,0.51262629
0.91491449,0.95794207
0.86760420,0.94287515
0.84108037,0.83426428
0.88329315,0.86212325
0.85021710,0.94481504
0.81703466,0.85546035
0.58440667,0.60193843
0.88009870,0.86465520
0.69564760,0.69813317
0.71731806,0.64303428
0.51585132,0.53717440
0.65589762,0.84272724
0.72070777,0.54914093
0.76620680,0.78872246
0.90202618,0.90750098
0.92388469,0.96502912
0.64192295,0.54791605
0.43785149,0.28604645
0.90091318,0.88689107
0.81762183,0.63084817
0.73231483,0.81448370
0.84062135,0.84798652
0.83347678,0.81720990
0.61028540,0.61100036
0.58467168,0.37871712
0.88672584,0.93508095
0.86334908,0.95268255
0.45745826,0.63884330
0.91128397,0.91655874
0.30800244,0.18856642
0.67253280,0.43263334
0.46720678,0.22155657
0.87314594,0.89042938
0.51886547,0.45910111
0.83189642,0.73458838
0.90572000,0.89012313
0.86573899,0.83894086
0.91280770,0.95038587
0.81568277,0.79125559
0.84245825,0.82203388
0.84611136,0.82721812
0.80594468,0.92786938
0.34627086,0.23721561
0.75488108,0.80576110
0.85141152,0.80829614
0.35278717,0.37508041
0.41281658,0.39418384
0.85563344,0.93737882
0.72975004,0.72736418
0.90764928,0.94878781
0.93172216,0.96307963
0.40031612,0.23443674
0.90839386,0.95625705
0.44787419,0.32948253
0.42969301,0.33280957
0.85956639,0.92866290
0.70351422,0.59002978
0.85136861,0.86577785
0.75474578,0.67957091
0.50034583,0.37083334
0.34845191,0.30060565
0.90138519,0.88114440
0.84392929,0.86221063
0.80674905,0.92929351
0.90906346,0.94755554
0.83905816,0.93284994
0.84052664,0.79547930
0.91091299,0.59764564
0.28774637,0.18849500
0.60383028,0.45049426
0.53633749,0.73779058
0.82737625,0.74086756
0.86160779,0.90647060
0.85625374,0.87305856
0.86555064,0.78616065
0.87635338,0.81487179
0.86197078,0.88617051
0.76568007,0.94964349
0.85673130,0.88360649
0.76208818,0.69574910
0.85474271,0.92451078
0.78076988,0.87648630
0.74667209,0.66000003
0.85572171,0.86680472
0.88312328,0.92136472
0.90148157,0.98305082
0.83196533,0.85917401
0.86975205,0.85643667
0.91838640,0.97607863
0.75261343,0.86778843
0.31942099,0.11444855
0.58255070,0.66009390
0.61997312,0.31722808
0.70856506,0.52303976
0.86579996,0.81928641
0.90032583,0.92797798
0.40836212,0.52903360
0.80720544,0.57935721
0.88224721,0.84517330
0.63258266,0.61519480
0.86471874,0.92339206
0.47370422,0.37234765
0.53194612,0.34595588
0.93257385,0.97681099
0.78782189,0.92441779
0.41292942,0.26586309
0.89350754,0.93525636
0.69538748,0.87356466
0.60473567,0.76463962
0.82886153,0.83113098
0.74540854,0.81653941
0.79979509,0.74366540
0.50418973,0.74915254
0.25436217,0.15166023
0.82810938,0.93917751
0.83627129,0.57265884
0.80425078,0.72574067
0.84072936,0.96226418
0.74198830,0.53176051
0.88869953,0.91369045
0.76347464,0.91626227
0.84784615,0.78528452
0.82451880,0.89729768
0.67222810,0.58861798
0.66110748,0.73949623
0.42361605,0.33631712
0.77348244,0.65859860
0.92379951,0.94795454
0.90811145,0.90801525
0.85503542,0.82967067
0.37081742,0.30645886
0.41562027,0.50251269
0.78337055,0.57917917
0.91852218,0.94779015
0.33063260,0.41248873
0.60824054,0.48412770
0.88483304,0.84244376
0.90667653,0.96799999
0.67541993,0.70853096
0.37318754,0.34913969
0.83819526,0.74974638
0.51709056,0.58547497
0.86621743,0.89215314
0.76431203,0.78218085
0.90107411,0.93565577
0.84101105,0.78867966
0.90985960,0.96692306
0.35666299,0.26499084
0.24364948,0.19875507
0.89490038,0.89975178
0.64100099,0.64754456
0.90700269,0.95454317
0.73490214,0.42990908
0.84550077,0.87952393
0.69063234,0.80987573
0.74484020,0.68158633
0.90528083,0.96209157
0.65439534,0.77735543
0.87539619,0.91145277
0.87204570,0.89309311
0.35836387,0.53292096
0.89738041,0.96157050
0.81701016,0.87500000
0.84643060,0.82282609
0.71347010,0.91638511
0.53719163,0.58630854
0.88444906,0.93979931
0.59021580,0.59177703
0.81135464,0.89854771
0.83445996,0.72432882
0.78128219,0.63698202
0.89682889,0.93027323
0.66342920,0.56061918
0.84573317,0.77020580
0.65077174,0.42132545
0.86921561,0.94683260
0.92160660,0.90500355
0.91153657,0.94230771
0.74145681,0.65608561
0.67084837,0.74019837
0.70358002,0.70291167
0.43845469,0.44576421
0.65586257,0.90727490
0.87686968,0.94602466
0.39707431,0.33775628
0.89375752,0.95109040
0.90844530,0.91905427
0.47822362,0.50566500
0.86696017,0.90048444
0.61072892,0.59053195
0.92597437,0.97306174
0.72008502,0.75476748
0.38439298,0.33456340
0.88969481,0.96128732
0.86545849,0.81549895
0.83074075,0.85439688
0.83954930,0.85401893
0.87899399,0.85075760
0.92445850,0.95165145
0.92728162,0.92686504
0.38224208,0.48505858
0.90608847,0.95390511
0.82623112,0.80599838
0.86607552,0.90769231
0.79089892,0.79080892
0.86770600,0.90397990
0.59170914,0.36405113
0.87178123,0.87470949
0.89476418,0.93694389
0.76397222,0.79691780
0.81992072,0.78330952
0.88436192,0.96805274
0.68088603,0.76921332
0.85866243,0.93607086
0.76459110,0.72216403
0.73199058,0.94570917
0.44396225,0.78358960
0.22131827,0.22785492
0.32805455,0.30344516
0.90287375,0.97201425
0.89758521,0.92996705
0.38035828,0.49853569
0.76359707,0.71849275
0.74202442,0.95070422
0.88038749,0.88003707
0.75764084,0.83245796
0.79441172,0.69407368
0.92725241,0.97383201
0.85638416,0.84758884
0.92113900,0.91683120
0.90255409,0.84386200
0.90175307,0.90087718
0.60693467,0.79504013
0.88061106,0.90407240
0.90168256,0.88486165
0.52267152,0.47393841
0.86312556,0.81459248
0.64059019,0.65215379
0.63962597,0.70029688
0.80108619,0.76731455
0.53765142,0.65735173
0.84958959,0.87525922
0.59438133,0.51220894
0.78941208,0.79191267
0.89712137,0.83404255
0.91970700,0.95983928
0.51222998,0.36042839
0.84795177,0.80392855
0.87783968,0.85172158
0.60137665,0.72687620
0.86833888,0.92983389
0.84669948,0.95673680
0.90061551,0.95630878
0.84453690,0.97462410
0.90516144,0.89845413
0.65770817,0.79668605
0.90076214,0.88697374
0.82734150,0.86759579
0.81928444,0.88792294
0.89784503,0.93200159
0.88813782,0.93097031
0.89305961,0.85191262
0.39579120,0.43764684
0.90108240,0.95304269
0.90141344,0.92646158
0.43719152,0.39971015
0.76538026,0.67215383
0.31395829,0.25180703
0.74593878,0.81518060
0.90766895,0.86124969
0.85147560,0.81611842
0.75555688,0.84769130
0.63072217,0.50645941
0.09833226,0.08762792
0.33080080,0.21655035
0.89976525,0.88651985
0.71081746,0.83152914
0.88768452,0.82580411
0.53780824,0.56879222
0.65288818,0.51782811
0.89923495,0.92928571
0.76354766,0.61852694
0.84099722,0.87166262
0.58769840,0.56360048
0.88207185,0.86212993
0.84068066,0.78719491
0.31393823,0.27508554
0.87338048,0.04841315
0.77201045,0.80169010
0.49273464,0.68397969
0.92608905,0.91978264
0.84507430,0.94484937
0.40286794,0.38727298
0.78372359,0.90857321
0.85537946,0.89265734
0.10878602,0.06653640
0.87056011,0.89169848
0.86535209,0.90864319
0.91856241,0.94609249
0.87224555,0.90433514
0.80886269,0.75037980
0.64938092,0.76231754
0.85284758,0.80713177
0.47086883,0.62611806
0.46557847,0.40342155
0.80214041,0.91816008
0.88345820,0.88266206
0.46530789,0.33628988
0.36463654,0.30961546
0.92869496,0.87369770
0.84969008,0.84653473
0.78758502,0.76207525
0.40357688,0.72625697
0.63131320,0.83388489
0.76544929,0.68317592
0.87467897,0.86365926
0.88557851,0.74751997
0.88373256,0.92639738
0.88648033,0.96173269
0.89751834,0.93501294
0.34898347,0.25788260
0.89235568,0.88248795
0.24663186,0.27713567
0.39757150,0.23388544
0.74147886,0.88203245
0.49287218,0.22875798
0.59055716,0.45881549
0.49308306,0.37987551
0.68228960,0.68915665
0.57994395,0.52350962
0.88503140,0.90397918
0.77694929,0.75808090
0.86281455,0.92827880
0.82058477,0.66389322
0.89155632,0.74797606
0.52514201,0.61400348
0.78056276,0.87679505
0.88240314,0.85100001
0.82252908,0.76419407
0.54789919,0.70871383
0.45276088,0.37168610
0.50471425,0.25433421
0.38718462,0.55558765
0.42471722,0.37943745
0.77639073,0.70826066
0.74078530,0.68231523
0.86166704,0.83614987
0.37409526,0.66354609
0.67466056,0.56455427
0.88740444,0.91570240
0.84320319,0.94852942
0.75000715,0.87019229
0.72474837,0.67060351
0.87196076,0.87860221
0.44773391,0.43408552
0.89659607,0.90430224
0.62923634,0.47454759
0.48372242,0.51738435
0.43114179,0.49768543
0.89292097,0.91897058
0.62089646,0.75338256
0.29809034,0.33257172
0.86691076,0.89344037
0.87509441,0.91629022
0.64201808,0.73072940
0.82715243,0.88801169
0.44363409,0.32324985
0.85062110,0.94017380
0.51518756,0.62384528
0.75165594,0.81833214
0.90830064,0.89733124
0.80911410,0.93570572
0.76455927,0.80914003
0.55390435,0.67290825
0.66050738,0.72541469
0.91724914,0.97580647
0.76869041,0.73941207
0.88941646,0.92059553
0.89250427,0.89386451
0.91813016,0.90226364
0.87741768,0.93188852
0.83310616,0.92187917
0.84845632,0.82926828
0.90315801,0.90646851
0.58287847,0.59047621
0.66116917,0.65952832
0.80681962,0.79450709
0.76522720,0.90077573
0.44842225,0.55291277
0.49164855,0.79394019
0.91608822,0.94914114
0.88372177,0.85851353
0.71914744,0.66111636
0.52436328,0.68265980
0.74728793,0.79583335
0.91132993,0.91269839
0.73032331,0.28492424
0.76969528,0.65308434
0.50522798,0.60615385
0.87429720,0.82792622
0.87019742,0.82487172
0.79938519,0.79496950
0.73685157,0.73055607
0.77271730,0.87011999
0.91084439,0.92416620
0.72872710,0.74605095
0.83567655,0.91570044
0.83535314,0.91728526
0.92237514,0.96706986
0.25527281,0.23533912
0.56745636,0.62380713
0.92866200,0.96905977
0.90731853,0.78756368
0.90073621,0.89470923
0.82665908,0.71027851
0.85497421,0.89061230
0.91961652,0.91687191
0.93059826,0.93857831
0.80633056,0.83492053
0.67546022,0.50351262
0.41796711,0.45799181
0.71237099,0.71102941
0.77174151,0.54235274
0.84100252,0.90381426
0.80793786,0.85565293
0.89720452,0.86322647
0.29181182,0.17943865
0.88334203,0.91248631
0.52299088,0.66569257
0.74504375,0.79492009
0.88594794,0.85245121
0.83979762,0.81559318
0.34526581,0.41204482
0.69387639,0.82869667
0.53560668,0.57735616
0.77050734,0.94763815
0.77723694,0.52567416
0.35779160,0.27283254
0.83914459,0.77820754
0.87086177,0.80371416
0.70205361,0.64583331
0.81267786,0.69887793
0.52610946,0.70807451
0.85100818,0.92517263
0.45050552,0.36639267
0.92688775,0.92623454
0.58714849,0.75976318
0.93010008,0.94687277
0.76075959,0.66178685
0.77790415,0.86329669
0.88055968,0.96053946
0.85485786,0.96490383
0.85427505,0.76452470
0.09485590,0.04907224
0.73501027,0.73474181
0.76731813,0.84605688
0.73874265,0.80925405
0.89470458,0.83467120
0.80962688,0.87336600
0.68599468,0.80581552
0.47780386,0.29188052
0.78262579,0.90178400
0.91256583,0.96808511
0.89634305,0.90359366
0.89044601,0.94184738
0.36925924,0.37508628
0.66049683,0.57276696
0.41887075,0.31777900
0.72697020,0.72867787
0.49311841,0.45838079
0.89550245,0.96690059
0.77217537,0.76967627
0.87896460,0.84325379
0.73909593,0.77817506
0.58460271,0.78527069
0.87882572,0.88919914
0.75296819,0.47211823
0.78938037,0.81373334
0.87510216,0.92434543
0.89743131,0.90702969
0.34642830,0.36060503
0.74465430,0.79690802
0.87513280,0.90548658
0.85243952,0.74968606
0.79322124,0.85537040
0.87936676,0.94372815
0.68167031,0.63958174
0.33441710,0.29538941
0.84405500,0.87087911
0.83905542,0.78552634
0.78099811,0.80993885
0.69576645,0.64122051
0.76674509,0.90967745
0.88669616,0.94041324
0.63853359,0.66906327
0.90247732,0.85280538
0.87265092,0.77713078
0.87395817,0.90087938
0.52171344,0.36320755
0.50079811,0.80348140
0.51921833,0.45288461
0.46186665,0.80483484
0.67242110,0.66613168
0.46338269,0.45424199
0.86182553,0.80536550
0.52059519,0.58970314
0.91386908,0.86410403
0.88224167,0.93724263
0.79826832,0.79350895
0.91051364,0.94241124
0.67028624,0.09493448
0.79722548,0.70093668
0.86214930,0.91849816
0.50783247,0.77214825
0.91547114,0.91477275
0.31958628,0.19832759
0.84110683,0.77344030
0.87791967,0.81774193
0.64782822,0.74101347
0.77596974,0.79667425
0.47959656,0.39893100
0.78766906,0.75262189
0.93003047,0.97436619
0.65513390,0.58208001
0.90073174,0.85481483
0.79092658,0.65468109
0.88338774,0.92648536
0.72141296,0.74169868
0.92306149,0.96470946
0.31077006,0.14268395
0.82783413,0.85882354
0.84825754,0.96330440
0.84795380,0.82924050
0.86781055,0.77595627
0.60091084,0.44452891
0.85717171,0.84760499
0.53060204,0.63616735
0.82235622,0.75533837
0.80664432,0.77235162
0.91855866,0.92451161
0.47315246,0.52540648
0.75925839,0.87541831
0.84370404,0.86324370
0.90294850,0.92401743
0.91634953,0.79488355
0.67421979,0.81569493
0.91585004,0.91648656
0.62776804,0.78724122
0.74026477,0.81261754
0.89349174,0.89749157
0.80123150,0.54038197
0.76175529,0.41161060
0.35545695,0.27785650
0.85269821,0.83435541
0.90418863,0.93596226
0.72942322,0.66906357
0.41516620,0.09331770
0.60679346,0.70543820
0.39928374,0.39207914
0.49996465,0.66717333
0.80157322,0.76567328
0.87221813,0.87568682
0.92447788,0.93506479
0.57251620,0.70934904
0.90049589,0.90208632
0.48092902,0.35040271
0.69460797,0.85967463
0.89202166,0.82354587
0.80667543,0.61100799
0.60637134,0.69261646
0.91249800,0.92561406
0.70537841,0.67673612
0.89420748,0.86098039
0.91793078,0.97058821
0.82399207,0.73329091
0.54747128,0.55677921
0.60107249,0.68556148
0.91403174,0.90425187
0.89215565,0.93237972
0.85271621,0.92176437
0.82289553,0.75551468
0.90758312,0.94066691
0.89421666,0.91112089
0.79400086,0.79359227
0.58425415,0.65434331
0.69290853,0.66588682
0.84276891,0.88086140
0.83239877,0.86908519
0.89400327,0.92590219
0.44664294,0.27918723
0.62677711,0.75859374
0.51118529,0.60708481
0.87118453,0.88536286
0.71272737,0.82017541
0.87413037,0.85367477
0.63609576,0.29310322
0.78975666,0.75720918
0.76326263,0.84809572
0.88508463,0.90018588
0.67708653,0.90471417
0.82184243,0.83271801
0.88387072,0.92495608
0.84328765,0.80089670
0.61390072,0.62819201
0.67024946,0.87680167
0.40602311,0.18476626
0.60984856,0.65500969
0.87740350,0.86213160
0.90760577,0.88749844
0.75510561,0.68462902
0.61440748,0.60758698
0.55070651,0.44687781
0.73596811,0.54361302
0.85917377,0.89737171
0.47296673,0.33808678
0.88929969,0.93352044
0.73566896,0.88174605
0.76367360,0.67734772
0.56732494,0.60252136
0.39560664,0.47512907
0.67673278,0.71401262
0.87245494,0.85995477
0.64544338,0.70470148
0.48191181,0.72416669
0.89144313,0.92451495
0.89179623,0.89092827
0.77272874,0.48940939
0.90878057,0.85253119
0.79165256,0.72226584
0.84781528,0.82371795
0.77714241,0.72313339
0.78152972,0.69491524
0.48710445,0.28302512
0.76729029,0.66316849
0.79798204,0.78918386
0.76948071,0.86122358
0.64020771,0.61486304
0.90573907,0.93851012
0.86301404,0.86617076
0.28987658,0.21854033
0.89867198,0.86709678
0.61517251,0.44594145
0.61112833,0.70934421
0.83095264,0.57563108
0.74955857,0.84181809
0.87444103,0.89143956
0.42836440,0.33776334
0.91674626,0.88076925
0.84027350,0.62833571
0.63659114,0.65507013
0.51045358,0.54255599
0.90113318,0.94780439
0.87383395,0.84815168
0.89242864,0.96512538
0.87689376,0.94533569
0.29109296,0.13820100
0.51160318,0.63128549
0.90057802,0.87087184
0.75679594,0.77670741
0.65520632,0.57333332
0.70676434,0.73601484
0.65453768,0.60244495
0.91389155,0.93458170
0.73268712,0.74855393
0.88407147,0.85432756
0.92214322,0.90358436
0.67995930,0.36324245
0.91153008,0.90914899
0.41830710,0.23429488
0.59250885,0.67422217
0.79790771,0.91130614
0.80660439,0.86633402
0.49840540,0.45963559
0.82512802,0.93364704
0.85802209,0.90337920
0.84495962,0.88635087
0.86979610,0.86596137
0.21066481,0.14238474
0.65609872,0.67353058
0.80575162,0.65959710
0.70400262,0.68902355
0.89231938,0.94130772
0.88799745,0.93890327
0.73070109,0.83010000
0.86595577,0.76870990
0.72378635,0.78508079
0.32901976,0.20129573
0.70561576,0.73593277
0.68932641,0.69652408
0.88739598,0.89276779
0.93650901,0.95815170
0.75316429,0.85358393
0.86341721,0.95081967
0.82456636,0.87386876
0.90427721,0.92785192
0.87295860,0.82240474
0.53007007,0.51847291
0.56535184,0.54570955
0.87003559,0.91483933
0.90493196,0.96159512
0.91628343,0.91969699
0.86920106,0.77557325
0.91869283,0.94213098
0.43738282,0.59547079
0.75501001,0.63316905
0.82834554,0.85747862
0.81223881,0.88942462
0.77075291,0.76581365
0.85348040,0.92413795
0.89123094,0.86388087
0.86123645,0.90184408
0.87924659,0.94159889
0.54407549,0.47769994
0.46407020,0.51582682
0.61284816,0.65855271
0.65641189,0.55837613
0.69674027,0.86041665
0.91194963,0.81261653
0.76156807,0.64788085
0.87075549,0.90757883
0.58197528,0.68867254
0.29144818,0.27033615
0.87902629,0.86742425
0.91460609,0.95296687
0.88511121,0.87668997
0.61638856,0.70405483
0.89941919,0.90872830
0.45946079,0.26891235
0.45516661,0.28844616
0.91971725,0.93867528
0.87617248,0.95836520
0.79956985,0.85400099
0.45621946,0.64777327
0.87192452,0.94413793
0.31806707,0.58318377
0.81643414,0.87031418
0.88272631,0.90730679
0.87799072,0.89260840
0.87134051,0.85858172
0.58534402,0.44202900
0.32958061,0.22620282
0.90755033,0.93948317
0.89350349,0.95407110
0.85281849,0.85167789
0.50250769,0.31044713
0.46867493,0.53255486
0.57465786,0.65804696
0.47904497,0.71916008
0.85567188,0.82708436
0.83813870,0.90111095
0.85235643,0.88809043
0.48390955,0.61163920
0.48558390,0.29148528
0.88097459,0.84470338
0.75591362,0.76190341
0.44907051,0.67272520
0.88905156,0.96080023
0.82642549,0.93525702
0.89075959,0.96389180
0.67925847,0.64065313
0.79861182,0.72689146
0.83218282,0.77282280
0.50736898,0.57794201
0.31295511,0.35547245
0.78865737,0.93001091
0.85313141,0.76111454
0.55014509,0.52020627
0.31340957,0.17866541
0.71374398,0.69835669
0.60296226,0.33899325
0.63722837,0.67985255
0.91223937,0.92778361
0.25210062,0.10347844
0.76409411,0.86087668
0.88725817,0.91655713
0.59419477,0.68643981
0.66447812,0.61396575
0.79073799,0.78740156
0.86512417,0.83333802
0.44115227,0.77130038
0.86315751,0.94031703
0.84630311,0.91185915
0.88448799,0.83411217
0.49998137,0.89218092
0.76831388,0.73265839
0.93065137,0.94374889
0.85309607,0.89110535
0.42629045,0.51438850
0.74059677,0.74140918
0.60674971,0.72272569
0.35955355,0.25613412
0.88926131,0.91926461
0.68972862,0.67595762
0.48279226,0.35258478
0.68769121,0.75138831
0.90122122,0.97033179
0.70873421,0.56723893
0.25297832,0.06769641
0.87741220,0.90299064
0.73920137,0.75866234
0.52503198,0.55458927
0.56299555,0.64275974
0.72596693,0.78007442
0.90418291,0.93749142
0.37235510,0.33064476
0.31902051,0.13935617
0.65959042,0.76309842
0.85644382,0.70236617
0.84711075,0.82342285
0.87040180,0.96078664
0.77453732,0.61427450
0.74841416,0.86798906
0.77043998,0.94516754
0.78543484,0.86344659
0.90296364,0.78021848
0.88259089,0.88256192
0.89340353,0.92800957
0.56272686,0.70984000
0.23896524,0.19401021
0.90830398,0.93364310
0.80546081,0.85556608
0.84838200,0.82829678
0.77101445,0.86018974
0.91216218,0.93216723
0.81605393,0.83884478
0.90296268,0.91721135
0.76371890,0.85417455
0.60032171,0.44195944
0.75790900,0.63091153
0.91061938,0.92968750
0.89504820,0.98076922
0.91961294,0.93113101
0.91116548,0.93695152
0.63133091,0.59340662
0.77202463,0.75494677
0.56558090,0.56511414
0.63946021,0.59271789
0.63077950,0.57225901
0.74911284,0.63688868
0.78295219,0.85099202
0.45762694,0.51166642
0.86810464,0.86235178
0.89208299,0.71102273
0.78656310,0.74606460
0.70255649,0.90601236
0.76023984,0.82942766
0.89742762,0.95560515
0.27224749,0.17277816
0.46330988,0.41530049
0.29900673,0.35408485
0.78322154,0.86810982
0.86463946,0.87404394
0.85411453,0.84020394
0.86060816,0.88895178
0.83884287,0.88835049
0.81450421,0.75410956
0.33425778,0.19355844
0.63897049,0.70774949
0.86521143,0.79755753
0.92213070,0.94196790
0.64567113,0.53551751
0.76075107,0.69441104
0.84055394,0.74720901
0.71732885,0.80436713
0.76560628,0.90191597
0.71610427,0.81031436
0.46742669,0.57670254
0.44734377,0.37342286
0.90440333,0.90213126
0.89482588,0.91887301
0.27823490,0.21821387
0.87241477,0.84253246
0.82767797,0.91629750
0.68902814,0.85547787
0.34026456,0.17727028
0.84688467,0.76651859
0.84511775,0.61042839
0.59286702,0.57232702
0.64591444,0.77196455
0.45269442,0.31979588
0.90754843,0.94718504
0.83106750,0.82682014
0.80143058,0.79161072
0.90057206,0.92636448
0.88458180,0.87543857
0.71304977,0.73408186
0.85321069,0.91348845
0.84904402,0.83029968
0.67620111,0.54387695
0.48454955,0.09005424
0.87887907,0.93725491
0.89980960,0.89542693
0.87183243,0.90824288
0.78801435,0.68916667
0.71770918,0.75555056
0.89454526,0.88198572
0.84443188,0.78076386
0.73963416,0.90701753
0.86755878,0.81612223
0.85309893,0.93109173
0.75407767,0.63605124
0.29673719,0.22940685
0.74842227,0.68094826
0.25228912,0.09789793
0.66760069,0.55041182
0.85971415,0.66631186
0.49587032,0.38241181
0.59707606,0.58136481
0.26572815,0.14239281
0.47721872,0.41961285
0.73576838,0.67160743
0.87804168,0.81496948
0.90800381,0.94230771
0.57754487,0.54797554
0.29740733,0.22549520
0.88967466,0.88494551
0.88338268,0.87281960
0.89632088,0.79909480
0.90898424,0.97513658
0.84382415,0.87907219
0.86035758,0.82881582
0.52794302,0.28370300
0.69335097,0.50191200
0.66310889,0.55876905
0.86153293,0.84394497
0.78184831,0.86643320
0.87709546,0.88522571
0.90110862,0.92619932
0.74287915,0.62764049
0.84710544,0.83414376
0.61132544,0.59026688
0.87517518,0.88969105
0.86801720,0.87930161
0.66116440,0.64108753
0.85507125,0.69405240
0.71027386,0.44936466
0.60064411,0.65328610
0.40484390,0.35587573
0.84311587,0.92472613
0.79541814,0.89193571
0.88626099,0.91976273
0.75793785,0.56158555
0.74611163,0.93181819
0.87361896,0.93839288
0.87865072,0.89677179
0.56320989,0.61343890
0.73508674,0.64621210
0.86321682,0.93771851
0.68584085,0.64251715
0.82495147,0.80676502
0.85672683,0.92940140
0.33367968,0.56573516
0.74340439,0.83414179
0.75908983,0.61239034
0.91986567,0.94537038
0.66861498,0.89517760
0.84968328,0.84082633
0.90991825,0.95478034
0.77475035,0.82629454
0.89009410,0.90221554
0.84486139,0.71525139
0.65873432,0.65284371
0.69804192,0.88858747
0.64203233,0.34324324
0.89789212,0.92129201
0.43734396,0.52965587
0.82082617,0.85662329
0.73807400,0.62984276
0.74332726,0.84014910
0.71074843,0.67456281
0.83401084,0.81367642
0.88425863,0.87737381
0.84701943,0.71979111
0.60911888,0.60012245
0.79504377,0.80896324
0.59372705,0.79903263
0.82200992,0.84898800
0.84470904,0.89979094
0.57395053,0.54217803
0.89074427,0.87184513
0.40917021,0.35023639
0.90537572,0.86972600
0.88465416,0.93309766
0.86720353,0.42963848
0.92440009,0.95238096
0.86608696,0.90292448
0.58036798,0.59359169
0.87046558,0.84764689
0.90917200,0.93941593
0.62388712,0.54642147
0.54740101,0.46075755
0.82532990,0.78745866
0.90952313,0.88140428
0.87169349,0.85532874
0.86338472,0.87586004
0.47113997,0.41097781
0.54250503,0.81294906
0.67653650,0.69873011
0.80765086,0.76341772
0.37254408,0.41939652
0.90445453,0.93331707
0.40815073,0.38063678
0.75549376,0.81461120
0.86796916,0.86356544
0.82764643,0.81888497
0.80481005,0.70126402
0.85141200,0.84600532
0.78292942,0.71799242
0.60115093,0.80576766
0.22330707,0.11573371
0.23412073,0.14471753
0.35938090,0.27370870
0.35581237,0.21802193
0.85369349,0.86745286
0.88076478,0.91761792
0.44530943,0.55567831
0.44515592,0.08684523
0.90354770,0.90174997
0.85060728,0.97752810
0.75846076,0.50587827
0.91477263,0.95787656
0.85541689,0.82811010
0.69763404,0.58943623
0.84948218,0.84034121
0.57905293,0.72468823
0.54749399,0.41787943
0.50915700,0.67524695
0.79243881,0.88715434
0.77566588,0.85143358
0.79344267,0.76572299
0.86726832,0.73267573
0.52693439,0.41130349
0.51151371,0.41253459
0.56779557,0.42333701
0.80018616,0.80225331
0.45164573,0.37073177
0.89068919,0.89083129
0.92586732,0.92635638
0.81269234,0.90638530
0.92058027,0.92786336
0.87971300,0.88932884
0.86906397,0.87222224
0.86039609,0.76081729
0.88346702,0.84429973
0.81440741,0.86156839
0.70974624,0.45977011
0.86632037,0.87298405
0.72896826,0.47832707
0.51991332,0.52225542
0.77913606,0.79806578
0.84312367,0.88583738
0.71845424,0.87263954
0.65305483,0.70811111
0.87203813,0.81082720
0.74703532,0.75315470
0.48400757,0.55298787
0.89181232,0.86960250
0.88710701,0.89337331
0.36011416,0.29517210
0.47496596,0.38227704
0.61621433,0.94754153
0.88580918,0.89941752
0.70707321,0.72067940
0.85624182,0.92671192
0.59639484,0.72892541
0.42018193,0.40477979
0.50671196,0.49698871
0.51390392,0.22254266
0.87173998,0.91021466
0.64571774,0.75062531
0.90257567,0.89143640
0.89027762,0.92778337
0.90953147,0.84831065
0.80166900,0.81224483
0.73031181,0.76156652
0.85668081,0.82895660
0.50375587,0.54846936
0.91653252,0.93164825
0.67757118,0.79267889
0.36949885,0.17075326
0.62650222,0.27600297
0.91856945,0.93757331
0.86959976,0.71526593
0.71698272,0.66985452
0.48384696,0.41604635
0.83456469,0.81719166
0.32157996,0.21320389
0.71999383,0.72617304
0.92524469,0.94099051
0.58842075,0.75108284
0.59267998,0.46733695
0.21360952,0.10089324
0.93886989,0.94463146
0.71153218,0.74892473
0.77012295,0.84465814
0.61781758,0.58803153
0.84617662,0.78171647
0.83612221,0.86781013
0.34473762,0.48348597
0.81130457,0.89264327
0.55128777,0.50515997
0.90418649,0.91790068
0.38115883,0.32206389
0.79543638,0.85796642
0.63532215,0.50573266
0.29948652,0.20284900
0.87130880,0.87166619
0.90790880,0.93390751
0.86731935,0.99810249
0.66757959,0.66365343
0.56442827,0.42079458
0.77258134,0.71060944
0.89778233,0.93063945
0.80217117,0.73101854
0.87644047,0.95595813
0.72105938,0.61693120
0.68543327,0.85039145
0.91734052,0.96496212
0.47229430,0.24882154
0.85633582,0.92705601
0.84662151,0.88428366
0.38776386,0.38980940
0.85422003,0.93256634
0.86257643,0.83937222
0.81454587,0.72542518
0.77613014,0.67465597
0.46422184,0.82082480
0.87976676,0.90278625
0.86957014,0.89822596
0.78042722,0.68520772
0.51331443,0.38532355
0.57484782,0.48704740
0.85116065,0.83126938
0.34626839,0.18162036
0.89933455,0.90208477
0.85556775,0.77817488
0.86674726,0.97225618
0.27148825,0.19789402
0.87038976,0.89963681
0.92345744,0.94377440
0.89103395,0.85839826
0.64212376,0.61078435
0.42498362,0.61413044
0.91671503,0.93711191
0.85210651,0.76545084
0.92378354,0.97058821
0.38048494,0.36443609
0.37843952,0.36312521
0.76109612,0.76708263
0.63679600,0.52937502
0.88588923,0.79024607
0.81934178,0.89081454
0.86998260,0.86110950
0.65145403,0.75369942
0.45746455,0.35006940
0.92254949,0.94548410
0.77637959,0.66498518
0.75755030,0.81830639
0.78318834,0.82892108
0.84518057,0.88184768
0.37171069,0.27616072
0.86174691,0.79850364
0.84929532,0.89065719
0.83585763,0.93086231
0.88901335,0.72998244
0.86775112,0.84679800
0.50397676,0.21632653
0.38954216,0.33326069
0.40209007,0.19183815
0.57413906,0.48743087
0.89429134,0.94407952
0.86586493,0.89401984
0.85656160,0.81552893
0.85987306,0.92807019
0.89156836,0.78325993
0.84349233,0.86732459
0.77635926,0.77313966
0.84732616,0.77454948
0.67745310,0.74046820
0.88763410,0.85392076
0.83378124,0.83129698
0.86785048,0.83756614
0.92142040,0.93528140
0.87931186,0.88186926
0.77992487,0.79381973
0.82953632,0.69688696
0.90827239,0.91922879
0.85943788,0.92652273
0.89213091,0.84664577
0.76433408,0.76540387
0.82206023,0.89585638
0.92155337,0.93859649
0.34173822,0.32080314
0.78737068,0.77245408
0.91383660,0.91573280
0.61404562,0.64191377
0.77003467,0.85057473
0.28229088,0.14787246
0.89316469,0.84416056
0.75288332,0.79087746
0.80159026,0.89317387
0.78028339,0.64391613
0.81647193,0.88299233
0.54450053,0.43194795
0.73415709,0.67963105
0.69951051,0.65176547
0.79745543,0.82643163
0.75275975,0.75226355
0.84110707,0.75716102
0.54438567,0.44025022
0.52034372,0.60747039
0.87045825,0.78223419
0.87112296,0.86879975
0.85442114,0.76255196
0.89736736,0.88927275
0.90535295,0.96808511
0.69145584,0.54241073
0.66050202,0.75661653
0.42448822,0.09863760
0.44308284,0.55715907
0.78342581,0.73624593
0.83258992,0.79540890
0.77567732,0.71696526
0.66565603,0.59149587
0.91117388,0.93978560
0.87498659,0.96419412
0.66481030,0.69525450
0.83081603,0.49738893
0.70512402,0.76723981
0.90828121,0.95720690
0.88601291,0.90099812
0.88201213,0.95794469
0.36434424,0.30288059
0.71899533,0.71082675
0.83890742,0.86419159
0.70696533,0.65958905
0.88029277,0.85815513
0.72476292,0.74333793
0.68733436,0.66988039
0.54974544,0.71070814
0.79807657,0.94148535
0.65443182,0.81313258
0.84696043,0.79290372
0.81778848,0.64735752
0.83439970,0.79436970
0.89928347,0.87596530
0.89637911,0.87224531
0.91597068,0.95764995
0.46574807,0.36092472
0.67574364,0.62922239
0.90507090,0.92874461
0.79800403,0.74860299
0.51969606,0.70526314
0.79536116,0.89749998
0.36267245,0.37449864
0.91884500,0.95026022
0.41252211,0.32028005
0.55966306,0.64425415
0.90523183,0.96162230
0.80422747,0.76695514
0.77491450,0.77394414
0.49948257,0.63053328
0.86866856,0.95596242
0.82591170,0.76823986
0.74675679,0.75105363
0.44310731,0.32566988
0.81518596,0.68333334
0.62411642,0.69332433
0.22567165,0.08037448
0.74206221,0.89220911
0.89054811,0.96814519
0.90331179,0.84479272
0.81314039,0.79338527
0.85631037,0.94954646
0.51263142,0.43284315
0.85285169,0.69583505
0.92311364,0.89440757
0.39838216,0.36039910
0.37198535,0.35332921
0.81562936,0.68539518
0.79199708,0.74256802
0.61001980,0.48081312
0.45497885,0.53971231
0.80900049,0.72615498
0.92743516,0.92392248
0.89263231,0.96382010
0.67018270,0.73432392
0.85625714,0.86331171
0.79575992,0.78166544
0.90834546,0.89899069
0.72105634,0.76608050
0.86506301,0.86064786
0.80685073,0.82148719
0.51587158,0.58672035
0.90167713,0.93351567
0.34985319,0.42465344
0.50544912,0.68576086
0.59479505,0.52576363
0.81056523,0.70784760
0.73779714,0.53574198
0.90493125,0.91157508
0.86702234,0.74523485
0.90678132,0.91091871
0.76814723,0.82977635
0.68707275,0.81792766
0.86990166,0.88826263
0.71367675,0.72435689
0.68722260,0.75868577
0.77624947,0.67637467
0.78024673,0.99567723
0.92320424,0.92606348
0.54683840,0.57397401
0.87383461,0.90356058
0.89582574,0.71961153
0.77857268,0.79880536
0.58260429,0.50130612
0.89008814,0.93789756
0.86818743,0.95311296
0.69800305,0.81991476
0.84491903,0.72814614
0.68429369,0.71362889
0.77178252,0.83389235
0.77843601,0.83451200
0.85472995,0.78860199
0.74726403,0.73657191
0.87646729,0.84061986
0.81837881,0.94540530
0.85287368,0.80648643
0.30145201,0.31366667
0.81793368,0.84796661
0.74956012,0.73351729
0.50082678,0.54718840
0.90304089,0.88162988
0.83400267,0.81057250
0.84302938,0.92400765
0.61044753,0.57354552
0.88272226,0.87233663
0.54426295,0.50428438
0.56567049,0.13711420
0.38134980,0.32454872
0.86796558,0.89262384
0.91557491,0.96363014
0.28078693,0.19509904
0.90094376,0.99425286
0.61174428,0.72651094
0.51944751,0.60988230
0.54461360,0.60228240
0.84517670,0.88930732
0.89347273,0.86408865
0.60000908,0.34537953
0.83122772,0.84377444
0.90309012,0.90561378
0.22471702,0.13695097
0.40348661,0.50378859
0.84127480,0.74292064
0.86201298,0.79004449
0.30545434,0.24258862
0.75106072,0.86763489
0.91313672,0.94272786
0.88768321,0.87228262
0.88260484,0.93089473
0.65427262,0.82659674
0.73869383,0.56715345
0.43178290,0.43750000
0.51780444,0.64929664
0.86403841,0.87730443
0.77287841,0.87369418
0.91960305,0.93460876
0.77171195,0.83190787
0.90258861,0.93884945
0.89640498,0.93355179
0.89046365,0.68113589
0.84987473,0.92294228
0.87842393,0.92998475
0.67867053,0.72939563
0.90864813,0.81197727
0.88685274,0.93533128
0.64152241,0.66155618
0.82855380,0.83815289
0.70514488,0.64594233
0.47883898,0.42381462
0.32299268,0.33714616
0.22298646,0.19290447
0.74608797,0.88418782
0.61127520,0.52502614
0.35761726,0.22745098
0.85238129,0.81343281
0.45668998,0.29205781
0.90127528,0.87623543
0.74585378,0.67069441
0.75740218,0.84294069
0.90857232,0.93773043
0.78726447,0.81463414
0.91926450,0.94401836
0.87566465,0.86678141
0.84567547,0.87521613
0.63266242,0.57271230
0.51292765,0.53940362
0.72049791,0.71821153
0.83031189,0.91012084
0.60366082,0.47917229
0.88678181,0.98165137
0.71067947,0.91362369
0.86376888,0.85909718
0.51226109,0.54266471
0.88470292,0.91173846
0.87700152,0.90658933
0.89642775,0.86791629
0.91283655,0.95744681
0.73737037,0.58418125
0.77495670,0.82290292
0.87793994,0.87208658
0.73179090,0.74011052
0.49530637,0.60045093
0.88309598,0.83905226
0.83467144,0.65093398
0.84489566,0.90899503
0.68306673,0.69546163
0.41604295,0.74472129
0.81283557,0.88727701
0.70848775,0.73769182
0.74070454,0.73922074
0.72503781,0.76217532
0.90682143,0.93277627
0.72690743,0.83050299
0.91817951,0.90052283
0.23432502,0.21194558
0.32537338,0.17284226
0.87798250,0.77059960
0.87246716,0.91963649
0.79440588,0.89316058
0.85813421,0.86691087
0.89126801,0.93498981
0.86343187,0.82219505
0.57228422,0.58228850
0.78794694,0.70582694
0.92465329,0.95121115
0.84626430,0.86135387
0.51572365,0.56164718
0.37123570,0.30777812
0.81562281,0.91045171
0.90604371,0.89441824
0.82159317,0.84645456
0.80914712,0.94160479
0.91145432,0.91924030
0.86853039,0.90334094
0.67345798,0.61994076
0.70844817,0.40143004
0.79842252,0.81551468
0.64182740,0.78577238
0.34928766,0.20197700
0.74896967,0.66645622
0.71348679,0.78876680
0.88129896,0.89681494
0.93090999,0.90065694
0.85389268,0.84817350
0.73222411,0.47467282
0.74450749,0.79190505
0.38661063,0.28224444
0.58322984,0.76277483
0.87844539,0.91742486
0.79977256,0.83657098
0.83169472,0.82361144
0.84255660,0.68787706
0.84516704,0.91034049
0.90562570,0.96686637
0.73946762,0.61069554
0.83067000,0.83503401
0.74332029,0.69078428
0.89619291,0.91370666
0.84237909,0.84787780
0.86472142,0.90089047
0.87606990,0.82089055
0.90252781,0.80405194
0.92076272,0.93518662
0.93700993,0.97240955
0.78709793,0.84013987
0.82986176,0.87225527
0.91162312,0.92179430
0.85649306,0.92888987
0.36086199,0.45072746
0.87563670,0.85822284
0.87091690,0.85104918
0.66777408,0.76822382
0.88900131,0.82194221
0.75166631,0.59787560
0.83263159,0.84872788
0.71548408,0.83742207
0.33730644,0.34439981
0.92147493,0.93610096
0.40998948,0.26666668
0.65967208,0.62235463
0.48919964,0.60673052
0.38432321,0.18010005
0.85105157,0.84380031
0.87851572,0.92732280
0.86249906,0.83649731
0.85643148,0.90593380
0.66150427,0.70613438
0.89905953,0.92788690
0.39347619,0.48370764
0.84852374,0.81176519
0.70277965,0.77148271
0.90445781,0.96093750
0.89809227,0.90387791
0.85734904,0.84759659
0.87797475,0.89461780
0.89384466,0.94208241
0.91628420,0.95119363
0.91111505,0.90923703
0.88115811,0.98130840
0.56919253,0.56146836
0.89606810,0.91173589
0.63402128,0.50154185
0.65593398,0.58893472
0.23301470,0.14646147
0.55164260,0.50424671
0.49460036,0.41088435
0.43350500,0.29401568
0.43172500,0.48030955
0.29153103,0.07546584
0.71025199,0.74223316
0.57881427,0.87124062
0.91193104,0.91920114
0.65593481,0.74406934
0.92327988,0.92366052
0.79877073,0.64682537
0.52228159,0.60321188
0.53380716,0.37818581
0.70822388,0.62571734
0.87156713,0.91259533
0.73068047,0.72680253
0.64408642,0.66029036
0.86532801,0.87170118
0.77922022,0.76955587
0.89048719,0.93319839
0.72061872,0.85587108
0.57021588,0.58505511
0.83710766,0.96349204
0.45645964,0.61569321
0.73008788,0.69259226
0.72246069,0.66327536
0.90899611,0.91928649
0.91614425,0.95802468
0.92222041,0.90012270
0.88014597,0.90114379
0.33149138,0.20503296
0.34250805,0.35523197
0.43194157,0.26745707
0.87745112,0.90437460
0.74076915,0.63581181
0.60032910,0.61104149
0.89384985,0.93285304
0.33637539,0.81210190
0.42940351,0.47129482
0.86835843,0.81258750
0.57113296,0.45364729
0.88110614,0.98169702
0.74789548,0.78268450
0.55965126,0.61704546
0.89085555,0.88990861
0.87507808,0.97045207
0.71956331,0.70130837
0.90991867,0.89285284
0.68978471,0.62724870
0.68519706,0.56385195
0.47985756,0.25637975
0.76961678,0.79500234
0.73697162,0.69508725
0.70563996,0.63013417
0.87661600,0.98334062
0.53277749,0.69055158
0.86504465,0.92383808
0.89293957,0.94218361
0.85774773,0.86891854
0.88606590,0.86367422
0.66953635,0.51754659
0.70623511,0.78297937
0.87868315,0.93371862
0.90468711,0.90143776
0.83190554,0.91566491
0.39017239,0.30468205
0.61477536,0.56979698
0.37693036,0.23250675
0.89140952,0.86995327
0.38238859,0.41469720
0.91438556,0.93900478
0.60882944,0.43546876
0.82181364,0.77786911
0.42960501,0.69936556
0.87507385,0.95305806
0.82655215,0.76403230
0.85408258,0.80402207
0.73357701,0.75223839
0.79628611,0.83078456
0.83292371,0.78764856
0.92406869,0.95811826
0.67348862,0.65855736
0.86178160,0.91666669
0.20968330,0.07999019
0.85633355,0.76587898
0.85587394,0.61953080
0.83191872,0.75495642
0.91822696,0.95080733
0.81584805,0.77038592
0.83056647,0.80060756
0.64908475,0.74267250
0.77529228,0.79971099
0.87553304,0.91238075
0.30445319,0.22217397
0.89070141,0.87666112
0.65494573,0.74300504
0.52104366,0.45698714
0.41422424,0.36278734
0.48472112,0.37106428
0.69185096,0.71309465
0.56365395,0.44977465
0.66735750,0.59016037
0.88129562,0.91565895
0.91126913,0.91120613
0.86185670,0.91013020
0.90355706,0.89345205
0.79668063,0.80820620
0.73568296,0.86757928
0.84307224,0.91666669
0.78502870,0.85315496
0.91629869,0.87983447
0.53085440,0.49665090
0.90394330,0.95381582
0.88457459,0.90521133
0.74115521,0.67910516
0.63561088,0.40959081
0.26111794,0.20271671
0.63746953,0.68091470
0.75224376,0.68552852
0.90323406,0.96753246
0.32161832,0.10126051
0.86823195,0.80754149
0.91737956,0.93436402
0.85049391,0.74362189
0.84528893,0.82724601
0.76725852,0.79828215
0.79219848,0.69347245
0.87231839,0.82698303
0.91732788,0.93198323
0.64803803,0.51811862
0.73980618,0.70439917
0.88910741,0.92944145
0.86544192,0.90636706
0.83511358,0.71667582
0.55200648,0.42832315
0.85483301,0.89857936
0.87229997,0.86661679
0.91821563,0.92589283
0.40740710,0.25634059
0.77456057,0.83868378
0.84675002,0.78827751
0.90809929,0.92849410
0.89038593,0.89989805
0.77202630,0.76666665
0.59024173,0.55991811
0.33793688,0.28589076
0.85439205,0.88310915
0.46794632,0.55888957
0.90933430,0.89850473
0.43369892,0.27880543
0.90337098,0.92014730
0.72826719,0.73731178
0.62356526,0.52108461
0.78002065,0.83567995
0.31786713,0.32528889
0.89372790,0.96169591
0.53229791,0.77822578
0.49574438,0.58068180
0.89621562,0.87170529
0.80086350,0.71845239
0.91500413,0.87380368
0.71951336,0.76607144
0.88579762,0.95326221
0.91275752,0.89258462
0.41847041,0.34081885
0.58884376,0.59745753
0.73035836,0.68646055
0.73513651,0.82647961
0.88721943,0.90271491
0.88312483,0.91725850
0.87703133,0.88718826
0.79448509,0.87114435
0.73077238,0.60120356
0.77120787,0.46852174
0.60892344,0.73190427
0.42871967,0.39402726
0.75671780,0.62926930
0.55973572,0.49691918
0.92843795,0.98701298
0.87934619,0.89826065
0.82280338,0.85449898
0.87254614,0.90821499
0.75620067,0.75923043
0.81074595,0.70555204
0.84893906,0.94282120
0.85881734,0.77347064
0.84698296,0.67157787
0.86614239,0.70553362
0.71715051,0.81201661
0.89968705,0.88078886
0.82262826,0.83578432
0.92137557,0.94103128
0.48557675,0.53107768
0.51679265,0.52988833
0.43044269,0.20009609
0.43611991,0.39013493
0.67607850,0.78663665
0.90914023,0.89193547
0.56969333,0.44416144
0.79903030,0.93978345
0.83184731,0.81386513
0.30306754,0.33039546
0.82906806,0.65399677
0.77778560,0.75515068
0.92247087,0.96022224
0.86349475,0.87657964
0.85015750,0.84198749
0.77942431,0.86983937
0.73859417,0.78114754
0.70965540,0.78111744
0.52176785,0.56970626
0.85237813,0.92520034
0.77893692,0.79707003
0.84992099,0.89074498
0.90159869,0.84968865
0.64896113,0.76813245
0.84952044,0.90280050
0.87406927,0.94572371
0.74409723,0.82553840
0.63507831,0.65357143
0.88058728,0.95462906
0.57784688,0.66510111
0.88879287,0.79662228
0.92157805,0.90443242
0.71865571,0.84760690
0.74642086,0.83841294
0.45285168,0.67039657
0.78880239,0.83207256
0.82309288,0.81657487
0.76183432,0.77877766
0.41765571,0.31129807
0.61001778,0.68655598
0.46450382,0.59858119
0.20084000,0.17453220
0.82527119,0.93983346
0.80104363,0.93475556
0.76746833,0.75798655
0.77343464,0.70731276
0.71606016,0.71174288
0.51792252,0.35124078
0.89025253,0.91406113
0.69650471,0.76807600
0.82286131,0.76313525
0.39436430,0.31278375
0.41681013,0.44432133
0.87561589,0.90317613
0.76218712,0.79202557
0.89764583,0.93099362
0.66620672,0.70170403
0.48592669,0.54166949
0.74317789,0.85633147
0.90931827,0.90139705
0.69943780,0.75012022
0.78602642,0.80881226
0.76582557,0.82235855
0.52881348,0.60790813
0.78347552,0.74700153
0.89217585,0.96954507
0.87193161,0.91812015
0.80108255,0.84948391
0.15935451,0.08566161
0.86550921,0.12643468
0.68154699,0.85046059
0.90078652,0.90807289
0.90277511,0.93888801
0.70090735,0.60186297
0.91169631,0.91981262
0.76999557,0.69896704
0.76692861,0.66550720
0.76356423,0.77146763
0.75903404,0.90429294
0.75635242,0.79958069
0.50207365,0.40756464
0.73905218,0.39721471
0.36805436,0.17623153
0.66756874,0.73163074
0.89358217,0.89707863
0.90290809,0.56689388
0.74168873,0.87054497
0.80921417,0.88084084
0.88288593,0.91818798
0.87079203,0.94163120
0.92948067,0.86440676
0.80651516,0.87353730
0.49289310,0.56899458
0.50324959,0.49455270
0.67602593,0.61777139
0.65864146,0.52595538
0.60062075,0.94755542
0.49469975,0.36901370
0.88879699,0.87933469
0.87139487,0.87507808
0.89417315,0.91969991
0.91782761,0.97183162
0.73616862,0.69854492
0.90467298,0.90601087
0.89411712,0.91934985
0.73216236,0.76273364
0.85813546,0.86068255
0.84692180,0.91656953
0.78909045,0.60021871
0.85640836,0.85117328
0.71222353,0.86987966
0.85713869,0.84303600
0.68087512,0.77068216
0.60002619,0.79150760
0.93365157,0.97414732
0.86788768,0.88803732
0.90126455,0.90785474
0.65966576,0.71074456
0.80586076,0.83252627
0.68507683,0.63190854
0.84823012,0.88191229
0.26666903,0.20976952
0.84135985,0.95288247
0.90983939,0.92028987
0.41027796,0.49156144
0.66910911,0.83364457
0.85166848,0.87213224
0.87143075,0.88528138
0.72623515,0.58817035
0.42667249,0.31286803
0.52464545,0.62922794
0.51370257,0.61418188
0.69109571,0.24347527
0.29623714,0.11873738
0.75002027,0.76134181
0.29757372,0.39613393
0.56094015,0.82008451
0.82962680,0.80440974
0.45147690,0.33329469
0.85970652,0.92367554
0.78752530,0.89866668
0.51511049,0.70171762
0.48071465,0.42954203
0.73259199,0.80566639
0.72364628,0.83036262
0.91351300,0.92585701
0.77738905,0.74073303
0.82340848,0.80979818
0.88710988,0.86962384
0.71711642,0.62326616
0.81593198,0.63095152
0.86811578,0.89482588
0.64829141,0.83699787
0.46407318,0.49342829
0.84064841,0.91283423
0.86617583,0.80642664
0.57687706,0.62330812
0.87679958,0.89504141
0.87950075,0.89152396
0.81718737,0.92405063
0.32861763,0.32725823
0.42417958,0.39709273
0.78669071,0.93515384
0.87852287,0.88094622
0.80147058,0.85957152
0.39158505,0.27339184
0.89294100,0.86980635
0.86743772,0.79888940
0.40077293,0.42548537
0.87887311,0.86160082
0.42792588,0.54627961
0.68534863,0.43585798
0.63527608,0.50837368
0.85604221,0.85884035
0.90568775,0.88307792
0.38288957,0.45987770
0.88705724,0.91107064
0.29079100,0.24315847
0.83436304,0.90119338
0.86709917,0.90645260
0.52245951,0.72031248
0.86601853,0.87706041
0.84573591,0.80713564
0.85474133,0.85912198
0.72712398,0.72882140
0.86064214,0.99019605
0.85662544,0.83900726
0.52987736,0.32135075
0.45702285,0.39172241
0.64508688,0.67829460
0.43008542,0.37510505
0.90533113,0.83604652
0.87410855,0.85988456
0.60945618,0.65158045
0.31891206,0.31108308
0.44206533,0.50334930
0.84999990,0.85481507
0.78890014,0.79130161
0.83842403,0.84695125
0.74093032,0.61887354
0.30897579,0.14263675
0.64682233,0.48690495
0.81462705,0.86300260
0.43841958,0.26383927
0.47434175,0.53753352
0.80777079,0.62433434
0.57891315,0.45224568
0.89845324,0.95352924
0.88605803,0.80819237
0.71358067,0.69459707
0.58236235,0.67878431
0.91686672,0.89837396
0.92267424,0.95400435
0.86911774,0.91041696
0.86078095,0.75858337
0.84681797,0.82003665
0.70710784,0.70340455
0.64863682,0.48337805
0.40800726,0.37991992
0.73289466,0.86611974
0.61466974,0.58784384
0.69155860,0.75064933
0.87476480,0.90627605
0.58275533,0.65292746
0.90032738,0.91074139
0.64956599,0.76752019
0.80560452,0.87040246
0.67487651,0.61211991
0.44570515,0.43487820
0.84346658,0.90623552
0.92761636,0.89944851
0.75326103,0.84052944
0.38602459,0.26004007
0.72320038,0.84988815
0.57467145,0.53417081
0.83668828,0.83466578
0.74206412,0.52981442
0.76174188,0.86218321
0.75089008,0.81845027
0.85921979,0.86103523
0.52432615,0.51631916
0.68248940,0.83559859
0.61022574,0.18303572
0.68355703,0.93627453
0.88407969,0.83944249
0.85716808,0.84463322
0.24556398,0.09526616
0.92003834,0.93244487
0.81604517,0.77100843
0.86424345,0.94883019
0.92668265,0.92723972
0.78656757,0.68794161
0.87718731,0.86485237
0.91474402,0.92160589
0.84173250,0.89840817
0.64854479,0.92906165
0.85900372,0.75259233
0.71065211,0.61574060
0.61618680,0.59257960
0.89585274,0.79675978
0.67152941,0.59789425
0.90823400,0.93469661
0.62186229,0.54686409
0.91535223,0.93159062
0.76568019,0.70015490
0.74880475,0.86223722
0.86256111,0.90609950
0.88819164,0.94830412
0.86396420,0.94938821
0.36649546,0.35658288
0.83438802,0.71201617
0.57840765,0.45272169
0.83269739,0.82881021
0.42395481,0.37209436
0.74699068,0.92400002
0.57226539,0.68304229
0.69204825,0.71880341
0.88465053,0.88179296
0.70525098,0.76571894
0.73955643,0.77197582
0.58542174,0.57446116
0.35648355,0.32542616
0.71408367,0.65605420
0.77744383,0.61134416
0.45908850,0.58115762
0.85653853,0.81293952
0.74945897,0.60676390
0.88471961,0.82358974
0.85218441,0.85777777
0.43128383,0.27318868
0.60178202,0.81480813
0.85894030,0.87839675
0.49649727,0.29782945
0.25342774,0.04680178
0.26383284,0.06657046
0.85607761,0.90623760
0.84215814,0.81647158
0.60396397,0.58619440
0.87715739,0.92981434
0.92004037,0.95986170
0.61867124,0.74702710
0.52142733,0.64082605
0.76782662,0.76300967
0.87066764,0.83017105
0.84332550,0.84848541
0.79724616,0.79630065
0.79978120,0.79869944
0.54199791,0.59406590
0.76461387,0.79819822
0.79330939,0.81499010
0.91435295,0.91630435
0.47001386,0.34444845
