Predicted Score,Actual Score
0.83806515,0.97402596
0.83929223,0.73417723
0.61484706,0.12823969
0.85970736,0.81259978
0.87997866,0.89496130
0.57110167,0.47500202
0.89701271,0.90291262
0.87440687,0.96124291
0.89791435,0.89341539
0.85885859,0.88575649
0.84699696,0.89799571
0.89488834,0.90173441
0.86883187,0.87073731
0.88924772,0.92330921
0.38695019,0.56876683
0.74314040,0.75344354
0.89159787,0.95312500
0.88784879,0.91624480
0.82119679,0.69825709
0.60488081,0.67295039
0.88866085,0.92591548
0.72648728,0.83874792
0.65383977,0.67183489
0.88815922,0.87838751
0.79536325,0.85806680
0.38695019,0.67744184
0.77251959,0.64183676
0.87134588,0.90314204
0.55502743,0.39795625
0.38695019,0.23219927
0.71669757,0.73923182
0.62112182,0.62878650
0.88668716,0.79866892
0.91787690,0.93340164
0.83573860,0.76762378
0.89024740,0.87750590
0.69870645,0.70610350
0.90257156,0.87274390
0.84901941,0.77471316
0.70572317,0.74017882
0.69747496,0.53162020
0.82123947,0.85185730
0.88897067,0.82243454
0.91174632,0.96494067
0.70355648,0.68949252
0.79609120,0.84601575
0.67926526,0.66256118
0.91175199,0.96178091
0.87685978,0.89498997
0.38695019,0.60363024
0.91559416,0.95655042
0.58129042,0.52236116
0.76602882,0.77376813
0.89445323,0.95441693
0.69863731,0.69354075
0.38695019,0.63580692
0.87880945,0.84415495
0.68004954,0.40421757
0.62584865,0.71092772
0.59768283,0.48772570
0.88645697,0.92003518
0.70395893,0.80931371
0.78270686,0.81769353
0.52636558,0.58732945
0.88855994,0.93263525
0.91368091,0.92334527
0.88409877,0.86228913
0.39199439,0.61061680
0.89927834,0.94150591
0.89012820,0.93775851
0.71317744,0.77325583
0.78923166,0.75315696
0.91238707,0.94875002
0.92058402,0.91922528
0.38695019,0.08555707
0.90569144,0.91582203
0.69052255,0.45671695
0.89761621,0.90770239
0.88872069,0.85985541
0.70247293,0.62730861
0.71060848,0.72826087
0.91305685,0.88688642
0.62064290,0.71479058
0.38695019,0.36846665
0.63264239,0.65540588
0.64217234,0.68428475
0.81479377,0.84891218
0.79273057,0.55244505
0.85062623,0.35617423
0.64203537,0.50777072
0.84035492,0.85436708
0.75069577,0.79423076
0.86468887,0.89748764
0.73266017,0.83244783
0.92554528,0.92120171
0.84055495,0.88900036
0.69289219,0.84893095
0.38695019,0.26438427
0.90191168,0.93618190
0.70703143,0.71952027
0.75737059,0.70891517
0.85684949,0.93338555
0.78279054,0.81782299
0.77342504,0.82515365
0.91194659,0.93354863
0.76763141,0.76575905
0.82366282,0.78066832
0.81090224,0.81996006
0.38695019,0.70684522
0.71930617,0.62531328
0.89485252,0.92056233
0.88078666,0.89564049
0.76218188,0.75606227
0.89552855,0.79218322
0.87591273,0.74072599
0.89225334,0.98071426
0.89357215,0.92811561
0.88351482,0.87471670
0.91101283,0.91462636
0.88133657,0.82258064
0.38723341,0.39279380
0.86759073,0.88937986
0.88725966,0.90602368
0.79058731,0.81310177
0.65004718,0.55831259
0.80105442,0.94914424
0.90414166,0.95865506
0.91359478,0.91876382
0.67575192,0.50917327
0.38695019,0.36498562
0.46122286,0.61657834
0.88659471,0.79741937
0.90898484,0.95239449
0.50427043,0.28675476
0.38695019,0.07518037
0.81208038,0.71153843
0.89442778,0.92348027
0.90978700,0.92421323
0.75399673,0.56428504
0.87293589,0.82616764
0.38695019,0.34419924
0.62601119,0.81334132
0.73387694,0.65832502
0.38695019,0.43220028
0.83298016,0.90905404
0.87484866,0.79105079
0.68637657,0.55054945
0.70897961,0.62651515
0.83353728,0.86879802
0.87206584,0.97530866
0.88517451,0.87283242
0.69573462,0.56747156
0.90668589,0.94212097
0.72786009,0.66474348
0.85585529,0.92114174
0.70549458,0.53451371
0.38695019,0.53433007
0.38695019,0.26161468
0.56807113,0.76617503
0.42612061,0.26211971
0.80313194,0.85384059
0.74618691,0.83106786
0.58110511,0.52025586
0.55418807,0.45982206
0.73487675,0.66571146
0.66515487,0.65996927
0.72422552,0.55469769
0.38695019,0.49744070
0.86999965,0.82678950
0.89320874,0.86687738
0.45254129,0.50203669
0.79479182,0.82179201
0.80789256,0.83482140
0.88146096,0.87538403
0.71570885,0.42339361
0.91572231,0.87560409
0.85493636,0.96667218
0.90610307,0.91998285
0.63190711,0.57792211
0.38695019,0.11602031
0.38695019,0.44695711
0.88657540,0.90727723
0.38695019,0.21682203
0.72354758,0.73896211
0.38695019,0.08269231
0.90200263,0.89456820
0.38695019,0.54569191
0.38695019,0.53317410
0.88160014,0.80749857
0.87411976,0.91145813
0.78254890,0.55948716
0.85768557,0.80233300
0.88444179,0.88644528
0.72893816,0.62116641
0.91508895,0.95716840
0.84699357,0.88170350
0.88892305,0.87957662
0.89387959,0.89387870
0.39046544,0.40693602
0.89024866,0.89572513
0.88431847,0.91693234
0.84546900,0.84765124
0.55196792,0.76251251
0.89255267,0.91515762
0.89591587,0.87500000
0.87896574,0.89019877
0.84707749,0.61056477
0.61387539,0.82854885
0.88784724,0.78734589
0.81566501,0.78923386
0.86951232,0.88581467
0.38695019,0.16648623
0.59707683,0.67439586
0.62484288,0.60586655
0.40308282,0.21057090
0.92133808,0.97528487
0.62524426,0.77255833
0.84760475,0.81333578
0.62856382,0.40319654
0.38695019,0.18734229
0.87746787,0.93949294
0.84362370,0.83993411
0.85355473,0.81172067
0.88474029,0.84017092
0.90752643,0.92468828
0.90582228,0.88304842
0.65257090,0.66082203
0.88789696,0.88372952
0.89615542,0.83225191
0.91800600,0.95003641
0.86666822,0.72066885
0.83767402,0.86759102
0.91704226,0.95790040
0.86147380,0.90465409
0.82220423,0.89721519
0.71732044,0.70557100
0.75120628,0.69692564
0.88413793,0.92170662
0.64168090,0.82425898
0.88223195,0.87733400
0.73021418,0.73381919
0.85597682,0.93076921
0.38695019,0.24927424
0.75996441,0.52957636
0.81798631,0.82738793
0.70248646,0.86590999
0.90247238,0.92802405
0.88052034,0.90368575
0.62585014,0.54557669
0.70311737,0.62063390
0.78086960,0.79854780
0.85581183,0.74737102
0.38695019,0.12833922
0.83259928,0.79881155
0.44126034,0.35335454
0.89705676,0.93185782
0.65910256,0.59370100
0.70183825,0.77021104
0.58769971,0.52511907
0.46010390,0.30528343
0.72234368,0.80870020
0.54823220,0.34392732
0.87479985,0.89617443
0.65428853,0.35266176
0.38695019,0.07075887
0.91886693,0.87498575
0.72746980,0.88172841
0.38695019,0.12780370
0.90054309,0.90276414
0.76411635,0.83361101
0.76818258,0.88522983
0.91521442,0.95717955
0.52791166,0.46015915
0.65101278,0.38126567
0.38695019,0.25172111
0.84749275,0.80265307
0.81796467,0.76514375
0.64858937,0.07320361
0.78452343,0.89524198
0.68821448,0.73342174
0.88446593,0.80329156
0.83711791,0.85264045
0.77420437,0.78269428
0.86745059,0.87559807
0.89188880,0.90807718
0.38695019,0.36312518
0.91434193,0.80876142
0.38695019,0.25291896
0.87606347,0.86300600
0.69695026,0.79727256
0.60154068,0.61340129
0.90079868,0.89284766
0.91362149,0.91649079
0.55869472,0.55881286
0.38695019,0.54536289
0.86350703,0.75468165
0.89296651,0.94361734
0.73805684,0.59260988
0.66732252,0.64701778
0.75556767,0.71809447
0.89231622,0.93402511
0.56545913,0.58740681
0.39785701,0.41599599
0.38695019,0.14241019
0.79366601,0.67805189
0.91445506,0.80217671
0.73291767,0.66494596
0.88009065,0.95568520
0.68165767,0.61684728
0.90797883,0.88004929
0.81427807,0.88933253
0.84715313,0.82872027
0.68641156,0.80215055
0.84538007,0.80901641
0.77669823,0.82661730
0.38695019,0.11900791
0.80382031,0.87948585
0.81045198,0.80047262
0.65831298,0.46851847
0.45356059,0.57297772
0.87452751,0.71595830
0.55729377,0.74690306
0.82604903,0.73192525
0.63715792,0.75357145
0.62445325,0.57308745
0.64140075,0.62363571
0.65610111,0.65479439
0.89526528,0.93142426
0.75849575,0.83667612
0.87701148,0.89990115
0.73863053,0.67989606
0.89573663,0.94007879
0.89030534,0.91771734
0.88916314,0.91071504
0.89296246,0.92906648
0.91202039,0.91549295
0.72709012,0.66958934
0.38695019,0.41143456
0.69735748,0.88174874
0.86311668,0.85992599
0.49961901,0.13107717
0.86917794,0.89474386
0.83183068,0.68202478
0.91627824,0.94682842
0.77960658,0.63246292
0.88698030,0.62972188
0.48433667,0.37559256
0.89077389,0.80065358
0.91450775,0.92087841
0.38695019,0.36875001
0.91439158,0.91927636
0.57106429,0.46600592
0.63462919,0.61411488
0.90744662,0.89916748
0.88049310,0.92163610
0.89826041,0.93200552
0.63874412,0.61390060
0.86855429,0.65883905
0.89735043,0.67633200
0.72777724,0.86915255
0.38695019,0.15155677
0.54670507,0.49106583
0.60112906,0.69213933
0.38736522,0.24906784
0.38695019,0.54263598
0.80873632,0.77467996
0.79332840,0.68409622
0.38695019,0.29139313
0.50366575,0.51904726
0.46855617,0.38562462
0.82650149,0.84973544
0.89525795,0.95088142
0.90830994,0.94298244
0.89099908,0.86500758
0.87015188,0.90359151
0.87059850,0.87472767
0.63557136,0.46424896
0.92385334,0.95084935
0.77168596,0.77117878
0.72588879,0.58342171
0.88591826,0.91828686
0.81257296,0.80697674
0.73782164,0.71942645
0.87704861,0.93650794
0.69127536,0.57005721
0.39440411,0.51761085
0.85597575,0.75609297
0.59704089,0.45612457
0.83470410,0.73582870
0.61812234,0.38604474
0.89702648,0.90181994
0.83548653,0.73497599
0.87509191,0.88957173
0.38695019,0.34808046
0.84292495,0.92061257
0.87915242,0.90839982
0.57405847,0.55831069
0.72619909,0.72351193
0.90041280,0.93805766
0.63280410,0.64244634
0.72525227,0.32544324
0.75907743,0.73041230
0.39917833,0.34453544
0.59897840,0.50486070
0.82705313,0.78953445
0.86367959,0.94339621
0.38695019,0.30385977
0.75970352,0.64590788
0.88811129,0.85407209
0.88190138,0.91231942
0.80005425,0.18738404
0.52559543,0.45740741
0.84615093,0.96041739
0.64740908,0.72167873
0.69925046,0.42158175
0.86621892,0.91804773
0.82930899,0.78965688
0.58204621,0.52184761
0.79758412,0.87190974
0.91889751,0.94274896
0.79342335,0.80571985
0.86324108,0.07899183
0.79469359,0.60848868
0.85255444,0.89148116
0.53033030,0.51343048
0.90984070,0.92359877
0.69126487,0.79474926
0.74782836,0.88637221
0.87765765,0.98275864
0.88916284,0.89629233
0.83011687,0.89764708
0.84041697,0.84450263
0.60506701,0.61614585
0.38695019,0.17829013
0.89477515,0.92699409
0.77545244,0.81618500
0.58884275,0.53220779
0.87787771,0.92192829
0.38695019,0.33106670
0.38695019,0.44288188
0.75395155,0.56109023
0.67524385,0.43951538
0.86099732,0.92528480
0.89267504,0.93086082
0.45221987,0.26050326
0.70152378,0.56626183
0.38695019,0.36328125
0.89863563,0.92448813
0.79379207,0.82105064
0.50963414,0.68381846
0.84692889,0.82598782
0.54424948,0.50071144
0.88126320,0.94360578
0.87426549,0.90516317
0.64977908,0.72879392
0.81076545,0.76458818
0.87769067,0.88809526
0.91096091,0.92989480
0.89130396,0.98217809
0.76615691,0.86826700
0.87465769,0.56681240
0.88245010,0.85920775
0.70798123,0.57705969
0.92605096,0.88157892
0.64840859,0.78612471
0.76169682,0.94624126
0.74772453,0.54118794
0.70091355,0.63134241
0.61303252,0.87279165
0.38695019,0.31614673
0.84481055,0.86965811
0.84207046,0.88306868
0.89280164,0.92385060
0.77338445,0.76888734
0.82719570,0.84614265
0.76272041,0.72766995
0.38695019,0.11512188
0.92076385,0.93403876
0.87997377,0.82826018
0.87393910,0.87306368
0.83119452,0.87089950
0.80721372,0.75645971
0.80915165,0.85018182
0.85353214,0.66416782
0.63798225,0.75797015
0.38695019,0.25341764
0.52926642,0.61868542
0.89242613,0.93299794
0.68889928,0.53369093
0.38695019,0.50543553
0.89146513,0.94818151
0.75020486,0.89948452
0.87174183,0.88830614
0.69337606,0.55795473
0.79597205,0.71386105
0.75199139,0.76758122
0.85969412,0.75173992
0.76918334,0.67453843
0.38695019,0.15517631
0.38695019,0.08621617
0.88198376,0.87846482
0.76272643,0.77368772
0.38695019,0.32831958
0.71099001,0.69556928
0.81421572,0.85143918
0.76510054,0.96383566
0.79882407,0.91259277
0.52360785,0.42557567
0.90622556,0.88128066
0.62016422,0.73436350
0.82697034,0.75521260
0.92565429,0.94178456
0.83149743,0.83820224
0.82345712,0.90534252
0.89316458,0.90604395
0.73059666,0.54397857
0.38695019,0.34042621
0.71854973,0.74213564
0.49632430,0.46721312
0.75027221,0.83787876
0.89218158,0.77691257
0.55897331,0.78463358
0.55625582,0.54062980
0.62853014,0.56309479
0.89192957,0.90254986
0.72554398,0.81804323
0.88235497,0.88422751
0.84922582,0.82250792
0.50369090,0.68953943
0.88484496,0.90570074
0.91281086,0.94573575
0.92147452,0.98872048
0.38695019,0.28900936
0.85673368,0.79104477
0.90592551,0.93850523
0.88742971,0.89795154
0.88755471,0.83737725
0.70493132,0.74095714
0.38695019,0.33032396
0.38695019,0.34530908
0.81364667,0.80003738
0.78834504,0.74438637
0.88274777,0.86483365
0.71613503,0.16271827
0.38695019,0.27488452
0.87725455,0.97891808
0.82588375,0.81934381
0.76983607,0.87059790
0.72483784,0.53162599
0.79367799,0.89136720
0.77090549,0.78222442
0.74067366,0.87974375
0.38695019,0.17347129
0.79300916,0.78741497
0.57921994,0.57768714
0.79530442,0.66176468
0.78183055,0.37600806
0.67982519,0.90059763
0.90882206,1.00000000
0.74411958,0.75333333
0.50993454,0.51879370
0.76050514,0.87455761
0.83600032,0.88170165
0.38695019,0.33645615
0.88455027,0.78451216
0.89448446,0.87897205
0.46299303,0.37231278
0.62831378,0.65100884
0.88534051,0.98514849
0.38695019,0.34342417
0.89295650,0.94150341
0.87025887,0.86278194
0.70519173,0.73398250
0.38695019,0.18351649
0.92066360,0.17508772
0.76485407,0.54235989
0.84961444,0.88377446
0.89131337,0.88747102
0.85761380,0.68725389
0.88040626,0.94704670
0.68275523,0.76789868
0.88923270,0.90375656
0.53515297,0.38664913
0.77021027,0.58123970
0.90685517,0.94471526
0.49838376,0.58785385
0.38695019,0.13317041
0.72896159,0.82111031
0.81702256,0.81927550
0.80351394,0.50737178
0.38695019,0.35793820
0.88628292,0.94668913
0.73826814,0.78106236
0.55791157,0.76445186
0.85098195,0.94601381
0.87247461,0.90634274
0.74324584,0.68380833
0.87386060,0.90094048
0.38695019,0.20601732
0.74082887,0.57549256
0.48041722,0.40170914
0.66690236,0.56870341
0.83248222,0.70322567
0.38695019,0.56885648
0.91589916,0.95232815
0.85095263,0.97230917
0.89462388,0.90798736
0.43911621,0.50279957
0.87536418,0.93726468
0.40142518,0.47462690
0.87487686,0.98611641
0.76846468,0.84835601
0.62328905,0.45559782
0.81846213,0.90083504
0.82965285,0.91296166
0.87742722,0.94327378
0.38695019,0.16424765
0.58505929,0.55503821
0.88796639,0.91661292
0.38695019,0.45925885
0.38695019,0.29532996
0.91857839,0.87887806
0.89853889,0.90586281
0.38695019,0.17696486
0.60100168,0.82478631
0.86158633,0.86314261
0.82181728,0.76869750
0.55306071,0.53705597
0.86902803,0.92538112
0.38695019,0.56055903
0.87967509,0.88629723
0.72842896,0.75627935
0.91023976,0.93670887
0.77976316,0.82308888
0.63667130,0.40456834
0.86174220,0.91089743
0.75114363,0.78777778
0.86296797,0.92911357
0.86049253,0.69113922
0.90008378,0.90190220
0.74213445,0.63666749
0.89801222,0.85641026
0.46399167,0.17829363
0.88181710,0.69058317
0.38695019,0.15327817
0.88329470,0.90101820
0.87874150,0.91109407
0.91307497,0.95047361
0.91302305,0.92647058
0.61705822,0.68912905
0.89715296,0.92720586
0.57921606,0.42086020
0.38695019,0.27375650
0.89540666,0.86971354
0.82883298,0.89973330
0.82689959,0.79886061
0.45055893,0.43711844
0.89066529,0.98076922
0.38695019,0.10615226
0.79089200,0.83466554
0.79107988,0.88856828
0.87393010,0.94647890
0.52171123,0.43639743
0.73442858,0.55140448
0.83438236,0.87530923
0.84113955,0.78524160
0.88062757,0.91887212
0.88913220,0.96458089
0.56918079,0.73625642
0.70871460,0.62658280
0.85715264,0.84385967
0.75350398,0.15565036
0.92425412,0.95704174
0.90454286,0.89234298
0.38695019,0.52842444
0.89287573,0.87819541
0.90165931,0.88687754
0.75361991,0.73830181
0.64189547,0.52949911
0.83486038,0.71129984
0.81949770,0.86401820
0.83303291,0.84465569
0.39840743,0.62325048
0.80578387,0.70629656
0.89850795,0.96345747
0.85818040,0.85711020
0.58576924,0.42282653
0.89763731,0.83812600
0.79386014,0.91418177
0.73484737,0.53076196
0.87438393,0.76756668
0.60632420,0.48365700
0.75573492,0.84386742
0.85845280,0.87472898
0.51671910,0.43295455
0.78363955,0.15256086
0.38695019,0.56848830
0.40244886,0.46316090
0.77549767,0.84844136
0.52277684,0.58766234
0.89687449,0.93451458
0.90162784,0.94434857
0.83002645,0.87548947
0.83793932,0.66451401
0.90856183,0.93750000
0.78621334,0.87782383
0.78628063,0.77662879
0.38695019,0.52112883
0.87694538,0.74080932
0.46554694,0.35436183
0.85527074,0.90838045
0.91140300,0.86874288
0.38695019,0.40221879
0.85550928,0.68074971
0.83244491,0.27570876
0.61346847,0.65938246
0.74636322,0.75972068
0.71733403,0.72567880
0.90075576,0.92263740
0.83451861,0.90852314
0.77240223,0.77347380
0.78152645,0.90735614
0.38695019,0.39060232
0.89848906,0.93160450
0.88169754,0.93575215
0.89434350,0.95952332
0.89469320,0.92662084
0.38695019,0.13453953
0.62748575,0.80454558
0.88432842,0.97752655
0.89118916,0.84678727
0.78677589,0.82333183
0.88663465,0.93022865
0.82489991,0.61199600
0.70063144,0.77859968
0.84175956,0.80725890
0.76681614,0.83139491
0.83384740,0.83583742
0.83713979,0.87042934
0.56251740,0.70664060
0.52155697,0.36685368
0.80453432,0.74097306
0.71803474,0.79255486
0.85441256,0.84913212
0.78206003,0.71875864
0.78494745,0.67011690
0.74522358,0.32683048
0.71051848,0.55766112
0.86206800,0.85989255
0.38695019,0.19367094
0.80778837,0.93538404
0.89170611,0.90991825
0.77021611,0.68539327
0.88452077,0.91759419
0.78070354,0.72106284
0.38695019,0.32704347
0.88841313,0.93608046
0.78943980,0.86502969
0.90417832,0.95979702
0.78439128,0.84799147
0.38695019,0.37755728
0.91577679,0.95145708
0.71854591,0.56290847
0.87872124,0.91645712
0.89331812,0.95285410
0.63626492,0.62650567
0.41379172,0.32072335
0.90305984,0.89240617
0.52819318,0.35028657
0.62134814,0.71653408
0.86494982,0.88588905
0.38695019,0.26666120
0.80110693,0.74499589
0.88204098,0.83351606
0.88341022,0.96326405
0.83210742,0.90768588
0.87830633,0.94939309
0.76372492,0.85437626
0.88330144,0.95850748
0.50671202,0.54287916
0.38695019,0.36428204
0.88229561,0.88704598
0.69317019,0.43425927
0.88295209,0.94929725
0.71468246,0.71067512
0.84459955,0.63700873
0.78062749,0.86472732
0.75793517,0.71541029
0.77550530,0.63905811
0.86779523,0.80315578
0.88778180,0.88850272
0.75094950,0.66753322
0.47312707,0.44647831
0.76937932,0.62124932
0.74199235,0.87901765
0.77140391,0.78030300
0.38695019,0.52420342
0.88884848,0.92205089
0.78190005,0.78166133
0.84704000,0.73881441
0.88436103,0.84031099
0.63729894,0.63799721
0.90450627,0.94316679
0.89429319,0.93215811
0.85497808,0.89567053
0.85532027,0.25329894
0.80196226,0.86700290
0.88194048,0.95950282
0.88494426,0.88489062
0.81679517,0.86976236
0.74278402,0.76693648
0.71397531,0.30950662
0.86928445,0.72567809
0.89538872,0.97021693
0.38695019,0.21486366
0.87098026,0.78550839
0.89980847,0.93685639
0.38695019,0.49767870
0.69267756,0.69782382
0.39354637,0.25678471
0.87896216,0.86602592
0.71243405,0.55377764
0.70245743,0.62692308
0.38695019,0.46017650
0.91397643,0.92502511
0.88225836,0.88770777
0.75978267,0.82881659
0.67364627,0.50868225
0.88167256,0.92674989
0.38695019,0.36921552
0.91043687,0.90374178
0.91357845,0.88365299
0.73197389,0.72280091
0.41128394,0.36578321
0.72505921,0.84963846
0.91200262,0.95857555
0.86076725,0.91486543
0.81332016,0.82511932
0.54876107,0.54123598
0.83441550,0.87810737
0.89221436,0.88048673
0.87762785,0.86632097
0.90755731,0.89029562
0.86384571,0.92037600
0.63765430,0.57556325
0.57754320,0.68744832
0.89989740,0.90070903
0.56280965,0.65185744
0.85641336,0.84777701
0.38695019,0.32695955
0.90516078,0.99002868
0.70534635,0.69989926
0.86639726,0.71813726
0.85399973,0.61200142
0.77156931,0.49263832
0.89791346,0.94070256
0.92253691,0.96220237
0.85062295,0.85051167
0.91795367,0.91666669
0.87020242,0.77461988
0.38695019,0.46426493
0.38695019,0.17483173
0.91317183,0.88480097
0.82572043,0.83754009
0.84750390,0.84317225
0.87494421,0.83602023
0.38695019,0.11402626
0.89185190,0.95478034
0.89164954,0.91940153
0.92366350,0.97209769
0.84843403,0.88014835
0.73862076,0.51186508
0.84151822,0.92653054
0.90042257,0.96006495
0.78591770,0.67934263
0.82320887,0.71043456
0.89648831,0.92495000
0.73086369,0.35361624
0.47595429,0.50788003
0.91031832,0.98148149
0.64368790,0.68704647
0.78852016,0.86311477
0.52101094,0.52732795
0.79329360,0.88892710
0.91043806,0.95763242
0.84326923,0.80791467
0.80913407,0.83319384
0.88749129,0.81443512
0.55723453,0.68139619
0.52430332,0.74045002
0.70480406,0.80992734
0.81919128,0.87623996
0.38695019,0.67512143
0.63887775,0.60962784
0.87945956,0.94444442
0.87446332,0.91606665
0.52862489,0.35512239
0.89154559,0.90430218
0.92220217,0.92204130
0.63123536,0.55746180
0.48848945,0.49128383
0.88924092,0.89216524
0.90724725,0.95149255
0.91029298,0.98148149
0.69394982,0.94337589
0.88595855,0.80992484
0.89655340,0.90847337
0.84183335,0.92484701
0.54132879,0.26357070
0.38695019,0.08537281
0.87607902,0.93373901
0.87524992,0.87512636
0.88942379,0.91501004
0.83091366,0.95940173
0.91711199,0.91044438
0.47060478,0.59308600
0.85112524,0.90087485
0.66697013,0.61900586
0.69107056,0.82157707
0.58006990,0.52896458
0.85427547,0.73947090
0.84585178,0.79045957
0.53401035,0.54188710
0.86372274,0.87981242
0.46179605,0.65378422
0.51290464,0.61596203
0.91657233,0.94051993
0.73585379,0.74266541
0.60700262,0.64204597
0.87362349,0.88051951
0.83709550,0.89543957
0.79144728,0.81695253
0.74487555,0.91156465
0.81481004,0.64776045
0.90411288,0.92656809
0.86399180,0.93346846
0.86037922,0.92307693
0.88154024,0.91433054
0.87975508,0.88171500
0.76931769,0.78515816
0.38695019,0.21394357
0.83651912,0.71412039
0.39388043,0.37766421
0.89264226,0.86475295
0.38695019,0.16192956
0.52882111,0.68831170
0.86586821,0.87214881
0.82459414,0.77392119
0.38695019,0.17979489
0.65778410,0.87428027
0.38695019,0.35305768
0.80551052,0.92311543
0.90560001,0.97734177
0.51884061,0.44297516
0.72418869,0.58479846
0.74096495,0.77450913
0.90183806,0.91695273
0.91054469,0.95487177
0.91154897,0.94533968
0.80212349,0.80533808
0.81276578,0.94351768
0.90883452,0.93783897
0.84709120,0.89982951
0.81114584,0.69699663
0.48769805,0.49800220
0.38695019,0.21694674
0.70843017,0.17383404
0.87448972,0.82614231
0.82302439,0.87852186
0.88091451,0.92970103
0.87290096,0.92205727
0.86716145,0.79311341
0.38695019,0.51911014
0.74822062,0.67791635
0.79791409,0.69121093
0.78517413,0.77200490
0.91546404,0.96604937
0.50349915,0.38564792
0.75960809,0.81436181
0.67696166,0.62727273
0.54846287,0.46962860
0.87934548,0.94494885
0.70443195,0.77758312
0.72775972,0.64672607
0.72414374,0.74681777
0.88161629,0.90649003
0.72504461,0.69499135
0.74000746,0.55331343
0.49368441,0.52941179
0.38695019,0.12279566
0.64192939,0.20196499
0.63465321,0.66119969
0.87440813,0.80784112
0.74873912,0.62730896
0.91599333,0.92794609
0.87991291,0.84856158
0.47991398,0.30643708
0.50562990,0.55393302
0.88536477,0.93758202
0.45889631,0.32155719
0.84057665,0.81454670
0.89604622,0.89606696
0.48437017,0.36516562
0.91614014,0.93428081
0.38695019,0.23690413
0.88320369,0.84717596
0.87270594,0.91078752
0.82485110,0.90155697
0.88162446,0.91223651
0.38695019,0.26881394
0.72968113,0.84800750
0.54109329,0.42078146
0.89063150,0.92582595
0.77126259,0.61574668
0.79941189,0.91927910
0.87582362,0.95104164
0.80629361,0.85549217
0.63605487,0.62375444
0.87879145,0.93637651
0.88524145,0.89367819
0.90947002,0.98437500
0.57294327,0.53379685
0.81710738,0.80090910
0.38739222,0.51022112
0.91552389,0.90876842
0.61314833,0.91176468
0.84507793,0.95534998
0.91854006,0.93555743
0.83411747,0.86466682
0.91906947,0.95430315
0.87484914,0.93287402
0.57413083,0.78593373
0.59329480,0.69455785
0.87452960,0.91957241
0.89760721,0.94464284
0.88013661,0.93530023
0.89482266,0.90274012
0.72552001,0.45755017
0.75051677,0.56770021
0.55711591,0.36953107
0.85211611,0.85556936
0.65094042,0.62952900
0.87264061,0.92032969
0.74032158,0.78991342
0.86608773,0.79022276
0.90478551,0.93898064
0.55798930,0.61570078
0.81751662,0.61032093
0.79648840,0.80869693
0.49299401,0.52065676
0.89338797,0.88971859
0.71810389,0.76950121
0.68600380,0.74825537
0.91243726,0.92996031
0.88121700,0.85084409
0.88380378,0.92322910
0.74090242,0.86068684
0.77151686,0.82627243
0.88915783,0.87418145
0.38695019,0.38190293
0.49494424,0.70674533
0.50504613,0.45081618
0.38695019,0.19908528
0.85873133,0.93265975
0.38695019,0.13550466
0.87878609,0.82801121
0.86011505,0.82499671
0.85279858,0.82292283
0.88408488,0.61613685
0.63075745,0.41865605
0.73467094,0.85303593
0.74704236,0.72537714
0.88626671,0.90746534
0.73984021,0.65970802
0.79667109,0.79149979
0.62575269,0.51734716
0.68879449,0.70596415
0.73691130,0.86146969
0.47476569,0.59412861
0.78802741,0.90554196
0.68887639,0.31699321
0.71972257,0.79235536
0.85900533,0.96315634
0.89274162,0.95144135
0.70337182,0.69962430
0.88861525,0.93211806
0.84344018,0.79020721
0.38695019,0.13364494
0.88573086,0.89458221
0.76989329,0.70245183
0.77246916,0.88117242
0.73912656,0.81967878
0.38695019,0.45043087
0.88483304,0.92016530
0.74078816,0.74292898
0.84962177,0.86784792
0.46820122,0.48134920
0.38695019,0.38352272
0.91756141,0.90179396
0.49147797,0.62159163
0.69581628,0.82353109
0.77596390,0.74484628
0.49390942,0.46226159
0.89552087,0.94724113
0.72753429,0.64109588
0.49946645,0.63318902
0.80661213,0.87730807
0.75504744,0.54174799
0.38695019,0.26134872
0.53568286,0.39796156
0.91563755,0.96515346
0.88660550,0.84253895
0.87993878,0.89035964
0.81175423,0.68880910
0.87178040,0.80264014
0.86248410,0.94652826
0.38695019,0.40216938
0.39021116,0.32936326
0.88941216,0.88440251
0.84098893,0.91058183
0.88873810,0.95819235
0.80212533,0.80141354
0.87688845,0.81881869
0.38695019,0.33966598
0.88365579,0.83845812
0.62935460,0.72067273
0.83169907,0.71464974
0.87804163,0.94552267
0.76916164,0.82677245
0.86696923,0.89366513
0.38695019,0.44353002
0.83160788,0.86284196
0.87089449,0.90117520
0.72542083,0.67239612
0.46849522,0.45512497
0.38695019,0.41031593
0.85900879,0.85483080
0.38695019,0.12402173
0.88380247,0.87717927
0.77697033,0.76724756
0.77700835,0.74839228
0.89738613,0.95609128
0.87960982,0.87540984
0.88874668,0.89596272
0.88837463,0.78938752
0.86737466,0.86691177
0.73437822,0.85494852
0.43393815,0.39591315
0.89040953,0.92033941
0.87791622,0.88691229
0.56419504,0.17861831
0.81661785,0.77333140
0.78876162,0.77242583
0.85770369,0.90382445
0.89965129,0.96130955
0.88003564,0.90178835
0.90640479,0.86821795
0.38695019,0.51038188
0.50386930,0.52354044
0.70695049,0.39061904
0.73641431,0.78983051
0.90384293,0.90608150
0.78875774,0.86151963
0.40583372,0.16620064
0.85994864,0.81705415
0.38695019,0.14033276
0.83855087,0.94849259
0.87042457,0.93695247
0.88090992,0.90225464
0.63461363,0.68723565
0.78634727,0.70983922
0.90456402,0.93921524
0.91785401,0.97331643
0.85456806,0.94247788
0.91376752,0.94023150
0.88873369,0.89014053
0.60611796,0.58158690
0.90006703,0.95213675
0.90452570,0.96273726
0.64976919,0.29339823
0.91888070,0.94588178
0.62089878,0.35537711
0.88242090,0.90648854
0.90182596,0.92760080
0.69976395,0.61439639
0.53128767,0.61636692
0.84593904,0.82331884
0.91474372,0.95866567
0.90081203,0.87172282
0.38695019,0.44508946
0.62668049,0.71611089
0.57604444,0.74423760
0.70996058,0.72952181
0.38695019,0.41164085
0.86589968,0.82517481
0.88645661,0.94793499
0.79210615,0.72894895
0.84289616,0.77467930
0.75225472,0.75584644
0.74252951,0.86081523
0.85859585,0.79092300
0.85648572,0.95771295
0.38695019,0.23065026
0.63676143,0.40575597
0.91412115,0.91637313
0.87303251,0.85944188
0.89409405,0.82319373
0.90307802,0.87709641
0.66923201,0.85654885
0.88615835,0.81987131
0.65723670,0.75668681
0.78233528,0.96326727
0.83588493,0.90877980
0.85638201,0.78017247
0.78287154,0.89659327
0.85612750,0.45434865
0.84451377,0.93550819
0.39286852,0.33236539
0.67532057,0.67126918
0.88949776,0.86809969
0.85549206,0.76524013
0.90974122,0.95311350
0.73558247,0.70298028
0.72054291,0.63070697
0.48959279,0.38904256
0.65540534,0.67159504
0.89900661,0.89412314
0.65462804,0.78604466
0.90503436,0.89639795
0.80420107,0.90183181
0.67791677,0.77594239
0.40711367,0.66692740
0.79969001,0.92419624
0.38695019,0.43101856
0.86395752,0.73391855
0.91837096,0.93786341
0.88361436,0.92271572
0.87334889,0.86316317
0.63694549,0.74612027
0.84629601,0.84178931
0.86225933,0.94119513
0.83086908,0.89251560
0.86138153,0.08616666
0.87664366,0.94889951
0.89723969,0.85838568
0.74927610,0.78195721
0.60324955,0.50961137
0.87851590,0.91318637
0.48361677,0.58032495
0.79501367,0.72058821
0.74893981,0.87648863
0.65948248,0.89723504
0.88853765,0.97198546
0.54028523,0.53174502
0.73473662,0.74054253
0.85540533,0.89807105
0.88301510,0.87314165
0.73005921,0.49803987
0.86102104,0.91567296
0.74086034,0.70998877
0.80687749,0.79656887
0.75073016,0.76658165
0.90959603,0.92745882
0.87145942,0.94270670
0.90633357,0.88472223
0.57090110,0.91358906
0.89055836,0.94486678
0.87334448,0.89864576
0.87051404,0.91669101
0.81572455,0.86409551
0.87767422,0.93267393
0.60013998,0.75018275
0.75741333,0.74797732
0.89523035,0.87692684
0.51363361,0.45611110
0.72669840,0.88962030
0.79258054,0.73376626
0.80950516,0.87730265
0.72322059,0.65064371
0.38695019,0.24327958
0.89281046,0.90283960
0.83745134,0.89793319
0.91363364,0.90713865
0.87276876,0.86267680
0.75546420,0.83767259
0.63383245,0.75043857
0.38695019,0.29342574
0.75417763,0.37517300
0.44922495,0.27144331
0.51180625,0.53353494
0.90529573,0.93888563
0.48643845,0.53177083
0.42625868,0.55553466
0.82989782,0.83362466
0.89041299,0.80975300
0.64068854,0.73159635
0.38695019,0.41099244
0.82959437,0.85301232
0.44409215,0.22399463
0.82758725,0.84236497
0.88252014,0.83059180
0.85566926,0.70978802
0.81484181,0.90175575
0.75033796,0.88496017
0.88512385,0.88146681
0.88263094,0.92958516
0.82522207,0.92494768
0.88118601,0.89472997
0.82395357,0.79526842
0.69502306,0.55668980
0.50004572,0.60080689
0.89685094,0.89541948
0.88967973,0.90695620
0.54724300,0.64195281
0.90767592,0.89309132
0.86739433,0.92199475
0.51738179,0.46343273
0.61786640,0.48762295
0.54021698,0.37766227
0.81754142,0.84082973
0.75622451,0.82466567
0.66972268,0.78476727
0.59885943,0.57847667
0.76702130,0.86685240
0.41037029,0.48266807
0.90924376,0.92900878
0.90618581,0.94202763
0.56547219,0.53758651
0.87288219,0.95274055
0.84719592,0.81160688
0.73560345,0.54689425
0.59335506,0.43769249
0.89551622,0.95743710
0.38695019,0.26628786
0.91346669,0.71685928
0.88319790,0.92110193
0.91677934,0.89462847
0.79757953,0.94512832
0.48649159,0.53698891
0.79458040,0.89818394
0.68829519,0.66532636
0.87458098,0.80210078
0.38695019,0.13075037
0.90308005,0.95270759
0.89104337,0.86370462
0.38695019,0.49028674
0.88050902,0.86971426
0.42007458,0.28106725
0.65705031,0.62579632
0.64195859,0.70767403
0.49315211,0.49142787
0.87714118,0.87161088
0.73389673,0.81364524
0.88759649,0.82076824
0.84210980,0.76398718
0.84671032,0.70944595
0.57836008,0.81606609
0.72980791,0.77454114
0.57558578,0.51892120
0.40945455,0.33438757
0.89038914,0.87753981
0.91760772,0.93807071
0.74526978,0.81902450
0.88017398,0.83854169
0.74569440,0.73578578
0.38695019,0.24476069
0.58349818,0.53281617
0.81949985,0.92047477
0.85402542,0.82710451
0.79536307,0.90542126
0.45872042,0.51606286
0.84886384,0.73391616
0.88139397,0.93402922
0.38695019,0.65666670
0.90160418,0.89485359
0.55771303,0.31634554
0.79353780,0.93243587
0.55901396,0.64970696
0.88085854,0.90725738
0.83855647,0.71543360
0.39370528,0.75549358
0.91779149,0.93879426
0.78669971,0.80238050
0.79212821,0.59600776
0.79475349,0.65135133
0.84232223,0.74812269
0.89711434,0.94710082
0.77069300,0.95040262
0.62682426,0.41656491
0.79822743,0.83460188
0.53652668,0.65000886
0.70520395,0.59144676
0.38695019,0.40970385
0.89036518,0.91748369
0.87314165,0.89698690
0.38695019,0.38408521
0.87079608,0.82805753
0.85225272,0.79830301
0.89681584,0.90281177
0.83768034,0.87611806
0.91918761,0.87324220
0.88855320,0.88167590
0.89316171,0.97204489
0.90953082,0.93010205
0.90458995,0.95964092
0.87913334,0.73860455
0.40765876,0.49867678
0.55505109,0.50132352
0.62640631,0.69505018
0.73144460,0.84510601
0.89304483,0.95837182
0.88283950,0.92829204
0.77643299,0.83752120
0.90732914,0.98404253
0.88249820,0.90488315
0.90199810,0.95265329
0.88865811,0.89866310
0.38695019,0.48596954
0.39906803,0.47469667
0.64224917,0.64932239
0.78501129,0.91496086
0.85663736,0.90919358
0.87992918,0.93144357
0.86608672,0.94767022
0.65345585,0.59418839
0.80979234,0.81429839
0.87835884,0.87630820
0.77145725,0.86969548
0.86890012,0.90734369
0.38695019,0.23983876
0.91942185,0.95225853
0.76462030,0.74336976
0.43413991,0.20974027
0.88059098,0.85911715
0.87880564,0.92190522
0.62840927,0.63594991
0.89562553,0.87459141
0.92336959,0.91888404
0.89427233,0.87656248
0.77941829,0.72008377
0.89795893,0.91064250
0.88827711,0.91873574
0.76733327,0.88412184
0.90153605,0.96045852
0.53358126,0.59251827
0.91564250,0.98125660
0.70645809,0.71476805
0.92491573,0.91274738
0.89373738,0.93771875
0.72078097,0.90582424
0.80860555,0.86909419
0.38695019,0.66639233
0.38695019,0.56607145
0.87915540,0.86414915
0.60706228,0.73283887
0.77436650,0.72567838
0.89115614,0.80612981
0.85791159,0.76363367
0.88304198,0.92203224
0.71457767,0.30417153
0.38695019,0.24640717
0.87425566,0.94013160
0.48888820,0.61984944
0.77047801,0.85978144
0.87709558,0.75075912
0.83950704,0.77610731
0.87894189,0.94225049
0.38695019,0.43986452
0.47234884,0.64820087
0.63427269,0.65961528
0.79480886,0.82529610
0.38695019,0.13065517
0.38695019,0.27115142
0.88210016,0.85416496
0.89219356,0.90534735
0.91443378,0.94278848
0.66643703,0.72029686
0.86458868,0.92424244
0.75829262,0.91895717
0.78603190,0.66417360
0.38695019,0.32791984
0.89602977,0.90549296
0.86224973,0.95789301
0.87621462,0.89080381
0.54198515,0.77852327
0.91043782,0.99382716
0.87011760,0.88186079
0.62428594,0.88710868
0.91222924,0.92620957
0.69700611,0.68692023
0.89314473,0.89170754
0.86586171,0.75865537
0.85572648,0.88659948
0.85435003,0.90233785
0.59612417,0.59161586
0.85571045,0.84202844
0.43581322,0.40008104
0.38695019,0.19608384
0.38695019,0.38803819
0.84324479,0.83664083
0.91000825,0.93995357
0.38695019,0.17202541
0.91121674,0.94480026
0.78103912,0.91060805
0.92199790,0.95128202
0.74903458,0.72880971
0.76045191,0.64410317
0.56946015,0.59747022
0.84818459,0.89400923
0.92043245,0.96926028
0.38695019,0.28936982
0.88623655,0.90047210
0.82133633,0.88663781
0.80456698,0.65250051
0.54155421,0.68346667
0.71669281,0.69276422
0.84626204,0.90303099
0.85415488,0.76921195
0.40016207,0.57899725
0.91702956,0.97542685
0.89445251,0.94569963
0.90190113,0.87832510
0.85659730,0.77567565
0.84450698,0.85220218
0.90761191,0.93093783
0.51607883,0.53888887
0.60483581,0.67654282
0.38695019,0.30169028
0.76405573,0.73221946
0.87552643,0.88268322
0.62198550,0.53039193
0.88312018,0.82138282
0.90637529,0.95707542
0.78616881,0.80100870
0.59215611,0.16196567
0.45661244,0.46990740
0.62526822,0.93861771
0.38695019,0.36217457
0.83805633,0.80709219
0.84350079,0.86199093
0.87874079,0.90178287
0.82305843,0.80542874
0.80737412,0.80751878
0.91233599,0.80104631
0.86754340,0.88718373
0.76272458,0.69739503
0.89471900,0.97984850
0.46730739,0.36426768
0.84687209,0.88705528
0.52998245,0.36864805
0.74366635,0.66977620
0.87347615,0.88403136
0.74959630,0.76571822
0.38695019,0.37886363
0.65272272,0.65493828
0.38795382,0.43489569
0.78771305,0.73532635
0.87175131,0.81124872
0.88052630,0.99519229
0.87968010,0.84344262
0.79042900,0.78308499
0.87944865,0.86333960
0.80478370,0.90753543
0.68574464,0.72476077
0.69846481,0.92074680
0.53919184,0.35370290
0.91825831,0.95396715
0.88139504,0.87761462
0.80568564,0.81144160
0.92685401,0.95044720
0.88544470,0.93787879
0.89781660,0.85638297
0.75594330,0.85987854
0.88635200,0.82632869
0.88091278,0.89242089
0.79870141,0.82250887
0.85977805,0.81279546
0.86769140,0.94034493
0.76211411,0.77992052
0.77897823,0.76553100
0.73802519,0.68906206
0.81913352,0.82355517
0.49267358,0.35938177
0.85876453,0.87345409
0.88239396,0.88898343
0.88043702,0.89636159
0.90232158,0.92429376
0.83694732,0.67505187
0.38695019,0.44651172
0.74366158,0.88253027
0.92807603,0.97088867
0.87434119,0.86081493
0.91215503,0.93382460
0.56455952,0.54484087
0.54867673,0.75259417
0.71777469,0.80454546
0.83392805,0.84909785
0.90446395,0.95265228
0.81609881,0.92188805
0.64442289,0.46306127
0.91023892,0.91840661
0.66124141,0.68427199
0.92813498,0.94943053
0.87628633,0.92813319
0.38695019,0.37271520
0.80575806,0.75953388
0.92036253,0.89450550
0.80934608,0.85920537
0.69213569,0.73107523
0.85346603,0.83104122
0.90513670,0.91353768
0.89905638,0.97617865
0.88086808,0.89562041
0.38695019,0.41411451
0.88433158,0.91535169
0.86048949,0.87848437
0.75455678,0.77436620
0.62823880,0.89726198
0.89857292,0.91848284
0.49361345,0.40602154
0.87708008,0.95445096
0.87265140,0.78282315
0.65369868,0.79333568
0.69145191,0.73695797
0.72635335,0.74194068
0.87280065,0.88089836
0.74775469,0.70376295
0.79012227,0.79222780
0.38695019,0.53284085
0.74999380,0.69232672
0.88925731,0.87362635
0.87448931,0.93315899
0.88273752,0.89847904
0.91535074,0.95048326
0.87707818,0.82544190
0.54245484,0.45111784
0.81823248,0.76526254
0.75546664,0.66666669
0.90685105,0.97847730
0.80526173,0.94832075
0.83358371,0.86359763
0.87254602,0.93086141
0.87996030,0.87737757
0.85724622,0.73550689
0.72997475,0.51974297
0.88671988,0.90886420
0.88656706,0.38720176
0.88511342,0.91401410
0.63516504,0.48355031
0.62958199,0.62408209
0.52646786,0.48662463
0.90720910,0.86647338
0.87725133,0.95473486
0.71787906,0.71931773
0.89681441,0.95317155
0.54783297,0.61325783
0.60613936,0.48577949
0.78763634,0.71954024
0.90845424,0.93052202
0.66337979,0.66256094
0.89026505,0.88869721
0.84990305,0.87507844
0.86495012,0.81792372
0.84996277,0.86819649
0.82427251,0.86218625
0.88285786,0.88602632
0.91947913,0.91711634
0.66540599,0.63773948
0.90435189,0.89752495
0.88650513,0.93743151
0.64734608,0.49827948
0.76223719,0.88587773
0.78865105,0.77601486
0.81006730,0.85811526
0.77578002,0.85945159
0.85330689,0.70968443
0.52572662,0.61327791
0.88447368,0.92292207
0.82106608,0.82941765
0.80267501,0.66451561
0.79019213,0.92823392
0.86003339,0.71632773
0.88762712,0.94417560
0.80097950,0.68505210
0.90857714,0.91002417
0.88420528,0.91359538
0.71933734,0.85673094
0.71371186,0.70807981
0.70804703,0.76070392
0.38695019,0.13729459
0.71545166,0.68835652
0.74239969,0.72137666
0.74875993,0.82629925
0.89874458,0.86523712
0.57004023,0.59538245
0.38695019,0.15473181
0.86708868,0.73120302
0.71994811,0.72034764
0.76265699,0.81581563
0.55836320,0.49250498
0.90300924,0.92217743
0.79870570,0.81998229
0.85147226,0.74506533
0.78883350,0.66413325
0.38695019,0.50783974
0.90511829,0.94408256
0.51052511,0.37030447
0.73677933,0.87927926
0.58734554,0.53091592
0.89124906,0.95057774
0.82979256,0.80528605
0.47010291,0.37589082
0.84826100,0.83684266
0.88702089,0.97540987
0.39703184,0.62377995
0.62640351,0.48037428
0.47838202,0.46269619
0.88423699,0.93457288
0.84510416,0.80866539
0.78345424,0.89903843
0.79437327,0.84958625
0.75424129,0.61506706
0.85107404,0.76880431
0.73139703,0.90974027
0.81403095,0.79691225
0.39269066,0.87143034
0.74049228,0.76363635
0.45205837,0.40563783
0.87639344,0.74708658
0.84777129,0.97692186
0.52809513,0.42828083
0.87338173,0.92113245
0.83889782,0.83368820
0.88584465,0.85752261
0.87881070,0.89205337
0.57432860,0.55848861
0.86224836,0.92058164
0.89970714,0.86682916
0.86919940,0.86542338
0.72398853,0.34309050
0.38695019,0.10223510
0.87249565,0.85050559
0.82908773,0.79062480
0.88110662,0.92328155
0.88964790,0.97340423
0.38695019,0.40775433
0.79782939,0.75948274
0.86944556,0.78137255
0.86667132,0.88627803
0.78730655,0.81695038
0.78049541,0.75612265
0.38695019,0.15788215
0.78111041,0.92603093
0.87369186,0.62210047
0.38695019,0.33476782
0.79284585,0.83544338
0.88640952,0.88758588
0.86049008,0.78805077
0.58172148,0.49801278
0.61216402,0.60709095
0.75696588,0.84692925
0.82350457,0.72917205
0.76330936,0.90947235
0.89286333,0.91117525
0.90404469,0.93593907
0.38695019,0.60444576
0.74045902,0.73260748
0.80493832,0.66800827
0.88935524,0.90116984
0.67197049,0.66688097
0.89487934,0.94407284
0.82004613,0.83050269
0.91721278,0.96413970
0.38695019,0.30929348
0.85672891,0.93405366
0.80169863,0.84988165
0.76396197,0.85200143
0.38695019,0.11235981
0.83165628,0.70359343
0.85977882,0.69242609
0.86141902,0.85500002
0.72041285,0.71504486
0.66987824,0.56811988
0.74549109,0.84428191
0.78988999,0.45439693
0.73332393,0.62743056
0.38695019,0.29696268
0.88453656,0.85932982
0.80296862,0.85385585
0.41349477,0.52152991
0.50305563,0.50629544
0.90841573,0.92316020
0.88169611,0.88298571
0.88970822,0.92222607
0.87499273,0.85558599
0.74809951,0.43593705
0.87888038,0.99253732
0.38695019,0.19189817
0.68635136,0.55577368
0.89899677,0.92915082
0.38695019,0.17149614
0.91064090,0.90909094
0.56077802,0.48133001
0.38695019,0.26531985
0.38695019,0.34279943
0.84445709,0.94318181
0.38695019,0.16805555
0.92337078,0.92390758
0.89775997,0.90907645
0.85589570,0.90473849
0.76753271,0.60401648
0.92376232,0.94725490
0.61104536,0.51886147
0.87501276,0.90454543
0.89072543,0.89266211
0.73410761,0.63306081
0.79103762,0.80605441
0.61515701,0.49109986
0.91043538,0.93343937
0.86769664,0.82869685
0.78887945,0.76971161
0.70786667,0.75072098
0.68785119,0.59973037
0.88162798,0.93272662
0.38695019,0.16096221
0.50052750,0.83236551
0.38695019,0.14895315
0.80318129,0.74707866
0.48367223,0.32226485
0.38768330,0.56694961
0.87978470,0.89686990
0.90120977,0.94380414
0.76733673,0.72198862
0.38695019,0.33630988
0.85799140,0.79918033
0.71105683,0.80353743
0.83285230,0.77578127
0.87158960,0.85983205
0.70932806,0.79289818
0.89717191,0.17597333
0.38695019,0.27355328
0.77343524,0.70210099
0.83303273,0.90981239
0.84530836,0.80974191
0.88362342,0.94101930
0.84928644,0.74400544
0.61450911,0.47822964
0.86341661,0.88957387
0.88064224,0.91254580
0.65455317,0.81035084
0.88024604,0.91257709
0.46479133,0.41389197
0.75697482,0.85481483
0.63366866,0.49117348
0.88961428,0.91156292
0.45786434,0.41237518
0.86306554,0.73316973
0.85156882,0.90417427
0.82648182,0.84203482
0.82488912,0.87100881
0.62312657,0.64989978
0.81382298,0.66030031
0.81133634,0.84235799
0.46692440,0.53175914
0.38695019,0.42613587
0.76369309,0.74045897
0.87121785,0.92179739
0.83394349,0.83363283
0.75491160,0.74972790
0.89724356,0.93267393
0.93057245,0.90011698
0.88124770,0.80131948
0.60150951,0.68642855
0.71965170,0.81843573
0.75713867,0.70556027
0.74137110,0.86710781
0.72252440,0.88317168
0.92306894,0.53268218
0.74821860,0.71708071
0.42393026,0.49782473
0.77042282,0.63613039
0.91275793,0.95715326
0.90943503,0.94849253
0.38695019,0.43774909
0.88435948,0.80915117
0.88477230,0.92648935
0.90387440,0.90317327
0.88642389,0.88832200
0.90953892,0.94523060
0.88672990,0.90917122
0.38695019,0.51725292
0.89028442,0.93333334
0.90765578,0.95148885
0.38716045,0.49638805
0.77971578,0.88987964
0.46322665,0.52429187
0.79508317,0.76684982
0.90822607,0.92035741
0.74788809,0.60529757
0.74163795,0.59092259
0.60712516,0.57391024
0.76530665,0.77398944
0.76951373,0.80154157
0.87540334,0.90063465
0.87788135,0.94029009
0.87399644,0.82723516
0.38695019,0.32289064
0.70544779,0.58769631
0.51419914,0.56708324
0.85402155,0.88732040
0.85080189,0.83375001
0.86179918,0.83192021
0.87931800,0.87247783
0.75475776,0.75191194
0.53821462,0.54102367
0.62498695,0.58003098
0.38695019,0.43387705
0.88698429,0.89318383
0.89718777,0.97521418
0.88207018,0.92824352
0.82696211,0.85440701
0.38695019,0.24134728
0.51277709,0.46230251
0.83051920,0.95507568
0.89381880,0.90797651
0.87183583,0.87545484
0.66830099,0.55882353
0.48792031,0.41450471
0.88965255,0.94064313
0.76811880,0.79514021
0.73413092,0.62104017
0.72345042,0.74635702
0.71036822,0.74321967
0.76628828,0.64693373
0.62023419,0.64818114
0.73966241,0.81084216
0.83018547,0.94846493
0.86997092,0.85275441
0.38695019,0.16919251
0.76117897,0.73777807
0.78974921,0.60520834
0.86818713,0.72881877
0.38695019,0.13987172
0.82395542,0.74972749
0.53788155,0.57779288
0.89111817,0.91396326
0.53989518,0.49417111
0.88994694,0.90073121
0.56573260,0.68355483
0.38695019,0.45858580
0.55143124,0.59835202
0.49894613,0.60581255
0.48025054,0.27689710
0.77497387,0.88675213
0.87413579,0.89387077
0.89355832,0.86072850
0.86686420,0.90895396
0.38695019,0.12685186
0.90749967,0.94719952
0.88442057,0.80947930
0.75187266,0.87093079
0.72257471,0.53754151
0.59023094,0.48074982
0.77947867,0.70175231
0.66536438,0.80138272
0.53877014,0.18914123
0.83323848,0.89991969
0.84662974,0.90664697
0.90932935,0.92192310
0.73451918,0.70954633
0.73345566,0.64516598
0.88779837,0.93934959
0.72310805,0.68070573
0.85160691,0.78901410
0.38695019,0.25915682
0.91254359,0.93755049
0.71090466,0.78349674
0.38695019,0.30113637
0.76928318,0.79827219
0.73433775,0.70221823
0.81696129,0.96412265
0.38695019,0.30938494
0.38695019,0.24587674
0.88608378,0.91239721
0.63319731,0.43103448
0.85272837,0.65319914
0.89174432,0.91233766
0.59936613,0.55924815
0.72869861,0.89297050
0.90472758,0.92712766
0.79615492,0.65528846
0.88777536,0.91641706
0.83623117,0.91049892
0.83586425,0.72620887
0.86386812,0.92000842
0.90547985,0.90261990
0.88510811,0.94229674
0.64314497,0.74520206
0.65250456,0.70211607
0.88386774,0.98922598
0.73345983,0.69567865
0.76832795,0.91332501
0.88636291,0.97619045
0.88435912,0.91140813
0.90415972,0.97933853
0.89350867,0.92179483
0.82018107,0.83434474
0.41622916,0.43875387
0.38695019,0.12598751
0.88679624,0.80515140
0.90071189,0.78235292
0.90512401,0.89587718
0.90566981,0.92665416
0.70362115,0.64506000
0.66096699,0.73887980
0.89760691,0.92082554
0.79518920,0.89070284
0.90217692,0.66290534
0.89674777,0.94156039
0.62956107,0.53559911
0.79684484,0.70679015
0.84443748,0.87731093
0.86935842,0.91074419
0.47453296,0.52660644
0.83372593,0.69846857
0.93027306,0.92421627
0.82701325,0.86835557
0.57836378,0.50482512
0.86873531,0.82318991
0.44885319,0.30889091
0.61512542,0.55752653
0.43924665,0.31595987
0.63729900,0.83333331
0.46547836,0.33849600
0.77191633,0.79298246
0.85365433,0.71165258
0.46037620,0.31763548
0.49069017,0.39099726
0.75445229,0.73548859
0.38695019,0.34459993
0.81663865,0.88075078
0.75619280,0.85386860
0.86351943,0.84730196
0.88767129,0.84439600
0.80288601,0.89345825
0.77019310,0.78287286
0.85891050,0.90166646
0.48961940,0.49553746
0.87977397,0.90880620
0.85081267,0.84768492
0.85636365,0.83387977
0.87184608,0.75215387
0.85483515,0.76766616
0.63020593,0.53104299
0.52399272,0.81340581
0.79931116,0.75326777
0.65574515,0.51244235
0.38695019,0.34693033
0.86696696,0.79598188
0.89450616,0.90986842
0.49334821,0.45630932
0.88643819,0.89654469
0.54622996,0.68593282
0.56724036,0.60692453
0.83134454,0.84840775
0.49374399,0.35541871
0.68951619,0.63192332
0.69482261,0.77879041
0.40776849,0.39656276
0.89922625,0.94523376
0.74828124,0.63374132
0.89086384,0.98275864
0.79798961,0.85287970
0.38695019,0.18073878
0.74046618,0.67013109
0.87995332,0.95277780
0.84392655,0.70886618
0.85438073,0.94090909
0.38695019,0.37231132
0.81726003,0.79828602
0.79614747,0.78862488
0.38695019,0.14017177
0.85635126,0.86554027
0.91982102,0.95667285
0.79981071,0.84633219
0.89252657,0.96923077
0.81774741,0.89775115
0.72893834,0.64714241
0.88281775,0.83513546
0.54365665,0.72588235
0.75584763,0.84754902
0.52286315,0.71759260
0.68941569,0.70015180
0.81180328,0.75465667
0.38695019,0.41527238
0.84018207,0.85904509
0.81154644,0.74544257
0.78542811,0.70368671
0.87354463,0.96376812
0.90153933,0.99275362
0.86481005,0.82435900
0.41439337,0.59803253
0.88852686,0.82986039
0.44104326,0.63351828
0.84232360,0.81027752
0.89539063,0.95262128
0.62064171,0.80894148
0.84327358,0.85415053
0.52891195,0.22454269
0.73388201,0.83595204
0.82106853,0.70385230
0.81245053,0.85160822
0.38695019,0.13069455
0.90301770,0.95625663
0.45926872,0.44530153
0.71775877,0.84039712
0.38695019,0.43346915
0.84294587,0.89800197
0.90800375,0.90875059
0.82825309,0.82030994
0.83304644,0.79763937
0.38695019,0.24452288
0.76041436,0.83806610
0.73860103,0.65213674
0.65292060,0.57287008
0.88601387,0.92304611
0.81122154,0.94978607
0.62136835,0.64651471
0.85795367,0.86218202
0.89681643,0.91463667
0.66169560,0.84729153
0.72046173,0.75903976
0.38695019,0.45269471
0.88129628,0.92181176
0.93626732,0.95691174
0.88072652,0.79957718
0.83815217,0.87323833
0.88586617,0.62049538
0.76434565,0.83840066
0.92236561,0.94470590
0.89397496,0.63815278
0.83114302,0.81925821
0.76062155,0.76926482
0.78374755,0.93142217
0.59872764,0.64008701
0.87746412,0.83216071
0.86090219,0.93350875
0.77481198,0.83468765
0.89913112,0.91225690
0.89713246,0.79963523
0.87537992,0.94897085
0.61414695,0.75115359
0.72409850,0.66969699
0.90721971,0.94510549
0.53285873,0.46856546
0.58668864,0.56722486
0.76806504,0.79981911
0.86327505,0.91211033
0.85906917,0.90170288
0.89288634,0.96798378
0.76403528,0.67013174
0.90143198,0.88219142
0.85067791,0.91038436
0.85956085,0.79298246
0.89257807,0.86638868
0.38695019,0.12465912
0.64452380,0.90974259
0.62038094,0.39943701
0.43379277,0.46200973
0.65408081,0.82783753
0.73760855,0.82958025
0.91314059,0.94356018
0.38849992,0.33618388
0.79523152,0.73583418
0.61723936,0.55495280
0.59771490,0.50611144
0.70430052,0.84291822
0.90904081,0.88362384
0.49268448,0.53967869
0.38695019,0.29709384
0.73020732,0.68652040
0.87539572,0.87947094
0.79847163,0.68962061
0.76253694,0.60175437
0.73577696,0.59613425
0.59498149,0.54225522
0.78611708,0.88332212
0.86698437,0.87752408
0.85873759,0.89441079
0.38695019,0.06378902
0.80273074,0.90164453
0.38695019,0.46296296
0.74484092,0.67128801
0.61935687,0.57127637
0.77070260,0.79508626
0.87200826,0.93096691
0.89291334,0.91537356
0.88760257,0.95516568
0.85328883,0.74644977
0.91091466,0.96847826
0.55607820,0.55499166
0.63261390,0.75261503
0.63880444,0.42450452
0.89099646,0.89535546
0.91725403,0.90532106
0.86959243,0.81703997
0.80916911,0.85103798
0.87978822,0.90310782
0.90513450,0.97872341
0.88903558,0.96459067
0.76721525,0.76291794
0.85446131,0.74279559
0.88360202,0.89090663
0.54113168,0.53643906
0.79441202,0.84706134
0.59842384,0.53568822
0.88816613,0.89027262
0.90357512,0.87522280
0.75616872,0.68735337
0.91823894,0.90734500
0.65331548,0.59587657
0.73177397,0.49330035
0.82623452,0.60518789
0.90600657,0.87993860
0.75562596,0.88662660
0.64480126,0.59807694
0.88884038,0.85897189
0.74987406,0.78093833
0.38695019,0.22644928
0.88157356,0.84770489
0.38695019,0.81561995
0.50904202,0.42962953
0.79585421,0.94712073
0.86793655,0.77471656
0.77408487,0.76811635
0.72878057,0.48900464
0.88849485,0.75165170
0.84669048,0.88255924
0.87254107,0.90447593
0.81552112,0.82797444
0.38695019,0.30609041
0.48515788,0.59229332
0.80934471,0.74305391
0.88381553,0.82886869
0.89341730,0.94409192
0.73895091,0.78591627
0.72919422,0.71623808
0.55772948,0.47535211
0.90432763,0.94798648
0.49047917,0.36237374
0.78179306,0.83224422
0.89033121,0.83307701
0.54708403,0.65434241
0.50924492,0.55239666
0.90177202,0.93473929
0.88831717,0.93723059
0.90221620,0.93569988
0.88789386,0.87917340
0.82239413,0.88735884
0.88071346,0.88899755
0.72401011,0.74898958
0.56695163,0.68114477
0.86628735,0.58571428
0.47621161,0.48970768
0.88691050,0.86167032
0.38695019,0.29080674
0.83066308,0.93277830
0.79327631,0.81553400
0.78075153,0.77173913
0.80193579,0.73167789
0.81610471,0.81875646
0.93150300,0.94533569
0.45148563,0.52331150
0.84688687,0.82278323
0.89320260,0.89532495
0.91716397,0.93501192
0.84205616,0.94000000
0.89407402,0.93757176
0.38695019,0.28643617
0.43981096,0.38437003
0.87032616,0.86175376
0.68000734,0.66428620
0.38695019,0.42257217
0.63062328,0.65077490
0.86519849,0.91923076
0.62674677,0.67142022
0.40156120,0.48139769
0.84358245,0.85357428
0.45427480,0.56810105
0.89405221,0.87248802
0.79692149,0.95862800
0.85323876,0.82238585
0.74598485,0.62078261
0.88324875,0.80750889
0.87572896,0.83243144
0.89202201,0.85847986
0.92286301,0.91971737
0.71103001,0.69436836
0.87797344,0.75966048
0.54184026,0.41319931
0.84001243,0.88292122
0.84122270,0.74175900
0.78936481,0.85444778
0.72000575,0.65708536
0.88123238,0.91202533
0.75651366,0.79289150
0.38695019,0.11148074
0.54410690,0.49401122
0.75321949,0.76232862
0.89303309,0.92849016
0.38695019,0.19169508
0.38695019,0.14660482
0.76681370,0.88060230
0.64287114,0.71151268
0.50077426,0.26976076
0.77397805,0.87049526
0.67867303,0.64069766
0.57236183,0.70906752
0.38695019,0.20999916
0.80409294,0.90540540
0.43009710,0.58448458
0.64375550,0.59448087
0.89611000,0.73690474
0.47183821,0.68911612
0.82420248,0.86158252
0.66194087,0.79910553
0.87491071,0.88239187
0.78969532,0.90231508
0.57894075,0.49682686
0.38695019,0.33763418
0.87110364,0.95539623
0.75850165,0.42209944
0.73417455,0.84276849
0.80780452,0.83121246
0.38695019,0.33246276
0.89566308,0.87292683
0.88164121,0.81089091
0.87526953,0.82630205
0.82268441,0.78991252
0.86271310,0.86705172
0.67002094,0.61377645
0.38695019,0.34832197
0.90908742,0.91766828
0.57136214,0.32575008
0.53163326,0.60423815
0.82936788,0.88158941
0.84188849,0.90737563
0.74834794,0.83232540
0.66895807,0.83195084
0.71690488,0.73680902
0.86440402,0.98660505
0.38695019,0.62205803
0.74173522,0.69734889
0.85161024,0.88779718
0.87422872,0.91158903
0.84373009,0.74469572
0.89400488,0.94096643
0.66622883,0.72543061
0.70696354,0.79676998
0.88624728,0.95966935
0.81874204,0.87531143
0.64048183,0.58723468
0.49632022,0.42238268
0.82135773,0.81438857
0.53769922,0.61333448
0.62594920,0.45584652
0.62197286,0.72169811
0.89157033,0.82912940
0.90458679,0.90630299
0.82145208,0.85919821
0.90399367,0.89294875
0.44450879,0.35851455
0.66429400,0.50331545
0.88976341,0.76369637
0.57227391,0.51747334
0.91406769,0.96570659
0.38695019,0.37821880
0.90384567,0.94701755
0.38695019,0.36748573
0.73175895,0.48774403
0.89216125,0.91049600
0.87626356,0.88741851
0.89800316,0.98275864
0.92898673,0.98849702
0.92061740,0.90976351
0.38695019,0.24929525
0.46287519,0.50047541
0.88815284,0.89817476
0.90338677,0.85895091
0.90297693,0.82343489
0.38695019,0.09733385
0.71303016,0.56538570
0.60362679,0.69834185
0.83866423,0.88496679
0.47634619,0.64710796
0.89765656,0.93648565
0.71984071,0.71581823
0.86255127,0.78080195
0.38695019,0.42770770
0.87929022,0.91392887
0.89836603,0.90552974
0.89731991,0.91573662
0.55494952,0.68036401
0.88666171,0.89907104
0.71429604,0.44020849
0.73203212,0.65571481
0.87580514,0.94130152
0.84204555,0.80382884
0.79610449,0.71913344
0.38695019,0.16865297
0.61693847,0.14304200
0.38695019,0.21486166
0.38695019,0.31148237
0.86091632,0.91949451
0.90155953,0.96001065
0.88243622,0.95454544
0.80881995,0.66906595
0.88309467,0.85357368
0.56880414,0.67364585
0.81694478,0.79618436
0.78354979,0.84451681
0.39651310,0.44881848
0.89316016,0.85982561
0.86645579,0.79611725
0.38695019,0.24394307
0.72275656,0.81831789
0.38695019,0.41585678
0.89088541,0.87915879
0.38695019,0.40451533
0.80419862,0.72263235
0.86292422,0.94221395
0.71262920,0.75266081
0.87686110,0.91873604
0.74647582,0.74833596
0.86718649,0.85856056
0.75633198,0.81048852
0.87606353,0.89603448
0.38695019,0.26633644
0.85764259,0.81332099
0.74453998,0.70573384
0.89306891,0.97651005
0.88484043,0.91983503
0.91573507,0.91829187
0.52913916,0.35841557
0.91436493,0.91055554
0.56979597,0.74782741
0.93018103,0.94044352
0.92082602,0.96733141
0.83155471,0.92955494
0.87415457,0.83844447
0.78638214,0.58614844
0.87373954,0.88006818
0.89709198,0.92288601
0.38695019,0.26272455
0.88452035,0.83190924
0.71802503,0.72027773
0.81459916,0.93526757
0.78509402,0.68704498
0.38695019,0.15570776
0.80723757,0.65136182
0.87970352,0.92125106
0.78474009,0.79162019
0.87049443,0.85636902
0.87346631,0.88357931
0.78188026,0.88174993
0.81099260,0.79741377
0.62657762,0.64639425
0.45363438,0.53909063
0.60900229,0.62573582
0.84822786,0.87221742
0.68701714,0.79562014
0.67900801,0.78673470
0.83123934,0.82393950
0.55196828,0.43288681
0.50599259,0.25553018
0.82473898,0.87876654
0.88597053,0.76957691
0.88059026,0.74898672
0.68650103,0.41086957
0.43067387,0.34485158
0.51799196,0.53546131
0.79238099,0.96666664
0.91839755,0.95023924
0.81112373,0.87311041
0.87960595,0.91178250
0.79271162,0.83515948
0.71610934,0.58434588
0.90790826,0.89346659
0.92021167,0.98982012
0.90288818,0.87994564
0.87508529,0.76127243
0.86388588,0.85837102
0.91265297,0.91895425
0.38695019,0.24012481
0.81047553,0.84508663
0.88785702,0.87620687
0.60573220,0.54030800
0.78927201,0.76951873
0.91577530,0.97838503
0.86327130,0.80167454
0.74886256,0.57442808
0.69795477,0.77140731
0.89114064,0.81005025
0.86379021,0.85648358
0.87678909,0.86341697
0.86975092,0.77339107
0.89002103,0.87987375
0.38695019,0.11469042
0.87703359,0.88720489
0.92667735,0.93778312
0.68079638,0.69335526
0.90561801,0.93119937
0.88081288,0.89935899
0.88894886,0.88697916
0.78048825,0.75230956
0.75383019,0.73787737
0.89373153,0.95592654
0.72075331,0.60129112
0.89878368,0.97611338
0.92285162,0.90174145
0.87951940,0.89140624
0.49842232,0.66635603
0.74252015,0.80292118
0.80407786,0.74788964
0.90893841,0.85470283
0.49112716,0.35770595
0.63974440,0.59154373
0.84520829,0.82882243
0.81392956,0.90482342
0.75148892,0.59700030
0.87683892,0.89153439
0.90432566,0.97311831
0.73086691,0.53575748
0.38695019,0.15808170
0.79334384,0.71256495
0.83053625,0.87203765
0.73403388,0.49895087
0.83612889,0.56250000
0.57168925,0.52228165
0.78016257,0.83328664
0.86284441,0.80661660
0.88247371,0.93434107
0.64980400,0.64884073
0.77541137,0.75838923
0.38695019,0.04953431
0.86153823,0.85798162
0.77935737,0.80806857
0.89270103,0.93983078
0.55754459,0.50126493
0.90386844,0.88039112
0.87162197,0.94798410
0.74943042,0.87687516
0.62347412,0.58634460
0.86584818,0.91057914
0.52234316,0.48184818
0.64430183,0.33665380
0.87070245,0.85242832
0.89341593,0.90735292
0.38942087,0.40943256
0.42770112,0.44473892
0.85149348,0.81955886
0.82929277,0.83082032
0.90191144,0.91540599
0.38695019,0.37155995
0.38695019,0.13041443
0.77790552,0.67618191
0.88136834,0.93599880
0.90541476,0.85991228
0.91663271,0.94861281
0.79975069,0.77751720
0.79576451,0.61105484
0.87378067,0.89774948
0.77537847,0.34511524
0.83289820,0.87132150
0.91104609,0.94743907
0.62649369,0.61226863
0.79280674,0.80778700
0.92224693,0.93322879
0.91305465,0.97222221
0.38695019,0.42358845
0.89934951,0.92842150
0.86040378,0.87963533
0.90624398,0.93257427
0.85582328,0.84153783
0.89130491,0.93129760
0.75284499,0.68185139
0.85090458,0.94208270
0.79180390,0.69028759
0.89819032,0.85408163
0.65501887,0.73607951
0.86607516,0.88519126
0.48426455,0.50528187
0.83435190,0.84792101
0.83590841,0.75366879
0.68220365,0.50658047
0.78110945,0.64404887
0.84970784,0.89263630
0.45135003,0.49252614
0.57794309,0.65751696
0.84882718,0.58521760
0.85241365,0.70898658
0.92463458,0.94868690
0.73008633,0.79000568
0.76917589,0.87812442
0.88969803,0.90679687
0.83720398,0.93229169
0.53806275,0.40523237
0.87282401,0.86327744
0.83449376,0.69556737
0.83011675,0.80346686
0.58077395,0.67167324
0.90631115,0.82744044
0.78062075,0.75187397
0.39276749,0.57973754
0.87730002,0.96288943
0.87291408,0.96245849
0.90753675,0.97161305
0.85501599,0.92712247
0.76709080,0.83955443
0.47421372,0.59445947
0.73693746,0.79835540
0.83684611,0.85104710
0.88326693,0.85698450
0.66517663,0.75783801
0.76747239,0.68147451
0.72407341,0.68763447
0.86518413,0.86583000
0.89822519,0.83552742
0.88242996,0.92595226
0.82076418,0.80328435
0.74590218,0.76440734
0.80347019,0.48274773
0.84318322,0.85425282
0.38695019,0.35217968
0.87734449,0.95604396
0.69101715,0.57052928
0.80051631,0.65849674
0.91539466,0.97115386
0.73573637,0.51422232
0.89405817,0.94842172
0.87500185,0.86075163
0.91306996,0.97244149
0.89017600,0.88086736
0.38695019,0.04580267
0.77801859,0.71991873
0.86554468,0.90789473
0.91576213,0.83249384
0.88487214,0.88196427
0.89571440,0.86628664
0.80823416,0.91282797
0.88022006,0.91710097
0.80184770,0.81452864
0.78631687,0.67801344
0.83963692,0.47775811
0.85342133,0.80510753
0.58635831,0.67446810
0.88371724,0.84147245
0.91639912,0.93378329
0.86982930,0.84296876
0.76040256,0.73563290
0.59618539,0.43004099
0.38695019,0.11223690
0.64136696,0.57947791
0.89728767,0.94054466
0.89159560,0.93813747
0.91929960,0.86860120
0.64022946,0.62798101
0.90985209,0.95646960
0.66695082,0.47371379
0.82501793,0.94417387
0.89641947,0.96932012
0.71579140,0.56598759
0.75755930,0.80576950
0.44982737,0.33701411
0.73765892,0.69234240
0.84216046,0.84282053
0.38695019,0.26069599
0.51784313,0.73901176
0.84344232,0.93899584
0.79621136,0.60856491
0.38695019,0.14977884
0.83600432,0.89643747
0.84601146,0.84919506
0.85738933,0.78197366
0.85965276,0.84337187
0.69709027,0.62717295
0.54037476,0.77907377
0.87088513,0.85116220
0.48773059,0.62323946
0.62875915,0.65485609
0.91678041,0.97540987
0.89476103,0.86293226
0.69472611,0.81600612
0.38695019,0.47790524
0.90501732,0.95002931
0.91233295,0.94913703
0.62949008,0.58176565
0.90527916,0.90195483
0.51673454,0.50837183
0.44905835,0.54774100
0.49416655,0.57565135
0.82758552,0.80611110
0.49113637,0.39445871
0.85619235,0.96013117
0.38695019,0.19643602
0.92684042,0.96178591
0.46828476,0.24278516
0.92424792,0.96150458
0.83016568,0.83796620
0.89904433,0.92015117
0.89245260,0.94868141
0.69975257,0.59982920
0.77529222,0.76569235
0.84307063,0.88745636
0.87900269,0.95939767
0.38695019,0.34010842
0.76383257,0.80897957
0.83071977,0.89536291
0.47460246,0.32583460
0.81192094,0.71392745
0.92474937,0.95888788
0.88022912,0.88028204
0.86293924,0.88586742
0.82365119,0.68154299
0.88844812,0.94550353
0.85955012,0.94453758
0.73560333,0.73705500
0.88221431,0.90509939
0.38695019,0.17494252
0.87443674,0.87989235
0.56866091,0.68179667
0.62623048,0.79959714
0.65509498,0.59616596
0.88272130,0.84470910
0.88683885,0.99497414
0.38695019,0.26573077
0.89987725,0.96437126
0.86778158,0.87511498
0.79732639,0.63227510
0.80252779,0.80413121
0.87375009,0.87317926
0.79242402,0.71612072
0.87586415,0.87742949
0.75114548,0.84252799
0.88694918,0.88625824
0.73860765,0.70597845
0.85321790,0.82569063
0.38695019,0.28093535
0.38695019,0.45139080
0.84325552,0.85651290
0.38695019,0.25443321
0.88973784,0.87771767
0.85417646,0.92113006
0.87409157,0.78771532
0.57546753,0.56883347
0.78230709,0.68409812
0.73038852,0.51866502
0.87616444,0.89704436
0.78486288,0.64072943
0.88184369,0.97974503
0.86525917,0.83071285
0.86931568,0.84090102
0.60680652,0.29403645
0.77608794,0.77840394
0.72803843,0.76021636
0.72166371,0.78524214
0.88047123,0.89633226
0.90546733,0.94120151
0.76497066,0.87318563
0.84888726,0.82413101
0.90845519,0.95733041
0.89127040,0.90329397
0.38695019,0.11286988
0.38695019,0.44786826
0.66990608,0.70078200
0.75823092,0.70576924
0.60318810,0.77261633
0.80982095,0.51436228
0.82145160,0.64331055
0.68329877,0.77381706
0.86410642,0.94997269
0.82390434,0.57921028
0.88249850,0.96609181
0.84336525,0.83745748
0.82978582,0.87462234
0.86585069,0.86753249
0.75097185,0.90942913
0.88118327,0.92438066
0.85826063,0.81891280
0.87950879,0.91215152
0.81704557,0.70312828
0.87119251,0.81175274
0.89083916,0.87305474
0.84512770,0.89770633
0.73266345,0.50900257
0.39581522,0.54919863
0.88457960,0.99425286
0.87438351,0.90091950
0.87045240,0.80878663
0.78857839,0.83850265
0.83351064,0.74399853
0.89675337,0.92098033
0.50190473,0.62598270
0.89357615,0.76550871
0.90109503,0.87920874
0.38695019,0.25909430
0.71732092,0.76881856
0.92706186,0.92859668
0.85097468,0.71317309
0.57803750,0.77956986
0.73895931,0.86996698
0.72847986,0.45161444
0.87575102,0.98084825
0.88698256,0.84113801
0.73257375,0.84279549
0.78414786,0.70817608
0.50936121,0.44838309
0.79644543,0.85638946
0.76844037,0.99642855
0.89286512,0.95770979
0.88719481,0.87345171
0.73510516,0.73427027
0.87670577,0.84351897
0.90260726,0.92926937
0.90833724,0.92618775
0.63990897,0.45971575
0.90953296,0.90075141
0.83356816,0.82073301
0.88564765,0.90561372
0.90146095,0.84722221
0.87104589,0.92095351
0.90346020,0.88191885
0.38695019,0.07497706
0.38695019,0.14390244
0.84035820,0.84716874
0.89243072,0.88255036
0.77669752,0.85113996
0.88877338,0.94928300
0.70215547,0.73880899
0.65075278,0.62105978
0.85582882,0.81262982
0.49888873,0.55583185
0.84745300,0.88450295
0.56655085,0.43947282
0.88487434,0.93605608
0.79730546,0.74731505
0.41121072,0.60952902
0.63994771,0.71591765
0.88821352,0.90945148
0.63385147,0.61156446
0.66187346,0.66399556
0.85216731,0.82773900
0.76302439,0.99888641
0.78290588,0.80901307
0.80402517,0.83635467
0.60916197,0.62672049
0.68757862,0.62334055
0.89473027,0.80335766
0.48196027,0.57727122
0.74857545,0.69110304
0.78101349,0.87603253
0.38695019,0.62082064
0.70641184,0.60234964
0.38695019,0.31594202
0.45606208,0.45400271
0.56350034,0.73377436
0.71828687,0.54876393
0.63222229,0.67029285
0.82867056,0.89851618
0.87604803,0.70219976
0.81961662,0.79977137
0.76368755,0.75698471
0.73337913,0.80296588
0.90349835,0.98493630
0.80530167,0.73153740
0.89022273,0.91952467
0.80307806,0.74732560
0.38695019,0.27417654
0.84631044,0.90460300
0.55700499,0.61332309
0.83164924,0.90574151
0.90879273,0.93852460
0.39436826,0.41883275
0.42854929,0.45576829
0.55898005,0.40355298
0.87392402,0.90396249
0.86842310,0.87063295
0.38695019,0.24686849
0.90828985,0.90374649
0.87457055,0.80468750
0.84757113,0.92537314
0.80687612,0.82373244
0.88446927,0.90890688
0.38695019,0.41073257
0.88522089,0.92492646
0.82085097,0.89233661
0.84619260,0.75138891
0.87751567,0.78554803
0.67803246,0.68115872
0.62285781,0.59684193
0.83127522,0.34331059
0.92507082,0.95993030
0.88550067,0.75191104
0.84318984,0.92942840
0.38695019,0.05887888
0.75877708,0.86328375
0.90309924,0.92137265
0.89722759,0.94824338
0.87750232,0.92727274
0.38695019,0.44329169
0.38695019,0.16621801
0.83422607,0.81493509
0.74816483,0.77093369
0.56325948,0.36946368
0.89546651,0.94431466
0.70750332,0.86139697
0.66341197,0.71845347
0.50355363,0.42334017
0.80018598,0.88576943
0.88418519,0.98041666
0.85354781,0.89055043
0.50791389,0.45699394
0.56684613,0.43135002
0.62849414,0.56313431
0.75283313,0.65316665
0.83526778,0.88094515
0.85798967,0.81349206
0.73113894,0.69447440
0.57765782,0.53202736
0.38695019,0.19074610
0.84859890,0.62072283
0.66971695,0.62310362
0.38695019,0.17857143
0.90079254,0.93130344
0.38695019,0.26686859
0.38695019,0.41347429
0.53572786,0.34925410
0.92207199,0.92120683
0.53771532,0.71532255
0.84971523,0.91563803
0.38695019,0.36190981
0.51130909,0.68842268
0.73823154,0.75373417
0.89971209,0.91406190
0.62804705,0.61812866
0.85230887,0.88348532
0.92951077,0.96102065
0.69114625,0.76305968
0.85890758,0.93243456
0.75478542,0.88182276
0.71569347,0.68118411
0.77901673,0.86943781
0.88872743,0.93299937
0.63346374,0.82679921
0.81729645,0.90753287
0.65287840,0.56599897
0.86865377,0.58724594
0.90884870,0.93863815
0.77203512,0.78259116
0.88971245,0.85712564
0.91207278,0.94747758
0.92351329,0.93136072
0.38695019,0.38836405
0.68906659,0.83414632
0.88083607,0.81010693
0.87319624,0.73488325
0.77484000,0.91078430
0.87864912,0.95604217
0.52738905,0.61352813
0.38695019,0.28458738
0.60934693,0.64388865
0.38695019,0.31385612
0.62498915,0.58470148
0.92117888,0.90445155
0.71818256,0.73867559
0.86926538,0.86246496
0.38695019,0.37729108
0.75825888,0.66213691
0.85104930,0.78770852
0.43957701,0.38212597
0.38695019,0.21620715
0.54670715,0.44405919
0.87192237,0.88106066
0.71743143,0.77390367
0.77896762,0.82036614
0.88978469,0.80996716
0.86493707,0.85842067
0.89139128,0.90472430
0.84191585,0.40315506
0.75227392,0.60859418
0.78150403,0.73751736
0.78408796,0.73597103
0.86416918,0.80103737
0.84676212,0.83284163
0.38695019,0.27266225
0.74803102,0.60189211
0.73606235,0.84333014
0.91325396,0.97828609
0.85577548,0.78776121
0.70572841,0.74959815
0.64793766,0.84598929
0.82620269,0.80587584
0.81734645,0.72466218
0.86150545,0.88078433
0.85594440,0.93350166
0.68922842,0.39687431
0.70877987,0.53868902
0.54175866,0.39282146
0.41691646,0.46381423
0.85764474,0.91736388
0.76340246,0.81108958
0.82887340,0.69661492
0.64019001,0.62597948
0.90539700,0.80019981
0.51883745,0.47633147
0.84189653,0.84880120
0.87882698,0.83789790
0.66792071,0.67357653
0.73996729,0.72186613
0.63000417,0.51307732
0.75716984,0.77973855
0.38695019,0.34047765
0.57733041,0.55808079
0.52531588,0.41156632
0.54888690,0.51598209
0.90044272,0.89465147
0.82722306,0.84753376
0.71628547,0.70289034
0.89462721,0.94705653
0.87719709,0.92244416
0.92452687,0.94948977
0.74787760,0.63704205
0.88355082,0.88767505
0.38695019,0.44295454
0.89502192,0.91778165
0.91904569,0.96724421
0.87581521,0.71548676
0.52095658,0.70466030
0.89772928,0.96487606
0.70705670,0.69793046
0.88388598,0.83635980
0.92676115,0.95140678
0.50960571,0.73388773
0.38695019,0.30173033
0.88599592,0.91107738
0.87180972,0.84156317
0.73884970,0.68461519
0.80460769,0.82612556
0.89369363,0.90076631
0.51442337,0.57860386
0.89096630,0.89237136
0.88151503,0.80948132
0.86247575,0.63861454
0.38695019,0.38626665
0.62579775,0.52671957
0.79768628,0.87913013
0.90624702,0.95767272
0.88598943,0.86352932
0.55437046,0.33011273
0.87336922,0.94629246
0.92663187,0.93036580
0.90877742,0.91126776
0.88859224,0.97853369
0.67443091,0.64231008
0.83523309,0.78312474
0.89334166,0.96205503
0.89671665,0.91715837
0.68818009,0.68434751
0.88677955,0.88573885
0.88211203,0.89452815
0.38695019,0.26408178
0.51573187,0.52276689
0.88177222,0.91676831
0.72787243,0.59834677
0.80149257,0.62980771
0.88499773,0.84498233
0.92203850,0.97385532
0.57254779,0.71306640
0.86937541,0.85761565
0.38695019,0.26958776
0.87184697,0.88651258
0.90697688,0.97886825
0.87813854,0.88575268
0.77440965,0.81904554
0.78988445,0.85631067
0.89210016,0.78633600
0.38695019,0.53611565
0.59828001,0.52867132
0.77077436,0.58175290
0.85638720,0.74276859
0.38695019,0.16462965
0.89042526,0.93084574
0.84784693,0.92125493
0.81781018,0.86562502
0.44567138,0.52665967
0.73479158,0.76739419
0.86850882,0.86697251
0.89295381,0.90608108
0.38695019,0.21021059
0.76598698,0.71524066
0.81717539,0.82290912
0.75275910,0.77031821
0.78219950,0.79810995
0.76063550,0.51792771
0.54424977,0.67713457
0.67369854,0.73488283
0.88385755,0.88671398
0.89065135,0.86932921
0.46302095,0.45771959
0.64073199,0.53966188
0.85132837,0.88286805
0.79657847,0.80708271
0.85422367,0.92190522
0.82829303,0.70137870
0.77480423,0.84829384
0.86828107,0.83466822
0.80418634,0.71924812
0.88774365,0.93329918
0.51554203,0.76857030
0.45417690,0.55803180
0.88828224,0.88090771
0.88987011,0.84025007
0.89554781,0.91762823
0.85130519,0.86246240
0.60203332,0.51923591
0.71994990,0.53985041
0.38695019,0.41860464
0.89982688,0.74591571
0.77013797,0.71431565
0.74307317,0.85822320
0.77681291,0.86392111
0.81957388,0.84782684
0.40650553,0.31394839
0.65559697,0.64767081
0.69602537,0.60114735
0.78647888,0.80974412
0.38695019,0.37164414
0.56919336,0.46460047
0.78789991,0.84319019
0.38695019,0.16497388
0.90051144,0.94478381
0.81730312,0.60501510
0.82793009,0.81430602
0.85751867,0.85963488
0.49477741,0.52581948
0.81962907,0.90674686
0.65943050,0.59478402
0.79046673,0.84960896
0.70569426,0.80011517
0.38695019,0.29427531
0.87971598,0.88049716
0.89616191,0.94305301
0.74027628,0.88107681
0.79619730,0.66533875
0.89926112,0.92313504
0.77452022,0.73524374
0.86587411,0.86621511
0.92705387,0.93106729
0.38695019,0.47980279
0.87693560,0.83803141
0.89956629,0.86684155
0.87511790,0.88924634
0.80354381,0.68040210
0.64279675,0.81234568
0.38695019,0.34900808
0.84785664,0.93970716
0.87785113,0.92941880
0.80978525,0.80512625
0.85114443,0.91325521
0.88123792,0.74869227
0.40396649,0.21674128
0.86302024,0.95140427
0.74796963,0.76357943
0.73744035,0.73503256
0.87319571,0.93443501
0.59556544,0.43088040
0.61588234,0.61491698
0.38695019,0.20233637
0.78855705,0.93137479
0.75551379,0.88597447
0.83680844,0.82273108
0.91845679,0.95281094
0.90620112,0.95226735
0.87050372,0.78538090
0.92113036,0.94541657
0.88823962,0.90407228
0.64301038,0.57378972
0.88952500,0.81096095
0.88581085,0.94468367
0.87548292,0.91102755
0.74508071,0.65889424
0.63249528,0.55896705
0.38695019,0.25727087
0.45134079,0.55153459
0.62705779,0.56407166
0.65593278,0.62411201
0.45416263,0.44689736
0.75754535,0.89418244
0.73227000,0.74401551
0.89422530,0.91926515
0.51837921,0.48811969
0.74107724,0.60936344
0.89239246,0.96453899
0.85386443,0.94567049
0.41336262,0.58518744
0.74331731,0.85896105
0.88608086,0.92436975
0.74641931,0.76619637
0.58584410,0.37865728
0.63807839,0.53696579
0.79827046,0.68268484
0.67481399,0.54181010
0.83953863,0.86332214
0.41497919,0.63521641
0.84103119,0.87784016
0.89356053,0.94144881
0.61772597,0.56423545
0.89842135,0.88804388
0.79756486,0.90700543
0.89637572,0.95015210
0.50729156,0.62058789
0.73724055,0.79883087
0.87291187,0.92123985
0.38695019,0.29284340
0.68974078,0.65918279
0.91786832,0.95156682
0.76069373,0.83087158
0.56497169,0.55090457
0.89605385,0.89478815
0.74452138,0.71079355
0.38695019,0.29572579
0.82412738,0.90395570
0.65362954,0.70062238
0.38695019,0.42544800
0.38695019,0.13499986
0.51307070,0.59261674
0.81818217,0.83686870
0.74676359,0.71431649
0.77611160,0.80535322
0.39869776,0.44080490
0.74211556,0.68046820
0.88223839,0.88211900
0.88365477,0.92337251
0.79942840,0.90806741
0.59168613,0.42550504
0.77749854,0.81607956
0.63571233,0.75267017
0.56106615,0.54109889
0.63975286,0.64185476
0.67832935,0.78316742
0.82134193,0.83877629
0.75678438,0.80120999
0.88924938,0.89555258
0.87769389,0.88730419
0.56143510,0.89329320
0.86343849,0.86925638
0.88119423,0.90426528
0.38695019,0.32794622
0.70014119,0.72307694
0.75973719,0.78880227
0.59864253,0.69225228
0.73284471,0.49802372
0.90066135,0.94826311
0.64222437,0.65071899
0.82027102,0.69458610
0.89430237,0.91751724
0.73365992,0.60509634
0.76042378,0.72117525
0.61866677,0.51230520
0.87894517,0.83057493
0.85622072,0.62790275
0.72048050,0.72464728
0.75803238,0.60357124
0.83785123,0.57811230
0.59755081,0.76451755
0.75668377,0.65460360
0.88895732,0.91930300
0.81581223,0.41803375
0.87169451,0.91481394
0.56561011,0.57398993
0.38695019,0.30924433
0.66272712,0.72230905
0.38695019,0.49731249
0.78664994,0.73707688
0.89436692,0.87325001
0.75894952,0.81795913
0.69602698,0.80513459
0.88999456,0.90945530
0.60539961,0.66351891
0.86457753,0.83636242
0.88197452,0.81954020
0.90365487,0.93428570
0.74790990,0.72480237
0.91401863,0.95489550
0.90071124,0.97859430
0.72597647,0.76543307
0.86089635,0.88159877
0.61294138,0.66364735
0.77615201,0.66201407
0.83665425,0.81898528
0.91382569,0.90554053
0.86841112,0.90113240
0.38695019,0.20370160
0.48955834,0.31864753
0.38695019,0.22531345
0.38695019,0.56835264
0.83213031,0.89218456
0.88492334,0.91149521
0.60136914,0.43312377
0.76478136,0.41225928
0.80284983,0.85576922
0.89166671,0.72041112
0.83144462,0.84452683
0.85125613,0.82641959
0.79635322,0.87013572
0.70718861,0.40221089
0.88065732,0.93004912
0.85310543,0.94750637
0.59569657,0.42811745
0.92590564,0.95471442
0.86423713,0.91122085
0.40077165,0.51083529
0.52835763,0.27325070
0.62473536,0.48874459
0.50646520,0.53219175
0.89158475,0.91258496
0.44584379,0.51421547
0.38695019,0.16824375
0.90935677,0.95793831
0.87867057,0.87224317
0.50937611,0.35857671
0.87468356,0.88580358
0.56775725,0.65312827
0.51577485,0.45671040
0.78937447,0.84324133
0.89204580,0.91488916
0.70463198,0.43936557
0.91127485,0.96191794
0.38695019,0.36642864
0.89600188,0.90795249
0.84463578,0.92329091
0.87317592,0.82083333
0.91414064,0.94758064
0.47137743,0.37408519
0.87022680,0.87000698
0.81879199,0.88083166
0.88919652,0.88705063
0.75696671,0.59842324
0.63159931,0.60643572
0.86835575,0.83627653
0.38695019,0.39646974
0.91817397,0.90601200
0.57599872,0.48900181
0.85311460,0.87262613
0.67875814,0.70908070
0.85775197,0.75484210
0.79086298,0.77926588
0.75104445,0.75887817
0.43932959,0.24975027
0.54623705,0.61219209
0.90148336,0.95826328
0.90463054,0.96291733
0.53200442,0.49350649
0.87422520,0.75180954
0.69466865,0.55396414
0.88092130,0.92468077
0.72818983,0.89616227
0.88609171,0.87778515
0.83239090,0.94268423
0.47092915,0.69172472
0.90524530,0.92317021
0.75020933,0.62751853
0.85671353,0.68234134
0.75356877,0.72234392
0.48354888,0.52153915
0.55789757,0.48065290
0.89165771,0.90427721
0.90547484,0.92455280
0.81198299,0.86911076
0.64102286,0.60090137
0.79288864,0.78461540
0.88923556,0.94017917
0.87996912,0.89266616
0.87234843,0.92072195
0.83152926,0.86983883
0.46836469,0.66580093
0.87811756,0.77782387
0.81400681,0.91726822
0.87174529,0.89858943
0.53450572,0.89878005
0.70070612,0.56363636
0.79262495,0.79968596
0.70450860,0.68719727
0.89315182,0.85790408
0.88025296,0.90293932
0.87485462,0.95863920
0.38695019,0.36549816
0.85241830,0.90652174
0.82701445,0.81130463
0.86909044,0.69390404
0.88979882,0.86177069
0.77268946,0.66614151
0.38695019,0.10867411
0.83044749,0.83432090
0.38695019,0.27899492
0.89551759,0.93369395
0.63914996,0.76367360
0.49574825,0.52248341
0.78045696,0.70664138
0.55888355,0.47202370
0.78302675,0.72612965
0.91624612,0.89943314
0.38695019,0.55499828
0.88543099,0.89636755
0.84684217,0.75809509
0.72386175,0.63974792
0.85702908,0.78104293
0.86075175,0.88610148
0.89973402,0.93431371
0.83738434,0.83934772
0.66478097,0.71283698
0.87678730,0.89842480
0.62938499,0.54730159
0.76518178,0.43214285
0.49473083,0.35497200
0.65495032,0.52035463
0.38695019,0.16419658
0.38695019,0.40966952
0.74072117,0.61902410
0.57714260,0.72706509
0.88270402,0.90523183
0.80557013,0.81309521
0.70900202,0.62879652
0.80265993,0.82935148
0.58899009,0.72596747
0.86049652,0.78171802
0.73862714,0.76299530
0.87189424,0.91868389
0.38695019,0.25794923
0.85276097,0.94805503
0.74568272,0.54948288
0.90401036,0.96323186
0.75393397,0.70808846
0.75970387,0.74844444
0.85419643,0.82007611
0.84011877,0.84158826
0.86791271,0.90366298
0.73731768,0.79571223
0.86109138,0.80758429
0.66358799,0.79464287
0.38695019,0.39908019
0.76078355,0.73734641
0.38695019,0.07455605
0.38695019,0.17020099
0.89749223,0.93589354
0.47534436,0.63321871
0.76342428,0.80233514
0.58925843,0.67605603
0.90071255,0.91330028
0.73453003,0.71992844
0.89472854,0.91117382
0.61440158,0.47939801
0.86965930,0.85910517
0.58123231,0.56120360
0.76000643,0.99609375
0.78617269,0.82705593
0.38695019,0.31308284
0.87640917,0.71998125
0.67221701,0.61743915
0.85441351,0.79744208
0.83006513,0.80658859
0.77838647,0.86582166
0.85204411,0.94588816
0.69985420,0.67820317
0.86427575,0.86383486
0.81496865,0.55416667
0.54321527,0.64915603
0.70073581,0.77142859
0.74607277,0.55404264
0.67392617,0.72441417
0.84835017,0.84533483
0.65583587,0.71924734
0.78862244,0.87103897
0.82031918,0.86925709
0.86632907,0.89299560
0.85927576,0.85965991
0.89633060,0.96687371
0.87763608,0.87602341
0.74390888,0.78267020
0.85140634,0.90069497
0.88127679,0.88417375
0.71364933,0.69139767
0.77872294,0.81770831
0.75785220,0.67526495
0.56684834,0.52850091
0.86020947,0.81791282
0.78268170,0.61894262
0.87684333,0.91690284
0.54739475,0.49491447
0.71596861,0.82243747
0.74911386,0.62001604
0.77788204,0.76807755
0.56369591,0.42000598
0.62864828,0.63359320
0.85333788,0.92971718
0.82490921,0.57530427
0.87393963,0.80952382
0.85008186,0.92160279
0.90341431,0.84482759
0.86137468,0.84970713
0.38695019,0.28383347
0.89900678,0.88441843
0.79986972,0.69579417
0.38695019,0.22469424
0.88584727,0.82103914
0.84835213,0.75675434
0.72223330,0.65243727
0.87711251,0.88136077
0.73845267,0.85177046
0.87943643,0.89009333
0.87039620,0.81751615
0.38695019,0.26774266
0.77222812,0.70526057
0.75700974,0.83430231
0.67797053,0.62772018
0.86018360,0.85244316
0.65341318,0.57725251
0.38695019,0.29824492
0.51340538,0.61118960
0.88100797,0.93584907
0.87278301,0.93856561
0.38695019,0.36630476
0.62262005,0.58595842
0.38695019,0.38987574
0.80973881,0.87111205
0.83349389,0.83429378
0.90115124,0.41153699
0.88244587,0.95909977
0.89494842,0.92901236
0.57288492,0.61069566
0.88289040,0.89789295
0.62321711,0.74303269
0.89695567,0.85485041
0.89597344,0.88345087
0.38695019,0.27619258
0.87971795,0.95724529
0.89542824,0.83617675
0.56702095,0.49744982
0.91747993,0.94597828
0.85755801,0.87699610
0.87703180,0.94724703
0.82577664,0.90196633
0.87974900,0.92557651
0.74374259,0.73717207
0.55476838,0.69321382
0.89989096,0.94005603
0.84210050,0.88258708
0.87773985,0.90425348
0.89914125,0.88550907
0.50351739,0.45869714
0.87594438,0.88097888
0.38695019,0.25123823
0.91053694,0.92153847
0.90538758,0.94516450
0.83623505,0.57412654
0.90179932,0.87704951
0.90043843,0.96241832
0.86390328,0.82477778
0.38695019,0.29932868
0.80020559,0.69225293
0.49428570,0.97664815
0.89688498,0.90223086
0.48588878,0.60148513
0.77631009,0.79319382
0.85190874,0.78682846
0.82189083,0.89248890
0.72928172,0.35644263
0.82093209,0.80514705
0.87620652,0.84663057
0.39749518,0.65003949
0.76549697,0.64214063
0.72706759,0.59708977
0.38695019,0.20019954
0.88462257,0.88225627
0.38695019,0.15344574
0.89664155,0.92121214
0.83186716,0.67571312
0.87429804,0.76544768
0.89236075,0.97370946
0.78778905,0.84361732
0.73902178,0.82224995
0.66089070,0.37674493
0.85871142,0.90007275
0.84835458,0.89105046
0.90056074,0.96345901
0.89991170,0.87839490
0.82593954,0.71089637
0.90117365,0.89089328
0.71412057,0.75335133
0.86302698,0.89259034
0.38695019,0.06829837
0.90210950,0.94404960
0.89177406,0.96098900
0.38695019,0.62072366
0.73871428,0.48020723
0.59388947,0.81188536
0.77558333,0.89475161
0.88522053,0.88479143
0.89147311,0.85508496
0.89187926,0.92049551
0.69043660,0.63504386
0.85321212,0.84325689
0.88753438,0.86173087
0.76478356,0.84849393
0.49668229,0.45001563
0.87093508,0.87728935
0.91748619,0.88124722
0.81622356,0.52454460
0.38695019,0.55092359
0.89211154,0.90826315
0.79324132,0.78231227
0.87018859,0.89741707
0.82114542,0.86492676
0.47164226,0.15921940
0.38695019,0.29984215
0.68718457,0.43859890
0.92035705,0.99230766
0.80143756,0.84102565
0.38695019,0.17442191
0.70658916,0.70329672
0.39478263,0.40908498
0.48934227,0.40095246
0.57286614,0.48571542
0.65770483,0.49918452
0.91090620,0.88721877
0.48177606,0.08909262
0.76950914,0.82946324
0.80336577,0.75512242
0.88319302,0.92004907
0.87229860,0.88721830
0.57907879,0.53965944
0.90689629,0.94276226
0.87738949,0.85317880
0.86456007,0.90883893
0.70812255,0.61259478
0.38695019,0.41220814
0.73105818,0.76328313
0.87590981,0.94481438
0.74580121,0.82163745
0.84830493,0.79190278
0.38695019,0.14329004
0.62657779,0.54568022
0.83935988,0.91237390
0.76343691,0.64533132
0.90498102,0.89040375
0.38695019,0.23491916
0.80711281,0.70512819
0.91761988,0.87333721
0.70716405,0.50275481
0.69295764,0.41492388
0.76091206,0.83216679
0.82438254,0.84765434
0.88450712,0.87943816
0.90555471,0.91746032
0.85008645,0.84982634
0.86993980,0.68396997
0.74990135,0.84090906
0.76599222,0.70183557
0.69098538,0.77616769
0.86580896,0.94641560
0.73275608,0.61118776
0.50314695,0.68366092
0.38695019,0.45492229
0.87643313,0.80246884
0.68297172,0.71277618
0.79840040,0.86717635
0.77500147,0.76205230
0.92654163,0.96383440
0.39876845,0.43993151
0.38695019,0.38756835
0.91931564,0.91624326
0.38695019,0.31154683
0.87785763,0.91513997
0.90712148,0.96767455
0.38695019,0.18740541
0.78571343,0.66513056
0.38695019,0.25474322
0.91824234,0.94279474
0.77947664,0.81180859
0.91701347,0.94845963
0.88472384,0.97481686
0.38695019,0.18055958
0.38695019,0.19880952
0.38695019,0.38651857
0.62764680,0.80794996
0.77046645,0.82167602
0.91025478,0.96399838
0.75200999,0.84096026
0.87221646,0.85861164
0.84119111,0.65253198
0.38695019,0.45501372
0.39609995,0.42889556
0.90965343,0.92932373
0.74325776,0.59381235
0.88713264,0.91048646
0.90799695,0.92507005
0.90275812,0.88690591
0.38695019,0.23253667
0.90100688,0.92717087
0.75569785,0.90045935
0.88098055,0.93431395
0.85925120,0.90154886
0.83426630,0.88411397
0.38695019,0.43741089
0.78080893,0.83839709
0.89262909,0.91226202
0.38854152,0.31578946
0.38695019,0.40491804
0.88756013,0.93180543
0.90213305,0.88696444
0.91095525,0.93975824
0.90776962,0.95710742
0.87638789,0.93605047
0.88150942,0.91082805
0.66480970,0.60890597
0.87872535,0.90525424
0.87464112,0.90705884
0.81649834,0.75723577
0.86452609,0.76311040
0.88866252,0.83497620
0.87510097,0.93640012
0.89240086,0.89069539
0.81119454,0.81720781
0.66947734,0.63918066
0.76998717,0.91938615
0.75681269,0.87966478
0.78095937,0.02964612
0.90489084,0.90822428
0.69140971,0.71300256
0.48141181,0.57531393
0.83717483,0.88143426
0.84962636,0.85934305
0.64498085,0.64706433
0.81054413,0.96249998
0.83540857,0.92266011
0.82841194,0.83189654
0.83875108,0.77686781
0.64915335,0.59934556
0.78315341,0.76567739
0.83232492,0.84105265
0.90449101,0.91954386
0.38695019,0.12743473
0.85485232,0.62894773
0.64273745,0.41752899
0.62657630,0.50101358
0.80739105,0.78430188
0.80251276,0.68559217
0.69290322,0.60607475
0.86274397,0.88823915
0.87474352,0.84758389
0.82190311,0.75931394
0.38695019,0.23200859
0.38695019,0.38606334
0.90986341,0.89179516
0.85143059,0.94080716
0.68905169,0.46410990
0.77453125,0.65484893
0.85048223,0.31590417
0.38695019,0.24041301
0.88102233,0.94095367
0.82968378,0.87500000
0.45596927,0.61891466
0.89808989,0.92870259
0.38914376,0.27204525
0.67332667,0.45376888
0.80798304,0.57336152
0.88316363,0.87294120
0.83922172,0.85196078
0.88172299,0.85354626
0.90834063,0.97498119
0.53072768,0.42754343
0.90304518,0.94963878
0.38695019,0.45171499
0.89133078,0.96791446
0.88503379,0.86007518
0.89672488,0.83196211
0.86853307,0.85797906
0.85913008,0.91861320
0.58922446,0.35621205
0.86781788,0.85198003
0.88140070,0.79217917
0.39911768,0.17416899
0.91416901,0.91427881
0.85214615,0.87962961
0.83782470,0.47461370
0.87109077,0.92484587
0.91056383,0.91949022
0.71466154,0.60943729
0.74628162,0.77308971
0.87463444,0.87145025
0.73350734,0.55161566
0.78122741,0.63959783
0.38695019,0.34424084
0.70357227,0.69670886
0.68546450,0.71045119
0.87914640,0.73442084
0.46434730,0.45881557
0.76901096,0.66664827
0.86927474,0.93217814
0.88543552,0.81453234
0.66101116,0.75454545
0.73605502,1.00000000
0.84993654,0.93357509
0.70779574,0.71567297
0.77206469,0.84580421
0.56201214,0.80489445
0.66490436,0.77475005
0.87630701,0.74435073
0.88380504,0.88111013
0.38695019,0.25292870
0.89275968,0.93983138
0.81992787,0.94122696
0.86454928,0.85635376
0.89083332,0.80575335
0.75083852,0.85893720
0.72871095,0.93557674
0.83665985,0.90379173
0.38695019,0.14004968
0.90729594,0.83660132
0.89232570,0.93454885
0.38695019,0.26287934
0.87874180,0.91712707
0.68220651,0.65285587
0.80515528,0.76490575
0.61077452,0.58143669
0.38695019,0.12236842
0.82244039,0.93267488
0.89737064,0.95400006
0.85517073,0.85818166
0.87683004,0.91877991
0.72670639,0.72395557
0.73323691,0.80206394
0.38695019,0.10837964
0.39852306,0.16903889
0.89712131,0.91320348
0.76479620,0.68061656
0.88914186,0.93670887
0.44567594,0.37096778
0.90606797,0.87613404
0.88395256,0.90014768
0.66167831,0.89949495
0.89722890,0.91311008
0.77016222,0.51841706
0.89979190,0.89685607
0.77495658,0.86471170
0.82871199,0.83123648
0.38695019,0.25009397
0.90482134,0.92673993
0.88069761,0.89891565
0.82784313,0.84587008
0.90468949,0.90423000
0.79848534,0.73255002
0.88314879,0.92189580
0.90417314,0.88496912
0.72340083,0.71860522
0.80408245,0.74341798
0.90455931,0.92109185
0.73238677,0.99761903
0.62648529,0.46135831
0.60789049,0.71771282
0.89944547,0.87048554
0.62266719,0.72692442
0.53519607,0.57671326
0.73694426,0.88399357
0.38695019,0.40305534
0.87464583,0.88357663
0.89539784,0.94397849
0.52661395,0.66152561
0.63137341,0.75018382
0.89145952,0.93260264
0.82316130,0.85270655
0.71652114,0.55598551
0.69995999,0.68247974
0.89258963,0.90051502
0.88442272,0.96181631
0.87779349,0.95810419
0.85058433,0.88069820
0.85513127,0.83784002
0.77893066,0.88187933
0.81632370,0.54209012
0.68737304,0.77091575
0.78587931,0.81152558
0.71710867,0.61299437
0.90115094,0.87382627
0.71110922,0.62929517
0.88562042,0.88459653
0.90991169,0.97421932
0.38695019,0.30498749
0.38695019,0.23558581
0.83834171,0.89388430
0.80461919,0.64270473
0.38695019,0.35376799
0.89696032,0.95362890
0.89071530,0.95308578
0.40086207,0.49136579
0.93246329,0.96046054
0.77360344,0.69312167
0.89798629,0.94805765
0.82855326,0.81778711
0.82039243,0.84878772
0.78113365,0.85112309
0.75537288,0.73909897
0.85264462,0.89631337
0.76589364,0.54158878
0.38695019,0.11928131
0.86631453,0.79812777
0.85148150,0.79585254
0.73275608,0.81701428
0.82407486,0.83949620
0.79629922,0.89025772
0.62402564,0.65752423
0.81683016,0.75183153
0.87768537,0.84598374
0.86994499,0.89336401
0.88417286,0.92591268
0.81363183,0.20265526
0.90785110,0.91118538
0.88478816,0.87318838
0.38695019,0.39870444
0.87386906,0.95628518
0.92043209,0.93480587
0.89344120,0.68611109
0.64070415,0.80030638
0.67770743,0.58126551
0.88733524,0.89695305
0.48976105,0.67022020
0.60836673,0.55239910
0.73533607,0.85537314
0.88459033,0.94570857
0.89545965,0.87090105
0.48154503,0.34116378
0.91168803,0.91170633
0.84881192,0.75524253
0.72497791,0.78257108
0.88453233,0.71781015
0.76365805,0.55659592
0.38695019,0.23622312
0.88816154,0.90851682
0.73266143,0.69989014
0.84889972,0.82449800
0.62595046,0.36360854
0.68890798,0.74996972
0.80373245,0.98918617
0.47939122,0.58207434
0.83059359,0.79490948
0.87473500,0.89624220
0.62735915,0.72093529
0.53068584,0.47539854
0.67409730,0.71786344
0.62805980,0.30410188
0.90872139,0.92258757
0.86251235,0.85097408
0.85002428,0.97181028
0.90683097,0.97244811
0.74717671,0.74257195
0.87221289,0.83984154
0.91163474,0.95610476
0.89012468,0.89228970
0.89339393,0.95104462
0.38695019,0.48661110
0.73628068,0.23532061
0.89680874,0.94193619
0.87762028,0.94814813
0.65435505,0.76838869
0.88101804,0.91721088
0.81922889,0.71718627
0.86785233,0.87530082
0.71037096,0.80126286
0.88783473,0.87911576
0.88943708,0.87978101
0.79711419,0.76279688
0.64589798,0.59722221
0.77958816,0.77453446
0.83762324,0.83986402
0.38695019,0.33316183
0.88180542,0.92045456
0.38695019,0.16410257
0.83283228,0.87043571
0.92542458,0.94557279
0.89194769,0.89435160
0.88208818,0.87352216
0.85566664,0.78661382
0.85325545,0.93115294
0.38695019,0.33930302
0.85572851,0.96018147
0.88976532,0.88915795
0.58764714,0.62549937
0.39846841,0.42995441
0.85008967,0.86061025
0.87210184,0.82341480
0.68690681,0.61313039
0.87671697,0.85261708
0.89731157,0.93497360
0.91393018,0.93336874
0.88175762,0.92636108
0.87392956,0.70151520
0.38710472,0.43657759
0.88353157,0.89725381
0.83399785,0.89741272
0.74389648,0.92162603
0.91049671,0.96660280
0.89181072,0.87866646
0.85894239,0.92998105
0.87588036,0.94204807
0.38695019,0.40268132
0.92485553,0.96721530
0.91663879,0.82956123
0.89862478,0.93272763
0.38695019,0.28030348
0.85241437,0.84774113
0.59993607,0.66428322
0.87537539,0.85773218
0.88285172,0.83218777
0.76831710,0.67524999
0.89415437,0.86763257
0.74347788,0.45857561
0.65443832,0.55131948
0.75987720,0.57006878
0.89585280,0.91356343
0.38695019,0.35344827
0.83293808,0.68637580
0.84554362,0.85277158
0.66691285,0.51030177
0.90182471,0.86988801
0.88660586,0.89293605
0.60198367,0.51675773
0.90077901,0.91071427
0.87140077,0.91369045
0.86659104,0.76848835
0.38695019,0.12009080
0.38695019,0.33951929
0.68295211,0.57617915
0.76638997,0.73087358
0.85859501,0.89735472
0.78707802,0.20103613
0.38695019,0.39131579
0.91336757,0.91408473
0.87735420,0.85691029
0.89286649,0.91631782
0.74953979,0.77734041
0.77872610,0.56578946
0.87869233,0.90342987
0.88058633,0.80230767
0.45847750,0.64375412
0.88168758,0.93873984
0.82533413,0.73178452
0.84492505,0.90988481
0.38695019,0.25153777
0.87956345,0.86816931
0.58044362,0.52582270
0.76887190,0.84114772
0.92063856,0.93597382
0.38695019,0.05177786
0.90015167,0.94183105
0.88237435,0.83697361
0.87397873,0.88469118
0.82504845,0.21718000
0.38695019,0.13375518
0.87255740,0.88863069
0.87626886,0.89505064
0.89801109,0.93717951
0.86817771,0.96428573
0.50427407,0.42815128
0.62813222,0.82392406
0.56689477,0.71136653
0.75395000,0.72151899
0.39705440,0.29105273
0.90025872,0.88285232
0.90503246,0.95917141
0.88312835,0.88766891
0.80206382,0.75831223
0.89919573,0.94079292
0.49976671,0.27233332
0.83384144,0.92894202
0.83219582,0.74482477
0.79288840,0.68835163
0.65143698,0.69626689
0.81083500,0.76337951
0.63390309,0.52755839
0.38695019,0.48439011
0.85051113,0.81957686
0.70874238,0.64755809
0.80752492,0.69263530
0.88278186,0.93752217
0.60326886,0.59006566
0.54065311,0.81194216
0.73570079,0.55855328
0.86498260,0.92853534
0.48916018,0.31734344
0.88219738,0.92831528
0.76569211,0.72871143
0.89213556,0.90732759
0.90603322,0.91167587
0.88171673,0.89145327
0.80815762,0.60457516
0.64644182,0.55800653
0.63090467,0.51890302
0.87490380,0.91044778
0.80979931,0.80315363
0.89857244,0.93414629
0.38695019,0.30079299
0.90542156,0.86599702
0.87826681,0.84880590
0.38695019,0.32693663
0.71437162,0.79857057
0.48809916,0.81092477
0.89669228,0.92455530
0.48656473,0.51497561
0.80561340,0.89615589
0.47941488,0.40874887
0.88266218,0.89347422
0.85544384,0.88959527
0.88624591,0.89362514
0.84330249,0.94016254
0.91122741,0.70615774
0.72550958,0.74715853
0.83525068,0.77799922
0.38695019,0.38993159
0.77202225,0.88015294
0.83414686,0.73414218
0.88558584,0.91260988
0.70765370,0.58093786
0.40578169,0.32032537
0.86054361,0.91386050
0.89404446,0.83528072
0.88520122,0.90238804
0.87793422,0.86159825
0.60868847,0.55233061
0.69093871,0.84287149
0.88660860,0.95948678
0.68417352,0.78245258
0.77997357,0.85784400
0.85350609,0.82536179
0.40889791,0.40037879
0.38695019,0.37431037
0.85090387,0.82199389
0.90247488,0.53693014
0.80899215,0.78574461
0.38695019,0.22848853
0.88325310,0.82250047
0.68350649,0.73024690
0.86841989,0.89206827
0.86331135,0.92170960
0.51733285,0.44967532
0.86002696,0.92603070
0.38695019,0.51326311
0.74740446,0.78067976
0.80613518,0.88254195
0.52165926,0.77216905
0.84873402,0.94628650
0.83894920,0.84378111
0.87010986,0.84498900
0.72527903,0.65070677
0.87402648,0.87078249
0.87516791,0.88635421
0.86118531,0.87408596
0.62635946,0.68906432
0.52426243,0.49958915
0.89212835,0.91602910
0.87879777,0.84021819
0.84258044,0.78692722
0.77470928,0.58999157
0.85732192,0.84815788
0.85237306,0.84443849
0.78761238,0.78091633
0.71290445,0.84737122
0.38695019,0.17152122
0.56553358,0.54855615
0.91298980,0.94437683
0.90388995,0.92429012
0.65231240,0.55621076
0.83155555,0.81466025
0.88061291,0.80726790
0.84312844,0.78682929
0.89371252,0.94617754
0.88257927,0.88148147
0.62468964,0.67054486
0.75740540,0.85064381
0.85599685,0.92771083
0.83393186,0.75047678
0.92625725,0.95686454
0.87051690,0.87358367
0.38695019,0.23834726
0.64013922,0.77629673
0.84268904,0.89035308
0.91256595,0.97187579
0.90635991,0.90651137
0.78213525,0.90096408
0.58410513,0.53995329
0.89600009,0.98958331
0.83847868,0.76987988
0.89962506,0.91929823
0.62440521,0.66241825
0.62211668,0.64942288
0.87091899,0.89044762
0.65597594,0.67610937
0.74475753,0.72676283
0.82715744,0.76720375
0.85295272,0.83216292
0.89605063,0.90534341
0.88268697,0.96796197
0.88207060,0.87003565
0.73918772,0.63031000
0.91379941,0.92950636
0.86105853,0.88743019
0.88946003,0.87090665
0.78216285,0.70694989
0.89670724,0.97563297
0.88390207,0.79623288
0.84713644,0.88405353
0.54174674,0.49265650
0.89122051,0.99444443
0.84836936,0.79036933
0.80553877,0.70986301
0.91477770,0.92288488
0.49959427,0.30756614
0.65176082,0.68696600
0.78492260,0.86625421
0.48651552,0.35050800
0.54508108,0.46106213
0.58235902,0.44303864
0.88861674,0.87660164
0.81661808,0.83545738
0.88828760,0.85069126
0.86305076,0.81162632
0.38695019,0.57950193
0.60394275,0.73750222
0.88855165,0.95530301
0.91361886,0.95363468
0.38695019,0.32808661
0.38695019,0.55121565
0.88603425,0.92689967
0.85590142,0.90217435
0.88024044,0.88427126
0.69235277,0.65315610
0.88276529,0.87675571
0.86463010,0.66503936
0.38695019,0.11494103
0.74834239,0.67119473
0.82366461,0.79233122
0.59796959,0.66094005
0.82726532,0.93963963
0.75548309,0.69750714
0.81892276,0.85764241
0.48207006,0.52840298
0.55524808,0.73471564
0.82377291,0.89596272
0.57348251,0.35766375
0.49207193,0.63896549
0.56275225,0.40296757
0.87450707,0.88704634
0.62286448,0.45070335
0.82114720,0.83443046
0.57108390,0.47934622
0.82780582,0.67756408
0.89784354,0.93684494
0.61894131,0.56713766
0.81593257,0.90593648
0.70032227,0.70142967
0.38695019,0.50965667
0.79631096,0.88671875
0.61600262,0.52885211
0.90255934,0.83463115
0.57244158,0.34641609
0.88204843,0.82876712
0.89266616,0.91406453
0.38695019,0.30129331
0.38695019,0.63616073
0.38695019,0.04845155
0.79342306,0.88600469
0.72627938,0.61904764
0.65041530,0.45204136
0.82361430,0.81475151
0.63830245,0.90451390
0.38695019,0.22177146
0.38695019,0.29945654
0.83714569,0.68983757
0.90143538,0.91415662
0.87563908,0.87006044
0.73943603,0.80337584
0.91632879,0.96874243
0.88154483,0.88009894
0.74345678,0.85188872
0.92895699,0.93316805
0.89663893,0.90077287
0.71879697,0.80911100
0.38695019,0.11408894
0.87423998,0.85279375
0.86291146,0.93032849
0.86126596,0.91492677
0.83766985,0.90733528
0.84587008,0.81771487
0.83782285,0.91498768
0.91396379,0.95652425
0.91663235,0.90646917
0.56626368,0.64652777
0.64708364,0.58315706
0.92269832,0.85891318
0.72214276,0.69257730
0.88434732,0.94185799
0.83796036,0.88832200
0.82632774,0.85598040
0.81067705,0.78168249
0.84721446,0.90263158
0.82105160,0.83303654
0.87876570,0.91967493
0.83682209,0.71624804
0.87992918,0.80990237
0.88888752,0.90912700
0.80859441,0.80256462
0.63451135,0.59552443
0.38695019,0.23681186
0.61992508,0.50253379
0.66580671,0.54191619
0.38695019,0.18189681
0.52432871,0.42438155
0.74395567,0.72044647
0.81362170,0.91439730
0.87653232,0.91684574
0.88436484,0.92506206
0.38695019,0.24160588
0.38695019,0.27595365
0.89119935,0.85697168
0.72819972,0.66573411
0.76539761,0.89220566
0.73271573,0.47112080
0.67471194,0.48271435
0.73956668,0.77254188
0.86806941,0.96651059
0.83835566,0.72334933
0.91234654,0.64689296
0.38695019,0.72345650
0.38695019,0.18042041
0.84277821,0.60098600
0.62791228,0.49399674
0.74639261,0.71402138
0.90489888,0.94178361
0.55118567,0.29500368
0.88291997,0.90296113
0.38695019,0.05136472
0.90981561,0.94964486
0.45745420,0.47654912
0.69897604,0.55289757
0.87652826,0.81119543
0.81421143,0.90784472
0.90938026,0.89685374
0.76236659,0.67636144
0.71504521,0.40288460
0.53642523,0.42986614
0.91849917,0.98393756
0.57064152,0.61065215
0.55791718,0.65012896
0.90135843,0.95646000
0.53643924,0.50420672
0.91486287,0.87978321
0.90900666,0.92094803
0.75286734,0.66511738
0.62033421,0.60660034
0.38695019,0.44250327
0.89430308,0.89464885
0.91694051,0.92523944
0.90079993,0.94815439
0.67185485,0.88486564
0.79773128,0.83461541
0.86316776,0.87142307
0.81445557,0.83375567
0.56542152,0.56789601
0.81576514,0.84102881
0.88932061,0.85782647
0.79409766,0.67394406
0.89277667,0.95129144
0.79854405,0.59579164
0.88359398,0.87803340
0.86092436,0.86035794
0.62799984,0.66070873
0.75271595,0.82681078
0.72393543,0.67062145
0.63615859,0.58097559
0.38695019,0.39346027
0.38695019,0.34014612
0.38695019,0.21975319
0.72975832,0.59207392
0.80815780,0.87201297
0.75538790,0.78771836
0.71825767,0.70762616
0.62644076,0.67272651
0.87414658,0.87387979
0.88340592,0.96345621
0.48229522,0.42077038
0.46965736,0.15829608
0.90291589,0.91199678
0.89723259,0.95495719
0.38695019,0.35403588
0.68579733,0.66532016
0.88309377,0.92055923
0.68376100,0.91490322
0.91453153,0.97001278
0.85761273,0.88018858
0.89116615,0.93117476
0.93069041,0.95382863
0.77980733,0.86244410
0.72208911,0.73442101
0.91662335,0.91228068
0.62555814,0.93927830
0.59633172,0.46267676
0.74481577,0.70179617
0.88928974,0.91501409
0.89029187,0.91996789
0.59976137,0.54710144
0.38695019,0.31135127
0.89319402,0.93886197
0.87794805,0.90465760
0.85393655,0.94040430
0.57952613,0.66389376
0.83410209,0.82772726
0.90965074,0.91983473
0.38695019,0.39805523
0.85112756,0.87549829
0.71564883,0.66744733
0.87937230,0.79849559
0.84878415,0.85115749
0.84027505,0.81344086
0.88272953,0.87896824
0.81322557,0.66121429
0.74354792,0.55836362
0.62596107,0.51431823
0.89086235,0.87147808
0.92362660,0.91590399
0.89711374,0.90799302
0.90318143,0.85250485
0.89133877,0.96512985
0.89782655,0.95205468
0.88079154,0.91211528
0.60632086,0.65570402
0.85090816,0.75059289
0.79520559,0.72716153
0.73089445,0.57137841
0.81044734,0.76650643
0.89817238,0.91661173
0.69893038,0.76482922
0.77397180,0.74185425
0.38752478,0.31294981
0.92348009,0.96527582
0.82527339,0.85145080
0.88325405,0.80889010
0.70478362,0.76749974
0.44608641,0.41971815
0.88914007,0.84762043
0.77390087,0.87377679
0.38695019,0.40974379
0.55844438,0.66561794
0.86368454,0.82890910
0.75436330,0.86212122
0.72835755,0.68294156
0.38695019,0.31551424
0.76584637,0.72432435
0.79493058,0.87636930
0.86624742,0.89229268
0.38695019,0.70499414
0.90695924,0.94096440
0.76830548,0.69155443
0.44127601,0.42263299
0.82658511,0.78516775
0.82703453,0.73881149
0.65893930,0.26188931
0.87705028,0.92157781
0.63655323,0.71014494
0.60156024,0.63020581
0.38695019,0.46329337
0.62050033,0.48507112
0.60855341,0.77320921
0.62151301,0.51368695
0.91873986,0.95154363
0.74714100,0.82196611
0.38695019,0.31492946
0.80473423,0.86184406
0.89813972,0.91306508
0.76437443,0.81522924
0.38695019,0.29763985
0.88947988,0.91791171
0.88067722,0.84123367
0.88579261,0.86639059
0.69616449,0.70728254
0.48119885,0.50532764
0.77397090,0.75413793
0.81487370,0.79802209
0.38780010,0.06908450
0.52206647,0.46709225
0.71147555,0.48625547
0.81653601,0.91732252
0.88376230,0.91885495
0.57369983,0.35408440
0.85075408,0.91003817
0.72079360,0.76037735
0.73817009,0.57758534
0.91988897,0.90748078
0.91787988,0.92078489
0.74065763,0.43711427
0.87035728,0.89867485
0.49296531,0.58305603
0.73173189,0.66135561
0.57694352,0.60321182
0.74384105,0.78839141
0.87253737,0.87336266
0.90156883,0.91758722
0.88461208,0.82968795
0.89580846,0.94885772
0.65343964,0.74861449
0.90200990,0.87827450
0.69617492,0.85758328
0.81969708,0.82503259
0.76802778,0.79437703
0.79308546,0.77544993
0.81452572,0.96475953
0.90340155,0.88080531
0.89146715,0.93811256
0.54381478,0.53290743
0.90370154,0.88905644
0.79628742,0.82162529
0.89148140,0.82956201
0.58308250,0.54464805
0.73209274,0.85636365
0.91224754,0.93567741
0.38695019,0.62207139
0.74420071,0.75282866
0.84078723,0.83056438
0.68475616,0.60219049
0.72631121,0.59485096
0.72630626,0.92739350
0.38695019,0.36347941
0.89654398,0.93956929
0.76212275,0.58518565
0.38929316,0.31247404
0.85435086,0.84383649
0.73089886,0.60194921
0.79177541,0.90385151
0.88748896,0.91632074
0.84324062,0.79541570
0.88060653,0.92923933
0.82008588,0.87799019
0.86848718,0.91084057
0.63018215,0.60825026
0.76703131,0.80930573
0.38695019,0.44092557
0.91704130,0.93097347
0.88347995,0.94509882
0.84369648,0.82213134
0.68932444,0.79500026
0.83579046,0.73055553
0.65278661,0.65812683
0.82749867,0.89912975
0.85496163,0.60179102
0.74606681,0.67281604
0.63203239,0.68463725
0.87724864,0.98814118
0.38695019,0.46337771
0.62968779,0.68644661
0.86831856,0.84266508
0.83895320,0.79233730
0.75523806,0.84904999
0.53584146,0.62392473
0.88954967,0.87537408
0.88174981,0.86046410
0.84714752,0.92244172
0.72971654,0.12338441
0.87497020,0.92666966
0.90914857,0.89816177
0.88253516,0.92510438
0.82535374,0.78233039
0.80947900,0.88588852
0.74249882,0.63951617
0.90270841,0.89922249
0.38695019,0.43105555
0.66706991,0.26039925
0.62182611,0.57132524
0.38695019,0.52865130
0.38695019,0.34113720
0.89803928,0.85555959
0.71742082,0.68694735
0.87835205,0.94155842
0.69354695,0.67960298
0.90029770,0.98026317
0.75876671,0.71152312
0.81731886,0.11945333
0.90694755,0.91170597
0.91161084,0.94761902
0.86257398,0.87409574
0.51853436,0.63698959
0.88637841,0.91972297
0.72597039,0.60412472
0.38695019,0.17510287
0.40650094,0.65124583
0.90663964,0.94237727
0.88576329,0.81131107
0.88291711,0.85678673
0.85854959,0.89682353
0.79515630,0.68675578
0.80151486,0.69969225
0.87751913,0.89197922
0.89426935,0.93751657
0.47532409,0.52735651
0.80377305,0.67539680
0.77282989,0.81089741
0.91496938,0.93118787
0.38695019,0.23821059
0.79934013,0.88850033
0.38695019,0.29759315
0.87859613,0.98387098
0.87552464,0.68531996
0.88951832,0.90717655
0.73044372,0.63645130
0.83379626,0.63410997
0.58888030,0.56390709
0.39883959,0.38640112
0.50150490,0.59971195
0.80864239,0.81190509
0.39077631,0.77822804
0.91389304,0.94847524
0.67529494,0.50519210
0.90972275,0.93418801
0.89254779,0.94858783
0.88440514,0.86462289
0.90292424,0.93756014
0.84654796,0.81495655
0.38695019,0.48136434
0.51411688,0.37597519
0.55374068,0.70359051
0.72218013,0.62592953
0.52605486,0.51125449
0.52781785,0.54233509
0.89008462,0.87815273
0.40812442,0.49069935
0.72443807,0.90702724
0.92100960,0.93976974
0.87561798,0.93013632
0.82223260,0.91496599
0.38938704,0.46256721
0.59711480,0.81667751
0.66263920,0.61455625
0.88810742,0.86431748
0.88199854,0.92088908
0.92699182,0.95627242
0.38695019,0.35047990
0.38695019,0.27582550
0.89952463,0.89698404
0.60892260,0.49309525
0.41950515,0.59674865
0.74132466,0.90041858
0.88465071,0.84657222
0.78093594,0.74964249
0.80623889,0.84259510
0.90989405,0.92773968
0.85233593,0.86005497
0.64671314,0.43663746
0.38695019,0.65562260
0.84141082,0.77084839
0.86693603,0.88929200
0.86368954,0.56137246
0.89900470,0.95222330
0.85386062,0.93880033
0.73425722,0.61130273
0.63707381,0.66463548
0.73820966,0.57126212
0.80347049,0.81140125
0.87488621,0.87110692
0.59248835,0.51611155
0.77867627,0.82379520
0.89084643,0.92742449
0.82401121,0.86062193
0.89069957,0.87861025
0.72061598,0.76460183
0.77191246,0.62398291
0.82807010,0.88543117
0.72576582,0.65755576
0.67283785,0.71240228
0.89361036,0.88966560
0.73465383,0.61563998
0.38695019,0.27041593
0.85608679,0.82627690
0.38695019,0.36762342
0.76780069,0.70276552
0.77385664,0.76733917
0.51616979,0.50571364
0.89115661,0.89392662
0.80476129,0.70371163
0.87864655,0.92180008
0.89262480,0.95222223
0.91399962,0.97394812
0.87797821,0.87787205
0.38695019,0.26346931
0.77463233,0.60044956
0.83148801,0.88773692
0.91226298,0.94300526
0.77717173,0.65546620
0.89201099,0.88994503
0.88016582,0.94645202
0.84472144,0.85202897
0.78838056,0.84666324
0.91495627,0.92938083
0.73692864,0.65601927
0.73252648,0.79284823
0.82074416,0.86666667
0.38695019,0.49213353
0.88919473,0.90919971
0.39674842,0.37278584
0.56556368,0.61247760
0.91262496,0.98069954
0.89298004,0.89074618
0.80301452,0.92161173
0.82469171,0.78991175
0.42805308,0.50117564
0.90217793,0.92743641
0.89216429,0.93714100
0.67839867,0.62839681
0.83876795,0.86453646
0.69782507,0.51834238
0.77324528,0.51592159
0.89663702,0.91337049
0.79884827,0.84103644
0.38695019,0.26368701
0.91184419,0.94897270
0.83432913,0.86834514
0.84296131,0.83479828
0.41400096,0.32072389
0.90537566,0.91436714
0.85669172,0.92822248
0.86107635,0.66482651
0.76491630,0.87753588
0.91595751,0.95978361
0.85114491,0.88037038
0.71883011,0.82229638
0.86682820,0.81553066
0.87016273,0.90870708
0.38695019,0.22173683
0.81944233,0.81991667
0.85157365,0.88727701
0.88164544,0.97264469
0.88299751,0.88453460
0.44235414,0.39998743
0.75047827,0.72426903
0.38695019,0.37020344
0.57785386,0.62159497
0.86791217,0.80033547
0.82123548,0.87703180
0.80114543,0.72613961
0.90760410,0.91932911
0.83678812,0.80875707
0.87563348,0.96621388
0.83353168,0.73590565
0.61393118,0.53175282
0.87338901,0.95569479
0.72123015,0.85787910
0.86497313,0.91462767
0.83948886,0.84964156
0.87864149,0.92041367
0.55571103,0.43037850
0.45934534,0.65663856
0.38695019,0.34939492
0.90921688,0.91933256
0.56972492,0.79794973
0.86948884,0.24443860
0.38695019,0.19908604
0.85902679,0.92154646
0.77495748,0.79469872
0.56930161,0.67562401
0.80464065,0.79151249
0.78711230,0.66866726
0.82691783,0.84853733
0.76354456,0.66561460
0.80391830,0.81181318
0.38695019,0.16883211
0.76409066,0.69151980
0.90591562,0.94042695
0.66088742,0.57627106
0.45159397,0.52826089
0.90015775,0.93764573
0.87518334,0.87558526
0.38695019,0.41945186
0.38695019,0.40059206
0.90767276,0.93563622
0.84424984,0.81188291
0.38695019,0.14387700
0.69575346,0.67460316
0.82109976,0.75912517
0.72996414,0.69298339
0.89932287,0.92375308
0.88771904,0.94433659
0.69903928,0.33902389
0.89475733,0.88370687
0.53845704,0.60963219
0.83167410,0.91833335
0.51380128,0.58405799
0.79771709,0.75930297
0.89016956,0.87258023
0.91680187,0.93895632
0.43728063,0.43178505
0.73482198,0.38442686
0.51641691,0.56603146
0.50779748,0.71205699
0.38695019,0.32590580
0.91000199,0.88000000
0.38695019,0.09435582
0.91173583,0.93921590
0.85102439,0.94690579
0.89823228,0.86420643
0.82285500,0.86055839
0.88140589,0.82858294
0.88771617,0.91889256
0.83236086,0.79470009
0.55077338,0.47681984
0.90466905,0.91692543
0.80664319,0.76311851
0.53251386,0.53652096
0.64306569,0.43902439
0.91320699,0.92598152
0.38695019,0.14750355
0.38695019,0.12500930
0.83572614,0.94349796
0.84957397,0.90295762
0.90758961,0.93720138
0.90675765,0.90058959
0.38695019,0.21902834
0.38695019,0.37369376
0.55338991,0.24889717
0.89644557,0.96393663
0.72119081,0.78216499
0.83501410,0.79706925
0.38695019,0.23380351
0.83734095,0.80832392
0.83546025,0.81209868
0.76682746,0.72360629
0.86394316,0.93560302
0.53082371,0.42252624
0.79740816,0.76539201
0.87292892,0.97972971
0.90629441,0.96800590
0.81607378,0.77814007
0.77203929,0.67242688
0.69160300,0.55221295
0.80848062,0.48824480
0.38695019,0.07052541
0.84592110,0.89690268
0.90769047,0.92507643
0.38865155,0.54578048
0.90160930,0.91136366
0.88675028,0.91526860
0.74927640,0.88864428
0.38977456,0.31234205
0.78973997,0.68848288
0.89643592,0.90304595
0.54791307,0.56129384
0.89661294,0.84524548
0.45367390,0.30743930
0.51801264,0.52422714
0.84456444,0.71524698
0.62864405,0.64460522
0.76730394,0.90030444
0.92208105,0.94745803
0.89556837,0.88062829
0.86836499,0.92783791
0.88932806,0.92027003
0.38695019,0.17943431
0.63088697,0.95145631
0.88463753,0.93441278
0.64228100,0.68503690
0.86910087,0.87123710
0.74766672,0.88809526
0.73496437,0.69953054
0.76005238,0.81813127
0.38695019,0.37159628
0.53187013,0.29625952
0.38978204,0.28532243
0.88925564,0.85054159
0.82045734,0.92562938
0.84613073,0.87106997
0.88866353,0.84478593
0.58432025,0.73150969
0.87864047,0.92903388
0.80361122,0.76272196
0.38695019,0.08568238
0.60519242,0.76789194
0.71207952,0.81197923
0.59591889,0.48532185
0.76703578,0.79078865
0.74985856,0.65116352
0.88725078,0.96470785
0.55821955,0.55118233
0.74960715,0.78396225
0.87588185,0.77738202
0.80028164,0.86583269
0.86615080,0.84166664
0.72647190,0.70324481
0.90936452,0.94711012
0.64863282,0.85160482
0.90011805,0.93683344
0.76727754,0.58848786
0.86027151,0.88028342
0.90809029,0.84917581
0.63522255,0.70565295
0.50746053,0.41524440
0.38695019,0.54964250
0.68963504,0.69148803
0.85596532,0.95602828
0.87064123,0.83180285
0.72402674,0.79387879
0.38695019,0.47865498
0.73199236,0.90606135
0.91243237,0.95982093
0.89363635,0.81467670
0.86945391,0.78690267
0.47480565,0.17064413
0.79169065,0.84632868
0.88603711,0.93790323
0.87982726,0.85245901
0.76097310,0.47078872
0.89984995,0.84759617
0.67683136,0.76904571
0.62369812,0.67385155
0.75885689,0.73476619
0.74186289,0.88548368
0.61191905,0.70113432
0.79049385,0.84885603
0.89312947,0.90338469
0.88088858,0.82758075
0.59326351,0.52502859
0.80280286,0.65216792
0.65870762,0.62694097
0.84035647,0.83595008
0.87364745,0.93602693
0.89513940,0.83276290
0.88619369,0.85947710
0.82196885,0.79183537
0.89650577,0.95738298
0.46226156,0.66735572
0.65174276,0.64438772
0.73283446,0.56597847
0.80842233,0.64929682
0.54488558,0.61122042
0.75255090,0.66178775
0.82366067,0.65776700
0.88918072,0.89681071
0.76859164,0.76346344
0.84665143,0.95932311
0.91588062,0.92198241
0.38695019,0.48826945
0.38695019,0.10680799
0.63998556,0.68948412
0.38695019,0.29136214
0.88646173,0.97972971
0.82642180,0.80772376
0.79731977,0.76360542
0.83729869,0.84191996
0.80160421,0.77688491
0.83275473,0.78312802
0.89248496,0.84217387
0.88533580,0.90997022
0.90814394,0.90726715
0.91039485,0.93198651
0.88718581,0.81842673
0.82138932,0.79706222
0.79592705,0.80172646
0.38695019,0.31707820
0.89417821,0.95548791
0.83015263,0.86841512
0.85750169,0.84227818
0.85245520,0.84136605
0.83241832,0.84452415
0.87527031,0.83379704
0.75293410,0.80149972
0.46721390,0.48747450
0.91704339,0.98148149
0.81317002,0.87855417
0.72933698,0.64632630
0.38695019,0.13333993
0.62232280,0.59449309
0.81123126,0.80787051
0.51609153,0.39782366
0.83502620,0.89029396
0.77940857,0.83938628
0.38695019,0.47833067
0.73520559,0.68499780
0.72170913,0.60607290
0.89008230,0.93123323
0.89112866,0.86792201
0.87032735,0.88176209
0.52893031,0.62249100
0.87995338,0.87446427
0.73486471,0.85988402
0.72460294,0.83945477
0.87166500,0.92678893
0.60001844,0.45893669
0.78733420,0.76620084
0.74971539,0.65751547
0.89070773,0.86638761
0.89189237,0.93196636
0.76180053,0.91527689
0.52482051,0.43201447
0.66886425,0.69329590
0.86073595,0.82569033
0.90278083,0.90167713
0.89096850,0.93781269
0.79822266,0.99166667
0.38695019,0.07119388
0.88191748,0.91083103
0.81875587,0.85227573
0.38695019,0.22015037
0.43289250,0.33580360
0.73295075,0.71583664
0.73166239,0.69845706
0.86830896,0.93265718
0.83292913,0.74616790
0.38695019,0.17975725
0.38695019,0.64841282
0.57615733,0.58648145
0.77484208,0.76639825
0.51416063,0.58259737
0.79645646,0.57789510
0.74228960,0.73101193
0.88756001,0.88887489
0.89956206,0.92653334
0.87771964,0.77204609
0.90152615,0.94158655
0.83065188,0.73460716
0.83959389,0.85845518
0.90493673,0.96074772
0.74800384,0.76332963
0.89873326,0.92130870
0.67763364,0.63106823
0.76242501,0.86904764
0.82896006,0.62137681
0.52233034,0.69717968
0.70068049,0.62352329
0.88781077,0.19285475
0.69140863,0.93114913
0.58288300,0.67452687
0.91305155,0.93856800
0.38695019,0.34905660
0.80342025,0.75569052
0.74014062,0.56770831
0.84825915,0.92663145
0.88035214,0.94022715
0.74970639,0.67264873
0.87158263,0.88423645
0.80543119,0.86261904
0.75311744,0.60852438
0.72460270,0.53065002
0.73256034,0.68030012
0.38695019,0.47194296
0.90678442,0.93220341
0.81885397,0.89097673
0.79439926,0.66884613
0.89126247,0.88850945
0.81501365,0.88932097
0.38695019,0.16695653
0.63584089,0.61830258
0.71647656,0.67327338
0.77087271,0.85753751
0.59835148,0.53779238
0.74380910,0.86649662
0.89909828,0.89299858
0.87733471,0.96202534
0.66664672,0.57181078
0.71419466,0.60144925
0.88109487,0.85056043
0.88247472,0.78023899
0.91156775,0.91588992
0.48278779,0.28081399
0.77797192,0.75372505
0.79524744,0.80725032
0.75390410,0.72609496
0.89607376,0.98553824
0.82449692,0.78690523
0.83726752,0.88962543
0.38695019,0.12251612
0.90428191,0.96561623
0.74040931,0.81306690
0.88635743,0.93226063
0.84211218,0.90780938
0.82696354,0.95410550
0.42996019,0.50064051
0.79630375,0.17005523
0.82514620,0.67373949
0.82794684,0.94060165
0.86994123,0.84559554
0.38695019,0.26626548
0.91428334,0.94038880
0.86471951,0.93379462
0.87145180,0.86828297
0.79693639,0.93649572
0.89783114,0.87033379
0.38695019,0.30239484
0.38695019,0.75320405
0.76873106,0.64618421
0.75371015,0.80412138
0.72257102,0.84704185
0.92735600,0.96123320
0.90422177,0.99000001
0.78826272,0.79330862
0.87465477,0.84130782
0.67551422,0.56824267
0.89746112,0.93353629
0.89095390,0.94065863
0.80194652,0.83396387
0.91027325,0.86737651
0.90622669,0.93076921
0.77486855,0.81203127
0.89164269,0.91948223
0.89800841,0.96731538
0.38695019,0.66242820
0.62192678,0.50470990
0.92256624,0.95643938
0.65826964,0.72128850
0.85836715,0.84586579
0.78149700,0.76629037
0.88233709,0.91518635
0.77410996,0.65751314
0.77681237,0.86267960
0.90802526,0.92284340
0.87604225,0.71982896
0.43294919,0.44666255
0.73260528,0.80244207
0.47927219,0.55172747
0.87022966,0.89200079
0.71526515,0.57812291
0.71804368,0.70387191
0.66712236,0.35829931
0.89484149,0.78926712
0.50040686,0.62279826
0.66364998,0.63501704
0.89940435,0.95910424
0.51250827,0.80791867
0.52040410,0.37608716
0.73447239,0.60309088
0.57509786,0.67371470
0.82194275,0.80536258
0.74997467,0.70601851
0.83038890,0.77915603
0.51882762,0.49406329
0.87809145,0.89151007
0.90249842,0.94268775
0.75221741,0.73738050
0.88149863,0.92052633
0.83994168,0.83014584
0.78672236,0.46121386
0.88050371,0.83173078
0.83535922,0.88455808
0.59183669,0.66780853
0.88318264,0.95223755
0.84210891,0.83463120
0.72159290,0.56047386
0.79879302,0.71757340
0.38695019,0.27852824
0.38695019,0.19048506
0.79945475,0.73409849
0.90423602,0.93607050
0.56339037,0.67824072
0.38695019,0.52498394
0.66209149,0.47280738
0.77967143,0.77034056
0.78278607,0.58825344
0.62573296,0.51538432
0.51666707,0.48177847
0.56873643,0.58467114
0.88578081,0.90775782
0.92012966,0.92439532
0.74550331,0.67871708
0.67191821,0.68213701
0.75271910,0.80082154
0.63143146,0.75862384
0.46746925,0.33779141
0.88205761,0.98343235
0.87094152,0.88749582
0.73072976,0.73438913
0.82067686,0.72330016
0.74115103,0.67253858
0.81165761,0.87918276
0.38695019,0.28183806
0.90410835,0.97442567
0.70373118,0.69661677
0.89675748,0.94012767
0.88899177,0.92631358
0.85341591,0.88204587
0.88991851,0.93467259
0.38695019,0.41041511
0.89300901,0.91388887
0.82394952,0.84910339
0.83865190,0.96799505
0.87997615,0.92860109
0.70896667,0.83098817
0.89966196,0.93587887
0.89676243,0.96623707
0.86532855,0.91050261
0.82066494,0.90038919
0.70301890,0.86312574
0.87108946,0.82508343
0.85851669,0.88796860
0.64106953,0.39896694
0.38695019,0.33061740
0.79421443,0.88319206
0.38695019,0.41717896
0.47274664,0.55536669
0.92612308,0.90886855
0.88779831,0.57984751
0.90418893,0.90169120
0.81295472,0.81267005
0.87326872,0.94749999
0.83569419,0.84824699
0.87697613,0.91906285
0.79644775,0.81047422
0.88270694,0.97802615
0.83895344,0.91478366
0.53664148,0.44305736
0.63051558,0.78115833
0.91007823,0.94915253
0.69304562,0.87132651
0.60401040,0.69052649
0.68478894,0.76175255
0.73440897,0.71315020
0.53038353,0.58285314
0.63440228,0.52807713
0.91371816,0.98107141
0.73795557,0.65546507
0.38695019,0.44111520
0.66114116,0.56628370
0.60836303,0.73233843
0.89704591,0.96042806
0.50058585,0.55050504
0.65727019,0.66516650
0.86438727,0.86129528
0.84987652,0.82908076
0.77982163,0.74611723
0.59844786,0.76525813
0.88666749,0.90927100
0.51184642,0.60400087
0.83301157,0.94416016
0.76058972,0.66264325
0.87636018,0.09637783
0.91542327,0.96862489
0.80491257,0.80731523
0.87772155,0.92791831
0.69153291,0.55941457
0.80132210,0.60825813
0.79261369,0.86800700
0.89437026,0.97567004
0.79893649,0.66535783
0.66222286,0.72670645
0.88363761,0.86571139
0.90228730,0.91038311
0.82019848,0.59109044
0.79930103,0.82247573
0.39427307,0.45888653
0.91523880,0.91079795
0.49218422,0.49548846
0.90110290,0.89794171
0.38695019,0.11910129
0.92190236,0.89069951
0.38695019,0.15725546
0.89484602,0.96538460
0.90611309,0.94564301
0.75050604,0.71695369
0.88748896,0.62296212
0.55905712,0.53124499
0.60527253,0.65715879
0.79240555,0.66834688
0.74835992,0.21868169
0.58895266,0.55416667
0.56593591,0.43706784
0.79284114,0.80063033
0.89023888,0.90268874
0.65636671,0.60752630
0.55190498,0.61615503
0.38695019,0.37033582
0.54498750,0.61427045
0.89677578,0.97887844
0.90881699,0.90608376
0.62725610,0.56728727
0.91897017,0.97202671
0.58215499,0.35575166
0.87641251,0.92224234
0.59912944,0.63843971
0.38695019,0.30286923
0.87640953,0.91054130
0.72979283,0.68342865
0.38695019,0.28797027
0.38695019,0.20291358
0.85484076,0.86948252
0.82160962,0.91682285
0.89170402,0.78800392
0.89073247,0.87119436
0.53584087,0.43287298
0.72085130,0.70836127
0.38695019,0.32228628
0.74683684,0.86419630
0.38695019,0.16025908
0.64484572,0.74384892
0.84488225,0.81542057
0.64160192,0.58880627
0.81776917,0.76590323
0.91818231,0.99206346
0.72940964,0.77681589
0.55330360,0.50917512
0.81414032,0.85952008
0.74484521,0.63465470
0.88254356,0.88424534
0.86580825,0.63328665
0.90530306,0.94574910
0.38695019,0.11811777
0.92094177,0.91740221
0.89578933,0.90386921
0.91905695,0.94970340
0.90363020,0.87843370
0.38695019,0.39732978
0.86881852,0.84708250
0.79862809,0.80015755
0.53003061,0.55821848
0.85922652,0.39024442
0.84707731,0.84693062
0.70251524,0.69758278
0.85635960,0.93098426
0.87737608,0.82907850
0.89861935,0.99166667
0.90094280,0.97223514
0.38695019,0.24435264
0.46339327,0.42901236
0.89171451,0.82156307
0.38695019,0.35357124
0.87264132,0.92150867
0.81523877,0.56147814
0.38695019,0.23245470
0.46445879,0.48848704
0.90585458,0.92389894
0.92278510,0.95277780
0.71877825,0.76972771
0.78742528,0.67172754
0.84473902,0.84837419
0.86103243,0.82475513
0.51620394,0.23030707
0.87302071,0.82152689
0.68919390,0.76228070
0.38695019,0.28620270
0.76572621,0.66100800
0.67040670,0.86522591
0.53468978,0.36501867
0.87078643,0.94780713
0.62932652,0.69999999
0.83413583,0.85361654
0.82570547,0.97650141
0.44012779,0.64468789
0.51269054,0.61029834
0.87731463,0.73559529
0.88349175,0.93532604
0.85077381,0.70510715
0.90117091,0.90939397
0.86980766,0.91705018
0.86994863,0.85875821
0.38695019,0.34002978
0.82691336,0.95213205
0.89925623,0.98165137
0.38695019,0.30604681
0.38695019,0.25812802
0.75323176,0.82496858
0.72091937,0.51854765
0.75247031,0.76430041
0.88358319,0.93725395
0.38695019,0.33801779
0.63031971,0.63362235
0.53320575,0.50731504
0.72472024,0.62807781
0.84703255,0.87558323
0.88623607,0.94364434
0.88316488,0.75039101
0.56040442,0.74451780
0.90253407,0.86319327
0.51894635,0.38241962
0.70313656,0.81843013
0.89756566,0.86405939
0.87762785,0.86405599
0.46190920,0.43701848
0.89745891,0.87335420
0.64442146,0.50978321
0.87682587,0.81202036
0.87764108,0.88600940
0.58293766,0.50539047
0.81329954,0.85573643
0.88935643,0.91987669
0.86065435,0.88797641
0.61191511,0.70683777
0.87481821,0.79020047
0.87630361,0.73596215
0.88869601,0.94090211
0.88825595,0.94067794
0.91589373,0.95086616
0.52267563,0.59285712
0.77772093,0.86079091
0.69889081,0.49104384
0.84304994,0.81961870
0.79834664,0.82330829
0.87808639,0.87552047
0.73940748,0.78884101
0.80518222,0.79976088
0.77851725,0.82835734
0.84077334,0.71350086
0.80604112,0.86343962
0.69181240,0.59022194
0.76270902,0.72376144
0.89642894,0.77212322
0.87581885,0.87821120
0.55630726,0.67949569
0.89502323,0.92183858
0.75116795,0.56200981
0.65214795,0.54360116
0.38695019,0.48100710
0.64621150,0.50808626
0.65795219,0.63141090
0.90357453,0.97427428
0.81029260,0.64895022
0.86006856,0.92226720
0.87647355,0.91636389
0.81654185,0.70371795
0.38695019,0.17081459
0.72923601,0.66695982
0.73381335,0.71938390
0.90320593,0.90761811
0.70492041,0.71532935
0.85003161,0.88697839
0.80543774,0.82639384
0.89360571,0.94949025
0.90930730,0.96667588
0.76315433,0.86410254
0.74246264,0.78773451
0.78738153,0.77489179
0.38695019,0.21120690
0.85938752,0.79312551
0.87272739,0.70562029
0.90930837,0.87896007
0.77498621,0.91606569
0.90448987,0.90378344
0.80468142,0.90067273
0.91918093,0.91130340
0.86767244,0.84284276
0.77820337,0.87324744
0.91537315,0.93165481
0.59337819,0.54390246
0.88570762,0.85810858
0.88256836,0.89733505
0.76631814,0.70793337
0.88293177,0.95843238
0.38695019,0.05111977
0.68006897,0.58055115
0.61746472,0.60134947
0.38695019,0.17964554
0.88679224,0.98333335
0.38695019,0.27774772
0.87058449,0.93567622
0.38695019,0.21625404
0.38695019,0.15141453
0.81848806,0.85147029
0.87842649,0.92382288
0.74584544,0.73685557
0.79619908,0.71868426
0.45843583,0.44562212
0.63361096,0.66638315
0.80397815,0.86071163
0.70065796,0.67451662
0.38695019,0.13947834
0.38695019,0.26940882
0.89811665,0.95736259
0.90912503,0.94181597
0.90337521,0.99242425
0.87878376,0.92092192
0.76080292,0.66526419
0.88055754,0.95984846
0.68528920,0.69779003
0.45197672,0.38681319
0.38695019,0.32338411
0.82910514,0.80857682
0.41796610,0.53040332
0.88050479,0.86771774
0.91818583,0.87664849
0.38695019,0.18619974
0.52857637,0.49730280
0.76126677,0.88230950
0.80437708,0.72491962
0.79311734,0.67751479
0.60545486,0.62500000
0.40870473,0.64033121
0.86608326,0.90594268
0.66951430,0.68416995
0.38695019,0.33631256
0.69873893,0.84237599
0.67027771,0.70284545
0.86280566,0.87696075
0.74014795,0.81707221
0.90144783,0.98026657
0.91603893,0.93594086
0.80158579,0.68148047
0.80201352,0.85499483
0.61132956,0.55622739
0.42131326,0.65000129
0.38695019,0.44748220
0.38695019,0.29259095
0.38695019,0.36457625
0.88627595,0.95988846
0.91855031,0.90913469
0.88325304,0.94531852
0.76943982,0.73246604
0.78937906,0.83462989
0.76538432,0.71052945
0.87234658,0.94230771
0.69624168,0.66252059
0.86436582,0.90287155
0.80566031,0.75985974
0.40837350,0.46171406
0.63782585,0.31956398
0.87785405,0.85933375
0.41421783,0.76866412
0.84124291,0.94714755
0.83411479,0.87915987
0.91604310,0.93169492
0.87609726,0.86261386
0.39049685,0.19632471
0.87745041,0.90105909
0.61059725,0.72031099
0.78965211,0.76688313
0.88137716,0.96012962
0.90117311,0.86866605
0.84215391,0.90585440
0.87346137,0.93271685
0.87975693,0.88478261
0.89614505,0.86176914
0.50935853,0.51347333
0.89926451,0.93015492
0.70923257,0.68921834
0.66348886,0.79513890
0.62736928,0.59012729
0.46893138,0.62888986
0.89469677,0.89901131
0.88009781,0.76649535
0.82561588,0.82911712
0.87389886,0.88514960
0.85849983,0.89969790
0.78365922,0.76841235
0.88377726,0.84677452
0.74240786,0.64934814
0.83074814,0.76868510
0.55084229,0.61119562
0.90791315,0.97107846
0.51814586,0.63371974
0.79455990,0.89817280
0.38695019,0.68898940
0.82177979,0.81780916
0.38695019,0.25656238
0.77837735,0.84428668
0.85597360,0.85637277
0.74039268,0.81129110
0.78503847,0.89091057
0.38695019,0.20130895
0.91103834,0.94965976
0.88666785,0.91128057
0.88249707,0.81745720
0.51653695,0.54087633
0.71860188,0.84246558
0.88102132,0.78334731
0.50156188,0.60525763
0.83633000,0.62561375
0.91831338,0.90607119
0.90105540,0.91905630
0.86103207,0.85009265
0.90444309,0.96336478
0.69022369,0.71349239
0.38695019,0.11315766
0.53876400,0.39373800
0.38695019,0.18446052
0.68723917,0.75481474
0.88691479,0.97979796
0.82122207,0.89345986
0.88125747,0.82663476
0.85595232,0.29397160
0.62381124,0.62876254
0.38695019,0.28677204
0.84008485,0.73443598
0.91581655,0.95912063
0.68850076,0.83815354
0.88588637,0.94038206
0.38695019,0.37639332
0.89697701,0.86912143
0.65646422,0.66216218
0.50633574,0.42071429
0.83757079,0.90442324
0.75985193,0.81430185
0.83202058,0.84434795
0.38695019,0.38420847
0.75970078,0.65241379
0.38695019,0.28744543
0.87996769,0.89842528
0.51385570,0.22208612
0.85906219,0.88827115
0.91022491,0.92057413
0.90740544,0.93169284
0.71000910,0.71136886
0.80616784,0.72549576
0.88586193,0.82310528
0.82944262,0.82157713
0.88353097,0.91352737
0.88966775,0.83189255
0.77763623,0.50598788
0.52160692,0.52617741
0.74501717,0.89521056
0.38695019,0.47556207
0.88424647,0.90490377
0.63563478,0.65470612
0.66225851,0.77047533
0.90238464,0.94232351
0.91258764,0.92753059
0.88714820,0.89827532
0.76614124,0.48258558
0.90881193,0.93193859
0.56947482,0.52693659
0.77537000,0.74553573
0.79267770,0.66983384
0.65704370,0.59997392
0.89812547,0.89775598
0.60316509,0.62719846
0.79985255,0.81560630
0.80691445,0.70691872
0.38695019,0.06146450
0.82395172,0.73465145
0.71174216,0.85437572
0.61751497,0.60141242
0.89919877,0.92879355
0.38695019,0.55277306
0.61190063,0.42435005
0.58956891,0.61499906
0.51376271,0.56885421
0.73303938,0.73046875
0.90063161,0.99295777
0.88139206,0.94686663
0.67674661,0.84868419
0.88259929,0.87420022
0.88960862,0.84413356
0.82374012,0.71263474
0.88906300,0.96101540
0.82827055,0.67569047
0.80205405,0.76929212
0.83192015,0.80854803
0.88744819,0.70490855
0.41292253,0.46597019
0.82257622,0.84792453
0.85503244,0.80308068
0.84373432,0.97528517
0.88970047,0.85825270
0.74969703,0.81442559
0.87537819,0.98765433
0.75167888,0.87371445
0.87902820,0.89968103
0.91564739,0.96111113
0.90267330,0.88765866
0.87294501,0.90612924
0.38695019,0.47920039
0.87580156,0.86153930
0.80280501,0.73372692
0.80280507,0.86213523
0.55693460,0.48991859
0.78721905,0.81857145
0.89482075,0.95981508
0.89109719,0.93555748
0.81710184,0.75470591
0.87551755,0.99586779
0.38695019,0.15128127
0.83823603,0.93831909
0.62115741,0.65180963
0.77368975,0.73469114
0.76108599,0.73667657
0.92015725,0.95084673
0.67049384,0.45411944
0.76501888,0.82596397
0.89554936,0.91558367
0.86729366,0.87270057
0.77010059,0.79986250
0.87195289,0.92148459
0.89878273,0.92151356
0.54985392,0.49974844
0.92087150,0.84275365
0.85170871,0.85395765
0.85688597,0.81715631
0.55674094,0.60693753
0.89627892,0.95842308
0.38695019,0.32973275
0.92332846,0.95446908
0.90248561,0.95598608
0.85795575,0.78623497
0.62293673,0.52014506
0.86969370,0.83970904
0.75207615,0.63051218
0.82911140,0.88158399
0.74366874,0.61583138
0.80065209,0.95565987
0.87776732,0.75523072
0.87463903,0.67953658
0.38695019,0.53720492
0.86140460,0.94218749
0.58196622,0.66828531
0.88106948,0.89803207
0.81467199,0.72039056
0.91257983,0.95181960
0.63501722,0.57788283
0.38695019,0.19792528
0.87493503,0.86498845
0.90053588,0.83672267
0.86438620,0.96998775
0.38695019,0.35605732
0.73039711,0.77120531
0.57563603,0.59340554
0.84846520,0.92227584
0.63901985,0.70291263
0.73190731,0.47399795
0.83889687,0.82838124
0.85952485,0.96343940
0.52184850,0.73905796
0.82854003,0.80588073
0.38695019,0.68041873
0.74453294,0.52807361
0.79466593,0.84815532
0.71441406,0.61597735
0.90891242,0.92333215
0.48904571,0.36546922
0.89523429,0.70270622
0.53335136,0.30880341
0.90700454,0.96578383
0.66774035,0.78835350
0.85430819,0.90789402
0.85998267,0.94718617
0.85544443,0.95959967
0.79845059,0.87348652
0.59683585,0.84302080
0.38695019,0.25022730
0.86460054,0.92284918
0.38695019,0.31365532
0.45300072,0.27681780
0.89786273,0.95272404
0.38695019,0.23379037
0.38695019,0.17387006
0.92189682,0.94375002
0.84318948,0.80404592
0.78825623,0.89114791
0.87319803,0.94414365
0.84950042,0.81688803
0.38695019,0.26702121
0.86765778,0.86121500
0.87985939,0.93752176
0.61958992,0.60269165
0.81466329,0.83144921
0.81929410,0.76140672
0.62653834,0.25086823
0.68625212,0.78410792
0.79218960,0.85786331
0.67677903,0.29281345
0.78303528,0.70345747
0.81380218,0.90486759
0.57100290,0.47359255
0.61316073,0.75320292
0.88477826,0.88372147
0.90029466,0.96178764
0.86362952,0.80204189
0.38695019,0.21891502
0.83284289,0.88470757
0.91448522,0.95590001
0.66705418,0.72039109
0.38695019,0.13315079
0.88978428,0.88758594
0.89884210,0.86063218
0.80952168,0.73494339
0.90295088,0.92040634
0.86120355,0.91938025
0.38741317,0.26233122
0.57181513,0.35845995
0.38695019,0.29174992
0.62564808,0.74594754
0.83716071,0.86434209
0.86224622,0.68731707
0.74291950,0.73861116
0.80767274,0.79933137
0.88010454,0.87618434
0.87421811,0.91233575
0.86837685,0.90985346
0.89602971,0.95246643
0.80131644,0.88553327
0.42119601,0.30136934
0.62692863,0.69969070
0.67131925,0.59131038
0.80304784,0.92737734
0.91419071,0.90550238
0.38695019,0.32065657
0.38695019,0.12341198
0.38695019,0.63449591
0.71877050,0.56483519
0.83954799,0.79153407
0.69944966,0.75685716
0.85488373,0.85959321
0.38844079,0.32328284
0.91492826,0.97483182
0.85705674,0.93755800
0.88139307,0.75008893
0.60152632,0.54827785
0.83629453,0.77899390
0.88058484,0.86642855
0.85309112,0.85757929
0.82713252,0.80524760
0.89311177,0.89142627
0.79868364,0.85637563
0.70716542,0.55213892
0.80089611,0.79657477
0.77937299,0.93150687
0.53788149,0.64687014
0.83058667,0.81788236
0.90213388,0.93490839
0.74779963,0.60836816
0.77100676,0.75797695
0.47385603,0.37491038
0.88673842,0.84554595
0.82280844,0.94024563
0.88248211,0.89032346
0.91192377,0.94315207
0.74868953,0.70266181
0.38695019,0.17724867
0.87814903,0.95757121
0.78533632,0.66002661
0.89230150,0.89160919
0.63792920,0.71016461
0.46971804,0.17304045
0.75006855,0.63766545
0.71257478,0.65249920
0.87400198,0.79832476
0.80847788,0.75634831
0.88551903,0.93308949
0.87260705,0.91925669
0.82132542,0.61354744
0.67796838,0.71067053
0.58023226,0.49853435
0.91050166,0.96987951
0.55797446,0.47457367
0.75187421,0.46507189
0.90849197,0.95709866
0.86833835,0.84032446
0.81443834,0.79147798
0.38695019,0.22571428
0.50902903,0.62316215
0.87911308,0.94026083
0.91132420,0.95509452
0.81861919,0.91946626
0.88405228,0.86271608
0.81657261,0.67736185
0.38695019,0.29299012
0.88953835,0.93160981
0.90123564,0.84429461
0.90138155,0.93079340
0.91317707,0.92286462
0.39670014,0.27491388
0.38695019,0.47344095
0.38695019,0.27841941
0.66514480,0.48061144
0.90153670,0.93051064
0.79800737,0.75789320
0.86397523,0.94412440
0.78954405,0.77607644
0.50791121,0.72667122
0.73155499,0.69301343
0.38695019,0.17293985
0.87830198,0.96814185
0.83490789,0.82575756
0.70554686,0.72635400
0.73742044,0.86697614
0.54779345,0.31173092
0.38695019,0.39001819
0.46914357,0.16899768
0.83328390,0.85553277
0.79076380,0.81164742
0.38695019,0.16834933
0.54514992,0.42169273
0.85560834,0.80127829
0.89138699,0.89919740
0.63078094,0.79312229
0.71529174,0.57057905
0.88979572,0.88174176
0.79918271,0.85781008
0.64150834,0.64401621
0.80458307,0.83227658
0.88048232,0.95726961
0.88268459,0.91936576
0.65321815,0.83569002
0.70125586,0.68053460
0.89008278,0.80092055
0.89225411,0.79621947
0.84637922,0.63051528
0.43185115,0.36483938
0.86954099,0.93216443
0.71709478,0.86294699
0.87438154,0.85502547
0.57322621,0.61018181
0.56673861,0.49695927
0.43742043,0.32577950
0.79238403,0.82228351
0.84672761,0.87309384
0.87543291,0.95283973
0.38695019,0.26299021
0.62800092,0.89971167
0.58510482,0.33002645
0.82590324,0.84373164
0.91512251,0.92684191
0.80916512,0.87118959
0.61979389,0.69461000
0.90734512,0.88480371
0.81703562,0.77288473
0.65358192,0.62577182
0.82732946,0.84312797
0.86919957,0.85797119
0.74288857,0.82330436
0.82701027,0.95151877
0.86760265,0.69807410
0.79020041,0.72405922
0.79715800,0.77265352
0.80285978,0.67525947
0.79735959,0.83003324
0.63072389,0.62389106
0.82987857,0.75815243
0.38695019,0.28270778
0.87567991,0.77167141
0.76034009,0.65917218
0.86624461,0.93516433
0.84479791,0.93100321
0.88381559,0.87618065
0.74360514,0.81323248
0.58442414,0.52777779
0.63374472,0.84273905
0.88230878,0.92441005
0.57098997,0.58058608
0.88514388,0.92202109
0.88165689,0.92261904
0.80622327,0.92895114
0.87855995,0.97321427
0.90507537,0.94377512
0.73860312,0.76018411
0.84403825,0.67623830
0.76457649,0.89098436
0.87793505,0.91602188
0.38695019,0.17230944
0.65675974,0.32973078
0.70530730,0.81386065
0.38695019,0.27668396
0.87195051,0.87431556
0.65387392,0.56918818
0.64008713,0.42682275
0.80519921,0.63289338
0.66334224,0.77915019
0.79980898,0.60599780
0.85898149,0.88887203
0.89026338,0.87887549
0.85806000,0.86881334
0.85471290,0.84907150
0.87560159,0.91576087
0.55449814,0.28926456
0.79954237,0.47911146
0.65988004,0.72467917
0.38695019,0.25419217
0.43300235,0.47933921
0.78052473,0.79894364
0.90214711,0.92743337
0.78989428,0.64779776
0.88463932,0.84539419
0.86182082,0.91399813
0.85292572,0.87271202
0.87452012,0.89002138
0.72746140,0.66373658
0.90520149,0.95114291
0.82500720,0.88769233
0.89942509,0.90360600
0.90621352,0.90453696
0.83361566,0.87023139
0.65414214,0.56904960
0.38695019,0.16021530
0.61744994,0.58776891
0.74899888,0.71616167
0.59695143,0.37820470
0.74103868,0.65054834
0.44993114,0.50625002
0.90454221,0.94345587
0.38695019,0.17151481
0.47968966,0.46443731
0.90895635,0.88044626
0.73810399,0.88876408
0.38695019,0.11137762
0.75314426,0.82759631
0.44986767,0.33913177
0.38695019,0.40757680
0.70214218,0.59522474
0.90286559,0.82589042
0.92531472,0.89339018
0.87980908,0.93048781
0.88096172,0.87427169
0.85430914,0.87892240
0.89481610,0.87680632
0.62396580,0.65094632
0.86324507,0.92667466
0.88851029,0.82291138
0.91546518,0.93553358
0.65057528,0.88555944
0.90897030,0.91696113
0.85770500,0.72555214
0.38695019,0.28170526
0.38695019,0.37861234
0.70604479,0.80787998
0.86700130,0.75822806
0.82643664,0.76342481
0.90280825,0.92787415
0.38695019,0.25668153
0.79340339,0.90701222
0.38695019,0.44807673
0.75407338,0.81018358
0.89932948,0.91454196
0.38695019,0.38902196
0.68259495,0.68171883
0.77786386,0.94202447
0.84644079,0.88461536
0.68153119,0.61678380
0.87974650,0.81605130
0.85379952,0.85770750
0.70740455,0.76175278
0.89031279,0.84337181
0.79383135,0.74940479
0.38695019,0.31749630
0.89249516,0.93988925
0.38695019,0.40856928
0.64099157,0.61964816
0.88208342,0.84441388
0.38695019,0.26264372
0.70328552,0.81456357
0.88667578,0.94091511
0.90271789,0.94483697
0.66561413,0.77436751
0.83662796,0.73497641
0.85123026,0.92367995
0.73644912,0.77442616
0.92002749,0.94002044
0.58432221,0.63948178
0.47533822,0.29001552
0.63863349,0.47703418
0.38695019,0.46399826
0.38695019,0.37721276
0.79932743,0.78236324
0.86156446,0.92214078
0.38695019,0.27103627
0.59452957,0.76398522
0.79447919,0.67205632
0.78043073,0.83523494
0.80047387,0.64715928
0.63791615,0.51620871
0.55080980,0.32157460
0.38695019,0.45544040
0.88069606,0.87108934
0.87050617,0.89443016
0.87965834,0.83858269
0.68553579,0.57860529
0.84830743,0.88908589
0.87431204,0.89660627
0.89591128,0.92574090
0.57660514,0.54323483
0.71677309,0.60007393
0.89435124,0.91481650
0.76403522,0.81704611
0.74370134,0.58841795
0.87151074,0.88918424
0.90477002,0.91494471
0.62094772,0.68860352
0.59128785,0.52295959
0.87520587,0.88658679
0.91107136,0.94576925
0.74062431,0.49879763
0.90311998,0.90279007
0.85041261,0.88721806
0.82183093,0.81605262
0.78888881,0.87434340
0.87569749,0.90211141
0.84985578,0.77503872
0.72851795,0.71505392
0.88211375,0.88430274
0.82358634,0.92897898
0.90000868,0.90256023
0.38821399,0.40279752
0.82494003,0.84916544
0.85537314,0.83684731
0.70635021,0.70334005
0.79413849,0.87882924
0.89057416,0.87598771
0.38695019,0.31770834
0.62641436,0.28206921
0.85454118,0.89248365
0.79629195,0.85238957
0.38695019,0.05983176
0.88260841,0.85267913
0.78301215,0.77992070
0.85624999,0.86928755
0.88763392,0.96528614
0.79419434,0.71977520
0.90075672,0.96238422
0.84818697,0.85739511
0.87595874,0.78503537
0.63848299,0.79966629
0.87894040,0.93440080
0.91383719,0.92379886
0.88476855,0.98342597
0.38695019,0.20089869
0.89340037,0.90116090
0.77405787,0.69155842
0.72668719,0.78557223
0.88957626,0.89515465
0.87477034,0.93720782
0.80562484,0.92423284
0.90164107,0.90575522
0.38695019,0.13828705
0.87917888,0.86878383
0.58327031,0.60396838
0.90857077,0.96349204
0.74462306,0.51846373
0.87803024,0.93656617
0.91533744,0.89278406
0.79423141,0.87902308
0.38695019,0.30046332
0.74627542,0.53138095
0.91848618,0.87888008
0.63134611,0.75535089
0.90150523,0.93247199
0.70786941,0.79126173
0.73892856,0.76397306
0.38695019,0.49263170
0.80870891,0.87048954
0.38695019,0.31396824
0.88126343,0.84852940
0.83985859,0.83923560
0.83953786,0.77722436
0.77020311,0.54607058
0.42317855,0.39491045
0.38695019,0.36439809
0.89615536,0.92298979
0.38695019,0.35971594
0.81751633,0.66836733
0.72903258,0.82934022
0.78007287,0.74916667
0.52289701,0.56794870
0.38695019,0.26325795
0.50521553,0.32736620
0.46438944,0.47069946
0.88606596,0.84627378
0.38695019,0.24463277
0.88000143,0.89110482
0.79255253,0.88505620
0.91180694,0.94174266
0.38695019,0.41137549
0.77076131,0.91608393
0.88549507,0.79931033
0.62897670,0.51875001
0.87490487,0.91388160
0.87318981,0.92925030
0.80705404,0.78833914
0.77065629,0.79221088
0.38695019,0.35390970
0.84024525,0.81076223
0.66740245,0.05911645
0.91170913,0.91886663
0.65374488,0.56222737
0.62467909,0.68636763
0.82200879,0.95931786
0.38695019,0.32346126
0.83651578,0.78118002
0.73535204,0.85876667
0.88655692,0.88779765
0.72973859,0.71874297
0.58421397,0.53004801
0.89403975,0.95449668
0.75198764,0.79494876
0.87958634,0.87537640
0.75533652,0.86697876
0.91562229,0.93665755
0.89745349,0.90814400
0.71203882,0.65395433
0.87598479,0.89931768
0.38695019,0.18908121
0.73071957,0.82154208
0.62639534,0.69164246
0.89149332,0.93209720
0.52593160,0.35555893
0.90863091,0.80653161
0.62241507,0.85493028
0.39003167,0.38282001
0.52707094,0.19711182
0.88040781,0.95179147
0.38695019,0.12941177
0.38695019,0.31220102
0.53703451,0.44861254
0.70458257,0.58635527
0.44910511,0.44241595
0.74472469,0.79017901
0.71065718,0.73001599
0.71698606,0.71861422
0.69162190,0.73753810
0.74826795,0.71454597
0.88630790,0.92307693
0.89021188,0.80853629
0.79096067,0.81911242
0.48383406,0.61310273
0.64293420,0.16138309
0.83850515,0.91361284
0.86688292,0.93801761
0.80376130,0.73944688
0.91118425,0.95026594
0.74358368,0.68241286
0.56999362,0.29026577
0.90997827,0.90825266
0.73061985,0.56674302
0.86619353,0.83006382
0.38695019,0.37950405
0.38695019,0.24927419
0.60726476,0.66252685
0.38695019,0.16204339
0.92362434,0.93233085
0.38695019,0.31582168
0.71420950,0.54292929
0.62125230,0.50508738
0.83811331,0.72426468
0.92132723,0.96746254
0.47190151,0.65416348
0.71806347,0.73229450
0.85110593,0.83696705
0.80470830,0.91287881
0.75476956,0.78899848
0.76948190,0.67014772
0.72905856,0.66860127
0.91768777,0.98486894
0.82522309,0.91407204
0.88420475,0.79912353
0.88427150,0.90790600
0.74589694,0.70644838
0.85898769,0.91641748
0.73957622,0.84031063
0.83107162,0.87734169
0.71151519,0.62949657
0.86813766,0.94938821
0.88026881,0.82608330
0.86619973,0.94702840
0.38695019,0.63105524
0.88760245,0.88569623
0.85917294,0.77464294
0.67156839,0.74545455
0.90753669,0.98336834
0.88990450,0.91069108
0.92356855,0.89937484
0.83590162,0.78953713
0.75557244,0.76818180
0.72315407,0.57471848
0.91714507,0.93378985
0.38695019,0.52639496
0.76887578,0.76866150
0.80928588,0.89826912
0.85034692,0.84943604
0.88074905,0.81756449
0.38695019,0.24496280
0.76093960,0.76861268
0.85107827,0.85765803
0.90107167,0.90140927
0.81138659,0.84456784
0.89192134,0.91470444
0.87034756,0.92037565
0.87078005,0.85377020
0.88396347,0.79467213
0.90296376,0.94008398
0.84973514,0.65170592
0.87289762,0.91676092
0.64808834,0.90826541
0.63651115,0.60053039
0.75730205,0.76889235
0.73884523,0.65831244
0.86402172,0.86602229
0.89943588,0.93534577
0.75183719,0.86279762
0.89654428,0.94604290
0.74033892,0.39957401
0.38695019,0.24195077
0.80773497,0.93266457
0.84505314,0.80518061
0.72423524,0.72062546
0.83510381,0.78055555
0.62321746,0.56966841
0.90453130,0.92892653
0.88334310,0.95193678
0.55922496,0.38558289
0.80629873,0.90510201
0.88583446,0.89741594
0.46060318,0.37056318
0.89334160,0.89875025
0.87099612,0.86353403
0.85035622,0.83863795
0.88245755,0.93527162
0.74121779,0.75619966
0.87958604,0.92960197
0.57242596,0.44396770
0.73975796,0.70168668
0.58172739,0.83679587
0.81675380,0.69344342
0.85453105,0.89650995
0.61428851,0.60600597
0.87959206,0.99450552
0.54333466,0.51262629
0.90616518,0.95794207
0.87836707,0.94287515
0.84510708,0.83426428
0.89470428,0.86212325
0.87562954,0.94481504
0.82590115,0.85546035
0.67910206,0.60193843
0.86989778,0.86465520
0.63961661,0.69813317
0.62331122,0.64303428
0.44810790,0.53717440
0.63252556,0.84272724
0.62286371,0.54914093
0.78675079,0.78872246
0.86927557,0.90750098
0.93072557,0.96502912
0.71864021,0.54791605
0.38695019,0.28604645
0.88126642,0.88689107
0.81481040,0.63084817
0.66762877,0.81448370
0.80976236,0.84798652
0.83574450,0.81720990
0.62429458,0.61100036
0.38695019,0.37871712
0.90046763,0.93508095
0.85032177,0.95268255
0.75860369,0.63884330
0.90232283,0.91655874
0.38695019,0.18856642
0.73424423,0.43263334
0.52565408,0.22155657
0.88924980,0.89042938
0.60810232,0.45910111
0.80395734,0.73458838
0.89559770,0.89012313
0.83093399,0.83894086
0.91142380,0.95038587
0.86870527,0.79125559
0.83921224,0.82203388
0.87523580,0.82721812
0.84434903,0.92786938
0.38695019,0.23721561
0.76404029,0.80576110
0.87565851,0.80829614
0.38695019,0.37508041
0.39521268,0.39418384
0.86483514,0.93737882
0.75653243,0.72736418
0.90960091,0.94878781
0.92246866,0.96307963
0.38695019,0.23443674
0.90923476,0.95625705
0.38695019,0.32948253
0.38695019,0.33280957
0.87791961,0.92866290
0.74717200,0.59002978
0.86833984,0.86577785
0.74368662,0.67957091
0.51872873,0.37083334
0.38695019,0.30060565
0.90229535,0.88114440
0.82419926,0.86221063
0.77936316,0.92929351
0.90043014,0.94755554
0.86738747,0.93284994
0.83656609,0.79547930
0.87994927,0.59764564
0.38695019,0.18849500
0.60175693,0.45049426
0.51466233,0.73779058
0.80586618,0.74086756
0.88503885,0.90647060
0.81571072,0.87305856
0.87718052,0.78616065
0.83371264,0.81487179
0.88178158,0.88617051
0.75631452,0.94964349
0.86307716,0.88360649
0.78374732,0.69574910
0.87985325,0.92451078
0.83909529,0.87648630
0.83573949,0.66000003
0.83041912,0.86680472
0.87318492,0.92136472
0.91398972,0.98305082
0.84783000,0.85917401
0.86155951,0.85643667
0.90394121,0.97607863
0.87775314,0.86778843
0.38695019,0.11444855
0.61369330,0.66009390
0.60140342,0.31722808
0.58353627,0.52303976
0.85731822,0.81928641
0.88884676,0.92797798
0.38695019,0.52903360
0.86714464,0.57935721
0.88914722,0.84517330
0.47849089,0.61519480
0.89565998,0.92339206
0.40963510,0.37234765
0.44994339,0.34595588
0.92094958,0.97681099
0.79522729,0.92441779
0.39068213,0.26586309
0.89468235,0.93525636
0.83322299,0.87356466
0.73015732,0.76463962
0.83656031,0.83113098
0.86318272,0.81653941
0.87198299,0.74366540
0.38695019,0.74915254
0.38695019,0.15166023
0.86293185,0.93917751
0.87635732,0.57265884
0.79411912,0.72574067
0.83782697,0.96226418
0.73350930,0.53176051
0.89614516,0.91369045
0.82006854,0.91626227
0.84540915,0.78528452
0.81313115,0.89729768
0.80416578,0.58861798
0.82170624,0.73949623
0.38695019,0.33631712
0.81036770,0.65859860
0.92270893,0.94795454
0.89170647,0.90801525
0.84756470,0.82967067
0.38695019,0.30645886
0.38695019,0.50251269
0.79228908,0.57917917
0.91604841,0.94779015
0.48105708,0.41248873
0.38695019,0.48412770
0.88722295,0.84244376
0.89388704,0.96799999
0.74117523,0.70853096
0.38695019,0.34913969
0.72168386,0.74974638
0.51853204,0.58547497
0.83742976,0.89215314
0.78061694,0.78218085
0.90936404,0.93565577
0.85880452,0.78867966
0.91165096,0.96692306
0.38695019,0.26499084
0.38695019,0.19875507
0.89113867,0.89975178
0.58418179,0.64754456
0.91301709,0.95454317
0.58768612,0.42990908
0.87425262,0.87952393
0.47781795,0.80987573
0.69022024,0.68158633
0.88998371,0.96209157
0.75523752,0.77735543
0.87686205,0.91145277
0.85704637,0.89309311
0.38695019,0.53292096
0.89419961,0.96157050
0.83584344,0.87500000
0.82592654,0.82282609
0.70435584,0.91638511
0.60704231,0.58630854
0.90373874,0.93979931
0.71871442,0.59177703
0.79096287,0.89854771
0.86712015,0.72432882
0.63411999,0.63698202
0.88308036,0.93027323
0.77248645,0.56061918
0.83431727,0.77020580
0.48160422,0.42132545
0.88281673,0.94683260
0.92079198,0.90500355
0.90727276,0.94230771
0.65788698,0.65608561
0.51803398,0.74019837
0.77763915,0.70291167
0.38695019,0.44576421
0.71075451,0.90727490
0.86935723,0.94602466
0.38695019,0.33775628
0.89949960,0.95109040
0.88579857,0.91905427
0.62193775,0.50566500
0.82885057,0.90048444
0.77239203,0.59053195
0.92452413,0.97306174
0.71802491,0.75476748
0.39531434,0.33456340
0.89469993,0.96128732
0.86521941,0.81549895
0.76019561,0.85439688
0.74125493,0.85401893
0.85177416,0.85075760
0.91890734,0.95165145
0.91335863,0.92686504
0.38695019,0.48505858
0.90311801,0.95390511
0.79424602,0.80599838
0.85191375,0.90769231
0.81531924,0.79080892
0.88501310,0.90397990
0.63391709,0.36405113
0.86704206,0.87470949
0.87146884,0.93694389
0.73120314,0.79691780
0.82504994,0.78330952
0.89471048,0.96805274
0.69152558,0.76921332
0.83901387,0.93607086
0.70182306,0.72216403
0.83763975,0.94570917
0.55563653,0.78358960
0.38695019,0.22785492
0.38695019,0.30344516
0.88992161,0.97201425
0.89885497,0.92996705
0.38695019,0.49853569
0.73464525,0.71849275
0.84167302,0.95070422
0.87976283,0.88003707
0.76210338,0.83245796
0.79480731,0.69407368
0.92023355,0.97383201
0.84770542,0.84758884
0.90799928,0.91683120
0.90610820,0.84386200
0.90465939,0.90087718
0.72630358,0.79504013
0.87975037,0.90407240
0.87608540,0.88486165
0.38695019,0.47393841
0.88047618,0.81459248
0.64700055,0.65215379
0.67980093,0.70029688
0.80382055,0.76731455
0.71525615,0.65735173
0.84196657,0.87525922
0.65311575,0.51220894
0.87422949,0.79191267
0.88205671,0.83404255
0.91582012,0.95983928
0.51015651,0.36042839
0.81994629,0.80392855
0.86543149,0.85172158
0.74535149,0.72687620
0.87614566,0.92983389
0.89766300,0.95673680
0.89841831,0.95630878
0.82865304,0.97462410
0.90799236,0.89845413
0.82362354,0.79668605
0.90332836,0.88697374
0.87085140,0.86759579
0.70782900,0.88792294
0.90971297,0.93200159
0.89452487,0.93097031
0.88342094,0.85191262
0.38695019,0.43764684
0.90404290,0.95304269
0.89859527,0.92646158
0.39336422,0.39971015
0.78583658,0.67215383
0.38695019,0.25180703
0.82240856,0.81518060
0.86090869,0.86124969
0.88264501,0.81611842
0.81968653,0.84769130
0.61088568,0.50645941
0.38695019,0.08762792
0.38695019,0.21655035
0.87213731,0.88651985
0.80332780,0.83152914
0.87109345,0.82580411
0.55331784,0.56879222
0.68341023,0.51782811
0.90744501,0.92928571
0.78451264,0.61852694
0.81597978,0.87166262
0.61904317,0.56360048
0.81991798,0.86212993
0.69876897,0.78719491
0.38695019,0.27508554
0.78466934,0.04841315
0.73609364,0.80169010
0.57632458,0.68397969
0.92120236,0.91978264
0.86826873,0.94484937
0.42984951,0.38727298
0.72898376,0.90857321
0.84760582,0.89265734
0.38695019,0.06653640
0.86363435,0.89169848
0.84412181,0.90864319
0.91587615,0.94609249
0.87954503,0.90433514
0.73747116,0.75037980
0.68057752,0.76231754
0.83826709,0.80713177
0.46359989,0.62611806
0.45906785,0.40342155
0.88553894,0.91816008
0.87413114,0.88266206
0.47975361,0.33628988
0.38695019,0.30961546
0.90852910,0.87369770
0.85522366,0.84653473
0.83541572,0.76207525
0.38695019,0.72625697
0.69593143,0.83388489
0.72305179,0.68317592
0.83516663,0.86365926
0.85113144,0.74751997
0.88375765,0.92639738
0.88024092,0.96173269
0.88474929,0.93501294
0.38695019,0.25788260
0.89130753,0.88248795
0.38695019,0.27713567
0.38695019,0.23388544
0.73776954,0.88203245
0.38695019,0.22875798
0.70212317,0.45881549
0.52454579,0.37987551
0.76783872,0.68915665
0.63060582,0.52350962
0.88513809,0.90397918
0.75140095,0.75808090
0.85519373,0.92827880
0.79305869,0.66389322
0.88646168,0.74797606
0.40025482,0.61400348
0.75699973,0.87679505
0.88419127,0.85100001
0.78981310,0.76419407
0.57788873,0.70871383
0.38695019,0.37168610
0.46584240,0.25433421
0.38695019,0.55558765
0.38695019,0.37943745
0.66174918,0.70826066
0.73273647,0.68231523
0.84109026,0.83614987
0.71808171,0.66354609
0.64696008,0.56455427
0.89166617,0.91570240
0.88307858,0.94852942
0.83116007,0.87019229
0.77422154,0.67060351
0.87672073,0.87860221
0.48432577,0.43408552
0.88893825,0.90430224
0.63026404,0.47454759
0.67579108,0.51738435
0.55035865,0.49768543
0.89334542,0.91897058
0.63407999,0.75338256
0.38695019,0.33257172
0.83273363,0.89344037
0.88814080,0.91629022
0.74532652,0.73072940
0.87814307,0.88801169
0.38695019,0.32324985
0.87574244,0.94017380
0.51127589,0.62384528
0.71710265,0.81833214
0.88564706,0.89733124
0.85281622,0.93570572
0.85483766,0.80914003
0.70634812,0.67290825
0.65658283,0.72541469
0.89261073,0.97580647
0.81863999,0.73941207
0.90763491,0.92059553
0.88424063,0.89386451
0.91892499,0.90226364
0.87901044,0.93188852
0.84385675,0.92187917
0.88250458,0.82926828
0.90943968,0.90646851
0.46209824,0.59047621
0.83997059,0.65952832
0.79747021,0.79450709
0.70362300,0.90077573
0.39290863,0.55291277
0.71127105,0.79394019
0.91963494,0.94914114
0.87660581,0.85851353
0.78031576,0.66111636
0.54772550,0.68265980
0.74916232,0.79583335
0.91021985,0.91269839
0.74947619,0.28492424
0.74014980,0.65308434
0.60793900,0.60615385
0.83808196,0.82792622
0.85801154,0.82487172
0.75912118,0.79496950
0.76031971,0.73055607
0.83937472,0.87011999
0.91218126,0.92416620
0.83816236,0.74605095
0.87102282,0.91570044
0.77488399,0.91728526
0.90975136,0.96706986
0.38695019,0.23533912
0.61661232,0.62380713
0.92671621,0.96905977
0.91136283,0.78756368
0.90411896,0.89470923
0.76651758,0.71027851
0.85085261,0.89061230
0.91315693,0.91687191
0.92946690,0.93857831
0.80614662,0.83492053
0.64775109,0.50351262
0.40307531,0.45799181
0.59417641,0.71102941
0.76920497,0.54235274
0.79057056,0.90381426
0.78350687,0.85565293
0.91430247,0.86322647
0.38695019,0.17943865
0.88828421,0.91248631
0.62377352,0.66569257
0.78261036,0.79492009
0.89303881,0.85245121
0.78142655,0.81559318
0.38695019,0.41204482
0.75455981,0.82869667
0.62342393,0.57735616
0.79922467,0.94763815
0.80095816,0.52567416
0.38695019,0.27283254
0.82455796,0.77820754
0.81799805,0.80371416
0.77744776,0.64583331
0.77309740,0.69887793
0.63557684,0.70807451
0.84129071,0.92517263
0.38695019,0.36639267
0.91450387,0.92623454
0.74720746,0.75976318
0.92487943,0.94687277
0.74141252,0.66178685
0.80690420,0.86329669
0.84610486,0.96053946
0.87359613,0.96490383
0.86360991,0.76452470
0.38695019,0.04907224
0.74211103,0.73474181
0.85580307,0.84605688
0.74100488,0.80925405
0.89897579,0.83467120
0.77094543,0.87336600
0.73442191,0.80581552
0.38695019,0.29188052
0.87704206,0.90178400
0.90482026,0.96808511
0.88293099,0.90359366
0.89540756,0.94184738
0.40438595,0.37508628
0.69917440,0.57276696
0.46665919,0.31777900
0.86964285,0.72867787
0.55405152,0.45838079
0.90476876,0.96690059
0.72340035,0.76967627
0.89219850,0.84325379
0.73457271,0.77817506
0.55150598,0.78527069
0.88515103,0.88919914
0.57420182,0.47211823
0.72177768,0.81373334
0.82935524,0.92434543
0.89319628,0.90702969
0.38695019,0.36060503
0.74526858,0.79690802
0.88247287,0.90548658
0.88268340,0.74968606
0.81131738,0.85537040
0.90100789,0.94372815
0.68863320,0.63958174
0.38695019,0.29538941
0.79725492,0.87087911
0.87282586,0.78552634
0.83657306,0.80993885
0.77751052,0.64122051
0.59859389,0.90967745
0.88737327,0.94041324
0.62634373,0.66906327
0.89379233,0.85280538
0.82144797,0.77713078
0.85922843,0.90087938
0.38695019,0.36320755
0.75458598,0.80348140
0.60164392,0.45288461
0.77795523,0.80483484
0.73180318,0.66613168
0.55062127,0.45424199
0.85619342,0.80536550
0.56025976,0.58970314
0.89796233,0.86410403
0.88261676,0.93724263
0.76126659,0.79350895
0.90214032,0.94241124
0.71812040,0.09493448
0.64895308,0.70093668
0.87834853,0.91849816
0.53643656,0.77214825
0.91509169,0.91477275
0.38695019,0.19832759
0.81230378,0.77344030
0.87767524,0.81774193
0.58088660,0.74101347
0.79963654,0.79667425
0.38695019,0.39893100
0.82050306,0.75262189
0.92321366,0.97436619
0.69988656,0.58208001
0.90539885,0.85481483
0.76811755,0.65468109
0.86934894,0.92648536
0.74392307,0.74169868
0.92039078,0.96470946
0.38695019,0.14268395
0.88987654,0.85882354
0.89558721,0.96330440
0.86242509,0.82924050
0.78936356,0.77595627
0.54913265,0.44452891
0.83628613,0.84760499
0.62654281,0.63616735
0.83210135,0.75533837
0.85505879,0.77235162
0.92580789,0.92451161
0.44193393,0.52540648
0.70098692,0.87541831
0.85218322,0.86324370
0.89472222,0.92401743
0.87451410,0.79488355
0.77216625,0.81569493
0.89815104,0.91648656
0.68456519,0.78724122
0.73904645,0.81261754
0.88223219,0.89749157
0.81062877,0.54038197
0.68957055,0.41161060
0.38695019,0.27785650
0.84163636,0.83435541
0.90566385,0.93596226
0.68111378,0.66906357
0.42900154,0.09331770
0.71189088,0.70543820
0.69965589,0.39207914
0.64440000,0.66717333
0.82597768,0.76567328
0.88992828,0.87568682
0.92239553,0.93506479
0.64206606,0.70934904
0.90575808,0.90208632
0.38695019,0.35040271
0.79957855,0.85967463
0.88573164,0.82354587
0.76676613,0.61100799
0.61155140,0.69261646
0.89966780,0.92561406
0.61662894,0.67673612
0.90354335,0.86098039
0.90061301,0.97058821
0.78170669,0.73329091
0.65938795,0.55677921
0.59990704,0.68556148
0.90780258,0.90425187
0.88794559,0.93237972
0.85079157,0.92176437
0.73987842,0.75551468
0.91303033,0.94066691
0.88804722,0.91112089
0.80368501,0.79359227
0.49823362,0.65434331
0.64570057,0.66588682
0.80731302,0.88086140
0.85634482,0.86908519
0.89562351,0.92590219
0.41474748,0.27918723
0.55970132,0.75859374
0.40602916,0.60708481
0.88332123,0.88536286
0.74667776,0.82017541
0.88460618,0.85367477
0.59773523,0.29310322
0.80832481,0.75720918
0.80907983,0.84809572
0.86629438,0.90018588
0.84020758,0.90471417
0.76661313,0.83271801
0.85356581,0.92495608
0.83522213,0.80089670
0.63163596,0.62819201
0.75277919,0.87680167
0.38695019,0.18476626
0.71083021,0.65500969
0.87974977,0.86213160
0.90909064,0.88749844
0.72809720,0.68462902
0.64678854,0.60758698
0.38695019,0.44687781
0.52495384,0.54361302
0.78589332,0.89737171
0.38695019,0.33808678
0.89274067,0.93352044
0.81602973,0.88174605
0.73803908,0.67734772
0.60174000,0.60252136
0.38695019,0.47512907
0.67530739,0.71401262
0.85833216,0.85995477
0.74743098,0.70470148
0.63214791,0.72416669
0.90395635,0.92451495
0.90298975,0.89092827
0.70309573,0.48940939
0.90096694,0.85253119
0.76067924,0.72226584
0.76597935,0.82371795
0.79216754,0.72313339
0.72428715,0.69491524
0.47247976,0.28302512
0.74205673,0.66316849
0.74466413,0.78918386
0.76938540,0.86122358
0.71873337,0.61486304
0.89012808,0.93851012
0.84663570,0.86617076
0.38695019,0.21854033
0.89110398,0.86709678
0.52868903,0.44594145
0.77306092,0.70934421
0.82355577,0.57563108
0.79231167,0.84181809
0.85522676,0.89143956
0.38695019,0.33776334
0.90296906,0.88076925
0.71693999,0.62833571
0.76296359,0.65507013
0.38695019,0.54255599
0.89543092,0.94780439
0.83997554,0.84815168
0.88063610,0.96512538
0.89585882,0.94533569
0.38695019,0.13820100
0.65533298,0.63128549
0.89588851,0.87087184
0.76386797,0.77670741
0.74375045,0.57333332
0.69205797,0.73601484
0.74063337,0.60244495
0.90171438,0.93458170
0.78587544,0.74855393
0.82598406,0.85432756
0.89075547,0.90358436
0.52075326,0.36324245
0.88707584,0.90914899
0.38695019,0.23429488
0.67350549,0.67422217
0.81020820,0.91130614
0.79634869,0.86633402
0.57762957,0.45963559
0.82653457,0.93364704
0.87771058,0.90337920
0.83314663,0.88635087
0.84261197,0.86596137
0.38695019,0.14238474
0.74421453,0.67353058
0.78142965,0.65959710
0.75072783,0.68902355
0.88633060,0.94130772
0.89121246,0.93890327
0.84020859,0.83010000
0.77333415,0.76870990
0.72021431,0.78508079
0.48013729,0.20129573
0.74799383,0.73593277
0.81025243,0.69652408
0.88575017,0.89276779
0.91455078,0.95815170
0.80264634,0.85358393
0.82593644,0.95081967
0.78572738,0.87386876
0.90102947,0.92785192
0.87224793,0.82240474
0.64803064,0.51847291
0.49807492,0.54570955
0.88537836,0.91483933
0.88269240,0.96159512
0.90729809,0.91969699
0.84473014,0.77557325
0.91349000,0.94213098
0.38695019,0.59547079
0.71666253,0.63316905
0.83690900,0.85747862
0.83016950,0.88942462
0.78649211,0.76581365
0.81815726,0.92413795
0.89280981,0.86388087
0.86230892,0.90184408
0.89231610,0.94159889
0.51366258,0.47769994
0.49302733,0.51582682
0.77291209,0.65855271
0.72886854,0.55837613
0.62467986,0.86041665
0.88338697,0.81261653
0.70940918,0.64788085
0.88825560,0.90757883
0.61800349,0.68867254
0.38695019,0.27033615
0.87875414,0.86742425
0.90595740,0.95296687
0.86056709,0.87668997
0.75379163,0.70405483
0.88942814,0.90872830
0.38695019,0.26891235
0.38695019,0.28844616
0.91205478,0.93867528
0.89964908,0.95836520
0.81674922,0.85400099
0.47610277,0.64777327
0.89200836,0.94413793
0.38695019,0.58318377
0.88267171,0.87031418
0.87020004,0.90730679
0.83921570,0.89260840
0.84826982,0.85858172
0.57011521,0.44202900
0.38695019,0.22620282
0.89491552,0.93948317
0.89173585,0.95407110
0.87367010,0.85167789
0.62109673,0.31044713
0.38695019,0.53255486
0.69046724,0.65804696
0.49083883,0.71916008
0.83480859,0.82708436
0.81193596,0.90111095
0.88538903,0.88809043
0.62144107,0.61163920
0.55624831,0.29148528
0.85912591,0.84470338
0.67745769,0.76190341
0.65891910,0.67272520
0.87088394,0.96080023
0.78950435,0.93525702
0.89732212,0.96389180
0.69265270,0.64065313
0.78659236,0.72689146
0.82060272,0.77282280
0.53193605,0.57794201
0.38695019,0.35547245
0.83314472,0.93001091
0.81833875,0.76111454
0.50185579,0.52020627
0.38695019,0.17866541
0.76890963,0.69835669
0.53389406,0.33899325
0.80462110,0.67985255
0.90935206,0.92778361
0.38695019,0.10347844
0.85082966,0.86087668
0.89421350,0.91655713
0.67802221,0.68643981
0.81950516,0.61396575
0.74589288,0.78740156
0.86813885,0.83333802
0.66570389,0.77130038
0.86641639,0.94031703
0.82903600,0.91185915
0.87879360,0.83411217
0.56128907,0.89218092
0.84598529,0.73265839
0.90774608,0.94374889
0.87963021,0.89110535
0.38695019,0.51438850
0.73097676,0.74140918
0.58217275,0.72272569
0.38695019,0.25613412
0.90103698,0.91926461
0.74536258,0.67595762
0.38695019,0.35258478
0.74745965,0.75138831
0.89656407,0.97033179
0.80729616,0.56723893
0.38695019,0.06769641
0.86181736,0.90299064
0.76105565,0.75866234
0.40805486,0.55458927
0.63859969,0.64275974
0.77932489,0.78007442
0.91641796,0.93749142
0.38695019,0.33064476
0.38695019,0.13935617
0.80840462,0.76309842
0.87232924,0.70236617
0.83206064,0.82342285
0.88488227,0.96078664
0.75601000,0.61427450
0.80060607,0.86798906
0.76763296,0.94516754
0.75184298,0.86344659
0.88505656,0.78021848
0.89517981,0.88256192
0.88938439,0.92800957
0.53141248,0.70984000
0.38695019,0.19401021
0.91434509,0.93364310
0.87561870,0.85556608
0.87803465,0.82829678
0.83307910,0.86018974
0.89258730,0.93216723
0.87103826,0.83884478
0.87595320,0.91721135
0.82665032,0.85417455
0.50889492,0.44195944
0.75293314,0.63091153
0.88580203,0.92968750
0.89641470,0.98076922
0.92243034,0.93113101
0.90246266,0.93695152
0.64822060,0.59340662
0.74842227,0.75494677
0.40888101,0.56511414
0.61605650,0.59271789
0.66903412,0.57225901
0.66757542,0.63688868
0.76788139,0.85099202
0.53589165,0.51166642
0.85090786,0.86235178
0.88410079,0.71102273
0.77858567,0.74606460
0.71825826,0.90601236
0.75857627,0.82942766
0.89520890,0.95560515
0.38695019,0.17277816
0.38695019,0.41530049
0.38695019,0.35408485
0.74048960,0.86810982
0.85901022,0.87404394
0.84465796,0.84020394
0.88557047,0.88895178
0.85661542,0.88835049
0.77232003,0.75410956
0.38695019,0.19355844
0.53962225,0.70774949
0.86998183,0.79755753
0.91875309,0.94196790
0.61514390,0.53551751
0.77855349,0.69441104
0.83772886,0.74720901
0.70633292,0.80436713
0.76878500,0.90191597
0.70978910,0.81031436
0.52242428,0.57670254
0.59573829,0.37342286
0.88930792,0.90213126
0.83753526,0.91887301
0.38695019,0.21821387
0.87736034,0.84253246
0.87079942,0.91629750
0.69342929,0.85547787
0.38695019,0.17727028
0.79985148,0.76651859
0.77648759,0.61042839
0.38695019,0.57232702
0.74726969,0.77196455
0.51880991,0.31979588
0.89170063,0.94718504
0.81202441,0.82682014
0.80127227,0.79161072
0.86913788,0.92636448
0.88452286,0.87543857
0.70863330,0.73408186
0.85822314,0.91348845
0.86730707,0.83029968
0.58996975,0.54387695
0.56741059,0.09005424
0.85505599,0.93725491
0.87857962,0.89542693
0.87589926,0.90824288
0.69466370,0.68916667
0.68267787,0.75555056
0.88526493,0.88198572
0.80838859,0.78076386
0.74785924,0.90701753
0.86695242,0.81612223
0.87169635,0.93109173
0.75372213,0.63605124
0.38695019,0.22940685
0.69604349,0.68094826
0.38695019,0.09789793
0.60972589,0.55041182
0.83697987,0.66631186
0.38695019,0.38241181
0.52810049,0.58136481
0.38695019,0.14239281
0.42955783,0.41961285
0.65566564,0.67160743
0.88409948,0.81496948
0.88835788,0.94230771
0.69403583,0.54797554
0.38695019,0.22549520
0.90969044,0.88494551
0.83595431,0.87281960
0.87969118,0.79909480
0.88922036,0.97513658
0.86710083,0.87907219
0.89713967,0.82881582
0.57778728,0.28370300
0.77829421,0.50191200
0.67806506,0.55876905
0.82528067,0.84394497
0.74605000,0.86643320
0.87902051,0.88522571
0.89163864,0.92619932
0.73836863,0.62764049
0.86606181,0.83414376
0.75675154,0.59026688
0.84877169,0.88969105
0.84655911,0.87930161
0.66416144,0.64108753
0.74746287,0.69405240
0.78551620,0.44936466
0.68334121,0.65328610
0.38695019,0.35587573
0.88338143,0.92472613
0.88795590,0.89193571
0.89400029,0.91976273
0.64771986,0.56158555
0.78237534,0.93181819
0.88605630,0.93839288
0.87152946,0.89677179
0.62940848,0.61343890
0.73138154,0.64621210
0.86073726,0.93771851
0.70344573,0.64251715
0.86031967,0.80676502
0.89105356,0.92940140
0.38695019,0.56573516
0.80745423,0.83414179
0.80227339,0.61239034
0.89823252,0.94537038
0.76607382,0.89517760
0.85739404,0.84082633
0.89348662,0.95478034
0.79503942,0.82629454
0.88570529,0.90221554
0.82196379,0.71525139
0.72616142,0.65284371
0.60451221,0.88858747
0.58860207,0.34324324
0.88024628,0.92129201
0.40057778,0.52965587
0.86936265,0.85662329
0.73581231,0.62984276
0.76186061,0.84014910
0.71315384,0.67456281
0.77723646,0.81367642
0.87600744,0.87737381
0.84422553,0.71979111
0.74026954,0.60012245
0.72246093,0.80896324
0.54775786,0.79903263
0.87755466,0.84898800
0.82342541,0.89979094
0.60508776,0.54217803
0.86972249,0.87184513
0.46622366,0.35023639
0.89566571,0.86972600
0.89751095,0.93309766
0.86965287,0.42963848
0.91062421,0.95238096
0.89051145,0.90292448
0.58063567,0.59359169
0.84764516,0.84764689
0.90576935,0.93941593
0.71612930,0.54642147
0.51006418,0.46075755
0.83511019,0.78745866
0.89653927,0.88140428
0.85771847,0.85532874
0.78208977,0.87586004
0.45584509,0.41097781
0.53735042,0.81294906
0.57003868,0.69873011
0.73802185,0.76341772
0.38695019,0.41939652
0.88685369,0.93331707
0.38695019,0.38063678
0.75387365,0.81461120
0.86409664,0.86356544
0.77001518,0.81888497
0.78561467,0.70126402
0.87546265,0.84600532
0.79666775,0.71799242
0.52964377,0.80576766
0.38695019,0.11573371
0.38695019,0.14471753
0.38695019,0.27370870
0.40578583,0.21802193
0.79902518,0.86745286
0.89004731,0.91761792
0.54091823,0.55567831
0.38695019,0.08684523
0.87961584,0.90174997
0.85053867,0.97752810
0.71620345,0.50587827
0.91242129,0.95787656
0.84730548,0.82811010
0.66744179,0.58943623
0.85200649,0.84034121
0.54179108,0.72468823
0.64965492,0.41787943
0.61128092,0.67524695
0.80342245,0.88715434
0.64648402,0.85143358
0.82590020,0.76572299
0.88989514,0.73267573
0.67144072,0.41130349
0.38695019,0.41253459
0.56677711,0.42333701
0.78255123,0.80225331
0.38695019,0.37073177
0.85613316,0.89083129
0.89796603,0.92635638
0.81310093,0.90638530
0.90710896,0.92786336
0.87357807,0.88932884
0.88924521,0.87222224
0.82150543,0.76081729
0.88255715,0.84429973
0.83957601,0.86156839
0.50159609,0.45977011
0.87928730,0.87298405
0.79624981,0.47832707
0.75045168,0.52225542
0.72434902,0.79806578
0.89211911,0.88583738
0.84547603,0.87263954
0.72229493,0.70811111
0.87430352,0.81082720
0.81036741,0.75315470
0.55603695,0.55298787
0.87354779,0.86960250
0.87814808,0.89337331
0.38695019,0.29517210
0.38695019,0.38227704
0.81075913,0.94754153
0.86687303,0.89941752
0.63508487,0.72067940
0.83940428,0.92671192
0.76306778,0.72892541
0.38695019,0.40477979
0.58670205,0.49698871
0.60100889,0.22254266
0.84644169,0.91021466
0.72567427,0.75062531
0.88829237,0.89143640
0.87889695,0.92778337
0.88530540,0.84831065
0.83163166,0.81224483
0.63518465,0.76156652
0.87604851,0.82895660
0.64841139,0.54846936
0.90664560,0.93164825
0.55547690,0.79267889
0.38695019,0.17075326
0.56823540,0.27600297
0.91523397,0.93757331
0.86422390,0.71526593
0.62937772,0.66985452
0.54603839,0.41604635
0.81346190,0.81719166
0.38695019,0.21320389
0.68161237,0.72617304
0.91504788,0.94099051
0.76863277,0.75108284
0.51241845,0.46733695
0.38695019,0.10089324
0.93588954,0.94463146
0.78943789,0.74892473
0.81400120,0.84465814
0.47113603,0.58803153
0.81051159,0.78171647
0.81275320,0.86781013
0.38695019,0.48348597
0.87976283,0.89264327
0.58960354,0.50515997
0.90542871,0.91790068
0.50006759,0.32206389
0.80211604,0.85796642
0.64986521,0.50573266
0.38695019,0.20284900
0.87918854,0.87166619
0.89773756,0.93390751
0.85316545,0.99810249
0.61280662,0.66365343
0.54470533,0.42079458
0.76560104,0.71060944
0.87476301,0.93063945
0.71123123,0.73101854
0.87422884,0.95595813
0.74206400,0.61693120
0.74381834,0.85039145
0.92809027,0.96496212
0.38695019,0.24882154
0.88272411,0.92705601
0.86800551,0.88428366
0.38695019,0.38980940
0.79144585,0.93256634
0.88089782,0.83937222
0.73221654,0.72542518
0.79264748,0.67465597
0.71295947,0.82082480
0.89367306,0.90278625
0.89975208,0.89822596
0.81810498,0.68520772
0.65827709,0.38532355
0.48520476,0.48704740
0.85774606,0.83126938
0.38695019,0.18162036
0.88756150,0.90208477
0.86221260,0.77817488
0.83940923,0.97225618
0.38695019,0.19789402
0.87677413,0.89963681
0.91001236,0.94377440
0.89163196,0.85839826
0.60626388,0.61078435
0.38695019,0.61413044
0.89790344,0.93711191
0.84767717,0.76545084
0.91619128,0.97058821
0.38695019,0.36443609
0.39546326,0.36312521
0.70004326,0.76708263
0.60760248,0.52937502
0.89281499,0.79024607
0.87349510,0.89081454
0.88284671,0.86110950
0.73844784,0.75369942
0.38695019,0.35006940
0.91786200,0.94548410
0.79703712,0.66498518
0.78969961,0.81830639
0.81430721,0.82892108
0.78051400,0.88184768
0.38695019,0.27616072
0.88591814,0.79850364
0.87883675,0.89065719
0.76500219,0.93086231
0.90886354,0.72998244
0.85003155,0.84679800
0.55682331,0.21632653
0.38803548,0.33326069
0.38695019,0.19183815
0.73676473,0.48743087
0.90082437,0.94407952
0.87592429,0.89401984
0.87574774,0.81552893
0.84227222,0.92807019
0.87872785,0.78325993
0.79547441,0.86732459
0.75038218,0.77313966
0.81861162,0.77454948
0.66179931,0.74046820
0.89439565,0.85392076
0.84127390,0.83129698
0.84697998,0.83756614
0.91511691,0.93528140
0.83564961,0.88186926
0.78689194,0.79381973
0.76378345,0.69688696
0.90512502,0.91922879
0.87674648,0.92652273
0.88658816,0.84664577
0.63812953,0.76540387
0.88751423,0.89585638
0.90875179,0.93859649
0.38695019,0.32080314
0.84441054,0.77245408
0.90426397,0.91573280
0.60982007,0.64191377
0.81216389,0.85057473
0.38695019,0.14787246
0.89484811,0.84416056
0.65396208,0.79087746
0.87169766,0.89317387
0.70626819,0.64391613
0.82182997,0.88299233
0.41366002,0.43194795
0.78191900,0.67963105
0.77893776,0.65176547
0.80659366,0.82643163
0.77188671,0.75226355
0.80003369,0.75716102
0.50665534,0.44025022
0.76307619,0.60747039
0.87326181,0.78223419
0.87509495,0.86879975
0.85612559,0.76255196
0.88516760,0.88927275
0.89635152,0.96808511
0.57108235,0.54241073
0.74625713,0.75661653
0.38695019,0.09863760
0.62442476,0.55715907
0.72356683,0.73624593
0.79137397,0.79540890
0.59544456,0.71696526
0.71421790,0.59149587
0.89516580,0.93978560
0.87364340,0.96419412
0.54507649,0.69525450
0.86557823,0.49738893
0.76928920,0.76723981
0.90875632,0.95720690
0.86271214,0.90099812
0.87192023,0.95794469
0.38695019,0.30288059
0.57164770,0.71082675
0.86263454,0.86419159
0.71997613,0.65958905
0.88915175,0.85815513
0.73502088,0.74333793
0.43736243,0.66988039
0.56053382,0.71070814
0.75841409,0.94148535
0.63941514,0.81313258
0.73962861,0.79290372
0.71021414,0.64735752
0.86271429,0.79436970
0.88508636,0.87596530
0.90591043,0.87224531
0.89723021,0.95764995
0.38695019,0.36092472
0.72213322,0.62922239
0.88464588,0.92874461
0.75040525,0.74860299
0.64091098,0.70526314
0.85492826,0.89749998
0.38695019,0.37449864
0.91352087,0.95026022
0.58856261,0.32028005
0.62402773,0.64425415
0.90195340,0.96162230
0.70784092,0.76695514
0.80287451,0.77394414
0.54806674,0.63053328
0.87997246,0.95596242
0.77625901,0.76823986
0.77860367,0.75105363
0.41240051,0.32566988
0.76015210,0.68333334
0.65180123,0.69332433
0.38695019,0.08037448
0.80096698,0.89220911
0.87697804,0.96814519
0.87715775,0.84479272
0.80029434,0.79338527
0.78974813,0.94954646
0.46608555,0.43284315
0.88627446,0.69583505
0.88544196,0.89440757
0.38695019,0.36039910
0.38695019,0.35332921
0.78818047,0.68539518
0.62735111,0.74256802
0.61506295,0.48081312
0.58772326,0.53971231
0.83874661,0.72615498
0.90274900,0.92392248
0.89343172,0.96382010
0.59578657,0.73432392
0.88862753,0.86331171
0.79465550,0.78166544
0.90006715,0.89899069
0.68657273,0.76608050
0.81043559,0.86064786
0.78358573,0.82148719
0.61385190,0.58672035
0.89674777,0.93351567
0.38695019,0.42465344
0.44105536,0.68576086
0.50747716,0.52576363
0.74739397,0.70784760
0.78398174,0.53574198
0.89657480,0.91157508
0.85112894,0.74523485
0.90809661,0.91091871
0.83468544,0.82977635
0.70840597,0.81792766
0.85778981,0.88826263
0.61435348,0.72435689
0.76826578,0.75868577
0.63435245,0.67637467
0.81746572,0.99567723
0.92585671,0.92606348
0.69171655,0.57397401
0.84027833,0.90356058
0.85886735,0.71961153
0.69761717,0.79880536
0.73380625,0.50130612
0.89020562,0.93789756
0.87893164,0.95311296
0.67954648,0.81991476
0.73557442,0.72814614
0.62336576,0.71362889
0.77464443,0.83389235
0.80011350,0.83451200
0.86421871,0.78860199
0.77746093,0.73657191
0.87844920,0.84061986
0.85372186,0.94540530
0.83882618,0.80648643
0.38695019,0.31366667
0.76730061,0.84796661
0.69422650,0.73351729
0.56041038,0.54718840
0.87799358,0.88162988
0.80019271,0.81057250
0.83625352,0.92400765
0.62189239,0.57354552
0.87731832,0.87233663
0.44710419,0.50428438
0.52749598,0.13711420
0.39447352,0.32454872
0.85941917,0.89262384
0.91984278,0.96363014
0.38695019,0.19509904
0.92007220,0.99425286
0.72513425,0.72651094
0.73405683,0.60988230
0.62494332,0.60228240
0.80493206,0.88930732
0.87974715,0.86408865
0.70961827,0.34537953
0.84079802,0.84377444
0.91009891,0.90561378
0.38695019,0.13695097
0.38695019,0.50378859
0.86887366,0.74292064
0.83998096,0.79004449
0.38695019,0.24258862
0.78305781,0.86763489
0.91781706,0.94272786
0.88558996,0.87228262
0.90063709,0.93089473
0.67574209,0.82659674
0.72406960,0.56715345
0.38695019,0.43750000
0.67137289,0.64929664
0.84904456,0.87730443
0.81806922,0.87369418
0.91585070,0.93460876
0.78564388,0.83190787
0.88362789,0.93884945
0.87509537,0.93355179
0.87281585,0.68113589
0.84916937,0.92294228
0.84352106,0.92998475
0.39680731,0.72939563
0.91572815,0.81197727
0.89426976,0.93533128
0.78370917,0.66155618
0.77525830,0.83815289
0.70046139,0.64594233
0.38695019,0.42381462
0.38695019,0.33714616
0.38695019,0.19290447
0.81753778,0.88418782
0.61932153,0.52502614
0.38695019,0.22745098
0.86172277,0.81343281
0.47010946,0.29205781
0.90383565,0.87623543
0.67761618,0.67069441
0.63354266,0.84294069
0.91062891,0.93773043
0.79122347,0.81463414
0.88846707,0.94401836
0.87428677,0.86678141
0.82905686,0.87521613
0.72276425,0.57271230
0.54704976,0.53940362
0.79259539,0.71821153
0.76222020,0.91012084
0.69165289,0.47917229
0.82367098,0.98165137
0.81366527,0.91362369
0.88367355,0.85909718
0.75632453,0.54266471
0.87683445,0.91173846
0.88968003,0.90658933
0.87702197,0.86791629
0.91355407,0.95744681
0.81488740,0.58418125
0.75301087,0.82290292
0.88027316,0.87208658
0.82578284,0.74011052
0.40781441,0.60045093
0.88009214,0.83905226
0.74338228,0.65093398
0.86791492,0.90899503
0.63860720,0.69546163
0.39933625,0.74472129
0.80364925,0.88727701
0.76917875,0.73769182
0.72412437,0.73922074
0.64763546,0.76217532
0.90713602,0.93277627
0.82744044,0.83050299
0.91699201,0.90052283
0.38695019,0.21194558
0.38695019,0.17284226
0.88376552,0.77059960
0.86299568,0.91963649
0.81721586,0.89316058
0.88185155,0.86691087
0.90020734,0.93498981
0.87820256,0.82219505
0.58647245,0.58228850
0.79154015,0.70582694
0.91963017,0.95121115
0.83296645,0.86135387
0.48577958,0.56164718
0.38695019,0.30777812
0.88119489,0.91045171
0.89496613,0.89441824
0.86534303,0.84645456
0.78856915,0.94160479
0.90293664,0.91924030
0.87760359,0.90334094
0.76327139,0.61994076
0.74329108,0.40143004
0.76612949,0.81551468
0.65404260,0.78577238
0.38695019,0.20197700
0.77795309,0.66645622
0.52901489,0.78876680
0.86064982,0.89681494
0.92087686,0.90065694
0.83161634,0.84817350
0.63571846,0.47467282
0.66303027,0.79190505
0.38695019,0.28224444
0.55128312,0.76277483
0.87446141,0.91742486
0.79226077,0.83657098
0.84730476,0.82361144
0.87999058,0.68787706
0.85202718,0.91034049
0.88184786,0.96686637
0.73283625,0.61069554
0.87424719,0.83503401
0.70579910,0.69078428
0.88223839,0.91370666
0.85330820,0.84787780
0.84335130,0.90089047
0.86758727,0.82089055
0.87910825,0.80405194
0.90354598,0.93518662
0.92690605,0.97240955
0.58028108,0.84013987
0.81314963,0.87225527
0.90237504,0.92179430
0.86779034,0.92888987
0.38695019,0.45072746
0.87030280,0.85822284
0.86608309,0.85104918
0.70648861,0.76822382
0.88338774,0.82194221
0.78955734,0.59787560
0.77288139,0.84872788
0.79246008,0.83742207
0.38695019,0.34439981
0.90700799,0.93610096
0.38695019,0.26666668
0.67813516,0.62235463
0.47077966,0.60673052
0.44964218,0.18010005
0.88265496,0.84380031
0.86490536,0.92732280
0.87817323,0.83649731
0.80452907,0.90593380
0.59813666,0.70613438
0.88513333,0.92788690
0.38695019,0.48370764
0.82903892,0.81176519
0.59237993,0.77148271
0.88874584,0.96093750
0.89145690,0.90387791
0.82356811,0.84759659
0.81055045,0.89461780
0.89121509,0.94208241
0.89706582,0.95119363
0.89396548,0.90923703
0.87251222,0.98130840
0.62026471,0.56146836
0.89719188,0.91173589
0.53949296,0.50154185
0.71103454,0.58893472
0.38695019,0.14646147
0.64073759,0.50424671
0.38751629,0.41088435
0.38695019,0.29401568
0.38695019,0.48030955
0.38695019,0.07546584
0.82617837,0.74223316
0.75472331,0.87124062
0.91360599,0.91920114
0.69644380,0.74406934
0.91790861,0.92366052
0.77174270,0.64682537
0.61230105,0.60321188
0.53064579,0.37818581
0.47451079,0.62571734
0.88878173,0.91259533
0.73494649,0.72680253
0.73465729,0.66029036
0.88709050,0.87170118
0.78528988,0.76955587
0.88900471,0.93319839
0.76065409,0.85587108
0.38695019,0.58505511
0.85956389,0.96349204
0.74064076,0.61569321
0.67487097,0.69259226
0.59776127,0.66327536
0.89782196,0.91928649
0.91151148,0.95802468
0.90460193,0.90012270
0.89450914,0.90114379
0.38695019,0.20503296
0.38695019,0.35523197
0.46981728,0.26745707
0.88560450,0.90437460
0.75799042,0.63581181
0.75001264,0.61104149
0.83428729,0.93285304
0.38695019,0.81210190
0.48932469,0.47129482
0.85584116,0.81258750
0.38695019,0.45364729
0.90463322,0.98169702
0.77395886,0.78268450
0.54935193,0.61704546
0.89699113,0.88990861
0.89224243,0.97045207
0.67786789,0.70130837
0.90947276,0.89285284
0.54138166,0.62724870
0.66045296,0.56385195
0.45287308,0.25637975
0.79615092,0.79500234
0.73341060,0.69508725
0.67789239,0.63013417
0.88337570,0.98334062
0.46418488,0.69055158
0.87877345,0.92383808
0.88659459,0.94218361
0.80430841,0.86891854
0.86055613,0.86367422
0.66849345,0.51754659
0.60710049,0.78297937
0.88598698,0.93371862
0.91056889,0.90143776
0.76342142,0.91566491
0.38695019,0.30468205
0.58923674,0.56979698
0.38695019,0.23250675
0.86858767,0.86995327
0.38695019,0.41469720
0.91280788,0.93900478
0.52866983,0.43546876
0.77924192,0.77786911
0.38695019,0.69936556
0.88522029,0.95305806
0.84496802,0.76403230
0.85836983,0.80402207
0.75387853,0.75223839
0.75262970,0.83078456
0.83783638,0.78764856
0.91286534,0.95811826
0.68827420,0.65855736
0.86423451,0.91666669
0.38695019,0.07999019
0.84420383,0.76587898
0.87393069,0.61953080
0.84600580,0.75495642
0.89785141,0.95080733
0.82622713,0.77038592
0.72166336,0.80060756
0.64764774,0.74267250
0.82583606,0.79971099
0.83559823,0.91238075
0.38695019,0.22217397
0.90159839,0.87666112
0.51861250,0.74300504
0.51237369,0.45698714
0.38695019,0.36278734
0.38695019,0.37106428
0.69806486,0.71309465
0.47627103,0.44977465
0.69163167,0.59016037
0.88767481,0.91565895
0.90120697,0.91120613
0.88256371,0.91013020
0.89146775,0.89345205
0.70074260,0.80820620
0.71891630,0.86757928
0.78850812,0.91666669
0.85002428,0.85315496
0.90626746,0.87983447
0.51389182,0.49665090
0.91129261,0.95381582
0.88564897,0.90521133
0.81973600,0.67910516
0.56285298,0.40959081
0.38695019,0.20271671
0.52263558,0.68091470
0.74230707,0.68552852
0.89449465,0.96753246
0.38695019,0.10126051
0.87354571,0.80754149
0.91519576,0.93436402
0.85914373,0.74362189
0.83328050,0.82724601
0.75913870,0.79828215
0.84125513,0.69347245
0.85429734,0.82698303
0.90995556,0.93198323
0.63601422,0.51811862
0.63602161,0.70439917
0.87464023,0.92944145
0.87513655,0.90636706
0.77374166,0.71667582
0.56338972,0.42832315
0.87857544,0.89857936
0.88103378,0.86661679
0.91589004,0.92589283
0.38695019,0.25634059
0.73759311,0.83868378
0.84961766,0.78827751
0.90213639,0.92849410
0.90944600,0.89989805
0.80184627,0.76666665
0.62649655,0.55991811
0.47146049,0.28589076
0.78713876,0.88310915
0.52199745,0.55888957
0.90472347,0.89850473
0.51401478,0.27880543
0.90157676,0.92014730
0.72859895,0.73731178
0.62948889,0.52108461
0.79748946,0.83567995
0.38695019,0.32528889
0.88889581,0.96169591
0.53652894,0.77822578
0.38695019,0.58068180
0.89959067,0.87170529
0.78394526,0.71845239
0.89536494,0.87380368
0.78202832,0.76607144
0.90513009,0.95326221
0.91989809,0.89258462
0.38695019,0.34081885
0.57755756,0.59745753
0.68321025,0.68646055
0.79122674,0.82647961
0.89590830,0.90271491
0.82884747,0.91725850
0.87628067,0.88718826
0.79003465,0.87114435
0.68067390,0.60120356
0.73842686,0.46852174
0.58581346,0.73190427
0.55935514,0.39402726
0.75866807,0.62926930
0.49928984,0.49691918
0.91316307,0.98701298
0.87187958,0.89826065
0.86650276,0.85449898
0.88699114,0.90821499
0.75954753,0.75923043
0.76096022,0.70555204
0.86290765,0.94282120
0.78590333,0.77347064
0.87696594,0.67157787
0.80163187,0.70553362
0.75964105,0.81201661
0.91748434,0.88078886
0.82666034,0.83578432
0.92213428,0.94103128
0.69894308,0.53107768
0.72437751,0.52988833
0.45608652,0.20009609
0.46225244,0.39013493
0.74411964,0.78663665
0.88899350,0.89193547
0.61373526,0.44416144
0.84138167,0.93978345
0.86112952,0.81386513
0.38695019,0.33039546
0.81610709,0.65399677
0.75716925,0.75515068
0.91437107,0.96022224
0.86884373,0.87657964
0.86573976,0.84198749
0.73472893,0.86983937
0.77925098,0.78114754
0.71330523,0.78111744
0.66131473,0.56970626
0.86647236,0.92520034
0.67679238,0.79707003
0.87957507,0.89074498
0.89877450,0.84968865
0.70502603,0.76813245
0.75346804,0.90280050
0.86978859,0.94572371
0.78975970,0.82553840
0.50636339,0.65357143
0.88459069,0.95462906
0.56085384,0.66510111
0.89275175,0.79662228
0.89770049,0.90443242
0.81781948,0.84760690
0.66307247,0.83841294
0.73813224,0.67039657
0.77863848,0.83207256
0.86433119,0.81657487
0.73051566,0.77877766
0.38695019,0.31129807
0.56919986,0.68655598
0.46001717,0.59858119
0.38695019,0.17453220
0.82766455,0.93983346
0.87221479,0.93475556
0.82285130,0.75798655
0.83835745,0.70731276
0.72362733,0.71174288
0.53902823,0.35124078
0.87744576,0.91406113
0.73663002,0.76807600
0.82128108,0.76313525
0.38695019,0.31278375
0.38695019,0.44432133
0.88632190,0.90317613
0.73355365,0.79202557
0.88391900,0.93099362
0.38695019,0.70170403
0.38695019,0.54166949
0.85740447,0.85633147
0.88734752,0.90139705
0.78184032,0.75012022
0.78916949,0.80881226
0.72072899,0.82235855
0.56019342,0.60790813
0.83885902,0.74700153
0.89436525,0.96954507
0.89017254,0.91812015
0.81631768,0.84948391
0.38695019,0.08566161
0.86731839,0.12643468
0.75447506,0.85046059
0.85199779,0.90807289
0.89245695,0.93888801
0.73242712,0.60186297
0.90757042,0.91981262
0.69779134,0.69896704
0.81769425,0.66550720
0.73981667,0.77146763
0.80255938,0.90429294
0.69756937,0.79958069
0.38695019,0.40756464
0.79969978,0.39721471
0.40147707,0.17623153
0.70784014,0.73163074
0.88360262,0.89707863
0.91737437,0.56689388
0.73272824,0.87054497
0.85641760,0.88084084
0.88276851,0.91818798
0.87439460,0.94163120
0.91703218,0.86440676
0.84004992,0.87353730
0.38695019,0.56899458
0.48311016,0.49455270
0.58674645,0.61777139
0.63100922,0.52595538
0.76698756,0.94755542
0.38695019,0.36901370
0.88571268,0.87933469
0.87358201,0.87507808
0.88854104,0.91969991
0.90346628,0.97183162
0.82303941,0.69854492
0.90294600,0.90601087
0.88709545,0.91934985
0.80793214,0.76273364
0.87731242,0.86068255
0.79997671,0.91656953
0.75091791,0.60021871
0.89140445,0.85117328
0.84257245,0.86987966
0.82726473,0.84303600
0.67351031,0.77068216
0.65903223,0.79150760
0.92335719,0.97414732
0.85573685,0.88803732
0.89292765,0.90785474
0.62782717,0.71074456
0.84963477,0.83252627
0.64614677,0.63190854
0.82112050,0.88191229
0.38695019,0.20976952
0.87990081,0.95288247
0.90171570,0.92028987
0.38695019,0.49156144
0.82125127,0.83364457
0.86564517,0.87213224
0.89895105,0.88528138
0.73556846,0.58817035
0.39433247,0.31286803
0.44060099,0.62922794
0.50950187,0.61418188
0.77184945,0.24347527
0.38695019,0.11873738
0.79095131,0.76134181
0.38695019,0.39613393
0.72232676,0.82008451
0.85242653,0.80440974
0.45522720,0.33329469
0.83875912,0.92367554
0.88091648,0.89866668
0.53564489,0.70171762
0.57633185,0.42954203
0.79788554,0.80566639
0.78286219,0.83036262
0.90168715,0.92585701
0.78238660,0.74073303
0.72691607,0.80979818
0.89022475,0.86962384
0.66771960,0.62326616
0.78150690,0.63095152
0.88181835,0.89482588
0.77692509,0.83699787
0.48047227,0.49342829
0.84861803,0.91283423
0.87303919,0.80642664
0.48521370,0.62330812
0.89323437,0.89504141
0.80123025,0.89152396
0.82220280,0.92405063
0.38695019,0.32725823
0.38695019,0.39709273
0.78926897,0.93515384
0.88970262,0.88094622
0.86078864,0.85957152
0.47577488,0.27339184
0.87285197,0.86980635
0.87164992,0.79888940
0.38695019,0.42548537
0.88161528,0.86160082
0.38695019,0.54627961
0.75047183,0.43585798
0.69098860,0.50837368
0.84631675,0.85884035
0.90252811,0.88307792
0.38695019,0.45987770
0.87206596,0.91107064
0.38695019,0.24315847
0.87217760,0.90119338
0.88135815,0.90645260
0.67486548,0.72031248
0.87879992,0.87706041
0.83605522,0.80713564
0.77542436,0.85912198
0.71267110,0.72882140
0.81963587,0.99019605
0.80382115,0.83900726
0.56532776,0.32135075
0.53373748,0.39172241
0.55618286,0.67829460
0.38695019,0.37510505
0.89349341,0.83604652
0.79945642,0.85988456
0.65009296,0.65158045
0.38695019,0.31108308
0.65014875,0.50334930
0.84901005,0.85481507
0.71517599,0.79130161
0.77266657,0.84695125
0.77283144,0.61887354
0.38695019,0.14263675
0.75465709,0.48690495
0.85542285,0.86300260
0.38695019,0.26383927
0.52012938,0.53753352
0.71232051,0.62433434
0.64296925,0.45224568
0.89258683,0.95352924
0.88404101,0.80819237
0.78119355,0.69459707
0.60401297,0.67878431
0.90254092,0.89837396
0.91593993,0.95400435
0.88541949,0.91041696
0.84686506,0.75858337
0.79380429,0.82003665
0.73120379,0.70340455
0.62604237,0.48337805
0.48417085,0.37991992
0.78705955,0.86611974
0.72788596,0.58784384
0.75047570,0.75064933
0.86570764,0.90627605
0.52677214,0.65292746
0.88327146,0.91074139
0.67252845,0.76752019
0.77550024,0.87040246
0.73446530,0.61211991
0.51536250,0.43487820
0.86976838,0.90623552
0.91911799,0.89944851
0.87561643,0.84052944
0.38695019,0.26004007
0.64576626,0.84988815
0.61775684,0.53417081
0.86987430,0.83466578
0.78246242,0.52981442
0.76858705,0.86218321
0.76158029,0.81845027
0.88353479,0.86103523
0.44930890,0.51631916
0.76948863,0.83559859
0.74619645,0.18303572
0.78797126,0.93627453
0.89408523,0.83944249
0.84334493,0.84463322
0.38695019,0.09526616
0.92001826,0.93244487
0.83331919,0.77100843
0.86455214,0.94883019
0.91589540,0.92723972
0.77614951,0.68794161
0.89211351,0.86485237
0.91586614,0.92160589
0.86255676,0.89840817
0.84648585,0.92906165
0.83826733,0.75259233
0.76187527,0.61574060
0.74163306,0.59257960
0.87703168,0.79675978
0.72839773,0.59789425
0.91685933,0.93469661
0.81110364,0.54686409
0.90773064,0.93159062
0.70775390,0.70015490
0.71835315,0.86223722
0.85059601,0.90609950
0.87242126,0.94830412
0.88007641,0.94938821
0.38695019,0.35658288
0.72406900,0.71201617
0.65366209,0.45272169
0.84329128,0.82881021
0.38756108,0.37209436
0.78100020,0.92400002
0.73130769,0.68304229
0.75722420,0.71880341
0.91340464,0.88179296
0.77512586,0.76571894
0.73349142,0.77197582
0.58931166,0.57446116
0.38695019,0.32542616
0.74426299,0.65605420
0.76825136,0.61134416
0.40554842,0.58115762
0.86878580,0.81293952
0.62908822,0.60676390
0.87536240,0.82358974
0.84129572,0.85777777
0.38695019,0.27318868
0.57399637,0.81480813
0.84175879,0.87839675
0.39220497,0.29782945
0.38695019,0.04680178
0.38695019,0.06657046
0.84039247,0.90623760
0.88868040,0.81647158
0.65369046,0.58619440
0.84840137,0.92981434
0.87771952,0.95986170
0.60053611,0.74702710
0.56862199,0.64082605
0.84336650,0.76300967
0.80347884,0.83017105
0.88447565,0.84848541
0.81720215,0.79630065
0.88814086,0.79869944
0.54816705,0.59406590
0.85090077,0.79819822
0.79433006,0.81499010
0.89828283,0.91630435
0.40230805,0.34444845
