Predicted Score,Actual Score
0.87144393,0.97402596
0.78901869,0.73417723
0.48425063,0.12823969
0.81693584,0.81259978
0.87678170,0.89496130
0.46655399,0.47500202
0.90451348,0.90291262
0.86955571,0.96124291
0.90059114,0.89341539
0.90200394,0.88575649
0.86534911,0.89799571
0.89725995,0.90173441
0.87401462,0.87073731
0.90547764,0.92330921
0.48397991,0.56876683
0.78861958,0.75344354
0.89302087,0.95312500
0.90459651,0.91624480
0.76956165,0.69825709
0.58340412,0.67295039
0.90110546,0.92591548
0.72004873,0.83874792
0.74303329,0.67183489
0.90129048,0.87838751
0.81656706,0.85806680
0.37495875,0.67744184
0.69985116,0.64183676
0.89355898,0.90314204
0.67673194,0.39795625
0.25109592,0.23219927
0.75743556,0.73923182
0.52390313,0.62878650
0.85139310,0.79866892
0.93312460,0.93340164
0.81570864,0.76762378
0.87619680,0.87750590
0.76840019,0.70610350
0.90324515,0.87274390
0.77662694,0.77471316
0.80761647,0.74017882
0.69889325,0.53162020
0.73947847,0.85185730
0.88484406,0.82243454
0.91168487,0.96494067
0.84200454,0.68949252
0.85895377,0.84601575
0.72682405,0.66256118
0.93305886,0.96178091
0.86653841,0.89498997
0.39773765,0.60363024
0.92968720,0.95655042
0.57355040,0.52236116
0.75294185,0.77376813
0.88549709,0.95441693
0.79668516,0.69354075
0.38117456,0.63580692
0.87486464,0.84415495
0.63872975,0.40421757
0.64396584,0.71092772
0.42072588,0.48772570
0.90694416,0.92003518
0.71042442,0.80931371
0.69730151,0.81769353
0.51467210,0.58732945
0.88050246,0.93263525
0.93828106,0.92334527
0.80694652,0.86228913
0.39263734,0.61061680
0.92255425,0.94150591
0.87077320,0.93775851
0.82444632,0.77325583
0.73752630,0.75315696
0.92992961,0.94875002
0.92178881,0.91922528
0.18617812,0.08555707
0.89089155,0.91582203
0.68667412,0.45671695
0.90989470,0.90770239
0.87509161,0.85985541
0.60222888,0.62730861
0.67975217,0.72826087
0.88196629,0.88688642
0.62220925,0.71479058
0.48299527,0.36846665
0.65896654,0.65540588
0.62413263,0.68428475
0.83970100,0.84891218
0.77113688,0.55244505
0.83958989,0.35617423
0.59580624,0.50777072
0.79123747,0.85436708
0.77761477,0.79423076
0.86618912,0.89748764
0.73832858,0.83244783
0.93361264,0.92120171
0.77013123,0.88900036
0.75565219,0.84893095
0.41484985,0.26438427
0.88915467,0.93618190
0.61659569,0.71952027
0.63423383,0.70891517
0.90199423,0.93338555
0.85424441,0.81782299
0.71020353,0.82515365
0.93164778,0.93354863
0.76547563,0.76575905
0.82189083,0.78066832
0.79883897,0.81996006
0.44657710,0.70684522
0.81813347,0.62531328
0.91685748,0.92056233
0.87564421,0.89564049
0.83567220,0.75606227
0.90581632,0.79218322
0.86893022,0.74072599
0.91237938,0.98071426
0.89884847,0.92811561
0.91049474,0.87471670
0.91635573,0.91462636
0.83607829,0.82258064
0.39607990,0.39279380
0.87497240,0.88937986
0.88739920,0.90602368
0.82358491,0.81310177
0.60484147,0.55831259
0.87435853,0.94914424
0.91187263,0.95865506
0.91917938,0.91876382
0.69139993,0.50917327
0.42299592,0.36498562
0.49117786,0.61657834
0.88827783,0.79741937
0.92354083,0.95239449
0.47518396,0.28675476
0.22161204,0.07518037
0.78979748,0.71153843
0.91104120,0.92348027
0.90536255,0.92421323
0.78829420,0.56428504
0.87561989,0.82616764
0.33746091,0.34419924
0.76904827,0.81334132
0.65087259,0.65832502
0.61871618,0.43220028
0.86381054,0.90905404
0.87310404,0.79105079
0.61052597,0.55054945
0.75005472,0.62651515
0.85133183,0.86879802
0.85915846,0.97530866
0.87313825,0.87283242
0.51536751,0.56747156
0.91408235,0.94212097
0.75287867,0.66474348
0.87198150,0.92114174
0.62036479,0.53451371
0.40749332,0.53433007
0.31073225,0.26161468
0.69853443,0.76617503
0.49523300,0.26211971
0.74558693,0.85384059
0.75206286,0.83106786
0.58216828,0.52025586
0.73091877,0.45982206
0.66656363,0.66571146
0.83280307,0.65996927
0.72466850,0.55469769
0.43777484,0.49744070
0.85444659,0.82678950
0.91041201,0.86687738
0.42530602,0.50203669
0.78363687,0.82179201
0.74292541,0.83482140
0.89639241,0.87538403
0.71909392,0.42339361
0.92853987,0.87560409
0.87407410,0.96667218
0.90204203,0.91998285
0.51533741,0.57792211
0.27134144,0.11602031
0.37195829,0.44695711
0.89254189,0.90727723
0.31971100,0.21682203
0.65528411,0.73896211
0.24627569,0.08269231
0.91936785,0.89456820
0.37963441,0.54569191
0.39946282,0.53317410
0.88436824,0.80749857
0.76688254,0.91145813
0.75926453,0.55948716
0.83617532,0.80233300
0.87601048,0.88644528
0.65511692,0.62116641
0.92319942,0.95716840
0.81923944,0.88170350
0.90503502,0.87957662
0.92266363,0.89387870
0.45702797,0.40693602
0.91245186,0.89572513
0.87329227,0.91693234
0.87767333,0.84765124
0.60452801,0.76251251
0.92389446,0.91515762
0.91351354,0.87500000
0.87719488,0.89019877
0.85438591,0.61056477
0.74805212,0.82854885
0.89990008,0.78734589
0.79770291,0.78923386
0.84377575,0.88581467
0.24494722,0.16648623
0.61288095,0.67439586
0.63778096,0.60586655
0.38695464,0.21057090
0.93428159,0.97528487
0.68384087,0.77255833
0.84313685,0.81333578
0.53403342,0.40319654
0.32342789,0.18734229
0.86055493,0.93949294
0.83122861,0.83993411
0.81498051,0.81172067
0.88985074,0.84017092
0.90294313,0.92468828
0.90598130,0.88304842
0.72537267,0.66082203
0.90118599,0.88372952
0.91837537,0.83225191
0.93090570,0.95003641
0.85918307,0.72066885
0.80144382,0.86759102
0.92349237,0.95790040
0.85600007,0.90465409
0.83826971,0.89721519
0.78640151,0.70557100
0.75828528,0.69692564
0.90414953,0.92170662
0.72869068,0.82425898
0.74960804,0.87733400
0.74005008,0.73381919
0.84294409,0.93076921
0.32517713,0.24927424
0.69195330,0.52957636
0.87082905,0.82738793
0.73995066,0.86590999
0.92383629,0.92802405
0.89350581,0.90368575
0.58024430,0.54557669
0.66450942,0.62063390
0.78418094,0.79854780
0.83676291,0.74737102
0.23400491,0.12833922
0.83638483,0.79881155
0.43351990,0.35335454
0.90296626,0.93185782
0.62794131,0.59370100
0.74901164,0.77021104
0.47489271,0.52511907
0.47138971,0.30528343
0.74791586,0.80870020
0.41518340,0.34392732
0.87135309,0.89617443
0.47654730,0.35266176
0.19241714,0.07075887
0.92971295,0.87498575
0.64861357,0.88172841
0.26467788,0.12780370
0.90537953,0.90276414
0.70319062,0.83361101
0.77646577,0.88522983
0.92627275,0.95717955
0.53398842,0.46015915
0.63021344,0.38126567
0.28601998,0.25172111
0.80745840,0.80265307
0.75559723,0.76514375
0.35478783,0.07320361
0.82861429,0.89524198
0.64827728,0.73342174
0.87368602,0.80329156
0.86376154,0.85264045
0.81150877,0.78269428
0.88467777,0.87559807
0.89874190,0.90807718
0.33676866,0.36312518
0.91678637,0.80876142
0.35222456,0.25291896
0.88284671,0.86300600
0.79943800,0.79727256
0.54463303,0.61340129
0.92625916,0.89284766
0.91962558,0.91649079
0.60735303,0.55881286
0.39913678,0.54536289
0.85148156,0.75468165
0.88854963,0.94361734
0.75383753,0.59260988
0.67875981,0.64701778
0.82446885,0.71809447
0.90294033,0.93402511
0.52460819,0.58740681
0.44304135,0.41599599
0.22445944,0.14241019
0.85370445,0.67805189
0.92433846,0.80217671
0.68436736,0.66494596
0.88739723,0.95568520
0.63327801,0.61684728
0.92216974,0.88004929
0.84372216,0.88933253
0.83786535,0.82872027
0.76726156,0.80215055
0.83808506,0.80901641
0.78965914,0.82661730
0.25020474,0.11900791
0.82337785,0.87948585
0.81427163,0.80047262
0.66559315,0.46851847
0.47077417,0.57297772
0.88416243,0.71595830
0.45606154,0.74690306
0.80868465,0.73192525
0.72425067,0.75357145
0.56781936,0.57308745
0.69493860,0.62363571
0.72182310,0.65479439
0.90849900,0.93142426
0.79356843,0.83667612
0.88080186,0.89990115
0.67647123,0.67989606
0.91673350,0.94007879
0.89513522,0.91771734
0.88072503,0.91071504
0.90037358,0.92906648
0.92346573,0.91549295
0.65954053,0.66958934
0.42192101,0.41143456
0.80823815,0.88174874
0.85783064,0.85992599
0.40396595,0.13107717
0.86268783,0.89474386
0.79908848,0.68202478
0.92567390,0.94682842
0.74693626,0.63246292
0.86981660,0.62972188
0.54561436,0.37559256
0.88531542,0.80065358
0.90861666,0.92087841
0.35230967,0.36875001
0.91298890,0.91927636
0.46544313,0.46600592
0.61227691,0.61411488
0.91099268,0.89916748
0.83029211,0.92163610
0.91372651,0.93200552
0.65922809,0.61390060
0.84528971,0.65883905
0.90944064,0.67633200
0.86627799,0.86915255
0.23673081,0.15155677
0.55886245,0.49106583
0.53990263,0.69213933
0.40957868,0.24906784
0.61705005,0.54263598
0.81479555,0.77467996
0.78231466,0.68409622
0.29562816,0.29139313
0.44999272,0.51904726
0.46330440,0.38562462
0.88835204,0.84973544
0.92032731,0.95088142
0.92133355,0.94298244
0.91169095,0.86500758
0.88346678,0.90359151
0.87981498,0.87472767
0.55660605,0.46424896
0.93800008,0.95084935
0.85827976,0.77117878
0.71518576,0.58342171
0.92698282,0.91828686
0.81628072,0.80697674
0.73182034,0.71942645
0.88698465,0.93650794
0.62420285,0.57005721
0.46981773,0.51761085
0.84164441,0.75609297
0.54769456,0.45612457
0.79038191,0.73582870
0.55812269,0.38604474
0.88262105,0.90181994
0.77949834,0.73497599
0.87758946,0.88957173
0.28938416,0.34808046
0.86601627,0.92061257
0.91007197,0.90839982
0.62357718,0.55831069
0.62060893,0.72351193
0.91345406,0.93805766
0.68624145,0.64244634
0.67940032,0.32544324
0.74508226,0.73041230
0.46354148,0.34453544
0.55793720,0.50486070
0.85746169,0.78953445
0.86332303,0.94339621
0.38209918,0.30385977
0.72909534,0.64590788
0.89270878,0.85407209
0.89180052,0.91231942
0.69364405,0.18738404
0.46702871,0.45740741
0.90953887,0.96041739
0.61435646,0.72167873
0.54956567,0.42158175
0.87151849,0.91804773
0.75286943,0.78965688
0.42884883,0.52184761
0.78340441,0.87190974
0.93454289,0.94274896
0.84555537,0.80571985
0.87049007,0.07899183
0.83189213,0.60848868
0.86848414,0.89148116
0.48157361,0.51343048
0.92431170,0.92359877
0.71533871,0.79474926
0.78907293,0.88637221
0.88220185,0.98275864
0.91682380,0.89629233
0.78873670,0.89764708
0.75912052,0.84450263
0.56752229,0.61614585
0.22195148,0.17829013
0.89458489,0.92699409
0.79149985,0.81618500
0.63192964,0.53220779
0.88354653,0.92192829
0.36145172,0.33106670
0.47599772,0.44288188
0.65522438,0.56109023
0.63877296,0.43951538
0.87148154,0.92528480
0.89814168,0.93086082
0.42692626,0.26050326
0.45564079,0.56626183
0.50673586,0.36328125
0.90316826,0.92448813
0.79198265,0.82105064
0.69259322,0.68381846
0.82310110,0.82598782
0.49004990,0.50071144
0.86374807,0.94360578
0.79800773,0.90516317
0.66009474,0.72879392
0.77073747,0.76458818
0.87977904,0.88809526
0.92020243,0.92989480
0.91550767,0.98217809
0.76400638,0.86826700
0.85036159,0.56681240
0.86086267,0.85920775
0.65519512,0.57705969
0.93406332,0.88157892
0.67881286,0.78612471
0.78220248,0.94624126
0.71820366,0.54118794
0.75557709,0.63134241
0.67296290,0.87279165
0.44228899,0.31614673
0.85379285,0.86965811
0.87704813,0.88306868
0.88595843,0.92385060
0.75141621,0.76888734
0.86838311,0.84614265
0.72774047,0.72766995
0.20592773,0.11512188
0.92294294,0.93403876
0.82155973,0.82826018
0.88619477,0.87306368
0.75877774,0.87089950
0.71279216,0.75645971
0.86112225,0.85018182
0.79566324,0.66416782
0.65666640,0.75797015
0.42279378,0.25341764
0.50959450,0.61868542
0.89213312,0.93299794
0.64521384,0.53369093
0.46329746,0.50543553
0.91573036,0.94818151
0.77830207,0.89948452
0.88879329,0.88830614
0.69092411,0.55795473
0.77727479,0.71386105
0.77881283,0.76758122
0.85230297,0.75173992
0.73888373,0.67453843
0.23174143,0.15517631
0.18809444,0.08621617
0.89661169,0.87846482
0.83111620,0.77368772
0.30410436,0.32831958
0.64070523,0.69556928
0.85397869,0.85143918
0.79421222,0.96383566
0.85553777,0.91259277
0.61919808,0.42557567
0.90394831,0.88128066
0.64885426,0.73436350
0.83697599,0.75521260
0.93456215,0.94178456
0.86091775,0.83820224
0.77159041,0.90534252
0.89870107,0.90604395
0.68361628,0.54397857
0.41853052,0.34042621
0.75944662,0.74213564
0.41368192,0.46721312
0.75906658,0.83787876
0.87725663,0.77691257
0.68356091,0.78463358
0.60617441,0.54062980
0.58051592,0.56309479
0.89733940,0.90254986
0.71619391,0.81804323
0.88353992,0.88422751
0.81831747,0.82250792
0.40612027,0.68953943
0.87196141,0.90570074
0.92321885,0.94573575
0.93027902,0.98872048
0.32669845,0.28900936
0.89090258,0.79104477
0.91930819,0.93850523
0.89606118,0.89795154
0.84200102,0.83737725
0.70810461,0.74095714
0.33198807,0.33032396
0.40473318,0.34530908
0.82049185,0.80003738
0.78739381,0.74438637
0.88387001,0.86483365
0.66239864,0.16271827
0.35652205,0.27488452
0.85589504,0.97891808
0.79997796,0.81934381
0.75680435,0.87059790
0.73258662,0.53162599
0.81096232,0.89136720
0.73429352,0.78222442
0.80060375,0.87974375
0.24439302,0.17347129
0.78581512,0.78741497
0.49848014,0.57768714
0.74951857,0.66176468
0.72642726,0.37600806
0.70034480,0.90059763
0.92270589,1.00000000
0.70017362,0.75333333
0.56759024,0.51879370
0.82068086,0.87455761
0.77914327,0.88170165
0.37790418,0.33645615
0.85377145,0.78451216
0.90908772,0.87897205
0.57637763,0.37231278
0.61697102,0.65100884
0.90484571,0.98514849
0.36942583,0.34342417
0.91658252,0.94150341
0.88858503,0.86278194
0.60636628,0.73398250
0.43693095,0.18351649
0.92891490,0.17508772
0.82186061,0.54235989
0.84260750,0.88377446
0.90775687,0.88747102
0.84756213,0.68725389
0.86280656,0.94704670
0.72811222,0.76789868
0.90011406,0.90375656
0.60123783,0.38664913
0.77872169,0.58123970
0.89534765,0.94471526
0.55625027,0.58785385
0.24123603,0.13317041
0.81252897,0.82111031
0.82161748,0.81927550
0.72836906,0.50737178
0.35736486,0.35793820
0.84958506,0.94668913
0.74079525,0.78106236
0.72051644,0.76445186
0.86162114,0.94601381
0.86660206,0.90634274
0.73925865,0.68380833
0.87305897,0.90094048
0.38529575,0.20601732
0.66928291,0.57549256
0.44185334,0.40170914
0.64716089,0.56870341
0.85943937,0.70322567
0.35539207,0.56885648
0.92235279,0.95232815
0.87784493,0.97230917
0.90225464,0.90798736
0.48508683,0.50279957
0.90375805,0.93726468
0.43197787,0.47462690
0.88034314,0.98611641
0.81894773,0.84835601
0.56911248,0.45559782
0.85201049,0.90083504
0.81008267,0.91296166
0.91292846,0.94327378
0.43516120,0.16424765
0.50619602,0.55503821
0.88371289,0.91661292
0.50153112,0.45925885
0.29935539,0.29532996
0.92686188,0.87887806
0.90131837,0.90586281
0.28249815,0.17696486
0.53800768,0.82478631
0.87446702,0.86314261
0.69122863,0.76869750
0.46247181,0.53705597
0.87931800,0.92538112
0.32945082,0.56055903
0.88522458,0.88629723
0.75723195,0.75627935
0.92469537,0.93670887
0.57759649,0.82308888
0.60133421,0.40456834
0.87445056,0.91089743
0.71835929,0.78777778
0.86262977,0.92911357
0.84061426,0.69113922
0.90705615,0.90190220
0.77620721,0.63666749
0.88837153,0.85641026
0.48514244,0.17829363
0.85471416,0.69058317
0.22811174,0.15327817
0.89718246,0.90101820
0.88812369,0.91109407
0.92859650,0.95047361
0.93269497,0.92647058
0.61208606,0.68912905
0.91275549,0.92720586
0.41513485,0.42086020
0.31949946,0.27375650
0.91002780,0.86971354
0.88690984,0.89973330
0.79711759,0.79886061
0.45167682,0.43711844
0.88892525,0.98076922
0.28555921,0.10615226
0.78760368,0.83466554
0.83306569,0.88856828
0.85744017,0.94647890
0.45049641,0.43639743
0.73757005,0.55140448
0.85157257,0.87530923
0.84099597,0.78524160
0.87650090,0.91887212
0.89938998,0.96458089
0.65737289,0.73625642
0.69201815,0.62658280
0.84611571,0.84385967
0.82412332,0.15565036
0.92961949,0.95704174
0.92025346,0.89234298
0.37650236,0.52842444
0.88555288,0.87819541
0.92948902,0.88687754
0.75111240,0.73830181
0.62368292,0.52949911
0.79634923,0.71129984
0.83066154,0.86401820
0.80239588,0.84465569
0.35885566,0.62325048
0.83891273,0.70629656
0.92666137,0.96345747
0.81931961,0.85711020
0.51899111,0.42282653
0.89354080,0.83812600
0.81744206,0.91418177
0.71425164,0.53076196
0.82625049,0.76756668
0.56750208,0.48365700
0.79730463,0.84386742
0.82701242,0.87472898
0.55921948,0.43295455
0.81992257,0.15256086
0.37805486,0.56848830
0.45941785,0.46316090
0.72107530,0.84844136
0.45867628,0.58766234
0.91678053,0.93451458
0.91899532,0.94434857
0.73253477,0.87548947
0.84760940,0.66451401
0.90261054,0.93750000
0.83737427,0.87782383
0.82527775,0.77662879
0.45840663,0.52112883
0.88320768,0.74080932
0.41382736,0.35436183
0.89501226,0.90838045
0.89205730,0.86874288
0.45587319,0.40221879
0.80629814,0.68074971
0.79211748,0.27570876
0.65076047,0.65938246
0.72272629,0.75972068
0.74139005,0.72567880
0.92356259,0.92263740
0.82825816,0.90852314
0.79330719,0.77347380
0.84007025,0.90735614
0.36918771,0.39060232
0.91443163,0.93160450
0.89257067,0.93575215
0.88873285,0.95952332
0.92012143,0.92662084
0.26730624,0.13453953
0.64978409,0.80454558
0.90103209,0.97752655
0.87181842,0.84678727
0.86290342,0.82333183
0.83537066,0.93022865
0.85571361,0.61199600
0.67210144,0.77859968
0.57766056,0.80725890
0.76744640,0.83139491
0.78647852,0.83583742
0.85118425,0.87042934
0.64168793,0.70664060
0.44812381,0.36685368
0.74568772,0.74097306
0.78094673,0.79255486
0.89202595,0.84913212
0.79494727,0.71875864
0.74027401,0.67011690
0.77693284,0.32683048
0.46587765,0.55766112
0.83843720,0.85989255
0.30216056,0.19367094
0.88605505,0.93538404
0.89889872,0.90991825
0.80164140,0.68539327
0.91772342,0.91759419
0.75233024,0.72106284
0.38355708,0.32704347
0.89332724,0.93608046
0.78586769,0.86502969
0.89927143,0.95979702
0.83109081,0.84799147
0.38810080,0.37755728
0.92301023,0.95145708
0.78424788,0.56290847
0.87265241,0.91645712
0.87996119,0.95285410
0.66928071,0.62650567
0.44637066,0.32072335
0.90776467,0.89240617
0.46790147,0.35028657
0.59682095,0.71653408
0.89390469,0.88588905
0.38026118,0.26666120
0.83885610,0.74499589
0.89182806,0.83351606
0.89933538,0.96326405
0.80350411,0.90768588
0.89766300,0.94939309
0.78080297,0.85437626
0.86147481,0.95850748
0.54036379,0.54287916
0.38965577,0.36428204
0.86138827,0.88704598
0.54389238,0.43425927
0.89598149,0.94929725
0.64592397,0.71067512
0.83965153,0.63700873
0.62370634,0.86472732
0.71962428,0.71541029
0.80341846,0.63905811
0.85637569,0.80315578
0.90610880,0.88850272
0.70446980,0.66753322
0.50656736,0.44647831
0.73993218,0.62124932
0.80168891,0.87901765
0.70737237,0.78030300
0.41736799,0.52420342
0.82935596,0.92205089
0.82531488,0.78166133
0.84261835,0.73881441
0.87301153,0.84031099
0.51421857,0.63799721
0.90387726,0.94316679
0.89147621,0.93215811
0.88031518,0.89567053
0.85468233,0.25329894
0.75084239,0.86700290
0.90200621,0.95950282
0.90453953,0.88489062
0.71517360,0.86976236
0.82136732,0.76693648
0.57718021,0.30950662
0.85617578,0.72567809
0.90863347,0.97021693
0.31033954,0.21486366
0.85764158,0.78550839
0.90702200,0.93685639
0.57329988,0.49767870
0.68343210,0.69782382
0.44036156,0.25678471
0.88522506,0.86602592
0.76671761,0.55377764
0.72813624,0.62692308
0.53740805,0.46017650
0.92732280,0.92502511
0.89218414,0.88770777
0.72932363,0.82881659
0.54699814,0.50868225
0.86460924,0.92674989
0.42758840,0.36921552
0.92024279,0.90374178
0.92749715,0.88365299
0.76284158,0.72280091
0.42350125,0.36578321
0.78355765,0.84963846
0.92734027,0.95857555
0.86839032,0.91486543
0.81031442,0.82511932
0.50069630,0.54123598
0.82192671,0.87810737
0.87123168,0.88048673
0.85513449,0.86632097
0.90846980,0.89029562
0.90285730,0.92037600
0.64232808,0.57556325
0.73450851,0.68744832
0.89431363,0.90070903
0.56575429,0.65185744
0.86712939,0.84777701
0.38079312,0.32695955
0.91915566,0.99002868
0.50955290,0.69989926
0.80035973,0.71813726
0.83955467,0.61200142
0.80512083,0.49263832
0.91618246,0.94070256
0.93556505,0.96220237
0.86577141,0.85051167
0.92071050,0.91666669
0.84098011,0.77461988
0.27573368,0.46426493
0.31733429,0.17483173
0.91931546,0.88480097
0.79034108,0.83754009
0.81700289,0.84317225
0.89020574,0.83602023
0.29512435,0.11402626
0.91568756,0.95478034
0.91052264,0.91940153
0.93299186,0.97209769
0.89630795,0.88014835
0.76667809,0.51186508
0.84458303,0.92653054
0.91212320,0.96006495
0.79168361,0.67934263
0.86895102,0.71043456
0.92061865,0.92495000
0.75340116,0.35361624
0.47958636,0.50788003
0.93184638,0.98148149
0.63766897,0.68704647
0.84303862,0.86311477
0.49869579,0.52732795
0.86288136,0.88892710
0.92914295,0.95763242
0.76830447,0.80791467
0.87035179,0.83319384
0.88002634,0.81443512
0.47229913,0.68139619
0.62347430,0.74045002
0.72424221,0.80992734
0.77095580,0.87623996
0.34756911,0.67512143
0.48647842,0.60962784
0.86622930,0.94444442
0.83010566,0.91606665
0.56475443,0.35512239
0.87617034,0.90430218
0.93497360,0.92204130
0.68619525,0.55746180
0.46119881,0.49128383
0.89662486,0.89216524
0.90827739,0.95149255
0.91749346,0.98148149
0.71837646,0.94337589
0.89661407,0.80992484
0.91384494,0.90847337
0.83529615,0.92484701
0.43872806,0.26357070
0.20356691,0.08537281
0.90670729,0.93373901
0.83951575,0.87512636
0.90921533,0.91501004
0.80571079,0.95940173
0.91878533,0.91044438
0.51384825,0.59308600
0.85848951,0.90087485
0.75141382,0.61900586
0.72210425,0.82157707
0.68619418,0.52896458
0.78730446,0.73947090
0.83169943,0.79045957
0.57502127,0.54188710
0.84722519,0.87981242
0.54607964,0.65378422
0.66569781,0.61596203
0.92200506,0.94051993
0.58563137,0.74266541
0.54299384,0.64204597
0.86679304,0.88051951
0.86156529,0.89543957
0.84876382,0.81695253
0.79191619,0.91156465
0.73247081,0.64776045
0.91558325,0.92656809
0.86695337,0.93346846
0.84584379,0.92307693
0.85214132,0.91433054
0.88274097,0.88171500
0.86477762,0.78515816
0.31771809,0.21394357
0.84191227,0.71412039
0.46686229,0.37766421
0.89406157,0.86475295
0.27039203,0.16192956
0.57120597,0.68831170
0.85502231,0.87214881
0.78697646,0.77392119
0.26889440,0.17979489
0.54843926,0.87428027
0.36360782,0.35305768
0.86789966,0.92311543
0.92091012,0.97734177
0.47195077,0.44297516
0.63256824,0.58479846
0.84687668,0.77450913
0.92135328,0.91695273
0.91743731,0.95487177
0.92109013,0.94533968
0.83585662,0.80533808
0.82828939,0.94351768
0.91727024,0.93783897
0.89370328,0.89982951
0.82670522,0.69699663
0.48800632,0.49800220
0.30624229,0.21694674
0.73290503,0.17383404
0.80276090,0.82614231
0.80554295,0.87852186
0.88108766,0.92970103
0.87332946,0.92205727
0.83257997,0.79311341
0.36620960,0.51911014
0.59287691,0.67791635
0.74103814,0.69121093
0.77207172,0.77200490
0.90959781,0.96604937
0.44472814,0.38564792
0.83357978,0.81436181
0.58511841,0.62727273
0.47158310,0.46962860
0.87427175,0.94494885
0.70532739,0.77758312
0.49747473,0.64672607
0.62484729,0.74681777
0.90987945,0.90649003
0.70689976,0.69499135
0.70349413,0.55331343
0.35793972,0.52941179
0.24053353,0.12279566
0.63710630,0.20196499
0.64150405,0.66119969
0.89667863,0.80784112
0.75575465,0.62730896
0.89561993,0.92794609
0.86353421,0.84856158
0.46022546,0.30643708
0.57319343,0.55393302
0.87855375,0.93758202
0.42008597,0.32155719
0.84165657,0.81454670
0.91121578,0.89606696
0.46072054,0.36516562
0.92650449,0.93428081
0.37042367,0.23690413
0.88652867,0.84717596
0.83269936,0.91078752
0.84103125,0.90155697
0.91709149,0.91223651
0.19751203,0.26881394
0.74093819,0.84800750
0.50980133,0.42078146
0.92292398,0.92582595
0.50026596,0.61574668
0.78341663,0.91927910
0.88566333,0.95104164
0.76355189,0.85549217
0.53973699,0.62375444
0.86562312,0.93637651
0.90589046,0.89367819
0.91996962,0.98437500
0.73844397,0.53379685
0.82814956,0.80090910
0.52405655,0.51022112
0.90927094,0.90876842
0.75716054,0.91176468
0.86900032,0.95534998
0.93024361,0.93555743
0.82714617,0.86466682
0.93308794,0.95430315
0.87779677,0.93287402
0.70371997,0.78593373
0.44252485,0.69455785
0.85906452,0.91957241
0.90218937,0.94464284
0.88837254,0.93530023
0.91640306,0.90274012
0.78620648,0.45755017
0.69721812,0.56770021
0.45415938,0.36953107
0.84454572,0.85556936
0.65398037,0.62952900
0.89002681,0.92032969
0.69714379,0.78991342
0.84206170,0.79022276
0.91318142,0.93898064
0.64454824,0.61570078
0.67694265,0.61032093
0.79490536,0.80869693
0.51259428,0.52065676
0.91338646,0.88971859
0.58359754,0.76950121
0.43949580,0.74825537
0.91582334,0.92996031
0.89253598,0.85084409
0.87707281,0.92322910
0.75283587,0.86068684
0.84437263,0.82627243
0.87734705,0.87418145
0.30871266,0.38190293
0.60500783,0.70674533
0.46621469,0.45081618
0.24598745,0.19908528
0.89440352,0.93265975
0.29924032,0.13550466
0.87102753,0.82801121
0.87473935,0.82499671
0.80013043,0.82292283
0.84123355,0.61613685
0.64750230,0.41865605
0.72872764,0.85303593
0.79663426,0.72537714
0.88949555,0.90746534
0.66544527,0.65970802
0.85294652,0.79149979
0.53365308,0.51734716
0.77045661,0.70596415
0.77265954,0.86146969
0.43897584,0.59412861
0.85648602,0.90554196
0.63028371,0.31699321
0.74758905,0.79235536
0.85761893,0.96315634
0.91019833,0.95144135
0.69507563,0.69962430
0.91404194,0.93211806
0.90010273,0.79020721
0.30723727,0.13364494
0.88169134,0.89458221
0.69532728,0.70245183
0.80620170,0.88117242
0.69429433,0.81967878
0.46453387,0.45043087
0.89511895,0.92016530
0.71292400,0.74292898
0.86991102,0.86784792
0.43456692,0.48134920
0.28080291,0.38352272
0.92423755,0.90179396
0.48890239,0.62159163
0.60775411,0.82353109
0.74721837,0.74484628
0.57870775,0.46226159
0.91241717,0.94724113
0.68835592,0.64109588
0.41587472,0.63318902
0.86175078,0.87730807
0.72219217,0.54174799
0.39014071,0.26134872
0.39395943,0.39796156
0.92917478,0.96515346
0.85642874,0.84253895
0.86166143,0.89035964
0.83403438,0.68880910
0.81523144,0.80264014
0.88986707,0.94652826
0.39545262,0.40216938
0.50689662,0.32936326
0.92180073,0.88440251
0.86088353,0.91058183
0.90553927,0.95819235
0.83753878,0.80141354
0.81943840,0.81881869
0.38698187,0.33966598
0.88246000,0.83845812
0.65283132,0.72067273
0.81562060,0.71464974
0.91653574,0.94552267
0.74933958,0.82677245
0.85566866,0.89366513
0.42141050,0.44353002
0.86187577,0.86284196
0.82272708,0.90117520
0.71226716,0.67239612
0.47950521,0.45512497
0.40204030,0.41031593
0.82889974,0.85483080
0.20511264,0.12402173
0.87768179,0.87717927
0.78708786,0.76724756
0.72242171,0.74839228
0.91537154,0.95609128
0.87843686,0.87540984
0.91892862,0.89596272
0.91537249,0.78938752
0.84627616,0.86691177
0.79812938,0.85494852
0.41289064,0.39591315
0.88991034,0.92033941
0.88928294,0.88691229
0.42075849,0.17861831
0.82797337,0.77333140
0.76152915,0.77242583
0.83191335,0.90382445
0.90539277,0.96130955
0.82593977,0.90178835
0.87200940,0.86821795
0.41497579,0.51038188
0.52392471,0.52354044
0.67767227,0.39061904
0.80768865,0.78983051
0.91392523,0.90608150
0.85581863,0.86151963
0.40799022,0.16620064
0.85541302,0.81705415
0.33767903,0.14033276
0.85254449,0.94849259
0.84590793,0.93695247
0.90171665,0.90225464
0.59316951,0.68723565
0.74592412,0.70983922
0.91856891,0.93921524
0.92388374,0.97331643
0.86489987,0.94247788
0.93802077,0.94023150
0.87525845,0.89014053
0.61020237,0.58158690
0.92445242,0.95213675
0.92726183,0.96273726
0.62145853,0.29339823
0.93303370,0.94588178
0.65063006,0.35537711
0.90009189,0.90648854
0.91566396,0.92760080
0.60076976,0.61439639
0.46485630,0.61636692
0.84310800,0.82331884
0.93393296,0.95866567
0.91053534,0.87172282
0.45722786,0.44508946
0.62446505,0.71611089
0.64509547,0.74423760
0.73643059,0.72952181
0.53750873,0.41164085
0.78398860,0.82517481
0.90279007,0.94793499
0.76609880,0.72894895
0.67628515,0.77467930
0.64445996,0.75584644
0.67490101,0.86081523
0.87838125,0.79092300
0.88551736,0.95771295
0.33472240,0.23065026
0.61570776,0.40575597
0.91962177,0.91637313
0.88274151,0.85944188
0.88696450,0.82319373
0.90327525,0.87709641
0.68993962,0.85654885
0.89165586,0.81987131
0.69762969,0.75668681
0.82349461,0.96326727
0.89303952,0.90877980
0.84817195,0.78017247
0.78708714,0.89659327
0.87859112,0.45434865
0.85790628,0.93550819
0.49616691,0.33236539
0.61436337,0.67126918
0.87653381,0.86809969
0.79594439,0.76524013
0.92140615,0.95311350
0.75216442,0.70298028
0.73657680,0.63070697
0.52834213,0.38904256
0.73046160,0.67159504
0.90155041,0.89412314
0.47946599,0.78604466
0.91648173,0.89639795
0.86498708,0.90183181
0.74616593,0.77594239
0.45750371,0.66692740
0.85698032,0.92419624
0.44490525,0.43101856
0.78709054,0.73391855
0.93306559,0.93786341
0.87361604,0.92271572
0.89436758,0.86316317
0.66031557,0.74612027
0.87646741,0.84178931
0.90169722,0.94119513
0.83630753,0.89251560
0.86588192,0.08616666
0.86804622,0.94889951
0.83002907,0.85838568
0.76354027,0.78195721
0.66300505,0.50961137
0.87070394,0.91318637
0.41237468,0.58032495
0.82295847,0.72058821
0.88559860,0.87648863
0.63978243,0.89723504
0.88050801,0.97198546
0.47877029,0.53174502
0.73809886,0.74054253
0.87259358,0.89807105
0.90222692,0.87314165
0.66655809,0.49803987
0.80690032,0.91567296
0.78322673,0.70998877
0.85913438,0.79656887
0.70843142,0.76658165
0.91985190,0.92745882
0.84535128,0.94270670
0.90879869,0.88472223
0.67730975,0.91358906
0.90904063,0.94486678
0.84365416,0.89864576
0.87058598,0.91669101
0.85280287,0.86409551
0.89998925,0.93267393
0.59544837,0.75018275
0.75683826,0.74797732
0.91599804,0.87692684
0.33799121,0.45611110
0.83192074,0.88962030
0.79958057,0.73376626
0.84557694,0.87730265
0.67874646,0.65064371
0.30283090,0.24327958
0.90271825,0.90283960
0.86528200,0.89793319
0.92456883,0.90713865
0.88005179,0.86267680
0.73735130,0.83767259
0.68289119,0.75043857
0.38064468,0.29342574
0.58114088,0.37517300
0.47452772,0.27144331
0.46756166,0.53353494
0.91076756,0.93888563
0.58087516,0.53177083
0.58874488,0.55553466
0.83371603,0.83362466
0.88322186,0.80975300
0.71251094,0.73159635
0.48858756,0.41099244
0.87100053,0.85301232
0.44397363,0.22399463
0.85887790,0.84236497
0.90100324,0.83059180
0.84679091,0.70978802
0.81856513,0.90175575
0.84437424,0.88496017
0.89793462,0.88146681
0.89199167,0.92958516
0.86006731,0.92494768
0.87599707,0.89472997
0.82386243,0.79526842
0.67115128,0.55668980
0.63800979,0.60080689
0.88484412,0.89541948
0.90463912,0.90695620
0.63730514,0.64195281
0.92376471,0.89309132
0.89045453,0.92199475
0.48736575,0.46343273
0.53190875,0.48762295
0.52913296,0.37766227
0.79873502,0.84082973
0.71829855,0.82466567
0.60081506,0.78476727
0.61441326,0.57847667
0.79053199,0.86685240
0.33585435,0.48266807
0.92881775,0.92900878
0.92793310,0.94202763
0.62067020,0.53758651
0.88643849,0.95274055
0.76417482,0.81160688
0.65444171,0.54689425
0.56358850,0.43769249
0.88499963,0.95743710
0.37735766,0.26628786
0.93076611,0.71685928
0.89046222,0.92110193
0.93272334,0.89462847
0.77884537,0.94512832
0.41411874,0.53698891
0.82772845,0.89818394
0.75139749,0.66532636
0.87601060,0.80210078
0.33714432,0.13075037
0.91942376,0.95270759
0.91468513,0.86370462
0.34483570,0.49028674
0.90530717,0.86971426
0.44795361,0.28106725
0.62872458,0.62579632
0.60064721,0.70767403
0.58989424,0.49142787
0.88558781,0.87161088
0.78016019,0.81364524
0.87633353,0.82076824
0.87452757,0.76398718
0.85643804,0.70944595
0.56889021,0.81606609
0.69838321,0.77454114
0.50640285,0.51892120
0.39460132,0.33438757
0.91402745,0.87753981
0.93258750,0.93807071
0.69602358,0.81902450
0.90513372,0.83854169
0.79506266,0.73578578
0.27753210,0.24476069
0.56937248,0.53281617
0.78532088,0.92047477
0.87734371,0.82710451
0.87155873,0.90542126
0.44188085,0.51606286
0.84860826,0.73391616
0.90408736,0.93402922
0.38413626,0.65666670
0.90010220,0.89485359
0.59876537,0.31634554
0.81723273,0.93243587
0.54368430,0.64970696
0.86872816,0.90725738
0.82906735,0.71543360
0.35042992,0.75549358
0.93029684,0.93879426
0.81862664,0.80238050
0.72956270,0.59600776
0.71423101,0.65135133
0.81853139,0.74812269
0.88712698,0.94710082
0.87087840,0.95040262
0.50985348,0.41656491
0.74633783,0.83460188
0.67019963,0.65000886
0.54465771,0.59144676
0.40335867,0.40970385
0.90711898,0.91748369
0.86488867,0.89698690
0.33255118,0.38408521
0.87689793,0.82805753
0.86940289,0.79830301
0.90385079,0.90281177
0.83218944,0.87611806
0.91742849,0.87324220
0.89090806,0.88167590
0.90134120,0.97204489
0.92657059,0.93010205
0.92274809,0.95964092
0.86754274,0.73860455
0.46563229,0.49867678
0.47063181,0.50132352
0.58781374,0.69505018
0.80237514,0.84510601
0.88221586,0.95837182
0.91122150,0.92829204
0.79975080,0.83752120
0.92771095,0.98404253
0.87189090,0.90488315
0.89514720,0.95265329
0.89619863,0.89866310
0.43117973,0.48596954
0.46083671,0.47469667
0.75868583,0.64932239
0.85700756,0.91496086
0.83260781,0.90919358
0.90022707,0.93144357
0.87933189,0.94767022
0.59773314,0.59418839
0.83996755,0.81429839
0.90398532,0.87630820
0.82757604,0.86969548
0.86280888,0.90734369
0.31319928,0.23983876
0.93471348,0.95225853
0.82834905,0.74336976
0.47306988,0.20974027
0.89932942,0.85911715
0.90056783,0.92190522
0.68202215,0.63594991
0.90110755,0.87459141
0.93679976,0.91888404
0.88866997,0.87656248
0.77034593,0.72008377
0.89173055,0.91064250
0.88749635,0.91873574
0.81891227,0.88412184
0.92437255,0.96045852
0.54995704,0.59251827
0.92607379,0.98125660
0.70100176,0.71476805
0.93506038,0.91274738
0.91202164,0.93771875
0.80156249,0.90582424
0.83546376,0.86909419
0.35374242,0.66639233
0.42999473,0.56607145
0.87700111,0.86414915
0.61236084,0.73283887
0.80630004,0.72567838
0.88681042,0.80612981
0.85240257,0.76363367
0.90389961,0.92203224
0.39721772,0.30417153
0.26314753,0.24640717
0.90946919,0.94013160
0.47986537,0.61984944
0.82195866,0.85978144
0.88738412,0.75075912
0.84605813,0.77610731
0.88235950,0.94225049
0.37560046,0.43986452
0.55159903,0.64820087
0.64125818,0.65961528
0.78869307,0.82529610
0.17160487,0.13065517
0.36739182,0.27115142
0.87439424,0.85416496
0.92734313,0.90534735
0.92198598,0.94278848
0.75601244,0.72029686
0.83348209,0.92424244
0.74989110,0.91895717
0.67561346,0.66417360
0.34951347,0.32791984
0.90080523,0.90549296
0.87059319,0.95789301
0.88460922,0.89080381
0.61085320,0.77852327
0.91268992,0.99382716
0.87444603,0.88186079
0.57522815,0.88710868
0.91155851,0.92620957
0.73445678,0.68692023
0.90040159,0.89170754
0.87671888,0.75865537
0.86138487,0.88659948
0.88125658,0.90233785
0.68780178,0.59161586
0.84919345,0.84202844
0.48763004,0.40008104
0.43768942,0.19608384
0.27716172,0.38803819
0.89912170,0.83664083
0.92421830,0.93995357
0.23200274,0.17202541
0.84808981,0.94480026
0.78583288,0.91060805
0.92312306,0.95128202
0.73440540,0.72880971
0.74308145,0.64410317
0.50333476,0.59747022
0.85141689,0.89400923
0.88191068,0.96926028
0.31463873,0.28936982
0.86844671,0.90047210
0.86021769,0.88663781
0.75304937,0.65250051
0.47411075,0.68346667
0.68568921,0.69276422
0.87935513,0.90303099
0.83037984,0.76921195
0.48468852,0.57899725
0.92998540,0.97542685
0.92440897,0.94569963
0.90941215,0.87832510
0.85708380,0.77567565
0.87278718,0.85220218
0.89313591,0.93093783
0.41718620,0.53888887
0.65883076,0.67654282
0.31829771,0.30169028
0.75725597,0.73221946
0.86232805,0.88268322
0.58182597,0.53039193
0.87573004,0.82138282
0.92675263,0.95707542
0.83778739,0.80100870
0.62041968,0.16196567
0.47742152,0.46990740
0.66426349,0.93861771
0.37403727,0.36217457
0.87667668,0.80709219
0.83592165,0.86199093
0.88322103,0.90178287
0.81262529,0.80542874
0.84700191,0.80751878
0.90414935,0.80104631
0.85611486,0.88718373
0.76600158,0.69739503
0.91706747,0.97984850
0.60632175,0.36426768
0.87764376,0.88705528
0.48057157,0.36864805
0.77835256,0.66977620
0.88044077,0.88403136
0.80917996,0.76571822
0.36833918,0.37886363
0.57425326,0.65493828
0.47340292,0.43489569
0.66120505,0.73532635
0.86004484,0.81124872
0.88806784,0.99519229
0.91665709,0.84344262
0.83630764,0.78308499
0.87215585,0.86333960
0.85520273,0.90753543
0.69890529,0.72476077
0.75046253,0.92074680
0.57943046,0.35370290
0.93047661,0.95396715
0.87719584,0.87761462
0.76538312,0.81144160
0.93490213,0.95044720
0.91838795,0.93787879
0.92514169,0.85638297
0.81868422,0.85987854
0.88981509,0.82632869
0.85255110,0.89242089
0.82525378,0.82250887
0.81436670,0.81279546
0.88350177,0.94034493
0.75819892,0.77992052
0.82795542,0.76553100
0.73606622,0.68906206
0.80312967,0.82355517
0.49529564,0.35938177
0.84612352,0.87345409
0.88019466,0.88898343
0.88262409,0.89636159
0.93251598,0.92429376
0.79114729,0.67505187
0.46527025,0.44651172
0.83358586,0.88253027
0.93576670,0.97088867
0.81984007,0.86081493
0.91528076,0.93382460
0.50308096,0.54484087
0.58992481,0.75259417
0.83794981,0.80454546
0.86452478,0.84909785
0.90391707,0.95265228
0.88163465,0.92188805
0.61284751,0.46306127
0.91595405,0.91840661
0.77307528,0.68427199
0.94172621,0.94943053
0.88999265,0.92813319
0.45838901,0.37271520
0.81713414,0.75953388
0.93536705,0.89450550
0.76053470,0.85920537
0.72140968,0.73107523
0.83409858,0.83104122
0.92159802,0.91353768
0.91259879,0.97617865
0.87216914,0.89562041
0.29770678,0.41411451
0.89746207,0.91535169
0.84555352,0.87848437
0.72931272,0.77436620
0.71196043,0.89726198
0.92405307,0.91848284
0.44566232,0.40602154
0.90455800,0.95445096
0.88456327,0.78282315
0.70791394,0.79333568
0.66268623,0.73695797
0.82860005,0.74194068
0.83787411,0.88089836
0.71775120,0.70376295
0.83101684,0.79222780
0.45406863,0.53284085
0.77128315,0.69232672
0.88503098,0.87362635
0.87514669,0.93315899
0.89029253,0.89847904
0.92951262,0.95048326
0.85071838,0.82544190
0.49772635,0.45111784
0.84752476,0.76526254
0.77760363,0.66666669
0.91408765,0.97847730
0.85812151,0.94832075
0.82001662,0.86359763
0.85968345,0.93086141
0.88260216,0.87737757
0.80611753,0.73550689
0.78492147,0.51974297
0.89497507,0.90886420
0.90218359,0.38720176
0.87357712,0.91401410
0.61345130,0.48355031
0.72795689,0.62408209
0.42266136,0.48662463
0.90648317,0.86647338
0.87184203,0.95473486
0.64122641,0.71931773
0.90660453,0.95317155
0.58250475,0.61325783
0.67865068,0.48577949
0.79807121,0.71954024
0.92550659,0.93052202
0.66422993,0.66256094
0.86480463,0.88869721
0.81981230,0.87507844
0.86985874,0.81792372
0.85773933,0.86819649
0.80319428,0.86218625
0.87269998,0.88602632
0.92010713,0.91711634
0.70369512,0.63773948
0.92207211,0.89752495
0.92532289,0.93743151
0.67162359,0.49827948
0.82055742,0.88587773
0.83076322,0.77601486
0.86410677,0.85811526
0.82334799,0.85945159
0.76950252,0.70968443
0.46404153,0.61327791
0.90302742,0.92292207
0.85934567,0.82941765
0.72468436,0.66451561
0.85122347,0.92823392
0.82135922,0.71632773
0.91202611,0.94417560
0.74148613,0.68505210
0.90766484,0.91002417
0.87932968,0.91359538
0.63474643,0.85673094
0.69683087,0.70807981
0.78631258,0.76070392
0.26434189,0.13729459
0.66902876,0.68835652
0.71913683,0.72137666
0.69245225,0.82629925
0.91263169,0.86523712
0.56622642,0.59538245
0.22133404,0.15473181
0.87173218,0.73120302
0.65807062,0.72034764
0.78656214,0.81581563
0.58817208,0.49250498
0.92089319,0.92217743
0.80213344,0.81998229
0.85066640,0.74506533
0.69580960,0.66413325
0.49401358,0.50783974
0.92590374,0.94408256
0.51816249,0.37030447
0.70297289,0.87927926
0.48348111,0.53091592
0.88821983,0.95057774
0.81843174,0.80528605
0.46298668,0.37589082
0.83723617,0.83684266
0.91474950,0.97540987
0.46791509,0.62377995
0.59051567,0.48037428
0.43388721,0.46269619
0.87039733,0.93457288
0.87484050,0.80866539
0.81907403,0.89903843
0.78916144,0.84958625
0.71202934,0.61506706
0.88173050,0.76880431
0.84749264,0.90974027
0.81661081,0.79691225
0.67912155,0.87143034
0.84484702,0.76363635
0.43106022,0.40563783
0.84091437,0.74708658
0.83650935,0.97692186
0.41352466,0.42828083
0.88807583,0.92113245
0.86084473,0.83368820
0.89320362,0.85752261
0.85411429,0.89205337
0.62801850,0.55848861
0.87942916,0.92058164
0.92130321,0.86682916
0.80963540,0.86542338
0.76013887,0.34309050
0.21760249,0.10223510
0.87236255,0.85050559
0.81385553,0.79062480
0.88633752,0.92328155
0.92856801,0.97340423
0.42251068,0.40775433
0.79649740,0.75948274
0.86939424,0.78137255
0.85997677,0.88627803
0.84673619,0.81695038
0.78060091,0.75612265
0.27008238,0.15788215
0.77346510,0.92603093
0.87695444,0.62210047
0.29538807,0.33476782
0.85334998,0.83544338
0.86899805,0.88758588
0.86542410,0.78805077
0.48833412,0.49801278
0.59026021,0.60709095
0.78306919,0.84692925
0.85764211,0.72917205
0.84660965,0.90947235
0.88968325,0.91117525
0.92487752,0.93593907
0.45550463,0.60444576
0.64013886,0.73260748
0.74268007,0.66800827
0.91171765,0.90116984
0.62888753,0.66688097
0.89013720,0.94407284
0.64746088,0.83050269
0.93035948,0.96413970
0.35792154,0.30929348
0.88417464,0.93405366
0.77769065,0.84988165
0.83808517,0.85200143
0.25342715,0.11235981
0.76483440,0.70359343
0.84275991,0.69242609
0.87969279,0.85500002
0.74308723,0.71504486
0.61006260,0.56811988
0.80982268,0.84428191
0.62769592,0.45439693
0.75665915,0.62743056
0.29673409,0.29696268
0.86971998,0.85932982
0.82229322,0.85385585
0.43708032,0.52152991
0.44093919,0.50629544
0.90103441,0.92316020
0.91440707,0.88298571
0.88802958,0.92222607
0.86896920,0.85558599
0.67727125,0.43593705
0.89755690,0.99253732
0.35316768,0.19189817
0.73268789,0.55577368
0.91109675,0.92915082
0.25613418,0.17149614
0.91504657,0.90909094
0.44979468,0.48133001
0.37039655,0.26531985
0.31854621,0.34279943
0.76993954,0.94318181
0.22960573,0.16805555
0.91534483,0.92390758
0.91114277,0.90907645
0.85370421,0.90473849
0.75909114,0.60401648
0.92935777,0.94725490
0.53736883,0.51886147
0.88339716,0.90454543
0.87859076,0.89266211
0.66494000,0.63306081
0.77234054,0.80605441
0.48329666,0.49109986
0.92229110,0.93343937
0.82575256,0.82869685
0.87767810,0.76971161
0.61749512,0.75072098
0.69116217,0.59973037
0.86703944,0.93272662
0.23282516,0.16096221
0.71869332,0.83236551
0.26937512,0.14895315
0.83349615,0.74707866
0.42207861,0.32226485
0.43028665,0.56694961
0.89241344,0.89686990
0.90791464,0.94380414
0.65058076,0.72198862
0.32113057,0.33630988
0.77010441,0.79918033
0.60871881,0.80353743
0.82416958,0.77578127
0.87306368,0.85983205
0.65272439,0.79289818
0.92202759,0.17597333
0.25549519,0.27355328
0.77418232,0.70210099
0.86369789,0.90981239
0.85079318,0.80974191
0.89695036,0.94101930
0.82501233,0.74400544
0.57243443,0.47822964
0.87646359,0.88957387
0.85727787,0.91254580
0.68023473,0.81035084
0.88698918,0.91257709
0.39589944,0.41389197
0.82422978,0.85481483
0.57659578,0.49117348
0.89964318,0.91156292
0.46691653,0.41237518
0.85877281,0.73316973
0.86662406,0.90417427
0.84318101,0.84203482
0.88071942,0.87100881
0.61975920,0.64989978
0.79006457,0.66030031
0.81901532,0.84235799
0.45185977,0.53175914
0.44634777,0.42613587
0.75294185,0.74045897
0.84031099,0.92179739
0.80890572,0.83363283
0.65844131,0.74972790
0.89801449,0.93267393
0.94111568,0.90011698
0.89006966,0.80131948
0.63652104,0.68642855
0.59518993,0.81843573
0.63216728,0.70556027
0.81685156,0.86710781
0.70303255,0.88317168
0.93345320,0.53268218
0.61631697,0.71708071
0.46484810,0.49782473
0.77766281,0.63613039
0.91430092,0.95715326
0.92387426,0.94849253
0.48129585,0.43774909
0.90436614,0.80915117
0.86924314,0.92648935
0.88811105,0.90317327
0.91006982,0.88832200
0.91292262,0.94523060
0.90873551,0.90917122
0.40282822,0.51725292
0.85681218,0.93333334
0.89636528,0.95148885
0.38323230,0.49638805
0.76104856,0.88987964
0.48140633,0.52429187
0.79082763,0.76684982
0.89834416,0.92035741
0.75666493,0.60529757
0.56750715,0.59092259
0.64326435,0.57391024
0.77354354,0.77398944
0.81394774,0.80154157
0.88839167,0.90063465
0.86761034,0.94029009
0.87458718,0.82723516
0.40797096,0.32289064
0.54882675,0.58769631
0.50225770,0.56708324
0.87742496,0.88732040
0.89093930,0.83375001
0.84442323,0.83192021
0.89557761,0.87247783
0.65811902,0.75191194
0.51178181,0.54102367
0.65689933,0.58003098
0.41162398,0.43387705
0.91118687,0.89318383
0.89389920,0.97521418
0.89828151,0.92824352
0.85679561,0.85440701
0.47579789,0.24134728
0.60873622,0.46230251
0.87544751,0.95507568
0.90449440,0.90797651
0.85106421,0.87545484
0.60086077,0.55882353
0.24735659,0.41450471
0.90439922,0.94064313
0.75783533,0.79514021
0.76407927,0.62104017
0.73588693,0.74635702
0.69953907,0.74321967
0.72157937,0.64693373
0.49073303,0.64818114
0.72282434,0.81084216
0.84517002,0.94846493
0.84840220,0.85275441
0.27727658,0.16919251
0.71924365,0.73777807
0.81892699,0.60520834
0.86635649,0.72881877
0.36218879,0.13987172
0.83954448,0.74972749
0.48888981,0.57779288
0.89457834,0.91396326
0.39773300,0.49417111
0.89804029,0.90073121
0.60403401,0.68355483
0.29468164,0.45858580
0.55720329,0.59835202
0.45908004,0.60581255
0.47187784,0.27689710
0.76865596,0.88675213
0.85167736,0.89387077
0.90024221,0.86072850
0.87663925,0.90895396
0.24870920,0.12685186
0.92533898,0.94719952
0.90739965,0.80947930
0.78994477,0.87093079
0.72707188,0.53754151
0.55660713,0.48074982
0.82873762,0.70175231
0.71049142,0.80138272
0.45944718,0.18914123
0.84482682,0.89991969
0.87509847,0.90664697
0.92266071,0.92192310
0.75102943,0.70954633
0.73140645,0.64516598
0.80052602,0.93934959
0.71076453,0.68070573
0.87769163,0.78901410
0.31611779,0.25915682
0.92238855,0.93755049
0.67254192,0.78349674
0.47899863,0.30113637
0.76582319,0.79827219
0.71183544,0.70221823
0.80651379,0.96412265
0.33060929,0.30938494
0.28603479,0.24587674
0.85939044,0.91239721
0.63334733,0.43103448
0.84899384,0.65319914
0.89011705,0.91233766
0.68328184,0.55924815
0.76846123,0.89297050
0.91647863,0.92712766
0.75209731,0.65528846
0.91598570,0.91641706
0.82199848,0.91049892
0.80502331,0.72620887
0.83134961,0.92000842
0.91453636,0.90261990
0.88263565,0.94229674
0.66172558,0.74520206
0.64442557,0.70211607
0.89177585,0.98922598
0.75317967,0.69567865
0.74674565,0.91332501
0.89680564,0.97619045
0.88396019,0.91140813
0.91147083,0.97933853
0.89110100,0.92179483
0.85467219,0.83434474
0.43657348,0.43875387
0.36297658,0.12598751
0.88490176,0.80515140
0.91081917,0.78235292
0.90817970,0.89587718
0.90096754,0.92665416
0.71142167,0.64506000
0.65649313,0.73887980
0.91481221,0.92082554
0.85049623,0.89070284
0.91555226,0.66290534
0.90551925,0.94156039
0.40907934,0.53559911
0.82134402,0.70679015
0.87337118,0.87731093
0.88297832,0.91074419
0.52243721,0.52660644
0.84950340,0.69846857
0.94250089,0.92421627
0.83603221,0.86835557
0.43884560,0.50482512
0.86999041,0.82318991
0.40542370,0.30889091
0.67344064,0.55752653
0.40403450,0.31595987
0.68069613,0.83333331
0.43238547,0.33849600
0.71533954,0.79298246
0.84235549,0.71165258
0.41048512,0.31763548
0.56071883,0.39099726
0.81786895,0.73548859
0.29818520,0.34459993
0.85125661,0.88075078
0.75701016,0.85386860
0.85153061,0.84730196
0.89232856,0.84439600
0.78982776,0.89345825
0.74034351,0.78287286
0.86203218,0.90166646
0.43008029,0.49553746
0.86213982,0.90880620
0.84417903,0.84768492
0.87088859,0.83387977
0.88417315,0.75215387
0.84698343,0.76766616
0.67667127,0.53104299
0.65594983,0.81340581
0.79688871,0.75326777
0.60368145,0.51244235
0.29819164,0.34693033
0.88642067,0.79598188
0.92117411,0.90986842
0.48784018,0.45630932
0.90063810,0.89654469
0.50429869,0.68593282
0.47531825,0.60692453
0.84463316,0.84840775
0.57308328,0.35541871
0.62503958,0.63192332
0.73543775,0.77879041
0.33964604,0.39656276
0.91223693,0.94523376
0.64185166,0.63374132
0.92204833,0.98275864
0.80907524,0.85287970
0.33803710,0.18073878
0.58029389,0.67013109
0.89066124,0.95277780
0.86211628,0.70886618
0.85769701,0.94090909
0.29824582,0.37231132
0.81672490,0.79828602
0.82575303,0.78862488
0.21145830,0.14017177
0.85083157,0.86554027
0.92755890,0.95667285
0.83697128,0.84633219
0.91091150,0.96923077
0.81961662,0.89775115
0.70596385,0.64714241
0.83225429,0.83513546
0.53744948,0.72588235
0.78851128,0.84754902
0.45470643,0.71759260
0.69165397,0.70015180
0.86855167,0.75465667
0.29676846,0.41527238
0.87679940,0.85904509
0.78740466,0.74544257
0.59964061,0.70368671
0.87753081,0.96376812
0.92310250,0.99275362
0.88097209,0.82435900
0.48055542,0.59803253
0.87024283,0.82986039
0.65048897,0.63351828
0.85490346,0.81027752
0.90868264,0.95262128
0.62115461,0.80894148
0.86648607,0.85415053
0.69831830,0.22454269
0.74451751,0.83595204
0.80423111,0.70385230
0.80078834,0.85160822
0.22239324,0.13069455
0.93387359,0.95625663
0.57110375,0.44530153
0.73444223,0.84039712
0.29677436,0.43346915
0.84886730,0.89800197
0.92234671,0.90875059
0.86555105,0.82030994
0.88382745,0.79763937
0.40451282,0.24452288
0.84821582,0.83806610
0.78427595,0.65213674
0.66533256,0.57287008
0.89089930,0.92304611
0.81671584,0.94978607
0.51054615,0.64651471
0.89994478,0.86218202
0.91733867,0.91463667
0.74135470,0.84729153
0.70776510,0.75903976
0.37642524,0.45269471
0.88989043,0.92181176
0.94551039,0.95691174
0.87722236,0.79957718
0.85024798,0.87323833
0.86864519,0.62049538
0.80248582,0.83840066
0.92752939,0.94470590
0.88259012,0.63815278
0.82270533,0.81925821
0.85196209,0.76926482
0.87384295,0.93142217
0.65009201,0.64008701
0.84950268,0.83216071
0.84948468,0.93350875
0.78962249,0.83468765
0.89817792,0.91225690
0.89748096,0.79963523
0.87212586,0.94897085
0.45517325,0.75115359
0.73132706,0.66969699
0.90670300,0.94510549
0.46936035,0.46856546
0.40424022,0.56722486
0.83459246,0.79981911
0.78269970,0.91211033
0.86856103,0.90170288
0.91780376,0.96798378
0.64541638,0.67013174
0.90601766,0.88219142
0.87733525,0.91038436
0.83761454,0.79298246
0.91919857,0.86638868
0.23722422,0.12465912
0.69816566,0.90974259
0.62217444,0.39943701
0.51093173,0.46200973
0.65194392,0.82783753
0.84189260,0.82958025
0.93128765,0.94356018
0.38213158,0.33618388
0.82923132,0.73583418
0.50962043,0.55495280
0.52243286,0.50611144
0.75088179,0.84291822
0.92120171,0.88362384
0.53920025,0.53967869
0.31466269,0.29709384
0.73353922,0.68652040
0.86874896,0.87947094
0.73228794,0.68962061
0.75487131,0.60175437
0.56575698,0.59613425
0.62053484,0.54225522
0.79982024,0.88332212
0.87944376,0.87752408
0.86326396,0.89441079
0.19434330,0.06378902
0.76885039,0.90164453
0.32216585,0.46296296
0.72073066,0.67128801
0.62152219,0.57127637
0.79114234,0.79508626
0.86463243,0.93096691
0.87913078,0.91537356
0.88704562,0.95516568
0.79067427,0.74644977
0.91449136,0.96847826
0.52550620,0.55499166
0.79394418,0.75261503
0.59895241,0.42450452
0.90558422,0.89535546
0.92807817,0.90532106
0.84707183,0.81703997
0.84500432,0.85103798
0.88974905,0.90310782
0.92495096,0.97872341
0.86753196,0.96459067
0.77598423,0.76291794
0.85268223,0.74279559
0.90798515,0.89090663
0.59631759,0.53643906
0.88388133,0.84706134
0.66471994,0.53568822
0.90496981,0.89027262
0.90743506,0.87522280
0.77073205,0.68735337
0.93956041,0.90734500
0.52718329,0.59587657
0.73223233,0.49330035
0.75395924,0.60518789
0.90972185,0.87993860
0.85560215,0.88662660
0.47541881,0.59807694
0.88725758,0.85897189
0.75420123,0.78093833
0.24653789,0.22644928
0.88133144,0.84770489
0.43543041,0.81561995
0.51714748,0.42962953
0.87762576,0.94712073
0.87131846,0.77471656
0.79719406,0.76811635
0.50506425,0.48900464
0.88808215,0.75165170
0.85494012,0.88255924
0.87361383,0.90447593
0.83263272,0.82797444
0.31822279,0.30609041
0.57456046,0.59229332
0.81779969,0.74305391
0.87021190,0.82886869
0.91955090,0.94409192
0.75834072,0.78591627
0.73777080,0.71623808
0.55145329,0.47535211
0.91755950,0.94798648
0.46268147,0.36237374
0.77297944,0.83224422
0.85882312,0.83307701
0.44528329,0.65434241
0.44549465,0.55239666
0.91286027,0.93473929
0.89479423,0.93723059
0.90119159,0.93569988
0.88911796,0.87917340
0.82677805,0.88735884
0.88620055,0.88899755
0.50257796,0.74898958
0.62059253,0.68114477
0.85363519,0.58571428
0.38777238,0.48970768
0.87745249,0.86167032
0.38182342,0.29080674
0.86852431,0.93277830
0.73507738,0.81553400
0.74558592,0.77173913
0.73008370,0.73167789
0.79858571,0.81875646
0.94198519,0.94533569
0.46004319,0.52331150
0.72291207,0.82278323
0.89226061,0.89532495
0.93815172,0.93501192
0.81809092,0.94000000
0.90212977,0.93757176
0.47073555,0.28643617
0.42371207,0.38437003
0.85833013,0.86175376
0.60959375,0.66428620
0.35552520,0.42257217
0.74547911,0.65077490
0.89441979,0.91923076
0.68371451,0.67142022
0.44608945,0.48139769
0.86128008,0.85357428
0.40889758,0.56810105
0.90292293,0.87248802
0.78735369,0.95862800
0.73873705,0.82238585
0.71744317,0.62078261
0.88894510,0.80750889
0.86475271,0.83243144
0.90042490,0.85847986
0.93359834,0.91971737
0.55278635,0.69436836
0.88165784,0.75966048
0.58752888,0.41319931
0.88417202,0.88292122
0.80661833,0.74175900
0.86669677,0.85444778
0.66429484,0.65708536
0.88142210,0.91202533
0.74162638,0.79289150
0.32215706,0.11148074
0.50575376,0.49401122
0.80580616,0.76232862
0.89381945,0.92849016
0.24666202,0.19169508
0.29959872,0.14660482
0.83441150,0.88060230
0.66424185,0.71151268
0.41523579,0.26976076
0.84111851,0.87049526
0.67439479,0.64069766
0.64241815,0.70906752
0.33061898,0.20999916
0.85071880,0.90540540
0.48582891,0.58448458
0.67322415,0.59448087
0.89385605,0.73690474
0.53791517,0.68911612
0.84955931,0.86158252
0.73354304,0.79910553
0.87329078,0.88239187
0.77672648,0.90231508
0.52916944,0.49682686
0.46570227,0.33763418
0.85809547,0.95539623
0.70967710,0.42209944
0.71045667,0.84276849
0.84456658,0.83121246
0.32211208,0.33246276
0.88058364,0.87292683
0.86858511,0.81089091
0.84749794,0.82630205
0.88547403,0.78991252
0.88164455,0.86705172
0.60109872,0.61377645
0.36245519,0.34832197
0.92239773,0.91766828
0.64065373,0.32575008
0.46739617,0.60423815
0.83341742,0.88158941
0.83625907,0.90737563
0.78311235,0.83232540
0.72706193,0.83195084
0.77154309,0.73680902
0.86874962,0.98660505
0.34689379,0.62205803
0.80711389,0.69734889
0.86283517,0.88779718
0.84207469,0.91158903
0.85240859,0.74469572
0.92154783,0.94096643
0.64976698,0.72543061
0.71210545,0.79676998
0.91677070,0.95966935
0.79389536,0.87531143
0.53789741,0.58723468
0.48752952,0.42238268
0.82957202,0.81438857
0.70487732,0.61333448
0.76435030,0.45584652
0.71157050,0.72169811
0.90630603,0.82912940
0.91571265,0.90630299
0.87490445,0.85919821
0.91183877,0.89294875
0.46803924,0.35851455
0.46333990,0.50331545
0.88837981,0.76369637
0.51409101,0.51747334
0.91666770,0.96570659
0.41073996,0.37821880
0.90510410,0.94701755
0.51080447,0.36748573
0.58166975,0.48774403
0.90544277,0.91049600
0.87687182,0.88741851
0.90188295,0.98275864
0.93636811,0.98849702
0.93381667,0.90976351
0.38289729,0.24929525
0.57462370,0.50047541
0.90741825,0.89817476
0.91864300,0.85895091
0.91185081,0.82343489
0.20081615,0.09733385
0.56963634,0.56538570
0.64819169,0.69834185
0.82752240,0.88496679
0.54400623,0.64710796
0.91902763,0.93648565
0.65863127,0.71581823
0.81204712,0.78080195
0.39483866,0.42770770
0.88263518,0.91392887
0.90696955,0.90552974
0.90702832,0.91573662
0.65080804,0.68036401
0.91042364,0.89907104
0.69676256,0.44020849
0.56923193,0.65571481
0.86674058,0.94130152
0.80386603,0.80382884
0.77649140,0.71913344
0.23740315,0.16865297
0.62022239,0.14304200
0.28603667,0.21486166
0.36048147,0.31148237
0.84102327,0.91949451
0.92051083,0.96001065
0.88433838,0.95454544
0.81762552,0.66906595
0.89007968,0.85357368
0.52895319,0.67364585
0.84386361,0.79618436
0.79943609,0.84451681
0.44142514,0.44881848
0.90366912,0.85982561
0.83083904,0.79611725
0.31751215,0.24394307
0.64087898,0.81831789
0.43591177,0.41585678
0.88791370,0.87915879
0.41825217,0.40451533
0.75215966,0.72263235
0.86155188,0.94221395
0.78392142,0.75266081
0.86298990,0.91873604
0.70117199,0.74833596
0.85824484,0.85856056
0.65559959,0.81048852
0.86390156,0.89603448
0.25026307,0.26633644
0.84830922,0.81332099
0.69756603,0.70573384
0.91220218,0.97651005
0.88373727,0.91983503
0.93457615,0.91829187
0.43492493,0.35841557
0.91872036,0.91055554
0.68675977,0.74782741
0.93730724,0.94044352
0.92152774,0.96733141
0.87955308,0.92955494
0.83011460,0.83844447
0.77131593,0.58614844
0.81777596,0.88006818
0.89084291,0.92288601
0.35345545,0.26272455
0.88741940,0.83190924
0.64441270,0.72027773
0.86814058,0.93526757
0.79204530,0.68704498
0.24702057,0.15570776
0.78361166,0.65136182
0.89881617,0.92125106
0.81518483,0.79162019
0.84286308,0.85636902
0.84808433,0.88357931
0.75811243,0.88174993
0.76369739,0.79741377
0.53444046,0.64639425
0.42257369,0.53909063
0.59451681,0.62573582
0.85767537,0.87221742
0.67010719,0.79562014
0.58407265,0.78673470
0.82502288,0.82393950
0.43515080,0.43288681
0.48838666,0.25553018
0.83928049,0.87876654
0.86394167,0.76957691
0.90673614,0.74898672
0.66972160,0.41086957
0.43236709,0.34485158
0.57303864,0.53546131
0.80417985,0.96666664
0.92718482,0.95023924
0.74900568,0.87311041
0.89830279,0.91178250
0.76252615,0.83515948
0.69780552,0.58434588
0.92409933,0.89346659
0.93216085,0.98982012
0.89611399,0.87994564
0.87899184,0.76127243
0.86462152,0.85837102
0.92494220,0.91895425
0.30645975,0.24012481
0.84613508,0.84508663
0.88268590,0.87620687
0.67273796,0.54030800
0.79336345,0.76951873
0.93131679,0.97838503
0.86032641,0.80167454
0.76422203,0.57442808
0.60466123,0.77140731
0.86875987,0.81005025
0.86714214,0.85648358
0.90908706,0.86341697
0.83244401,0.77339107
0.88186395,0.87987375
0.24600178,0.11469042
0.87926877,0.88720489
0.93402386,0.93778312
0.70545083,0.69335526
0.91412175,0.93119937
0.87211549,0.89935899
0.89285773,0.88697916
0.82352865,0.75230956
0.79380953,0.73787737
0.88976943,0.95592654
0.73816735,0.60129112
0.90431231,0.97611338
0.92221320,0.90174145
0.86737525,0.89140624
0.58921212,0.66635603
0.76535857,0.80292118
0.77582794,0.74788964
0.92387968,0.85470283
0.42219433,0.35770595
0.66222858,0.59154373
0.82406503,0.82882243
0.85566860,0.90482342
0.78275269,0.59700030
0.89327747,0.89153439
0.91717154,0.97311831
0.73671603,0.53575748
0.29576886,0.15808170
0.77793562,0.71256495
0.84251988,0.87203765
0.71219039,0.49895087
0.77154267,0.56250000
0.50671571,0.52228165
0.62865579,0.83328664
0.85227191,0.80661660
0.90354592,0.93434107
0.47188175,0.64884073
0.75456309,0.75838923
0.17352262,0.04953431
0.87200338,0.85798162
0.75263953,0.80806857
0.90506315,0.93983078
0.50855666,0.50126493
0.88751245,0.88039112
0.87596917,0.94798410
0.80263931,0.87687516
0.63893354,0.58634460
0.85440338,0.91057914
0.48274258,0.48184818
0.46064866,0.33665380
0.83433640,0.85242832
0.91293776,0.90735292
0.59166199,0.40943256
0.38209733,0.44473892
0.84970766,0.81955886
0.85004318,0.83082032
0.91801441,0.91540599
0.37889841,0.37155995
0.29312712,0.13041443
0.69158691,0.67618191
0.87111205,0.93599880
0.90360153,0.85991228
0.93742919,0.94861281
0.85683388,0.77751720
0.83505303,0.61105484
0.87678838,0.89774948
0.83268106,0.34511524
0.87590384,0.87132150
0.91675544,0.94743907
0.52860093,0.61226863
0.72271860,0.80778700
0.93648148,0.93322879
0.92151695,0.97222221
0.41499442,0.42358845
0.90303195,0.92842150
0.85773021,0.87963533
0.92464775,0.93257427
0.79575861,0.84153783
0.90966576,0.93129760
0.62967491,0.68185139
0.86005479,0.94208270
0.73888463,0.69028759
0.87082106,0.85408163
0.41321069,0.73607951
0.88902628,0.88519126
0.50294709,0.50528187
0.87477195,0.84792101
0.87901926,0.75366879
0.49602577,0.50658047
0.86349857,0.64404887
0.87651861,0.89263630
0.52553606,0.49252614
0.69643283,0.65751696
0.72096688,0.58521760
0.68890178,0.70898658
0.93418902,0.94868690
0.74813211,0.79000568
0.80260956,0.87812442
0.87933463,0.90679687
0.85507154,0.93229169
0.45451611,0.40523237
0.89672059,0.86327744
0.88753426,0.69556737
0.83418065,0.80346686
0.58611274,0.67167324
0.91293579,0.82744044
0.72895139,0.75187397
0.48328999,0.57973754
0.87134671,0.96288943
0.88245809,0.96245849
0.91905105,0.97161305
0.85797334,0.92712247
0.83123553,0.83955443
0.47238749,0.59445947
0.74489814,0.79835540
0.77056277,0.85104710
0.89290655,0.85698450
0.76463658,0.75783801
0.67368972,0.68147451
0.81103158,0.68763447
0.87210488,0.86583000
0.88401121,0.83552742
0.90119970,0.92595226
0.82613802,0.80328435
0.76800048,0.76440734
0.73855877,0.48274773
0.81668478,0.85425282
0.33242729,0.35217968
0.82608783,0.95604396
0.63362890,0.57052928
0.81449485,0.65849674
0.93755686,0.97115386
0.70116878,0.51422232
0.90799242,0.94842172
0.89065361,0.86075163
0.91244590,0.97244149
0.90502673,0.88086736
0.18000317,0.04580267
0.70742428,0.71991873
0.87824643,0.90789473
0.92615432,0.83249384
0.89388025,0.88196427
0.90451461,0.86628664
0.84321696,0.91282797
0.90068334,0.91710097
0.83529651,0.81452864
0.77307749,0.67801344
0.81944525,0.47775811
0.85086048,0.80510753
0.48925212,0.67446810
0.89174861,0.84147245
0.92154527,0.93378329
0.88544565,0.84296876
0.78387612,0.73563290
0.57782590,0.43004099
0.21429011,0.11223690
0.61940813,0.57947791
0.91605645,0.94054466
0.90575242,0.93813747
0.93425304,0.86860120
0.59922957,0.62798101
0.91976333,0.95646960
0.64243901,0.47371379
0.79058754,0.94417387
0.92076463,0.96932012
0.72247565,0.56598759
0.81669509,0.80576950
0.47165132,0.33701411
0.76125222,0.69234240
0.91384959,0.84282053
0.35492504,0.26069599
0.52223963,0.73901176
0.82772076,0.93899584
0.77248073,0.60856491
0.27893856,0.14977884
0.83517826,0.89643747
0.87850773,0.84919506
0.85856748,0.78197366
0.85069537,0.84337187
0.76275718,0.62717295
0.58843994,0.77907377
0.86952090,0.85116220
0.56701964,0.62323946
0.48481399,0.65485609
0.93303949,0.97540987
0.89849979,0.86293226
0.71169651,0.81600612
0.47355962,0.47790524
0.91119963,0.95002931
0.93667448,0.94913703
0.56262165,0.58176565
0.91851926,0.90195483
0.56711650,0.50837183
0.53487319,0.54774100
0.53477156,0.57565135
0.81404573,0.80611110
0.57527590,0.39445871
0.87610495,0.96013117
0.29972938,0.19643602
0.93645340,0.96178591
0.53877205,0.24278516
0.92920017,0.96150458
0.83979690,0.83796620
0.87895238,0.92015117
0.88675845,0.94868141
0.65247619,0.59982920
0.76413083,0.76569235
0.85719287,0.88745636
0.90164441,0.95939767
0.39980167,0.34010842
0.82045972,0.80897957
0.79063135,0.89536291
0.44575796,0.32583460
0.73285508,0.71392745
0.92897421,0.95888788
0.89026594,0.88028204
0.87742317,0.88586742
0.73711717,0.68154299
0.90545547,0.94550353
0.87634653,0.94453758
0.71705735,0.73705500
0.90505677,0.90509939
0.35487947,0.17494252
0.83156860,0.87989235
0.64899790,0.68179667
0.66525149,0.79959714
0.64915282,0.59616596
0.89461100,0.84470910
0.89345515,0.99497414
0.29966772,0.26573077
0.91776532,0.96437126
0.87909657,0.87511498
0.80874544,0.63227510
0.83481956,0.80413121
0.89403337,0.87317926
0.78363574,0.71612072
0.87679839,0.87742949
0.68783712,0.84252799
0.90736836,0.88625824
0.63239032,0.70597845
0.84302163,0.82569063
0.25803116,0.28093535
0.43579167,0.45139080
0.86989373,0.85651290
0.27946627,0.25443321
0.85664088,0.87771767
0.83155227,0.92113006
0.88686931,0.78771532
0.62712252,0.56883347
0.76777685,0.68409812
0.58117580,0.51866502
0.88102424,0.89704436
0.78432494,0.64072943
0.91292691,0.97974503
0.82356995,0.83071285
0.88307220,0.84090102
0.42888534,0.29403645
0.85085201,0.77840394
0.69444394,0.76021636
0.63492358,0.78524214
0.89836776,0.89633226
0.92060816,0.94120151
0.82596481,0.87318563
0.76766932,0.82413101
0.92038953,0.95733041
0.90761149,0.90329397
0.29941291,0.11286988
0.49947232,0.44786826
0.72384685,0.70078200
0.71326661,0.70576924
0.72607577,0.77261633
0.68765044,0.51436228
0.73962200,0.64331055
0.65839750,0.77381706
0.81474584,0.94997269
0.81541950,0.57921028
0.87908959,0.96609181
0.84537947,0.83745748
0.85809845,0.87462234
0.86839533,0.86753249
0.80543184,0.90942913
0.89120555,0.92438066
0.87916720,0.81891280
0.85758138,0.91215152
0.83415431,0.70312828
0.87778234,0.81175274
0.90082961,0.87305474
0.86532098,0.89770633
0.63271081,0.50900257
0.42925823,0.54919863
0.89880902,0.99425286
0.88345844,0.90091950
0.86986130,0.80878663
0.78173280,0.83850265
0.78916478,0.74399853
0.90982926,0.92098033
0.47094655,0.62598270
0.87544048,0.76550871
0.91207671,0.87920874
0.33861926,0.25909430
0.79147524,0.76881856
0.93246984,0.92859668
0.83668572,0.71317309
0.56396759,0.77956986
0.70077676,0.86996698
0.70185274,0.45161444
0.85416710,0.98084825
0.87437177,0.84113801
0.85220200,0.84279549
0.74564457,0.70817608
0.48568970,0.44838309
0.76840723,0.85638946
0.72936690,0.99642855
0.91501546,0.95770979
0.88128620,0.87345171
0.72577393,0.73427027
0.90085256,0.84351897
0.91974378,0.92926937
0.91467077,0.92618775
0.58896840,0.45971575
0.90154803,0.90075141
0.83113223,0.82073301
0.91397250,0.90561372
0.90033555,0.84722221
0.88579905,0.92095351
0.92017031,0.88191885
0.22342291,0.07497706
0.38641867,0.14390244
0.89833248,0.84716874
0.91688490,0.88255036
0.83032340,0.85113996
0.90657949,0.94928300
0.77922738,0.73880899
0.68291211,0.62105978
0.83034539,0.81262982
0.51445270,0.55583185
0.89624321,0.88450295
0.42652076,0.43947282
0.87536544,0.93605608
0.74993765,0.74731505
0.55857563,0.60952902
0.61314571,0.71591765
0.91131139,0.90945148
0.65145254,0.61156446
0.66880524,0.66399556
0.77608991,0.82773900
0.70014274,0.99888641
0.82030499,0.80901307
0.81863880,0.83635467
0.57443112,0.62672049
0.75967813,0.62334055
0.85303688,0.80335766
0.54321629,0.57727122
0.70071471,0.69110304
0.81595945,0.87603253
0.40494436,0.62082064
0.68989658,0.60234964
0.40728408,0.31594202
0.47555321,0.45400271
0.54318833,0.73377436
0.67906380,0.54876393
0.54477638,0.67029285
0.80662930,0.89851618
0.89462584,0.70219976
0.75836623,0.79977137
0.81660539,0.75698471
0.76190877,0.80296588
0.91772085,0.98493630
0.56303793,0.73153740
0.89214897,0.91952467
0.82403386,0.74732560
0.29201001,0.27417654
0.82833469,0.90460300
0.59318262,0.61332309
0.75062823,0.90574151
0.91504210,0.93852460
0.40741456,0.41883275
0.40385202,0.45576829
0.59032089,0.40355298
0.88423622,0.90396249
0.84545040,0.87063295
0.30546057,0.24686849
0.91727602,0.90374649
0.87702703,0.80468750
0.79022747,0.92537314
0.77471179,0.82373244
0.91981441,0.90890688
0.51441896,0.41073257
0.88878214,0.92492646
0.84174615,0.89233661
0.84303272,0.75138891
0.86606526,0.78554803
0.72963786,0.68115872
0.57222813,0.59684193
0.81179273,0.34331059
0.92921972,0.95993030
0.87804008,0.75191104
0.85951895,0.92942840
0.19108117,0.05887888
0.71643698,0.86328375
0.88844609,0.92137265
0.90917063,0.94824338
0.89382648,0.92727274
0.36957794,0.44329169
0.26970580,0.16621801
0.86711353,0.81493509
0.76417327,0.77093369
0.58464527,0.36946368
0.84782165,0.94431466
0.81979853,0.86139697
0.62637329,0.71845347
0.46798566,0.42334017
0.81474853,0.88576943
0.91167617,0.98041666
0.88161874,0.89055043
0.55675054,0.45699394
0.48256844,0.43135002
0.65563929,0.56313431
0.77646953,0.65316665
0.76308811,0.88094515
0.84078419,0.81349206
0.68064529,0.69447440
0.50381601,0.53202736
0.41978955,0.19074610
0.73942673,0.62072283
0.70365679,0.62310362
0.22355625,0.17857143
0.91839373,0.93130344
0.29040372,0.26686859
0.44698051,0.41347429
0.54455310,0.34925410
0.93245101,0.92120683
0.72607887,0.71532255
0.81491035,0.91563803
0.32049522,0.36190981
0.57927305,0.68842268
0.41131291,0.75373417
0.89200968,0.91406190
0.62019485,0.61812866
0.87743288,0.88348532
0.93941236,0.96102065
0.81592041,0.76305968
0.86684316,0.93243456
0.77981782,0.88182276
0.78500038,0.68118411
0.80368400,0.86943781
0.90125078,0.93299937
0.72643435,0.82679921
0.85568696,0.90753287
0.72764486,0.56599897
0.87539876,0.58724594
0.92367959,0.93863815
0.85706812,0.78259116
0.86786556,0.85712564
0.89509964,0.94747758
0.92885339,0.93136072
0.35806477,0.38836405
0.73191774,0.83414632
0.88334000,0.81010693
0.85997885,0.73488325
0.70867324,0.91078430
0.86803168,0.95604217
0.44781062,0.61352813
0.36263651,0.28458738
0.56078535,0.64388865
0.42412651,0.31385612
0.61857182,0.58470148
0.92197984,0.90445155
0.71854448,0.73867559
0.88168389,0.86246496
0.32643497,0.37729108
0.82700527,0.66213691
0.81175280,0.78770852
0.46502465,0.38212597
0.28419307,0.21620715
0.56866515,0.44405919
0.86944062,0.88106066
0.81854618,0.77390367
0.79403508,0.82036614
0.89643121,0.80996716
0.87046605,0.85842067
0.90959513,0.90472430
0.86234826,0.40315506
0.71166062,0.60859418
0.75707781,0.73751736
0.78160870,0.73597103
0.88166881,0.80103737
0.85907751,0.83284163
0.35153991,0.27266225
0.72867972,0.60189211
0.47426006,0.84333014
0.93831861,0.97828609
0.87970740,0.78776121
0.72579485,0.74959815
0.59771514,0.84598929
0.84858191,0.80587584
0.77052432,0.72466218
0.86214787,0.88078433
0.87088048,0.93350166
0.65613383,0.39687431
0.64671302,0.53868902
0.50939614,0.39282146
0.44595543,0.46381423
0.87408656,0.91736388
0.83180743,0.81108958
0.67934227,0.69661492
0.68620217,0.62597948
0.92443973,0.80019981
0.59389937,0.47633147
0.85142606,0.84880120
0.84231853,0.83789790
0.60394120,0.67357653
0.76998031,0.72186613
0.61017275,0.51307732
0.78086555,0.77973855
0.38441536,0.34047765
0.60126615,0.55808079
0.47576630,0.41156632
0.50024331,0.51598209
0.89754456,0.89465147
0.84983808,0.84753376
0.83213311,0.70289034
0.91199279,0.94705653
0.90479958,0.92244416
0.92198896,0.94948977
0.57127315,0.63704205
0.86629421,0.88767505
0.34895009,0.44295454
0.87811387,0.91778165
0.93860912,0.96724421
0.84463376,0.71548676
0.54615074,0.70466030
0.90725607,0.96487606
0.73797345,0.69793046
0.87070453,0.83635980
0.93918288,0.95140678
0.53358650,0.73388773
0.42323786,0.30173033
0.90042925,0.91107738
0.87638855,0.84156317
0.76927531,0.68461519
0.86698246,0.82612556
0.91625023,0.90076631
0.60836905,0.57860386
0.91840196,0.89237136
0.88475752,0.80948132
0.81477326,0.63861454
0.30920652,0.38626665
0.49959880,0.52671957
0.83882415,0.87913013
0.92423344,0.95767272
0.88226944,0.86352932
0.49775243,0.33011273
0.87343144,0.94629246
0.93429267,0.93036580
0.91646355,0.91126776
0.90878361,0.97853369
0.64813471,0.64231008
0.80697620,0.78312474
0.90937299,0.96205503
0.91902250,0.91715837
0.78010368,0.68434751
0.87764901,0.88573885
0.87137318,0.89452815
0.38062426,0.26408178
0.64186633,0.52276689
0.90796977,0.91676831
0.67632937,0.59834677
0.83463013,0.62980771
0.87517262,0.84498233
0.92796779,0.97385532
0.64989257,0.71306640
0.83581597,0.85761565
0.38379213,0.26958776
0.88689047,0.88651258
0.90107727,0.97886825
0.88269800,0.88575268
0.76692522,0.81904554
0.79045975,0.85631067
0.88017792,0.78633600
0.37262234,0.53611565
0.55392903,0.52867132
0.79675281,0.58175290
0.86941373,0.74276859
0.29674265,0.16462965
0.87900639,0.93084574
0.86738229,0.92125493
0.85865462,0.86562502
0.60649389,0.52665967
0.75034070,0.76739419
0.85826957,0.86697251
0.90907252,0.90608108
0.31485042,0.21021059
0.79650110,0.71524066
0.85718811,0.82290912
0.73136616,0.77031821
0.82768679,0.79810995
0.77494371,0.51792771
0.53876531,0.67713457
0.65421021,0.73488283
0.85427338,0.88671398
0.89809406,0.86932921
0.38868767,0.45771959
0.58265871,0.53966188
0.83162355,0.88286805
0.80284226,0.80708271
0.77514476,0.92190522
0.85484362,0.70137870
0.81827724,0.84829384
0.86738855,0.83466822
0.85244256,0.71924812
0.88991416,0.93329918
0.59061933,0.76857030
0.58111292,0.55803180
0.89121169,0.88090771
0.88405073,0.84025007
0.93253231,0.91762823
0.84692997,0.86246240
0.53818661,0.51923591
0.69829142,0.53985041
0.30290458,0.41860464
0.90272748,0.74591571
0.77706987,0.71431565
0.84324318,0.85822320
0.81295455,0.86392111
0.86039579,0.84782684
0.43957353,0.31394839
0.58052802,0.64767081
0.51022708,0.60114735
0.80934483,0.80974412
0.42148882,0.37164414
0.54007632,0.46460047
0.77715933,0.84319019
0.31312549,0.16497388
0.91435111,0.94478381
0.69091493,0.60501510
0.81293285,0.81430602
0.86652267,0.85963488
0.55905426,0.52581948
0.83620781,0.90674686
0.71174204,0.59478402
0.82521832,0.84960896
0.80439454,0.80011517
0.29759523,0.29427531
0.88740844,0.88049716
0.90466917,0.94305301
0.79550016,0.88107681
0.84929717,0.66533875
0.90267831,0.92313504
0.65404153,0.73524374
0.79998636,0.86621511
0.93309259,0.93106729
0.66146755,0.47980279
0.85965979,0.83803141
0.90886426,0.86684155
0.80036688,0.88924634
0.79802388,0.68040210
0.57756758,0.81234568
0.32673302,0.34900808
0.87000877,0.93970716
0.86751878,0.92941880
0.75543213,0.80512625
0.84866905,0.91325521
0.89751434,0.74869227
0.38457632,0.21674128
0.85306352,0.95140427
0.83838272,0.76357943
0.72853041,0.73503256
0.85348761,0.93443501
0.56411141,0.43088040
0.57974863,0.61491698
0.25706854,0.20233637
0.79230547,0.93137479
0.75521642,0.88597447
0.85829794,0.82273108
0.93568486,0.95281094
0.92399722,0.95226735
0.83302760,0.78538090
0.92943341,0.94541657
0.89503378,0.90407228
0.52689499,0.57378972
0.88594151,0.81096095
0.88858306,0.94468367
0.82461810,0.91102755
0.70904803,0.65889424
0.37621680,0.55896705
0.26218674,0.25727087
0.49031624,0.55153459
0.59927499,0.56407166
0.55389845,0.62411201
0.44887093,0.44689736
0.80655015,0.89418244
0.72273028,0.74401551
0.86827475,0.91926515
0.52818704,0.48811969
0.74672759,0.60936344
0.88982224,0.96453899
0.87161911,0.94567049
0.49640796,0.58518744
0.70561588,0.85896105
0.89194036,0.92436975
0.70885909,0.76619637
0.53556979,0.37865728
0.51770109,0.53696579
0.83283460,0.68268484
0.65394002,0.54181010
0.81539434,0.86332214
0.45139331,0.63521641
0.83574086,0.87784016
0.88849717,0.94144881
0.59186965,0.56423545
0.91377962,0.88804388
0.85812891,0.90700543
0.91625333,0.95015210
0.43725646,0.62058789
0.71197277,0.79883087
0.81414634,0.92123985
0.25731176,0.29284340
0.65139818,0.65918279
0.92787027,0.95156682
0.79320848,0.83087158
0.62777460,0.55090457
0.91065621,0.89478815
0.64173365,0.71079355
0.44772482,0.29572579
0.80676061,0.90395570
0.75099510,0.70062238
0.43246076,0.42544800
0.23717612,0.13499986
0.39234990,0.59261674
0.81836456,0.83686870
0.79485101,0.71431649
0.78564948,0.80535322
0.46935225,0.44080490
0.66758358,0.68046820
0.88270462,0.88211900
0.87910140,0.92337251
0.80483419,0.90806741
0.45894238,0.42550504
0.86257958,0.81607956
0.77411509,0.75267017
0.54770690,0.54109889
0.59062606,0.64185476
0.64781058,0.78316742
0.88782597,0.83877629
0.77893496,0.80120999
0.87368375,0.89555258
0.90262318,0.88730419
0.71762127,0.89329320
0.88936186,0.86925638
0.86091661,0.90426528
0.46592399,0.32794622
0.59557348,0.72307694
0.76701152,0.78880227
0.72629923,0.69225228
0.68090540,0.49802372
0.90984666,0.94826311
0.71857160,0.65071899
0.78464133,0.69458610
0.89970028,0.91751724
0.63658947,0.60509634
0.68218088,0.72117525
0.58562541,0.51230520
0.88002276,0.83057493
0.83266884,0.62790275
0.67722940,0.72464728
0.72962493,0.60357124
0.81343842,0.57811230
0.65252846,0.76451755
0.71093524,0.65460360
0.89531946,0.91930300
0.81230623,0.41803375
0.86484802,0.91481394
0.44046792,0.57398993
0.31610596,0.30924433
0.73347402,0.72230905
0.53733915,0.49731249
0.81186897,0.73707688
0.89029992,0.87325001
0.83474505,0.81795913
0.79934573,0.80513459
0.89957702,0.90945530
0.48885190,0.66351891
0.88971090,0.83636242
0.84916359,0.81954020
0.91275525,0.93428570
0.76081401,0.72480237
0.93420768,0.95489550
0.89964235,0.97859430
0.62359709,0.76543307
0.88063478,0.88159877
0.63556957,0.66364735
0.80939937,0.66201407
0.84075671,0.81898528
0.92942780,0.90554053
0.88174736,0.90113240
0.39620760,0.20370160
0.46616793,0.31864753
0.32906362,0.22531345
0.50800049,0.56835264
0.81131780,0.89218456
0.87488270,0.91149521
0.61768198,0.43312377
0.76493680,0.41225928
0.85253811,0.85576922
0.90124404,0.72041112
0.76702493,0.84452683
0.84620643,0.82641959
0.83492076,0.87013572
0.72867930,0.40221089
0.89344257,0.93004912
0.86333495,0.94750637
0.60665214,0.42811745
0.93244129,0.95471442
0.85389078,0.91122085
0.39684138,0.51083529
0.51823926,0.27325070
0.70649421,0.48874459
0.44777834,0.53219175
0.87440300,0.91258496
0.40326414,0.51421547
0.35361302,0.16824375
0.90188026,0.95793831
0.89557946,0.87224317
0.50825214,0.35857671
0.84627604,0.88580358
0.57883865,0.65312827
0.42086244,0.45671040
0.79891193,0.84324133
0.91348135,0.91488916
0.42321482,0.43936557
0.92639709,0.96191794
0.41688809,0.36642864
0.90925401,0.90795249
0.87645388,0.92329091
0.84561098,0.82083333
0.93461001,0.94758064
0.43137413,0.37408519
0.88349593,0.87000698
0.85858059,0.88083166
0.89759219,0.88705063
0.71320635,0.59842324
0.71493983,0.60643572
0.82651663,0.83627653
0.40256533,0.39646974
0.93346679,0.90601200
0.45575923,0.48900181
0.88394094,0.87262613
0.71359479,0.70908070
0.82781833,0.75484210
0.73288608,0.77926588
0.67980289,0.75887817
0.45328733,0.24975027
0.47997695,0.61219209
0.89090288,0.95826328
0.93073344,0.96291733
0.52109730,0.49350649
0.85606122,0.75180954
0.51173717,0.55396414
0.90054166,0.92468077
0.84452885,0.89616227
0.90627658,0.87778515
0.57263601,0.94268423
0.44653741,0.69172472
0.91552085,0.92317021
0.75754005,0.62751853
0.86435986,0.68234134
0.69541109,0.72234392
0.42214030,0.52153915
0.52500850,0.48065290
0.87991452,0.90427721
0.90413201,0.92455280
0.85847330,0.86911076
0.68427134,0.60090137
0.71700513,0.78461540
0.91296554,0.94017917
0.88870823,0.89266616
0.88133091,0.92072195
0.86521608,0.86983883
0.53932732,0.66580093
0.87332457,0.77782387
0.82495737,0.91726822
0.91210830,0.89858943
0.51548392,0.89878005
0.68880463,0.56363636
0.81764972,0.79968596
0.71455610,0.68719727
0.89672643,0.85790408
0.86614120,0.90293932
0.88624501,0.95863920
0.38790479,0.36549816
0.88933742,0.90652174
0.86261833,0.81130463
0.88128346,0.69390404
0.87307203,0.86177069
0.82424843,0.66614151
0.22888625,0.10867411
0.82486421,0.83432090
0.28835112,0.27899492
0.92752665,0.93369395
0.75845146,0.76367360
0.49690861,0.52248341
0.73839480,0.70664138
0.43028456,0.47202370
0.77339280,0.72612965
0.92594349,0.89943314
0.41839075,0.55499828
0.88132811,0.89636755
0.81434691,0.75809509
0.73760062,0.63974792
0.83079088,0.78104293
0.84711277,0.88610148
0.91180301,0.93431371
0.85357875,0.83934772
0.78691822,0.71283698
0.89505053,0.89842480
0.71195364,0.54730159
0.61935973,0.43214285
0.47666124,0.35497200
0.55009079,0.52035463
0.27741405,0.16419658
0.29159206,0.40966952
0.77290332,0.61902410
0.51286596,0.72706509
0.89764535,0.90523183
0.72129440,0.81309521
0.71236283,0.62879652
0.77887392,0.82935148
0.57548803,0.72596747
0.87426704,0.78171802
0.76862574,0.76299530
0.86401659,0.91868389
0.25200486,0.25794923
0.87562525,0.94805503
0.68639910,0.54948288
0.91832244,0.96323186
0.72351038,0.70808846
0.78254050,0.74844444
0.87182730,0.82007611
0.86962503,0.84158826
0.86016542,0.90366298
0.78969347,0.79571223
0.85281217,0.80758429
0.70497680,0.79464287
0.28954774,0.39908019
0.74229777,0.73734641
0.39001644,0.07455605
0.32428730,0.17020099
0.89206529,0.93589354
0.46705365,0.63321871
0.85630500,0.80233514
0.63449955,0.67605603
0.92210180,0.91330028
0.76247263,0.71992844
0.91749263,0.91117382
0.51308388,0.47939801
0.85539830,0.85910517
0.58779329,0.56120360
0.61198997,0.99609375
0.81601816,0.82705593
0.31774789,0.31308284
0.86279553,0.71998125
0.61600149,0.61743915
0.84281433,0.79744208
0.82717210,0.80658859
0.79487789,0.86582166
0.87517464,0.94588816
0.73157358,0.67820317
0.89241207,0.86383486
0.75036591,0.55416667
0.69004893,0.64915603
0.71555495,0.77142859
0.70215273,0.55404264
0.65460438,0.72441417
0.83781719,0.84533483
0.73539132,0.71924734
0.82842124,0.87103897
0.81837583,0.86925709
0.87754720,0.89299560
0.85152394,0.85965991
0.92223978,0.96687371
0.88211417,0.87602341
0.78682625,0.78267020
0.78920096,0.90069497
0.90540242,0.88417375
0.68260211,0.69139767
0.81843472,0.81770831
0.73913348,0.67526495
0.45131582,0.52850091
0.86394960,0.81791282
0.72018301,0.61894262
0.88583142,0.91690284
0.52453649,0.49491447
0.70278227,0.82243747
0.75147426,0.62001604
0.81129086,0.76807755
0.62254113,0.42000598
0.58786815,0.63359320
0.86365569,0.92971718
0.80652255,0.57530427
0.86385942,0.80952382
0.81820470,0.92160279
0.91158342,0.84482759
0.84782523,0.84970713
0.43543237,0.28383347
0.89391184,0.88441843
0.50746965,0.69579417
0.24117869,0.22469424
0.89221305,0.82103914
0.79243380,0.75675434
0.65255177,0.65243727
0.81910902,0.88136077
0.77730459,0.85177046
0.86947376,0.89009333
0.88904375,0.81751615
0.45289606,0.26774266
0.55509716,0.70526057
0.74288380,0.83430231
0.60861629,0.62772018
0.87764966,0.85244316
0.69962847,0.57725251
0.34215713,0.29824492
0.51252156,0.61118960
0.88570845,0.93584907
0.88556200,0.93856561
0.36707067,0.36630476
0.66491395,0.58595842
0.36972588,0.38987574
0.85149282,0.87111205
0.80725384,0.83429378
0.90665847,0.41153699
0.88540727,0.95909977
0.89531976,0.92901236
0.63531560,0.61069566
0.90236956,0.89789295
0.51270568,0.74303269
0.88819289,0.85485041
0.91682518,0.88345087
0.27805233,0.27619258
0.88582063,0.95724529
0.90831465,0.83617675
0.48292759,0.49744982
0.91459179,0.94597828
0.84945917,0.87699610
0.88673574,0.94724703
0.80098289,0.90196633
0.88984156,0.92557651
0.65197361,0.73717207
0.59922659,0.69321382
0.92138398,0.94005603
0.87615973,0.88258708
0.89546382,0.90425348
0.90530741,0.88550907
0.56257290,0.45869714
0.85078353,0.88097888
0.26571679,0.25123823
0.92141867,0.92153847
0.85542142,0.94516450
0.84205854,0.57412654
0.91164231,0.87704951
0.89594060,0.96241832
0.87890792,0.82477778
0.38371152,0.29932868
0.79570502,0.69225293
0.36329558,0.97664815
0.91494334,0.90223086
0.52489287,0.60148513
0.76209593,0.79319382
0.85735488,0.78682846
0.85217142,0.89248890
0.76010692,0.35644263
0.77524185,0.80514705
0.88143772,0.84663057
0.52040088,0.65003949
0.83587629,0.64214063
0.74106026,0.59708977
0.38489830,0.20019954
0.89743382,0.88225627
0.28401658,0.15344574
0.87980992,0.92121214
0.85270113,0.67571312
0.87145793,0.76544768
0.91203433,0.97370946
0.87082797,0.84361732
0.79278928,0.82224995
0.50461406,0.37674493
0.84882379,0.90007275
0.88330555,0.89105046
0.90355355,0.96345901
0.90058571,0.87839490
0.79487777,0.71089637
0.90958321,0.89089328
0.69864845,0.75335133
0.87434202,0.89259034
0.22732699,0.06829837
0.91749442,0.94404960
0.90281337,0.96098900
0.37092406,0.62072366
0.63115382,0.48020723
0.51780617,0.81188536
0.84948444,0.89475161
0.86951745,0.88479143
0.88341701,0.85508496
0.89864707,0.92049551
0.56847203,0.63504386
0.87791753,0.84325689
0.91232979,0.86173087
0.81447017,0.84849393
0.59716362,0.45001563
0.86087149,0.87728935
0.92871982,0.88124722
0.76380920,0.52454460
0.32459682,0.55092359
0.88739914,0.90826315
0.81471348,0.78231227
0.83621472,0.89741707
0.84944105,0.86492676
0.47569078,0.15921940
0.43971556,0.29984215
0.75121224,0.43859890
0.93424326,0.99230766
0.83039266,0.84102565
0.22919562,0.17442191
0.69754297,0.70329672
0.37323785,0.40908498
0.57959199,0.40095246
0.46462891,0.48571542
0.47876215,0.49918452
0.92531157,0.88721877
0.44683990,0.08909262
0.79744571,0.82946324
0.84377337,0.75512242
0.89965028,0.92004907
0.88383710,0.88721830
0.53115523,0.53965944
0.92785299,0.94276226
0.86878234,0.85317880
0.85362285,0.90883893
0.62816572,0.61259478
0.30157474,0.41220814
0.75276721,0.76328313
0.88869852,0.94481438
0.76962721,0.82163745
0.84793848,0.79190278
0.22404087,0.14329004
0.72331822,0.54568022
0.83671534,0.91237390
0.82648170,0.64533132
0.92274827,0.89040375
0.26240093,0.23491916
0.77488422,0.70512819
0.92527688,0.87333721
0.70197117,0.50275481
0.45007583,0.41492388
0.68635410,0.83216679
0.87543041,0.84765434
0.88087702,0.87943816
0.92114884,0.91746032
0.86509937,0.84982634
0.80427444,0.68396997
0.81040800,0.84090906
0.74460381,0.70183557
0.66189790,0.77616769
0.61424077,0.94641560
0.76002777,0.61118776
0.53830934,0.68366092
0.40929455,0.45492229
0.87700266,0.80246884
0.59853244,0.71277618
0.81635916,0.86717635
0.67107773,0.76205230
0.93900263,0.96383440
0.39680901,0.43993151
0.41892010,0.38756835
0.92466176,0.91624326
0.40781051,0.31154683
0.86218119,0.91513997
0.92154360,0.96767455
0.31932193,0.18740541
0.83393264,0.66513056
0.36635613,0.25474322
0.93465388,0.94279474
0.84733725,0.81180859
0.92861748,0.94845963
0.88661617,0.97481686
0.28930855,0.18055958
0.41250116,0.19880952
0.29536903,0.38651857
0.80473411,0.80794996
0.82203710,0.82167602
0.92955720,0.96399838
0.82452464,0.84096026
0.82244384,0.85861164
0.79899108,0.65253198
0.41754049,0.45501372
0.51994848,0.42889556
0.90371525,0.92932373
0.73971391,0.59381235
0.88129860,0.91048646
0.90997815,0.92507005
0.90663183,0.88690591
0.27856275,0.23253667
0.91491032,0.92717087
0.67978138,0.90045935
0.89507812,0.93431395
0.79077297,0.90154886
0.77964711,0.88411397
0.38474876,0.43741089
0.86847138,0.83839709
0.89272833,0.91226202
0.39407277,0.31578946
0.37580109,0.40491804
0.90779406,0.93180543
0.90366089,0.88696444
0.92182541,0.93975824
0.92736256,0.95710742
0.88089329,0.93605047
0.88508075,0.91082805
0.67125964,0.60890597
0.87629151,0.90525424
0.89064860,0.90705884
0.86959302,0.75723577
0.85928929,0.76311040
0.89131075,0.83497620
0.82706368,0.93640012
0.88690633,0.89069539
0.84344232,0.81720781
0.76387393,0.63918066
0.76889688,0.91938615
0.64365447,0.87966478
0.71572685,0.02964612
0.88653970,0.90822428
0.77253884,0.71300256
0.48782173,0.57531393
0.83394802,0.88143426
0.88943231,0.85934305
0.59446692,0.64706433
0.87364668,0.96249998
0.84385443,0.92266011
0.76016366,0.83189654
0.77473831,0.77686781
0.56557423,0.59934556
0.80876523,0.76567739
0.83132368,0.84105265
0.92949927,0.91954386
0.22427616,0.12743473
0.83207011,0.62894773
0.57336980,0.41752899
0.60985786,0.50101358
0.81246567,0.78430188
0.76714134,0.68559217
0.70385456,0.60607475
0.88233560,0.88823915
0.86156929,0.84758389
0.77555740,0.75931394
0.26359296,0.23200859
0.38636804,0.38606334
0.91504967,0.89179516
0.88436717,0.94080716
0.59170228,0.46410990
0.74875516,0.65484893
0.86117196,0.31590417
0.30266631,0.24041301
0.90493262,0.94095367
0.77233309,0.87500000
0.53612900,0.61891466
0.89980948,0.92870259
0.40066504,0.27204525
0.67090106,0.45376888
0.73094249,0.57336152
0.87933969,0.87294120
0.83986032,0.85196078
0.89650226,0.85354626
0.90872371,0.97498119
0.58317250,0.42754343
0.88132226,0.94963878
0.41338128,0.45171499
0.91024697,0.96791446
0.90438950,0.86007518
0.90338010,0.83196211
0.89071321,0.85797906
0.87698257,0.91861320
0.50272942,0.35621205
0.83696318,0.85198003
0.87594712,0.79217917
0.43925548,0.17416899
0.92816275,0.91427881
0.84427333,0.87962961
0.87409270,0.47461370
0.88123643,0.92484587
0.92150438,0.91949022
0.71048599,0.60943729
0.56395882,0.77308971
0.87342036,0.87145025
0.66524470,0.55161566
0.75021791,0.63959783
0.43019149,0.34424084
0.72210181,0.69670886
0.57705921,0.71045119
0.88396895,0.73442084
0.47141808,0.45881557
0.66224480,0.66664827
0.88324976,0.93217814
0.89858758,0.81453234
0.70479512,0.75454545
0.72530735,1.00000000
0.83658046,0.93357509
0.73829395,0.71567297
0.76163733,0.84580421
0.68148619,0.80489445
0.70309925,0.77475005
0.85581976,0.74435073
0.91418839,0.88111013
0.30973354,0.25292870
0.89626443,0.93983138
0.79817885,0.94122696
0.88021249,0.85635376
0.89088225,0.80575335
0.83619750,0.85893720
0.72422767,0.93557674
0.79810578,0.90379173
0.25053352,0.14004968
0.90599144,0.83660132
0.86976212,0.93454885
0.35723642,0.26287934
0.84482569,0.91712707
0.57296169,0.65285587
0.83136320,0.76490575
0.63414776,0.58143669
0.40623575,0.12236842
0.85448015,0.93267488
0.88943577,0.95400006
0.88028991,0.85818166
0.87243682,0.91877991
0.77148128,0.72395557
0.83112317,0.80206394
0.25715184,0.10837964
0.38990742,0.16903889
0.90040040,0.91320348
0.82071894,0.68061656
0.88960660,0.93670887
0.48109967,0.37096778
0.88967937,0.87613404
0.87366343,0.90014768
0.60516852,0.89949495
0.91848683,0.91311008
0.83926624,0.51841706
0.89941430,0.89685607
0.85415447,0.86471170
0.86419803,0.83123648
0.35945657,0.25009397
0.91800702,0.92673993
0.89150119,0.89891565
0.78434575,0.84587008
0.92254436,0.90423000
0.77472234,0.73255002
0.92178977,0.92189580
0.92646062,0.88496912
0.65847027,0.71860522
0.82551932,0.74341798
0.89244854,0.92109185
0.81082058,0.99761903
0.52835798,0.46135831
0.66814363,0.71771282
0.90812403,0.87048554
0.63781011,0.72692442
0.68137360,0.57671326
0.70573753,0.88399357
0.34666291,0.40305534
0.87351847,0.88357663
0.89020294,0.94397849
0.57282740,0.66152561
0.59809661,0.75018382
0.91189718,0.93260264
0.68931907,0.85270655
0.54524410,0.55598551
0.63494349,0.68247974
0.89854264,0.90051502
0.91969311,0.96181631
0.91130733,0.95810419
0.83704972,0.88069820
0.82425427,0.83784002
0.72938251,0.88187933
0.83636248,0.54209012
0.62155032,0.77091575
0.85439306,0.81152558
0.74406207,0.61299437
0.90432119,0.87382627
0.66555971,0.62929517
0.90612739,0.88459653
0.91382706,0.97421932
0.39136964,0.30498749
0.30621433,0.23558581
0.84950811,0.89388430
0.78073788,0.64270473
0.30608198,0.35376799
0.91857809,0.95362890
0.87372833,0.95308578
0.40163499,0.49136579
0.94508767,0.96046054
0.77180433,0.69312167
0.92131424,0.94805765
0.87394738,0.81778711
0.80567485,0.84878772
0.80595326,0.85112309
0.78527051,0.73909897
0.83707666,0.89631337
0.82710308,0.54158878
0.42265010,0.11928131
0.88618791,0.79812777
0.79208040,0.79585254
0.73932302,0.81701428
0.85826927,0.83949620
0.84749818,0.89025772
0.65043151,0.65752423
0.83967894,0.75183153
0.90523303,0.84598374
0.88138413,0.89336401
0.87401050,0.92591268
0.76844537,0.20265526
0.89031231,0.91118538
0.89459890,0.87318838
0.40618402,0.39870444
0.87049460,0.95628518
0.93561667,0.93480587
0.90087491,0.68611109
0.62786436,0.80030638
0.60384130,0.58126551
0.88618612,0.89695305
0.64407486,0.67022020
0.55541497,0.55239910
0.63794148,0.85537314
0.88577127,0.94570857
0.91501224,0.87090105
0.41460183,0.34116378
0.91578352,0.91170633
0.84437764,0.75524253
0.74280339,0.78257108
0.84108025,0.71781015
0.75724316,0.55659592
0.27088952,0.23622312
0.87395507,0.90851682
0.77801150,0.69989014
0.85329241,0.82449800
0.53087676,0.36360854
0.68586922,0.74996972
0.84705585,0.98918617
0.46325442,0.58207434
0.85758162,0.79490948
0.88062370,0.89624220
0.59499007,0.72093529
0.46229169,0.47539854
0.70674229,0.71786344
0.46251646,0.30410188
0.92002654,0.92258757
0.88400632,0.85097408
0.86910808,0.97181028
0.91357428,0.97244811
0.62885576,0.74257195
0.88296711,0.83984154
0.92719531,0.95610476
0.88718569,0.89228970
0.89770764,0.95104462
0.46439004,0.48661110
0.73048460,0.23532061
0.92308974,0.94193619
0.87215716,0.94814813
0.79880977,0.76838869
0.88411880,0.91721088
0.76980031,0.71718627
0.86640286,0.87530082
0.72414076,0.80126286
0.87042862,0.87911576
0.90559798,0.87978101
0.70052373,0.76279688
0.66830313,0.59722221
0.80525452,0.77453446
0.88078886,0.83986402
0.35975403,0.33316183
0.90471411,0.92045456
0.25444654,0.16410257
0.83000833,0.87043571
0.93488491,0.94557279
0.92065245,0.89435160
0.89092743,0.87352216
0.86807472,0.78661382
0.87941515,0.93115294
0.42588267,0.33930302
0.87849915,0.96018147
0.87994033,0.88915795
0.55398351,0.62549937
0.40977326,0.42995441
0.87948990,0.86061025
0.88561678,0.82341480
0.72724181,0.61313039
0.88253129,0.85261708
0.88467979,0.93497360
0.91877818,0.93336874
0.90007699,0.92636108
0.84916127,0.70151520
0.40861449,0.43657759
0.86285388,0.89725381
0.83933598,0.89741272
0.85145533,0.92162603
0.92115688,0.96660280
0.88617170,0.87866646
0.84455925,0.92998105
0.88898772,0.94204807
0.33407781,0.40268132
0.93401790,0.96721530
0.93544734,0.82956123
0.89755505,0.93272763
0.37171632,0.28030348
0.80079460,0.84774113
0.53042638,0.66428322
0.89167106,0.85773218
0.89305675,0.83218777
0.74741364,0.67524999
0.90698034,0.86763257
0.67802417,0.45857561
0.59949648,0.55131948
0.81950402,0.57006878
0.88581353,0.91356343
0.29336336,0.35344827
0.79037941,0.68637580
0.84240770,0.85277158
0.50813740,0.51030177
0.91696560,0.86988801
0.91074163,0.89293605
0.52761811,0.51675773
0.90571272,0.91071427
0.87923574,0.91369045
0.82199079,0.76848835
0.22546723,0.12009080
0.29359898,0.33951929
0.65229034,0.57617915
0.74851280,0.73087358
0.86868078,0.89735472
0.55990249,0.20103613
0.49281976,0.39131579
0.92502761,0.91408473
0.87690830,0.85691029
0.89748079,0.91631782
0.78273624,0.77734041
0.82086527,0.56578946
0.87570357,0.90342987
0.89553070,0.80230767
0.46934566,0.64375412
0.87714350,0.93873984
0.78880572,0.73178452
0.86625791,0.90988481
0.34406307,0.25153777
0.88285911,0.86816931
0.45420572,0.52582270
0.78935760,0.84114772
0.91949183,0.93597382
0.20021915,0.05177786
0.91543293,0.94183105
0.89172059,0.83697361
0.88185835,0.88469118
0.77526295,0.21718000
0.22460651,0.13375518
0.88235766,0.88863069
0.87466228,0.89505064
0.91395527,0.93717951
0.89149499,0.96428573
0.49382460,0.42815128
0.52969092,0.82392406
0.65957880,0.71136653
0.77049053,0.72151899
0.46867344,0.29105273
0.89409554,0.88285232
0.91524410,0.95917141
0.86556184,0.88766891
0.80888462,0.75831223
0.89867485,0.94079292
0.34440911,0.27233332
0.86923271,0.92894202
0.80645841,0.74482477
0.74856842,0.68835163
0.58237708,0.69626689
0.73699498,0.76337951
0.55505776,0.52755839
0.33019587,0.48439011
0.87089169,0.81957686
0.76808995,0.64755809
0.74672824,0.69263530
0.90432513,0.93752217
0.51288718,0.59006566
0.70175493,0.81194216
0.74265492,0.55855328
0.87084937,0.92853534
0.34954247,0.31734344
0.88912630,0.92831528
0.76282388,0.72871143
0.92739415,0.90732759
0.92015600,0.91167587
0.91334593,0.89145327
0.85562301,0.60457516
0.56845528,0.55800653
0.54111224,0.51890302
0.88585204,0.91044778
0.76917303,0.80315363
0.90150207,0.93414629
0.44894427,0.30079299
0.92212284,0.86599702
0.86398023,0.84880590
0.44497782,0.32693663
0.72632784,0.79857057
0.45279321,0.81092477
0.90434349,0.92455530
0.49496153,0.51497561
0.82803112,0.89615589
0.52153426,0.40874887
0.89848328,0.89347422
0.77226323,0.88959527
0.88915038,0.89362514
0.86293167,0.94016254
0.90564358,0.70615774
0.69517088,0.74715853
0.77932364,0.77799922
0.44394785,0.38993159
0.74614823,0.88015294
0.79104453,0.73414218
0.89713806,0.91260988
0.61558181,0.58093786
0.44670448,0.32032537
0.87333781,0.91386050
0.85604811,0.83528072
0.89795291,0.90238804
0.85355210,0.86159825
0.59271175,0.55233061
0.64746702,0.84287149
0.86070764,0.95948678
0.71337748,0.78245258
0.83374697,0.85784400
0.77999961,0.82536179
0.38654807,0.40037879
0.37572247,0.37431037
0.86948860,0.82199389
0.91983438,0.53693014
0.84260553,0.78574461
0.25416043,0.22848853
0.86171967,0.82250047
0.74736261,0.73024690
0.88685197,0.89206827
0.84940577,0.92170960
0.41602504,0.44967532
0.88316619,0.92603070
0.47531807,0.51326311
0.70337665,0.78067976
0.81820732,0.88254195
0.59575707,0.77216905
0.84970337,0.94628650
0.84569538,0.84378111
0.86753798,0.84498900
0.75462663,0.65070677
0.88159621,0.87078249
0.87972832,0.88635421
0.87430805,0.87408596
0.59128726,0.68906432
0.51325732,0.49958915
0.91085273,0.91602910
0.87947965,0.84021819
0.81430548,0.78692722
0.65265357,0.58999157
0.85161728,0.84815788
0.86079705,0.84443849
0.79913574,0.78091633
0.76667249,0.84737122
0.27896890,0.17152122
0.58241522,0.54855615
0.92768568,0.94437683
0.92034662,0.92429012
0.74273145,0.55621076
0.78113985,0.81466025
0.89092892,0.80726790
0.81414205,0.78682929
0.90951186,0.94617754
0.89972985,0.88148147
0.64719808,0.67054486
0.76916641,0.85064381
0.85713220,0.92771083
0.81172198,0.75047678
0.93938327,0.95686454
0.88723123,0.87358367
0.24692807,0.23834726
0.65360975,0.77629673
0.79612696,0.89035308
0.85690373,0.97187579
0.92093766,0.90651137
0.78846288,0.90096408
0.48027137,0.53995329
0.90738583,0.98958331
0.80914021,0.76987988
0.91543722,0.91929823
0.59714162,0.66241825
0.71127951,0.64942288
0.89069313,0.89044762
0.57026881,0.67610937
0.69069791,0.72676283
0.86156917,0.76720375
0.80945820,0.83216292
0.90102851,0.90534341
0.87985075,0.96796197
0.86681986,0.87003565
0.66397732,0.63031000
0.92184222,0.92950636
0.86767793,0.88743019
0.91373640,0.87090665
0.85415560,0.70694989
0.90218115,0.97563297
0.87183875,0.79623288
0.85321414,0.88405353
0.60042965,0.49265650
0.92758894,0.99444443
0.84116745,0.79036933
0.76147252,0.70986301
0.92850995,0.92288488
0.46933609,0.30756614
0.58902258,0.68696600
0.81725109,0.86625421
0.42357326,0.35050800
0.51509017,0.46106213
0.69362682,0.44303864
0.89707422,0.87660164
0.82477307,0.83545738
0.89242250,0.85069126
0.86158556,0.81162632
0.37003791,0.57950193
0.63967299,0.73750222
0.91301203,0.95530301
0.92977875,0.95363468
0.33184242,0.32808661
0.46833941,0.55121565
0.90433967,0.92689967
0.86146593,0.90217435
0.88941944,0.88427126
0.64265269,0.65315610
0.90774792,0.87675571
0.81426066,0.66503936
0.20059878,0.11494103
0.68549061,0.67119473
0.81578803,0.79233122
0.63844013,0.66094005
0.87689972,0.93963963
0.68503278,0.69750714
0.84521925,0.85764241
0.49510077,0.52840298
0.44403291,0.73471564
0.86513722,0.89596272
0.53089488,0.35766375
0.66772288,0.63896549
0.52655041,0.40296757
0.88955879,0.88704634
0.49652132,0.45070335
0.76896274,0.83443046
0.64540130,0.47934622
0.75418252,0.67756408
0.90839684,0.93684494
0.68399310,0.56713766
0.83729273,0.90593648
0.63132071,0.70142967
0.41769242,0.50965667
0.74573725,0.88671875
0.66284931,0.52885211
0.91572452,0.83463115
0.66532207,0.34641609
0.91504329,0.82876712
0.88336945,0.91406453
0.38166261,0.30129331
0.35942236,0.63616073
0.41105938,0.04845155
0.81600535,0.88600469
0.69170880,0.61904764
0.66230357,0.45204136
0.77567124,0.81475151
0.62024570,0.90451390
0.26894906,0.22177146
0.30824783,0.29945654
0.84424430,0.68983757
0.90502888,0.91415662
0.87535417,0.87006044
0.72784853,0.80337584
0.92996597,0.96874243
0.90709227,0.88009894
0.80155361,0.85188872
0.93824691,0.93316805
0.91385633,0.90077287
0.78336632,0.80911100
0.28722790,0.11408894
0.88480127,0.85279375
0.88299239,0.93032849
0.87629378,0.91492677
0.83919561,0.90733528
0.78388727,0.81771487
0.84249687,0.91498768
0.90421122,0.95652425
0.93440735,0.90646917
0.47650900,0.64652777
0.66729856,0.58315706
0.92854583,0.85891318
0.78930646,0.69257730
0.90475804,0.94185799
0.83336574,0.88832200
0.80215037,0.85598040
0.81795907,0.78168249
0.85160255,0.90263158
0.83351237,0.83303654
0.88774490,0.91967493
0.77152824,0.71624804
0.90204602,0.80990237
0.88912916,0.90912700
0.84194815,0.80256462
0.66712767,0.59552443
0.35163212,0.23681186
0.44192532,0.50253379
0.64622736,0.54191619
0.33098859,0.18189681
0.54550415,0.42438155
0.78095323,0.72044647
0.78224945,0.91439730
0.90350717,0.91684574
0.88654149,0.92506206
0.37543577,0.24160588
0.41899100,0.27595365
0.89447898,0.85697168
0.63792646,0.66573411
0.75326943,0.89220566
0.73863041,0.47112080
0.65761817,0.48271435
0.84016240,0.77254188
0.86561942,0.96651059
0.83808589,0.72334933
0.92849892,0.64689296
0.34613031,0.72345650
0.25196463,0.18042041
0.80775011,0.60098600
0.59154630,0.49399674
0.80730462,0.71402138
0.92093557,0.94178361
0.57356298,0.29500368
0.88725245,0.90296113
0.30960092,0.05136472
0.89944154,0.94964486
0.40715343,0.47654912
0.67793649,0.55289757
0.87769258,0.81119543
0.83128166,0.90784472
0.92634559,0.89685374
0.73805082,0.67636144
0.80003762,0.40288460
0.50094789,0.42986614
0.93310893,0.98393756
0.74134749,0.61065215
0.70920742,0.65012896
0.88666570,0.95646000
0.48343340,0.50420672
0.92271549,0.87978321
0.93227798,0.92094803
0.75680900,0.66511738
0.53918290,0.60660034
0.47530031,0.44250327
0.90005207,0.89464885
0.93438596,0.92523944
0.90698659,0.94815439
0.72908723,0.88486564
0.83409172,0.83461541
0.85480297,0.87142307
0.75087345,0.83375567
0.50945449,0.56789601
0.75235963,0.84102881
0.89644235,0.85782647
0.80905396,0.67394406
0.91087675,0.95129144
0.77572280,0.59579164
0.91294247,0.87803340
0.87698841,0.86035794
0.64769310,0.66070873
0.72468793,0.82681078
0.73081225,0.67062145
0.66305077,0.58097559
0.37246341,0.39346027
0.31628233,0.34014612
0.30920282,0.21975319
0.73307502,0.59207392
0.79458570,0.87201297
0.75906497,0.78771836
0.65086412,0.70762616
0.58487564,0.67272651
0.89126801,0.87387979
0.87274951,0.96345621
0.41661108,0.42077038
0.44183761,0.15829608
0.91780639,0.91199678
0.89510763,0.95495719
0.28629422,0.35403588
0.71960664,0.66532016
0.86955988,0.92055923
0.75163454,0.91490322
0.92749816,0.97001278
0.88468713,0.88018858
0.86914986,0.93117476
0.93468398,0.95382863
0.84421736,0.86244410
0.66213942,0.73442101
0.93081146,0.91228068
0.72080684,0.93927830
0.62349492,0.46267676
0.81324470,0.70179617
0.89882100,0.91501409
0.92216611,0.91996789
0.60273981,0.54710144
0.43152237,0.31135127
0.89211982,0.93886197
0.89922643,0.90465760
0.91820312,0.94040430
0.50715566,0.66389376
0.82787436,0.82772726
0.92334604,0.91983473
0.47080123,0.39805523
0.86119783,0.87549829
0.65641868,0.66744733
0.84832036,0.79849559
0.81745577,0.85115749
0.82287288,0.81344086
0.89806038,0.87896824
0.84348553,0.66121429
0.73715734,0.55836362
0.72244072,0.51431823
0.92963469,0.87147808
0.93166322,0.91590399
0.89787942,0.90799302
0.91754371,0.85250485
0.88830781,0.96512985
0.89838052,0.95205468
0.88514459,0.91211528
0.54551083,0.65570402
0.76642591,0.75059289
0.87307322,0.72716153
0.69273615,0.57137841
0.80205262,0.76650643
0.91889024,0.91661173
0.75146145,0.76482922
0.81444383,0.74185425
0.43725246,0.31294981
0.93132091,0.96527582
0.87613100,0.85145080
0.89776534,0.80889010
0.70277679,0.76749974
0.51044703,0.41971815
0.89964592,0.84762043
0.77535570,0.87377679
0.24458727,0.40974379
0.60036767,0.66561794
0.84352916,0.82890910
0.81753492,0.86212122
0.77109641,0.68294156
0.29394081,0.31551424
0.76675212,0.72432435
0.85764390,0.87636930
0.84067601,0.89229268
0.44446245,0.70499414
0.91512650,0.94096440
0.80909824,0.69155443
0.45215422,0.42263299
0.83259487,0.78516775
0.75887847,0.73881149
0.61267352,0.26188931
0.84407759,0.92157781
0.62570071,0.71014494
0.58777559,0.63020581
0.36077717,0.46329337
0.48466772,0.48507112
0.80260569,0.77320921
0.42980224,0.51368695
0.92656028,0.95154363
0.76846331,0.82196611
0.37831146,0.31492946
0.86979508,0.86184406
0.89787376,0.91306508
0.78972471,0.81522924
0.35061306,0.29763985
0.89531946,0.91791171
0.88896620,0.84123367
0.86694527,0.86639059
0.68909860,0.70728254
0.40285957,0.50532764
0.78320360,0.75413793
0.76215893,0.79802209
0.43729392,0.06908450
0.47057009,0.46709225
0.66753256,0.48625547
0.79547679,0.91732252
0.89025152,0.91885495
0.65503407,0.35408440
0.85605305,0.91003817
0.75177401,0.76037735
0.74718821,0.57758534
0.92745149,0.90748078
0.92545569,0.92078489
0.74714249,0.43711427
0.91188490,0.89867485
0.48576352,0.58305603
0.73516601,0.66135561
0.53324127,0.60321182
0.76624060,0.78839141
0.86059743,0.87336266
0.90458298,0.91758722
0.90601146,0.82968795
0.91243583,0.94885772
0.75683522,0.74861449
0.92004120,0.87827450
0.70963252,0.85758328
0.79592788,0.82503259
0.82937026,0.79437703
0.77019453,0.77544993
0.81544751,0.96475953
0.91949189,0.88080531
0.92733276,0.93811256
0.50860047,0.53290743
0.90522486,0.88905644
0.77655780,0.82162529
0.89948112,0.82956201
0.56245708,0.54464805
0.69828570,0.85636365
0.91199237,0.93567741
0.56593496,0.62207139
0.74674195,0.75282866
0.84257573,0.83056438
0.57242948,0.60219049
0.66813654,0.59485096
0.66712505,0.92739350
0.28517109,0.36347941
0.91527116,0.93956929
0.76067001,0.58518565
0.44015491,0.31247404
0.87874150,0.84383649
0.66047055,0.60194921
0.75666803,0.90385151
0.92047983,0.91632074
0.82226020,0.79541570
0.86151421,0.92923933
0.80257010,0.87799019
0.89432442,0.91084057
0.47390035,0.60825026
0.72769040,0.80930573
0.44193199,0.44092557
0.91283381,0.93097347
0.89696574,0.94509882
0.84152359,0.82213134
0.77589643,0.79500026
0.85308897,0.73055553
0.54516405,0.65812683
0.84214377,0.89912975
0.68921077,0.60179102
0.73083258,0.67281604
0.67148489,0.68463725
0.82976383,0.98814118
0.35236070,0.46337771
0.65518814,0.68644661
0.85083091,0.84266508
0.83102274,0.79233730
0.73750001,0.84904999
0.45849404,0.62392473
0.90325308,0.87537408
0.88466913,0.86046410
0.85865605,0.92244172
0.71311349,0.12338441
0.86355305,0.92666966
0.92559284,0.89816177
0.87329334,0.92510438
0.83185410,0.78233039
0.79103059,0.88588852
0.71342629,0.63951617
0.90739894,0.89922249
0.48959541,0.43105555
0.56425071,0.26039925
0.60126519,0.57132524
0.29421893,0.52865130
0.35652971,0.34113720
0.90137947,0.85555959
0.64206982,0.68694735
0.85921115,0.94155842
0.56272680,0.67960298
0.92115736,0.98026317
0.65072542,0.71152312
0.54330862,0.11945333
0.91231841,0.91170597
0.90913105,0.94761902
0.89689147,0.87409574
0.56505954,0.63698959
0.87900078,0.91972297
0.69703257,0.60412472
0.24177063,0.17510287
0.54185301,0.65124583
0.93478024,0.94237727
0.86219531,0.81131107
0.88169080,0.85678673
0.87049317,0.89682353
0.80819941,0.68675578
0.73659706,0.69969225
0.87112534,0.89197922
0.92291445,0.93751657
0.46619442,0.52735651
0.78492492,0.67539680
0.81611776,0.81089741
0.92416978,0.93118787
0.35897267,0.23821059
0.75019968,0.88850033
0.38529414,0.29759315
0.88813078,0.98387098
0.86530262,0.68531996
0.92866635,0.90717655
0.73826784,0.63645130
0.86123937,0.63410997
0.67523474,0.56390709
0.44675589,0.38640112
0.52771020,0.59971195
0.71056151,0.81190509
0.62570441,0.77822804
0.91678762,0.94847524
0.65582418,0.50519210
0.89923167,0.93418801
0.92289650,0.94858783
0.84695315,0.86462289
0.89943171,0.93756014
0.84438467,0.81495655
0.56241757,0.48136434
0.52931762,0.37597519
0.68517995,0.70359051
0.69850397,0.62592953
0.57217366,0.51125449
0.42946112,0.54233509
0.89264333,0.87815273
0.37434053,0.49069935
0.75048172,0.90702724
0.93067843,0.93976974
0.89071023,0.93013632
0.84797084,0.91496599
0.47368351,0.46256721
0.77509302,0.81667751
0.65634632,0.61455625
0.86343062,0.86431748
0.87841183,0.92088908
0.94313216,0.95627242
0.36068815,0.35047990
0.45145974,0.27582550
0.90519369,0.89698404
0.50731695,0.49309525
0.49733919,0.59674865
0.70993549,0.90041858
0.88172793,0.84657222
0.72714406,0.74964249
0.76842058,0.84259510
0.92458105,0.92773968
0.87109816,0.86005497
0.52826875,0.43663746
0.50865406,0.65562260
0.85223097,0.77084839
0.86074984,0.88929200
0.83295113,0.56137246
0.86795920,0.95222330
0.85758501,0.93880033
0.80092806,0.61130273
0.59983647,0.66463548
0.69875640,0.57126212
0.73424447,0.81140125
0.86248046,0.87110692
0.52884537,0.51611155
0.70598114,0.82379520
0.87846231,0.92742449
0.83868223,0.86062193
0.91683167,0.87861025
0.70583451,0.76460183
0.67341793,0.62398291
0.86119294,0.88543117
0.80665934,0.65755576
0.75366688,0.71240228
0.87286085,0.88966560
0.70745915,0.61563998
0.35334510,0.27041593
0.83134592,0.82627690
0.60420203,0.36762342
0.75701720,0.70276552
0.81110716,0.76733917
0.57007277,0.50571364
0.90345228,0.89392662
0.69396985,0.70371163
0.90143895,0.92180008
0.88889754,0.95222223
0.92958444,0.97394812
0.79552603,0.87787205
0.39880094,0.26346931
0.75197369,0.60044956
0.86225486,0.88773692
0.92711776,0.94300526
0.77293456,0.65546620
0.83000475,0.88994503
0.91438508,0.94645202
0.83225381,0.85202897
0.80163348,0.84666324
0.92834699,0.92938083
0.68700916,0.65601927
0.70292222,0.79284823
0.84476423,0.86666667
0.46475530,0.49213353
0.92128378,0.90919971
0.34362131,0.37278584
0.63989943,0.61247760
0.91788930,0.98069954
0.89463776,0.89074618
0.84616458,0.92161173
0.72443628,0.78991175
0.49382532,0.50117564
0.92048448,0.92743641
0.90251863,0.93714100
0.69232285,0.62839681
0.85501105,0.86453646
0.70239270,0.51834238
0.55455303,0.51592159
0.91608018,0.91337049
0.74736935,0.84103644
0.29456517,0.26368701
0.92730987,0.94897270
0.86792481,0.86834514
0.86101317,0.83479828
0.40890265,0.32072389
0.91269994,0.91436714
0.86172241,0.92822248
0.88914907,0.66482651
0.79347777,0.87753588
0.92433375,0.95978361
0.87127656,0.88037038
0.74336344,0.82229638
0.85839361,0.81553066
0.84611690,0.90870708
0.28389883,0.22173683
0.77568358,0.81991667
0.86404771,0.88727701
0.88459933,0.97264469
0.88408977,0.88453460
0.42540598,0.39998743
0.73595285,0.72426903
0.38983431,0.37020344
0.52504623,0.62159497
0.87169451,0.80033547
0.86844862,0.87703180
0.85677409,0.72613961
0.93440694,0.91932911
0.82723302,0.80875707
0.88522136,0.96621388
0.77263516,0.73590565
0.55038095,0.53175282
0.85857594,0.95569479
0.62709010,0.85787910
0.90942460,0.91462767
0.85677695,0.84964156
0.89004153,0.92041367
0.50802392,0.43037850
0.70549703,0.65663856
0.31428039,0.34939492
0.89736229,0.91933256
0.68562913,0.79794973
0.88953328,0.24443860
0.27117687,0.19908604
0.85783517,0.92154646
0.76317799,0.79469872
0.65574419,0.67562401
0.82071006,0.79151249
0.76605248,0.66866726
0.84918243,0.84853733
0.57756799,0.66561460
0.73793542,0.81181318
0.23332450,0.16883211
0.72239673,0.69151980
0.92830861,0.94042695
0.66570610,0.57627106
0.47144926,0.52826089
0.91824496,0.93764573
0.88277864,0.87558526
0.35751364,0.41945186
0.44008303,0.40059206
0.92586678,0.93563622
0.83708441,0.81188291
0.30210999,0.14387700
0.52129126,0.67460316
0.79742849,0.75912517
0.74764031,0.69298339
0.90714669,0.92375308
0.87695503,0.94433659
0.64643651,0.33902389
0.91150457,0.88370687
0.54465199,0.60963219
0.80275530,0.91833335
0.51837510,0.58405799
0.70689845,0.75930297
0.90375757,0.87258023
0.92345870,0.93895632
0.49769518,0.43178505
0.47757629,0.38442686
0.51744848,0.56603146
0.66900754,0.71205699
0.42422590,0.32590580
0.91938835,0.88000000
0.29039282,0.09435582
0.93356156,0.93921590
0.87964284,0.94690579
0.86795503,0.86420643
0.81941497,0.86055839
0.87044382,0.82858294
0.89758766,0.91889256
0.89871681,0.79470009
0.47511482,0.47681984
0.90277040,0.91692543
0.82642597,0.76311851
0.58939058,0.53652096
0.55915225,0.43902439
0.91855925,0.92598152
0.28406948,0.14750355
0.28747290,0.12500930
0.87464118,0.94349796
0.83686674,0.90295762
0.91987932,0.93720138
0.88971317,0.90058959
0.22825378,0.21902834
0.39655232,0.37369376
0.55356997,0.24889717
0.89764780,0.96393663
0.75744122,0.78216499
0.82708961,0.79706925
0.27468845,0.23380351
0.79249412,0.80832392
0.80959201,0.81209868
0.74742901,0.72360629
0.88109255,0.93560302
0.39693737,0.42252624
0.80316365,0.76539201
0.88569456,0.97972971
0.90603888,0.96800590
0.81818485,0.77814007
0.78209400,0.67242688
0.74270588,0.55221295
0.80110997,0.48824480
0.19100556,0.07052541
0.84142351,0.89690268
0.92010564,0.92507643
0.47951916,0.54578048
0.92663139,0.91136366
0.89046299,0.91526860
0.79393995,0.88864428
0.35586119,0.31234205
0.73873711,0.68848288
0.91456950,0.90304595
0.48432031,0.56129384
0.91219223,0.84524548
0.45007575,0.30743930
0.39807585,0.52422714
0.84363300,0.71524698
0.67635345,0.64460522
0.81876981,0.90030444
0.93239653,0.94745803
0.91312504,0.88062829
0.88214618,0.92783791
0.89901322,0.92027003
0.21887916,0.17943431
0.72260880,0.95145631
0.91128987,0.93441278
0.68506318,0.68503690
0.91964626,0.87123710
0.84100175,0.88809526
0.76650053,0.69953054
0.69428533,0.81813127
0.38723296,0.37159628
0.45015115,0.29625952
0.42716545,0.28532243
0.86133939,0.85054159
0.79187101,0.92562938
0.84718496,0.87106997
0.89794409,0.84478593
0.58438361,0.73150969
0.85505652,0.92903388
0.81288201,0.76272196
0.19717306,0.08568238
0.61085343,0.76789194
0.59592712,0.81197923
0.58966684,0.48532185
0.84074676,0.79078865
0.74614781,0.65116352
0.88947594,0.96470785
0.60808808,0.55118233
0.66099453,0.78396225
0.87481833,0.77738202
0.75718701,0.86583269
0.87116623,0.84166664
0.79183191,0.70324481
0.92937213,0.94711012
0.64830852,0.85160482
0.89360523,0.93683344
0.76826346,0.58848786
0.86636466,0.88028342
0.91911238,0.84917581
0.62789607,0.70565295
0.53973162,0.41524440
0.39238590,0.54964250
0.69602436,0.69148803
0.83288783,0.95602828
0.86934304,0.83180285
0.79982638,0.79387879
0.29292151,0.47865498
0.75116289,0.90606135
0.90349209,0.95982093
0.88055444,0.81467670
0.86689109,0.78690267
0.40100178,0.17064413
0.73364508,0.84632868
0.91194409,0.93790323
0.86592919,0.85245901
0.72478622,0.47078872
0.91673148,0.84759617
0.51189977,0.76904571
0.62501806,0.67385155
0.75709087,0.73476619
0.79878402,0.88548368
0.71842015,0.70113432
0.85460877,0.84885603
0.90216887,0.90338469
0.87962312,0.82758075
0.53270924,0.52502859
0.77010036,0.65216792
0.75790417,0.62694097
0.87864465,0.83595008
0.88433719,0.93602693
0.90223706,0.83276290
0.89516187,0.85947710
0.78303093,0.79183537
0.88775408,0.95738298
0.38814199,0.66735572
0.55100971,0.64438772
0.72434670,0.56597847
0.81986398,0.64929682
0.47482398,0.61122042
0.69147795,0.66178775
0.79258931,0.65776700
0.88916349,0.89681071
0.79481024,0.76346344
0.76945889,0.95932311
0.91713393,0.92198241
0.41453174,0.48826945
0.23026490,0.10680799
0.69551450,0.68948412
0.29161167,0.29136214
0.87608260,0.97972971
0.84434092,0.80772376
0.80876422,0.76360542
0.88376671,0.84191996
0.82089984,0.77688491
0.78958529,0.78312802
0.89621317,0.84217387
0.88891608,0.90997022
0.91894597,0.90726715
0.90966058,0.93198651
0.88918173,0.81842673
0.83650416,0.79706222
0.80837440,0.80172646
0.35755646,0.31707820
0.89919072,0.95548791
0.82785368,0.86841512
0.83339405,0.84227818
0.87977892,0.84136605
0.89072925,0.84452415
0.89649224,0.83379704
0.68269527,0.80149972
0.47208908,0.48747450
0.91582769,0.98148149
0.83288491,0.87855417
0.75459504,0.64632630
0.25550291,0.13333993
0.57242101,0.59449309
0.72885650,0.80787051
0.53560573,0.39782366
0.83156991,0.89029396
0.80674946,0.83938628
0.39828724,0.47833067
0.67399925,0.68499780
0.67267084,0.60607290
0.88720655,0.93123323
0.92244768,0.86792201
0.87207997,0.88176209
0.44842011,0.62249100
0.87445748,0.87446427
0.71647394,0.85988402
0.81446284,0.83945477
0.91808665,0.92678893
0.56426054,0.45893669
0.83324617,0.76620084
0.73889208,0.65751547
0.92350715,0.86638761
0.89745235,0.93196636
0.85839301,0.91527689
0.49076143,0.43201447
0.62270486,0.69329590
0.86591607,0.82569033
0.90904528,0.90167713
0.90262747,0.93781269
0.80975044,0.99166667
0.21315432,0.07119388
0.89845622,0.91083103
0.78974968,0.85227573
0.36419171,0.22015037
0.46573749,0.33580360
0.77946931,0.71583664
0.72873724,0.69845706
0.88085335,0.93265718
0.81111562,0.74616790
0.36069852,0.17975725
0.56423241,0.64841282
0.60398912,0.58648145
0.83122134,0.76639825
0.56666207,0.58259737
0.74016565,0.57789510
0.76447487,0.73101193
0.89268041,0.88887489
0.92485636,0.92653334
0.89081120,0.77204609
0.90146279,0.94158655
0.79223168,0.73460716
0.88913548,0.85845518
0.91707379,0.96074772
0.75396061,0.76332963
0.89792508,0.92130870
0.65714663,0.63106823
0.67677844,0.86904764
0.74030614,0.62137681
0.76569068,0.69717968
0.68709385,0.62352329
0.88967836,0.19285475
0.71668196,0.93114913
0.68344092,0.67452687
0.92128646,0.93856800
0.36562091,0.34905660
0.82945794,0.75569052
0.79068106,0.56770831
0.80364776,0.92663145
0.88865721,0.94022715
0.78223825,0.67264873
0.88781852,0.88423645
0.84285724,0.86261904
0.71436560,0.60852438
0.75446212,0.53065002
0.59413242,0.68030012
0.46517497,0.47194296
0.90737593,0.93220341
0.84552932,0.89097673
0.75954872,0.66884613
0.86240155,0.88850945
0.77612692,0.88932097
0.29249087,0.16695653
0.60561913,0.61830258
0.54997247,0.67327338
0.75191110,0.85753751
0.60218227,0.53779238
0.79163110,0.86649662
0.91958094,0.89299858
0.87548083,0.96202534
0.69202352,0.57181078
0.60174495,0.60144925
0.90791059,0.85056043
0.87800395,0.78023899
0.91902339,0.91588992
0.41007686,0.28081399
0.79644895,0.75372505
0.78538156,0.80725032
0.73834956,0.72609496
0.91916722,0.98553824
0.80616605,0.78690523
0.84802264,0.88962543
0.26084545,0.12251612
0.92057163,0.96561623
0.70971525,0.81306690
0.91623271,0.93226063
0.86933535,0.90780938
0.79638118,0.95410550
0.42538851,0.50064051
0.83454621,0.17005523
0.83795559,0.67373949
0.87290496,0.94060165
0.86652201,0.84559554
0.33168218,0.26626548
0.92356843,0.94038880
0.85751402,0.93379462
0.88044566,0.86828297
0.85373342,0.93649572
0.90483284,0.87033379
0.40035453,0.30239484
0.44105351,0.75320405
0.66504705,0.64618421
0.79218572,0.80412138
0.74500018,0.84704185
0.92735571,0.96123320
0.91291475,0.99000001
0.77510291,0.79330862
0.84956706,0.84130782
0.65076590,0.56824267
0.90191835,0.93353629
0.89963293,0.94065863
0.72178543,0.83396387
0.92508668,0.86737651
0.90485817,0.93076921
0.80623215,0.81203127
0.91309619,0.91948223
0.92090797,0.96731538
0.44183147,0.66242820
0.74348944,0.50470990
0.92699665,0.95643938
0.65245789,0.72128850
0.80980057,0.84586579
0.83775777,0.76629037
0.88038462,0.91518635
0.85418665,0.65751314
0.81593317,0.86267960
0.93170154,0.92284340
0.83405799,0.71982896
0.46996313,0.44666255
0.67600417,0.80244207
0.41476551,0.55172747
0.85318106,0.89200079
0.69775814,0.57812291
0.81115156,0.70387191
0.64128804,0.35829931
0.87424195,0.78926712
0.43375278,0.62279826
0.78519320,0.63501704
0.91498291,0.95910424
0.72937846,0.80791867
0.62805277,0.37608716
0.84650838,0.60309088
0.44615033,0.67371470
0.86498630,0.80536258
0.70841938,0.70601851
0.87744844,0.77915603
0.51153791,0.49406329
0.87723958,0.89151007
0.92007959,0.94268775
0.76232290,0.73738050
0.85754138,0.92052633
0.86468536,0.83014584
0.70990694,0.46121386
0.87718755,0.83173078
0.86251265,0.88455808
0.62990326,0.66780853
0.89524174,0.95223755
0.87974197,0.83463120
0.75354350,0.56047386
0.71021473,0.71757340
0.45723882,0.27852824
0.25308287,0.19048506
0.81155300,0.73409849
0.92483687,0.93607050
0.65880871,0.67824072
0.31349778,0.52498394
0.61186749,0.47280738
0.82289392,0.77034056
0.84478319,0.58825344
0.60741925,0.51538432
0.57169580,0.48177847
0.57858700,0.58467114
0.89120221,0.90775782
0.92861629,0.92439532
0.62845576,0.67871708
0.70497513,0.68213701
0.69188762,0.80082154
0.63322794,0.75862384
0.43657440,0.33779141
0.89039969,0.98343235
0.85520732,0.88749582
0.71760786,0.73438913
0.80962253,0.72330016
0.67096621,0.67253858
0.83727729,0.87918276
0.35490152,0.28183806
0.90714025,0.97442567
0.78761172,0.69661677
0.88161331,0.94012767
0.88565260,0.92631358
0.86660028,0.88204587
0.91694194,0.93467259
0.34664029,0.41041511
0.92658103,0.91388887
0.86273152,0.84910339
0.88640094,0.96799505
0.86956775,0.92860109
0.71437639,0.83098817
0.91544974,0.93587887
0.92349076,0.96623707
0.88399339,0.91050261
0.80631661,0.90038919
0.63494474,0.86312574
0.84560865,0.82508343
0.87159616,0.88796860
0.45413375,0.39896694
0.44194508,0.33061740
0.74296945,0.88319206
0.43198127,0.41717896
0.46480224,0.55536669
0.93912876,0.90886855
0.88099653,0.57984751
0.90547305,0.90169120
0.84425128,0.81267005
0.87542719,0.94749999
0.84128374,0.84824699
0.88615358,0.91906285
0.85798442,0.81047422
0.92495430,0.97802615
0.84237528,0.91478366
0.47276637,0.44305736
0.61480188,0.78115833
0.91415119,0.94915253
0.75910050,0.87132651
0.58817518,0.69052649
0.66997272,0.76175255
0.77470428,0.71315020
0.48462668,0.58285314
0.55235904,0.52807713
0.90846586,0.98107141
0.66655767,0.65546507
0.49086958,0.44111520
0.58906621,0.56628370
0.57049149,0.73233843
0.90710890,0.96042806
0.64634573,0.55050504
0.63641191,0.66516650
0.86094296,0.86129528
0.88153601,0.82908076
0.73181874,0.74611723
0.54476517,0.76525813
0.86810541,0.90927100
0.61895031,0.60400087
0.87290651,0.94416016
0.81030667,0.66264325
0.87215090,0.09637783
0.92732960,0.96862489
0.71065664,0.80731523
0.88515157,0.92791831
0.69042325,0.55941457
0.81236678,0.60825813
0.82668585,0.86800700
0.90170413,0.97567004
0.85003614,0.66535783
0.77171052,0.72670645
0.85682112,0.86571139
0.91270220,0.91038311
0.83982342,0.59109044
0.78159857,0.82247573
0.43276826,0.45888653
0.93572801,0.91079795
0.55723429,0.49548846
0.91163039,0.89794171
0.20161438,0.11910129
0.93417120,0.89069951
0.21429911,0.15725546
0.90838122,0.96538460
0.90090609,0.94564301
0.79861438,0.71695369
0.87685782,0.62296212
0.48047030,0.53124499
0.67575920,0.65715879
0.79568768,0.66834688
0.61847997,0.21868169
0.56457174,0.55416667
0.47307178,0.43706784
0.79942167,0.80063033
0.92227131,0.90268874
0.73266393,0.60752630
0.47280437,0.61615503
0.40829220,0.37033582
0.58196753,0.61427045
0.90091223,0.97887844
0.91827881,0.90608376
0.56353682,0.56728727
0.93645346,0.97202671
0.44645569,0.35575166
0.87513530,0.92224234
0.66687858,0.63843971
0.33736491,0.30286923
0.89013815,0.91054130
0.67270225,0.68342865
0.45838085,0.28797027
0.31690857,0.20291358
0.89908862,0.86948252
0.83477747,0.91682285
0.85821420,0.78800392
0.91543365,0.87119436
0.67625147,0.43287298
0.63895452,0.70836127
0.31717658,0.32228628
0.78502959,0.86419630
0.25866973,0.16025908
0.83849573,0.74384892
0.86624700,0.81542057
0.63199902,0.58880627
0.84679544,0.76590323
0.92318064,0.99206346
0.72374594,0.77681589
0.52522695,0.50917512
0.81934887,0.85952008
0.76497638,0.63465470
0.89770210,0.88424534
0.86043900,0.63328665
0.92713147,0.94574910
0.26286653,0.11811777
0.93049127,0.91740221
0.90436292,0.90386921
0.92498744,0.94970340
0.91739631,0.87843370
0.51062691,0.39732978
0.86715567,0.84708250
0.83250111,0.80015755
0.46045417,0.55821848
0.89478928,0.39024442
0.83773267,0.84693062
0.73135626,0.69758278
0.86475098,0.93098426
0.86034697,0.82907850
0.90205741,0.99166667
0.89665997,0.97223514
0.28034517,0.24435264
0.43898237,0.42901236
0.91080862,0.82156307
0.36396769,0.35357124
0.89417148,0.92150867
0.84138942,0.56147814
0.40503302,0.23245470
0.64133203,0.48848704
0.93460667,0.92389894
0.93924493,0.95277780
0.74537706,0.76972771
0.72876668,0.67172754
0.78167844,0.84837419
0.83349133,0.82475513
0.48577505,0.23030707
0.88299364,0.82152689
0.73488021,0.76228070
0.38663131,0.28620270
0.73371965,0.66100800
0.56856519,0.86522591
0.44669193,0.36501867
0.85777134,0.94780713
0.65521920,0.69999999
0.88793182,0.85361654
0.87947726,0.97650141
0.49320284,0.64468789
0.49434304,0.61029834
0.83689940,0.73559529
0.90550625,0.93532604
0.84774393,0.70510715
0.91245192,0.90939397
0.86638784,0.91705018
0.85044688,0.85875821
0.26191583,0.34002978
0.80961406,0.95213205
0.92402095,0.98165137
0.39316177,0.30604681
0.45409888,0.25812802
0.73863268,0.82496858
0.68075109,0.51854765
0.70968437,0.76430041
0.90714979,0.93725395
0.32805213,0.33801779
0.55619586,0.63362235
0.66152859,0.50731504
0.62020266,0.62807781
0.82500708,0.87558323
0.87679076,0.94364434
0.90459210,0.75039101
0.66162026,0.74451780
0.90546560,0.86319327
0.54913616,0.38241962
0.67871481,0.81843013
0.91508132,0.86405939
0.84571600,0.86405599
0.41489196,0.43701848
0.90152818,0.87335420
0.64448512,0.50978321
0.91396898,0.81202036
0.85752589,0.88600940
0.58037007,0.50539047
0.80001205,0.85573643
0.88329184,0.91987669
0.86362320,0.88797641
0.55012298,0.70683777
0.85629249,0.79020047
0.85276264,0.73596215
0.88397080,0.94090211
0.87729812,0.94067794
0.92853624,0.95086616
0.61732960,0.59285712
0.83837330,0.86079091
0.59400666,0.49104384
0.86114383,0.81961870
0.83632690,0.82330829
0.84440976,0.87552047
0.80427676,0.78884101
0.87368071,0.79976088
0.79106158,0.82835734
0.79464400,0.71350086
0.86683404,0.86343962
0.59389073,0.59022194
0.76648486,0.72376144
0.89075017,0.77212322
0.87254417,0.87821120
0.60453820,0.67949569
0.91260725,0.92183858
0.74547935,0.56200981
0.53474182,0.54360116
0.47612816,0.48100710
0.54489160,0.50808626
0.56200314,0.63141090
0.89712590,0.97427428
0.81803185,0.64895022
0.87157744,0.92226720
0.88035691,0.91636389
0.81521523,0.70371795
0.28267896,0.17081459
0.78173232,0.66695982
0.69260836,0.71938390
0.90090454,0.90761811
0.80509597,0.71532935
0.81285185,0.88697839
0.85990220,0.82639384
0.90995014,0.94949025
0.92406875,0.96667588
0.79268068,0.86410254
0.83066916,0.78773451
0.75647700,0.77489179
0.26824641,0.21120690
0.81302214,0.79312551
0.84352493,0.70562029
0.91783684,0.87896007
0.80150318,0.91606569
0.90587962,0.90378344
0.78081411,0.90067273
0.93013990,0.91130340
0.87676454,0.84284276
0.71512938,0.87324744
0.92285126,0.93165481
0.66691422,0.54390246
0.90192491,0.85810858
0.89085042,0.89733505
0.72250617,0.70793337
0.87489539,0.95843238
0.37141111,0.05111977
0.68363440,0.58055115
0.60951030,0.60134947
0.29327187,0.17964554
0.86646223,0.98333335
0.33286226,0.27774772
0.89533806,0.93567622
0.35283723,0.21625404
0.28273559,0.15141453
0.86085993,0.85147029
0.85043824,0.92382288
0.75786722,0.73685557
0.76064247,0.71868426
0.41737092,0.44562212
0.74541754,0.66638315
0.83325189,0.86071163
0.76045728,0.67451662
0.21343195,0.13947834
0.33859503,0.26940882
0.89062059,0.95736259
0.92264837,0.94181597
0.92004764,0.99242425
0.88646293,0.92092192
0.74757731,0.66526419
0.88263571,0.95984846
0.75996286,0.69779003
0.44652945,0.38681319
0.34559533,0.32338411
0.84004414,0.80857682
0.44497839,0.53040332
0.90331280,0.86771774
0.92932934,0.87664849
0.23437852,0.18619974
0.47167146,0.49730280
0.72537637,0.88230950
0.83227897,0.72491962
0.64383256,0.67751479
0.62426245,0.62500000
0.43832973,0.64033121
0.88280094,0.90594268
0.68158889,0.68416995
0.31135911,0.33631256
0.79049277,0.84237599
0.63621843,0.70284545
0.86038613,0.87696075
0.61513698,0.81707221
0.92056048,0.98026657
0.92082578,0.93594086
0.78253102,0.68148047
0.86305529,0.85499483
0.68829912,0.55622739
0.42043230,0.65000129
0.39151695,0.44748220
0.41602477,0.29259095
0.46072176,0.36457625
0.89101654,0.95988846
0.92323506,0.90913469
0.90848333,0.94531852
0.74019670,0.73246604
0.78775001,0.83462989
0.85125917,0.71052945
0.89808726,0.94230771
0.68157709,0.66252059
0.83476257,0.90287155
0.77754104,0.75985974
0.41186801,0.46171406
0.46698737,0.31956398
0.86598080,0.85933375
0.47773740,0.76866412
0.88427901,0.94714755
0.81759620,0.87915987
0.91750002,0.93169492
0.87214011,0.86261386
0.40943038,0.19632471
0.91135323,0.90105909
0.53330487,0.72031099
0.74847800,0.76688313
0.89296842,0.96012962
0.90599561,0.86866605
0.82204163,0.90585440
0.90945733,0.93271685
0.86858171,0.88478261
0.91870236,0.86176914
0.52896214,0.51347333
0.84981346,0.93015492
0.67590332,0.68921834
0.68414384,0.79513890
0.52339745,0.59012729
0.48672849,0.62888986
0.92121446,0.89901131
0.89100373,0.76649535
0.75165725,0.82911712
0.88070166,0.88514960
0.83405519,0.89969790
0.70266855,0.76841235
0.89734328,0.84677452
0.66812003,0.64934814
0.86275202,0.76868510
0.52759290,0.61119562
0.92662168,0.97107846
0.50399786,0.63371974
0.78515357,0.89817280
0.46601391,0.68898940
0.77812564,0.81780916
0.28596783,0.25656238
0.83706796,0.84428668
0.88256305,0.85637277
0.81694639,0.81129110
0.84322155,0.89091057
0.24155384,0.20130895
0.93328720,0.94965976
0.90159869,0.91128057
0.88367534,0.81745720
0.58713067,0.54087633
0.72052848,0.84246558
0.81331480,0.78334731
0.66528124,0.60525763
0.75542516,0.62561375
0.92936921,0.90607119
0.91353303,0.91905630
0.86167097,0.85009265
0.92317474,0.96336478
0.66575605,0.71349239
0.18275458,0.11315766
0.51000047,0.39373800
0.25842464,0.18446052
0.69278991,0.75481474
0.90812516,0.97979796
0.84278727,0.89345986
0.84109360,0.82663476
0.87113166,0.29397160
0.50803787,0.62876254
0.43466601,0.28677204
0.86670434,0.73443598
0.93219620,0.95912063
0.79076183,0.83815354
0.88292885,0.94038206
0.28271985,0.37639332
0.92178339,0.86912143
0.55871850,0.66216218
0.45222157,0.42071429
0.86730283,0.90442324
0.77861267,0.81430185
0.82310683,0.84434795
0.44454384,0.38420847
0.78208375,0.65241379
0.26998922,0.28744543
0.89094085,0.89842528
0.52900159,0.22208612
0.86231720,0.88827115
0.91766083,0.92057413
0.93000883,0.93169284
0.71347296,0.71136886
0.77562332,0.72549576
0.85418355,0.82310528
0.77830434,0.82157713
0.91087908,0.91352737
0.90793592,0.83189255
0.78311890,0.50598788
0.41489083,0.52617741
0.75189203,0.89521056
0.46177071,0.47556207
0.89098495,0.90490377
0.60075176,0.65470612
0.72160703,0.77047533
0.91130984,0.94232351
0.92557847,0.92753059
0.91642720,0.89827532
0.66572624,0.48258558
0.91965091,0.93193859
0.60070884,0.52693659
0.83388376,0.74553573
0.76331770,0.66983384
0.59020644,0.59997392
0.89893186,0.89775598
0.66724527,0.62719846
0.83855492,0.81560630
0.82482886,0.70691872
0.20555282,0.06146450
0.85959184,0.73465145
0.68989253,0.85437572
0.52530563,0.60141242
0.91346675,0.92879355
0.45496681,0.55277306
0.69158340,0.42435005
0.62425482,0.61499906
0.60724890,0.56885421
0.73815864,0.73046875
0.92034048,0.99295777
0.87282401,0.94686663
0.67739177,0.84868419
0.87993789,0.87420022
0.89767611,0.84413356
0.75421965,0.71263474
0.88372678,0.96101540
0.82720453,0.67569047
0.81491971,0.76929212
0.86557913,0.80854803
0.86744595,0.70490855
0.44925994,0.46597019
0.82480359,0.84792453
0.83820641,0.80308068
0.84488016,0.97528517
0.87594593,0.85825270
0.73185390,0.81442559
0.85559458,0.98765433
0.74597538,0.87371445
0.90679455,0.89968103
0.92746991,0.96111113
0.91521794,0.88765866
0.85434788,0.90612924
0.38968644,0.47920039
0.83730376,0.86153930
0.80625403,0.73372692
0.84366024,0.86213523
0.64279151,0.48991859
0.81114709,0.81857145
0.90989399,0.95981508
0.91590810,0.93555748
0.72086430,0.75470591
0.86998969,0.99586779
0.22811425,0.15128127
0.85501248,0.93831909
0.64180547,0.65180963
0.69090283,0.73469114
0.80056804,0.73667657
0.91522771,0.95084673
0.63660145,0.45411944
0.78604048,0.82596397
0.91828519,0.91558367
0.88868558,0.87270057
0.76456523,0.79986250
0.89103997,0.92148459
0.91300809,0.92151356
0.47262385,0.49974844
0.93193841,0.84275365
0.87027115,0.85395765
0.87228543,0.81715631
0.71179569,0.60693753
0.90799117,0.95842308
0.65634739,0.32973275
0.93778890,0.95446908
0.91600728,0.95598608
0.77834719,0.78623497
0.54582375,0.52014506
0.85082734,0.83970904
0.64286166,0.63051218
0.86105382,0.88158399
0.70249510,0.61583138
0.87536412,0.95565987
0.82150537,0.75523072
0.86864340,0.67953658
0.44975278,0.53720492
0.86070371,0.94218749
0.66072088,0.66828531
0.90863758,0.89803207
0.83689576,0.72039056
0.93135035,0.95181960
0.57350034,0.57788283
0.23947632,0.19792528
0.87369448,0.86498845
0.89591897,0.83672267
0.84689790,0.96998775
0.34113723,0.35605732
0.51204669,0.77120531
0.52131277,0.59340554
0.87482482,0.92227584
0.62280452,0.70291263
0.67753470,0.47399795
0.80577952,0.82838124
0.91104287,0.96343940
0.55462670,0.73905796
0.85296386,0.80588073
0.41185176,0.68041873
0.56821084,0.52807361
0.84743053,0.84815532
0.65810978,0.61597735
0.90472078,0.92333215
0.43553215,0.36546922
0.90493530,0.70270622
0.62453991,0.30880341
0.90557033,0.96578383
0.74471426,0.78835350
0.84188682,0.90789402
0.89944267,0.94718617
0.89317542,0.95959967
0.83674300,0.87348652
0.73179018,0.84302080
0.34625697,0.25022730
0.88156581,0.92284918
0.32550141,0.31365532
0.44363093,0.27681780
0.91171885,0.95272404
0.42028868,0.23379037
0.55179572,0.17387006
0.92520791,0.94375002
0.81889158,0.80404592
0.85531896,0.89114791
0.89573163,0.94414365
0.78521937,0.81688803
0.29444695,0.26702121
0.79699832,0.86121500
0.88079798,0.93752176
0.67375469,0.60269165
0.85698617,0.83144921
0.84854746,0.76140672
0.48429221,0.25086823
0.62753689,0.78410792
0.83632886,0.85786331
0.53455627,0.29281345
0.64274639,0.70345747
0.80756444,0.90486759
0.50626475,0.47359255
0.69046676,0.75320292
0.90397370,0.88372147
0.91372412,0.96178764
0.80353159,0.80204189
0.29257244,0.21891502
0.82867587,0.88470757
0.93010235,0.95590001
0.74000663,0.72039109
0.18310708,0.13315079
0.87643737,0.88758594
0.89434785,0.86063218
0.84690821,0.73494339
0.91994596,0.92040634
0.86373913,0.91938025
0.37766612,0.26233122
0.45265606,0.35845995
0.29284066,0.29174992
0.71582633,0.74594754
0.85157251,0.86434209
0.83140433,0.68731707
0.79147804,0.73861116
0.74985731,0.79933137
0.89019608,0.87618434
0.87390333,0.91233575
0.89829278,0.90985346
0.91273320,0.95246643
0.79314339,0.88553327
0.46845233,0.30136934
0.49133384,0.69969070
0.46168613,0.59131038
0.79553592,0.92737734
0.92418081,0.90550238
0.37211597,0.32065657
0.26635379,0.12341198
0.49458978,0.63449591
0.66506886,0.56483519
0.84242964,0.79153407
0.76427883,0.75685716
0.85897458,0.85959321
0.41226512,0.32328284
0.93113917,0.97483182
0.88669014,0.93755800
0.89188898,0.75008893
0.66502333,0.54827785
0.77935213,0.77899390
0.87297368,0.86642855
0.83826721,0.85757929
0.85974050,0.80524760
0.87994218,0.89142627
0.77614260,0.85637563
0.51490235,0.55213892
0.84773481,0.79657477
0.78735161,0.93150687
0.50886750,0.64687014
0.82004833,0.81788236
0.89051419,0.93490839
0.72916639,0.60836816
0.79152691,0.75797695
0.40632600,0.37491038
0.88039732,0.84554595
0.84928697,0.94024563
0.89881998,0.89032346
0.92005557,0.94315207
0.70801079,0.70266181
0.23030779,0.17724867
0.85224777,0.95757121
0.75171471,0.66002661
0.87659436,0.89160919
0.75613683,0.71016461
0.67298472,0.17304045
0.74798685,0.63766545
0.72284597,0.65249920
0.83549511,0.79832476
0.82800287,0.75634831
0.84519446,0.93308949
0.87683779,0.91925669
0.75514150,0.61354744
0.71751660,0.71067053
0.50093144,0.49853435
0.91666460,0.96987951
0.52348530,0.47457367
0.76335621,0.46507189
0.91698724,0.95709866
0.88087118,0.84032446
0.83097756,0.79147798
0.25099289,0.22571428
0.51936889,0.62316215
0.87200427,0.94026083
0.93036807,0.95509452
0.86932480,0.91946626
0.90736091,0.86271608
0.68384123,0.67736185
0.33029306,0.29299012
0.91402733,0.93160981
0.92076719,0.84429461
0.92214686,0.93079340
0.92694432,0.92286462
0.37590584,0.27491388
0.47811162,0.47344095
0.28601253,0.27841941
0.56664848,0.48061144
0.91184759,0.93051064
0.80965936,0.75789320
0.85930723,0.94412440
0.84059519,0.77607644
0.46024165,0.72667122
0.78700066,0.69301343
0.25182989,0.17293985
0.89056522,0.96814185
0.86009705,0.82575756
0.71028543,0.72635400
0.71791232,0.86697614
0.80266798,0.31173092
0.31261662,0.39001819
0.47015172,0.16899768
0.86908770,0.85553277
0.75625587,0.81164742
0.29304901,0.16834933
0.52169818,0.42169273
0.88617766,0.80127829
0.89416569,0.89919740
0.75429082,0.79312229
0.64410114,0.57057905
0.90656608,0.88174176
0.76048529,0.85781008
0.49799684,0.64401621
0.74900258,0.83227658
0.86860180,0.95726961
0.91369063,0.91936576
0.72036481,0.83569002
0.74292368,0.68053460
0.89402932,0.80092055
0.90280497,0.79621947
0.82802117,0.63051528
0.44044161,0.36483938
0.86856103,0.93216443
0.67550540,0.86294699
0.88943940,0.85502547
0.59721643,0.61018181
0.57444197,0.49695927
0.37012601,0.32577950
0.84663570,0.82228351
0.84412527,0.87309384
0.87369061,0.95283973
0.31295738,0.26299021
0.76721966,0.89971167
0.63728100,0.33002645
0.83680648,0.84373164
0.92781830,0.92684191
0.76581669,0.87118959
0.59091699,0.69461000
0.90060431,0.88480371
0.76760572,0.77288473
0.62379813,0.62577182
0.84960914,0.84312797
0.74850035,0.85797119
0.82763404,0.82330436
0.83745837,0.95151877
0.86352414,0.69807410
0.76320350,0.72405922
0.77226371,0.77265352
0.81040269,0.67525947
0.77980864,0.83003324
0.60699141,0.62389106
0.86400402,0.75815243
0.46578392,0.28270778
0.84566838,0.77167141
0.66998804,0.65917218
0.88376820,0.93516433
0.83313400,0.93100321
0.88850784,0.87618065
0.70875859,0.81323248
0.53374445,0.52777779
0.72595716,0.84273905
0.87555802,0.92441005
0.68738264,0.58058608
0.89074624,0.92202109
0.90999585,0.92261904
0.81068331,0.92895114
0.87178886,0.97321427
0.91416812,0.94377512
0.76645213,0.76018411
0.86964661,0.67623830
0.80905509,0.89098436
0.90298486,0.91602188
0.23359445,0.17230944
0.64415228,0.32973078
0.71481979,0.81386065
0.49330518,0.27668396
0.89476568,0.87431556
0.75653708,0.56918818
0.58331329,0.42682275
0.74998778,0.63289338
0.58157319,0.77915019
0.84433073,0.60599780
0.88831985,0.88887203
0.90515560,0.87887549
0.85136324,0.86881334
0.88304663,0.84907150
0.89263010,0.91576087
0.43296310,0.28926456
0.75449765,0.47911146
0.59759456,0.72467917
0.47723168,0.25419217
0.49730384,0.47933921
0.75423241,0.79894364
0.89931583,0.92743337
0.74500477,0.64779776
0.88660580,0.84539419
0.88375580,0.91399813
0.82024145,0.87271202
0.82056499,0.89002138
0.68459475,0.66373658
0.91399747,0.95114291
0.84592032,0.88769233
0.88462466,0.90360600
0.90756184,0.90453696
0.87520868,0.87023139
0.70869702,0.56904960
0.35795307,0.16021530
0.58724928,0.58776891
0.74949914,0.71616167
0.61747664,0.37820470
0.78007096,0.65054834
0.45099145,0.50625002
0.90040839,0.94345587
0.49144813,0.17151481
0.44965336,0.46443731
0.90643793,0.88044626
0.81886774,0.88876408
0.31564325,0.11137762
0.63385344,0.82759631
0.45829365,0.33913177
0.31000364,0.40757680
0.77457416,0.59522474
0.91383171,0.82589042
0.93448234,0.89339018
0.89233673,0.93048781
0.88320214,0.87427169
0.86258745,0.87892240
0.92236173,0.87680632
0.64123207,0.65094632
0.87651193,0.92667466
0.88611805,0.82291138
0.92740774,0.93553358
0.69124550,0.88555944
0.92651379,0.91696113
0.85087824,0.72555214
0.35034555,0.28170526
0.30320993,0.37861234
0.71310520,0.80787998
0.85752982,0.75822806
0.77975786,0.76342481
0.88350767,0.92787415
0.24068403,0.25668153
0.82969522,0.90701222
0.34936661,0.44807673
0.78607661,0.81018358
0.91817856,0.91454196
0.44368607,0.38902196
0.64755028,0.68171883
0.82352424,0.94202447
0.88999754,0.88461536
0.68980837,0.61678380
0.82137179,0.81605130
0.84528220,0.85770750
0.71031415,0.76175278
0.92051029,0.84337181
0.82883948,0.74940479
0.39719218,0.31749630
0.91279930,0.93988925
0.45832169,0.40856928
0.49111328,0.61964816
0.90464836,0.84441388
0.39589584,0.26264372
0.74830472,0.81456357
0.91766787,0.94091511
0.91985869,0.94483697
0.69656569,0.77436751
0.84552217,0.73497641
0.88345385,0.92367995
0.70085669,0.77442616
0.93080044,0.94002044
0.58578277,0.63948178
0.45429793,0.29001552
0.64176166,0.47703418
0.37597775,0.46399826
0.36495048,0.37721276
0.87438500,0.78236324
0.87092888,0.92214078
0.40184098,0.27103627
0.61721873,0.76398522
0.82104909,0.67205632
0.76988167,0.83523494
0.75551671,0.64715928
0.69648337,0.51620871
0.50357860,0.32157460
0.43697610,0.45544040
0.86546135,0.87108934
0.90785980,0.89443016
0.79073060,0.83858269
0.59218675,0.57860529
0.87876022,0.88908589
0.86876667,0.89660627
0.90959984,0.92574090
0.58715475,0.54323483
0.70620692,0.60007393
0.89915323,0.91481650
0.77121866,0.81704611
0.74973822,0.58841795
0.87972736,0.88918424
0.92201710,0.91494471
0.66587913,0.68860352
0.50228423,0.52295959
0.89585507,0.88658679
0.92125380,0.94576925
0.75370401,0.49879763
0.90865809,0.90279007
0.88049150,0.88721806
0.81107187,0.81605262
0.74853802,0.87434340
0.89424717,0.90211141
0.87804055,0.77503872
0.68242377,0.71505392
0.90295464,0.88430274
0.83233911,0.92897898
0.90114677,0.90256023
0.45561045,0.40279752
0.68019092,0.84916544
0.82058597,0.83684731
0.69254494,0.70334005
0.73557782,0.87882924
0.85400772,0.87598771
0.32869622,0.31770834
0.55983651,0.28206921
0.81130147,0.89248365
0.77171510,0.85238957
0.22104692,0.05983176
0.88026536,0.85267913
0.85522985,0.77992070
0.85978925,0.86928755
0.88537341,0.96528614
0.72848344,0.71977520
0.93343520,0.96238422
0.88367087,0.85739511
0.83308792,0.78503537
0.64158720,0.79966629
0.87093461,0.93440080
0.92128801,0.92379886
0.87071043,0.98342597
0.37092683,0.20089869
0.91635120,0.90116090
0.77166575,0.69155842
0.67350388,0.78557223
0.88494432,0.89515465
0.87821627,0.93720782
0.81930834,0.92423284
0.91606474,0.90575522
0.29999053,0.13828705
0.89752090,0.86878383
0.57762533,0.60396838
0.88960576,0.96349204
0.68907559,0.51846373
0.88062495,0.93656617
0.92069447,0.89278406
0.75684571,0.87902308
0.36419162,0.30046332
0.78367454,0.53138095
0.93675554,0.87888008
0.52669239,0.75535089
0.91926235,0.93247199
0.81771332,0.79126173
0.78053874,0.76397306
0.40328592,0.49263170
0.72652119,0.87048954
0.33591047,0.31396824
0.87536699,0.84852940
0.86924887,0.83923560
0.81552750,0.77722436
0.74877942,0.54607058
0.46654117,0.39491045
0.28119600,0.36439809
0.91603410,0.92298979
0.42746702,0.35971594
0.84869158,0.66836733
0.75599396,0.82934022
0.76104701,0.74916667
0.54762274,0.56794870
0.24890622,0.26325795
0.43277210,0.32736620
0.42023641,0.47069946
0.89127088,0.84627378
0.32056552,0.24463277
0.89125419,0.89110482
0.83308268,0.88505620
0.92492932,0.94174266
0.31289980,0.41137549
0.73097241,0.91608393
0.90271771,0.79931033
0.65072286,0.51875001
0.88786399,0.91388160
0.86794132,0.92925030
0.84994316,0.78833914
0.76791757,0.79221088
0.39486885,0.35390970
0.81130993,0.81076223
0.65403646,0.05911645
0.92139405,0.91886663
0.64193922,0.56222737
0.75347197,0.68636763
0.88358617,0.95931786
0.45078674,0.32346126
0.80289936,0.78118002
0.76938546,0.85876667
0.89878631,0.88779765
0.44737354,0.71874297
0.57576269,0.53004801
0.92384720,0.95449668
0.74864691,0.79494876
0.87659335,0.87537640
0.81008410,0.86697876
0.91293317,0.93665755
0.89735925,0.90814400
0.58301055,0.65395433
0.86857915,0.89931768
0.29106551,0.18908121
0.71375358,0.82154208
0.61522722,0.69164246
0.89507985,0.93209720
0.41347069,0.35555893
0.91741705,0.80653161
0.72837073,0.85493028
0.50711238,0.38282001
0.52720374,0.19711182
0.85671973,0.95179147
0.45125043,0.12941177
0.40039754,0.31220102
0.51226753,0.44861254
0.70755422,0.58635527
0.52707183,0.44241595
0.75058866,0.79017901
0.77131939,0.73001599
0.66339409,0.71861422
0.64506853,0.73753810
0.71281445,0.71454597
0.88612407,0.92307693
0.86283976,0.80853629
0.81226182,0.81911242
0.45440695,0.61310273
0.57906049,0.16138309
0.85820264,0.91361284
0.89569497,0.93801761
0.82855201,0.73944688
0.92591327,0.95026594
0.78781205,0.68241286
0.54929543,0.29026577
0.92834133,0.90825266
0.77731168,0.56674302
0.86392474,0.83006382
0.39398643,0.37950405
0.33103082,0.24927419
0.57380933,0.66252685
0.24937750,0.16204339
0.93086576,0.93233085
0.31515732,0.31582168
0.66174698,0.54292929
0.49399468,0.50508738
0.87435395,0.72426468
0.93155557,0.96746254
0.46415201,0.65416348
0.67102540,0.73229450
0.86096299,0.83696705
0.74190706,0.91287881
0.77205741,0.78899848
0.78865701,0.67014772
0.69718361,0.66860127
0.92436165,0.98486894
0.87603450,0.91407204
0.89118630,0.79912353
0.89168149,0.90790600
0.70481765,0.70644838
0.83369845,0.91641748
0.77060723,0.84031063
0.65167797,0.87734169
0.64980567,0.62949657
0.82118869,0.94938821
0.87772077,0.82608330
0.84126663,0.94702840
0.38976642,0.63105524
0.89023304,0.88569623
0.85183781,0.77464294
0.59558940,0.74545455
0.90571809,0.98336834
0.89977539,0.91069108
0.93375647,0.89937484
0.84770089,0.78953713
0.77166343,0.76818180
0.64746165,0.57471848
0.93278313,0.93378985
0.36947954,0.52639496
0.82624614,0.76866150
0.77880406,0.89826912
0.87006104,0.84943604
0.86338806,0.81756449
0.34879726,0.24496280
0.82516664,0.76861268
0.86898363,0.85765803
0.90478027,0.90140927
0.75683022,0.84456784
0.90570396,0.91470444
0.86139596,0.92037565
0.89812189,0.85377020
0.85613084,0.79467213
0.89425588,0.94008398
0.83332640,0.65170592
0.87893438,0.91676092
0.65949965,0.90826541
0.71681356,0.60053039
0.83542496,0.76889235
0.57646036,0.65831244
0.84493124,0.86602229
0.92054808,0.93534577
0.77026862,0.86279762
0.87200308,0.94604290
0.69460952,0.39957401
0.37555343,0.24195077
0.81175506,0.93266457
0.85363704,0.80518061
0.72622961,0.72062546
0.81917787,0.78055555
0.59277475,0.56966841
0.92226094,0.92892653
0.89029282,0.95193678
0.42104632,0.38558289
0.72815907,0.90510201
0.88448107,0.89741594
0.48365617,0.37056318
0.90928537,0.89875025
0.88176244,0.86353403
0.84546024,0.83863795
0.86357892,0.93527162
0.64074999,0.75619966
0.89582360,0.92960197
0.60656363,0.44396770
0.66061157,0.70168668
0.65780431,0.83679587
0.74068385,0.69344342
0.91045147,0.89650995
0.67141634,0.60600597
0.89255732,0.99450552
0.44868422,0.51262629
0.91436064,0.95794207
0.88577783,0.94287515
0.78907967,0.83426428
0.87773335,0.86212325
0.89416158,0.94481504
0.83613551,0.85546035
0.63292289,0.60193843
0.90794086,0.86465520
0.57115972,0.69813317
0.52284449,0.64303428
0.60901248,0.53717440
0.69606215,0.84272724
0.63097638,0.54914093
0.75540251,0.78872246
0.88267457,0.90750098
0.94069040,0.96502912
0.74371696,0.54791605
0.34677017,0.28604645
0.90354079,0.88689107
0.75767362,0.63084817
0.71459115,0.81448370
0.83208728,0.84798652
0.83409190,0.81720990
0.69002664,0.61100036
0.60549808,0.37871712
0.91192871,0.93508095
0.84981525,0.95268255
0.80441642,0.63884330
0.93392324,0.91655874
0.26080471,0.18856642
0.65407640,0.43263334
0.37781549,0.22155657
0.92099130,0.89042938
0.51649606,0.45910111
0.84377933,0.73458838
0.91583109,0.89012313
0.86375874,0.83894086
0.92439067,0.95038587
0.87037677,0.79125559
0.82623982,0.82203388
0.88325167,0.82721812
0.78779089,0.92786938
0.27653417,0.23721561
0.78300846,0.80576110
0.88244301,0.80829614
0.45027310,0.37508041
0.29871342,0.39418384
0.87474525,0.93737882
0.77365643,0.72736418
0.91726303,0.94878781
0.93577379,0.96307963
0.34627834,0.23443674
0.92158413,0.95625705
0.41370940,0.32948253
0.35989353,0.33280957
0.81119591,0.92866290
0.63143849,0.59002978
0.87876779,0.86577785
0.72954708,0.67957091
0.45141399,0.37083334
0.30663520,0.30060565
0.91384935,0.88114440
0.84437227,0.86221063
0.76712704,0.92929351
0.90510678,0.94755554
0.85307527,0.93284994
0.86388564,0.79547930
0.89481884,0.59764564
0.31063458,0.18849500
0.54397255,0.45049426
0.41709897,0.73779058
0.78812158,0.74086756
0.88369483,0.90647060
0.83853275,0.87305856
0.85999918,0.78616065
0.81434536,0.81487179
0.87993103,0.88617051
0.70500743,0.94964349
0.85555553,0.88360649
0.75546503,0.69574910
0.86846423,0.92451078
0.86494148,0.87648630
0.87080920,0.66000003
0.82840645,0.86680472
0.89656216,0.92136472
0.91534829,0.98305082
0.75744379,0.85917401
0.85213256,0.85643667
0.91701996,0.97607863
0.88338941,0.86778843
0.28289774,0.11444855
0.52460754,0.66009390
0.58998364,0.31722808
0.55268610,0.52303976
0.81418836,0.81928641
0.88973790,0.92797798
0.44910306,0.52903360
0.85140455,0.57935721
0.91544008,0.84517330
0.47220135,0.61519480
0.90755630,0.92339206
0.45958227,0.37234765
0.37738428,0.34595588
0.94547790,0.97681099
0.73414004,0.92441779
0.40482128,0.26586309
0.90862775,0.93525636
0.83732814,0.87356466
0.75695038,0.76463962
0.80926394,0.83113098
0.82356083,0.81653941
0.84391528,0.74366540
0.39449152,0.74915254
0.29420769,0.15166023
0.87250054,0.93917751
0.78862810,0.57265884
0.83727300,0.72574067
0.85614157,0.96226418
0.66150719,0.53176051
0.88873136,0.91369045
0.82392621,0.91626227
0.83557695,0.78528452
0.80574381,0.89729768
0.77228063,0.58861798
0.42635825,0.73949623
0.52869821,0.33631712
0.77631623,0.65859860
0.92734408,0.94795454
0.91050696,0.90801525
0.87186813,0.82967067
0.34085870,0.30645886
0.43470564,0.50251269
0.78738475,0.57917917
0.92166567,0.94779015
0.37367609,0.41248873
0.42263597,0.48412770
0.88821906,0.84244376
0.90332234,0.96799999
0.67514074,0.70853096
0.29180810,0.34913969
0.62143391,0.74974638
0.48933539,0.58547497
0.83889180,0.89215314
0.77042055,0.78218085
0.91560763,0.93565577
0.83839333,0.78867966
0.92897534,0.96692306
0.30978477,0.26499084
0.22694993,0.19875507
0.91829777,0.89975178
0.80093622,0.64754456
0.92018944,0.95454317
0.56340885,0.42990908
0.84489042,0.87952393
0.44023347,0.80987573
0.79580200,0.68158633
0.90004009,0.96209157
0.71748728,0.77735543
0.87569892,0.91145277
0.87342668,0.89309311
0.32234257,0.53292096
0.92692375,0.96157050
0.82064164,0.87500000
0.80888122,0.82282609
0.82929271,0.91638511
0.45764026,0.58630854
0.91253966,0.93979931
0.76235723,0.59177703
0.83486462,0.89854771
0.75546545,0.72432882
0.68822193,0.63698202
0.89522183,0.93027323
0.66672498,0.56061918
0.85335565,0.77020580
0.55777901,0.42132545
0.88170767,0.94683260
0.92805040,0.90500355
0.92555523,0.94230771
0.71806926,0.65608561
0.70047855,0.74019837
0.81857967,0.70291167
0.42535073,0.44576421
0.63598865,0.90727490
0.87560600,0.94602466
0.35737318,0.33775628
0.90627688,0.95109040
0.91309345,0.91905427
0.48360068,0.50566500
0.88316941,0.90048444
0.69913578,0.59053195
0.93535763,0.97306174
0.72967774,0.75476748
0.43375626,0.33456340
0.91131413,0.96128732
0.86351347,0.81549895
0.83372498,0.85439688
0.79366112,0.85401893
0.84700596,0.85075760
0.92806798,0.95165145
0.92762041,0.92686504
0.37030888,0.48505858
0.91886759,0.95390511
0.85484970,0.80599838
0.87188703,0.90769231
0.64206314,0.79080892
0.86325693,0.90397990
0.54949224,0.36405113
0.84625524,0.87470949
0.86614025,0.93694389
0.69030726,0.79691780
0.78330374,0.78330952
0.88809335,0.96805274
0.60106856,0.76921332
0.88153142,0.93607086
0.72591519,0.72216403
0.75146723,0.94570917
0.63277346,0.78358960
0.22745669,0.22785492
0.28479761,0.30344516
0.89097691,0.97201425
0.91246730,0.92996705
0.45458272,0.49853569
0.75387895,0.71849275
0.79908961,0.95070422
0.86736691,0.88003707
0.75239974,0.83245796
0.86645615,0.69407368
0.92807120,0.97383201
0.84518379,0.84758884
0.92395824,0.91683120
0.90960145,0.84386200
0.91789758,0.90087718
0.67039442,0.79504013
0.87282109,0.90407240
0.89505178,0.88486165
0.45282567,0.47393841
0.84478605,0.81459248
0.71662617,0.65215379
0.58897954,0.70029688
0.81339389,0.76731455
0.65913808,0.65735173
0.84838915,0.87525922
0.55475801,0.51220894
0.85292554,0.79191267
0.89548486,0.83404255
0.93413955,0.95983928
0.45927340,0.36042839
0.82982641,0.80392855
0.87258273,0.85172158
0.61872375,0.72687620
0.88545901,0.92983389
0.90318948,0.95673680
0.88908076,0.95630878
0.86671519,0.97462410
0.91077048,0.89845413
0.86478531,0.79668605
0.91752666,0.88697374
0.87700397,0.86759579
0.80702209,0.88792294
0.92502862,0.93200159
0.89435375,0.93097031
0.88652569,0.85191262
0.38662457,0.43764684
0.91861326,0.95304269
0.92067015,0.92646158
0.38919812,0.39971015
0.79288244,0.67215383
0.24218822,0.25180703
0.75561684,0.81518060
0.90040112,0.86124969
0.86599541,0.81611842
0.77018529,0.84769130
0.72620720,0.50645941
0.19760519,0.08762792
0.30259651,0.21655035
0.90593278,0.88651985
0.75761336,0.83152914
0.88474065,0.82580411
0.54336023,0.56879222
0.66850770,0.51782811
0.91226375,0.92928571
0.67565644,0.61852694
0.85750872,0.87166262
0.56818146,0.56360048
0.84702635,0.86212993
0.80448258,0.78719491
0.31183553,0.27508554
0.87842387,0.04841315
0.83791602,0.80169010
0.58419871,0.68397969
0.92516798,0.91978264
0.84562540,0.94484937
0.39078689,0.38727298
0.83573592,0.90857321
0.85917097,0.89265734
0.18729168,0.06653640
0.87277299,0.89169848
0.85540932,0.90864319
0.92745900,0.94609249
0.88212341,0.90433514
0.79165417,0.75037980
0.69096959,0.76231754
0.83905888,0.80713177
0.46739247,0.62611806
0.41351438,0.40342155
0.85807455,0.91816008
0.88003105,0.88266206
0.45490623,0.33628988
0.32203490,0.30961546
0.92592633,0.87369770
0.87588167,0.84653473
0.83787775,0.76207525
0.34684882,0.72625697
0.78851533,0.83388489
0.74295378,0.68317592
0.82009083,0.86365926
0.87458456,0.74751997
0.89718443,0.92639738
0.87127411,0.96173269
0.86712587,0.93501294
0.32194173,0.25788260
0.90767872,0.88248795
0.26480076,0.27713567
0.33790767,0.23388544
0.75715762,0.88203245
0.51483780,0.22875798
0.64540124,0.45881549
0.44385314,0.37987551
0.78880292,0.68915665
0.64603889,0.52350962
0.89820200,0.90397918
0.76243728,0.75808090
0.87640435,0.92827880
0.80720150,0.66389322
0.90350896,0.74797606
0.53274971,0.61400348
0.80827600,0.87679505
0.87993515,0.85100001
0.77306092,0.76419407
0.66128695,0.70871383
0.36122930,0.37168610
0.55557418,0.25433421
0.46221584,0.55558765
0.35947883,0.37943745
0.71767366,0.70826066
0.76180059,0.68231523
0.85560828,0.83614987
0.47552294,0.66354609
0.60135520,0.56455427
0.88068271,0.91570240
0.87423575,0.94852942
0.82695699,0.87019229
0.74733007,0.67060351
0.79652196,0.87860221
0.45160815,0.43408552
0.90680820,0.90430224
0.58346474,0.47454759
0.55007404,0.51738435
0.52562666,0.49768543
0.89637923,0.91897058
0.65872812,0.75338256
0.34943002,0.33257172
0.87495977,0.89344037
0.88613868,0.91629022
0.65922666,0.73072940
0.87700725,0.88801169
0.41152439,0.32324985
0.88123262,0.94017380
0.47741300,0.62384528
0.78464568,0.81833214
0.88602769,0.89733124
0.87655067,0.93570572
0.78454709,0.80914003
0.68181670,0.67290825
0.72429776,0.72541469
0.92104840,0.97580647
0.74593580,0.73941207
0.88868338,0.92059553
0.90138018,0.89386451
0.91286206,0.90226364
0.88735884,0.93188852
0.88506973,0.92187917
0.90655649,0.82926828
0.91492730,0.90646851
0.44888318,0.59047621
0.78904915,0.65952832
0.80035436,0.79450709
0.71634376,0.90077573
0.42695713,0.55291277
0.74023974,0.79394019
0.92996931,0.94914114
0.87906444,0.85851353
0.76943141,0.66111636
0.58389866,0.68265980
0.73630881,0.79583335
0.91289592,0.91269839
0.77258897,0.28492424
0.77888322,0.65308434
0.65329725,0.60615385
0.83478761,0.82792622
0.87892282,0.82487172
0.73290098,0.79496950
0.74370980,0.73055607
0.82941747,0.87011999
0.92007297,0.92416620
0.80100846,0.74605095
0.85023367,0.91570044
0.77877796,0.91728526
0.92285538,0.96706986
0.28391880,0.23533912
0.45040116,0.62380713
0.93441921,0.96905977
0.90863138,0.78756368
0.90015775,0.89470923
0.83059865,0.71027851
0.81935382,0.89061230
0.93065727,0.91687191
0.93729138,0.93857831
0.85275346,0.83492053
0.61341351,0.50351262
0.45937005,0.45799181
0.66860545,0.71102941
0.77534395,0.54235274
0.78671849,0.90381426
0.81008947,0.85565293
0.91934657,0.86322647
0.25298494,0.17943865
0.88625181,0.91248631
0.54130054,0.66569257
0.74248981,0.79492009
0.88736445,0.85245121
0.81401181,0.81559318
0.33829701,0.41204482
0.79780018,0.82869667
0.62130368,0.57735616
0.67247391,0.94763815
0.79319143,0.52567416
0.41937935,0.27283254
0.87369466,0.77820754
0.82165849,0.80371416
0.73435462,0.64583331
0.70113659,0.69887793
0.52860558,0.70807451
0.85292840,0.92517263
0.41389197,0.36639267
0.91869617,0.92623454
0.47540504,0.75976318
0.93371123,0.94687277
0.69339353,0.66178685
0.71546733,0.86329669
0.87438059,0.96053946
0.86133093,0.96490383
0.83399010,0.76452470
0.18139493,0.04907224
0.78767514,0.73474181
0.88323432,0.84605688
0.83064163,0.80925405
0.89055800,0.83467120
0.81567484,0.87336600
0.66420788,0.80581552
0.37265426,0.29188052
0.69791269,0.90178400
0.90984106,0.96808511
0.89694172,0.90359366
0.90114272,0.94184738
0.40369800,0.37508628
0.61604398,0.57276696
0.46578264,0.31777900
0.85765994,0.72867787
0.43028122,0.45838079
0.91754830,0.96690059
0.66257524,0.76967627
0.91595376,0.84325379
0.80938888,0.77817506
0.64551413,0.78527069
0.88308918,0.88919914
0.58479142,0.47211823
0.76740110,0.81373334
0.85793924,0.92434543
0.88720345,0.90702969
0.44816869,0.36060503
0.77441484,0.79690802
0.89615881,0.90548658
0.87245601,0.74968606
0.84010363,0.85537040
0.91957343,0.94372815
0.74223781,0.63958174
0.32470718,0.29538941
0.82233155,0.87087911
0.84014738,0.78552634
0.79340953,0.80993885
0.70310652,0.64122051
0.46995652,0.90967745
0.90772593,0.94041324
0.70872903,0.66906327
0.89401889,0.85280538
0.79240644,0.77713078
0.86141402,0.90087938
0.45339656,0.36320755
0.56035227,0.80348140
0.49260485,0.45288461
0.80090147,0.80483484
0.76041132,0.66613168
0.46488073,0.45424199
0.90213656,0.80536550
0.60192758,0.58970314
0.90037984,0.86410403
0.91189986,0.93724263
0.77395880,0.79350895
0.92560583,0.94241124
0.83258784,0.09493448
0.76228368,0.70093668
0.87740588,0.91849816
0.60180020,0.77214825
0.92375565,0.91477275
0.29773784,0.19832759
0.81609857,0.77344030
0.83861834,0.81774193
0.60614491,0.74101347
0.82393074,0.79667425
0.36857477,0.39893100
0.83736986,0.75262189
0.93351483,0.97436619
0.69489980,0.58208001
0.89588350,0.85481483
0.77956903,0.65468109
0.88153189,0.92648536
0.74202323,0.74169868
0.92492855,0.96470946
0.30999064,0.14268395
0.90056002,0.85882354
0.90887517,0.96330440
0.84569919,0.82924050
0.83294797,0.77595627
0.46977583,0.44452891
0.85871071,0.84760499
0.56040674,0.63616735
0.78427052,0.75533837
0.85950899,0.77235162
0.92700815,0.92451161
0.44993648,0.52540648
0.75229722,0.87541831
0.76824629,0.86324370
0.90363491,0.92401743
0.90412968,0.79488355
0.73072171,0.81569493
0.91433942,0.91648656
0.67117918,0.78724122
0.73845685,0.81261754
0.91457486,0.89749157
0.79297644,0.54038197
0.75579286,0.41161060
0.37620825,0.27785650
0.85294181,0.83435541
0.91069657,0.93596226
0.73770881,0.66906357
0.37368870,0.09331770
0.64785010,0.70543820
0.56255060,0.39207914
0.57520294,0.66717333
0.83395004,0.76567328
0.87758970,0.87568682
0.93371385,0.93506479
0.74723375,0.70934904
0.91647732,0.90208632
0.40033692,0.35040271
0.81100744,0.85967463
0.88084590,0.82354587
0.75266266,0.61100799
0.64303428,0.69261646
0.92603803,0.92561406
0.67682409,0.67673612
0.90977341,0.86098039
0.91172791,0.97058821
0.80982059,0.73329091
0.58092046,0.55677921
0.59639907,0.68556148
0.92885798,0.90425187
0.89803410,0.93237972
0.87225211,0.92176437
0.66024184,0.75551468
0.93047726,0.94066691
0.91536045,0.91112089
0.78444320,0.79359227
0.47709024,0.65434331
0.62909591,0.66588682
0.78386790,0.88086140
0.80184305,0.86908519
0.90653169,0.92590219
0.39816010,0.27918723
0.68002659,0.75859374
0.46721408,0.60708481
0.85864586,0.88536286
0.76846230,0.82017541
0.87552530,0.85367477
0.61232322,0.29310322
0.83524621,0.75720918
0.84389484,0.84809572
0.88629383,0.90018588
0.76648408,0.90471417
0.78394580,0.83271801
0.89623177,0.92495608
0.86070168,0.80089670
0.63777608,0.62819201
0.71845895,0.87680167
0.29379278,0.18476626
0.61197114,0.65500969
0.86274821,0.86213160
0.92824835,0.88749844
0.72919416,0.68462902
0.72906840,0.60758698
0.47633830,0.44687781
0.70995337,0.54361302
0.80797434,0.89737171
0.34785229,0.33808678
0.88379914,0.93352044
0.84268761,0.88174605
0.73716533,0.67734772
0.64851713,0.60252136
0.45533115,0.47512907
0.69744861,0.71401262
0.85928732,0.85995477
0.63943732,0.70470148
0.60246098,0.72416669
0.90815347,0.92451495
0.91401088,0.89092827
0.66144288,0.48940939
0.92187870,0.85253119
0.71419770,0.72226584
0.77245688,0.82371795
0.79864722,0.72313339
0.54846346,0.69491524
0.43656507,0.28302512
0.83190656,0.66316849
0.76509339,0.78918386
0.80715066,0.86122358
0.66130918,0.61486304
0.92232823,0.93851012
0.86140347,0.86617076
0.32618675,0.21854033
0.89548099,0.86709678
0.55483544,0.44594145
0.61828405,0.70934421
0.83450943,0.57563108
0.75106996,0.84181809
0.90005165,0.89143956
0.38292652,0.33776334
0.90813160,0.88076925
0.79896098,0.62833571
0.75096077,0.65507013
0.43130705,0.54255599
0.88036036,0.94780439
0.89527702,0.84815168
0.89382595,0.96512538
0.90093112,0.94533569
0.26221335,0.13820100
0.69635463,0.63128549
0.91116476,0.87087184
0.74108517,0.77670741
0.66904533,0.57333332
0.72108930,0.73601484
0.70390636,0.60244495
0.92172080,0.93458170
0.69688332,0.74855393
0.84840435,0.85432756
0.91595912,0.90358436
0.58133364,0.36324245
0.91073751,0.90914899
0.42525202,0.23429488
0.65822518,0.67422217
0.84219843,0.91130614
0.80647057,0.86633402
0.53146660,0.45963559
0.80770719,0.93364704
0.88532245,0.90337920
0.87102205,0.88635087
0.85299742,0.86596137
0.26663607,0.14238474
0.72976911,0.67353058
0.76851988,0.65959710
0.67575419,0.68902355
0.88087261,0.94130772
0.88452327,0.93890327
0.76343310,0.83010000
0.75953978,0.76870990
0.65740287,0.78508079
0.42548880,0.20129573
0.71548724,0.73593277
0.67130691,0.69652408
0.89494967,0.89276779
0.92447287,0.95815170
0.83575904,0.85358393
0.84872496,0.95081967
0.74637687,0.87386876
0.90184271,0.92785192
0.85329306,0.82240474
0.58873779,0.51847291
0.45198813,0.54570955
0.87421435,0.91483933
0.91436416,0.96159512
0.92599416,0.91969699
0.85913086,0.77557325
0.92152584,0.94213098
0.49779052,0.59547079
0.73084128,0.63316905
0.87069446,0.85747862
0.80638057,0.88942462
0.73100173,0.76581365
0.82651234,0.92413795
0.88584870,0.86388087
0.86443818,0.90184408
0.88843834,0.94159889
0.60049075,0.47769994
0.53205854,0.51582682
0.72328770,0.65855271
0.72901893,0.55837613
0.64514971,0.86041665
0.87239236,0.81261653
0.75851279,0.64788085
0.88438749,0.90757883
0.56720990,0.68867254
0.33724993,0.27033615
0.86599445,0.86742425
0.90526223,0.95296687
0.82802576,0.87668997
0.67842889,0.70405483
0.91500127,0.90872830
0.29874897,0.26891235
0.45550513,0.28844616
0.92504799,0.93867528
0.89409465,0.95836520
0.86895293,0.85400099
0.56885791,0.64777327
0.88493538,0.94413793
0.27905571,0.58318377
0.86219811,0.87031418
0.87703300,0.90730679
0.87612391,0.89260840
0.86558449,0.85858172
0.68707633,0.44202900
0.40245152,0.22620282
0.90515780,0.93948317
0.91804254,0.95407110
0.86750209,0.85167789
0.52928674,0.31044713
0.52236438,0.53255486
0.76120257,0.65804696
0.46479619,0.71916008
0.83566284,0.82708436
0.85561657,0.90111095
0.87526596,0.88809043
0.51161873,0.61163920
0.51519966,0.29148528
0.85913914,0.84470338
0.68069959,0.76190341
0.57362092,0.67272520
0.89897501,0.96080023
0.80831540,0.93525702
0.90097600,0.96389180
0.69321859,0.64065313
0.78324068,0.72689146
0.83754271,0.77282280
0.41176367,0.57794201
0.28045166,0.35547245
0.72662020,0.93001091
0.80815232,0.76111454
0.50225234,0.52020627
0.26464739,0.17866541
0.78965294,0.69835669
0.44705498,0.33899325
0.83710498,0.67985255
0.91996253,0.92778361
0.21934360,0.10347844
0.83656704,0.86087668
0.87907815,0.91655713
0.61534965,0.68643981
0.68519998,0.61396575
0.66638660,0.78740156
0.84486675,0.83333802
0.51416773,0.77130038
0.86368281,0.94031703
0.87523258,0.91185915
0.88328803,0.83411217
0.49653128,0.89218092
0.83344734,0.73265839
0.92075205,0.94374889
0.81027830,0.89110535
0.46843523,0.51438850
0.62146658,0.74140918
0.69909358,0.72272569
0.28232837,0.25613412
0.88914597,0.91926461
0.67793947,0.67595762
0.40703362,0.35258478
0.61943787,0.75138831
0.93176770,0.97033179
0.75659221,0.56723893
0.22782144,0.06769641
0.86477834,0.90299064
0.74256009,0.75866234
0.49875224,0.55458927
0.52023011,0.64275974
0.80397099,0.78007442
0.91171509,0.93749142
0.23355502,0.33064476
0.26485193,0.13935617
0.75970304,0.76309842
0.85328567,0.70236617
0.83453178,0.82342285
0.88498223,0.96078664
0.81564361,0.61427450
0.79844636,0.86798906
0.81854022,0.94516754
0.84198040,0.86344659
0.91756487,0.78021848
0.89822811,0.88256192
0.90444398,0.92800957
0.53223562,0.70984000
0.21540347,0.19401021
0.91848731,0.93364310
0.84976572,0.85556608
0.86276352,0.82829678
0.80950534,0.86018974
0.90525591,0.93216723
0.85928494,0.83884478
0.88550115,0.91721135
0.84244150,0.85417455
0.56185007,0.44195944
0.77359986,0.63091153
0.90332597,0.92968750
0.90484500,0.98076922
0.92733783,0.93113101
0.91389447,0.93695152
0.61739355,0.59340662
0.74960506,0.75494677
0.47254482,0.56511414
0.61299348,0.59271789
0.60581076,0.57225901
0.56835485,0.63688868
0.71858776,0.85099202
0.47714150,0.51166642
0.87767726,0.86235178
0.90472978,0.71102273
0.64366990,0.74606460
0.70275199,0.90601236
0.77550745,0.82942766
0.90382063,0.95560515
0.25958252,0.17277816
0.43384573,0.41530049
0.33279544,0.35408485
0.76241291,0.86810982
0.88448858,0.87404394
0.82796651,0.84020394
0.82278329,0.88895178
0.87271178,0.88835049
0.72900045,0.75410956
0.29868510,0.19355844
0.60590148,0.70774949
0.86555946,0.79755753
0.92280060,0.94196790
0.61385661,0.53551751
0.74865150,0.69441104
0.84046805,0.74720901
0.65746826,0.80436713
0.67103863,0.90191597
0.83518338,0.81031436
0.44914520,0.57670254
0.42556429,0.37342286
0.89254940,0.90213126
0.89093530,0.91887301
0.27249700,0.21821387
0.86816287,0.84253246
0.86887944,0.91629750
0.61142397,0.85547787
0.35981375,0.17727028
0.81704581,0.76651859
0.85038763,0.61042839
0.32851422,0.57232702
0.80392218,0.77196455
0.62312460,0.31979588
0.89174277,0.94718504
0.84377867,0.82682014
0.78958684,0.79161072
0.88763744,0.92636448
0.89360899,0.87543857
0.66580296,0.73408186
0.86717308,0.91348845
0.87513709,0.83029968
0.61070693,0.54387695
0.46710116,0.09005424
0.88449550,0.93725491
0.88184166,0.89542693
0.83042514,0.90824288
0.76195866,0.68916667
0.73349380,0.75555056
0.90753245,0.88198572
0.81955028,0.78076386
0.77810413,0.90701753
0.87676978,0.81612223
0.88585627,0.93109173
0.79735148,0.63605124
0.27362350,0.22940685
0.80645740,0.68094826
0.21747866,0.09789793
0.58145708,0.55041182
0.82633793,0.66631186
0.43470910,0.38241181
0.55988801,0.58136481
0.22628504,0.14239281
0.47784671,0.41961285
0.75315398,0.67160743
0.84664500,0.81496948
0.92476523,0.94230771
0.58634186,0.54797554
0.26963344,0.22549520
0.90697336,0.88494551
0.87184370,0.87281960
0.88008028,0.79909480
0.88418692,0.97513658
0.86864829,0.87907219
0.89812481,0.82881582
0.47665420,0.28370300
0.65461552,0.50191200
0.62960255,0.55876905
0.84385443,0.84394497
0.83109832,0.86643320
0.86186814,0.88522571
0.91142273,0.92619932
0.63670254,0.62764049
0.88112283,0.83414376
0.64648300,0.59026688
0.83495641,0.88969105
0.87062693,0.87930161
0.61548173,0.64108753
0.85140258,0.69405240
0.78928894,0.44936466
0.60857570,0.65328610
0.36625168,0.35587573
0.86288095,0.92472613
0.88554072,0.89193571
0.90031046,0.91976273
0.65545762,0.56158555
0.86039352,0.93181819
0.89879417,0.93839288
0.87633181,0.89677179
0.52570701,0.61343890
0.72059083,0.64621210
0.86670589,0.93771851
0.65840536,0.64251715
0.87304646,0.80676502
0.89010906,0.92940140
0.29184937,0.56573516
0.80894423,0.83414179
0.78083110,0.61239034
0.92108470,0.94537038
0.68323731,0.89517760
0.82946432,0.84082633
0.91555482,0.95478034
0.77504790,0.82629454
0.89755416,0.90221554
0.79159951,0.71525139
0.67968017,0.65284371
0.56915891,0.88858747
0.47626626,0.34324324
0.88553751,0.92129201
0.44956493,0.52965587
0.86390424,0.85662329
0.71431816,0.62984276
0.74568969,0.84014910
0.71978074,0.67456281
0.87016052,0.81367642
0.86654234,0.87737381
0.82013488,0.71979111
0.68756211,0.60012245
0.78914535,0.80896324
0.47002432,0.79903263
0.84537435,0.84898800
0.82229817,0.89979094
0.57896698,0.54217803
0.87349582,0.87184513
0.38308662,0.35023639
0.89849114,0.86972600
0.92035609,0.93309766
0.87078214,0.42963848
0.92614102,0.95238096
0.90655053,0.90292448
0.53464520,0.59359169
0.87252176,0.84764689
0.91368812,0.93941593
0.47577205,0.54642147
0.55247229,0.46075755
0.85291368,0.78745866
0.91278422,0.88140428
0.88214844,0.85532874
0.80903417,0.87586004
0.44831121,0.41097781
0.49316135,0.81294906
0.45785692,0.69873011
0.78734744,0.76341772
0.45010751,0.41939652
0.89726055,0.93331707
0.43280894,0.38063678
0.69938982,0.81461120
0.86986423,0.86356544
0.78734159,0.81888497
0.76425576,0.70126402
0.87065363,0.84600532
0.79017204,0.71799242
0.52857959,0.80576766
0.22566891,0.11573371
0.21713200,0.14471753
0.27739826,0.27370870
0.31768721,0.21802193
0.83505660,0.86745286
0.89451808,0.91761792
0.62142181,0.55567831
0.34007114,0.08684523
0.89658087,0.90174997
0.87102878,0.97752810
0.76579994,0.50587827
0.91672492,0.95787656
0.84593922,0.82811010
0.67653728,0.58943623
0.85832506,0.84034121
0.54470992,0.72468823
0.58669096,0.41787943
0.58573437,0.67524695
0.80617744,0.88715434
0.73093438,0.85143358
0.79232103,0.76572299
0.87803912,0.73267573
0.55901188,0.41130349
0.48768067,0.41253459
0.63589424,0.42333701
0.77462190,0.80225331
0.33616430,0.37073177
0.88743776,0.89083129
0.92633355,0.92635638
0.82824767,0.90638530
0.92612338,0.92786336
0.87462127,0.88932884
0.89134872,0.87222224
0.77253431,0.76081729
0.88732630,0.84429973
0.76986307,0.86156839
0.57793379,0.45977011
0.88725382,0.87298405
0.67900622,0.47832707
0.53050166,0.52225542
0.71245331,0.79806578
0.86977899,0.88583738
0.83896643,0.87263954
0.72033459,0.70811111
0.86609793,0.81082720
0.77485073,0.75315470
0.49880499,0.55298787
0.85913062,0.86960250
0.90694124,0.89337331
0.31691140,0.29517210
0.34989905,0.38227704
0.83076978,0.94754153
0.86277360,0.89941752
0.71385378,0.72067940
0.84966791,0.92671192
0.75498909,0.72892541
0.42607683,0.40477979
0.60726178,0.49698871
0.72306705,0.22254266
0.87442404,0.91021466
0.73374426,0.75062531
0.87224531,0.89143640
0.88931531,0.92778337
0.88755113,0.84831065
0.75555962,0.81224483
0.60626018,0.76156652
0.88910669,0.82895660
0.65715253,0.54846936
0.90243381,0.93164825
0.66729534,0.79267889
0.39812434,0.17075326
0.51010633,0.27600297
0.92641240,0.93757331
0.84953958,0.71526593
0.65009677,0.66985452
0.58694410,0.41604635
0.86882275,0.81719166
0.27662012,0.21320389
0.64835274,0.72617304
0.93428648,0.94099051
0.56364256,0.75108284
0.56498784,0.46733695
0.23665351,0.10089324
0.94728565,0.94463146
0.70985132,0.74892473
0.85052145,0.84465814
0.48616910,0.58803153
0.82728791,0.78171647
0.80624455,0.86781013
0.43370104,0.48348597
0.82271242,0.89264327
0.47872859,0.50515997
0.90189552,0.91790068
0.36244401,0.32206389
0.83524227,0.85796642
0.67438215,0.50573266
0.32410404,0.20284900
0.87499404,0.87166619
0.91342336,0.93390751
0.90334886,0.99810249
0.47804379,0.66365343
0.55930662,0.42079458
0.73789275,0.71060944
0.87768281,0.93063945
0.72859865,0.73101854
0.87256205,0.95595813
0.73224688,0.61693120
0.76201171,0.85039145
0.93659323,0.96496212
0.43598592,0.24882154
0.86240494,0.92705601
0.84753770,0.88428366
0.42654479,0.38980940
0.76425165,0.93256634
0.89259332,0.83937222
0.72403884,0.72542518
0.82774878,0.67465597
0.70449603,0.82082480
0.88918805,0.90278625
0.89821267,0.89822596
0.79291856,0.68520772
0.48919606,0.38532355
0.50709122,0.48704740
0.82293123,0.83126938
0.30802023,0.18162036
0.92214012,0.90208477
0.87056267,0.77817488
0.84698641,0.97225618
0.28531927,0.19789402
0.87650985,0.89963681
0.92643094,0.94377440
0.89052671,0.85839826
0.69182944,0.61078435
0.52926719,0.61413044
0.92862701,0.93711191
0.87890571,0.76545084
0.92905104,0.97058821
0.28308654,0.36443609
0.46548277,0.36312521
0.85185933,0.76708263
0.67377841,0.52937502
0.89380950,0.79024607
0.90071023,0.89081454
0.89598161,0.86110950
0.70062637,0.75369942
0.40163156,0.35006940
0.93263507,0.94548410
0.84329879,0.66498518
0.79994309,0.81830639
0.82057631,0.82892108
0.74830604,0.88184768
0.32107151,0.27616072
0.88296974,0.79850364
0.89703000,0.89065719
0.81264073,0.93086231
0.91258621,0.72998244
0.83417636,0.84679800
0.47099784,0.21632653
0.32915434,0.33326069
0.33807945,0.19183815
0.69071579,0.48743087
0.89362258,0.94407952
0.88511544,0.89401984
0.87243146,0.81552893
0.76721907,0.92807019
0.88274324,0.78325993
0.77181244,0.86732459
0.77669525,0.77313966
0.82226819,0.77454948
0.64768279,0.74046820
0.88982803,0.85392076
0.87199980,0.83129698
0.85580099,0.83756614
0.92937040,0.93528140
0.88104123,0.88186926
0.84768182,0.79381973
0.73616815,0.69688696
0.92889541,0.91922879
0.85694283,0.92652273
0.88784093,0.84664577
0.77911872,0.76540387
0.83643836,0.89585638
0.90419412,0.93859649
0.35853016,0.32080314
0.78237295,0.77245408
0.92483032,0.91573280
0.56159872,0.64191377
0.82288897,0.85057473
0.24799371,0.14787246
0.88966489,0.84416056
0.72544634,0.79087746
0.85212547,0.89317387
0.58889711,0.64391613
0.87961453,0.88299233
0.59439069,0.43194795
0.74819821,0.67963105
0.69900739,0.65176547
0.76279813,0.82643163
0.63202453,0.75226355
0.75218213,0.75716102
0.50985378,0.44025022
0.59685993,0.60747039
0.85882878,0.78223419
0.89461571,0.86879975
0.83374691,0.76255196
0.89879292,0.88927275
0.91074824,0.96808511
0.46550816,0.54241073
0.76177371,0.75661653
0.32382199,0.09863760
0.49626508,0.55715907
0.78365898,0.73624593
0.80419719,0.79540890
0.37154698,0.71696526
0.41671810,0.59149587
0.92433888,0.93978560
0.88055587,0.96419412
0.60173166,0.69525450
0.86141312,0.49738893
0.77804327,0.76723981
0.92665905,0.95720690
0.88832176,0.90099812
0.84893376,0.95794469
0.32578456,0.30288059
0.61790079,0.71082675
0.79032356,0.86419159
0.71083552,0.65958905
0.86590612,0.85815513
0.73126751,0.74333793
0.52879250,0.66988039
0.45755905,0.71070814
0.82752001,0.94148535
0.74119180,0.81313258
0.82818609,0.79290372
0.63608062,0.64735752
0.82653826,0.79436970
0.83195084,0.87596530
0.90905893,0.87224531
0.90637469,0.95764995
0.43028170,0.36092472
0.60400814,0.62922239
0.90825391,0.92874461
0.81474096,0.74860299
0.62487483,0.70526314
0.74577719,0.89749998
0.41253191,0.37449864
0.91652107,0.95026022
0.52178019,0.32028005
0.62121379,0.64425415
0.90513331,0.96162230
0.82435358,0.76695514
0.79735714,0.77394414
0.44730961,0.63053328
0.87002248,0.95596242
0.79479289,0.76823986
0.82068163,0.75105363
0.37000340,0.32566988
0.74746823,0.68333334
0.66807699,0.69332433
0.19819623,0.08037448
0.74998701,0.89220911
0.84935957,0.96814519
0.87787890,0.84479272
0.76611495,0.79338527
0.79875076,0.94954646
0.52732915,0.43284315
0.88976359,0.69583505
0.90558839,0.89440757
0.34003881,0.36039910
0.35184187,0.35332921
0.80383378,0.68539518
0.63941371,0.74256802
0.70203483,0.48081312
0.57795364,0.53971231
0.67854154,0.72615498
0.92239761,0.92392248
0.88515466,0.96382010
0.55227995,0.73432392
0.87628502,0.86331171
0.76812702,0.78166544
0.90308684,0.89899069
0.74022013,0.76608050
0.83120072,0.86064786
0.83368874,0.82148719
0.42616472,0.58672035
0.90790117,0.93351567
0.36909491,0.42465344
0.47644922,0.68576086
0.56202722,0.52576363
0.77956885,0.70784760
0.76694727,0.53574198
0.90513450,0.91157508
0.86760587,0.74523485
0.91145259,0.91091871
0.80761927,0.82977635
0.68346614,0.81792766
0.91006291,0.88826263
0.71968198,0.72435689
0.69521224,0.75868577
0.63779682,0.67637467
0.78902376,0.99567723
0.93708664,0.92606348
0.71951461,0.57397401
0.87818193,0.90356058
0.87250835,0.71961153
0.72577763,0.79880536
0.71382439,0.50130612
0.89936268,0.93789756
0.85197103,0.95311296
0.74145210,0.81991476
0.82062012,0.72814614
0.64104080,0.71362889
0.79476088,0.83389235
0.83728850,0.83451200
0.87953717,0.78860199
0.76086909,0.73657191
0.87327385,0.84061986
0.84387964,0.94540530
0.84028959,0.80648643
0.35942531,0.31366667
0.76801014,0.84796661
0.67340076,0.73351729
0.45906481,0.54718840
0.88387311,0.88162988
0.75857764,0.81057250
0.88573378,0.92400765
0.66324484,0.57354552
0.85814977,0.87233663
0.44192538,0.50428438
0.42620790,0.13711420
0.44556466,0.32454872
0.84990686,0.89262384
0.93717420,0.96363014
0.23175716,0.19509904
0.93368781,0.99425286
0.57233059,0.72651094
0.70811093,0.60988230
0.61127019,0.60228240
0.88443804,0.88930732
0.91274929,0.86408865
0.52057767,0.34537953
0.86321789,0.84377444
0.91644031,0.90561378
0.20082659,0.13695097
0.40382722,0.50378859
0.80295676,0.74292064
0.83893114,0.79004449
0.22285879,0.24258862
0.71572411,0.86763489
0.91185594,0.94272786
0.90563524,0.87228262
0.88369358,0.93089473
0.67563784,0.82659674
0.66726243,0.56715345
0.49192962,0.43750000
0.61676013,0.64929664
0.86649704,0.87730443
0.76088268,0.87369418
0.92362046,0.93460876
0.78249860,0.83190787
0.88336980,0.93884945
0.88399440,0.93355179
0.87683475,0.68113589
0.84330237,0.92294228
0.87009752,0.92998475
0.56801748,0.72939563
0.92564756,0.81197727
0.88610196,0.93533128
0.69222742,0.66155618
0.83882058,0.83815289
0.58304483,0.64594233
0.38164824,0.42381462
0.33400995,0.33714616
0.23369873,0.19290447
0.77899730,0.88418782
0.68543231,0.52502614
0.33304551,0.22745098
0.85510945,0.81343281
0.41560316,0.29205781
0.90395772,0.87623543
0.61669040,0.67069441
0.72806609,0.84294069
0.90542305,0.93773043
0.77826059,0.81463414
0.89550054,0.94401836
0.87233818,0.86678141
0.85286593,0.87521613
0.71364874,0.57271230
0.55470771,0.53940362
0.78812635,0.71821153
0.77068555,0.91012084
0.63414502,0.47917229
0.84551013,0.98165137
0.84533328,0.91362369
0.87297308,0.85909718
0.66793817,0.54266471
0.88528264,0.91173846
0.90552717,0.90658933
0.90067005,0.86791629
0.93090940,0.95744681
0.80530667,0.58418125
0.75496197,0.82290292
0.87821400,0.87208658
0.72791559,0.74011052
0.41964573,0.60045093
0.89761937,0.83905226
0.76489490,0.65093398
0.83565384,0.90899503
0.59629762,0.69546163
0.36163729,0.74472129
0.82780057,0.88727701
0.70754457,0.73769182
0.69712281,0.73922074
0.63407004,0.76217532
0.91011351,0.93277627
0.77793980,0.83050299
0.92179441,0.90052283
0.26122254,0.21194558
0.32650620,0.17284226
0.88712627,0.77059960
0.88209498,0.91963649
0.76906204,0.89316058
0.89871347,0.86691087
0.90124238,0.93498981
0.86102027,0.82219505
0.63555825,0.58228850
0.75710303,0.70582694
0.93458521,0.95121115
0.83879858,0.86135387
0.61066091,0.56164718
0.31497201,0.30777812
0.87396657,0.91045171
0.89160311,0.89441824
0.86994934,0.84645456
0.75846314,0.94160479
0.91942239,0.91924030
0.88780802,0.90334094
0.79347712,0.61994076
0.67825514,0.40143004
0.75469518,0.81551468
0.69232225,0.78577238
0.28761339,0.20197700
0.80589646,0.66645622
0.61923701,0.78876680
0.87553149,0.89681494
0.92283690,0.90065694
0.83421475,0.84817350
0.72995484,0.47467282
0.63545263,0.79190505
0.27314770,0.28224444
0.63226581,0.76277483
0.87387908,0.91742486
0.79124326,0.83657098
0.86446995,0.82361144
0.86686856,0.68787706
0.85159820,0.91034049
0.88487011,0.96686637
0.68159735,0.61069554
0.90295595,0.83503401
0.73421478,0.69078428
0.88699245,0.91370666
0.86917669,0.84787780
0.88908792,0.90089047
0.84389997,0.82089055
0.90373123,0.80405194
0.91080701,0.93518662
0.93545395,0.97240955
0.78615433,0.84013987
0.86814642,0.87225527
0.92382091,0.92179430
0.86632890,0.92888987
0.32427636,0.45072746
0.86018664,0.85822284
0.87203670,0.85104918
0.66753960,0.76822382
0.88240075,0.82194221
0.77559334,0.59787560
0.65019697,0.84872788
0.86209589,0.83742207
0.34968567,0.34439981
0.92492920,0.93610096
0.30957702,0.26666668
0.70572883,0.62235463
0.49336398,0.60673052
0.30693924,0.18010005
0.86767924,0.84380031
0.87219387,0.92732280
0.86548418,0.83649731
0.80828410,0.90593380
0.71407890,0.70613438
0.91152287,0.92788690
0.48401147,0.48370764
0.83769119,0.81176519
0.60382390,0.77148271
0.90855861,0.96093750
0.91629612,0.90387791
0.84194684,0.84759659
0.86239058,0.89461780
0.88148522,0.94208241
0.90641463,0.95119363
0.92418444,0.90923703
0.88168627,0.98130840
0.59377635,0.56146836
0.89294863,0.91173589
0.48781955,0.50154185
0.63902831,0.58893472
0.25257432,0.14646147
0.64439642,0.50424671
0.54273546,0.41088435
0.42751920,0.29401568
0.36773533,0.48030955
0.28293037,0.07546584
0.84244490,0.74223316
0.76097208,0.87124062
0.91199565,0.91920114
0.69237518,0.74406934
0.92819190,0.92366052
0.70944703,0.64682537
0.57188350,0.60321188
0.54321575,0.37818581
0.64295149,0.62571734
0.87492657,0.91259533
0.69459063,0.72680253
0.75711375,0.66029036
0.88722408,0.87170118
0.76415449,0.76955587
0.89791304,0.93319839
0.76908273,0.85587108
0.48418334,0.58505511
0.88046825,0.96349204
0.48128062,0.61569321
0.68680656,0.69259226
0.71196508,0.66327536
0.91376138,0.91928649
0.92058289,0.95802468
0.92537272,0.90012270
0.90813684,0.90114379
0.38772619,0.20503296
0.30698624,0.35523197
0.46017259,0.26745707
0.89049059,0.90437460
0.69662684,0.63581181
0.63806152,0.61104149
0.86315316,0.93285304
0.34518772,0.81210190
0.51022369,0.47129482
0.83200645,0.81258750
0.39880073,0.45364729
0.91423035,0.98169702
0.80693030,0.78268450
0.46117863,0.61704546
0.90395957,0.88990861
0.90508801,0.97045207
0.72405893,0.70130837
0.91096300,0.89285284
0.58837378,0.62724870
0.69511950,0.56385195
0.41222087,0.25637975
0.82530218,0.79500234
0.77288896,0.69508725
0.69478858,0.63013417
0.87975764,0.98334062
0.51032585,0.69055158
0.86199504,0.92383808
0.89436364,0.94218361
0.81327486,0.86891854
0.88508320,0.86367422
0.59943223,0.51754659
0.57941806,0.78297937
0.89426029,0.93371862
0.88671386,0.90143776
0.80697060,0.91566491
0.26753142,0.30468205
0.65817469,0.56979698
0.41023242,0.23250675
0.88845962,0.86995327
0.30522883,0.41469720
0.92576152,0.93900478
0.66233981,0.43546876
0.84169847,0.77786911
0.43967059,0.69936556
0.89673758,0.95305806
0.87989914,0.76403230
0.88246298,0.80402207
0.76876974,0.75223839
0.80282086,0.83078456
0.80617499,0.78764856
0.93336749,0.95811826
0.56331861,0.65855736
0.90401578,0.91666669
0.19839457,0.07999019
0.85613251,0.76587898
0.79452842,0.61953080
0.84059882,0.75495642
0.88647866,0.95080733
0.81938112,0.77038592
0.66682351,0.80060756
0.59125960,0.74267250
0.84872353,0.79971099
0.85930276,0.91238075
0.23364443,0.22217397
0.89599013,0.87666112
0.52857590,0.74300504
0.47169983,0.45698714
0.38988334,0.36278734
0.37241369,0.37106428
0.57261276,0.71309465
0.47456050,0.44977465
0.64556563,0.59016037
0.89865959,0.91565895
0.91467857,0.91120613
0.88204670,0.91013020
0.89759004,0.89345205
0.70177519,0.80820620
0.72189420,0.86757928
0.83395404,0.91666669
0.83619440,0.85315496
0.89675975,0.87983447
0.46135023,0.49665090
0.92280042,0.95381582
0.89812863,0.90521133
0.80328530,0.67910516
0.63327563,0.40959081
0.26315624,0.20271671
0.51670367,0.68091470
0.78688574,0.68552852
0.91400838,0.96753246
0.27194661,0.10126051
0.85783148,0.80754149
0.92374694,0.93436402
0.75586534,0.74362189
0.81165946,0.82724601
0.78942978,0.79828215
0.82784235,0.69347245
0.80155480,0.82698303
0.93065733,0.93198323
0.45931360,0.51811862
0.73373783,0.70439917
0.88361406,0.92944145
0.87372226,0.90636706
0.83017564,0.71667582
0.61042523,0.42832315
0.87551677,0.89857936
0.86304897,0.86661679
0.93101919,0.92589283
0.37338680,0.25634059
0.74704450,0.83868378
0.86965644,0.78827751
0.90925819,0.92849410
0.90785080,0.89989805
0.80517137,0.76666665
0.60707802,0.55991811
0.44685632,0.28589076
0.86461085,0.88310915
0.46144199,0.55888957
0.90303904,0.89850473
0.43440872,0.27880543
0.92094481,0.92014730
0.59001291,0.73731178
0.70577836,0.52108461
0.77679056,0.83567995
0.39033729,0.32528889
0.88591516,0.96169591
0.47597593,0.77822578
0.55304974,0.58068180
0.91013789,0.87170529
0.77368605,0.71845239
0.91404462,0.87380368
0.71148515,0.76607144
0.89660835,0.95326221
0.92670202,0.89258462
0.48004001,0.34081885
0.51103359,0.59745753
0.61088538,0.68646055
0.84543473,0.82647961
0.91131783,0.90271491
0.83078659,0.91725850
0.89140081,0.88718826
0.84393823,0.87114435
0.47005343,0.60120356
0.85453296,0.46852174
0.72070765,0.73190427
0.49356350,0.39402726
0.77523214,0.62926930
0.53923583,0.49691918
0.92708218,0.98701298
0.85336691,0.89826065
0.87298453,0.85449898
0.89004910,0.90821499
0.83294338,0.75923043
0.71807039,0.70555204
0.87264311,0.94282120
0.86853814,0.77347064
0.86932451,0.67157787
0.85287809,0.70553362
0.71168327,0.81201661
0.89808971,0.88078886
0.76802355,0.83578432
0.92763585,0.94103128
0.57833320,0.53107768
0.67725170,0.52988833
0.49055871,0.20009609
0.42247906,0.39013493
0.70782208,0.78663665
0.91278869,0.89193547
0.60719895,0.44416144
0.83504027,0.93978345
0.83395332,0.81386513
0.35585397,0.33039546
0.80670220,0.65399677
0.81382537,0.75515068
0.93770766,0.96022224
0.85883975,0.87657964
0.80230945,0.84198749
0.74902040,0.86983937
0.76224154,0.78114754
0.70489860,0.78111744
0.67532760,0.56970626
0.84293658,0.92520034
0.83198786,0.79707003
0.87536901,0.89074498
0.92025453,0.84968865
0.74944091,0.76813245
0.61831295,0.90280050
0.87992358,0.94572371
0.73388422,0.82553840
0.51383573,0.65357143
0.88759214,0.95462906
0.64333975,0.66510111
0.86414528,0.79662228
0.91721171,0.90443242
0.75602806,0.84760690
0.77353704,0.83841294
0.72619814,0.67039657
0.78613496,0.83207256
0.83689129,0.81657487
0.76804084,0.77877766
0.30400541,0.31129807
0.67427099,0.68655598
0.40961462,0.59858119
0.22819918,0.17453220
0.83852941,0.93983346
0.82889330,0.93475556
0.82001430,0.75798655
0.75246942,0.70731276
0.69823706,0.71174288
0.49851078,0.35124078
0.90735704,0.91406113
0.81858569,0.76807600
0.78031236,0.76313525
0.45730612,0.31278375
0.42683372,0.44432133
0.88707072,0.90317613
0.72754288,0.79202557
0.90625834,0.93099362
0.58091694,0.70170403
0.46276879,0.54166949
0.80811983,0.85633147
0.88028777,0.90139705
0.77366388,0.75012022
0.87196839,0.80881226
0.77569312,0.82235855
0.46685264,0.60790813
0.76184630,0.74700153
0.90109259,0.96954507
0.87024742,0.91812015
0.80857718,0.84948391
0.18769222,0.08566161
0.86767763,0.12643468
0.73993546,0.85046059
0.84566563,0.90807289
0.90646100,0.93888801
0.67342579,0.60186297
0.92339158,0.91981262
0.71722245,0.69896704
0.66569006,0.66550720
0.75255477,0.77146763
0.79819030,0.90429294
0.70428544,0.79958069
0.45100224,0.40756464
0.63390446,0.39721471
0.35992336,0.17623153
0.74416924,0.73163074
0.88156021,0.89707863
0.92888892,0.56689388
0.80148810,0.87054497
0.81399554,0.88084084
0.90781516,0.91818798
0.87868422,0.94163120
0.93222809,0.86440676
0.82291460,0.87353730
0.35219070,0.56899458
0.52197778,0.49455270
0.49828908,0.61777139
0.51774377,0.52595538
0.82594085,0.94755542
0.40160894,0.36901370
0.88442636,0.87933469
0.82371944,0.87507808
0.89516819,0.91969991
0.92290175,0.97183162
0.80523360,0.69854492
0.88949496,0.90601087
0.87206638,0.91934985
0.81891930,0.76273364
0.85167766,0.86068255
0.87408471,0.91656953
0.72393179,0.60021871
0.89571428,0.85117328
0.87617385,0.86987966
0.84322339,0.84303600
0.58960176,0.77068216
0.61067253,0.79150760
0.93442023,0.97414732
0.85597622,0.88803732
0.89812934,0.90785474
0.67510146,0.71074456
0.85489672,0.83252627
0.54513311,0.63190854
0.88899839,0.88191229
0.27779341,0.20976952
0.86882937,0.95288247
0.90933800,0.92028987
0.43849483,0.49156144
0.87117743,0.83364457
0.86985672,0.87213224
0.85779077,0.88528138
0.70107609,0.58817035
0.40958622,0.31286803
0.47570038,0.62922794
0.56408280,0.61418188
0.65434974,0.24347527
0.20005938,0.11873738
0.77340698,0.76134181
0.41565523,0.39613393
0.65416372,0.82008451
0.84680378,0.80440974
0.45939159,0.33329469
0.87757176,0.92367554
0.86557949,0.89866668
0.57951790,0.70171762
0.44903994,0.42954203
0.75691283,0.80566639
0.77944243,0.83036262
0.92693722,0.92585701
0.80682039,0.74073303
0.76267934,0.80979818
0.89419436,0.86962384
0.75677925,0.62326616
0.72516453,0.63095152
0.88722652,0.89482588
0.69051635,0.83699787
0.52467299,0.49342829
0.85227883,0.91283423
0.88352334,0.80642664
0.65028882,0.62330812
0.89893866,0.89504141
0.88115519,0.89152396
0.78942066,0.92405063
0.32170761,0.32725823
0.45215338,0.39709273
0.84196597,0.93515384
0.89362711,0.88094622
0.84977853,0.85957152
0.38676786,0.27339184
0.90552008,0.86980635
0.86623836,0.79888940
0.39649877,0.42548537
0.86558050,0.86160082
0.34963647,0.54627961
0.76281542,0.43585798
0.67015600,0.50837368
0.83207488,0.85884035
0.91568613,0.88307792
0.33751640,0.45987770
0.90345454,0.91107064
0.30118385,0.24315847
0.85919100,0.90119338
0.85340929,0.90645260
0.77646738,0.72031248
0.85567605,0.87706041
0.78126705,0.80713564
0.85011828,0.85912198
0.79865104,0.72882140
0.86679566,0.99019605
0.83326042,0.83900726
0.57790005,0.32135075
0.55872554,0.39172241
0.59512079,0.67829460
0.36343309,0.37510505
0.88998210,0.83604652
0.86945117,0.85988456
0.51327062,0.65158045
0.28719214,0.31108308
0.53405851,0.50334930
0.85166359,0.85481507
0.78190291,0.79130161
0.82263750,0.84695125
0.71612573,0.61887354
0.31785089,0.14263675
0.55350280,0.48690495
0.85887033,0.86300260
0.36526370,0.26383927
0.66758841,0.53753352
0.78587770,0.62433434
0.64424229,0.45224568
0.90602672,0.95352924
0.87793386,0.80819237
0.73525608,0.69459707
0.52952349,0.67878431
0.91900486,0.89837396
0.93043840,0.95400435
0.88040763,0.91041696
0.86703348,0.75858337
0.72591555,0.82003665
0.77147913,0.70340455
0.68362516,0.48337805
0.50756264,0.37991992
0.82240021,0.86611974
0.74063641,0.58784384
0.75580436,0.75064933
0.86280680,0.90627605
0.42782244,0.65292746
0.91112572,0.91074139
0.66316575,0.76752019
0.82850021,0.87040246
0.83198571,0.61211991
0.41619903,0.43487820
0.86469972,0.90623552
0.93081874,0.89944851
0.84669781,0.84052944
0.41792959,0.26004007
0.67873907,0.84988815
0.54490161,0.53417081
0.78511119,0.83466578
0.75017166,0.52981442
0.86199963,0.86218321
0.75648022,0.81845027
0.87734950,0.86103523
0.45940971,0.51631916
0.74467170,0.83559859
0.72989392,0.18303572
0.63191938,0.93627453
0.87033874,0.83944249
0.85818624,0.84463322
0.20492801,0.09526616
0.92451936,0.93244487
0.85485464,0.77100843
0.85001808,0.94883019
0.92783886,0.92723972
0.81169212,0.68794161
0.86732495,0.86485237
0.92676842,0.92160589
0.84035468,0.89840817
0.82654071,0.92906165
0.82423669,0.75259233
0.78042388,0.61574060
0.74456745,0.59257960
0.89566743,0.79675978
0.66662276,0.59789425
0.93023551,0.93469661
0.88943166,0.54686409
0.91828620,0.93159062
0.75083917,0.70015490
0.73558295,0.86223722
0.86544818,0.90609950
0.88996875,0.94830412
0.88901907,0.94938821
0.36579075,0.35658288
0.70469725,0.71201617
0.55903774,0.45272169
0.79579347,0.82881021
0.44018748,0.37209436
0.85868406,0.92400002
0.76277161,0.68304229
0.73831928,0.71880341
0.92160690,0.88179296
0.82438427,0.76571894
0.75690907,0.77197582
0.56186980,0.57446116
0.33147579,0.32542616
0.71375692,0.65605420
0.68777847,0.61134416
0.44142869,0.58115762
0.84080637,0.81293952
0.80080843,0.60676390
0.88484174,0.82358974
0.80819249,0.85777777
0.30132717,0.27318868
0.55169916,0.81480813
0.82755846,0.87839675
0.46538407,0.29782945
0.31516191,0.04680178
0.18622935,0.06657046
0.86511666,0.90623760
0.85976988,0.81647158
0.66043407,0.58619440
0.86910075,0.92981434
0.90627331,0.95986170
0.63240099,0.74702710
0.53091139,0.64082605
0.87165415,0.76300967
0.86488181,0.83017105
0.85541981,0.84848541
0.79830194,0.79630065
0.89132822,0.79869944
0.69119096,0.59406590
0.86270761,0.79819822
0.80839437,0.81499010
0.91534930,0.91630435
0.53745317,0.34444845
