Predicted Score,Actual Score
0.85405141,0.97402596
0.83033621,0.73417723
0.55558306,0.12823969
0.79912376,0.81259978
0.87096405,0.89496130
0.58309954,0.47500202
0.88224566,0.90291262
0.88019323,0.96124291
0.89015281,0.89341539
0.89214349,0.88575649
0.82352412,0.89799571
0.88405454,0.90173441
0.85446787,0.87073731
0.91082180,0.92330921
0.37763894,0.56876683
0.64710176,0.75344354
0.91207480,0.95312500
0.91201222,0.91624480
0.77919853,0.69825709
0.55328614,0.67295039
0.89244848,0.92591548
0.74713790,0.83874792
0.73187566,0.67183489
0.90216255,0.87838751
0.84142524,0.85806680
0.42025942,0.67744184
0.63814789,0.64183676
0.89328504,0.90314204
0.46585783,0.39795625
0.20399708,0.23219927
0.76007259,0.73923182
0.57506859,0.62878650
0.85069489,0.79866892
0.96807259,0.93340164
0.80757654,0.76762378
0.85234725,0.87750590
0.70995116,0.70610350
0.92898679,0.87274390
0.85141706,0.77471316
0.76826698,0.74017882
0.50691843,0.53162020
0.81979424,0.85185730
0.87522745,0.82243454
0.88915449,0.96494067
0.76974165,0.68949252
0.80080700,0.84601575
0.62719214,0.66256118
0.91101140,0.96178091
0.87877899,0.89498997
0.44160429,0.60363024
0.95527911,0.95655042
0.71856213,0.52236116
0.73492938,0.77376813
0.90439355,0.95441693
0.71208876,0.69354075
0.49987760,0.63580692
0.83889371,0.84415495
0.59825063,0.40421757
0.61857986,0.71092772
0.52401811,0.48772570
0.87718469,0.92003518
0.67582321,0.80931371
0.74533063,0.81769353
0.50242877,0.58732945
0.89527237,0.93263525
0.91714847,0.92334527
0.83065099,0.86228913
0.32787526,0.61061680
0.93954146,0.94150591
0.89148605,0.93775851
0.73190665,0.77325583
0.68234849,0.75315696
0.95632648,0.94875002
0.94109684,0.91922528
0.11874101,0.08555707
0.88052154,0.91582203
0.72815615,0.45671695
0.90010488,0.90770239
0.86422551,0.85985541
0.70219988,0.62730861
0.61246794,0.72826087
0.89577031,0.88688642
0.64300048,0.71479058
0.37785047,0.36846665
0.58824015,0.65540588
0.52032918,0.68428475
0.79491383,0.84891218
0.86497670,0.55244505
0.81438488,0.35617423
0.52288496,0.50777072
0.79555374,0.85436708
0.74560434,0.79423076
0.83606803,0.89748764
0.71120894,0.83244783
0.94815832,0.92120171
0.76591444,0.88900036
0.70236850,0.84893095
0.28878623,0.26438427
0.87204367,0.93618190
0.68088382,0.71952027
0.67650843,0.70891517
0.85520315,0.93338555
0.82865316,0.81782299
0.75899655,0.82515365
0.93707830,0.93354863
0.73241591,0.76575905
0.83746827,0.78066832
0.74522859,0.81996006
0.36757654,0.70684522
0.80022502,0.62531328
0.90568429,0.92056233
0.89149994,0.89564049
0.79232299,0.75606227
0.82261986,0.79218322
0.83793074,0.74072599
0.91045982,0.98071426
0.89967710,0.92811561
0.90790820,0.87471670
0.93849653,0.91462636
0.85596621,0.82258064
0.41486001,0.39279380
0.93666875,0.88937986
0.87422526,0.90602368
0.81789225,0.81310177
0.40890440,0.55831259
0.84284657,0.94914424
0.92126215,0.95865506
0.87095279,0.91876382
0.61862308,0.50917327
0.43688950,0.36498562
0.45398471,0.61657834
0.86302263,0.79741937
0.92179954,0.95239449
0.44957513,0.28675476
0.19967042,0.07518037
0.71161199,0.71153843
0.90999001,0.92348027
0.92293882,0.92421323
0.82604527,0.56428504
0.85639292,0.82616764
0.38602647,0.34419924
0.76019913,0.81334132
0.55824155,0.65832502
0.35983276,0.43220028
0.83388746,0.90905404
0.85504419,0.79105079
0.58160460,0.55054945
0.74608147,0.62651515
0.80166084,0.86879802
0.87171942,0.97530866
0.86586773,0.87283242
0.52733624,0.56747156
0.90863067,0.94212097
0.70147580,0.66474348
0.83412087,0.92114174
0.57182235,0.53451371
0.42350525,0.53433007
0.34016502,0.26161468
0.71588713,0.76617503
0.52523762,0.26211971
0.76232314,0.85384059
0.74479133,0.83106786
0.51453012,0.52025586
0.66416579,0.45982206
0.76516217,0.66571146
0.75079548,0.65996927
0.67810071,0.55469769
0.37188485,0.49744070
0.82525212,0.82678950
0.90088576,0.86687738
0.39149317,0.50203669
0.67237151,0.82179201
0.76783574,0.83482140
0.89057410,0.87538403
0.61350483,0.42339361
0.92083383,0.87560409
0.84631288,0.96667218
0.90634358,0.91998285
0.64559841,0.57792211
0.23009756,0.11602031
0.35604697,0.44695711
0.90902877,0.90727723
0.28945351,0.21682203
0.57197237,0.73896211
0.21096176,0.08269231
0.93814468,0.89456820
0.41675103,0.54569191
0.32493746,0.53317410
0.85956931,0.80749857
0.83775747,0.91145813
0.76229590,0.55948716
0.81968868,0.80233300
0.87527084,0.88644528
0.56682050,0.62116641
0.94161189,0.95716840
0.76361620,0.88170350
0.89397407,0.87957662
0.89915538,0.89387870
0.42277220,0.40693602
0.88029647,0.89572513
0.88867104,0.91693234
0.85623240,0.84765124
0.56631750,0.76251251
0.90502000,0.91515762
0.95233095,0.87500000
0.91414106,0.89019877
0.84727967,0.61056477
0.65797770,0.82854885
0.89020854,0.78734589
0.74066359,0.78923386
0.85929859,0.88581467
0.15301389,0.16648623
0.54982448,0.67439586
0.62041312,0.60586655
0.30094445,0.21057090
0.95849860,0.97528487
0.63648880,0.77255833
0.78922939,0.81333578
0.45797244,0.40319654
0.37318227,0.18734229
0.87121254,0.93949294
0.88028073,0.83993411
0.83951706,0.81172067
0.91947764,0.84017092
0.91239172,0.92468828
0.90100193,0.88304842
0.68608385,0.66082203
0.89984667,0.88372952
0.92608595,0.83225191
0.92847407,0.95003641
0.86806810,0.72066885
0.81353408,0.86759102
0.94514787,0.95790040
0.86563975,0.90465409
0.87670875,0.89721519
0.67711604,0.70557100
0.68509030,0.69692564
0.90051401,0.92170662
0.67685574,0.82425898
0.78568053,0.87733400
0.76128387,0.73381919
0.88058734,0.93076921
0.33300054,0.24927424
0.76261532,0.52957636
0.90254855,0.82738793
0.73987973,0.86590999
0.94066727,0.92802405
0.91656959,0.90368575
0.59364343,0.54557669
0.70350045,0.62063390
0.73482561,0.79854780
0.86478454,0.74737102
0.17400908,0.12833922
0.82775187,0.79881155
0.40445423,0.35335454
0.94279671,0.93185782
0.52425259,0.59370100
0.68787318,0.77021104
0.52449280,0.52511907
0.46118265,0.30528343
0.73107779,0.80870020
0.56061292,0.34392732
0.83089846,0.89617443
0.43088442,0.35266176
0.14654469,0.07075887
0.94063526,0.87498575
0.66568941,0.88172841
0.19530907,0.12780370
0.90941644,0.90276414
0.75682795,0.83361101
0.74594837,0.88522983
0.92138660,0.95717955
0.51371801,0.46015915
0.60688579,0.38126567
0.23801935,0.25172111
0.83244193,0.80265307
0.78086293,0.76514375
0.41491079,0.07320361
0.83148557,0.89524198
0.62208050,0.73342174
0.89493650,0.80329156
0.83469713,0.85264045
0.80883193,0.78269428
0.83347625,0.87559807
0.85810298,0.90807718
0.31826127,0.36312518
0.92977923,0.80876142
0.34904766,0.25291896
0.83811402,0.86300600
0.80235976,0.79727256
0.51217663,0.61340129
0.92435944,0.89284766
0.94417197,0.91649079
0.61140978,0.55881286
0.42806736,0.54536289
0.87023288,0.75468165
0.86347401,0.94361734
0.74401981,0.59260988
0.37336868,0.64701778
0.77533996,0.71809447
0.92379433,0.93402511
0.64374268,0.58740681
0.38920116,0.41599599
0.20549214,0.14241019
0.78423548,0.67805189
0.90084207,0.80217671
0.54724234,0.66494596
0.91666919,0.95568520
0.56083065,0.61684728
0.91117030,0.88004929
0.83401221,0.88933253
0.84982932,0.82872027
0.80079502,0.80215055
0.86153698,0.80901641
0.79620779,0.82661730
0.18191224,0.11900791
0.82771879,0.87948585
0.78480637,0.80047262
0.69818038,0.46851847
0.44974926,0.57297772
0.86482608,0.71595830
0.52252471,0.74690306
0.77510315,0.73192525
0.74146837,0.75357145
0.42886889,0.57308745
0.57630312,0.62363571
0.67430282,0.65479439
0.88367379,0.93142426
0.80459571,0.83667612
0.88960665,0.89990115
0.71641785,0.67989606
0.91275883,0.94007879
0.82724774,0.91771734
0.90128833,0.91071504
0.85110259,0.92906648
0.93207675,0.91549295
0.80682182,0.66958934
0.38083413,0.41143456
0.84389877,0.88174874
0.84527034,0.85992599
0.61067241,0.13107717
0.85043883,0.89474386
0.80757105,0.68202478
0.94217420,0.94682842
0.66659331,0.63246292
0.87471378,0.62972188
0.62606323,0.37559256
0.87803543,0.80065358
0.92998648,0.92087841
0.28202429,0.36875001
0.93436247,0.91927636
0.45700097,0.46600592
0.64619571,0.61411488
0.92660749,0.89916748
0.88598943,0.92163610
0.91134930,0.93200552
0.65346551,0.61390060
0.84343588,0.65883905
0.90402806,0.67633200
0.77427864,0.86915255
0.15191248,0.15155677
0.51351827,0.49106583
0.57704568,0.69213933
0.36377969,0.24906784
0.55381989,0.54263598
0.84235799,0.77467996
0.84744871,0.68409622
0.26401797,0.29139313
0.43581879,0.51904726
0.41151837,0.38562462
0.86930341,0.84973544
0.91704887,0.95088142
0.92595845,0.94298244
0.90036023,0.86500758
0.89053100,0.90359151
0.84400094,0.87472767
0.58981085,0.46424896
0.92949569,0.95084935
0.78504384,0.77117878
0.70671552,0.58342171
0.91493440,0.91828686
0.83669567,0.80697674
0.76096296,0.71942645
0.88152593,0.93650794
0.50629300,0.57005721
0.30279958,0.51761085
0.85539126,0.75609297
0.53052372,0.45612457
0.85531378,0.73582870
0.48649883,0.38604474
0.86318475,0.90181994
0.75827563,0.73497599
0.85035235,0.88957173
0.24746761,0.34808046
0.81095099,0.92061257
0.87650299,0.90839982
0.55400980,0.55831069
0.62128061,0.72351193
0.87064934,0.93805766
0.65276062,0.64244634
0.61639255,0.32544324
0.74530685,0.73041230
0.47892371,0.34453544
0.43170875,0.50486070
0.79843390,0.78953445
0.85597479,0.94339621
0.39105698,0.30385977
0.65051037,0.64590788
0.86967003,0.85407209
0.85922468,0.91231942
0.47592211,0.18738404
0.52460074,0.45740741
0.87797576,0.96041739
0.62377346,0.72167873
0.63357389,0.42158175
0.88192022,0.91804773
0.79845011,0.78965688
0.61698711,0.52184761
0.81311637,0.87190974
0.93249631,0.94274896
0.81811410,0.80571985
0.81296504,0.07899183
0.85508811,0.60848868
0.89627296,0.89148116
0.61723357,0.51343048
0.93910861,0.92359877
0.73584062,0.79474926
0.75382698,0.88637221
0.89888120,0.98275864
0.93173248,0.89629233
0.83087581,0.89764708
0.81632799,0.84450263
0.63590157,0.61614585
0.19260791,0.17829013
0.87076968,0.92699409
0.81038815,0.81618500
0.55272400,0.53220779
0.88012433,0.92192829
0.49411228,0.33106670
0.49153847,0.44288188
0.61512065,0.56109023
0.52583861,0.43951538
0.92039496,0.92528480
0.93777150,0.93086082
0.35235536,0.26050326
0.54695857,0.56626183
0.51739687,0.36328125
0.87429225,0.92448813
0.77828848,0.82105064
0.67210042,0.68381846
0.82423049,0.82598782
0.45730034,0.50071144
0.88386405,0.94360578
0.83380383,0.90516317
0.69461024,0.72879392
0.72045404,0.76458818
0.87251586,0.88809526
0.93527538,0.92989480
0.90908158,0.98217809
0.73554432,0.86826700
0.86842811,0.56681240
0.89130551,0.85920775
0.55086684,0.57705969
0.94600070,0.88157892
0.68420690,0.78612471
0.74818575,0.94624126
0.60941410,0.54118794
0.50504386,0.63134241
0.57049251,0.87279165
0.45708632,0.31614673
0.89126569,0.86965811
0.84354872,0.88306868
0.84456104,0.92385060
0.76464212,0.76888734
0.87595427,0.84614265
0.74750006,0.72766995
0.16116136,0.11512188
0.93460369,0.93403876
0.83619416,0.82826018
0.86783463,0.87306368
0.83019567,0.87089950
0.64868617,0.75645971
0.83366328,0.85018182
0.79846358,0.66416782
0.62560672,0.75797015
0.42608607,0.25341764
0.50366354,0.61868542
0.91241419,0.93299794
0.64926720,0.53369093
0.36753058,0.50543553
0.89203912,0.94818151
0.79725730,0.89948452
0.85461819,0.88830614
0.74267709,0.55795473
0.79188824,0.71386105
0.68871653,0.76758122
0.88588768,0.75173992
0.73032635,0.67453843
0.23006782,0.15517631
0.17832899,0.08621617
0.92774665,0.87846482
0.81082153,0.77368772
0.30782741,0.32831958
0.66231579,0.69556928
0.81729734,0.85143918
0.83203483,0.96383566
0.80259341,0.91259277
0.51561689,0.42557567
0.91435850,0.88128066
0.57313645,0.73436350
0.80221260,0.75521260
0.91883862,0.94178456
0.84994674,0.83820224
0.76065272,0.90534252
0.91379982,0.90604395
0.60452110,0.54397857
0.31968376,0.34042621
0.76908773,0.74213564
0.32839876,0.46721312
0.74868637,0.83787876
0.84658056,0.77691257
0.64168799,0.78463358
0.63071603,0.54062980
0.52915990,0.56309479
0.90155745,0.90254986
0.70720863,0.81804323
0.86067826,0.88422751
0.80942863,0.82250792
0.51747745,0.68953943
0.87754714,0.90570074
0.93152958,0.94573575
0.94549066,0.98872048
0.38524175,0.28900936
0.89778554,0.79104477
0.96279818,0.93850523
0.91438687,0.89795154
0.80928540,0.83737725
0.72574461,0.74095714
0.34732193,0.33032396
0.35943764,0.34530908
0.79948020,0.80003738
0.81741560,0.74438637
0.87883615,0.86483365
0.75162119,0.16271827
0.32451713,0.27488452
0.88628006,0.97891808
0.82763290,0.81934381
0.72971928,0.87059790
0.75605106,0.53162599
0.79475367,0.89136720
0.78260052,0.78222442
0.77210617,0.87974375
0.17230237,0.17347129
0.79784018,0.78741497
0.46400076,0.57768714
0.81120574,0.66176468
0.74735838,0.37600806
0.73507947,0.90059763
0.94913000,1.00000000
0.70911157,0.75333333
0.49052504,0.51879370
0.79751116,0.87455761
0.80824733,0.88170165
0.34976619,0.33645615
0.83335769,0.78451216
0.89227164,0.87897205
0.53135151,0.37231278
0.60066450,0.65100884
0.92182559,0.98514849
0.38033408,0.34342417
0.93648458,0.94150341
0.84375679,0.86278194
0.74411708,0.73398250
0.44777244,0.18351649
0.93058836,0.17508772
0.76979804,0.54235989
0.84513342,0.88377446
0.91476274,0.88747102
0.83556771,0.68725389
0.88314313,0.94704670
0.68305290,0.76789868
0.89693785,0.90375656
0.51684052,0.38664913
0.81131172,0.58123970
0.90293282,0.94471526
0.37388429,0.58785385
0.19790858,0.13317041
0.77723479,0.82111031
0.77468467,0.81927550
0.68865967,0.50737178
0.35918224,0.35793820
0.86596358,0.94668913
0.64840853,0.78106236
0.70535266,0.76445186
0.83781284,0.94601381
0.88317084,0.90634274
0.67224932,0.68380833
0.89398301,0.90094048
0.32500395,0.20601732
0.70320404,0.57549256
0.38666853,0.40170914
0.61978805,0.56870341
0.79839134,0.70322567
0.32179266,0.56885648
0.89672786,0.95232815
0.83092213,0.97230917
0.91877037,0.90798736
0.54038334,0.50279957
0.91962665,0.93726468
0.42734396,0.47462690
0.86856705,0.98611641
0.79644865,0.84835601
0.48193195,0.45559782
0.85403019,0.90083504
0.86701930,0.91296166
0.89133549,0.94327378
0.33992285,0.16424765
0.43044913,0.55503821
0.87495232,0.91661292
0.41435522,0.45925885
0.34499457,0.29532996
0.92853457,0.87887806
0.89727604,0.90586281
0.26307291,0.17696486
0.60915285,0.82478631
0.89903641,0.86314261
0.82656270,0.76869750
0.56858242,0.53705597
0.89938849,0.92538112
0.34911460,0.56055903
0.87231451,0.88629723
0.67274696,0.75627935
0.93703842,0.93670887
0.75080276,0.82308888
0.54868191,0.40456834
0.88871318,0.91089743
0.71837145,0.78777778
0.91655588,0.92911357
0.79756039,0.69113922
0.88905376,0.90190220
0.78101623,0.63666749
0.90512365,0.85641026
0.51556492,0.17829363
0.82458109,0.69058317
0.15765351,0.15327817
0.87575454,0.90101820
0.86231560,0.91109407
0.92871177,0.95047361
0.93223828,0.92647058
0.51153874,0.68912905
0.89366150,0.92720586
0.35733575,0.42086020
0.34599817,0.27375650
0.90646172,0.86971354
0.86803311,0.89973330
0.79702640,0.79886061
0.41717312,0.43711844
0.89751840,0.98076922
0.25096405,0.10615226
0.74986124,0.83466554
0.86426562,0.88856828
0.88398075,0.94647890
0.39345470,0.43639743
0.80040133,0.55140448
0.85182279,0.87530923
0.85367125,0.78524160
0.90435117,0.91887212
0.90807569,0.96458089
0.54473239,0.73625642
0.62323165,0.62658280
0.77954805,0.84385967
0.85050303,0.15565036
0.94764453,0.95704174
0.93245649,0.89234298
0.35856280,0.52842444
0.87716711,0.87819541
0.92278934,0.88687754
0.72696376,0.73830181
0.70560551,0.52949911
0.81387562,0.71129984
0.85157633,0.86401820
0.78485888,0.84465569
0.37413344,0.62325048
0.84918398,0.70629656
0.92087770,0.96345747
0.80755842,0.85711020
0.54616100,0.42282653
0.85085714,0.83812600
0.78423351,0.91418177
0.69450593,0.53076196
0.80201381,0.76756668
0.61641157,0.48365700
0.81900704,0.84386742
0.80292910,0.87472898
0.51265764,0.43295455
0.85440373,0.15256086
0.60526896,0.56848830
0.42166775,0.46316090
0.79135901,0.84844136
0.39469165,0.58766234
0.91297698,0.93451458
0.92296237,0.94434857
0.74387139,0.87548947
0.83560801,0.66451401
0.90616626,0.93750000
0.83210719,0.87782383
0.75117862,0.77662879
0.39302683,0.52112883
0.84502614,0.74080932
0.34685379,0.35436183
0.88277924,0.90838045
0.88412195,0.86874288
0.40539050,0.40221879
0.83251548,0.68074971
0.77153349,0.27570876
0.53013909,0.65938246
0.58784622,0.75972068
0.74500901,0.72567880
0.92692029,0.92263740
0.83529192,0.90852314
0.82069409,0.77347380
0.86421591,0.90735614
0.35438547,0.39060232
0.92903173,0.93160450
0.88645315,0.93575215
0.91802967,0.95952332
0.93511021,0.92662084
0.22165038,0.13453953
0.65794808,0.80454558
0.88554764,0.97752655
0.88932395,0.84678727
0.83334261,0.82333183
0.87992501,0.93022865
0.80721849,0.61199600
0.60349000,0.77859968
0.65904438,0.80725890
0.83959019,0.83139491
0.76135683,0.83583742
0.89532626,0.87042934
0.53990489,0.70664060
0.46969837,0.36685368
0.82547647,0.74097306
0.70734191,0.79255486
0.86699313,0.84913212
0.76926458,0.71875864
0.83295906,0.67011690
0.63593549,0.32683048
0.60777926,0.55766112
0.85321504,0.85989255
0.19964537,0.19367094
0.85878778,0.93538404
0.91185004,0.90991825
0.80233151,0.68539327
0.89008248,0.91759419
0.79230344,0.72106284
0.41282296,0.32704347
0.92379522,0.93608046
0.83792001,0.86502969
0.90769488,0.95979702
0.77547491,0.84799147
0.37032747,0.37755728
0.92317212,0.95145708
0.72488225,0.56290847
0.87735450,0.91645712
0.89243406,0.95285410
0.57280564,0.62650567
0.39073992,0.32072335
0.92417121,0.89240617
0.41228810,0.35028657
0.51025873,0.71653408
0.86993867,0.88588905
0.41606319,0.26666120
0.74838048,0.74499589
0.89736998,0.83351606
0.84834468,0.96326405
0.81428003,0.90768588
0.89816773,0.94939309
0.76913589,0.85437626
0.88263291,0.95850748
0.56335044,0.54287916
0.37436083,0.36428204
0.87255883,0.88704598
0.45365289,0.43425927
0.90381724,0.94929725
0.62701494,0.71067512
0.81832856,0.63700873
0.74353153,0.86472732
0.61863875,0.71541029
0.79731297,0.63905811
0.85640830,0.80315578
0.90875310,0.88850272
0.76331693,0.66753322
0.45243976,0.44647831
0.67776030,0.62124932
0.73693681,0.87901765
0.79468209,0.78030300
0.31902644,0.52420342
0.86738724,0.92205089
0.86549437,0.78166133
0.85250378,0.73881441
0.83813357,0.84031099
0.70534921,0.63799721
0.91957134,0.94316679
0.88583946,0.93215811
0.88342291,0.89567053
0.87890476,0.25329894
0.74620861,0.86700290
0.85960573,0.95950282
0.90076655,0.88489062
0.75315678,0.86976236
0.81366128,0.76693648
0.59225637,0.30950662
0.82959324,0.72567809
0.91585362,0.97021693
0.28331876,0.21486366
0.87858510,0.78550839
0.92968786,0.93685639
0.57922465,0.49767870
0.65073967,0.69782382
0.45979241,0.25678471
0.90263265,0.86602592
0.77510405,0.55377764
0.66707295,0.62692308
0.53437459,0.46017650
0.94510752,0.92502511
0.89245808,0.88770777
0.68364584,0.82881659
0.69327343,0.50868225
0.86538708,0.92674989
0.38420683,0.36921552
0.92067611,0.90374178
0.90665126,0.88365299
0.68660223,0.72280091
0.49616551,0.36578321
0.77324998,0.84963846
0.94864464,0.95857555
0.86675620,0.91486543
0.85609251,0.82511932
0.45780444,0.54123598
0.86410320,0.87810737
0.85866237,0.88048673
0.85166883,0.86632097
0.87478834,0.89029562
0.87737465,0.92037600
0.56151927,0.57556325
0.70792121,0.68744832
0.91596723,0.90070903
0.61365992,0.65185744
0.85221732,0.84777701
0.28688261,0.32695955
0.92120445,0.99002868
0.54653281,0.69989926
0.82329488,0.71813726
0.85117459,0.61200142
0.78779030,0.49263832
0.91103840,0.94070256
0.93818879,0.96220237
0.85898006,0.85051167
0.92180008,0.91666669
0.86280465,0.77461988
0.30610195,0.46426493
0.28386080,0.17483173
0.92200637,0.88480097
0.79145336,0.83754009
0.80936491,0.84317225
0.89245063,0.83602023
0.28395680,0.11402626
0.90278691,0.95478034
0.91574758,0.91940153
0.95143878,0.97209769
0.86872321,0.88014835
0.68696404,0.51186508
0.87241638,0.92653054
0.86388606,0.96006495
0.75341940,0.67934263
0.79350829,0.71043456
0.93388230,0.92495000
0.80052251,0.35361624
0.45194966,0.50788003
0.94066608,0.98148149
0.60468560,0.68704647
0.83079755,0.86311477
0.42939672,0.52732795
0.85349166,0.88892710
0.92371112,0.95763242
0.75703180,0.80791467
0.85876656,0.83319384
0.89729559,0.81443512
0.45765379,0.68139619
0.52536654,0.74045002
0.74735945,0.80992734
0.81793356,0.87623996
0.34511501,0.67512143
0.59262919,0.60962784
0.86260772,0.94444442
0.84960890,0.91606665
0.54346740,0.35512239
0.90670210,0.90430218
0.94677854,0.92204130
0.67922109,0.55746180
0.51925588,0.49128383
0.91447961,0.89216524
0.92146486,0.95149255
0.93343687,0.98148149
0.72648299,0.94337589
0.92152393,0.80992484
0.89547718,0.90847337
0.86607236,0.92484701
0.46208572,0.26357070
0.13676184,0.08537281
0.90850866,0.93373901
0.82864922,0.87512636
0.92412364,0.91501004
0.79142201,0.95940173
0.97626209,0.91044438
0.50462115,0.59308600
0.84181994,0.90087485
0.73888195,0.61900586
0.78949428,0.82157707
0.68276513,0.52896458
0.81560099,0.73947090
0.78749758,0.79045957
0.56347579,0.54188710
0.80053878,0.87981242
0.51418209,0.65378422
0.44347256,0.61596203
0.94189435,0.94051993
0.59021610,0.74266541
0.64797175,0.64204597
0.85087359,0.88051951
0.87581998,0.89543957
0.76502913,0.81695253
0.79012328,0.91156465
0.82380337,0.64776045
0.89809519,0.92656809
0.88222867,0.93346846
0.86521184,0.92307693
0.89410537,0.91433054
0.86229420,0.88171500
0.85158134,0.78515816
0.31301013,0.21394357
0.73382127,0.71412039
0.55386126,0.37766421
0.88148910,0.86475295
0.21700105,0.16192956
0.58208907,0.68831170
0.77247101,0.87214881
0.88849753,0.77392119
0.26618755,0.17979489
0.62676632,0.87428027
0.46997494,0.35305768
0.81369662,0.92311543
0.92575157,0.97734177
0.48704299,0.44297516
0.56565672,0.58479846
0.74053377,0.77450913
0.92686522,0.91695273
0.92741477,0.95487177
0.94136435,0.94533968
0.81487435,0.80533808
0.79652309,0.94351768
0.95041287,0.93783897
0.90379554,0.89982951
0.77142644,0.69699663
0.48466933,0.49800220
0.23490286,0.21694674
0.43070406,0.17383404
0.82917732,0.82614231
0.80425310,0.87852186
0.79129636,0.92970103
0.86370552,0.92205727
0.82516271,0.79311341
0.42293212,0.51911014
0.67630720,0.67791635
0.70418704,0.69121093
0.79412329,0.77200490
0.91151637,0.96604937
0.39453045,0.38564792
0.74743938,0.81436181
0.70788926,0.62727273
0.45233107,0.46962860
0.90522677,0.94494885
0.57837409,0.77758312
0.50302857,0.64672607
0.64488447,0.74681777
0.88439703,0.90649003
0.75808251,0.69499135
0.64061809,0.55331343
0.44936672,0.52941179
0.19270653,0.12279566
0.58206832,0.20196499
0.76995492,0.66119969
0.85097730,0.80784112
0.75164557,0.62730896
0.90232641,0.92794609
0.83946013,0.84856158
0.41581509,0.30643708
0.54527569,0.55393302
0.88697714,0.93758202
0.42738727,0.32155719
0.82478970,0.81454670
0.92984682,0.89606696
0.48128152,0.36516562
0.93214923,0.93428081
0.39869824,0.23690413
0.92572582,0.84717596
0.82750100,0.91078752
0.82842714,0.90155697
0.88607275,0.91223651
0.15248343,0.26881394
0.66640568,0.84800750
0.48890001,0.42078146
0.88282448,0.92582595
0.67355824,0.61574668
0.83107346,0.91927910
0.85890317,0.95104164
0.77545846,0.85549217
0.55607700,0.62375444
0.91513181,0.93637651
0.89216608,0.89367819
0.92033333,0.98437500
0.69766581,0.53379685
0.81955045,0.80090910
0.44460294,0.51022112
0.90778214,0.90876842
0.68817425,0.91176468
0.84850603,0.95534998
0.92769575,0.93555743
0.82727790,0.86466682
0.95277125,0.95430315
0.86900139,0.93287402
0.59314942,0.78593373
0.49675590,0.69455785
0.88107908,0.91957241
0.87894893,0.94464284
0.91769367,0.93530023
0.90290356,0.90274012
0.62470323,0.45755017
0.69763440,0.56770021
0.38767862,0.36953107
0.85038418,0.85556936
0.58818972,0.62952900
0.87918633,0.92032969
0.78664976,0.78991342
0.79095680,0.79022276
0.92713010,0.93898064
0.50519425,0.61570078
0.64375162,0.61032093
0.84161812,0.80869693
0.61093581,0.52065676
0.93464530,0.88971859
0.64902818,0.76950121
0.63285434,0.74825537
0.93761647,0.92996031
0.91471624,0.85084409
0.86828721,0.92322910
0.78448164,0.86068684
0.74265081,0.82627243
0.90024567,0.87418145
0.23581302,0.38190293
0.58777666,0.70674533
0.56671548,0.45081618
0.17866743,0.19908528
0.88842571,0.93265975
0.21543786,0.13550466
0.87974912,0.82801121
0.88873971,0.82499671
0.82817733,0.82292283
0.83176804,0.61613685
0.57772732,0.41865605
0.79330242,0.85303593
0.78031099,0.72537714
0.87724060,0.90746534
0.62897509,0.65970802
0.74880660,0.79149979
0.58929986,0.51734716
0.61635411,0.70596415
0.83426613,0.86146969
0.53712237,0.59412861
0.84642774,0.90554196
0.62999982,0.31699321
0.81614363,0.79235536
0.83497131,0.96315634
0.91458297,0.95144135
0.54122519,0.69962430
0.90325445,0.93211806
0.81869704,0.79020721
0.26515356,0.13364494
0.81288177,0.89458221
0.69896030,0.70245183
0.75219399,0.88117242
0.76348990,0.81967878
0.46454674,0.45043087
0.92257577,0.92016530
0.63785613,0.74292898
0.79023916,0.86784792
0.49510777,0.48134920
0.25456330,0.38352272
0.92804641,0.90179396
0.56202096,0.62159163
0.74395055,0.82353109
0.76724440,0.74484628
0.54430497,0.46226159
0.92168045,0.94724113
0.68666655,0.64109588
0.50112200,0.63318902
0.81717479,0.87730807
0.67603695,0.54174799
0.33456725,0.26134872
0.36562359,0.39796156
0.93658489,0.96515346
0.85838687,0.84253895
0.88001627,0.89035964
0.73053551,0.68880910
0.75882071,0.80264014
0.85717762,0.94652826
0.38683486,0.40216938
0.40912354,0.32936326
0.90593874,0.88440251
0.88085979,0.91058183
0.92176616,0.95819235
0.79264796,0.80141354
0.82162243,0.81881869
0.28011599,0.33966598
0.85603476,0.83845812
0.68086118,0.72067273
0.81664491,0.71464974
0.84793866,0.94552267
0.80847245,0.82677245
0.88549113,0.89366513
0.42443588,0.44353002
0.87205565,0.86284196
0.83883321,0.90117520
0.57515395,0.67239612
0.42582113,0.45512497
0.38384548,0.41031593
0.81565124,0.85483080
0.14298815,0.12402173
0.89297450,0.87717927
0.73716021,0.76724756
0.66713780,0.74839228
0.91377997,0.95609128
0.88701439,0.87540984
0.92773843,0.89596272
0.88682234,0.78938752
0.87331420,0.86691177
0.81185198,0.85494852
0.44254452,0.39591315
0.85286832,0.92033941
0.89757901,0.88691229
0.48166215,0.17861831
0.80677342,0.77333140
0.58919078,0.77242583
0.83572912,0.90382445
0.93647718,0.96130955
0.81993723,0.90178835
0.89774764,0.86821795
0.42032668,0.51038188
0.37986374,0.52354044
0.73349625,0.39061904
0.87132841,0.78983051
0.90739381,0.90608150
0.81987023,0.86151963
0.31386238,0.16620064
0.84734035,0.81705415
0.26388085,0.14033276
0.87402302,0.94849259
0.88601708,0.93695247
0.90646994,0.90225464
0.46883965,0.68723565
0.64316785,0.70983922
0.93241739,0.93921524
0.94639325,0.97331643
0.86367583,0.94247788
0.92874634,0.94023150
0.88027257,0.89014053
0.62481683,0.58158690
0.90940917,0.95213675
0.90720004,0.96273726
0.55512583,0.29339823
0.94708961,0.94588178
0.65005958,0.35537711
0.88790476,0.90648854
0.89549911,0.92760080
0.66605181,0.61439639
0.61412621,0.61636692
0.87852633,0.82331884
0.92137289,0.95866567
0.91341710,0.87172282
0.39417747,0.44508946
0.63102710,0.71611089
0.62334400,0.74423760
0.66534460,0.72952181
0.44136569,0.41164085
0.76987594,0.82517481
0.92964888,0.94793499
0.71654373,0.72894895
0.74664128,0.77467930
0.72042489,0.75584644
0.73236650,0.86081523
0.84901625,0.79092300
0.84341621,0.95771295
0.31079352,0.23065026
0.54212916,0.40575597
0.93442488,0.91637313
0.91262090,0.85944188
0.86611354,0.82319373
0.89599818,0.87709641
0.67472160,0.85654885
0.90359873,0.81987131
0.55142993,0.75668681
0.81697911,0.96326727
0.83788198,0.90877980
0.86892146,0.78017247
0.81542706,0.89659327
0.85718060,0.45434865
0.83009136,0.93550819
0.47891349,0.33236539
0.69354969,0.67126918
0.86035895,0.86809969
0.83683795,0.76524013
0.93110991,0.95311350
0.68279248,0.70298028
0.75365317,0.63070697
0.50202775,0.38904256
0.70150733,0.67159504
0.91400141,0.89412314
0.61839646,0.78604466
0.92794669,0.89639795
0.84715956,0.90183181
0.70814002,0.77594239
0.42318931,0.66692740
0.85231024,0.92419624
0.43661836,0.43101856
0.84342593,0.73391855
0.95684993,0.93786341
0.85569525,0.92271572
0.90486586,0.86316317
0.55103058,0.74612027
0.85880136,0.84178931
0.89907271,0.94119513
0.80467474,0.89251560
0.86899620,0.08616666
0.87802947,0.94889951
0.86060905,0.85838568
0.76308995,0.78195721
0.61495250,0.50961137
0.86790752,0.91318637
0.45372927,0.58032495
0.83852601,0.72058821
0.80968392,0.87648863
0.74498522,0.89723504
0.85705262,0.97198546
0.46962816,0.53174502
0.63802207,0.74054253
0.89461297,0.89807105
0.84813350,0.87314165
0.72937143,0.49803987
0.80736178,0.91567296
0.74449396,0.70998877
0.79939079,0.79656887
0.77288342,0.76658165
0.92067778,0.92745882
0.79089856,0.94270670
0.92599750,0.88472223
0.67006963,0.91358906
0.92800999,0.94486678
0.85812515,0.89864576
0.85632133,0.91669101
0.77381885,0.86409551
0.87560487,0.93267393
0.58826256,0.75018275
0.83601046,0.74797732
0.92922890,0.87692684
0.38632900,0.45611110
0.85517013,0.88962030
0.71591139,0.73376626
0.83162677,0.87730265
0.76291251,0.65064371
0.28387153,0.24327958
0.90418863,0.90283960
0.85774624,0.89793319
0.92128170,0.90713865
0.88559020,0.86267680
0.75907558,0.83767259
0.68317825,0.75043857
0.43286502,0.29342574
0.55838746,0.37517300
0.36573166,0.27144331
0.44435021,0.53353494
0.90191448,0.93888563
0.48698035,0.53177083
0.55687678,0.55553466
0.80282700,0.83362466
0.89262509,0.80975300
0.67114908,0.73159635
0.53459376,0.41099244
0.86365408,0.85301232
0.47371301,0.22399463
0.79693699,0.84236497
0.95882469,0.83059180
0.80060714,0.70978802
0.88053775,0.90175575
0.82693702,0.88496017
0.89969856,0.88146681
0.88666636,0.92958516
0.85167420,0.92494768
0.83882725,0.89472997
0.84340787,0.79526842
0.50803322,0.55668980
0.55998337,0.60080689
0.88277602,0.89541948
0.88533437,0.90695620
0.59942615,0.64195281
0.93878043,0.89309132
0.88454640,0.92199475
0.45124948,0.46343273
0.66026664,0.48762295
0.45620972,0.37766227
0.72608751,0.84082973
0.72533542,0.82466567
0.64193249,0.78476727
0.65091562,0.57847667
0.70280403,0.86685240
0.31208855,0.48266807
0.90371150,0.92900878
0.91532540,0.94202763
0.62354511,0.53758651
0.90505821,0.95274055
0.69700742,0.81160688
0.60080361,0.54689425
0.61775875,0.43769249
0.87954265,0.95743710
0.35636175,0.26628786
0.91933519,0.71685928
0.88970083,0.92110193
0.94289809,0.89462847
0.74533802,0.94512832
0.43746239,0.53698891
0.79564869,0.89818394
0.69750994,0.66532636
0.87668824,0.80210078
0.30975491,0.13075037
0.91811931,0.95270759
0.90037066,0.86370462
0.34702376,0.49028674
0.90550971,0.86971426
0.42658892,0.28106725
0.63277853,0.62579632
0.65260363,0.70767403
0.47300652,0.49142787
0.86916625,0.87161088
0.74815005,0.81364524
0.86464691,0.82076824
0.86180991,0.76398718
0.86910701,0.70944595
0.65101302,0.81606609
0.59512180,0.77454114
0.46747619,0.51892120
0.36195719,0.33438757
0.91081500,0.87753981
0.95701873,0.93807071
0.69810116,0.81902450
0.87103450,0.83854169
0.84183896,0.73578578
0.25169006,0.24476069
0.53372687,0.53281617
0.78676724,0.92047477
0.89218199,0.82710451
0.70126796,0.90542126
0.54499471,0.51606286
0.79459310,0.73391616
0.91154420,0.93402922
0.29312885,0.65666670
0.90861547,0.89485359
0.53907633,0.31634554
0.84019989,0.93243587
0.55062151,0.64970696
0.87593043,0.90725738
0.77481401,0.71543360
0.30058253,0.75549358
0.93843722,0.93879426
0.74383241,0.80238050
0.72826618,0.59600776
0.71720302,0.65135133
0.82073700,0.74812269
0.89728570,0.94710082
0.86638582,0.95040262
0.42251468,0.41656491
0.69814569,0.83460188
0.66258013,0.65000886
0.50496376,0.59144676
0.43387869,0.40970385
0.91829705,0.91748369
0.90344143,0.89698690
0.37073910,0.38408521
0.89744514,0.82805753
0.80664706,0.79830301
0.92417526,0.90281177
0.83437908,0.87611806
0.92528230,0.87324220
0.87414491,0.88167590
0.89558411,0.97204489
0.93822861,0.93010205
0.93570232,0.95964092
0.88108671,0.73860455
0.40177834,0.49867678
0.40565196,0.50132352
0.59758365,0.69505018
0.76568931,0.84510601
0.90935493,0.95837182
0.93932128,0.92829204
0.80881149,0.83752120
0.93056428,0.98404253
0.86360407,0.90488315
0.91259754,0.95265329
0.92022699,0.89866310
0.45014197,0.48596954
0.42940190,0.47469667
0.64645457,0.64932239
0.78977990,0.91496086
0.84774148,0.90919358
0.91637009,0.93144357
0.88614368,0.94767022
0.55407739,0.59418839
0.84918815,0.81429839
0.91931266,0.87630820
0.81944299,0.86969548
0.87284672,0.90734369
0.26754838,0.23983876
0.92723244,0.95225853
0.77109432,0.74336976
0.37770098,0.20974027
0.88379407,0.85911715
0.86172152,0.92190522
0.77898741,0.63594991
0.90276194,0.87459141
0.93987328,0.91888404
0.85962468,0.87656248
0.79163575,0.72008377
0.86874783,0.91064250
0.90670419,0.91873574
0.76617444,0.88412184
0.92364776,0.96045852
0.50651956,0.59251827
0.91760111,0.98125660
0.72353899,0.71476805
0.94668961,0.91274738
0.91285056,0.93771875
0.85421228,0.90582424
0.77198023,0.86909419
0.32328659,0.66639233
0.42116693,0.56607145
0.92155600,0.86414915
0.63908696,0.73283887
0.81244159,0.72567838
0.87961739,0.80612981
0.82796007,0.76363367
0.88398129,0.92203224
0.65028220,0.30417153
0.29608378,0.24640717
0.86063600,0.94013160
0.46061662,0.61984944
0.79201132,0.85978144
0.86315346,0.75075912
0.81697810,0.77610731
0.88930619,0.94225049
0.36809862,0.43986452
0.60064954,0.64820087
0.66097039,0.65961528
0.78552413,0.82529610
0.12402427,0.13065517
0.27129328,0.27115142
0.88944465,0.85416496
0.90400821,0.90534735
0.91172552,0.94278848
0.77342480,0.72029686
0.80832058,0.92424244
0.76989263,0.91895717
0.78046101,0.66417360
0.32474935,0.32791984
0.88699818,0.90549296
0.85797852,0.95789301
0.89261192,0.89080381
0.72996116,0.77852327
0.93648553,0.99382716
0.76471859,0.88186079
0.61600471,0.88710868
0.91827154,0.92620957
0.70586151,0.68692023
0.90977168,0.89170754
0.80790782,0.75865537
0.85638392,0.88659948
0.86307442,0.90233785
0.63659573,0.59161586
0.79878509,0.84202844
0.41642401,0.40008104
0.33703172,0.19608384
0.27564460,0.38803819
0.83581990,0.83664083
0.94799763,0.93995357
0.16240430,0.17202541
0.91101009,0.94480026
0.76084697,0.91060805
0.92599845,0.95128202
0.73019403,0.72880971
0.73440492,0.64410317
0.60797155,0.59747022
0.87099791,0.89400923
0.91083306,0.96926028
0.28388262,0.28936982
0.85365134,0.90047210
0.82773471,0.88663781
0.77955127,0.65250051
0.51438892,0.68346667
0.63329816,0.69276422
0.86506450,0.90303099
0.82499635,0.76921195
0.42120871,0.57899725
0.94032598,0.97542685
0.88920772,0.94569963
0.92769450,0.87832510
0.79562080,0.77567565
0.86444259,0.85220218
0.91165841,0.93093783
0.47867167,0.53888887
0.69140470,0.67654282
0.30359936,0.30169028
0.73002446,0.73221946
0.88846081,0.88268322
0.66731417,0.53039193
0.89356983,0.82138282
0.93000227,0.95707542
0.85580736,0.80100870
0.52347773,0.16196567
0.41217691,0.46990740
0.67669612,0.93861771
0.33308619,0.36217457
0.87793785,0.80709219
0.86117703,0.86199093
0.89261901,0.90178287
0.80559868,0.80542874
0.82792664,0.80751878
0.92183638,0.80104631
0.90271997,0.88718373
0.77111542,0.69739503
0.90513176,0.97984850
0.57629091,0.36426768
0.84899515,0.88705528
0.45750216,0.36864805
0.69488370,0.66977620
0.87997347,0.88403136
0.75537729,0.76571822
0.37277892,0.37886363
0.55465895,0.65493828
0.49766231,0.43489569
0.78264445,0.73532635
0.86039340,0.81124872
0.88858640,0.99519229
0.88681728,0.84344262
0.81160229,0.78308499
0.87074381,0.86333960
0.82697576,0.90753543
0.78606331,0.72476077
0.81959331,0.92074680
0.57530236,0.35370290
0.96382892,0.95396715
0.86644632,0.87761462
0.80448288,0.81144160
0.93570864,0.95044720
0.89170027,0.93787879
0.90904129,0.85638297
0.80427063,0.85987854
0.86395335,0.82632869
0.85614949,0.89242089
0.79120284,0.82250887
0.82504934,0.81279546
0.87529397,0.94034493
0.72604430,0.77992052
0.77209449,0.76553100
0.60847175,0.68906206
0.74895704,0.82355517
0.39970624,0.35938177
0.86738199,0.87345409
0.89191908,0.88898343
0.87041634,0.89636159
0.94276547,0.92429376
0.76764470,0.67505187
0.47994849,0.44651172
0.75648141,0.88253027
0.96195549,0.97088867
0.83240271,0.86081493
0.90865839,0.93382460
0.48387191,0.54484087
0.56373745,0.75259417
0.79046059,0.80454546
0.86769211,0.84909785
0.90461439,0.95265228
0.87166148,0.92188805
0.61415768,0.46306127
0.92095786,0.91840661
0.69485348,0.68427199
0.95680845,0.94943053
0.88649052,0.92813319
0.46889347,0.37271520
0.86609662,0.75953388
0.94540954,0.89450550
0.66869986,0.85920537
0.69539899,0.73107523
0.82186669,0.83104122
0.91154301,0.91353768
0.91142768,0.97617865
0.88221717,0.89562041
0.20670384,0.41411451
0.88156688,0.91535169
0.84957194,0.87848437
0.70515794,0.77436620
0.65119338,0.89726198
0.90072042,0.91848284
0.49966139,0.40602154
0.91301715,0.95445096
0.83110386,0.78282315
0.67803156,0.79333568
0.67303914,0.73695797
0.71275705,0.74194068
0.83686578,0.88089836
0.59767777,0.70376295
0.86134624,0.79222780
0.43806064,0.53284085
0.73957264,0.69232672
0.83970785,0.87362635
0.89366025,0.93315899
0.86416471,0.89847904
0.94657606,0.95048326
0.83388698,0.82544190
0.42552856,0.45111784
0.80622220,0.76526254
0.74161071,0.66666669
0.89479852,0.97847730
0.82034832,0.94832075
0.79539233,0.86359763
0.86415350,0.93086141
0.84738654,0.87737757
0.81882298,0.73550689
0.73592997,0.51974297
0.89887470,0.90886420
0.87823892,0.38720176
0.89279008,0.91401410
0.56375670,0.48355031
0.61819834,0.62408209
0.35815293,0.48662463
0.92533636,0.86647338
0.80755603,0.95473486
0.68692315,0.71931773
0.90513819,0.95317155
0.49819881,0.61325783
0.50165373,0.48577949
0.62986398,0.71954024
0.91637832,0.93052202
0.58702779,0.66256094
0.90538734,0.88869721
0.84822327,0.87507844
0.88046312,0.81792372
0.85182202,0.86819649
0.80751878,0.86218625
0.87214816,0.88602632
0.93998647,0.91711634
0.60263693,0.63773948
0.93411481,0.89752495
0.93031895,0.93743151
0.61831170,0.49827948
0.76072609,0.88587773
0.82418197,0.77601486
0.85966390,0.85811526
0.75661671,0.85945159
0.73049349,0.70968443
0.45836434,0.61327791
0.92209351,0.92292207
0.86479563,0.82941765
0.79630095,0.66451561
0.82575977,0.92823392
0.71783888,0.71632773
0.91341233,0.94417560
0.68790030,0.68505210
0.88780159,0.91002417
0.91230971,0.91359538
0.67262369,0.85673094
0.69890654,0.70807981
0.74772561,0.76070392
0.21697627,0.13729459
0.74654514,0.68835652
0.62906969,0.72137666
0.74852967,0.82629925
0.92046750,0.86523712
0.54111743,0.59538245
0.17611417,0.15473181
0.86858588,0.73120302
0.66735196,0.72034764
0.78820765,0.81581563
0.56201410,0.49250498
0.88588327,0.92217743
0.65532929,0.81998229
0.86537278,0.74506533
0.67419988,0.66413325
0.47144935,0.50783974
0.93994957,0.94408256
0.41812915,0.37030447
0.61265063,0.87927926
0.46642113,0.53091592
0.85538101,0.95057774
0.81251246,0.80528605
0.41801172,0.37589082
0.77827489,0.83684266
0.89096713,0.97540987
0.37585330,0.62377995
0.59605610,0.48037428
0.42197886,0.46269619
0.87782496,0.93457288
0.87590492,0.80866539
0.83590865,0.89903843
0.79197574,0.84958625
0.69668013,0.61506706
0.87382978,0.76880431
0.84954846,0.90974027
0.73817015,0.79691225
0.37479469,0.87143034
0.76615870,0.76363635
0.37716216,0.40563783
0.84067881,0.74708658
0.88369751,0.97692186
0.32650340,0.42828083
0.89771605,0.92113245
0.81875205,0.83368820
0.90364540,0.85752261
0.88157183,0.89205337
0.67822218,0.55848861
0.86967355,0.92058164
0.89812076,0.86682916
0.83144885,0.86542338
0.74993861,0.34309050
0.16134870,0.10223510
0.85746342,0.85050559
0.76082093,0.79062480
0.93074465,0.92328155
0.92121285,0.97340423
0.36744666,0.40775433
0.83627963,0.75948274
0.87054253,0.78137255
0.88380027,0.88627803
0.79532790,0.81695038
0.78034198,0.75612265
0.24971491,0.15788215
0.74486244,0.92603093
0.85407239,0.62210047
0.38234833,0.33476782
0.82509851,0.83544338
0.85872471,0.88758588
0.87405169,0.78805077
0.49081385,0.49801278
0.51796973,0.60709095
0.79780233,0.84692925
0.82827115,0.72917205
0.82360542,0.90947235
0.90024817,0.91117525
0.97637975,0.93593907
0.38421422,0.60444576
0.73964798,0.73260748
0.73119593,0.66800827
0.87587285,0.90116984
0.60568154,0.66688097
0.87700909,0.94407284
0.78636771,0.83050269
0.94918907,0.96413970
0.36612582,0.30929348
0.85274315,0.93405366
0.72675097,0.84988165
0.81570023,0.85200143
0.21639359,0.11235981
0.77284938,0.70359343
0.84302753,0.69242609
0.83115351,0.85500002
0.72432429,0.71504486
0.64326793,0.56811988
0.77154607,0.84428191
0.63625926,0.45439693
0.78124547,0.62743056
0.30936843,0.29696268
0.85664123,0.85932982
0.80661166,0.85385585
0.46906921,0.52152991
0.40478674,0.50629544
0.88165164,0.92316020
0.87369418,0.88298571
0.82910335,0.92222607
0.82362384,0.85558599
0.64019537,0.43593705
0.89334083,0.99253732
0.26592052,0.19189817
0.70453638,0.55577368
0.90236086,0.92915082
0.27895287,0.17149614
0.95134103,0.90909094
0.28291544,0.48133001
0.28905368,0.26531985
0.31121361,0.34279943
0.77077216,0.94318181
0.19294074,0.16805555
0.91937757,0.92390758
0.92466760,0.90907645
0.81362551,0.90473849
0.79320502,0.60401648
0.96218872,0.94725490
0.47313672,0.51886147
0.87991732,0.90454543
0.86738294,0.89266211
0.68513680,0.63306081
0.80047095,0.80605441
0.58974612,0.49109986
0.93185109,0.93343937
0.84543478,0.82869685
0.85949701,0.76971161
0.68430758,0.75072098
0.71788913,0.59973037
0.88729209,0.93272662
0.20572457,0.16096221
0.69317347,0.83236551
0.28386512,0.14895315
0.72589636,0.74707866
0.46243739,0.32226485
0.46085861,0.56694961
0.87673253,0.89686990
0.87795842,0.94380414
0.70920777,0.72198862
0.34054542,0.33630988
0.80649912,0.79918033
0.48509324,0.80353743
0.82480454,0.77578127
0.89244056,0.85983205
0.64834297,0.79289818
0.91955602,0.17597333
0.23532385,0.27355328
0.80349338,0.70210099
0.85288894,0.90981239
0.86650115,0.80974191
0.89414209,0.94101930
0.80824459,0.74400544
0.51295733,0.47822964
0.87458020,0.88957387
0.89504462,0.91254580
0.75104994,0.81035084
0.89883727,0.91257709
0.33150274,0.41389197
0.75865567,0.85481483
0.69626331,0.49117348
0.90931773,0.91156292
0.52745026,0.41237518
0.82647842,0.73316973
0.86517131,0.90417427
0.86808097,0.84203482
0.84434831,0.87100881
0.73010385,0.64989978
0.83223176,0.66030031
0.75578374,0.84235799
0.39324778,0.53175914
0.42024663,0.42613587
0.80845797,0.74045897
0.82601446,0.92179739
0.81061232,0.83363283
0.74329525,0.74972790
0.89509541,0.93267393
0.95119953,0.90011698
0.86381024,0.80131948
0.47957009,0.68642855
0.72736239,0.81843573
0.64078271,0.70556027
0.72586823,0.86710781
0.67038125,0.88317168
0.92332089,0.53268218
0.58308589,0.71708071
0.44479287,0.49782473
0.72098738,0.63613039
0.93662530,0.95715326
0.92321366,0.94849253
0.33545408,0.43774909
0.90861857,0.80915117
0.87481475,0.92648935
0.90527046,0.90317327
0.87761730,0.88832200
0.91569531,0.94523060
0.87703997,0.90917122
0.45446980,0.51725292
0.84028816,0.93333334
0.93391788,0.95148885
0.30501908,0.49638805
0.71694565,0.88987964
0.52680981,0.52429187
0.74644154,0.76684982
0.91915578,0.92035741
0.75973117,0.60529757
0.53290182,0.59092259
0.58057368,0.57391024
0.83776814,0.77398944
0.79250532,0.80154157
0.89360428,0.90063465
0.86388206,0.94029009
0.86250448,0.82723516
0.34290731,0.32289064
0.60733742,0.58769631
0.48035923,0.56708324
0.89329726,0.88732040
0.89733303,0.83375001
0.80147672,0.83192021
0.88853151,0.87247783
0.68442154,0.75191194
0.52740151,0.54102367
0.64648640,0.58003098
0.33852136,0.43387705
0.90232462,0.89318383
0.87592798,0.97521418
0.88231677,0.92824352
0.89681655,0.85440701
0.42443860,0.24134728
0.71517825,0.46230251
0.85441351,0.95507568
0.87129790,0.90797651
0.86834848,0.87545484
0.69331503,0.55882353
0.14290351,0.41450471
0.91327941,0.94064313
0.66665089,0.79514021
0.76695913,0.62104017
0.71656609,0.74635702
0.61556613,0.74321967
0.73362231,0.64693373
0.43477514,0.64818114
0.70992249,0.81084216
0.86387038,0.94846493
0.88838655,0.85275441
0.19346932,0.16919251
0.66991186,0.73777807
0.74507052,0.60520834
0.84201050,0.72881877
0.28054664,0.13987172
0.76480037,0.74972749
0.49043226,0.57779288
0.86773443,0.91396326
0.42523831,0.49417111
0.89142251,0.90073121
0.55007559,0.68355483
0.30444330,0.45858580
0.44502622,0.59835202
0.45116481,0.60581255
0.51237059,0.27689710
0.76109248,0.88675213
0.82673806,0.89387077
0.90490079,0.86072850
0.86424392,0.90895396
0.33844674,0.12685186
0.91916668,0.94719952
0.91467118,0.80947930
0.74623889,0.87093079
0.65109307,0.53754151
0.65194440,0.48074982
0.79364532,0.70175231
0.73539895,0.80138272
0.40447253,0.18914123
0.87451541,0.89991969
0.82969528,0.90664697
0.91122824,0.92192310
0.71060658,0.70954633
0.67575002,0.64516598
0.90451854,0.93934959
0.71982205,0.68070573
0.85261577,0.78901410
0.34114367,0.25915682
0.92599970,0.93755049
0.72429955,0.78349674
0.52161115,0.30113637
0.80288583,0.79827219
0.64715362,0.70221823
0.76157266,0.96412265
0.27221498,0.30938494
0.26502767,0.24587674
0.83557177,0.91239721
0.65568155,0.43103448
0.85610056,0.65319914
0.91099471,0.91233766
0.50072813,0.55924815
0.67054451,0.89297050
0.92269099,0.92712766
0.77306581,0.65528846
0.91318262,0.91641706
0.76908565,0.91049892
0.77267033,0.72620887
0.81737220,0.92000842
0.92667627,0.90261990
0.90458226,0.94229674
0.60124183,0.74520206
0.65407312,0.70211607
0.88500869,0.98922598
0.73847508,0.69567865
0.72377676,0.91332501
0.89848101,0.97619045
0.87391508,0.91140813
0.89863622,0.97933853
0.78773123,0.92179483
0.81992602,0.83434474
0.37394908,0.43875387
0.34345740,0.12598751
0.86415553,0.80515140
0.91535747,0.78235292
0.90666401,0.89587718
0.92449546,0.92665416
0.72161043,0.64506000
0.75682372,0.73887980
0.90663755,0.92082554
0.85704172,0.89070284
0.87451816,0.66290534
0.86012137,0.94156039
0.53107023,0.53559911
0.73298907,0.70679015
0.84907699,0.87731093
0.82933903,0.91074419
0.56224179,0.52660644
0.81328797,0.69846857
0.94620633,0.92421627
0.85568810,0.86835557
0.50339508,0.50482512
0.87859344,0.82318991
0.43114182,0.30889091
0.62607902,0.55752653
0.40839612,0.31595987
0.72138363,0.83333331
0.30588356,0.33849600
0.75264221,0.79298246
0.82495141,0.71165258
0.38452747,0.31763548
0.57768410,0.39099726
0.81708854,0.73548859
0.23560590,0.34459993
0.83001745,0.88075078
0.75764978,0.85386860
0.80585581,0.84730196
0.83952492,0.84439600
0.78983629,0.89345825
0.74766660,0.78287286
0.83086860,0.90166646
0.43420562,0.49553746
0.88183862,0.90880620
0.84929323,0.84768492
0.84066474,0.83387977
0.90206623,0.75215387
0.86769289,0.76766616
0.65244305,0.53104299
0.61015362,0.81340581
0.73855644,0.75326777
0.57427949,0.51244235
0.27591848,0.34693033
0.86951840,0.79598188
0.88244647,0.90986842
0.45486450,0.45630932
0.91779935,0.89654469
0.62013954,0.68593282
0.66437328,0.60692453
0.80688757,0.84840775
0.44697800,0.35541871
0.60024667,0.63192332
0.68553376,0.77879041
0.34545690,0.39656276
0.86021292,0.94523376
0.69304156,0.63374132
0.86444485,0.98275864
0.78968400,0.85287970
0.27741784,0.18073878
0.66134202,0.67013109
0.88140589,0.95277780
0.85886860,0.70886618
0.83733588,0.94090909
0.25986573,0.37231132
0.75647801,0.79828602
0.85130447,0.78862488
0.17689216,0.14017177
0.84531635,0.86554027
0.92050749,0.95667285
0.83955324,0.84633219
0.93145871,0.96923077
0.86110109,0.89775115
0.76914853,0.64714241
0.83894265,0.83513546
0.54248679,0.72588235
0.80269867,0.84754902
0.53134876,0.71759260
0.68956321,0.70015180
0.82510740,0.75465667
0.26942807,0.41527238
0.84334868,0.85904509
0.82732362,0.74544257
0.75891435,0.70368671
0.86756456,0.96376812
0.92160660,0.99275362
0.84324038,0.82435900
0.41075915,0.59803253
0.81800485,0.82986039
0.58163339,0.63351828
0.87345374,0.81027752
0.89755702,0.95262128
0.69651574,0.80894148
0.88291138,0.85415053
0.60409558,0.22454269
0.75701827,0.83595204
0.75990468,0.70385230
0.82085538,0.85160822
0.22432685,0.13069455
0.94295037,0.95625663
0.52163070,0.44530153
0.68773830,0.84039712
0.29287529,0.43346915
0.80498910,0.89800197
0.92163002,0.90875059
0.86098778,0.82030994
0.83401471,0.79763937
0.32407188,0.24452288
0.83309674,0.83806610
0.56055564,0.65213674
0.65820199,0.57287008
0.76796663,0.92304611
0.82094467,0.94978607
0.48053324,0.64651471
0.88654274,0.86218202
0.91385955,0.91463667
0.76884520,0.84729153
0.73840177,0.75903976
0.36595881,0.45269471
0.87006074,0.92181176
0.95665431,0.95691174
0.82570875,0.79957718
0.79079717,0.87323833
0.85177237,0.62049538
0.75240701,0.83840066
0.90198153,0.94470590
0.86566699,0.63815278
0.82279789,0.81925821
0.72456747,0.76926482
0.86937666,0.93142217
0.48169360,0.64008701
0.86798728,0.83216071
0.88665080,0.93350875
0.78773439,0.83468765
0.86369908,0.91225690
0.89059353,0.79963523
0.86072505,0.94897085
0.54106885,0.75115359
0.73172408,0.66969699
0.89694691,0.94510549
0.47386193,0.46856546
0.52591181,0.56722486
0.83942139,0.79981911
0.75968313,0.91211033
0.83781159,0.90170288
0.92780405,0.96798378
0.68712312,0.67013174
0.91782016,0.88219142
0.86897129,0.91038436
0.81881249,0.79298246
0.87829900,0.86638868
0.17949241,0.12465912
0.64033347,0.90974259
0.57159424,0.39943701
0.64326799,0.46200973
0.72686934,0.82783753
0.76944578,0.82958025
0.93957436,0.94356018
0.36083817,0.33618388
0.76883066,0.73583418
0.58026415,0.55495280
0.71353054,0.50611144
0.70794451,0.84291822
0.92569387,0.88362384
0.53922534,0.53967869
0.29940289,0.29709384
0.74830592,0.68652040
0.88046759,0.87947094
0.73746121,0.68962061
0.67947268,0.60175437
0.57903272,0.59613425
0.61152321,0.54225522
0.79232424,0.88332212
0.88418883,0.87752408
0.88823843,0.89441079
0.11166477,0.06378902
0.81452298,0.90164453
0.31374070,0.46296296
0.71875113,0.67128801
0.62695819,0.57127637
0.71878290,0.79508626
0.87176335,0.93096691
0.92968005,0.91537356
0.92951554,0.95516568
0.82237440,0.74644977
0.91749483,0.96847826
0.55310369,0.55499166
0.62628990,0.75261503
0.46452937,0.42450452
0.83864844,0.89535546
0.95228934,0.90532106
0.86847115,0.81703997
0.77583897,0.85103798
0.85214871,0.90310782
0.92568499,0.97872341
0.87583929,0.96459067
0.76284039,0.76291794
0.86965913,0.74279559
0.92490876,0.89090663
0.55552268,0.53643906
0.88458711,0.84706134
0.66368037,0.53568822
0.90173090,0.89027262
0.87907803,0.87522280
0.76835734,0.68735337
0.93849814,0.90734500
0.54925299,0.59587657
0.70063674,0.49330035
0.80245095,0.60518789
0.89780939,0.87993860
0.83612633,0.88662660
0.63701427,0.59807694
0.85776585,0.85897189
0.77561748,0.78093833
0.23248257,0.22644928
0.90036029,0.84770489
0.49154991,0.81561995
0.47297210,0.42962953
0.84784693,0.94712073
0.91012859,0.77471656
0.81299424,0.76811635
0.46595067,0.48900464
0.87099618,0.75165170
0.81808650,0.88255924
0.84370923,0.90447593
0.79974675,0.82797444
0.29267642,0.30609041
0.52138448,0.59229332
0.76254624,0.74305391
0.84780723,0.82886869
0.90047890,0.94409192
0.75460410,0.78591627
0.65065765,0.71623808
0.55228782,0.47535211
0.88455564,0.94798648
0.44449496,0.36237374
0.77001441,0.83224422
0.87506092,0.83307701
0.53941047,0.65434241
0.53804922,0.55239666
0.89700109,0.93473929
0.85752940,0.93723059
0.89996898,0.93569988
0.87202203,0.87917340
0.88635182,0.88735884
0.88578123,0.88899755
0.55147976,0.74898958
0.62321866,0.68114477
0.75428373,0.58571428
0.50004083,0.48970768
0.86761475,0.86167032
0.35131598,0.29080674
0.78627181,0.93277830
0.71803802,0.81553400
0.78769290,0.77173913
0.82403642,0.73167789
0.70322835,0.81875646
0.95522076,0.94533569
0.44602603,0.52331150
0.73151630,0.82278323
0.89155090,0.89532495
0.93431884,0.93501192
0.80951989,0.94000000
0.90507436,0.93757176
0.34356821,0.28643617
0.37956810,0.38437003
0.82317668,0.86175376
0.40516713,0.66428620
0.34474373,0.42257217
0.58932924,0.65077490
0.90207511,0.91923076
0.65241891,0.67142022
0.46163973,0.48139769
0.85155928,0.85357428
0.33413851,0.56810105
0.91631728,0.87248802
0.85052359,0.95862800
0.80567336,0.82238585
0.73767865,0.62078261
0.89387023,0.80750889
0.86538577,0.83243144
0.93275845,0.85847986
0.94769633,0.91971737
0.68268883,0.69436836
0.89904809,0.75966048
0.54789418,0.41319931
0.86716926,0.88292122
0.79190522,0.74175900
0.79443216,0.85444778
0.60502505,0.65708536
0.86684752,0.91202533
0.74788356,0.79289150
0.26945049,0.11148074
0.53280556,0.49401122
0.80871737,0.76232862
0.89721274,0.92849016
0.19218862,0.19169508
0.27002245,0.14660482
0.77965379,0.88060230
0.72540522,0.71151268
0.38444892,0.26976076
0.78620082,0.87049526
0.75656348,0.64069766
0.51225865,0.70906752
0.28048262,0.20999916
0.88144833,0.90540540
0.43100703,0.58448458
0.44181919,0.59448087
0.87685996,0.73690474
0.54752398,0.68911612
0.86590111,0.86158252
0.65841150,0.79910553
0.87774062,0.88239187
0.78819603,0.90231508
0.54946864,0.49682686
0.46261472,0.33763418
0.86898631,0.95539623
0.72945821,0.42209944
0.70911252,0.84276849
0.84460080,0.83121246
0.31771386,0.33246276
0.83638954,0.87292683
0.90431225,0.81089091
0.87441093,0.82630205
0.86317301,0.78991252
0.84421229,0.86705172
0.69172740,0.61377645
0.28304917,0.34832197
0.88553917,0.91766828
0.61701655,0.32575008
0.50304019,0.60423815
0.79483682,0.88158941
0.80568540,0.90737563
0.73818970,0.83232540
0.73756921,0.83195084
0.77224201,0.73680902
0.86065006,0.98660505
0.34842741,0.62205803
0.61703247,0.69734889
0.89295197,0.88779718
0.81925619,0.91158903
0.83622336,0.74469572
0.93735635,0.94096643
0.70800960,0.72543061
0.66412455,0.79676998
0.93411016,0.95966935
0.76452661,0.87531143
0.56735188,0.58723468
0.60387307,0.42238268
0.85971773,0.81438857
0.71331918,0.61333448
0.79805994,0.45584652
0.74847019,0.72169811
0.90699130,0.82912940
0.88841093,0.90630299
0.88814110,0.85919821
0.87885821,0.89294875
0.37773371,0.35851455
0.53886670,0.50331545
0.90015519,0.76369637
0.67923772,0.51747334
0.92042875,0.96570659
0.28859288,0.37821880
0.93160051,0.94701755
0.48201147,0.36748573
0.71116304,0.48774403
0.91271853,0.91049600
0.90240324,0.88741851
0.92119062,0.98275864
0.94497395,0.98849702
0.92201710,0.90976351
0.34570345,0.24929525
0.45798191,0.50047541
0.91682214,0.89817476
0.90247512,0.85895091
0.89164221,0.82343489
0.14336398,0.09733385
0.57388836,0.56538570
0.67696989,0.69834185
0.81948656,0.88496679
0.42626196,0.64710796
0.88745546,0.93648565
0.72952461,0.71581823
0.87226522,0.78080195
0.29930204,0.42770770
0.88890487,0.91392887
0.88574743,0.90552974
0.88526046,0.91573662
0.53773457,0.68036401
0.86499298,0.89907104
0.65349990,0.44020849
0.52754921,0.65571481
0.88499218,0.94130152
0.63451552,0.80382884
0.74249375,0.71913344
0.17635792,0.16865297
0.78213203,0.14304200
0.27514845,0.21486166
0.43093857,0.31148237
0.88936085,0.91949451
0.91606057,0.96001065
0.90599722,0.95454544
0.84739685,0.66906595
0.89718395,0.85357368
0.51292044,0.67364585
0.81972760,0.79618436
0.68883467,0.84451681
0.46971154,0.44881848
0.90040845,0.85982561
0.82641935,0.79611725
0.27036765,0.24394307
0.65782571,0.81831789
0.43877199,0.41585678
0.90096891,0.87915879
0.46031350,0.40451533
0.66533899,0.72263235
0.84054542,0.94221395
0.68398231,0.75266081
0.86750150,0.91873604
0.70473039,0.74833596
0.87106508,0.85856056
0.63501120,0.81048852
0.86753440,0.89603448
0.20567292,0.26633644
0.83143264,0.81332099
0.70718271,0.70573384
0.93804789,0.97651005
0.85963565,0.91983503
0.95715904,0.91829187
0.50603271,0.35841557
0.93844426,0.91055554
0.74092734,0.74782741
0.93852669,0.94044352
0.93821591,0.96733141
0.90936726,0.92955494
0.74838942,0.83844447
0.71641952,0.58614844
0.81994087,0.88006818
0.90208095,0.92288601
0.33461958,0.26272455
0.89738137,0.83190924
0.63457555,0.72027773
0.87409115,0.93526757
0.80766445,0.68704498
0.20095938,0.15570776
0.69979298,0.65136182
0.88292879,0.92125106
0.80536705,0.79162019
0.78927457,0.85636902
0.81361645,0.88357931
0.76091838,0.88174993
0.75456250,0.79741377
0.62835974,0.64639425
0.63170773,0.53909063
0.65172136,0.62573582
0.82751644,0.87221742
0.71031588,0.79562014
0.75704396,0.78673470
0.85453594,0.82393950
0.46023712,0.43288681
0.41958782,0.25553018
0.80156821,0.87876654
0.84639406,0.76957691
0.77539605,0.74898672
0.68151337,0.41086957
0.37873068,0.34485158
0.49533120,0.53546131
0.75249851,0.96666664
0.90778065,0.95023924
0.75207466,0.87311041
0.90593231,0.91178250
0.79754972,0.83515948
0.64340425,0.58434588
0.98242581,0.89346659
0.95682526,0.98982012
0.88743460,0.87994564
0.85916698,0.76127243
0.87104601,0.85837102
0.93054003,0.91895425
0.23505472,0.24012481
0.80765581,0.84508663
0.88906395,0.87620687
0.63930452,0.54030800
0.72698635,0.76951873
0.94330096,0.97838503
0.86583900,0.80167454
0.69745517,0.57442808
0.54304552,0.77140731
0.86677527,0.81005025
0.84368604,0.85648358
0.90355170,0.86341697
0.86404330,0.77339107
0.88324291,0.87987375
0.20818761,0.11469042
0.91267347,0.88720489
0.93854755,0.93778312
0.67707866,0.69335526
0.91331720,0.93119937
0.83402061,0.89935899
0.89091617,0.88697916
0.81479287,0.75230956
0.83123136,0.73787737
0.89987159,0.95592654
0.70047724,0.60129112
0.91864669,0.97611338
0.91798985,0.90174145
0.87475854,0.89140624
0.45394778,0.66635603
0.62674415,0.80292118
0.79071158,0.74788964
0.92059267,0.85470283
0.29345116,0.35770595
0.68700880,0.59154373
0.78155750,0.82882243
0.89887309,0.90482342
0.74714649,0.59700030
0.91622376,0.89153439
0.92925256,0.97311831
0.58485377,0.53575748
0.25385952,0.15808170
0.75861263,0.71256495
0.87649387,0.87203765
0.71807772,0.49895087
0.68628287,0.56250000
0.52372491,0.52228165
0.60696155,0.83328664
0.83484751,0.80661660
0.91170716,0.93434107
0.57032353,0.64884073
0.73773950,0.75838923
0.11907342,0.04953431
0.87994480,0.85798162
0.78831857,0.80806857
0.94975418,0.93983078
0.49208295,0.50126493
0.89718592,0.88039112
0.91125941,0.94798410
0.80140018,0.87687516
0.62620103,0.58634460
0.90763545,0.91057914
0.50107265,0.48184818
0.56051713,0.33665380
0.86027676,0.85242832
0.92221922,0.90735292
0.52427334,0.40943256
0.36492610,0.44473892
0.83404446,0.81955886
0.87281245,0.83082032
0.92944902,0.91540599
0.34881639,0.37155995
0.31116202,0.13041443
0.75803900,0.67618191
0.90724790,0.93599880
0.85526818,0.85991228
0.93008441,0.94861281
0.83614528,0.77751720
0.83915436,0.61105484
0.86049443,0.89774948
0.79843718,0.34511524
0.92695570,0.87132150
0.92114085,0.94743907
0.51530677,0.61226863
0.69376540,0.80778700
0.93944496,0.93322879
0.93678319,0.97222221
0.37438774,0.42358845
0.89083165,0.92842150
0.87258959,0.87963533
0.91518629,0.93257427
0.85895920,0.84153783
0.89609808,0.93129760
0.71698081,0.68185139
0.86634934,0.94208270
0.74050820,0.69028759
0.90401936,0.85408163
0.58952713,0.73607951
0.90820521,0.88519126
0.54528004,0.50528187
0.84092546,0.84792101
0.89271498,0.75366879
0.48141390,0.50658047
0.78920841,0.64404887
0.86357898,0.89263630
0.50926733,0.49252614
0.65841919,0.65751696
0.72468972,0.58521760
0.67547178,0.70898658
0.92860806,0.94868690
0.66442579,0.79000568
0.79116708,0.87812442
0.90751171,0.90679687
0.84275836,0.93229169
0.46546358,0.40523237
0.86940533,0.86327744
0.91037613,0.69556737
0.77111316,0.80346686
0.72250438,0.67167324
0.89594316,0.82744044
0.72639346,0.75187397
0.56487989,0.57973754
0.88527399,0.96288943
0.86035395,0.96245849
0.92686856,0.97161305
0.88493037,0.92712247
0.84468037,0.83955443
0.58420801,0.59445947
0.70991278,0.79835540
0.77464116,0.85104710
0.89054215,0.85698450
0.71155566,0.75783801
0.59416026,0.68147451
0.71100813,0.68763447
0.86965287,0.86583000
0.89873463,0.83552742
0.91600960,0.92595226
0.74324393,0.80328435
0.74944556,0.76440734
0.60611057,0.48274773
0.76308942,0.85425282
0.35816690,0.35217968
0.84777492,0.95604396
0.69831979,0.57052928
0.83909547,0.65849674
0.96469760,0.97115386
0.60790122,0.51422232
0.91854292,0.94842172
0.88955510,0.86075163
0.90776211,0.97244149
0.90899092,0.88086736
0.14618590,0.04580267
0.73411971,0.71991873
0.83591366,0.90789473
0.94162500,0.83249384
0.86198026,0.88196427
0.88733685,0.86628664
0.83811754,0.91282797
0.87023532,0.91710097
0.82133651,0.81452864
0.77224159,0.67801344
0.75080115,0.47775811
0.83617300,0.80510753
0.55040556,0.67446810
0.89722759,0.84147245
0.90620250,0.93378329
0.89082837,0.84296876
0.79986608,0.73563290
0.48765990,0.43004099
0.14414918,0.11223690
0.64570403,0.57947791
0.90283138,0.94054466
0.93927950,0.93813747
0.93674088,0.86860120
0.62044084,0.62798101
0.91395754,0.95646960
0.50466454,0.47371379
0.78944671,0.94417387
0.90802002,0.96932012
0.69711196,0.56598759
0.79353404,0.80576950
0.37907314,0.33701411
0.72380173,0.69234240
0.89218330,0.84282053
0.38371122,0.26069599
0.45855364,0.73901176
0.87271279,0.93899584
0.68963695,0.60856491
0.21583533,0.14977884
0.80265242,0.89643747
0.87125087,0.84919506
0.82872969,0.78197366
0.84326625,0.84337187
0.72970021,0.62717295
0.66313666,0.77907377
0.77115625,0.85116220
0.54683602,0.62323946
0.57878470,0.65485609
0.92546940,0.97540987
0.89859778,0.86293226
0.72125000,0.81600612
0.44030160,0.47790524
0.93768251,0.95002931
0.93313670,0.94913703
0.58485758,0.58176565
0.90313178,0.90195483
0.65208864,0.50837183
0.55277807,0.54774100
0.49343047,0.57565135
0.71620327,0.80611110
0.42022714,0.39445871
0.87492043,0.96013117
0.31619975,0.19643602
0.90028143,0.96178591
0.52169335,0.24278516
0.94549340,0.96150458
0.83106881,0.83796620
0.85634977,0.92015117
0.88974321,0.94868141
0.65398908,0.59982920
0.77315766,0.76569235
0.90781885,0.88745636
0.88061768,0.95939767
0.29234427,0.34010842
0.71153212,0.80897957
0.76234132,0.89536291
0.42086613,0.32583460
0.81076360,0.71392745
0.92983377,0.95888788
0.83842075,0.88028204
0.92766559,0.88586742
0.77331263,0.68154299
0.90805757,0.94550353
0.89226449,0.94453758
0.75489777,0.73705500
0.90462238,0.90509939
0.36972481,0.17494252
0.78951144,0.87989235
0.50561613,0.68179667
0.69907939,0.79959714
0.61424124,0.59616596
0.88177252,0.84470910
0.94110274,0.99497414
0.25604206,0.26573077
0.93558908,0.96437126
0.86502260,0.87511498
0.75602174,0.63227510
0.79799366,0.80413121
0.90831304,0.87317926
0.80501670,0.71612072
0.89390868,0.87742949
0.65337706,0.84252799
0.89978123,0.88625824
0.64039910,0.70597845
0.85632259,0.82569063
0.35883442,0.28093535
0.45211694,0.45139080
0.81234473,0.85651290
0.25022227,0.25443321
0.86140883,0.87771767
0.84394288,0.92113006
0.86923885,0.78771532
0.62720555,0.56883347
0.79539740,0.68409812
0.70755565,0.51866502
0.89570093,0.89704436
0.75891602,0.64072943
0.90307820,0.97974503
0.83025867,0.83071285
0.86540484,0.84090102
0.42784330,0.29403645
0.82938385,0.77840394
0.77458370,0.76021636
0.73414081,0.78524214
0.90760708,0.89633226
0.89600492,0.94120151
0.74685830,0.87318563
0.83036888,0.82413101
0.90740490,0.95733041
0.89551014,0.90329397
0.25153023,0.11286988
0.45019040,0.44786826
0.79607975,0.70078200
0.68311310,0.70576924
0.74522007,0.77261633
0.71667242,0.51436228
0.71043849,0.64331055
0.69344807,0.77381706
0.89276218,0.94997269
0.78847927,0.57921028
0.83439946,0.96609181
0.85252577,0.83745748
0.83528012,0.87462234
0.84704643,0.86753249
0.78168488,0.90942913
0.86821306,0.92438066
0.87065309,0.81891280
0.88117421,0.91215152
0.80908674,0.70312828
0.87078631,0.81175274
0.92291987,0.87305474
0.89088684,0.89770633
0.68796086,0.50900257
0.38889650,0.54919863
0.89261842,0.99425286
0.90078819,0.90091950
0.86421263,0.80878663
0.79379964,0.83850265
0.81221175,0.74399853
0.92680848,0.92098033
0.43377721,0.62598270
0.84195566,0.76550871
0.93438727,0.87920874
0.21130496,0.25909430
0.82041466,0.76881856
0.93832046,0.92859668
0.85881507,0.71317309
0.68045223,0.77956986
0.73159599,0.86996698
0.69368708,0.45161444
0.84989440,0.98084825
0.86683738,0.84113801
0.86585599,0.84279549
0.70388007,0.70817608
0.48023969,0.44838309
0.80434358,0.85638946
0.72104841,0.99642855
0.91013551,0.95770979
0.86661285,0.87345171
0.68884814,0.73427027
0.87707102,0.84351897
0.91732895,0.92926937
0.91957784,0.92618775
0.50388634,0.45971575
0.89792877,0.90075141
0.87453145,0.82073301
0.90813065,0.90561372
0.92060137,0.84722221
0.86594778,0.92095351
0.92495370,0.88191885
0.15888447,0.07497706
0.36888719,0.14390244
0.86613822,0.84716874
0.90272784,0.88255036
0.77026623,0.85113996
0.89586335,0.94928300
0.76543629,0.73880899
0.60534388,0.62105978
0.81901383,0.81262982
0.56156403,0.55583185
0.87818229,0.88450295
0.38184428,0.43947282
0.89293152,0.93605608
0.75048494,0.74731505
0.43185884,0.60952902
0.64651406,0.71591765
0.91556799,0.90945148
0.60905117,0.61156446
0.55082929,0.66399556
0.83106160,0.82773900
0.73052132,0.99888641
0.77989089,0.80901307
0.76994157,0.83635467
0.69137800,0.62672049
0.65386426,0.62334055
0.89507300,0.80335766
0.44602287,0.57727122
0.74637800,0.69110304
0.83728528,0.87603253
0.46935290,0.62082064
0.71501815,0.60234964
0.31890047,0.31594202
0.39904210,0.45400271
0.63847733,0.73377436
0.75836068,0.54876393
0.64238054,0.67029285
0.81334651,0.89851618
0.82396954,0.70219976
0.74218774,0.79977137
0.80645335,0.75698471
0.75545973,0.80296588
0.90959030,0.98493630
0.59089100,0.73153740
0.88301963,0.91952467
0.76717234,0.74732560
0.24020252,0.27417654
0.78659099,0.90460300
0.50368088,0.61332309
0.82138449,0.90574151
0.91303968,0.93852460
0.40917739,0.41883275
0.40086401,0.45576829
0.52102745,0.40355298
0.91029769,0.90396249
0.87213898,0.87063295
0.25627062,0.24686849
0.91586494,0.90374649
0.86513352,0.80468750
0.73982930,0.92537314
0.82710290,0.82373244
0.87611628,0.90890688
0.43363306,0.41073257
0.92643297,0.92492646
0.81933284,0.89233661
0.81119239,0.75138891
0.87678707,0.78554803
0.68074155,0.68115872
0.53950119,0.59684193
0.84116369,0.34331059
0.92855936,0.95993030
0.92042905,0.75191104
0.76290822,0.92942840
0.12061939,0.05887888
0.69021446,0.86328375
0.93766797,0.92137265
0.88775718,0.94824338
0.85970426,0.92727274
0.41065121,0.44329169
0.25762612,0.16621801
0.81634748,0.81493509
0.70133579,0.77093369
0.50326931,0.36946368
0.82074136,0.94431466
0.75293159,0.86139697
0.62946844,0.71845347
0.46688232,0.42334017
0.80507553,0.88576943
0.87065530,0.98041666
0.88558936,0.89055043
0.37578702,0.45699394
0.49128363,0.43135002
0.62417555,0.56313431
0.64013129,0.65316665
0.79735869,0.88094515
0.84373295,0.81349206
0.61034703,0.69447440
0.53614569,0.53202736
0.39889777,0.19074610
0.56344682,0.62072283
0.76693988,0.62310362
0.16003817,0.17857143
0.91563112,0.93130344
0.31849602,0.26686859
0.43415490,0.41347429
0.45377716,0.34925410
0.95754910,0.92120683
0.77019131,0.71532255
0.81058186,0.91563803
0.35092306,0.36190981
0.68407321,0.68842268
0.63703001,0.75373417
0.91082352,0.91406190
0.66572452,0.61812866
0.86085975,0.88348532
0.92263764,0.96102065
0.81107694,0.76305968
0.82562917,0.93243456
0.75857669,0.88182276
0.67043853,0.68118411
0.77408952,0.86943781
0.89582729,0.93299937
0.59409368,0.82679921
0.76424360,0.90753287
0.61271584,0.56599897
0.85563898,0.58724594
0.92582214,0.93863815
0.88017452,0.78259116
0.83954108,0.85712564
0.90136212,0.94747758
0.93605477,0.93136072
0.30117303,0.38836405
0.72929949,0.83414632
0.86110622,0.81010693
0.85890567,0.73488325
0.64309156,0.91078430
0.86249954,0.95604217
0.39666972,0.61352813
0.34514484,0.28458738
0.62862539,0.64388865
0.27647376,0.31385612
0.72581887,0.58470148
0.93542349,0.90445155
0.58111811,0.73867559
0.88104963,0.86246496
0.31478360,0.37729108
0.77209604,0.66213691
0.80597335,0.78770852
0.42498812,0.38212597
0.23537710,0.21620715
0.47198704,0.44405919
0.86805952,0.88106066
0.76680714,0.77390367
0.77228266,0.82036614
0.87568456,0.80996716
0.88682139,0.85842067
0.92001557,0.90472430
0.88304293,0.40315506
0.70340610,0.60859418
0.79510659,0.73751736
0.79245013,0.73597103
0.85545671,0.80103737
0.86289102,0.83284163
0.27710664,0.27266225
0.69639915,0.60189211
0.81974459,0.84333014
0.92474580,0.97828609
0.84320140,0.78776121
0.74920791,0.74959815
0.67220163,0.84598929
0.83959663,0.80587584
0.76493996,0.72466218
0.84540415,0.88078433
0.91771173,0.93350166
0.70094275,0.39687431
0.63401592,0.53868902
0.41962460,0.39282146
0.41943690,0.46381423
0.90073496,0.91736388
0.81236786,0.81108958
0.68796182,0.69661492
0.60486341,0.62597948
0.94779819,0.80019981
0.54347485,0.47633147
0.81353182,0.84880120
0.86563426,0.83789790
0.52560472,0.67357653
0.75736243,0.72186613
0.47653610,0.51307732
0.79232824,0.77973855
0.30864176,0.34047765
0.61309206,0.55808079
0.39925465,0.41156632
0.58503664,0.51598209
0.87727511,0.89465147
0.86739522,0.84753376
0.67933601,0.70289034
0.92451143,0.94705653
0.86130142,0.92244416
0.92473960,0.94948977
0.59538960,0.63704205
0.89208007,0.88767505
0.35384557,0.44295454
0.87282991,0.91778165
0.93714583,0.96724421
0.87372661,0.71548676
0.61930883,0.70466030
0.92349362,0.96487606
0.67209661,0.69793046
0.86714619,0.83635980
0.95269001,0.95140678
0.63556790,0.73388773
0.37386474,0.30173033
0.88450676,0.91107738
0.89004105,0.84156317
0.78315443,0.68461519
0.83462018,0.82612556
0.90536296,0.90076631
0.61373878,0.57860386
0.88513547,0.89237136
0.85459328,0.80948132
0.82012725,0.63861454
0.22617513,0.38626665
0.53733033,0.52671957
0.74610305,0.87913013
0.93001044,0.95767272
0.88953066,0.86352932
0.46190140,0.33011273
0.83650243,0.94629246
0.93715483,0.93036580
0.90764201,0.91126776
0.90096205,0.97853369
0.53794044,0.64231008
0.84032863,0.78312474
0.90042448,0.96205503
0.90783674,0.91715837
0.79406285,0.68434751
0.86398077,0.88573885
0.91081673,0.89452815
0.30082953,0.26408178
0.46174058,0.52276689
0.90700763,0.91676831
0.71430755,0.59834677
0.79646564,0.62980771
0.89653701,0.84498233
0.92544395,0.97385532
0.54282099,0.71306640
0.86384988,0.85761565
0.34716606,0.26958776
0.89893591,0.88651258
0.86534601,0.97886825
0.85334325,0.88575268
0.77416974,0.81904554
0.79366630,0.85631067
0.85644495,0.78633600
0.41570964,0.53611565
0.67370278,0.52867132
0.79513216,0.58175290
0.86746454,0.74276859
0.25967407,0.16462965
0.89925581,0.93084574
0.86038530,0.92125493
0.80219841,0.86562502
0.51469725,0.52665967
0.75698686,0.76739419
0.86934525,0.86697251
0.88411731,0.90608108
0.25603369,0.21021059
0.77486902,0.71524066
0.83605677,0.82290912
0.78071284,0.77031821
0.78181171,0.79810995
0.79155666,0.51792771
0.57864255,0.67713457
0.72236174,0.73488283
0.88954914,0.88671398
0.90702689,0.86932921
0.48392773,0.45771959
0.71490777,0.53966188
0.88100910,0.88286805
0.76797616,0.80708271
0.80894327,0.92190522
0.88394666,0.70137870
0.80216837,0.84829384
0.87859201,0.83466822
0.83354223,0.71924812
0.88126779,0.93329918
0.58166051,0.76857030
0.60853982,0.55803180
0.91580772,0.88090771
0.90543306,0.84025007
0.93531591,0.91762823
0.84306407,0.86246240
0.53728986,0.51923591
0.66300213,0.53985041
0.28712070,0.41860464
0.87113011,0.74591571
0.72940725,0.71431565
0.77852595,0.85822320
0.81954563,0.86392111
0.84596521,0.84782684
0.40080422,0.31394839
0.65378833,0.64767081
0.41661221,0.60114735
0.82264382,0.80974412
0.38254619,0.37164414
0.54768980,0.46460047
0.82785088,0.84319019
0.25816435,0.16497388
0.89592469,0.94478381
0.66989768,0.60501510
0.75289905,0.81430602
0.87846792,0.85963488
0.62682801,0.52581948
0.78887075,0.90674686
0.66281968,0.59478402
0.80048472,0.84960896
0.74355233,0.80011517
0.26287743,0.29427531
0.86163056,0.88049716
0.88254476,0.94305301
0.76396549,0.88107681
0.79950023,0.66533875
0.91155523,0.92313504
0.74101889,0.73524374
0.83474731,0.86621511
0.93314326,0.93106729
0.72267359,0.47980279
0.85772979,0.83803141
0.89348280,0.86684155
0.87605870,0.88924634
0.72637224,0.68040210
0.59246588,0.81234568
0.36087054,0.34900808
0.88127345,0.93970716
0.86936331,0.92941880
0.82130605,0.80512625
0.82551682,0.91325521
0.86760259,0.74869227
0.39456579,0.21674128
0.84983075,0.95140427
0.73055333,0.76357943
0.74627495,0.73503256
0.87434071,0.93443501
0.55132878,0.43088040
0.51193422,0.61491698
0.23375538,0.20233637
0.76466703,0.93137479
0.76189345,0.88597447
0.86103982,0.82273108
0.91689235,0.95281094
0.92127192,0.95226735
0.86246204,0.78538090
0.92708921,0.94541657
0.88133729,0.90407228
0.55115867,0.57378972
0.86021686,0.81096095
0.94690657,0.94468367
0.74859768,0.91102755
0.76780123,0.65889424
0.47913641,0.55896705
0.26486319,0.25727087
0.49085605,0.55153459
0.53954238,0.56407166
0.56921798,0.62411201
0.43693277,0.44689736
0.82177007,0.89418244
0.68646383,0.74401551
0.87928939,0.91926515
0.52797961,0.48811969
0.69512546,0.60936344
0.89402884,0.96453899
0.83706570,0.94567049
0.52015179,0.58518744
0.73962879,0.85896105
0.90945786,0.92436975
0.68083459,0.76619637
0.52619183,0.37865728
0.56038535,0.53696579
0.84794641,0.68268484
0.64797813,0.54181010
0.87300968,0.86332214
0.52198589,0.63521641
0.79824674,0.87784016
0.86296469,0.94144881
0.52142918,0.56423545
0.93167877,0.88804388
0.77519089,0.90700543
0.93485492,0.95015210
0.37757146,0.62058789
0.73512387,0.79883087
0.86078662,0.92123985
0.19841015,0.29284340
0.63146895,0.65918279
0.93758947,0.95156682
0.76108783,0.83087158
0.61468375,0.55090457
0.91298378,0.89478815
0.66392839,0.71079355
0.33874899,0.29572579
0.88843632,0.90395570
0.73594677,0.70062238
0.41650370,0.42544800
0.23118848,0.13499986
0.54379135,0.59261674
0.78727329,0.83686870
0.79185587,0.71431649
0.80824506,0.80535322
0.37311661,0.44080490
0.75171942,0.68046820
0.89777142,0.88211900
0.89259726,0.92337251
0.81375742,0.90806741
0.66932148,0.42550504
0.83337373,0.81607956
0.78804868,0.75267017
0.50965863,0.54109889
0.62992311,0.64185476
0.64777756,0.78316742
0.84038174,0.83877629
0.79318154,0.80120999
0.91018283,0.89555258
0.91500771,0.88730419
0.72752303,0.89329320
0.89894879,0.86925638
0.89723641,0.90426528
0.51606041,0.32794622
0.68283874,0.72307694
0.79278064,0.78880227
0.70724803,0.69225228
0.66573727,0.49802372
0.91364247,0.94826311
0.67065704,0.65071899
0.75777453,0.69458610
0.92871469,0.91751724
0.68528187,0.60509634
0.71236265,0.72117525
0.57161802,0.51230520
0.84954011,0.83057493
0.81617725,0.62790275
0.75274801,0.72464728
0.71735185,0.60357124
0.77927154,0.57811230
0.61009187,0.76451755
0.62060696,0.65460360
0.87904602,0.91930300
0.77936530,0.41803375
0.88764691,0.91481394
0.47981417,0.57398993
0.29831278,0.30924433
0.75078011,0.72230905
0.53851312,0.49731249
0.83383274,0.73707688
0.87322044,0.87325001
0.74858618,0.81795913
0.79498881,0.80513459
0.90516442,0.90945530
0.48007783,0.66351891
0.84299797,0.83636242
0.81888968,0.81954020
0.91874903,0.93428570
0.79141307,0.72480237
0.94225681,0.95489550
0.91666061,0.97859430
0.71052337,0.76543307
0.87698829,0.88159877
0.72169906,0.66364735
0.71079791,0.66201407
0.85395300,0.81898528
0.90101123,0.90554053
0.90345114,0.90113240
0.33337221,0.20370160
0.39313847,0.31864753
0.28577846,0.22531345
0.44334233,0.56835264
0.79054469,0.89218456
0.90016294,0.91149521
0.58346736,0.43312377
0.77697867,0.41225928
0.81870192,0.85576922
0.85072303,0.72041112
0.80515480,0.84452683
0.88862598,0.82641959
0.81958592,0.87013572
0.59023261,0.40221089
0.90502334,0.93004912
0.89594513,0.94750637
0.58803421,0.42811745
0.93043482,0.95471442
0.91510296,0.91122085
0.41224444,0.51083529
0.65235233,0.27325070
0.71200335,0.48874459
0.43280745,0.53219175
0.89540941,0.91258496
0.38127711,0.51421547
0.37837815,0.16824375
0.92469192,0.95793831
0.87850595,0.87224317
0.56000590,0.35857671
0.81868345,0.88580358
0.65989387,0.65312827
0.45940652,0.45671040
0.76475984,0.84324133
0.90241247,0.91488916
0.59393030,0.43936557
0.93527967,0.96191794
0.43038625,0.36642864
0.91435993,0.90795249
0.84566170,0.92329091
0.86461258,0.82083333
0.95389599,0.94758064
0.37568831,0.37408519
0.88617665,0.87000698
0.89011687,0.88083166
0.88422632,0.88705063
0.76389253,0.59842324
0.71916360,0.60643572
0.87313163,0.83627653
0.37160808,0.39646974
0.91345280,0.90601200
0.55074435,0.48900181
0.87472439,0.87262613
0.71439123,0.70908070
0.79783684,0.75484210
0.82791108,0.77926588
0.72514892,0.75887817
0.44626296,0.24975027
0.38951778,0.61219209
0.91929877,0.95826328
0.94889200,0.96291733
0.59308159,0.49350649
0.84455353,0.75180954
0.67882371,0.55396414
0.92796338,0.92468077
0.80958253,0.89616227
0.90223062,0.87778515
0.82655722,0.94268423
0.47805485,0.69172472
0.91466117,0.92317021
0.69747591,0.62751853
0.79532945,0.68234134
0.69288546,0.72234392
0.35084787,0.52153915
0.49474975,0.48065290
0.87096512,0.90427721
0.90014267,0.92455280
0.80588651,0.86911076
0.67524564,0.60090137
0.72894818,0.78461540
0.88771379,0.94017917
0.87542999,0.89266616
0.85658109,0.92072195
0.88025016,0.86983883
0.50440508,0.66580093
0.87923926,0.77782387
0.83028221,0.91726822
0.90750962,0.89858943
0.61744791,0.89878005
0.64173400,0.56363636
0.86044908,0.79968596
0.64721322,0.68719727
0.88322359,0.85790408
0.91061872,0.90293932
0.87991273,0.95863920
0.34955490,0.36549816
0.85970598,0.90652174
0.83776826,0.81130463
0.87967014,0.69390404
0.89470541,0.86177069
0.73050857,0.66614151
0.20225492,0.10867411
0.82260954,0.83432090
0.32276544,0.27899492
0.91595250,0.93369395
0.65342027,0.76367360
0.48113960,0.52248341
0.76636165,0.70664138
0.52501512,0.47202370
0.73356736,0.72612965
0.93202293,0.89943314
0.41327545,0.55499828
0.91289580,0.89636755
0.83576035,0.75809509
0.76090598,0.63974792
0.88458866,0.78104293
0.82509112,0.88610148
0.91447580,0.93431371
0.79012549,0.83934772
0.70399749,0.71283698
0.89398873,0.89842480
0.55547905,0.54730159
0.72123867,0.43214285
0.52141935,0.35497200
0.67903423,0.52035463
0.21716926,0.16419658
0.29458120,0.40966952
0.76701415,0.61902410
0.47182319,0.72706509
0.88619226,0.90523183
0.78574401,0.81309521
0.64077985,0.62879652
0.77785432,0.82935148
0.58701241,0.72596747
0.90546572,0.78171802
0.74188501,0.76299530
0.92935818,0.91868389
0.19863172,0.25794923
0.88749009,0.94805503
0.67182302,0.54948288
0.90147316,0.96323186
0.75463474,0.70808846
0.79040319,0.74844444
0.85856158,0.82007611
0.82632911,0.84158826
0.87073499,0.90366298
0.82178807,0.79571223
0.85417295,0.80758429
0.65915060,0.79464287
0.23576912,0.39908019
0.75490904,0.73734641
0.34661907,0.07455605
0.27930501,0.17020099
0.88358164,0.93589354
0.51771742,0.63321871
0.82690442,0.80233514
0.51800823,0.67605603
0.92892969,0.91330028
0.79353642,0.71992844
0.92448521,0.91117382
0.41098377,0.47939801
0.83401352,0.85910517
0.55430365,0.56120360
0.79202068,0.99609375
0.80739689,0.82705593
0.34681678,0.31308284
0.88469815,0.71998125
0.58582008,0.61743915
0.80875540,0.79744208
0.85212541,0.80658859
0.80972970,0.86582166
0.81916595,0.94588816
0.69099563,0.67820317
0.87524194,0.86383486
0.78672272,0.55416667
0.75953424,0.64915603
0.72095400,0.77142859
0.68454504,0.55404264
0.69939959,0.72441417
0.83845305,0.84533483
0.67699838,0.71924734
0.82407737,0.87103897
0.76731884,0.86925709
0.90599382,0.89299560
0.92370236,0.85965991
0.90660918,0.96687371
0.90363181,0.87602341
0.73464429,0.78267020
0.83090377,0.90069497
0.91611183,0.88417375
0.65737295,0.69139767
0.80517954,0.81770831
0.65954077,0.67526495
0.43062210,0.52850091
0.84266025,0.81791282
0.75153702,0.61894262
0.89924318,0.91690284
0.56736434,0.49491447
0.73359746,0.82243747
0.76432073,0.62001604
0.83148348,0.76807755
0.61314237,0.42000598
0.53870332,0.63359320
0.89251852,0.92971718
0.82191384,0.57530427
0.89041877,0.80952382
0.78869867,0.92160279
0.91488111,0.84482759
0.87250394,0.84970713
0.37127283,0.28383347
0.90659940,0.88441843
0.60968083,0.69579417
0.21718995,0.22469424
0.89441955,0.82103914
0.77832139,0.75675434
0.70072246,0.65243727
0.84848779,0.88136077
0.81363052,0.85177046
0.88308716,0.89009333
0.89228344,0.81751615
0.33756980,0.26774266
0.72186255,0.70526057
0.72098905,0.83430231
0.66093343,0.62772018
0.86880243,0.85244316
0.49662027,0.57725251
0.31468499,0.29824492
0.60649884,0.61118960
0.83960569,0.93584907
0.88990903,0.93856561
0.52167195,0.36630476
0.55435914,0.58595842
0.33827835,0.38987574
0.80186391,0.87111205
0.82631588,0.83429378
0.92107606,0.41153699
0.90361786,0.95909977
0.89306170,0.92901236
0.65936154,0.61069566
0.89421850,0.89789295
0.54640019,0.74303269
0.92846584,0.85485041
0.93654644,0.88345087
0.24412942,0.27619258
0.86489511,0.95724529
0.86875510,0.83617675
0.51662415,0.49744982
0.93312317,0.94597828
0.80418515,0.87699610
0.91701525,0.94724703
0.82576436,0.90196633
0.88235140,0.92557651
0.71736479,0.73717207
0.60898864,0.69321382
0.93059349,0.94005603
0.86062640,0.88258708
0.87951475,0.90425348
0.93877739,0.88550907
0.52879125,0.45869714
0.83706546,0.88097888
0.27512160,0.25123823
0.92766327,0.92153847
0.87994277,0.94516450
0.74719685,0.57412654
0.91334164,0.87704951
0.90514916,0.96241832
0.83577693,0.82477778
0.31322014,0.29932868
0.82329601,0.69225293
0.48511794,0.97664815
0.86971962,0.90223086
0.39433533,0.60148513
0.71723127,0.79319382
0.89443398,0.78682846
0.74878651,0.89248890
0.56992805,0.35644263
0.74980265,0.80514705
0.86425984,0.84663057
0.48082012,0.65003949
0.75922734,0.64214063
0.73822236,0.59708977
0.35357076,0.20019954
0.88311034,0.88225627
0.20534107,0.15344574
0.87194479,0.92121214
0.82639730,0.67571312
0.83366251,0.76544768
0.83937991,0.97370946
0.85222548,0.84361732
0.71599960,0.82224995
0.46077961,0.37674493
0.90196508,0.90007275
0.86974031,0.89105046
0.94327247,0.96345901
0.87525886,0.87839490
0.76337200,0.71089637
0.89678025,0.89089328
0.62562621,0.75335133
0.85685611,0.89259034
0.18245161,0.06829837
0.94773877,0.94404960
0.88785040,0.96098900
0.40905821,0.62072366
0.68290043,0.48020723
0.62884611,0.81188536
0.83699560,0.89475161
0.90019870,0.88479143
0.90895903,0.85508496
0.90258253,0.92049551
0.50152159,0.63504386
0.88843256,0.84325689
0.93894672,0.86173087
0.80962157,0.84849393
0.41357034,0.45001563
0.85494906,0.87728935
0.94272643,0.88124722
0.73208117,0.52454460
0.37231416,0.55092359
0.85523462,0.90826315
0.82066131,0.78231227
0.74865508,0.89741707
0.87319088,0.86492676
0.45803216,0.15921940
0.44795176,0.29984215
0.68587273,0.43859890
0.93851650,0.99230766
0.80871195,0.84102565
0.16297588,0.17442191
0.61463350,0.70329672
0.45092988,0.40908498
0.44013244,0.40095246
0.60752934,0.48571542
0.46245185,0.49918452
0.92378902,0.88721877
0.37447017,0.08909262
0.79658175,0.82946324
0.82494843,0.75512242
0.90105414,0.92004907
0.87945133,0.88721830
0.54112500,0.53965944
0.87637365,0.94276226
0.81430775,0.85317880
0.78067440,0.90883893
0.61533356,0.61259478
0.28628719,0.41220814
0.65122586,0.76328313
0.89974928,0.94481438
0.78630948,0.82163745
0.87003523,0.79190278
0.17578697,0.14329004
0.64072591,0.54568022
0.81486481,0.91237390
0.76383960,0.64533132
0.91702604,0.89040375
0.24308801,0.23491916
0.78719246,0.70512819
0.93772864,0.87333721
0.70433414,0.50275481
0.56637853,0.41492388
0.74187011,0.83216679
0.86660105,0.84765434
0.87744904,0.87943816
0.91233057,0.91746032
0.82543004,0.84982634
0.85042071,0.68396997
0.80415094,0.84090906
0.78998286,0.70183557
0.49122134,0.77616769
0.54805690,0.94641560
0.75559437,0.61118776
0.54686403,0.68366092
0.33983973,0.45492229
0.86369270,0.80246884
0.58491218,0.71277618
0.84073317,0.86717635
0.69515431,0.76205230
0.95115554,0.96383440
0.38778752,0.43993151
0.34818476,0.38756835
0.91365027,0.91624326
0.37367755,0.31154683
0.83911121,0.91513997
0.91016561,0.96767455
0.26363969,0.18740541
0.76789504,0.66513056
0.35580415,0.25474322
0.93449211,0.94279474
0.83535218,0.81180859
0.88858455,0.94845963
0.90195012,0.97481686
0.34359017,0.18055958
0.48565686,0.19880952
0.30896088,0.38651857
0.73380131,0.80794996
0.73072952,0.82167602
0.93273973,0.96399838
0.84731692,0.84096026
0.77980059,0.85861164
0.75087208,0.65253198
0.39377704,0.45501372
0.51895732,0.42889556
0.91371077,0.92932373
0.69513041,0.59381235
0.89329398,0.91048646
0.91206181,0.92507005
0.93866509,0.88690591
0.20930447,0.23253667
0.91138351,0.92717087
0.76296616,0.90045935
0.88459766,0.93431395
0.78167027,0.90154886
0.79893744,0.88411397
0.36507758,0.43741089
0.81817114,0.83839709
0.89403605,0.91226202
0.36344215,0.31578946
0.34912229,0.40491804
0.93613803,0.93180543
0.83541054,0.88696444
0.92455894,0.93975824
0.91302311,0.95710742
0.89390457,0.93605047
0.89770597,0.91082805
0.54666817,0.60890597
0.83339125,0.90525424
0.89917707,0.90705884
0.81532860,0.75723577
0.81943214,0.76311040
0.88654238,0.83497620
0.86340880,0.93640012
0.87356597,0.89069539
0.79079074,0.81720781
0.76546735,0.63918066
0.70172840,0.91938615
0.62824583,0.87966478
0.75553191,0.02964612
0.91846883,0.90822428
0.67711329,0.71300256
0.42724878,0.57531393
0.80306643,0.88143426
0.85669649,0.85934305
0.65282750,0.64706433
0.88701487,0.96249998
0.79572767,0.92266011
0.76532459,0.83189654
0.78145766,0.77686781
0.59533262,0.59934556
0.75467628,0.76567739
0.79172617,0.84105265
0.89984250,0.91954386
0.21598753,0.12743473
0.79368103,0.62894773
0.59990335,0.41752899
0.59911805,0.50101358
0.80710536,0.78430188
0.77598786,0.68559217
0.58508569,0.60607475
0.84214139,0.88823915
0.86698222,0.84758389
0.68900359,0.75931394
0.26710814,0.23200859
0.31749725,0.38606334
0.94211251,0.89179516
0.92052269,0.94080716
0.70594639,0.46410990
0.75778276,0.65484893
0.83608091,0.31590417
0.33516157,0.24041301
0.93619794,0.94095367
0.84170628,0.87500000
0.43251696,0.61891466
0.89441442,0.92870259
0.39771116,0.27204525
0.64185882,0.45376888
0.74435943,0.57336152
0.84946603,0.87294120
0.79475677,0.85196078
0.87162006,0.85354626
0.90262794,0.97498119
0.55291116,0.42754343
0.88398659,0.94963878
0.46762860,0.45171499
0.93525809,0.96791446
0.90211344,0.86007518
0.91413289,0.83196211
0.87123579,0.85797906
0.84759527,0.91861320
0.59679675,0.35621205
0.80159914,0.85198003
0.82731760,0.79217917
0.46201122,0.17416899
0.93165493,0.91427881
0.80784971,0.87962961
0.68040061,0.47461370
0.89804441,0.92484587
0.94964349,0.91949022
0.68704587,0.60943729
0.56254697,0.77308971
0.86716068,0.87145025
0.63073432,0.55161566
0.76797938,0.63959783
0.34720153,0.34424084
0.76600885,0.69670886
0.55559891,0.71045119
0.88747013,0.73442084
0.45768431,0.45881557
0.60020381,0.66664827
0.84596735,0.93217814
0.92091066,0.81453234
0.67128134,0.75454545
0.78675687,1.00000000
0.82205129,0.93357509
0.67409718,0.71567297
0.75308561,0.84580421
0.73531914,0.80489445
0.69514793,0.77475005
0.88530928,0.74435073
0.93001676,0.88111013
0.27580729,0.25292870
0.89248031,0.93983138
0.83644009,0.94122696
0.89209229,0.85635376
0.87860101,0.80575335
0.82973236,0.85893720
0.73383600,0.93557674
0.86216718,0.90379173
0.23707847,0.14004968
0.93539900,0.83660132
0.88266289,0.93454885
0.36069667,0.26287934
0.87193036,0.91712707
0.54865140,0.65285587
0.76583469,0.76490575
0.69248229,0.58143669
0.31394827,0.12236842
0.80790460,0.93267488
0.84839988,0.95400006
0.85128319,0.85818166
0.88243425,0.91877991
0.75553048,0.72395557
0.71881449,0.80206394
0.22244866,0.10837964
0.38731584,0.16903889
0.89692807,0.91320348
0.75959080,0.68061656
0.90597010,0.93670887
0.46198761,0.37096778
0.89355350,0.87613404
0.86798590,0.90014768
0.65913749,0.89949495
0.92562807,0.91311008
0.81433612,0.51841706
0.88088900,0.89685607
0.86595589,0.86471170
0.80792379,0.83123648
0.35325533,0.25009397
0.88539422,0.92673993
0.88449037,0.89891565
0.84097916,0.84587008
0.92817694,0.90423000
0.80455244,0.73255002
0.88393050,0.92189580
0.93430442,0.88496912
0.77669126,0.71860522
0.65592706,0.74341798
0.92203689,0.92109185
0.77617508,0.99761903
0.50580603,0.46135831
0.70483875,0.71771282
0.92601717,0.87048554
0.65222710,0.72692442
0.57456458,0.57671326
0.63877380,0.88399357
0.36308789,0.40305534
0.92957121,0.88357663
0.89740723,0.94397849
0.39504200,0.66152561
0.67466849,0.75018382
0.88463581,0.93260264
0.76716483,0.85270655
0.58899969,0.55598551
0.57023102,0.68247974
0.89721781,0.90051502
0.90186715,0.96181631
0.88614666,0.95810419
0.83510572,0.88069820
0.85706574,0.83784002
0.76315528,0.88187933
0.80326116,0.54209012
0.71410763,0.77091575
0.77769816,0.81152558
0.72997868,0.61299437
0.89709401,0.87382627
0.72289652,0.62929517
0.90694898,0.88459653
0.91906631,0.97421932
0.30985656,0.30498749
0.27512252,0.23558581
0.81182045,0.89388430
0.79517305,0.64270473
0.25812173,0.35376799
0.87606853,0.95362890
0.90772092,0.95308578
0.40350097,0.49136579
0.94513184,0.96046054
0.74610162,0.69312167
0.91024464,0.94805765
0.88255626,0.81778711
0.81839585,0.84878772
0.80999696,0.85112309
0.76140130,0.73909897
0.83133948,0.89631337
0.78435427,0.54158878
0.38095629,0.11928131
0.85370016,0.79812777
0.81056499,0.79585254
0.75759310,0.81701428
0.84968287,0.83949620
0.77240241,0.89025772
0.68004584,0.65752423
0.84875751,0.75183153
0.90160990,0.84598374
0.85341942,0.89336401
0.89379811,0.92591268
0.81574452,0.20265526
0.92114401,0.91118538
0.86723697,0.87318838
0.33072186,0.39870444
0.83050817,0.95628518
0.93341827,0.93480587
0.87812579,0.68611109
0.67104131,0.80030638
0.62320423,0.58126551
0.85681093,0.89695305
0.55103314,0.67022020
0.61531830,0.55239910
0.77213681,0.85537314
0.83884460,0.94570857
0.88295960,0.87090105
0.35076958,0.34116378
0.88174748,0.91170633
0.85064256,0.75524253
0.79644477,0.78257108
0.87544268,0.71781015
0.63806057,0.55659592
0.27258262,0.23622312
0.89190841,0.90851682
0.73397660,0.69989014
0.86266685,0.82449800
0.43614691,0.36360854
0.69259727,0.74996972
0.89805734,0.98918617
0.41315040,0.58207434
0.82597530,0.79490948
0.86761498,0.89624220
0.61018503,0.72093529
0.33392528,0.47539854
0.70664686,0.71786344
0.58742964,0.30410188
0.90196002,0.92258757
0.87217599,0.85097408
0.88996279,0.97181028
0.93172562,0.97244811
0.72786665,0.74257195
0.87180793,0.83984154
0.93222213,0.95610476
0.88955402,0.89228970
0.91507149,0.95104462
0.46634430,0.48661110
0.75841641,0.23532061
0.92742646,0.94193619
0.89571786,0.94814813
0.76203012,0.76838869
0.90057409,0.91721088
0.79886460,0.71718627
0.86760324,0.87530082
0.72570020,0.80126286
0.85691184,0.87911576
0.90423357,0.87978101
0.78765714,0.76279688
0.57414329,0.59722221
0.85357267,0.77453446
0.90298432,0.83986402
0.29440850,0.33316183
0.88468617,0.92045456
0.22113557,0.16410257
0.83985913,0.87043571
0.95138484,0.94557279
0.87974828,0.89435160
0.86951405,0.87352216
0.86630058,0.78661382
0.88925946,0.93115294
0.33085021,0.33930302
0.89885843,0.96018147
0.87742084,0.88915795
0.57862872,0.62549937
0.36635983,0.42995441
0.90477818,0.86061025
0.91284370,0.82341480
0.66179252,0.61313039
0.89434355,0.85261708
0.89133370,0.93497360
0.91240239,0.93336874
0.89533687,0.92636108
0.81229055,0.70151520
0.30677044,0.43657759
0.85639197,0.89725381
0.79602772,0.89741272
0.80288118,0.92162603
0.92186594,0.96660280
0.86627477,0.87866646
0.83679098,0.92998105
0.89664704,0.94204807
0.30865183,0.40268132
0.93882149,0.96721530
0.92140108,0.82956123
0.92210215,0.93272763
0.38179713,0.28030348
0.79082572,0.84774113
0.60003972,0.66428322
0.88230723,0.85773218
0.85881579,0.83218777
0.73112822,0.67524999
0.89532453,0.86763257
0.74307382,0.45857561
0.70435637,0.55131948
0.76242179,0.57006878
0.87409139,0.91356343
0.23814690,0.35344827
0.78562677,0.68637580
0.83537924,0.85277158
0.54631293,0.51030177
0.91518629,0.86988801
0.89492947,0.89293605
0.64128906,0.51675773
0.88874519,0.91071427
0.86996621,0.91369045
0.86464596,0.76848835
0.15339708,0.12009080
0.26102018,0.33951929
0.62870973,0.57617915
0.68224758,0.73087358
0.84658062,0.89735472
0.51898021,0.20103613
0.50726300,0.39131579
0.89814967,0.91408473
0.86028445,0.85691029
0.89450884,0.91631782
0.73326230,0.77734041
0.73165178,0.56578946
0.90493119,0.90342987
0.82017785,0.80230767
0.43749735,0.64375412
0.88279182,0.93873984
0.69129378,0.73178452
0.87832892,0.90988481
0.36960971,0.25153777
0.84832853,0.86816931
0.41264284,0.52582270
0.82434696,0.84114772
0.92397523,0.93597382
0.16072279,0.05177786
0.90468609,0.94183105
0.85420817,0.83697361
0.87599516,0.88469118
0.81409979,0.21718000
0.15936470,0.13375518
0.90949911,0.88863069
0.85203505,0.89505064
0.91537130,0.93717951
0.93422711,0.96428573
0.46922985,0.42815128
0.46953592,0.82392406
0.61078221,0.71136653
0.78551793,0.72151899
0.49748367,0.29105273
0.88755029,0.88285232
0.90135080,0.95917141
0.89806169,0.88766891
0.72497672,0.75831223
0.90162098,0.94079292
0.38142347,0.27233332
0.85895813,0.92894202
0.81081575,0.74482477
0.67553020,0.68835163
0.63859886,0.69626689
0.73110592,0.76337951
0.60731041,0.52755839
0.34762293,0.48439011
0.84894198,0.81957686
0.74433386,0.64755809
0.68191975,0.69263530
0.87154168,0.93752217
0.51895565,0.59006566
0.79816127,0.81194216
0.76272196,0.55855328
0.87951350,0.92853534
0.39474523,0.31734344
0.88342047,0.92831528
0.74613225,0.72871143
0.92068225,0.90732759
0.94410312,0.91167587
0.90071630,0.89145327
0.77928209,0.60457516
0.56019706,0.55800653
0.57022226,0.51890302
0.87233591,0.91044778
0.73739189,0.80315363
0.90733671,0.93414629
0.41855159,0.30079299
0.86575854,0.86599702
0.85713929,0.84880590
0.37097034,0.32693663
0.78025669,0.79857057
0.59962165,0.81092477
0.91906214,0.92455530
0.43983352,0.51497561
0.76311964,0.89615589
0.57321644,0.40874887
0.90222347,0.89347422
0.81372327,0.88959527
0.93083119,0.89362514
0.82145226,0.94016254
0.89575529,0.70615774
0.71385145,0.74715853
0.82362169,0.77799922
0.38721463,0.38993159
0.72934222,0.88015294
0.78939426,0.73414218
0.88252938,0.91260988
0.66410285,0.58093786
0.50414032,0.32032537
0.89047146,0.91386050
0.89083844,0.83528072
0.90031695,0.90238804
0.83157384,0.86159825
0.49771565,0.55233061
0.62995231,0.84287149
0.85089713,0.95948678
0.72737384,0.78245258
0.74676168,0.85784400
0.80122793,0.82536179
0.41081038,0.40037879
0.31670263,0.37431037
0.85971898,0.82199389
0.91965598,0.53693014
0.80646896,0.78574461
0.22586824,0.22848853
0.88551068,0.82250047
0.70979905,0.73024690
0.87658501,0.89206827
0.84162390,0.92170960
0.46609238,0.44967532
0.86828738,0.92603070
0.47673032,0.51326311
0.74647260,0.78067976
0.81045997,0.88254195
0.61189592,0.77216905
0.84643328,0.94628650
0.86063600,0.84378111
0.85404652,0.84498900
0.66914922,0.65070677
0.85777074,0.87078249
0.86840010,0.88635421
0.88515180,0.87408596
0.53667867,0.68906432
0.42426535,0.49958915
0.89970493,0.91602910
0.89856350,0.84021819
0.80862331,0.78692722
0.65595669,0.58999157
0.85956728,0.84815788
0.81462878,0.84443849
0.78539526,0.78091633
0.60917014,0.84737122
0.24462748,0.17152122
0.59213531,0.54855615
0.93199492,0.94437683
0.92469335,0.92429012
0.68483531,0.55621076
0.83325249,0.81466025
0.88481629,0.80726790
0.77417457,0.78682929
0.92046368,0.94617754
0.91312820,0.88148147
0.63019389,0.67054486
0.76467663,0.85064381
0.84322155,0.92771083
0.79536885,0.75047678
0.94052845,0.95686454
0.89263916,0.87358367
0.20491216,0.23834726
0.68210340,0.77629673
0.72002739,0.89035308
0.82653522,0.97187579
0.92052042,0.90651137
0.84202248,0.90096408
0.49244601,0.53995329
0.92183334,0.98958331
0.73635477,0.76987988
0.89854550,0.91929823
0.63476062,0.66241825
0.69599402,0.64942288
0.85805708,0.89044762
0.61696583,0.67610937
0.76435012,0.72676283
0.81211120,0.76720375
0.82313240,0.83216292
0.91429210,0.90534341
0.87463331,0.96796197
0.88886601,0.87003565
0.63330919,0.63031000
0.92633688,0.92950636
0.86617970,0.88743019
0.92602324,0.87090665
0.82867706,0.70694989
0.92721123,0.97563297
0.82497180,0.79623288
0.83426666,0.88405353
0.43444917,0.49265650
0.92504072,0.99444443
0.83331305,0.79036933
0.75477040,0.70986301
0.91516304,0.92288488
0.44036990,0.30756614
0.69915670,0.68696600
0.70589530,0.86625421
0.52591538,0.35050800
0.53810024,0.46106213
0.57802087,0.44303864
0.88938904,0.87660164
0.83213913,0.83545738
0.87907016,0.85069126
0.86215472,0.81162632
0.38607112,0.57950193
0.58880544,0.73750222
0.93679261,0.95530301
0.96310538,0.95363468
0.31461021,0.32808661
0.52803147,0.55121565
0.91078442,0.92689967
0.88496614,0.90217435
0.90877461,0.88427126
0.67111045,0.65315610
0.87465733,0.87675571
0.71444523,0.66503936
0.13601056,0.11494103
0.66432750,0.67119473
0.80826604,0.79233122
0.67911249,0.66094005
0.81542444,0.93963963
0.75407475,0.69750714
0.80175287,0.85764241
0.47180474,0.52840298
0.66053230,0.73471564
0.86781007,0.89596272
0.57971901,0.35766375
0.64775544,0.63896549
0.45691171,0.40296757
0.85079515,0.88704634
0.54095471,0.45070335
0.80517083,0.83443046
0.47891507,0.47934622
0.76611882,0.67756408
0.91867065,0.93684494
0.48813254,0.56713766
0.81412166,0.90593648
0.60612190,0.70142967
0.40954074,0.50965667
0.81616437,0.88671875
0.61391634,0.52885211
0.90441251,0.83463115
0.55496639,0.34641609
0.90686870,0.82876712
0.87539005,0.91406453
0.34360722,0.30129331
0.34547663,0.63616073
0.59526598,0.04845155
0.84378582,0.88600469
0.66676688,0.61904764
0.60633719,0.45204136
0.78794396,0.81475151
0.64021093,0.90451390
0.23199089,0.22177146
0.32944065,0.29945654
0.83492094,0.68983757
0.89250255,0.91415662
0.90568137,0.87006044
0.73242438,0.80337584
0.90206528,0.96874243
0.88651741,0.88009894
0.73131734,0.85188872
0.93479127,0.93316805
0.91414213,0.90077287
0.76360130,0.80911100
0.21457297,0.11408894
0.85512638,0.85279375
0.92313850,0.93032849
0.86340523,0.91492677
0.87205839,0.90733528
0.75471294,0.81771487
0.82721716,0.91498768
0.93764645,0.95652425
0.93917167,0.90646917
0.51983154,0.64652777
0.75942349,0.58315706
0.89923847,0.85891318
0.73930478,0.69257730
0.90536368,0.94185799
0.83313644,0.88832200
0.82796603,0.85598040
0.79462057,0.78168249
0.87537533,0.90263158
0.79504597,0.83303654
0.88363934,0.91967493
0.69959867,0.71624804
0.87188292,0.80990237
0.90642852,0.90912700
0.78725010,0.80256462
0.63880020,0.59552443
0.32491103,0.23681186
0.50409955,0.50253379
0.52504313,0.54191619
0.25793865,0.18189681
0.50520480,0.42438155
0.78428078,0.72044647
0.79227382,0.91439730
0.89908701,0.91684574
0.91429043,0.92506206
0.32651252,0.24160588
0.44000614,0.27595365
0.89562476,0.85697168
0.63329494,0.66573411
0.75006658,0.89220566
0.64545673,0.47112080
0.56578797,0.48271435
0.70277560,0.77254188
0.85042417,0.96651059
0.82469404,0.72334933
0.93324238,0.64689296
0.41607547,0.72345650
0.20969319,0.18042041
0.83709168,0.60098600
0.58809984,0.49399674
0.72692382,0.71402138
0.92443186,0.94178361
0.45811328,0.29500368
0.87739372,0.90296113
0.20614180,0.05136472
0.89900315,0.94964486
0.34877384,0.47654912
0.70529252,0.55289757
0.84837830,0.81119543
0.81616235,0.90784472
0.92123294,0.89685374
0.72043949,0.67636144
0.76496172,0.40288460
0.48324153,0.42986614
0.94030648,0.98393756
0.53692991,0.61065215
0.78607649,0.65012896
0.88916397,0.95646000
0.60831773,0.50420672
0.93297213,0.87978321
0.93637967,0.92094803
0.68405068,0.66511738
0.48074776,0.60660034
0.43176839,0.44250327
0.91327572,0.89464885
0.95837092,0.92523944
0.94497508,0.94815439
0.73848206,0.88486564
0.84090030,0.83461541
0.87768644,0.87142307
0.77511191,0.83375567
0.55981255,0.56789601
0.74386632,0.84102881
0.89494872,0.85782647
0.78056240,0.67394406
0.93225259,0.95129144
0.80387056,0.59579164
0.90593588,0.87803340
0.85945559,0.86035794
0.51804745,0.66070873
0.74951327,0.82681078
0.78903884,0.67062145
0.68840241,0.58097559
0.35768938,0.39346027
0.23877510,0.34014612
0.31147322,0.21975319
0.69641811,0.59207392
0.82104248,0.87201297
0.78193128,0.78771836
0.67624080,0.70762616
0.65974981,0.67272651
0.87978566,0.87387979
0.83307624,0.96345621
0.44972420,0.42077038
0.39153063,0.15829608
0.92676914,0.91199678
0.87519813,0.95495719
0.35619360,0.35403588
0.66734970,0.66532016
0.89323878,0.92055923
0.66611028,0.91490322
0.94010800,0.97001278
0.86023068,0.88018858
0.90481818,0.93117476
0.96482253,0.95382863
0.79019207,0.86244410
0.72845161,0.73442101
0.92936742,0.91228068
0.76489210,0.93927830
0.62866235,0.46267676
0.67094505,0.70179617
0.92370749,0.91501409
0.94186181,0.91996789
0.57753170,0.54710144
0.32395929,0.31135127
0.88719529,0.93886197
0.89284205,0.90465760
0.91872782,0.94040430
0.49897608,0.66389376
0.81426984,0.82772726
0.91966957,0.91983473
0.52802521,0.39805523
0.88373262,0.87549829
0.53467339,0.66744733
0.85489148,0.79849559
0.85346782,0.85115749
0.80499864,0.81344086
0.87231064,0.87896824
0.83101159,0.66121429
0.71183568,0.55836362
0.61285037,0.51431823
0.92478222,0.87147808
0.92017984,0.91590399
0.90372723,0.90799302
0.92731619,0.85250485
0.91025990,0.96512985
0.91567051,0.95205468
0.89681292,0.91211528
0.50591385,0.65570402
0.77624673,0.75059289
0.90828186,0.72716153
0.76582098,0.57137841
0.80623960,0.76650643
0.92247421,0.91661173
0.73278201,0.76482922
0.79986519,0.74185425
0.39546767,0.31294981
0.90420783,0.96527582
0.86415458,0.85145080
0.85958397,0.80889010
0.66486973,0.76749974
0.55182588,0.41971815
0.91664201,0.84762043
0.74024612,0.87377679
0.24900964,0.40974379
0.55181807,0.66561794
0.85746008,0.82890910
0.80798423,0.86212122
0.70127046,0.68294156
0.24666241,0.31551424
0.79781693,0.72432435
0.82091212,0.87636930
0.83281630,0.89229268
0.47032994,0.70499414
0.92960256,0.94096440
0.80357331,0.69155443
0.43000862,0.42263299
0.85060310,0.78516775
0.78740358,0.73881149
0.58142298,0.26188931
0.86743760,0.92157781
0.56327295,0.71014494
0.58859360,0.63020581
0.28656200,0.46329337
0.47328824,0.48507112
0.72227180,0.77320921
0.52422285,0.51368695
0.95201898,0.95154363
0.72837567,0.82196611
0.28917962,0.31492946
0.90069485,0.86184406
0.90778035,0.91306508
0.85201418,0.81522924
0.39108142,0.29763985
0.91256881,0.91791171
0.87801385,0.84123367
0.87170309,0.86639059
0.59354687,0.70728254
0.40010834,0.50532764
0.81286007,0.75413793
0.76583689,0.79802209
0.37010008,0.06908450
0.44754103,0.46709225
0.48954844,0.48625547
0.76554990,0.91732252
0.90610749,0.91885495
0.61504078,0.35408440
0.89682525,0.91003817
0.69851208,0.76037735
0.76480627,0.57758534
0.94722760,0.90748078
0.93573338,0.92078489
0.71527541,0.43711427
0.92330265,0.89867485
0.56111646,0.58305603
0.72630358,0.66135561
0.56041956,0.60321182
0.69962037,0.78839141
0.83470798,0.87336266
0.90769631,0.91758722
0.88924450,0.82968795
0.93143570,0.94885772
0.67803299,0.74861449
0.94910502,0.87827450
0.80677378,0.85758328
0.79331005,0.82503259
0.77810961,0.79437703
0.76520491,0.77544993
0.77386785,0.96475953
0.91478956,0.88080531
0.94564378,0.93811256
0.44738063,0.53290743
0.90982527,0.88905644
0.82110488,0.82162529
0.89318258,0.82956201
0.53155816,0.54464805
0.76156771,0.85636365
0.92436898,0.93567741
0.44271481,0.62207139
0.73429298,0.75282866
0.72377849,0.83056438
0.67809832,0.60219049
0.64740372,0.59485096
0.77258098,0.92739350
0.29201961,0.36347941
0.90736890,0.93956929
0.65282702,0.58518565
0.36758280,0.31247404
0.90347344,0.84383649
0.60967195,0.60194921
0.84843034,0.90385151
0.91909885,0.91632074
0.80593371,0.79541570
0.80990618,0.92923933
0.84150743,0.87799019
0.91893595,0.91084057
0.61094022,0.60825026
0.62932342,0.80930573
0.36989915,0.44092557
0.91888422,0.93097347
0.91887057,0.94509882
0.85733211,0.82213134
0.67454767,0.79500026
0.81229210,0.73055553
0.60168689,0.65812683
0.81321973,0.89912975
0.80169833,0.60179102
0.71329701,0.67281604
0.71577585,0.68463725
0.86409193,0.98814118
0.27461860,0.46337771
0.49338910,0.68644661
0.79163754,0.84266508
0.80639237,0.79233730
0.76946568,0.84904999
0.51935124,0.62392473
0.87915099,0.87537408
0.86992931,0.86046410
0.87361610,0.92244172
0.52460003,0.12338441
0.82873011,0.92666966
0.89845085,0.89816177
0.90048957,0.92510438
0.84264785,0.78233039
0.80875957,0.88588852
0.77874267,0.63951617
0.87150490,0.89922249
0.47195822,0.43105555
0.58161956,0.26039925
0.62942696,0.57132524
0.29766205,0.52865130
0.31195268,0.34113720
0.89497107,0.85555959
0.60120475,0.68694735
0.85189575,0.94155842
0.60093749,0.67960298
0.91826081,0.98026317
0.68577510,0.71152312
0.70883131,0.11945333
0.88746202,0.91170597
0.91309923,0.94761902
0.86491477,0.87409574
0.45301348,0.63698959
0.88950837,0.91972297
0.69148731,0.60412472
0.23210359,0.17510287
0.48925567,0.65124583
0.94015622,0.94237727
0.89708751,0.81131107
0.86291462,0.85678673
0.87266004,0.89682353
0.81123722,0.68675578
0.79253745,0.69969225
0.90023196,0.89197922
0.94027269,0.93751657
0.40426618,0.52735651
0.65870482,0.67539680
0.83724439,0.81089741
0.94575965,0.93118787
0.31449986,0.23821059
0.70754808,0.88850033
0.30334696,0.29759315
0.92173636,0.98387098
0.86449301,0.68531996
0.92776215,0.90717655
0.74318373,0.63645130
0.83534431,0.63410997
0.59522998,0.56390709
0.44985569,0.38640112
0.50445175,0.59971195
0.63395369,0.81190509
0.61710048,0.77822804
0.92221999,0.94847524
0.49729830,0.50519210
0.89580750,0.93418801
0.92226505,0.94858783
0.80373085,0.86462289
0.91923219,0.93756014
0.82720011,0.81495655
0.42026693,0.48136434
0.54594213,0.37597519
0.61231607,0.70359051
0.72150081,0.62592953
0.55782884,0.51125449
0.32373253,0.54233509
0.91473132,0.87815273
0.46118516,0.49069935
0.65701425,0.90702724
0.92895967,0.93976974
0.90729403,0.93013632
0.82736319,0.91496599
0.43640062,0.46256721
0.71852952,0.81667751
0.63698196,0.61455625
0.87926817,0.86431748
0.87842250,0.92088908
0.94926697,0.95627242
0.41040117,0.35047990
0.34968263,0.27582550
0.89833891,0.89698404
0.52738410,0.49309525
0.36876631,0.59674865
0.79052180,0.90041858
0.84457463,0.84657222
0.75832623,0.74964249
0.80267662,0.84259510
0.92723083,0.92773968
0.88674879,0.86005497
0.51203978,0.43663746
0.53870678,0.65562260
0.78756094,0.77084839
0.85016966,0.88929200
0.73118055,0.56137246
0.74037862,0.95222330
0.84457284,0.93880033
0.75729901,0.61130273
0.65270376,0.66463548
0.70053852,0.57126212
0.74935156,0.81140125
0.89002562,0.87110692
0.55947685,0.51611155
0.68647742,0.82379520
0.92106605,0.92742449
0.76261413,0.86062193
0.92545992,0.87861025
0.74001098,0.76460183
0.75056559,0.62398291
0.84046638,0.88543117
0.85202867,0.65755576
0.74683863,0.71240228
0.84391999,0.88966560
0.66369820,0.61563998
0.33399850,0.27041593
0.84106386,0.82627690
0.50301498,0.36762342
0.59473699,0.70276552
0.75516534,0.76733917
0.51807892,0.50571364
0.90543449,0.89392662
0.76557714,0.70371163
0.87697184,0.92180008
0.90258300,0.95222223
0.92227280,0.97394812
0.81694663,0.87787205
0.32848591,0.26346931
0.76608759,0.60044956
0.89525962,0.88773692
0.94198173,0.94300526
0.72700226,0.65546620
0.79451811,0.88994503
0.90145445,0.94645202
0.84536231,0.85202897
0.85380107,0.84666324
0.92991376,0.92938083
0.62472993,0.65601927
0.70528251,0.79284823
0.85705554,0.86666667
0.51778692,0.49213353
0.92494923,0.90919971
0.34916556,0.37278584
0.59841037,0.61247760
0.92165518,0.98069954
0.89254105,0.89074618
0.78999776,0.92161173
0.81293213,0.78991175
0.49523634,0.50117564
0.87793493,0.92743641
0.90769196,0.93714100
0.72515023,0.62839681
0.83232868,0.86453646
0.73948896,0.51834238
0.65762722,0.51592159
0.88638043,0.91337049
0.81277990,0.84103644
0.32772946,0.26368701
0.94556427,0.94897270
0.82356018,0.86834514
0.82492614,0.83479828
0.39027697,0.32072389
0.89103961,0.91436714
0.85485542,0.92822248
0.85635555,0.66482651
0.75810850,0.87753588
0.95481718,0.95978361
0.86668843,0.88037038
0.69884515,0.82229638
0.84490222,0.81553066
0.89057446,0.90870708
0.26360756,0.22173683
0.80373728,0.81991667
0.87732333,0.88727701
0.90376937,0.97264469
0.88217896,0.88453460
0.37256828,0.39998743
0.72224432,0.72426903
0.35614198,0.37020344
0.59549689,0.62159497
0.86285484,0.80033547
0.84827071,0.87703180
0.82533884,0.72613961
0.94758904,0.91932911
0.79444212,0.80875707
0.87563080,0.96621388
0.79073370,0.73590565
0.46723327,0.53175282
0.82776356,0.95569479
0.67788708,0.85787910
0.89474851,0.91462767
0.86497456,0.84964156
0.89401132,0.92041367
0.65039051,0.43037850
0.66137803,0.65663856
0.30872139,0.34939492
0.92505056,0.91933256
0.71599436,0.79794973
0.88604808,0.24443860
0.28360128,0.19908604
0.86330032,0.92154646
0.76698208,0.79469872
0.67162526,0.67562401
0.81957299,0.79151249
0.74768102,0.66866726
0.80976969,0.84853733
0.66032672,0.66561460
0.77097374,0.81181318
0.19128045,0.16883211
0.66009724,0.69151980
0.92512316,0.94042695
0.72936994,0.57627106
0.42885587,0.52826089
0.90719092,0.93764573
0.87584960,0.87558526
0.32108772,0.41945186
0.57963556,0.40059206
0.91678333,0.93563622
0.85959107,0.81188291
0.32420313,0.14387700
0.38164467,0.67460316
0.81889415,0.75912517
0.80259889,0.69298339
0.91768575,0.92375308
0.86236602,0.94433659
0.62934762,0.33902389
0.91186547,0.88370687
0.45920435,0.60963219
0.77937150,0.91833335
0.50540084,0.58405799
0.68137372,0.75930297
0.90774167,0.87258023
0.94389039,0.93895632
0.45682833,0.43178505
0.43288818,0.38442686
0.51557910,0.56603146
0.56778502,0.71205699
0.38915733,0.32590580
0.91379005,0.88000000
0.21639746,0.09435582
0.93546009,0.93921590
0.86290735,0.94690579
0.85555935,0.86420643
0.81883341,0.86055839
0.88770181,0.82858294
0.85914445,0.91889256
0.90393555,0.79470009
0.55031240,0.47681984
0.89845932,0.91692543
0.71734732,0.76311851
0.51590645,0.53652096
0.63979661,0.43902439
0.93530357,0.92598152
0.26950860,0.14750355
0.27653894,0.12500930
0.85876298,0.94349796
0.79083133,0.90295762
0.90181780,0.93720138
0.91580451,0.90058959
0.22274622,0.21902834
0.33616453,0.37369376
0.45168069,0.24889717
0.92196506,0.96393663
0.74818772,0.78216499
0.74310952,0.79706925
0.20640992,0.23380351
0.81388575,0.80832392
0.83756328,0.81209868
0.73810732,0.72360629
0.87193298,0.93560302
0.44240186,0.42252624
0.78374708,0.76539201
0.89095283,0.97972971
0.91033590,0.96800590
0.83025956,0.77814007
0.76598114,0.67242688
0.74385107,0.55221295
0.79129344,0.48824480
0.15441045,0.07052541
0.87859738,0.89690268
0.94038546,0.92507643
0.40601122,0.54578048
0.91953564,0.91136366
0.87817824,0.91526860
0.83557129,0.88864428
0.28370315,0.31234205
0.78584146,0.68848288
0.90743399,0.90304595
0.61840224,0.56129384
0.91041821,0.84524548
0.43835577,0.30743930
0.35462543,0.52422714
0.79893202,0.71524698
0.53084707,0.64460522
0.83344847,0.90030444
0.96377981,0.94745803
0.93378425,0.88062829
0.86199874,0.92783791
0.88222980,0.92027003
0.19375980,0.17943431
0.76444685,0.95145631
0.88772023,0.93441278
0.59128374,0.68503690
0.91960359,0.87123710
0.82938892,0.88809526
0.70960069,0.69953054
0.71582925,0.81813127
0.33385813,0.37159628
0.42917556,0.29625952
0.34296328,0.28532243
0.84155548,0.85054159
0.67000479,0.92562938
0.84991986,0.87106997
0.87616020,0.84478593
0.71323025,0.73150969
0.85880804,0.92903388
0.78666461,0.76272196
0.15357560,0.08568238
0.62975645,0.76789194
0.61513990,0.81197923
0.41382080,0.48532185
0.83708358,0.79078865
0.75511342,0.65116352
0.90246952,0.96470785
0.54698300,0.55118233
0.66302466,0.78396225
0.91202700,0.77738202
0.81790352,0.86583269
0.86643970,0.84166664
0.76895791,0.70324481
0.92354590,0.94711012
0.73989540,0.85160482
0.92287439,0.93683344
0.73213208,0.58848786
0.86874640,0.88028342
0.90686834,0.84917581
0.56564993,0.70565295
0.52884805,0.41524440
0.37212217,0.54964250
0.64088619,0.69148803
0.87981552,0.95602828
0.87234122,0.83180285
0.63052261,0.79387879
0.34917694,0.47865498
0.76749003,0.90606135
0.91918415,0.95982093
0.88274044,0.81467670
0.87509495,0.78690267
0.38177744,0.17064413
0.79518038,0.84632868
0.91373855,0.93790323
0.79107428,0.85245901
0.77410686,0.47078872
0.91284049,0.84759617
0.61749995,0.76904571
0.70040321,0.67385155
0.74014640,0.73476619
0.80656719,0.88548368
0.75898314,0.70113432
0.89163136,0.84885603
0.90449113,0.90338469
0.88848180,0.82758075
0.62284362,0.52502859
0.73178029,0.65216792
0.76300091,0.62694097
0.85954952,0.83595008
0.87943393,0.93602693
0.90070581,0.83276290
0.90078729,0.85947710
0.74556708,0.79183537
0.86181730,0.95738298
0.38954452,0.66735572
0.55314863,0.64438772
0.64396918,0.56597847
0.84744430,0.64929682
0.41875648,0.61122042
0.76015103,0.66178775
0.79056346,0.65776700
0.92189473,0.89681071
0.72700262,0.76346344
0.88176477,0.95932311
0.93839592,0.92198241
0.48469728,0.48826945
0.16631153,0.10680799
0.65563035,0.68948412
0.23554078,0.29136214
0.89489102,0.97972971
0.82996631,0.80772376
0.81747854,0.76360542
0.89583659,0.84191996
0.82737005,0.77688491
0.76658505,0.78312802
0.89478683,0.84217387
0.86258316,0.90997022
0.90868318,0.90726715
0.93487275,0.93198651
0.86614180,0.81842673
0.85401666,0.79706222
0.77312195,0.80172646
0.32348007,0.31707820
0.92177743,0.95548791
0.78083563,0.86841512
0.80869806,0.84227818
0.88223159,0.84136605
0.86698145,0.84452415
0.89800525,0.83379704
0.70565784,0.80149972
0.45963463,0.48747450
0.93619889,0.98148149
0.83032531,0.87855417
0.76613665,0.64632630
0.19476618,0.13333993
0.58382863,0.59449309
0.74212074,0.80787051
0.46776891,0.39782366
0.84427845,0.89029396
0.79366499,0.83938628
0.47920603,0.47833067
0.72491693,0.68499780
0.60194319,0.60607290
0.90196580,0.93123323
0.92184103,0.86792201
0.85877216,0.88176209
0.47961560,0.62249100
0.87356830,0.87446427
0.67713755,0.85988402
0.80870903,0.83945477
0.91758865,0.92678893
0.55800068,0.45893669
0.83695883,0.76620084
0.69751263,0.65751547
0.90399122,0.86638761
0.88912225,0.93196636
0.85406286,0.91527689
0.54390424,0.43201447
0.57423431,0.69329590
0.84546268,0.82569033
0.89319563,0.90167713
0.91516232,0.93781269
0.79309726,0.99166667
0.15622467,0.07119388
0.84374148,0.91083103
0.77956086,0.85227573
0.30140895,0.22015037
0.40163326,0.33580360
0.78178293,0.71583664
0.69869280,0.69845706
0.88876629,0.93265718
0.83628297,0.74616790
0.34190199,0.17975725
0.48170719,0.64841282
0.54891479,0.58648145
0.76214516,0.76639825
0.54724801,0.58259737
0.73516774,0.57789510
0.72999370,0.73101193
0.89339066,0.88887489
0.91525936,0.92653334
0.87020588,0.77204609
0.90161765,0.94158655
0.80721021,0.73460716
0.88813460,0.85845518
0.92158437,0.96074772
0.78572607,0.76332963
0.91622865,0.92130870
0.71762133,0.63106823
0.67052162,0.86904764
0.76724482,0.62137681
0.74294037,0.69717968
0.62390566,0.62352329
0.88590276,0.19285475
0.78217387,0.93114913
0.65330791,0.67452687
0.92538559,0.93856800
0.33858499,0.34905660
0.85468978,0.75569052
0.68070787,0.56770831
0.84761637,0.92663145
0.87568676,0.94022715
0.73677778,0.67264873
0.89469510,0.88423645
0.82385731,0.86261904
0.68949610,0.60852438
0.71508408,0.53065002
0.61023885,0.68030012
0.52905136,0.47194296
0.91905820,0.93220341
0.86137199,0.89097673
0.70487249,0.66884613
0.88361537,0.88850945
0.79619896,0.88932097
0.19577414,0.16695653
0.62276733,0.61830258
0.53696406,0.67327338
0.71527565,0.85753751
0.62585175,0.53779238
0.77677238,0.86649662
0.91924560,0.89299858
0.89213485,0.96202534
0.70578158,0.57181078
0.60598367,0.60144925
0.90221059,0.85056043
0.82152510,0.78023899
0.93098676,0.91588992
0.30773637,0.28081399
0.83891881,0.75372505
0.76611185,0.80725032
0.74017584,0.72609496
0.93816113,0.98553824
0.81080264,0.78690523
0.87896532,0.88962543
0.21655376,0.12251612
0.91750431,0.96561623
0.67598724,0.81306690
0.92010295,0.93226063
0.78802365,0.90780938
0.81511241,0.95410550
0.40361583,0.50064051
0.88797480,0.17005523
0.82960081,0.67373949
0.88810372,0.94060165
0.86999810,0.84559554
0.37659064,0.26626548
0.91682822,0.94038880
0.88436675,0.93379462
0.86729187,0.86828297
0.89917010,0.93649572
0.92424887,0.87033379
0.40196180,0.30239484
0.39552230,0.75320405
0.71078217,0.64618421
0.78295308,0.80412138
0.71742034,0.84704185
0.94012082,0.96123320
0.92847967,0.99000001
0.81910193,0.79330862
0.82749569,0.84130782
0.61759257,0.56824267
0.89661521,0.93353629
0.91807675,0.94065863
0.71361792,0.83396387
0.93542475,0.86737651
0.83788419,0.93076921
0.84685922,0.81203127
0.90222925,0.91948223
0.91080642,0.96731538
0.65235972,0.66242820
0.62704623,0.50470990
0.92294502,0.95643938
0.69644010,0.72128850
0.86230576,0.84586579
0.72657704,0.76629037
0.88066542,0.91518635
0.82296968,0.65751314
0.75500512,0.86267960
0.95572793,0.92284340
0.82323456,0.71982896
0.39973688,0.44666255
0.74725431,0.80244207
0.47352150,0.55172747
0.89645064,0.89200079
0.75922507,0.57812291
0.75918287,0.70387191
0.71394730,0.35829931
0.85770595,0.78926712
0.45866427,0.62279826
0.67630517,0.63501704
0.95542938,0.95910424
0.62255448,0.80791867
0.45235646,0.37608716
0.74577546,0.60309088
0.44827160,0.67371470
0.87795109,0.80536258
0.76811272,0.70601851
0.84603989,0.77915603
0.48286653,0.49406329
0.83656132,0.89151007
0.94438350,0.94268775
0.78191054,0.73738050
0.86233628,0.92052633
0.87696946,0.83014584
0.72768319,0.46121386
0.88155949,0.83173078
0.87549293,0.88455808
0.63900471,0.66780853
0.90618408,0.95223755
0.84844095,0.83463120
0.54546446,0.56047386
0.76265049,0.71757340
0.39980927,0.27852824
0.19765276,0.19048506
0.72448117,0.73409849
0.92552388,0.93607050
0.64720500,0.67824072
0.35387897,0.52498394
0.64738297,0.47280738
0.77732110,0.77034056
0.77432573,0.58825344
0.65541029,0.51538432
0.55392665,0.48177847
0.34395975,0.58467114
0.89841640,0.90775782
0.89926887,0.92439532
0.71665591,0.67871708
0.64584589,0.68213701
0.68483037,0.80082154
0.62124830,0.75862384
0.42887425,0.33779141
0.84235132,0.98343235
0.85709667,0.88749582
0.79458231,0.73438913
0.83182502,0.72330016
0.64061832,0.67253858
0.85451716,0.87918276
0.33231533,0.28183806
0.90529144,0.97442567
0.74659693,0.69661677
0.88392192,0.94012767
0.85563153,0.92631358
0.86357057,0.88204587
0.90329152,0.93467259
0.33878046,0.41041511
0.88648331,0.91388887
0.84588552,0.84910339
0.87204927,0.96799505
0.86093974,0.92860109
0.76170421,0.83098817
0.91413337,0.93587887
0.93919188,0.96623707
0.83743978,0.91050261
0.78291970,0.90038919
0.61996472,0.86312574
0.87884152,0.82508343
0.87323821,0.88796860
0.51958638,0.39896694
0.36656290,0.33061740
0.69984388,0.88319206
0.36815870,0.41717896
0.46228606,0.55536669
0.94065875,0.90886855
0.80096638,0.57984751
0.93102109,0.90169120
0.84852952,0.81267005
0.88301563,0.94749999
0.84356093,0.84824699
0.91241390,0.91906285
0.86937124,0.81047422
0.92564756,0.97802615
0.83054000,0.91478366
0.53551215,0.44305736
0.66474897,0.78115833
0.90496433,0.94915253
0.76213861,0.87132651
0.67966676,0.69052649
0.77160460,0.76175255
0.77911508,0.71315020
0.63675451,0.58285314
0.51929051,0.52807713
0.90609419,0.98107141
0.70522714,0.65546507
0.39861161,0.44111520
0.52929199,0.56628370
0.68349135,0.73233843
0.91439813,0.96042806
0.47871578,0.55050504
0.70451200,0.66516650
0.86895198,0.86129528
0.85065800,0.82908076
0.70993948,0.74611723
0.58472109,0.76525813
0.79082906,0.90927100
0.70513642,0.60400087
0.84086925,0.94416016
0.76814222,0.66264325
0.88624859,0.09637783
0.94141102,0.96862489
0.74718481,0.80731523
0.83586264,0.92791831
0.67902029,0.55941457
0.80217308,0.60825813
0.85743243,0.86800700
0.90493333,0.97567004
0.81834644,0.66535783
0.74381077,0.72670645
0.86910945,0.86571139
0.89459527,0.91038311
0.81177878,0.59109044
0.81362695,0.82247573
0.38236183,0.45888653
0.92343402,0.91079795
0.60240602,0.49548846
0.88939631,0.89794171
0.15098500,0.11910129
0.97284704,0.89069951
0.14132154,0.15725546
0.89283127,0.96538460
0.91456872,0.94564301
0.69389945,0.71695369
0.83457518,0.62296212
0.41876981,0.53124499
0.65360761,0.65715879
0.79710025,0.66834688
0.54359871,0.21868169
0.65381545,0.55416667
0.46853176,0.43706784
0.81813776,0.80063033
0.89302850,0.90268874
0.61873549,0.60752630
0.44778585,0.61615503
0.40363479,0.37033582
0.48359296,0.61427045
0.88110709,0.97887844
0.90978324,0.90608376
0.54665226,0.56728727
0.94145483,0.97202671
0.43559110,0.35575166
0.90296376,0.92224234
0.62674803,0.63843971
0.31594473,0.30286923
0.88074285,0.91054130
0.71152103,0.68342865
0.39609051,0.28797027
0.27661857,0.20291358
0.92062324,0.86948252
0.80838823,0.91682285
0.91439271,0.78800392
0.91405642,0.87119436
0.47689044,0.43287298
0.60395449,0.70836127
0.37768373,0.32228628
0.81341726,0.86419630
0.24340293,0.16025908
0.75946051,0.74384892
0.85860407,0.81542057
0.63906044,0.58880627
0.77648735,0.76590323
0.93854004,0.99206346
0.70766968,0.77681589
0.51098913,0.50917512
0.84131491,0.85952008
0.66572309,0.63465470
0.80717015,0.88424534
0.83395112,0.63328665
0.93135893,0.94574910
0.21130808,0.11811777
0.94146252,0.91740221
0.87529045,0.90386921
0.92304623,0.94970340
0.90714127,0.87843370
0.51370770,0.39732978
0.88627130,0.84708250
0.80687863,0.80015755
0.44860062,0.55821848
0.91837186,0.39024442
0.73494041,0.84693062
0.69648486,0.69758278
0.78518307,0.93098426
0.81428546,0.82907850
0.90077209,0.99166667
0.91453034,0.97223514
0.24390411,0.24435264
0.43149841,0.42901236
0.89167041,0.82156307
0.30924034,0.35357124
0.87474060,0.92150867
0.83523297,0.56147814
0.34806117,0.23245470
0.52252477,0.48848704
0.95079255,0.92389894
0.95080817,0.95277780
0.75430048,0.76972771
0.77151847,0.67172754
0.82708567,0.84837419
0.82729113,0.82475513
0.47052813,0.23030707
0.86367387,0.82152689
0.71540368,0.76228070
0.30740592,0.28620270
0.70486462,0.66100800
0.67498094,0.86522591
0.39232138,0.36501867
0.87541425,0.94780713
0.70209527,0.69999999
0.85737246,0.85361654
0.89107001,0.97650141
0.49434492,0.64468789
0.43900502,0.61029834
0.84132767,0.73559529
0.89303839,0.93532604
0.83032322,0.70510715
0.91285723,0.90939397
0.83208317,0.91705018
0.86479580,0.85875821
0.23276979,0.34002978
0.79456258,0.95213205
0.92594141,0.98165137
0.37801367,0.30604681
0.41814950,0.25812802
0.75589788,0.82496858
0.69037986,0.51854765
0.73667634,0.76430041
0.91846800,0.93725395
0.28067914,0.33801779
0.47606152,0.63362235
0.51646698,0.50731504
0.70141947,0.62807781
0.82223427,0.87558323
0.87704146,0.94364434
0.91454166,0.75039101
0.70534486,0.74451780
0.89419574,0.86319327
0.54336452,0.38241962
0.73894143,0.81843013
0.91695487,0.86405939
0.80429888,0.86405599
0.48823681,0.43701848
0.88276833,0.87335420
0.52823079,0.50978321
0.87917006,0.81202036
0.86158907,0.88600940
0.43008009,0.50539047
0.77293575,0.85573643
0.89020985,0.91987669
0.87852907,0.88797641
0.56461608,0.70683777
0.84182775,0.79020047
0.86188900,0.73596215
0.90959936,0.94090211
0.88439161,0.94067794
0.93786454,0.95086616
0.62613136,0.59285712
0.83697808,0.86079091
0.58163792,0.49104384
0.85536695,0.81961870
0.80219907,0.82330829
0.85125113,0.87552047
0.80858988,0.78884101
0.77670205,0.79976088
0.81206608,0.82835734
0.78359240,0.71350086
0.82963216,0.86343962
0.64163285,0.59022194
0.77951622,0.72376144
0.89762366,0.77212322
0.85555410,0.87821120
0.62200904,0.67949569
0.92626423,0.92183858
0.75953329,0.56200981
0.58425260,0.54360116
0.45149615,0.48100710
0.60364938,0.50808626
0.47096884,0.63141090
0.87648910,0.97427428
0.75526476,0.64895022
0.89272487,0.92226720
0.86594343,0.91636389
0.70383441,0.70371795
0.26888376,0.17081459
0.72030264,0.66695982
0.77362555,0.71938390
0.90579295,0.90761811
0.72413015,0.71532935
0.82097393,0.88697839
0.84633410,0.82639384
0.92259359,0.94949025
0.93887615,0.96667588
0.80215973,0.86410254
0.78700268,0.78773451
0.68713140,0.77489179
0.24937609,0.21120690
0.82359242,0.79312551
0.83740425,0.70562029
0.89831567,0.87896007
0.81755692,0.91606569
0.89319134,0.90378344
0.77785003,0.90067273
0.94647491,0.91130340
0.88881516,0.84284276
0.70624244,0.87324744
0.90024501,0.93165481
0.53433484,0.54390246
0.87098032,0.85810858
0.89480752,0.89733505
0.71415251,0.70793337
0.87747574,0.95843238
0.32391614,0.05111977
0.67553270,0.58055115
0.64276230,0.60134947
0.29949117,0.17964554
0.86274713,0.98333335
0.26970536,0.27774772
0.87306768,0.93567622
0.33636665,0.21625404
0.23256639,0.15141453
0.77289510,0.85147029
0.83632684,0.92382288
0.74098063,0.73685557
0.66363317,0.71868426
0.36474770,0.44562212
0.75354910,0.66638315
0.85708094,0.86071163
0.74629867,0.67451662
0.18474475,0.13947834
0.30016506,0.26940882
0.92372692,0.95736259
0.91458017,0.94181597
0.92158031,0.99242425
0.87158972,0.92092192
0.68376315,0.66526419
0.90517998,0.95984846
0.74695057,0.69779003
0.41242111,0.38681319
0.40310997,0.32338411
0.82886308,0.80857682
0.45676917,0.53040332
0.90404737,0.86771774
0.92188489,0.87664849
0.18273786,0.18619974
0.50985289,0.49730280
0.74389046,0.88230950
0.82925665,0.72491962
0.66673040,0.67751479
0.62214106,0.62500000
0.42175037,0.64033121
0.89360428,0.90594268
0.69090164,0.68416995
0.35937476,0.33631256
0.77073824,0.84237599
0.56915653,0.70284545
0.84130216,0.87696075
0.58148354,0.81707221
0.91710746,0.98026657
0.92250478,0.93594086
0.77632552,0.68148047
0.86782664,0.85499483
0.66262227,0.55622739
0.37399790,0.65000129
0.44547307,0.44748220
0.30475205,0.29259095
0.42068025,0.36457625
0.88905138,0.95988846
0.92234701,0.90913469
0.88809681,0.94531852
0.73160630,0.73246604
0.82239908,0.83462989
0.81489104,0.71052945
0.87497735,0.94230771
0.70553631,0.66252059
0.86557955,0.90287155
0.73125368,0.75985974
0.45239428,0.46171406
0.56537348,0.31956398
0.87624449,0.85933375
0.54151106,0.76866412
0.86961472,0.94714755
0.83587533,0.87915987
0.92789739,0.93169492
0.85989213,0.86261386
0.32651013,0.19632471
0.88188177,0.90105909
0.70184302,0.72031099
0.79256123,0.76688313
0.90263617,0.96012962
0.83145267,0.86866605
0.83044302,0.90585440
0.87929088,0.93271685
0.82628655,0.88478261
0.92004812,0.86176914
0.55409157,0.51347333
0.79998487,0.93015492
0.66579211,0.68921834
0.63115084,0.79513890
0.51192695,0.59012729
0.48011333,0.62888986
0.95896131,0.89901131
0.87887305,0.76649535
0.78946221,0.82911712
0.89291507,0.88514960
0.82299173,0.89969790
0.62849557,0.76841235
0.84517324,0.84677452
0.66987187,0.64934814
0.82979715,0.76868510
0.51714480,0.61119562
0.94547004,0.97107846
0.45098183,0.63371974
0.85595274,0.89817280
0.31475997,0.68898940
0.83115464,0.81780916
0.30454534,0.25656238
0.77345103,0.84428668
0.83758181,0.85637277
0.80387676,0.81129110
0.86082304,0.89091057
0.19932029,0.20130895
0.93526894,0.94965976
0.90383184,0.91128057
0.85451877,0.81745720
0.45249414,0.54087633
0.77439570,0.84246558
0.80482894,0.78334731
0.61888552,0.60525763
0.82720226,0.62561375
0.91246587,0.90607119
0.89280820,0.91905630
0.84156018,0.85009265
0.94653809,0.96336478
0.59859920,0.71349239
0.16119909,0.11315766
0.41607663,0.39373800
0.17621118,0.18446052
0.63930154,0.75481474
0.90800548,0.97979796
0.86070311,0.89345986
0.84575778,0.82663476
0.74046326,0.29397160
0.61129057,0.62876254
0.40672007,0.28677204
0.77717137,0.73443598
0.93301469,0.95912063
0.77855527,0.83815354
0.88263690,0.94038206
0.31564647,0.37639332
0.90948546,0.86912143
0.54848075,0.66216218
0.40892136,0.42071429
0.86812657,0.90442324
0.69906819,0.81430185
0.81063169,0.84434795
0.41779754,0.38420847
0.67905891,0.65241379
0.30690008,0.28744543
0.90153962,0.89842528
0.48102576,0.22208612
0.86777008,0.88827115
0.91094518,0.92057413
0.90853411,0.93169284
0.66576254,0.71136886
0.70083880,0.72549576
0.88323343,0.82310528
0.84399521,0.82157713
0.85266590,0.91352737
0.85905147,0.83189255
0.73653644,0.50598788
0.43990731,0.52617741
0.69707274,0.89521056
0.52029067,0.47556207
0.88417506,0.90490377
0.58924472,0.65470612
0.69158351,0.77047533
0.91515136,0.94232351
0.95614040,0.92753059
0.90348661,0.89827532
0.64049685,0.48258558
0.93432134,0.93193859
0.64560175,0.52693659
0.77612990,0.74553573
0.74091291,0.66983384
0.70460993,0.59997392
0.89006484,0.89775598
0.67389524,0.62719846
0.83072269,0.81560630
0.81315893,0.70691872
0.16926515,0.06146450
0.82533383,0.73465145
0.67071617,0.85437572
0.56547081,0.60141242
0.89885110,0.92879355
0.58984387,0.55277306
0.48181161,0.42435005
0.59058183,0.61499906
0.52724141,0.56885421
0.74932033,0.73046875
0.90809774,0.99295777
0.86492765,0.94686663
0.65943420,0.84868419
0.88142157,0.87420022
0.93255228,0.84413356
0.67221206,0.71263474
0.90060669,0.96101540
0.74910069,0.67569047
0.80054897,0.76929212
0.82269776,0.80854803
0.86433506,0.70490855
0.51490819,0.46597019
0.84002835,0.84792453
0.85323167,0.80308068
0.82353902,0.97528517
0.86401981,0.85825270
0.74016356,0.81442559
0.88932502,0.98765433
0.80235684,0.87371445
0.89843714,0.89968103
0.90277779,0.96111113
0.88390875,0.88765866
0.85859454,0.90612924
0.40562394,0.47920039
0.86977220,0.86153930
0.80772626,0.73372692
0.79173070,0.86213523
0.53369462,0.48991859
0.79143250,0.81857145
0.96203506,0.95981508
0.89566976,0.93555748
0.77214348,0.75470591
0.86003476,0.99586779
0.23498908,0.15128127
0.80634111,0.93831909
0.67732495,0.65180963
0.78757089,0.73469114
0.82081026,0.73667657
0.92360920,0.95084673
0.59021372,0.45411944
0.76010603,0.82596397
0.92341280,0.91558367
0.84810579,0.87270057
0.72857261,0.79986250
0.90424246,0.92148459
0.93963730,0.92151356
0.36581349,0.49974844
0.90359819,0.84275365
0.88815325,0.85395765
0.87610137,0.81715631
0.62413627,0.60693753
0.91468191,0.95842308
0.65126008,0.32973275
0.92378563,0.95446908
0.89759094,0.95598608
0.79971480,0.78623497
0.54675967,0.52014506
0.86322063,0.83970904
0.68152130,0.63051218
0.85780340,0.88158399
0.57991439,0.61583138
0.90475571,0.95565987
0.78530556,0.75523072
0.84278917,0.67953658
0.42911863,0.53720492
0.87023699,0.94218749
0.66848481,0.66828531
0.86595541,0.89803207
0.80469179,0.72039056
0.92294008,0.95181960
0.60724044,0.57788283
0.19907713,0.19792528
0.84734595,0.86498845
0.84735274,0.83672267
0.82362092,0.96998775
0.32646185,0.35605732
0.64931917,0.77120531
0.50331503,0.59340554
0.83932811,0.92227584
0.61298859,0.70291263
0.65816647,0.47399795
0.81460702,0.82838124
0.88164067,0.96343940
0.59707594,0.73905796
0.89698219,0.80588073
0.40184638,0.68041873
0.56770319,0.52807361
0.83105028,0.84815532
0.59905243,0.61597735
0.91645890,0.92333215
0.39297080,0.36546922
0.91815180,0.70270622
0.61267132,0.30880341
0.92595255,0.96578383
0.64703894,0.78835350
0.82234514,0.90789402
0.91307014,0.94718617
0.84210283,0.95959967
0.85054529,0.87348652
0.67498302,0.84302080
0.26803780,0.25022730
0.91853774,0.92284918
0.29661331,0.31365532
0.37801236,0.27681780
0.91328430,0.95272404
0.31775212,0.23379037
0.56733501,0.17387006
0.92742431,0.94375002
0.84278119,0.80404592
0.79624712,0.89114791
0.89106792,0.94414365
0.79359150,0.81688803
0.30167425,0.26702121
0.82809019,0.86121500
0.89322573,0.93752176
0.53742635,0.60269165
0.86686933,0.83144921
0.84632432,0.76140672
0.60206783,0.25086823
0.71114427,0.78410792
0.85932302,0.85786331
0.45977113,0.29281345
0.74310189,0.70345747
0.86511242,0.90486759
0.59971905,0.47359255
0.65905786,0.75320292
0.85926604,0.88372147
0.93486065,0.96178764
0.78028172,0.80204189
0.26556119,0.21891502
0.83863837,0.88470757
0.93031847,0.95590001
0.69367588,0.72039109
0.14154553,0.13315079
0.86499012,0.88758594
0.88309652,0.86063218
0.85519421,0.73494339
0.87435567,0.92040634
0.82647181,0.91938025
0.39840022,0.26233122
0.40336952,0.35845995
0.34998500,0.29174992
0.67382753,0.74594754
0.81092441,0.86434209
0.78531647,0.68731707
0.67164248,0.73861116
0.65363801,0.79933137
0.90081394,0.87618434
0.86930907,0.91233575
0.88498950,0.90985346
0.87895715,0.95246643
0.81300920,0.88553327
0.45531809,0.30136934
0.68176138,0.69969070
0.51285654,0.59131038
0.80726695,0.92737734
0.90874362,0.90550238
0.35229823,0.32065657
0.20717061,0.12341198
0.47356078,0.63449591
0.77821481,0.56483519
0.80285186,0.79153407
0.66983283,0.75685716
0.84234756,0.85959321
0.45826402,0.32328284
0.92673934,0.97483182
0.86904931,0.93755800
0.86721522,0.75008893
0.62986737,0.54827785
0.73852789,0.77899390
0.86473668,0.86642855
0.86873960,0.85757929
0.83438718,0.80524760
0.86801761,0.89142627
0.86293513,0.85637563
0.63086599,0.55213892
0.75859594,0.79657477
0.80088747,0.93150687
0.44783336,0.64687014
0.81921780,0.81788236
0.94830537,0.93490839
0.60962677,0.60836816
0.77860516,0.75797695
0.40218139,0.37491038
0.88278580,0.84554595
0.76316118,0.94024563
0.90207648,0.89032346
0.94172066,0.94315207
0.69182903,0.70266181
0.20187916,0.17724867
0.84028286,0.95757121
0.79234576,0.66002661
0.87942582,0.89160919
0.64518368,0.71016461
0.65390533,0.17304045
0.77823842,0.63766545
0.75501978,0.65249920
0.79503566,0.79832476
0.79357600,0.75634831
0.87152040,0.93308949
0.87410015,0.91925669
0.75355422,0.61354744
0.72884500,0.71067053
0.61587006,0.49853435
0.92407513,0.96987951
0.47175542,0.47457367
0.77421153,0.46507189
0.90903318,0.95709866
0.87292576,0.84032446
0.82890600,0.79147798
0.20459294,0.22571428
0.51668370,0.62316215
0.88590813,0.94026083
0.92271781,0.95509452
0.81660545,0.91946626
0.90979451,0.86271608
0.76861846,0.67736185
0.36038381,0.29299012
0.92097437,0.93160981
0.90266216,0.84429461
0.91805506,0.93079340
0.94919765,0.92286462
0.33567911,0.27491388
0.51108074,0.47344095
0.24647501,0.27841941
0.63185686,0.48061144
0.89528263,0.93051064
0.81503302,0.75789320
0.86235595,0.94412440
0.71706069,0.77607644
0.62985671,0.72667122
0.74114561,0.69301343
0.27694127,0.17293985
0.89766210,0.96814185
0.83531737,0.82575756
0.76518810,0.72635400
0.74949431,0.86697614
0.64431787,0.31173092
0.28710210,0.39001819
0.47815359,0.16899768
0.87293780,0.85553277
0.63252288,0.81164742
0.22794041,0.16834933
0.47453460,0.42169273
0.78976619,0.80127829
0.81906849,0.89919740
0.77208120,0.79312229
0.67929739,0.57057905
0.88323897,0.88174176
0.82902348,0.85781008
0.54033881,0.64401621
0.72922391,0.83227658
0.91025788,0.95726961
0.89229339,0.91936576
0.82157815,0.83569002
0.64224380,0.68053460
0.88858318,0.80092055
0.91205412,0.79621947
0.80808401,0.63051528
0.37694433,0.36483938
0.90443611,0.93216443
0.69258428,0.86294699
0.86593056,0.85502547
0.43767101,0.61018181
0.50002581,0.49695927
0.35967869,0.32577950
0.77900398,0.82228351
0.82804322,0.87309384
0.84329510,0.95283973
0.27833903,0.26299021
0.72816634,0.89971167
0.55831581,0.33002645
0.78826797,0.84373164
0.94173014,0.92684191
0.81075370,0.87118959
0.69912374,0.69461000
0.90921295,0.88480371
0.76961201,0.77288473
0.52323592,0.62577182
0.83382535,0.84312797
0.71965617,0.85797119
0.81376529,0.82330436
0.82890952,0.95151877
0.87400538,0.69807410
0.76764178,0.72405922
0.80836511,0.77265352
0.77945781,0.67525947
0.67958659,0.83003324
0.58245689,0.62389106
0.84702313,0.75815243
0.32422820,0.28270778
0.84863222,0.77167141
0.70772868,0.65917218
0.88498574,0.93516433
0.81495798,0.93100321
0.92016423,0.87618065
0.74214733,0.81323248
0.60257602,0.52777779
0.76463103,0.84273905
0.87659883,0.92441005
0.73083043,0.58058608
0.87644935,0.92202109
0.92071909,0.92261904
0.80995297,0.92895114
0.84958190,0.97321427
0.94368029,0.94377512
0.74939746,0.76018411
0.83426851,0.67623830
0.81003416,0.89098436
0.90974742,0.91602188
0.22487995,0.17230944
0.72694582,0.32973078
0.64454997,0.81386065
0.36549926,0.27668396
0.90029490,0.87431556
0.70180082,0.56918818
0.54631680,0.42682275
0.77460778,0.63289338
0.56829911,0.77915019
0.79422009,0.60599780
0.86013192,0.88887203
0.87031633,0.87887549
0.87173152,0.86881334
0.84924376,0.84907150
0.87818992,0.91576087
0.43730089,0.28926456
0.73522943,0.47911146
0.43960786,0.72467917
0.43228456,0.25419217
0.37598485,0.47933921
0.75529444,0.79894364
0.94965351,0.92743337
0.80811334,0.64779776
0.87977421,0.84539419
0.86687964,0.91399813
0.79712319,0.87271202
0.83289981,0.89002138
0.70173049,0.66373658
0.92192858,0.95114291
0.84752309,0.88769233
0.87143719,0.90360600
0.91929603,0.90453696
0.86865515,0.87023139
0.57630539,0.56904960
0.28295583,0.16021530
0.64721590,0.58776891
0.67736232,0.71616167
0.57434893,0.37820470
0.72679830,0.65054834
0.38067687,0.50625002
0.90341902,0.94345587
0.43245539,0.17151481
0.48097914,0.46443731
0.93017280,0.88044626
0.77772963,0.88876408
0.24958527,0.11137762
0.74619716,0.82759631
0.43989590,0.33913177
0.29493839,0.40757680
0.69493008,0.59522474
0.89716941,0.82589042
0.94404918,0.89339018
0.85380667,0.93048781
0.85694981,0.87427169
0.80480778,0.87892240
0.89192057,0.87680632
0.77022308,0.65094632
0.87495089,0.92667466
0.88779163,0.82291138
0.93090981,0.93553358
0.69078934,0.88555944
0.91890025,0.91696113
0.83130997,0.72555214
0.28344744,0.28170526
0.38294441,0.37861234
0.58938020,0.80787998
0.79800093,0.75822806
0.86724579,0.76342481
0.89818674,0.92787415
0.22417662,0.25668153
0.82692015,0.90701222
0.30651122,0.44807673
0.81478775,0.81018358
0.93798596,0.91454196
0.44989416,0.38902196
0.58872539,0.68171883
0.80256158,0.94202447
0.85030615,0.88461536
0.61149991,0.61678380
0.86388195,0.81605130
0.78241408,0.85770750
0.63097435,0.76175278
0.91770834,0.84337181
0.81413990,0.74940479
0.39091876,0.31749630
0.87422204,0.93988925
0.46976843,0.40856928
0.51748919,0.61964816
0.88818681,0.84441388
0.33540297,0.26264372
0.76841640,0.81456357
0.96002370,0.94091511
0.93390059,0.94483697
0.71180105,0.77436751
0.74214619,0.73497641
0.85947257,0.92367995
0.74165648,0.77442616
0.91976124,0.94002044
0.69285995,0.63948178
0.45331174,0.29001552
0.57264441,0.47703418
0.38693643,0.46399826
0.46046090,0.37721276
0.87105769,0.78236324
0.85885024,0.92214078
0.34189707,0.27103627
0.63424283,0.76398522
0.82078129,0.67205632
0.70358157,0.83523494
0.71889859,0.64715928
0.69781107,0.51620871
0.54458010,0.32157460
0.46309736,0.45544040
0.85207236,0.87108934
0.91024333,0.89443016
0.83829790,0.83858269
0.69010466,0.57860529
0.88542390,0.88908589
0.88599885,0.89660627
0.90799296,0.92574090
0.59117413,0.54323483
0.71514171,0.60007393
0.89244145,0.91481650
0.73313880,0.81704611
0.70772099,0.58841795
0.83121639,0.88918424
0.92052025,0.91494471
0.59988171,0.68860352
0.50684649,0.52295959
0.87755114,0.88658679
0.90805948,0.94576925
0.46693504,0.49879763
0.92340696,0.90279007
0.88131714,0.88721806
0.82685089,0.81605262
0.78518426,0.87434340
0.89674717,0.90211141
0.87450135,0.77503872
0.72672558,0.71505392
0.91762292,0.88430274
0.85187864,0.92897898
0.87995130,0.90256023
0.38954791,0.40279752
0.72958410,0.84916544
0.84160978,0.83684731
0.67076814,0.70334005
0.78550202,0.87882924
0.86439562,0.87598771
0.33674163,0.31770834
0.64417470,0.28206921
0.83851337,0.89248365
0.82518983,0.85238957
0.10037598,0.05983176
0.87951696,0.85267913
0.81343079,0.77992070
0.85730976,0.86928755
0.90964329,0.96528614
0.81291723,0.71977520
0.92935044,0.96238422
0.90231276,0.85739511
0.82021415,0.78503537
0.67815542,0.79966629
0.87607622,0.93440080
0.91349864,0.92379886
0.87348151,0.98342597
0.32106638,0.20089869
0.89782298,0.90116090
0.76923412,0.69155842
0.76001614,0.78557223
0.90004414,0.89515465
0.89151359,0.93720782
0.85840619,0.92423284
0.92330217,0.90575522
0.26998127,0.13828705
0.91314107,0.86878383
0.45738903,0.60396838
0.94064826,0.96349204
0.70858055,0.51846373
0.88347512,0.93656617
0.93530172,0.89278406
0.79511040,0.87902308
0.29815924,0.30046332
0.79361641,0.53138095
0.96141839,0.87888008
0.49709335,0.75535089
0.92707431,0.93247199
0.79109490,0.79126173
0.80364895,0.76397306
0.35264313,0.49263170
0.76555979,0.87048954
0.30778289,0.31396824
0.83498001,0.84852940
0.82171094,0.83923560
0.82273901,0.77722436
0.68218762,0.54607058
0.41639787,0.39491045
0.25988486,0.36439809
0.89907664,0.92298979
0.50106686,0.35971594
0.79550987,0.66836733
0.74293292,0.82934022
0.79257882,0.74916667
0.62607265,0.56794870
0.24604565,0.26325795
0.45045292,0.32736620
0.44098911,0.47069946
0.89410400,0.84627378
0.32798883,0.24463277
0.89998639,0.89110482
0.85644436,0.88505620
0.91549480,0.94174266
0.28615394,0.41137549
0.82841146,0.91608393
0.89713490,0.79931033
0.52381051,0.51875001
0.87770730,0.91388160
0.90780419,0.92925030
0.77088583,0.78833914
0.81337821,0.79221088
0.43899849,0.35390970
0.86966932,0.81076223
0.66725045,0.05911645
0.91513062,0.91886663
0.56230879,0.56222737
0.64875591,0.68636763
0.87335944,0.95931786
0.37044013,0.32346126
0.84509331,0.78118002
0.64369619,0.85876667
0.91229749,0.88779765
0.61013943,0.71874297
0.67219025,0.53004801
0.89582312,0.95449668
0.76017487,0.79494876
0.85882300,0.87537640
0.80990189,0.86697876
0.92158258,0.93665755
0.90707296,0.90814400
0.63212740,0.65395433
0.89083946,0.89931768
0.26004902,0.18908121
0.72970414,0.82154208
0.58453423,0.69164246
0.90308660,0.93209720
0.43923569,0.35555893
0.88897890,0.80653161
0.70361906,0.85493028
0.45592859,0.38282001
0.47579193,0.19711182
0.88757527,0.95179147
0.36815190,0.12941177
0.40374070,0.31220102
0.45425725,0.44861254
0.69979739,0.58635527
0.50058377,0.44241595
0.70601195,0.79017901
0.71036619,0.73001599
0.65837789,0.71861422
0.64469540,0.73753810
0.69152021,0.71454597
0.84749573,0.92307693
0.85349262,0.80853629
0.82564247,0.81911242
0.62247056,0.61310273
0.45270151,0.16138309
0.80936533,0.91361284
0.89097714,0.93801761
0.76862967,0.73944688
0.91623813,0.95026594
0.66582501,0.68241286
0.43631005,0.29026577
0.91765296,0.90825266
0.75111759,0.56674302
0.85221511,0.83006382
0.28578976,0.37950405
0.35774630,0.24927419
0.68002260,0.66252685
0.22512928,0.16204339
0.92731237,0.93233085
0.30094528,0.31582168
0.69516933,0.54292929
0.54442608,0.50508738
0.78729880,0.72426468
0.95557475,0.96746254
0.61475277,0.65416348
0.74942303,0.73229450
0.81691301,0.83696705
0.83451599,0.91287881
0.78984249,0.78899848
0.72134912,0.67014772
0.65740889,0.66860127
0.92349327,0.98486894
0.83807820,0.91407204
0.85004812,0.79912353
0.90846992,0.90790600
0.73474199,0.70644838
0.88167018,0.91641748
0.70113897,0.84031063
0.58522946,0.87734169
0.60703373,0.62949657
0.87106985,0.94938821
0.86763841,0.82608330
0.86411077,0.94702840
0.37547398,0.63105524
0.91196960,0.88569623
0.80545712,0.77464294
0.52972478,0.74545455
0.94940501,0.98336834
0.90211761,0.91069108
0.94777179,0.89937484
0.82194078,0.78953713
0.79836112,0.76818180
0.67589176,0.57471848
0.92909753,0.93378985
0.35585138,0.52639496
0.74260199,0.76866150
0.81532937,0.89826912
0.92030764,0.84943604
0.89004779,0.81756449
0.26871827,0.24496280
0.87891442,0.76861268
0.86510611,0.85765803
0.92029512,0.90140927
0.82318425,0.84456784
0.91594881,0.91470444
0.88401836,0.92037565
0.89512831,0.85377020
0.86673200,0.79467213
0.89575440,0.94008398
0.82361430,0.65170592
0.86383569,0.91676092
0.69508433,0.90826541
0.65589535,0.60053039
0.77775216,0.76889235
0.70188385,0.65831244
0.83412695,0.86602229
0.89834100,0.93534577
0.75473815,0.86279762
0.87076211,0.94604290
0.73387784,0.39957401
0.29995981,0.24195077
0.81216317,0.93266457
0.79474920,0.80518061
0.67225838,0.72062546
0.79339427,0.78055555
0.53559673,0.56966841
0.91395199,0.92892653
0.88486159,0.95193678
0.45259619,0.38558289
0.80774689,0.90510201
0.87919188,0.89741594
0.45793971,0.37056318
0.93108350,0.89875025
0.89876544,0.86353403
0.82586598,0.83863795
0.85561740,0.93527162
0.73366016,0.75619966
0.89607984,0.92960197
0.56542498,0.44396770
0.68064880,0.70168668
0.64738339,0.83679587
0.75078428,0.69344342
0.88713408,0.89650995
0.69211966,0.60600597
0.89085412,0.99450552
0.48431495,0.51262629
0.92534816,0.95794207
0.88410336,0.94287515
0.82515776,0.83426428
0.90088785,0.86212325
0.90098345,0.94481504
0.82501757,0.85546035
0.62492180,0.60193843
0.90758830,0.86465520
0.66642392,0.69813317
0.47598526,0.64303428
0.41348359,0.53717440
0.67856824,0.84272724
0.54153889,0.54914093
0.76537877,0.78872246
0.87275285,0.90750098
0.93300986,0.96502912
0.69366419,0.54791605
0.26802170,0.28604645
0.85460573,0.88689107
0.81751168,0.63084817
0.78434807,0.81448370
0.75999600,0.84798652
0.75439346,0.81720990
0.58364505,0.61100036
0.36998665,0.37871712
0.91073918,0.93508095
0.81510711,0.95268255
0.76854044,0.63884330
0.93494034,0.91655874
0.27155742,0.18856642
0.69774806,0.43263334
0.36073679,0.22155657
0.81696445,0.89042938
0.52655596,0.45910111
0.80646384,0.73458838
0.90342671,0.89012313
0.80837113,0.83894086
0.92699927,0.95038587
0.80735981,0.79125559
0.87620568,0.82203388
0.88047606,0.82721812
0.87412143,0.92786938
0.29021180,0.23721561
0.73891544,0.80576110
0.88447267,0.80829614
0.37794781,0.37508041
0.32153189,0.39418384
0.80757499,0.93737882
0.72772062,0.72736418
0.88733327,0.94878781
0.94425380,0.96307963
0.30227557,0.23443674
0.92210937,0.95625705
0.35135698,0.32948253
0.26262498,0.33280957
0.81876796,0.92866290
0.66474295,0.59002978
0.87780523,0.86577785
0.70924425,0.67957091
0.44398376,0.37083334
0.26402068,0.30060565
0.94095623,0.88114440
0.78436047,0.86221063
0.86393690,0.92929351
0.93897212,0.94755554
0.85352534,0.93284994
0.83524036,0.79547930
0.93327165,0.59764564
0.25609785,0.18849500
0.49201337,0.45049426
0.46878174,0.73779058
0.76379913,0.74086756
0.89061248,0.90647060
0.85385478,0.87305856
0.86618698,0.78616065
0.86963749,0.81487179
0.85435683,0.88617051
0.75679439,0.94964349
0.86224043,0.88360649
0.74455261,0.69574910
0.85973716,0.92451078
0.83370453,0.87648630
0.79456353,0.66000003
0.82889897,0.86680472
0.87380445,0.92136472
0.92589790,0.98305082
0.73709631,0.85917401
0.85551363,0.85643667
0.92071664,0.97607863
0.82793725,0.86778843
0.25778899,0.11444855
0.52518648,0.66009390
0.51245975,0.31722808
0.52302217,0.52303976
0.81624758,0.81928641
0.88637662,0.92797798
0.42268804,0.52903360
0.81760514,0.57935721
0.92200935,0.84517330
0.54053396,0.61519480
0.91143990,0.92339206
0.51469684,0.37234765
0.37236023,0.34595588
0.95566118,0.97681099
0.76082706,0.92441779
0.39682716,0.26586309
0.93645871,0.93525636
0.82587230,0.87356466
0.72746897,0.76463962
0.80171198,0.83113098
0.81018603,0.81653941
0.78438509,0.74366540
0.27961504,0.74915254
0.28601643,0.15166023
0.84499478,0.93917751
0.78001642,0.57265884
0.76562452,0.72574067
0.86653364,0.96226418
0.75342846,0.53176051
0.89325160,0.91369045
0.81191874,0.91626227
0.83767503,0.78528452
0.74555075,0.89729768
0.76819277,0.58861798
0.63576639,0.73949623
0.48854184,0.33631712
0.67413801,0.65859860
0.94564843,0.94795454
0.89989102,0.90801525
0.84349066,0.82967067
0.35068405,0.30645886
0.36704019,0.50251269
0.78454506,0.57917917
0.94298148,0.94779015
0.34244967,0.41248873
0.49121270,0.48412770
0.87592018,0.84244376
0.91157717,0.96799999
0.81119156,0.70853096
0.33594182,0.34913969
0.76599753,0.74974638
0.48192921,0.58547497
0.87031531,0.89215314
0.79556984,0.78218085
0.92771995,0.93565577
0.87443817,0.78867966
0.91133147,0.96692306
0.28752929,0.26499084
0.14804727,0.19875507
0.89956677,0.89975178
0.58877224,0.64754456
0.92177629,0.95454317
0.55242294,0.42990908
0.83330828,0.87952393
0.73355621,0.80987573
0.73175037,0.68158633
0.90405470,0.96209157
0.52826172,0.77735543
0.88917094,0.91145277
0.87673986,0.89309311
0.37466761,0.53292096
0.93256307,0.96157050
0.80799550,0.87500000
0.83556718,0.82282609
0.73669636,0.91638511
0.54913539,0.58630854
0.90046585,0.93979931
0.71627814,0.59177703
0.83927631,0.89854771
0.79706496,0.72432882
0.60420692,0.63698202
0.89737350,0.93027323
0.68030071,0.56061918
0.82591087,0.77020580
0.59818077,0.42132545
0.85692370,0.94683260
0.92480361,0.90500355
0.92646080,0.94230771
0.70185035,0.65608561
0.67883277,0.74019837
0.75001603,0.70291167
0.37957501,0.44576421
0.68144214,0.90727490
0.83778733,0.94602466
0.28602389,0.33775628
0.88809884,0.95109040
0.92628956,0.91905427
0.50140327,0.50566500
0.89503253,0.90048444
0.63117540,0.59053195
0.93769383,0.97306174
0.72785878,0.75476748
0.42295572,0.33456340
0.92820787,0.96128732
0.86038196,0.81549895
0.75133550,0.85439688
0.72081989,0.85401893
0.79837984,0.85075760
0.94571781,0.95165145
0.92873204,0.92686504
0.28065655,0.48505858
0.92765492,0.95390511
0.75986648,0.80599838
0.80550015,0.90769231
0.80211210,0.79080892
0.85278368,0.90397990
0.57530910,0.36405113
0.85881066,0.87470949
0.87805331,0.93694389
0.73062986,0.79691780
0.79548120,0.78330952
0.89624310,0.96805274
0.62071991,0.76921332
0.90849370,0.93607086
0.67163002,0.72216403
0.79082978,0.94570917
0.55929780,0.78358960
0.19156396,0.22785492
0.25342706,0.30344516
0.88824636,0.97201425
0.92845255,0.92996705
0.36884961,0.49853569
0.70303375,0.71849275
0.76567096,0.95070422
0.85615045,0.88003707
0.76956654,0.83245796
0.81827068,0.69407368
0.93321317,0.97383201
0.84951222,0.84758884
0.91823757,0.91683120
0.91617900,0.84386200
0.92498392,0.90087718
0.60978222,0.79504013
0.85649681,0.90407240
0.88357592,0.88486165
0.49050382,0.47393841
0.86303216,0.81459248
0.74696755,0.65215379
0.67150104,0.70029688
0.81638354,0.76731455
0.71753031,0.65735173
0.86330003,0.87525922
0.55716312,0.51220894
0.83546776,0.79191267
0.91870141,0.83404255
0.93845832,0.95983928
0.41481307,0.36042839
0.86241823,0.80392855
0.77333796,0.85172158
0.63986909,0.72687620
0.87975347,0.92983389
0.86748129,0.95673680
0.88824844,0.95630878
0.87922502,0.97462410
0.91750729,0.89845413
0.83228785,0.79668605
0.92178220,0.88697374
0.84929657,0.86759579
0.75575519,0.88792294
0.90906578,0.93200159
0.92123497,0.93097031
0.88611269,0.85191262
0.41879159,0.43764684
0.91348326,0.95304269
0.95925772,0.92646158
0.38359115,0.39971015
0.80927515,0.67215383
0.20564660,0.25180703
0.73503453,0.81518060
0.87348658,0.86124969
0.83939242,0.81611842
0.75051534,0.84769130
0.72354448,0.50645941
0.14214128,0.08762792
0.30319327,0.21655035
0.91713476,0.88651985
0.71128857,0.83152914
0.88869745,0.82580411
0.54788858,0.56879222
0.63911569,0.51782811
0.92549402,0.92928571
0.74974632,0.61852694
0.85103178,0.87166262
0.56938750,0.56360048
0.85366416,0.86212993
0.82706940,0.78719491
0.31926185,0.27508554
0.83771390,0.04841315
0.72563082,0.80169010
0.45583868,0.68397969
0.94507945,0.91978264
0.84977663,0.94484937
0.35818911,0.38727298
0.83788908,0.90857321
0.85008526,0.89265734
0.13112551,0.06653640
0.86157632,0.89169848
0.82522064,0.90864319
0.94856828,0.94609249
0.86463922,0.90433514
0.74260986,0.75037980
0.68234062,0.76231754
0.86339986,0.80713177
0.42759833,0.62611806
0.43405837,0.40342155
0.82669961,0.91816008
0.86409450,0.88266206
0.40902492,0.33628988
0.31662378,0.30961546
0.94407952,0.87369770
0.82441771,0.84653473
0.78718209,0.76207525
0.41844806,0.72625697
0.82685626,0.83388489
0.74791282,0.68317592
0.82070792,0.86365926
0.86882609,0.74751997
0.88354516,0.92639738
0.89344597,0.96173269
0.87534416,0.93501294
0.26641947,0.25788260
0.92742038,0.88248795
0.21880269,0.27713567
0.35187715,0.23388544
0.71033657,0.88203245
0.44358814,0.22875798
0.62580633,0.45881549
0.40702617,0.37987551
0.77486664,0.68915665
0.51551640,0.52350962
0.91930997,0.90397918
0.67292726,0.75808090
0.89469135,0.92827880
0.80007488,0.66389322
0.93062603,0.74797606
0.50063014,0.61400348
0.79428226,0.87679505
0.86551285,0.85100001
0.64700818,0.76419407
0.59214431,0.70871383
0.35028106,0.37168610
0.41628581,0.25433421
0.39718884,0.55558765
0.36769918,0.37943745
0.75002033,0.70826066
0.66750383,0.68231523
0.89197344,0.83614987
0.56998044,0.66354609
0.56604153,0.56455427
0.88171768,0.91570240
0.84933954,0.94852942
0.84188884,0.87019229
0.71887726,0.67060351
0.87777537,0.87860221
0.53945529,0.43408552
0.89861161,0.90430224
0.68961638,0.47454759
0.49700698,0.51738435
0.61853951,0.49768543
0.87576687,0.91897058
0.73329741,0.75338256
0.30014965,0.33257172
0.81961524,0.89344037
0.92052263,0.91629022
0.68770182,0.73072940
0.85974658,0.88801169
0.27746636,0.32324985
0.87815601,0.94017380
0.54051912,0.62384528
0.70766199,0.81833214
0.88517809,0.89733124
0.86760342,0.93570572
0.68535155,0.80914003
0.63716650,0.67290825
0.63428956,0.72541469
0.94893456,0.97580647
0.79373223,0.73941207
0.93236649,0.92059553
0.90431428,0.89386451
0.91766083,0.90226364
0.88520014,0.93188852
0.88243294,0.92187917
0.87432271,0.82926828
0.93627787,0.90646851
0.46865118,0.59047621
0.73953259,0.65952832
0.84413481,0.79450709
0.70641410,0.90077573
0.43144426,0.55291277
0.68875587,0.79394019
0.93886369,0.94914114
0.85787439,0.85851353
0.75479645,0.66111636
0.48237726,0.68265980
0.80711293,0.79583335
0.90758610,0.91269839
0.79371262,0.28492424
0.80897534,0.65308434
0.59190744,0.60615385
0.85349911,0.82792622
0.87803090,0.82487172
0.68932050,0.79496950
0.79463804,0.73055607
0.77596605,0.87011999
0.93813890,0.92416620
0.83233279,0.74605095
0.90859109,0.91570044
0.71155775,0.91728526
0.92297804,0.96706986
0.22434229,0.23533912
0.56651491,0.62380713
0.95512199,0.96905977
0.91276568,0.78756368
0.87509203,0.89470923
0.76813024,0.71027851
0.85065031,0.89061230
0.95291072,0.91687191
0.93744600,0.93857831
0.84596097,0.83492053
0.60494173,0.50351262
0.47664496,0.45799181
0.61111343,0.71102941
0.78849202,0.54235274
0.91701698,0.90381426
0.82103693,0.85565293
0.94437259,0.86322647
0.24699691,0.17943865
0.87462640,0.91248631
0.55149764,0.66569257
0.73146456,0.79492009
0.90480268,0.85245121
0.80270976,0.81559318
0.31116855,0.41204482
0.76768875,0.82869667
0.65169847,0.57735616
0.70764250,0.94763815
0.80762780,0.52567416
0.33551815,0.27283254
0.85311645,0.77820754
0.82355773,0.80371416
0.70642829,0.64583331
0.72753382,0.69887793
0.52013505,0.70807451
0.77346164,0.92517263
0.34849891,0.36639267
0.93177557,0.92623454
0.69696414,0.75976318
0.92921865,0.94687277
0.73352981,0.66178685
0.73302859,0.86329669
0.88288605,0.96053946
0.92399204,0.96490383
0.82324034,0.76452470
0.12256068,0.04907224
0.78902423,0.73474181
0.82437950,0.84605688
0.80736768,0.80925405
0.88443166,0.83467120
0.82806891,0.87336600
0.76523280,0.80581552
0.34868619,0.29188052
0.76993859,0.90178400
0.91430384,0.96808511
0.93230999,0.90359366
0.89724112,0.94184738
0.37844291,0.37508628
0.54723459,0.57276696
0.39545730,0.31777900
0.80572736,0.72867787
0.44324172,0.45838079
0.88385683,0.96690059
0.60871053,0.76967627
0.92372257,0.84325379
0.67911452,0.77817506
0.57699943,0.78527069
0.88553494,0.88919914
0.67860723,0.47211823
0.75162268,0.81373334
0.87599736,0.92434543
0.83592314,0.90702969
0.42149863,0.36060503
0.73103869,0.79690802
0.90061241,0.90548658
0.88115156,0.74968606
0.80340385,0.85537040
0.92780226,0.94372815
0.60059249,0.63958174
0.29814664,0.29538941
0.79669768,0.87087911
0.81867331,0.78552634
0.77064824,0.80993885
0.70545369,0.64122051
0.55563903,0.90967745
0.89248300,0.94041324
0.63611299,0.66906327
0.91512012,0.85280538
0.78593320,0.77713078
0.85342842,0.90087938
0.48574057,0.36320755
0.57296020,0.80348140
0.55774200,0.45288461
0.72950834,0.80483484
0.74578297,0.66613168
0.48095277,0.45424199
0.89074218,0.80536550
0.60232383,0.58970314
0.91791862,0.86410403
0.90116882,0.93724263
0.77474439,0.79350895
0.93829042,0.94241124
0.73405129,0.09493448
0.68358493,0.70093668
0.84664273,0.91849816
0.54378855,0.77214825
0.93995625,0.91477275
0.26198873,0.19832759
0.80558062,0.77344030
0.88843369,0.81774193
0.51111960,0.74101347
0.84064555,0.79667425
0.35793591,0.39893100
0.73051870,0.75262189
0.95751858,0.97436619
0.61857796,0.58208001
0.90636373,0.85481483
0.76389551,0.65468109
0.87087035,0.92648536
0.68471301,0.74169868
0.92953676,0.96470946
0.20439444,0.14268395
0.91371030,0.85882354
0.91026521,0.96330440
0.79925245,0.82924050
0.85271740,0.77595627
0.52950668,0.44452891
0.82067895,0.84760499
0.64176881,0.63616735
0.80940801,0.75533837
0.89418370,0.77235162
0.94376886,0.92451161
0.47745207,0.52540648
0.73399073,0.87541831
0.83473903,0.86324370
0.91045845,0.92401743
0.92979187,0.79488355
0.70892000,0.81569493
0.91035956,0.91648656
0.69017959,0.78724122
0.77958989,0.81261754
0.91686410,0.89749157
0.81953192,0.54038197
0.64655584,0.41161060
0.31281659,0.27785650
0.85833848,0.83435541
0.88706911,0.93596226
0.61748540,0.66906357
0.28579575,0.09331770
0.57672262,0.70543820
0.57889462,0.39207914
0.59518903,0.66717333
0.84779018,0.76567328
0.86904502,0.87568682
0.94238222,0.93506479
0.68747663,0.70934904
0.90564835,0.90208632
0.35377014,0.35040271
0.73899019,0.85967463
0.88223636,0.82354587
0.77095425,0.61100799
0.48480555,0.69261646
0.94099659,0.92561406
0.73782474,0.67673612
0.89581507,0.86098039
0.93667054,0.97058821
0.78349864,0.73329091
0.68646646,0.55677921
0.63065898,0.68556148
0.94711214,0.90425187
0.95476532,0.93237972
0.89402968,0.92176437
0.63949686,0.75551468
0.91643620,0.94066691
0.89978635,0.91112089
0.77348751,0.79359227
0.48856634,0.65434331
0.59151071,0.66588682
0.79338253,0.88086140
0.80932707,0.86908519
0.93533951,0.92590219
0.37805933,0.27918723
0.75976855,0.75859374
0.49798644,0.60708481
0.85739893,0.88536286
0.75420696,0.82017541
0.86308718,0.85367477
0.58656502,0.29310322
0.82876080,0.75720918
0.83978611,0.84809572
0.86454880,0.90018588
0.78053796,0.90471417
0.82464904,0.83271801
0.83842868,0.92495608
0.77625018,0.80089670
0.58015776,0.62819201
0.78434998,0.87680167
0.27603704,0.18476626
0.62289798,0.65500969
0.87101340,0.86213160
0.90862888,0.88749844
0.73891127,0.68462902
0.63084733,0.60758698
0.47552115,0.44687781
0.50469369,0.54361302
0.82248497,0.89737171
0.37276271,0.33808678
0.88272405,0.93352044
0.84136814,0.88174605
0.75013793,0.67734772
0.59019905,0.60252136
0.34182197,0.47512907
0.70507181,0.71401262
0.89431852,0.85995477
0.61725152,0.70470148
0.50820935,0.72416669
0.91732317,0.92451495
0.85977572,0.89092827
0.62448502,0.48940939
0.93223619,0.85253119
0.80980587,0.72226584
0.70328748,0.82371795
0.78934354,0.72313339
0.75283098,0.69491524
0.46321163,0.28302512
0.73317575,0.66316849
0.81191146,0.78918386
0.76176143,0.86122358
0.64128864,0.61486304
0.92353129,0.93851012
0.85561323,0.86617076
0.27814841,0.21854033
0.91221493,0.86709678
0.66149223,0.44594145
0.70985997,0.70934421
0.85878587,0.57563108
0.72900093,0.84181809
0.89251810,0.89143956
0.40495586,0.33776334
0.89958853,0.88076925
0.70365095,0.62833571
0.70878839,0.65507013
0.35836554,0.54255599
0.85413802,0.94780439
0.84425795,0.84815168
0.92049599,0.96512538
0.88816178,0.94533569
0.25421727,0.13820100
0.57565928,0.63128549
0.87265050,0.87087184
0.77504426,0.77670741
0.66248083,0.57333332
0.64902198,0.73601484
0.70476902,0.60244495
0.93226326,0.93458170
0.58554316,0.74855393
0.84152293,0.85432756
0.93643332,0.90358436
0.65840220,0.36324245
0.90999496,0.90914899
0.37795389,0.23429488
0.66479301,0.67422217
0.88448387,0.91130614
0.79496086,0.86633402
0.52832925,0.45963559
0.83808708,0.93364704
0.89385265,0.90337920
0.83865952,0.88635087
0.82681423,0.86596137
0.19357193,0.14238474
0.69014293,0.67353058
0.71027160,0.65959710
0.75964391,0.68902355
0.90009373,0.94130772
0.89904726,0.93890327
0.79848713,0.83010000
0.80787683,0.76870990
0.52041709,0.78508079
0.38147953,0.20129573
0.72082388,0.73593277
0.60417551,0.69652408
0.87789905,0.89276779
0.94630450,0.95815170
0.76905406,0.85358393
0.87361580,0.95081967
0.72531664,0.87386876
0.88676995,0.92785192
0.80907983,0.82240474
0.58784199,0.51847291
0.51802266,0.54570955
0.89090657,0.91483933
0.91604197,0.96159512
0.93387884,0.91969699
0.90090483,0.77557325
0.92677248,0.94213098
0.37472638,0.59547079
0.59722674,0.63316905
0.82290590,0.85747862
0.80572373,0.88942462
0.69446206,0.76581365
0.82615340,0.92413795
0.85622585,0.86388087
0.83810616,0.90184408
0.92266220,0.94159889
0.63576961,0.47769994
0.47042847,0.51582682
0.71049726,0.65855271
0.74382395,0.55837613
0.68585992,0.86041665
0.89321697,0.81261653
0.64400971,0.64788085
0.83827096,0.90757883
0.55286813,0.68867254
0.30937093,0.27033615
0.87506169,0.86742425
0.95051301,0.95296687
0.81925297,0.87668997
0.55840898,0.70405483
0.91550601,0.90872830
0.30252725,0.26891235
0.37030178,0.28844616
0.93164206,0.93867528
0.89312232,0.95836520
0.94658351,0.85400099
0.46655321,0.64777327
0.89309734,0.94413793
0.24697836,0.58318377
0.89332515,0.87031418
0.89811391,0.90730679
0.82761395,0.89260840
0.88192701,0.85858172
0.60980767,0.44202900
0.36854646,0.22620282
0.92908520,0.93948317
0.91705441,0.95407110
0.87081462,0.85167789
0.48831710,0.31044713
0.56972992,0.53255486
0.63695753,0.65804696
0.41716737,0.71916008
0.86916220,0.82708436
0.84249020,0.90111095
0.89781731,0.88809043
0.46988678,0.61163920
0.53716063,0.29148528
0.88129234,0.84470338
0.72053242,0.76190341
0.58252573,0.67272520
0.90541494,0.96080023
0.85032868,0.93525702
0.89689749,0.96389180
0.71447825,0.64065313
0.79994947,0.72689146
0.81723058,0.77282280
0.48504311,0.57794201
0.23842737,0.35547245
0.76665926,0.93001091
0.81419283,0.76111454
0.60456371,0.52020627
0.19437531,0.17866541
0.72036010,0.69835669
0.66007710,0.33899325
0.70074105,0.67985255
0.93011093,0.92778361
0.19582732,0.10347844
0.84088922,0.86087668
0.89156973,0.91655713
0.57455087,0.68643981
0.70107222,0.61396575
0.68980366,0.78740156
0.86100602,0.83333802
0.67683458,0.77130038
0.88678175,0.94031703
0.84502256,0.91185915
0.87393934,0.83411217
0.55822265,0.89218092
0.79438978,0.73265839
0.91960692,0.94374889
0.85193372,0.89110535
0.38673556,0.51438850
0.74901009,0.74140918
0.71042579,0.72272569
0.23615775,0.25613412
0.88298106,0.91926461
0.75850952,0.67595762
0.56004864,0.35258478
0.65504026,0.75138831
0.90484792,0.97033179
0.83289015,0.56723893
0.21469343,0.06769641
0.88769352,0.90299064
0.76288235,0.75866234
0.43311605,0.55458927
0.57984799,0.64275974
0.70765036,0.78007442
0.89247507,0.93749142
0.24985525,0.33064476
0.24078502,0.13935617
0.72483563,0.76309842
0.83153093,0.70236617
0.80061251,0.82342285
0.90104258,0.96078664
0.79471850,0.61427450
0.81941211,0.86798906
0.79206765,0.94516754
0.78232884,0.86344659
0.86657035,0.78021848
0.85698950,0.88256192
0.92143804,0.92800957
0.49338132,0.70984000
0.16089785,0.19401021
0.90594447,0.93364310
0.85238701,0.85556608
0.84695137,0.82829678
0.76955557,0.86018974
0.90091157,0.93216723
0.86156017,0.83884478
0.88135129,0.91721135
0.87577248,0.85417455
0.54292721,0.44195944
0.68695432,0.63091153
0.87780797,0.92968750
0.89523870,0.98076922
0.90273184,0.93113101
0.92467052,0.93695152
0.64195889,0.59340662
0.71238828,0.75494677
0.57724798,0.56511414
0.66864014,0.59271789
0.58382761,0.57225901
0.58007586,0.63688868
0.78616875,0.85099202
0.43101731,0.51166642
0.84877127,0.86235178
0.88418812,0.71102273
0.77109718,0.74606460
0.71730268,0.90601236
0.74234921,0.82942766
0.89763522,0.95560515
0.23392144,0.17277816
0.35468251,0.41530049
0.25119841,0.35408485
0.82546091,0.86810982
0.87370014,0.87404394
0.81911832,0.84020394
0.77167165,0.88895178
0.88534558,0.88835049
0.79784590,0.75410956
0.29538921,0.19355844
0.66274238,0.70774949
0.87360460,0.79755753
0.93788046,0.94196790
0.62773526,0.53551751
0.69515103,0.69441104
0.86606401,0.74720901
0.62421703,0.80436713
0.74917173,0.90191597
0.81418622,0.81031436
0.44051766,0.57670254
0.53890681,0.37342286
0.91287732,0.90213126
0.91103429,0.91887301
0.20357892,0.21821387
0.88445616,0.84253246
0.82168257,0.91629750
0.73894459,0.85547787
0.37266979,0.17727028
0.80820215,0.76651859
0.77500641,0.61042839
0.45935231,0.57232702
0.77446687,0.77196455
0.40679783,0.31979588
0.93531358,0.94718504
0.85894257,0.82682014
0.76919258,0.79161072
0.89507806,0.92636448
0.88497269,0.87543857
0.63335788,0.73408186
0.86455464,0.91348845
0.90133977,0.83029968
0.53973997,0.54387695
0.38102740,0.09005424
0.88273489,0.93725491
0.90950328,0.89542693
0.82490385,0.90824288
0.69894403,0.68916667
0.73873401,0.75555056
0.88104606,0.88198572
0.78475446,0.78076386
0.73633134,0.90701753
0.83281350,0.81612223
0.89416277,0.93109173
0.76995766,0.63605124
0.22319710,0.22940685
0.70373994,0.68094826
0.19123471,0.09789793
0.62186038,0.55041182
0.82313442,0.66631186
0.55214512,0.38241181
0.65170640,0.58136481
0.19521071,0.14239281
0.49979714,0.41961285
0.69045651,0.67160743
0.88276815,0.81496948
0.89318705,0.94230771
0.54178077,0.54797554
0.23565334,0.22549520
0.92856407,0.88494551
0.84487796,0.87281960
0.86340117,0.79909480
0.91760075,0.97513658
0.89453912,0.87907219
0.87126994,0.82881582
0.44696683,0.28370300
0.66284710,0.50191200
0.59096318,0.55876905
0.82004344,0.84394497
0.73854220,0.86643320
0.83599448,0.88522571
0.91911435,0.92619932
0.65585810,0.62764049
0.90106153,0.83414376
0.67114127,0.59026688
0.89184088,0.88969105
0.88472837,0.87930161
0.62941420,0.64108753
0.83412743,0.69405240
0.72047186,0.44936466
0.58685714,0.65328610
0.36450109,0.35587573
0.87700486,0.92472613
0.81204653,0.89193571
0.90508914,0.91976273
0.74841583,0.56158555
0.79043293,0.93181819
0.83291733,0.93839288
0.87513077,0.89677179
0.60062468,0.61343890
0.75455505,0.64621210
0.85305184,0.93771851
0.64452362,0.64251715
0.84157300,0.80676502
0.86993784,0.92940140
0.26875943,0.56573516
0.69639409,0.83414179
0.75040454,0.61239034
0.93114924,0.94537038
0.76765096,0.89517760
0.83526480,0.84082633
0.92459786,0.95478034
0.77065015,0.82629454
0.88372421,0.90221554
0.76887500,0.71525139
0.60632336,0.65284371
0.59357297,0.88858747
0.57259446,0.34324324
0.91067547,0.92129201
0.39113510,0.52965587
0.80861580,0.85662329
0.65672457,0.62984276
0.78802955,0.84014910
0.74446595,0.67456281
0.84435719,0.81367642
0.88226956,0.87737381
0.75438780,0.71979111
0.69400865,0.60012245
0.72599411,0.80896324
0.47945842,0.79903263
0.82338190,0.84898800
0.81110311,0.89979094
0.46728018,0.54217803
0.87807089,0.87184513
0.34335047,0.35023639
0.87756634,0.86972600
0.87710357,0.93309766
0.86396694,0.42963848
0.93808770,0.95238096
0.89222234,0.90292448
0.61332142,0.59359169
0.83796728,0.84764689
0.91472995,0.93941593
0.58861947,0.54642147
0.47113556,0.46075755
0.79711193,0.78745866
0.91679245,0.88140428
0.89963174,0.85532874
0.82441175,0.87586004
0.47759825,0.41097781
0.61850846,0.81294906
0.47217736,0.69873011
0.78246760,0.76341772
0.47445619,0.41939652
0.90791708,0.93331707
0.34755015,0.38063678
0.73520672,0.81461120
0.84429920,0.86356544
0.79000497,0.81888497
0.76322693,0.70126402
0.84608328,0.84600532
0.77497113,0.71799242
0.54394507,0.80576766
0.19710489,0.11573371
0.14106804,0.14471753
0.23372862,0.27370870
0.34486246,0.21802193
0.75673413,0.86745286
0.87839079,0.91761792
0.61318654,0.55567831
0.32268566,0.08684523
0.91838932,0.90174997
0.90098345,0.97752810
0.75977606,0.50587827
0.91405940,0.95787656
0.80398732,0.82811010
0.69174099,0.58943623
0.82222199,0.84034121
0.69750375,0.72468823
0.54888296,0.41787943
0.49368003,0.67524695
0.76902479,0.88715434
0.77828181,0.85143358
0.75434214,0.76572299
0.87378800,0.73267573
0.60776925,0.41130349
0.37445202,0.41253459
0.45215112,0.42333701
0.79413569,0.80225331
0.33114824,0.37073177
0.89500302,0.89083129
0.93011320,0.92635638
0.82513571,0.90638530
0.95579702,0.92786336
0.88128275,0.88932884
0.87327796,0.87222224
0.73304087,0.76081729
0.88934857,0.84429973
0.82355726,0.86156839
0.52571678,0.45977011
0.88680768,0.87298405
0.67960513,0.47832707
0.58944505,0.52225542
0.70761263,0.79806578
0.83413583,0.88583738
0.81132728,0.87263954
0.64455891,0.70811111
0.84997040,0.81082720
0.82734782,0.75315470
0.45082578,0.55298787
0.87780881,0.86960250
0.86475456,0.89337331
0.36147344,0.29517210
0.40099049,0.38227704
0.80255938,0.94754153
0.83466661,0.89941752
0.66590554,0.72067940
0.81671566,0.92671192
0.80493277,0.72892541
0.46839401,0.40477979
0.53168702,0.49698871
0.53052783,0.22254266
0.87484920,0.91021466
0.71414250,0.75062531
0.87898767,0.89143640
0.91141486,0.92778337
0.88351476,0.84831065
0.78634781,0.81224483
0.67596710,0.76156652
0.90734297,0.82895660
0.63623488,0.54846936
0.93689090,0.93164825
0.64346540,0.79267889
0.41249734,0.17075326
0.36056060,0.27600297
0.94449443,0.93757331
0.84271485,0.71526593
0.72209913,0.66985452
0.53846532,0.41604635
0.88300723,0.81719166
0.30953944,0.21320389
0.70558858,0.72617304
0.93056524,0.94099051
0.75663894,0.75108284
0.55434173,0.46733695
0.20359991,0.10089324
0.96800828,0.94463146
0.77343696,0.74892473
0.82770848,0.84465814
0.40322626,0.58803153
0.81889665,0.78171647
0.82494700,0.86781013
0.41381896,0.48348597
0.84833157,0.89264327
0.55374479,0.50515997
0.90946549,0.91790068
0.38249364,0.32206389
0.79009783,0.85796642
0.64638793,0.50573266
0.27420813,0.20284900
0.92714179,0.87166619
0.90677786,0.93390751
0.88223171,0.99810249
0.58482325,0.66365343
0.56832927,0.42079458
0.74093449,0.71060944
0.86233813,0.93063945
0.64834517,0.73101854
0.86072373,0.95595813
0.76649767,0.61693120
0.61067939,0.85039145
0.93945855,0.96496212
0.30015957,0.24882154
0.85345381,0.92705601
0.89503175,0.88428366
0.39776999,0.38980940
0.82994944,0.93256634
0.90677100,0.83937222
0.71166712,0.72542518
0.80497009,0.67465597
0.61318773,0.82082480
0.90388787,0.90278625
0.86900115,0.89822596
0.79594231,0.68520772
0.56752771,0.38532355
0.65256774,0.48704740
0.88839293,0.83126938
0.27761766,0.18162036
0.91365445,0.90208477
0.86064732,0.77817488
0.83546925,0.97225618
0.22197938,0.19789402
0.86729914,0.89963681
0.91726673,0.94377440
0.85786724,0.85839826
0.69951415,0.61078435
0.46274033,0.61413044
0.93765771,0.93711191
0.90338963,0.76545084
0.89899445,0.97058821
0.31971991,0.36443609
0.40476614,0.36312521
0.79981637,0.76708263
0.56888211,0.52937502
0.88230646,0.79024607
0.90495521,0.89081454
0.86095774,0.86110950
0.66782856,0.75369942
0.40013775,0.35006940
0.93246800,0.94548410
0.81776392,0.66498518
0.82295418,0.81830639
0.79352117,0.82892108
0.70751423,0.88184768
0.32075760,0.27616072
0.85247314,0.79850364
0.87742662,0.89065719
0.85995775,0.93086231
0.90502602,0.72998244
0.81036472,0.84679800
0.51938051,0.21632653
0.53723109,0.33326069
0.28346834,0.19183815
0.56550425,0.48743087
0.91115427,0.94407952
0.90799522,0.89401984
0.89538169,0.81552893
0.81745279,0.92807019
0.87415695,0.78325993
0.66653085,0.86732459
0.84871304,0.77313966
0.79772520,0.77454948
0.62411720,0.74046820
0.89436185,0.85392076
0.84739649,0.83129698
0.81363410,0.83756614
0.92968690,0.93528140
0.87341696,0.88186926
0.70771003,0.79381973
0.74140513,0.69688696
0.92022604,0.91922879
0.84842479,0.92652273
0.89494491,0.84664577
0.81105584,0.76540387
0.83498859,0.89585638
0.93400675,0.93859649
0.41799840,0.32080314
0.78681386,0.77245408
0.93985617,0.91573280
0.56769085,0.64191377
0.74821925,0.85057473
0.16185385,0.14787246
0.87651086,0.84416056
0.78067303,0.79087746
0.81027901,0.89317387
0.69183725,0.64391613
0.88944960,0.88299233
0.53888535,0.43194795
0.85492545,0.67963105
0.67208475,0.65176547
0.74789357,0.82643163
0.65383732,0.75226355
0.75416583,0.75716102
0.55418402,0.44025022
0.79804885,0.60747039
0.76927680,0.78223419
0.89640129,0.86879975
0.79830515,0.76255196
0.90709066,0.88927275
0.89660156,0.96808511
0.54611993,0.54241073
0.78111064,0.75661653
0.43534878,0.09863760
0.42003345,0.55715907
0.78239328,0.73624593
0.82968998,0.79540890
0.63032609,0.71696526
0.46923667,0.59149587
0.91078758,0.93978560
0.87018967,0.96419412
0.60475427,0.69525450
0.86068958,0.49738893
0.76687360,0.76723981
0.94031644,0.95720690
0.89408237,0.90099812
0.83287871,0.95794469
0.27465564,0.30288059
0.67084336,0.71082675
0.83214855,0.86419159
0.69286078,0.65958905
0.89069712,0.85815513
0.65777969,0.74333793
0.54460686,0.66988039
0.68281102,0.71070814
0.79756606,0.94148535
0.66271007,0.81313258
0.85493749,0.79290372
0.67938828,0.64735752
0.84531039,0.79436970
0.85968387,0.87596530
0.90066040,0.87224531
0.87330997,0.95764995
0.40201017,0.36092472
0.77200669,0.62922239
0.89688951,0.92874461
0.67801762,0.74860299
0.59346735,0.70526314
0.77967238,0.89749998
0.36254579,0.37449864
0.93379629,0.95026022
0.59095097,0.32028005
0.49129307,0.64425415
0.90152168,0.96162230
0.80295151,0.76695514
0.74966055,0.77394414
0.48370400,0.63053328
0.85247755,0.95596242
0.71820867,0.76823986
0.81686676,0.75105363
0.36442137,0.32566988
0.74439049,0.68333334
0.56122768,0.69332433
0.10364723,0.08037448
0.78085864,0.89220911
0.88102579,0.96814519
0.82229799,0.84479272
0.81622946,0.79338527
0.82451546,0.94954646
0.40965226,0.43284315
0.92141068,0.69583505
0.91834176,0.89440757
0.32399303,0.36039910
0.25149935,0.35332921
0.84715307,0.68539518
0.61280584,0.74256802
0.61622643,0.48081312
0.59646374,0.53971231
0.74971014,0.72615498
0.94324929,0.92392248
0.91425359,0.96382010
0.55412126,0.73432392
0.89866918,0.86331171
0.82622766,0.78166544
0.88926417,0.89899069
0.74612623,0.76608050
0.79238540,0.86064786
0.77768028,0.82148719
0.55295789,0.58672035
0.92663646,0.93351567
0.32314241,0.42465344
0.42612550,0.68576086
0.61097258,0.52576363
0.71487963,0.70784760
0.76924115,0.53574198
0.88413793,0.91157508
0.83801383,0.74523485
0.91327822,0.91091871
0.82599038,0.82977635
0.64064944,0.81792766
0.83262765,0.88826263
0.62733388,0.72435689
0.74053818,0.75868577
0.56505406,0.67637467
0.79715192,0.99567723
0.94556928,0.92606348
0.61728662,0.57397401
0.88834763,0.90356058
0.84108567,0.71961153
0.73334515,0.79880536
0.64058650,0.50130612
0.87859213,0.93789756
0.85363907,0.95311296
0.76687431,0.81991476
0.76753676,0.72814614
0.69319379,0.71362889
0.70269287,0.83389235
0.80490673,0.83451200
0.87570620,0.78860199
0.77571756,0.73657191
0.83444691,0.84061986
0.86084473,0.94540530
0.85068911,0.80648643
0.24507809,0.31366667
0.83450878,0.84796661
0.72926909,0.73351729
0.42876062,0.54718840
0.92144942,0.88162988
0.74340034,0.81057250
0.85038358,0.92400765
0.69172370,0.57354552
0.87161273,0.87233663
0.45624420,0.50428438
0.32234406,0.13711420
0.37213540,0.32454872
0.84357238,0.89262384
0.97313356,0.96363014
0.19970733,0.19509904
0.94281185,0.99425286
0.60596466,0.72651094
0.53904122,0.60988230
0.69432753,0.60228240
0.87402177,0.88930732
0.87890804,0.86408865
0.49258441,0.34537953
0.87172145,0.84377444
0.92803347,0.90561378
0.17599049,0.13695097
0.34746143,0.50378859
0.85012257,0.74292064
0.82887191,0.79004449
0.24663676,0.24258862
0.75937277,0.86763489
0.88068390,0.94272786
0.88865453,0.87228262
0.90966654,0.93089473
0.75910413,0.82659674
0.67269802,0.56715345
0.58235765,0.43750000
0.53541273,0.64929664
0.86608750,0.87730443
0.74987280,0.87369418
0.93768364,0.93460876
0.80963862,0.83190787
0.90252948,0.93884945
0.85373545,0.93355179
0.87502253,0.68113589
0.83756888,0.92294228
0.85173297,0.92998475
0.63490474,0.72939563
0.92756289,0.81197727
0.89531642,0.93533128
0.73288304,0.66155618
0.78807980,0.83815289
0.64134073,0.64594233
0.51717234,0.42381462
0.27117306,0.33714616
0.21277750,0.19290447
0.80906224,0.88418782
0.72953802,0.52502614
0.30872872,0.22745098
0.85175425,0.81343281
0.30920893,0.29205781
0.91943997,0.87623543
0.61143684,0.67069441
0.77287352,0.84294069
0.89674228,0.93773043
0.83752710,0.81463414
0.90371346,0.94401836
0.89758235,0.86678141
0.82443547,0.87521613
0.71196246,0.57271230
0.38085827,0.53940362
0.76334471,0.71821153
0.80442691,0.91012084
0.64036071,0.47917229
0.85618246,0.98165137
0.75207877,0.91362369
0.86939454,0.85909718
0.65501654,0.54266471
0.86908352,0.91173846
0.89201522,0.90658933
0.92005050,0.86791629
0.92071068,0.95744681
0.73628569,0.58418125
0.79273409,0.82290292
0.83936495,0.87208658
0.65566307,0.74011052
0.42544967,0.60045093
0.80314016,0.83905226
0.76266873,0.65093398
0.86758947,0.90899503
0.51270843,0.69546163
0.32711875,0.74472129
0.86264634,0.88727701
0.70946544,0.73769182
0.64567626,0.73922074
0.71711504,0.76217532
0.91720569,0.93277627
0.81508791,0.83050299
0.90833426,0.90052283
0.16691917,0.21194558
0.31113139,0.17284226
0.88735974,0.77059960
0.88446176,0.91963649
0.84696883,0.89316058
0.87971604,0.86691087
0.86862123,0.93498981
0.86886352,0.82219505
0.61346805,0.58228850
0.83854508,0.70582694
0.90722436,0.95121115
0.84358948,0.86135387
0.52569723,0.56164718
0.30305547,0.30777812
0.86254454,0.91045171
0.86529487,0.89441824
0.87223762,0.84645456
0.81434959,0.94160479
0.94886315,0.91924030
0.86391211,0.90334094
0.78006542,0.61994076
0.63644046,0.40143004
0.80466473,0.81551468
0.63616842,0.78577238
0.34277961,0.20197700
0.83006543,0.66645622
0.68488383,0.78876680
0.87679815,0.89681494
0.92593879,0.90065694
0.84321308,0.84817350
0.66514540,0.47467282
0.77878708,0.79190505
0.22552913,0.28224444
0.61882687,0.76277483
0.85236841,0.91742486
0.78889185,0.83657098
0.87210381,0.82361144
0.85345256,0.68787706
0.79606044,0.91034049
0.89147079,0.96686637
0.71785176,0.61069554
0.85721016,0.83503401
0.69878471,0.69078428
0.81364584,0.91370666
0.81612533,0.84787780
0.86968493,0.90089047
0.76305234,0.82089055
0.90923041,0.80405194
0.88475990,0.93518662
0.93795204,0.97240955
0.81080413,0.84013987
0.83902133,0.87225527
0.91814435,0.92179430
0.85574818,0.92888987
0.26084542,0.45072746
0.86184281,0.85822284
0.90021539,0.85104918
0.70745051,0.76822382
0.90797067,0.82194221
0.70963740,0.59787560
0.77523464,0.84872788
0.77290642,0.83742207
0.39025116,0.34439981
0.91515946,0.93610096
0.23554806,0.26666668
0.64501143,0.62235463
0.41384313,0.60673052
0.34934875,0.18010005
0.85229534,0.84380031
0.82488757,0.92732280
0.88472080,0.83649731
0.83427846,0.90593380
0.67496365,0.70613438
0.92076373,0.92788690
0.49068949,0.48370764
0.80244756,0.81176519
0.44230700,0.77148271
0.88345695,0.96093750
0.92271018,0.90387791
0.88330895,0.84759659
0.84448183,0.89461780
0.91082126,0.94208241
0.89343077,0.95119363
0.94040656,0.90923703
0.91887486,0.98130840
0.52581930,0.56146836
0.90257680,0.91173589
0.42969114,0.50154185
0.66516614,0.58893472
0.17985976,0.14646147
0.67111140,0.50424671
0.51771593,0.41088435
0.31684271,0.29401568
0.30804598,0.48030955
0.27813703,0.07546584
0.76474315,0.74223316
0.75864935,0.87124062
0.92785311,0.91920114
0.72166950,0.74406934
0.92889839,0.92366052
0.69742703,0.64682537
0.58363920,0.60321188
0.52345985,0.37818581
0.69153452,0.62571734
0.85911024,0.91259533
0.69252658,0.72680253
0.74032956,0.66029036
0.86663836,0.87170118
0.80386490,0.76955587
0.90526938,0.93319839
0.82475924,0.85587108
0.49633113,0.58505511
0.88540655,0.96349204
0.55224645,0.61569321
0.70423210,0.69259226
0.62097305,0.66327536
0.92451996,0.91928649
0.93377817,0.95802468
0.92728597,0.90012270
0.93699253,0.90114379
0.39091575,0.20503296
0.40727630,0.35523197
0.46361300,0.26745707
0.87297487,0.90437460
0.68603706,0.63581181
0.59257388,0.61104149
0.88965577,0.93285304
0.26577836,0.81210190
0.55186981,0.47129482
0.85380620,0.81258750
0.28141105,0.45364729
0.91148287,0.98169702
0.77726007,0.78268450
0.39565727,0.61704546
0.90515006,0.88990861
0.88746887,0.97045207
0.72760963,0.70130837
0.91659170,0.89285284
0.61008441,0.62724870
0.67381769,0.56385195
0.44623923,0.25637975
0.76667309,0.79500234
0.74313772,0.69508725
0.63317156,0.63013417
0.89393920,0.98334062
0.49363798,0.69055158
0.88377774,0.92383808
0.89205366,0.94218361
0.83093774,0.86891854
0.87033296,0.86367422
0.57655525,0.51754659
0.58027077,0.78297937
0.91331536,0.93371862
0.88592958,0.90143776
0.79321426,0.91566491
0.31580046,0.30468205
0.54420441,0.56979698
0.33669108,0.23250675
0.89365095,0.86995327
0.34891409,0.41469720
0.93547118,0.93900478
0.61350733,0.43546876
0.77117622,0.77786911
0.45361909,0.69936556
0.86858314,0.95305806
0.85925227,0.76403230
0.87864709,0.80402207
0.73051012,0.75223839
0.78510994,0.83078456
0.78692412,0.78764856
0.92498481,0.95811826
0.48473385,0.65855736
0.88990486,0.91666669
0.14045930,0.07999019
0.80708694,0.76587898
0.81631744,0.61953080
0.83947253,0.75495642
0.86843723,0.95080733
0.75863004,0.77038592
0.68926954,0.80060756
0.55099452,0.74267250
0.82663220,0.79971099
0.84441549,0.91238075
0.25394350,0.22217397
0.93249828,0.87666112
0.50271571,0.74300504
0.46142760,0.45698714
0.37546372,0.36278734
0.34214109,0.37106428
0.63282180,0.71309465
0.56751001,0.44977465
0.60310221,0.59016037
0.88869494,0.91565895
0.89705098,0.91120613
0.85846901,0.91013020
0.91498554,0.89345205
0.79411805,0.80820620
0.69427592,0.86757928
0.85259479,0.91666669
0.76584429,0.85315496
0.92114532,0.87983447
0.48527807,0.49665090
0.92716819,0.95381582
0.88669127,0.90521133
0.78797257,0.67910516
0.64754736,0.40959081
0.21984695,0.20271671
0.53019369,0.68091470
0.76659775,0.68552852
0.89883119,0.96753246
0.25041595,0.10126051
0.82215869,0.80754149
0.93229795,0.93436402
0.79722703,0.74362189
0.81464624,0.82724601
0.82820696,0.79828215
0.86539674,0.69347245
0.84355247,0.82698303
0.85263383,0.93198323
0.58163130,0.51811862
0.69811845,0.70439917
0.88924295,0.92944145
0.90636635,0.90636706
0.82709384,0.71667582
0.57354999,0.42832315
0.85662115,0.89857936
0.84669822,0.86661679
0.96461809,0.92589283
0.36019802,0.25634059
0.76820600,0.83868378
0.88003820,0.78827751
0.91198146,0.92849410
0.88514936,0.89989805
0.81376767,0.76666665
0.65567565,0.55991811
0.37688896,0.28589076
0.83701825,0.88310915
0.39493886,0.55888957
0.91332161,0.89850473
0.48519826,0.27880543
0.89321023,0.92014730
0.71700174,0.73731178
0.64258879,0.52108461
0.76953870,0.83567995
0.30753803,0.32528889
0.87856925,0.96169591
0.57045400,0.77822578
0.53124076,0.58068180
0.90652430,0.87170529
0.77669209,0.71845239
0.90779066,0.87380368
0.75877601,0.76607144
0.87841243,0.95326221
0.92212421,0.89258462
0.45507461,0.34081885
0.56263512,0.59745753
0.68201900,0.68646055
0.88420653,0.82647961
0.87516201,0.90271491
0.85231292,0.91725850
0.83653748,0.88718826
0.80623728,0.87114435
0.65398699,0.60120356
0.81598306,0.46852174
0.64772987,0.73190427
0.57010806,0.39402726
0.77048558,0.62926930
0.44905144,0.49691918
0.93866986,0.98701298
0.90133131,0.89826065
0.84661400,0.85449898
0.86274487,0.90821499
0.74612534,0.75923043
0.70580196,0.70555204
0.87098044,0.94282120
0.85990226,0.77347064
0.83138961,0.67157787
0.84622782,0.70553362
0.74111629,0.81201661
0.89954853,0.88078886
0.81130725,0.83578432
0.93768585,0.94103128
0.69208074,0.53107768
0.56857252,0.52988833
0.41011241,0.20009609
0.37202853,0.39013493
0.73342490,0.78663665
0.90502155,0.89193547
0.58207041,0.44416144
0.82028234,0.93978345
0.80252033,0.81386513
0.24130598,0.33039546
0.84476769,0.65399677
0.80385625,0.75515068
0.93420881,0.96022224
0.84041303,0.87657964
0.82191795,0.84198749
0.73656476,0.86983937
0.69339812,0.78114754
0.52451593,0.78111744
0.56471139,0.56970626
0.89299881,0.92520034
0.75518376,0.79707003
0.86742699,0.89074498
0.90290433,0.84968865
0.70685911,0.76813245
0.72192323,0.90280050
0.87953734,0.94572371
0.82754713,0.82553840
0.60946667,0.65357143
0.86498857,0.95462906
0.57994330,0.66510111
0.87503183,0.79662228
0.90367573,0.90443242
0.76925534,0.84760690
0.71143925,0.83841294
0.52737838,0.67039657
0.80974090,0.83207256
0.80663311,0.81657487
0.76980650,0.77877766
0.27577403,0.31129807
0.56529057,0.68655598
0.45751143,0.59858119
0.18176788,0.17453220
0.81383109,0.93983346
0.77934313,0.93475556
0.81428087,0.75798655
0.82381821,0.70731276
0.66871125,0.71174288
0.47658026,0.35124078
0.92064106,0.91406113
0.72523820,0.76807600
0.79872394,0.76313525
0.38471574,0.31278375
0.42908844,0.44432133
0.85547805,0.90317613
0.66833884,0.79202557
0.93283671,0.93099362
0.68334615,0.70170403
0.46331772,0.54166949
0.85802996,0.85633147
0.90586710,0.90139705
0.72170842,0.75012022
0.77805007,0.80881226
0.80064404,0.82235855
0.49035683,0.60790813
0.72979903,0.74700153
0.90510052,0.96954507
0.88321394,0.91812015
0.87821496,0.84948391
0.15091559,0.08566161
0.90784180,0.12643468
0.70425904,0.85046059
0.81554341,0.90807289
0.93014735,0.93888801
0.77082205,0.60186297
0.91782033,0.91981262
0.65909147,0.69896704
0.66092247,0.66550720
0.75668895,0.77146763
0.71436667,0.90429294
0.76206475,0.79958069
0.46303543,0.40756464
0.72914284,0.39721471
0.35051495,0.17623153
0.68559551,0.73163074
0.84202772,0.89707863
0.86542124,0.56689388
0.72404790,0.87054497
0.83406955,0.88084084
0.89603645,0.91818798
0.87844485,0.94163120
0.92534447,0.86440676
0.84761059,0.87353730
0.40101391,0.56899458
0.55054390,0.49455270
0.61359352,0.61777139
0.51432717,0.52595538
0.81972647,0.94755542
0.43397233,0.36901370
0.89041853,0.87933469
0.86577880,0.87507808
0.90389955,0.91969991
0.91921937,0.97183162
0.83086234,0.69854492
0.89767861,0.90601087
0.88449621,0.91934985
0.79767978,0.76273364
0.82931155,0.86068255
0.84172916,0.91656953
0.75858778,0.60021871
0.88367575,0.85117328
0.81809157,0.86987966
0.82524192,0.84303600
0.73435503,0.77068216
0.61854517,0.79150760
0.92894942,0.97414732
0.84673262,0.88803732
0.90253913,0.90785474
0.71781379,0.71074456
0.82629985,0.83252627
0.54807121,0.63190854
0.87337613,0.88191229
0.25134745,0.20976952
0.83340800,0.95288247
0.90069079,0.92028987
0.43855801,0.49156144
0.87594461,0.83364457
0.81337374,0.87213224
0.90380663,0.88528138
0.72492462,0.58817035
0.40036064,0.31286803
0.48141819,0.62922794
0.52592504,0.61418188
0.60396504,0.24347527
0.19742110,0.11873738
0.80574352,0.76134181
0.42438000,0.39613393
0.44298318,0.82008451
0.79675323,0.80440974
0.35953352,0.33329469
0.84737885,0.92367554
0.87598139,0.89866668
0.48629817,0.70171762
0.39782038,0.42954203
0.77052748,0.80566639
0.68096924,0.83036262
0.93551910,0.92585701
0.80072516,0.74073303
0.67181003,0.80979818
0.87630105,0.86962384
0.68568480,0.62326616
0.76202977,0.63095152
0.87098145,0.89482588
0.71112013,0.83699787
0.47930008,0.49342829
0.87136024,0.91283423
0.90900803,0.80642664
0.53439963,0.62330812
0.92401564,0.89504141
0.88022768,0.89152396
0.81026953,0.92405063
0.31366086,0.32725823
0.51833206,0.39709273
0.83296937,0.93515384
0.89670032,0.88094622
0.85495603,0.85957152
0.34835881,0.27339184
0.91306114,0.86980635
0.85393989,0.79888940
0.40914196,0.42548537
0.86521006,0.86160082
0.26331288,0.54627961
0.79597259,0.43585798
0.65933585,0.50837368
0.88231945,0.85884035
0.90261209,0.88307792
0.32871404,0.45987770
0.86360848,0.91107064
0.30290586,0.24315847
0.80237126,0.90119338
0.86986506,0.90645260
0.48940185,0.72031248
0.88434905,0.87706041
0.79942459,0.80713564
0.79783559,0.85912198
0.69080269,0.72882140
0.86326814,0.99019605
0.81749624,0.83900726
0.54868108,0.32135075
0.53660333,0.39172241
0.64847797,0.67829460
0.41247264,0.37510505
0.88897645,0.83604652
0.86112702,0.85988456
0.58280599,0.65158045
0.28804809,0.31108308
0.49898610,0.50334930
0.83185554,0.85481507
0.80144829,0.79130161
0.74909866,0.84695125
0.66623777,0.61887354
0.30500931,0.14263675
0.55959415,0.48690495
0.83327174,0.86300260
0.36739227,0.26383927
0.53776073,0.53753352
0.60614908,0.62433434
0.60476232,0.45224568
0.93158722,0.95352924
0.88177085,0.80819237
0.76894665,0.69459707
0.40620530,0.67878431
0.92190260,0.89837396
0.92424232,0.95400435
0.88319695,0.91041696
0.81097555,0.75858337
0.75032842,0.82003665
0.75586116,0.70340455
0.70525354,0.48337805
0.43570852,0.37991992
0.73940396,0.86611974
0.65653598,0.58784384
0.70113069,0.75064933
0.89294219,0.90627605
0.54344618,0.65292746
0.90081811,0.91074139
0.52370572,0.76752019
0.75123203,0.87040246
0.75724053,0.61211991
0.52681357,0.43487820
0.84709299,0.90623552
0.92338049,0.89944851
0.85889864,0.84052944
0.28252533,0.26004007
0.67122340,0.84988815
0.55985129,0.53417081
0.81505352,0.83466578
0.64266264,0.52981442
0.85657501,0.86218321
0.77749127,0.81845027
0.88848639,0.86103523
0.42638555,0.51631916
0.74811184,0.83559859
0.76832074,0.18303572
0.69201028,0.93627453
0.89332497,0.83944249
0.91830373,0.84463322
0.17475191,0.09526616
0.90991545,0.93244487
0.83963776,0.77100843
0.86504877,0.94883019
0.94993001,0.92723972
0.78058600,0.68794161
0.86513054,0.86485237
0.94396949,0.92160589
0.85111797,0.89840817
0.74712145,0.92906165
0.77908492,0.75259233
0.69669497,0.61574060
0.75289524,0.59257960
0.87088883,0.79675978
0.67221081,0.59789425
0.92093229,0.93469661
0.77013224,0.54686409
0.92732608,0.93159062
0.67396009,0.70015490
0.72226727,0.86223722
0.83792406,0.90609950
0.89866805,0.94830412
0.86793631,0.94938821
0.32270160,0.35658288
0.78820169,0.71201617
0.38734853,0.45272169
0.84969753,0.82881021
0.39551246,0.37209436
0.78826278,0.92400002
0.75834143,0.68304229
0.76317006,0.71880341
0.91861433,0.88179296
0.79281634,0.76571894
0.79185700,0.77197582
0.47853726,0.57446116
0.29672417,0.32542616
0.78125727,0.65605420
0.56073511,0.61134416
0.39944246,0.58115762
0.87782240,0.81293952
0.73168027,0.60676390
0.91193742,0.82358974
0.83433867,0.85777777
0.34259492,0.27318868
0.60418433,0.81480813
0.86613870,0.87839675
0.47681427,0.29782945
0.28781837,0.04680178
0.16019362,0.06657046
0.85084027,0.90623760
0.83623314,0.81647158
0.68849373,0.58619440
0.87064636,0.92981434
0.91802049,0.95986170
0.60051298,0.74702710
0.48797613,0.64082605
0.86001515,0.76300967
0.84628546,0.83017105
0.87992883,0.84848541
0.86304003,0.79630065
0.85331458,0.79869944
0.72906029,0.59406590
0.79874861,0.79819822
0.74956739,0.81499010
0.93331015,0.91630435
0.56549799,0.34444845
