Predicted Score,Actual Score
0.87529290,0.97402596
0.82157540,0.73417723
0.44401896,0.12823969
0.86184508,0.81259978
0.88442856,0.89496130
0.52957731,0.47500202
0.87706834,0.90291262
0.86284363,0.96124291
0.90263236,0.89341539
0.87442636,0.88575649
0.82519597,0.89799571
0.88914335,0.90173441
0.89165086,0.87073731
0.90051758,0.92330921
0.52728051,0.56876683
0.73030221,0.75344354
0.89823800,0.95312500
0.90273792,0.91624480
0.79169440,0.69825709
0.60743678,0.67295039
0.90397221,0.92591548
0.77978283,0.83874792
0.66870552,0.67183489
0.90075183,0.87838751
0.81695104,0.85806680
0.47105497,0.67744184
0.67908388,0.64183676
0.85793650,0.90314204
0.65068483,0.39795625
0.21288007,0.23219927
0.75824100,0.73923182
0.57449675,0.62878650
0.88225299,0.79866892
0.95605111,0.93340164
0.84404147,0.76762378
0.88150114,0.87750590
0.69063044,0.70610350
0.89618134,0.87274390
0.81232524,0.77471316
0.81097674,0.74017882
0.59436595,0.53162020
0.81104577,0.85185730
0.87663555,0.82243454
0.91460651,0.96494067
0.78055751,0.68949252
0.77908081,0.84601575
0.77273452,0.66256118
0.92741817,0.96178091
0.89958775,0.89498997
0.41490430,0.60363024
0.93569374,0.95655042
0.59971905,0.52236116
0.74545741,0.77376813
0.88858968,0.95441693
0.79172426,0.69354075
0.50946105,0.63580692
0.84671664,0.84415495
0.59546238,0.40421757
0.67557794,0.71092772
0.57469648,0.48772570
0.90279883,0.92003518
0.74734980,0.80931371
0.76143658,0.81769353
0.42539531,0.58732945
0.89463353,0.93263525
0.93703985,0.92334527
0.85702461,0.86228913
0.45999181,0.61061680
0.92828029,0.94150591
0.88677955,0.93775851
0.74756104,0.77325583
0.73807478,0.75315696
0.94282252,0.94875002
0.93099326,0.91922528
0.11745280,0.08555707
0.91747952,0.91582203
0.71464795,0.45671695
0.87794948,0.90770239
0.87216747,0.85985541
0.65488952,0.62730861
0.60607833,0.72826087
0.92891347,0.88688642
0.73979926,0.71479058
0.38194042,0.36846665
0.66551512,0.65540588
0.61723185,0.68428475
0.84628022,0.84891218
0.80010241,0.55244505
0.84891963,0.35617423
0.47936022,0.50777072
0.81376445,0.85436708
0.82279861,0.79423076
0.85115904,0.89748764
0.78498185,0.83244783
0.94752944,0.92120171
0.76792735,0.88900036
0.75654364,0.84893095
0.30279142,0.26438427
0.89343429,0.93618190
0.72322524,0.71952027
0.67291063,0.70891517
0.89626193,0.93338555
0.87080991,0.81782299
0.72549868,0.82515365
0.94582427,0.93354863
0.72618055,0.76575905
0.86171460,0.78066832
0.76806593,0.81996006
0.37253571,0.70684522
0.81782591,0.62531328
0.89267367,0.92056233
0.87178713,0.89564049
0.80949146,0.75606227
0.87052155,0.79218322
0.83898520,0.74072599
0.92006874,0.98071426
0.88629884,0.92811561
0.90468681,0.87471670
0.93428075,0.91462636
0.88170362,0.82258064
0.40713468,0.39279380
0.86751968,0.88937986
0.84910411,0.90602368
0.78661239,0.81310177
0.54170334,0.55831259
0.82258672,0.94914424
0.92001027,0.95865506
0.91418403,0.91876382
0.55149639,0.50917327
0.36367798,0.36498562
0.42477793,0.61657834
0.88573807,0.79741937
0.92451787,0.95239449
0.48687616,0.28675476
0.16581589,0.07518037
0.83544242,0.71153843
0.90575224,0.92348027
0.92271149,0.92421323
0.76451075,0.56428504
0.86355722,0.82616764
0.30205590,0.34419924
0.67105764,0.81334132
0.65350997,0.65832502
0.45343494,0.43220028
0.84847122,0.90905404
0.86839575,0.79105079
0.68736899,0.55054945
0.82374448,0.62651515
0.81952357,0.86879802
0.86449915,0.97530866
0.87809163,0.87283242
0.61717910,0.56747156
0.90618509,0.94212097
0.68926561,0.66474348
0.85595930,0.92114174
0.72576225,0.53451371
0.46559244,0.53433007
0.35299131,0.26161468
0.58681083,0.76617503
0.44925898,0.26211971
0.82290995,0.85384059
0.79487658,0.83106786
0.56377310,0.52025586
0.68452007,0.45982206
0.70603341,0.66571146
0.55079043,0.65996927
0.77753812,0.55469769
0.41222090,0.49744070
0.86730695,0.82678950
0.90554065,0.86687738
0.50351858,0.50203669
0.76243883,0.82179201
0.76282108,0.83482140
0.85838193,0.87538403
0.66735339,0.42339361
0.91042638,0.87560409
0.85169435,0.96667218
0.89376944,0.91998285
0.60973144,0.57792211
0.21052277,0.11602031
0.41341370,0.44695711
0.91632485,0.90727723
0.32373509,0.21682203
0.54837281,0.73896211
0.19063467,0.08269231
0.90026909,0.89456820
0.42963767,0.54569191
0.42822999,0.53317410
0.87856025,0.80749857
0.83631980,0.91145813
0.75320661,0.55948716
0.85571361,0.80233300
0.87148315,0.88644528
0.65080279,0.62116641
0.93635529,0.95716840
0.77882904,0.88170350
0.92559564,0.87957662
0.91361439,0.89387870
0.48268992,0.40693602
0.90985262,0.89572513
0.86140525,0.91693234
0.82182306,0.84765124
0.59832668,0.76251251
0.88893700,0.91515762
0.91901356,0.87500000
0.89858115,0.89019877
0.86393124,0.61056477
0.65168750,0.82854885
0.88732702,0.78734589
0.82991165,0.78923386
0.85473317,0.88581467
0.14233953,0.16648623
0.54555207,0.67439586
0.59659547,0.60586655
0.31022277,0.21057090
0.94767874,0.97528487
0.68364322,0.77255833
0.83408999,0.81333578
0.49799091,0.40319654
0.26081938,0.18734229
0.87989235,0.93949294
0.82516694,0.83993411
0.84125972,0.81172067
0.91410995,0.84017092
0.87991506,0.92468828
0.91984975,0.88304842
0.68901277,0.66082203
0.90058309,0.88372952
0.91109443,0.83225191
0.93690819,0.95003641
0.84093887,0.72066885
0.82253993,0.86759102
0.93499017,0.95790040
0.84251219,0.90465409
0.86421233,0.89721519
0.69799066,0.70557100
0.73885232,0.69692564
0.89078796,0.92170662
0.74975747,0.82425898
0.80248457,0.87733400
0.82365942,0.73381919
0.85144109,0.93076921
0.41026366,0.24927424
0.72149605,0.52957636
0.84580988,0.82738793
0.77586657,0.86590999
0.94486284,0.92802405
0.87256718,0.90368575
0.63941616,0.54557669
0.64347005,0.62063390
0.82186490,0.79854780
0.84328812,0.74737102
0.21905106,0.12833922
0.89653534,0.79881155
0.47130957,0.35335454
0.90287262,0.93185782
0.63733256,0.59370100
0.71275938,0.77021104
0.52907741,0.52511907
0.49281085,0.30528343
0.74808753,0.80870020
0.48092493,0.34392732
0.83564991,0.89617443
0.38945240,0.35266176
0.09253472,0.07075887
0.93659019,0.87498575
0.79806089,0.88172841
0.16976804,0.12780370
0.90219879,0.90276414
0.75615120,0.83361101
0.80963826,0.88522983
0.94521141,0.95717955
0.57269287,0.46015915
0.61423820,0.38126567
0.26077694,0.25172111
0.80577266,0.80265307
0.82840008,0.76514375
0.45715922,0.07320361
0.83084691,0.89524198
0.69014043,0.73342174
0.87919778,0.80329156
0.84147274,0.85264045
0.80408126,0.78269428
0.86232626,0.87559807
0.86557871,0.90807718
0.33741871,0.36312518
0.91991568,0.80876142
0.37430245,0.25291896
0.86707222,0.86300600
0.82834035,0.79727256
0.53091067,0.61340129
0.91992116,0.89284766
0.93334365,0.91649079
0.58590794,0.55881286
0.53849924,0.54536289
0.87056994,0.75468165
0.89928955,0.94361734
0.75659573,0.59260988
0.55924332,0.64701778
0.82489318,0.71809447
0.89128339,0.93402511
0.54208946,0.58740681
0.40337324,0.41599599
0.20339698,0.14241019
0.84697008,0.67805189
0.92974699,0.80217671
0.69452971,0.66494596
0.89630264,0.95568520
0.63844585,0.61684728
0.89852679,0.88004929
0.84990060,0.88933253
0.84377134,0.82872027
0.75712419,0.80215055
0.85464138,0.80901641
0.82983655,0.82661730
0.14734787,0.11900791
0.82291448,0.87948585
0.82161236,0.80047262
0.64972681,0.46851847
0.43286225,0.57297772
0.87356222,0.71595830
0.53836632,0.74690306
0.71519274,0.73192525
0.63513625,0.75357145
0.59082329,0.57308745
0.60382891,0.62363571
0.71901822,0.65479439
0.92226058,0.93142426
0.76931173,0.83667612
0.89604527,0.89990115
0.71212018,0.67989606
0.92127496,0.94007879
0.87045079,0.91771734
0.88236642,0.91071504
0.89056540,0.92906648
0.93960929,0.91549295
0.78444928,0.66958934
0.42601848,0.41143456
0.80691612,0.88174874
0.88005489,0.85992599
0.57788515,0.13107717
0.86839402,0.89474386
0.77655315,0.68202478
0.92190802,0.94682842
0.72241390,0.63246292
0.88038141,0.62972188
0.53113383,0.37559256
0.87785840,0.80065358
0.95165503,0.92087841
0.22700500,0.36875001
0.93489468,0.91927636
0.48880255,0.46600592
0.60026515,0.61411488
0.90767348,0.89916748
0.86850035,0.92163610
0.89420801,0.93200552
0.54305971,0.61390060
0.82912648,0.65883905
0.92402655,0.67633200
0.81140262,0.86915255
0.09416300,0.15155677
0.65636390,0.49106583
0.60714507,0.69213933
0.35672253,0.24906784
0.40502945,0.54263598
0.78765160,0.77467996
0.82610017,0.68409622
0.28022584,0.29139313
0.58886844,0.51904726
0.54830468,0.38562462
0.86188656,0.84973544
0.91993099,0.95088142
0.93718743,0.94298244
0.91039711,0.86500758
0.85272026,0.90359151
0.87914872,0.87472767
0.73831087,0.46424896
0.94682562,0.95084935
0.71552575,0.77117878
0.64795023,0.58342171
0.89464438,0.91828686
0.80044276,0.80697674
0.77152604,0.71942645
0.87902772,0.93650794
0.57156146,0.57005721
0.46020895,0.51761085
0.85386550,0.75609297
0.59722495,0.45612457
0.79314798,0.73582870
0.61743581,0.38604474
0.90649116,0.90181994
0.84643990,0.73497599
0.87955302,0.88957173
0.34830064,0.34808046
0.85463941,0.92061257
0.89170492,0.90839982
0.58885872,0.55831069
0.67177409,0.72351193
0.91383231,0.93805766
0.69059110,0.64244634
0.67829317,0.32544324
0.83240467,0.73041230
0.50117636,0.34453544
0.59721148,0.50486070
0.75551230,0.78953445
0.84773445,0.94339621
0.36540133,0.30385977
0.74797881,0.64590788
0.89098144,0.85407209
0.88147408,0.91231942
0.66769850,0.18738404
0.48021644,0.45740741
0.89737362,0.96041739
0.69857061,0.72167873
0.57329512,0.42158175
0.87671959,0.91804773
0.84529239,0.78965688
0.45739502,0.52184761
0.81870818,0.87190974
0.94144583,0.94274896
0.81817186,0.80571985
0.86600602,0.07899183
0.84503698,0.60848868
0.82595193,0.89148116
0.62863326,0.51343048
0.93241930,0.92359877
0.79037434,0.79474926
0.78816509,0.88637221
0.88600641,0.98275864
0.90800989,0.89629233
0.82161927,0.89764708
0.82245189,0.84450263
0.67865735,0.61614585
0.11850721,0.17829013
0.89081395,0.92699409
0.81389242,0.81618500
0.62412715,0.53220779
0.86271882,0.92192829
0.29797739,0.33106670
0.47099090,0.44288188
0.65936470,0.56109023
0.56846499,0.43951538
0.90004170,0.92528480
0.90558755,0.93086082
0.35018152,0.26050326
0.52563298,0.56626183
0.46257478,0.36328125
0.89040989,0.92448813
0.73995155,0.82105064
0.49502295,0.68381846
0.74054915,0.82598782
0.53686768,0.50071144
0.88975757,0.94360578
0.83724165,0.90516317
0.67480928,0.72879392
0.73233658,0.76458818
0.88434821,0.88809526
0.92904991,0.92989480
0.92347074,0.98217809
0.76087213,0.86826700
0.87218124,0.56681240
0.86042947,0.85920775
0.54864061,0.57705969
0.94604081,0.88157892
0.68764824,0.78612471
0.81778073,0.94624126
0.69090176,0.54118794
0.61363673,0.63134241
0.56328398,0.87279165
0.46661675,0.31614673
0.84755248,0.86965811
0.86757529,0.88306868
0.89247686,0.92385060
0.65572536,0.76888734
0.84578955,0.84614265
0.81220400,0.72766995
0.13652670,0.11512188
0.90662760,0.93403876
0.88131618,0.82826018
0.89871252,0.87306368
0.86238247,0.87089950
0.71007097,0.75645971
0.83051616,0.85018182
0.83100158,0.66416782
0.54143190,0.75797015
0.41364527,0.25341764
0.56775117,0.61868542
0.89325976,0.93299794
0.63599205,0.53369093
0.36042589,0.50543553
0.89606529,0.94818151
0.70133084,0.89948452
0.86100388,0.88830614
0.66954452,0.55795473
0.81384706,0.71386105
0.74838960,0.76758122
0.84385270,0.75173992
0.74182492,0.67453843
0.14794624,0.15517631
0.10086399,0.08621617
0.86073655,0.87846482
0.82293469,0.77368772
0.25161833,0.32831958
0.64295912,0.69556928
0.80184501,0.85143918
0.82450110,0.96383566
0.83786780,0.91259277
0.62030214,0.42557567
0.91277802,0.88128066
0.70147097,0.73436350
0.84282714,0.75521260
0.95596588,0.94178456
0.83507544,0.83820224
0.80654460,0.90534252
0.90250838,0.90604395
0.69392455,0.54397857
0.28894663,0.34042621
0.70372045,0.74213564
0.40477902,0.46721312
0.80260652,0.83787876
0.81959629,0.77691257
0.66960388,0.78463358
0.62505937,0.54062980
0.68396205,0.56309479
0.91439635,0.90254986
0.59538448,0.81804323
0.87466443,0.88422751
0.80384272,0.82250792
0.48706058,0.68953943
0.88761252,0.90570074
0.93310905,0.94573575
0.94840872,0.98872048
0.43573254,0.28900936
0.85650045,0.79104477
0.93644619,0.93850523
0.89925516,0.89795154
0.86838520,0.83737725
0.67811060,0.74095714
0.30491558,0.33032396
0.37755641,0.34530908
0.73757619,0.80003738
0.76230770,0.74438637
0.87992495,0.86483365
0.66783392,0.16271827
0.37606740,0.27488452
0.85349649,0.97891808
0.80294400,0.81934381
0.75126499,0.87059790
0.78824586,0.53162599
0.78137308,0.89136720
0.68166190,0.78222442
0.72345674,0.87974375
0.14202487,0.17347129
0.81989270,0.78741497
0.33231139,0.57768714
0.85390061,0.66176468
0.74226397,0.37600806
0.77846134,0.90059763
0.91457736,1.00000000
0.70834720,0.75333333
0.43768519,0.51879370
0.85101974,0.87455761
0.85111183,0.88170165
0.27302611,0.33645615
0.84881896,0.78451216
0.90747118,0.87897205
0.50563580,0.37231278
0.54608983,0.65100884
0.87304729,0.98514849
0.38811117,0.34342417
0.90639609,0.94150341
0.84018600,0.86278194
0.70469344,0.73398250
0.39157552,0.18351649
0.91817772,0.17508772
0.76473093,0.54235989
0.85541171,0.88377446
0.87312758,0.88747102
0.86104184,0.68725389
0.88634944,0.94704670
0.69555628,0.76789868
0.89025003,0.90375656
0.60956907,0.38664913
0.75721067,0.58123970
0.90405822,0.94471526
0.50477016,0.58785385
0.15600735,0.13317041
0.82725722,0.82111031
0.83053887,0.81927550
0.73677289,0.50737178
0.48241317,0.35793820
0.88458556,0.94668913
0.75321251,0.78106236
0.69665271,0.76445186
0.85731578,0.94601381
0.85829246,0.90634274
0.68656385,0.68380833
0.89242166,0.90094048
0.33571577,0.20601732
0.76237518,0.57549256
0.44880062,0.40170914
0.65421277,0.56870341
0.84479791,0.70322567
0.26582831,0.56885648
0.92838383,0.95232815
0.87678111,0.97230917
0.90156436,0.90798736
0.58950859,0.50279957
0.85641849,0.93726468
0.51511192,0.47462690
0.87721300,0.98611641
0.81278479,0.84835601
0.47278616,0.45559782
0.84537423,0.90083504
0.83513814,0.91296166
0.89974183,0.94327378
0.61445248,0.16424765
0.53976935,0.55503821
0.87504685,0.91661292
0.34596574,0.45925885
0.27923912,0.29532996
0.93677366,0.87887806
0.88863087,0.90586281
0.28208774,0.17696486
0.65043592,0.82478631
0.88164926,0.86314261
0.74243462,0.76869750
0.48815173,0.53705597
0.84193051,0.92538112
0.38044208,0.56055903
0.89413887,0.88629723
0.67316544,0.75627935
0.92702395,0.93670887
0.72702563,0.82308888
0.61075747,0.40456834
0.84501249,0.91089743
0.69440752,0.78777778
0.86631298,0.92911357
0.81150395,0.69113922
0.88641298,0.90190220
0.69366497,0.63666749
0.89603895,0.85641026
0.44885874,0.17829363
0.84515226,0.69058317
0.14437467,0.15327817
0.89628196,0.90101820
0.85559094,0.91109407
0.92642152,0.95047361
0.92985761,0.92647058
0.52727920,0.68912905
0.91059220,0.92720586
0.54187441,0.42086020
0.34441811,0.27375650
0.90766704,0.86971354
0.87597948,0.89973330
0.77773100,0.79886061
0.43341565,0.43711844
0.91313857,0.98076922
0.24816316,0.10615226
0.84659898,0.83466554
0.80803627,0.88856828
0.84510714,0.94647890
0.40702060,0.43639743
0.77715981,0.55140448
0.82908630,0.87530923
0.81705976,0.78524160
0.86656159,0.91887212
0.92982799,0.96458089
0.63657671,0.73625642
0.75630099,0.62658280
0.80263180,0.84385967
0.82366949,0.15565036
0.94197631,0.95704174
0.91278911,0.89234298
0.39358604,0.52842444
0.88296807,0.87819541
0.93774450,0.88687754
0.72043437,0.73830181
0.64132559,0.52949911
0.80713463,0.71129984
0.77804005,0.86401820
0.80609155,0.84465569
0.37657389,0.62325048
0.83497334,0.70629656
0.92356592,0.96345747
0.82476991,0.85711020
0.58795309,0.42282653
0.88508481,0.83812600
0.76240104,0.91418177
0.80879599,0.53076196
0.86008334,0.76756668
0.60685295,0.48365700
0.78838181,0.84386742
0.83279032,0.87472898
0.67392057,0.43295455
0.80415022,0.15256086
0.60133898,0.56848830
0.49305174,0.46316090
0.70095313,0.84844136
0.51499730,0.58766234
0.91525054,0.93451458
0.93000937,0.94434857
0.65487438,0.87548947
0.83597952,0.66451401
0.91328168,0.93750000
0.81192476,0.87782383
0.81769764,0.77662879
0.31449997,0.52112883
0.85608256,0.74080932
0.36665452,0.35436183
0.89703733,0.90838045
0.89897573,0.86874288
0.30326995,0.40221879
0.85734099,0.68074971
0.76153302,0.27570876
0.57204151,0.65938246
0.67697972,0.75972068
0.77789563,0.72567880
0.94034839,0.92263740
0.83159035,0.90852314
0.83455592,0.77347380
0.82385957,0.90735614
0.38222200,0.39060232
0.91917640,0.93160450
0.86673260,0.93575215
0.87506920,0.95952332
0.90190721,0.92662084
0.17574656,0.13453953
0.70413125,0.80454558
0.93788725,0.97752655
0.90012336,0.84678727
0.74976414,0.82333183
0.87459868,0.93022865
0.80718231,0.61199600
0.66785741,0.77859968
0.78965509,0.80725890
0.78276956,0.83139491
0.84732133,0.83583742
0.82637644,0.87042934
0.69161922,0.70664060
0.36961901,0.36685368
0.79082000,0.74097306
0.80846918,0.79255486
0.88220656,0.84913212
0.81836581,0.71875864
0.84192157,0.67011690
0.73424137,0.32683048
0.78141367,0.55766112
0.84481430,0.85989255
0.23890412,0.19367094
0.81169659,0.93538404
0.88936442,0.90991825
0.81404972,0.68539327
0.88687932,0.91759419
0.77128977,0.72106284
0.35784912,0.32704347
0.90743887,0.93608046
0.82668251,0.86502969
0.90485740,0.95979702
0.80306953,0.84799147
0.38857329,0.37755728
0.89879066,0.95145708
0.68718553,0.56290847
0.85591972,0.91645712
0.89435148,0.95285410
0.56922913,0.62650567
0.48061988,0.32072335
0.92144120,0.89240617
0.46420819,0.35028657
0.52607071,0.71653408
0.90243888,0.88588905
0.41529897,0.26666120
0.77892828,0.74499589
0.87789422,0.83351606
0.87308079,0.96326405
0.82275450,0.90768588
0.90713048,0.94939309
0.85767066,0.85437626
0.88433880,0.95850748
0.48276317,0.54287916
0.32703549,0.36428204
0.85297549,0.88704598
0.53122330,0.43425927
0.91265452,0.94929725
0.67764306,0.71067512
0.84036016,0.63700873
0.74386156,0.86472732
0.78992182,0.71541029
0.80188096,0.63905811
0.85748053,0.80315578
0.87918878,0.88850272
0.72087097,0.66753322
0.59334826,0.44647831
0.73761696,0.62124932
0.74333054,0.87901765
0.83609539,0.78030300
0.33208847,0.52420342
0.83094472,0.92205089
0.82569754,0.78166133
0.79879743,0.73881441
0.89887559,0.84031099
0.54270262,0.63799721
0.91811723,0.94316679
0.92265737,0.93215811
0.85577679,0.89567053
0.88522494,0.25329894
0.78976518,0.86700290
0.86745608,0.95950282
0.89431083,0.88489062
0.78506601,0.86976236
0.77103245,0.76693648
0.73968840,0.30950662
0.83836651,0.72567809
0.92933822,0.97021693
0.23566914,0.21486366
0.87759787,0.78550839
0.92091483,0.93685639
0.64287668,0.49767870
0.72480690,0.69782382
0.38914984,0.25678471
0.87337857,0.86602592
0.74209803,0.55377764
0.76682293,0.62692308
0.53348947,0.46017650
0.92162937,0.92502511
0.87559801,0.88770777
0.80747622,0.82881659
0.76141036,0.50868225
0.88248813,0.92674989
0.34134352,0.36921552
0.93439317,0.90374178
0.91473389,0.88365299
0.73657405,0.72280091
0.43747506,0.36578321
0.63852745,0.84963846
0.92227864,0.95857555
0.85117137,0.91486543
0.80843455,0.82511932
0.52818036,0.54123598
0.88340801,0.87810737
0.88232243,0.88048673
0.87706649,0.86632097
0.90316522,0.89029562
0.89985985,0.92037600
0.56294101,0.57556325
0.65904313,0.68744832
0.88502759,0.90070903
0.60052639,0.65185744
0.87257564,0.84777701
0.27859160,0.32695955
0.89902985,0.99002868
0.69125658,0.69989926
0.81668139,0.71813726
0.83731079,0.61200142
0.81414419,0.49263832
0.93594897,0.94070256
0.94482148,0.96220237
0.84078908,0.85051167
0.94082749,0.91666669
0.85454386,0.77461988
0.30027026,0.46426493
0.29354680,0.17483173
0.92181450,0.88480097
0.82695705,0.83754009
0.83556110,0.84317225
0.85801065,0.83602023
0.19843900,0.11402626
0.90501094,0.95478034
0.89945799,0.91940153
0.93275642,0.97209769
0.89508677,0.88014835
0.73147923,0.51186508
0.82576221,0.92653054
0.90967107,0.96006495
0.75319535,0.67934263
0.85279399,0.71043456
0.92037988,0.92495000
0.76824474,0.35361624
0.38996989,0.50788003
0.94323707,0.98148149
0.60040402,0.68704647
0.81929368,0.86311477
0.51984680,0.52732795
0.82922596,0.88892710
0.92611367,0.95763242
0.82388812,0.80791467
0.82984632,0.83319384
0.88935524,0.81443512
0.50208485,0.68139619
0.68228120,0.74045002
0.73540986,0.80992734
0.80069256,0.87623996
0.40209368,0.67512143
0.69289500,0.60962784
0.84009916,0.94444442
0.85836595,0.91606665
0.55355740,0.35512239
0.88513589,0.90430218
0.93749571,0.92204130
0.58993608,0.55746180
0.45510334,0.49128383
0.90876245,0.89216524
0.91705275,0.95149255
0.91460520,0.98148149
0.76425254,0.94337589
0.88549882,0.80992484
0.88650596,0.90847337
0.85149044,0.92484701
0.48313493,0.26357070
0.12357181,0.08537281
0.90924489,0.93373901
0.83961600,0.87512636
0.90004647,0.91501004
0.81158566,0.95940173
0.93419230,0.91044438
0.63432097,0.59308600
0.85688454,0.90087485
0.58611548,0.61900586
0.75184482,0.82157707
0.47812432,0.52896458
0.83427578,0.73947090
0.79982775,0.79045957
0.57066488,0.54188710
0.82826161,0.87981242
0.57743973,0.65378422
0.50386512,0.61596203
0.94540721,0.94051993
0.69546115,0.74266541
0.66404343,0.64204597
0.84466058,0.88051951
0.88479203,0.89543957
0.77327138,0.81695253
0.79986840,0.91156465
0.83499372,0.64776045
0.92229623,0.92656809
0.88457179,0.93346846
0.81990337,0.92307693
0.88162148,0.91433054
0.85714769,0.88171500
0.83010936,0.78515816
0.30969763,0.21394357
0.80819005,0.71412039
0.46058506,0.37766421
0.89380145,0.86475295
0.19326252,0.16192956
0.48889449,0.68831170
0.80800754,0.87214881
0.81321967,0.77392119
0.24124420,0.17979489
0.74170494,0.87428027
0.34485340,0.35305768
0.86358660,0.92311543
0.94658649,0.97734177
0.46768576,0.44297516
0.72206753,0.58479846
0.76125419,0.77450913
0.90876424,0.91695273
0.91797423,0.95487177
0.93326575,0.94533968
0.79220849,0.80533808
0.83384663,0.94351768
0.93309444,0.93783897
0.90580034,0.89982951
0.77174145,0.69699663
0.61140811,0.49800220
0.22309190,0.21694674
0.77404815,0.17383404
0.86258191,0.82614231
0.83829153,0.87852186
0.77806693,0.92970103
0.84997910,0.92205727
0.84425426,0.79311341
0.44578263,0.51911014
0.65565783,0.67791635
0.65719175,0.69121093
0.83201396,0.77200490
0.91786003,0.96604937
0.51454699,0.38564792
0.83268911,0.81436181
0.63151890,0.62727273
0.47526425,0.46962860
0.88020843,0.94494885
0.68703699,0.77758312
0.62998176,0.64672607
0.67464358,0.74681777
0.87152672,0.90649003
0.72720677,0.69499135
0.75736362,0.55331343
0.38320768,0.52941179
0.16025418,0.12279566
0.54029363,0.20196499
0.73308557,0.66119969
0.89582229,0.80784112
0.77346432,0.62730896
0.90942305,0.92794609
0.84830970,0.84856158
0.43145388,0.30643708
0.46926987,0.55393302
0.87063992,0.93758202
0.37188503,0.32155719
0.84201241,0.81454670
0.93076646,0.89606696
0.44097343,0.36516562
0.94443834,0.93428081
0.31986552,0.23690413
0.87881684,0.84717596
0.85766876,0.91078752
0.81676668,0.90155697
0.89408493,0.91223651
0.14399284,0.26881394
0.71183270,0.84800750
0.46446982,0.42078146
0.93078911,0.92582595
0.63195336,0.61574668
0.85505426,0.91927910
0.88675433,0.95104164
0.76456720,0.85549217
0.67387855,0.62375444
0.90379858,0.93637651
0.89081335,0.89367819
0.91520244,0.98437500
0.62227386,0.53379685
0.79424775,0.80090910
0.52152145,0.51022112
0.93230963,0.90876842
0.72170717,0.91176468
0.85186964,0.95534998
0.92831409,0.93555743
0.82686174,0.86466682
0.95771116,0.95430315
0.87848401,0.93287402
0.56811976,0.78593373
0.67465669,0.69455785
0.87150538,0.91957241
0.89298755,0.94464284
0.91644424,0.93530023
0.91213477,0.90274012
0.69289047,0.45755017
0.65211380,0.56770021
0.43860036,0.36953107
0.83214998,0.85556936
0.67244905,0.62952900
0.88095975,0.92032969
0.71284521,0.78991342
0.87798202,0.79022276
0.91456270,0.93898064
0.53581929,0.61570078
0.69461632,0.61032093
0.80041659,0.80869693
0.53449112,0.52065676
0.91947740,0.88971859
0.64369822,0.76950121
0.57702821,0.74825537
0.91963327,0.92996031
0.88499326,0.85084409
0.90488034,0.92322910
0.77701622,0.86068684
0.69084233,0.82627243
0.88503897,0.87418145
0.29936361,0.38190293
0.63414955,0.70674533
0.62227976,0.45081618
0.12190682,0.19908528
0.89277911,0.93265975
0.18706197,0.13550466
0.88455737,0.82801121
0.87535763,0.82499671
0.82399160,0.82292283
0.88241106,0.61613685
0.56502652,0.41865605
0.74868071,0.85303593
0.81096596,0.72537714
0.89256084,0.90746534
0.65011942,0.65970802
0.78753495,0.79149979
0.52119094,0.51734716
0.74183768,0.70596415
0.79255420,0.86146969
0.42847419,0.59412861
0.87058598,0.90554196
0.64826298,0.31699321
0.76535052,0.79235536
0.83789253,0.96315634
0.88995135,0.95144135
0.56962502,0.69962430
0.92927343,0.93211806
0.84514207,0.79020721
0.29653782,0.13364494
0.88328588,0.89458221
0.77477837,0.70245183
0.83542752,0.88117242
0.77066892,0.81967878
0.43363547,0.45043087
0.89629954,0.92016530
0.59909999,0.74292898
0.82593250,0.86784792
0.51218712,0.48134920
0.22460216,0.38352272
0.92735475,0.90179396
0.52789921,0.62159163
0.61342263,0.82353109
0.79007041,0.74484628
0.64775860,0.46226159
0.91572964,0.94724113
0.73000556,0.64109588
0.53126854,0.63318902
0.73847973,0.87730807
0.71517408,0.54174799
0.34978551,0.26134872
0.33602285,0.39796156
0.93948203,0.96515346
0.86325240,0.84253895
0.87275213,0.89035964
0.78053194,0.68880910
0.79978985,0.80264014
0.85201466,0.94652826
0.50599825,0.40216938
0.58990884,0.32936326
0.89483654,0.88440251
0.85715377,0.91058183
0.87640846,0.95819235
0.84741545,0.80141354
0.85368919,0.81881869
0.29520869,0.33966598
0.83544928,0.83845812
0.56409723,0.72067273
0.82841051,0.71464974
0.91476870,0.94552267
0.76913410,0.82677245
0.88926923,0.89366513
0.33622360,0.44353002
0.83903527,0.86284196
0.86248541,0.90117520
0.70090240,0.67239612
0.44321099,0.45512497
0.35489166,0.41031593
0.85116845,0.85483080
0.13133836,0.12402173
0.90579039,0.87717927
0.80459690,0.76724756
0.73537499,0.74839228
0.92671013,0.95609128
0.86006343,0.87540984
0.92489612,0.89596272
0.89440197,0.78938752
0.87117344,0.86691177
0.78981721,0.85494852
0.51503885,0.39591315
0.88295543,0.92033941
0.89572364,0.88691229
0.57079726,0.17861831
0.82727551,0.77333140
0.74822372,0.77242583
0.80617982,0.90382445
0.92719072,0.96130955
0.76060236,0.90178835
0.92462063,0.86821795
0.41289687,0.51038188
0.49276188,0.52354044
0.66302973,0.39061904
0.83453768,0.78983051
0.92778039,0.90608150
0.83150667,0.86151963
0.35645187,0.16620064
0.87872362,0.81705415
0.32903916,0.14033276
0.84688222,0.94849259
0.86159492,0.93695247
0.90319800,0.90225464
0.59961224,0.68723565
0.69846070,0.70983922
0.91707641,0.93921524
0.93958044,0.97331643
0.85596895,0.94247788
0.93001747,0.94023150
0.88942492,0.89014053
0.61815262,0.58158690
0.93271607,0.95213675
0.90389538,0.96273726
0.56717348,0.29339823
0.94973451,0.94588178
0.52767259,0.35537711
0.89065957,0.90648854
0.91112822,0.92760080
0.69355500,0.61439639
0.61071610,0.61636692
0.85643524,0.82331884
0.92309093,0.95866567
0.90042073,0.87172282
0.34678948,0.44508946
0.67646438,0.71611089
0.65065664,0.74423760
0.75243133,0.72952181
0.48686904,0.41164085
0.84794700,0.82517481
0.89374912,0.94793499
0.79750514,0.72894895
0.80192286,0.77467930
0.72915298,0.75584644
0.76860172,0.86081523
0.85182256,0.79092300
0.84973091,0.95771295
0.32656521,0.23065026
0.60356981,0.40575597
0.92077976,0.91637313
0.91260731,0.85944188
0.87950677,0.82319373
0.91819811,0.87709641
0.71082556,0.85654885
0.87090558,0.81987131
0.58012867,0.75668681
0.83686835,0.96326727
0.87380755,0.90877980
0.82364464,0.78017247
0.80560201,0.89659327
0.87008369,0.45434865
0.86249614,0.93550819
0.44005907,0.33236539
0.64428312,0.67126918
0.88289112,0.86809969
0.83542812,0.76524013
0.92638749,0.95311350
0.71030521,0.70298028
0.65244645,0.63070697
0.56356508,0.38904256
0.73049366,0.67159504
0.88744450,0.89412314
0.55750728,0.78604466
0.91996676,0.89639795
0.87685752,0.90183181
0.76009691,0.77594239
0.43741715,0.66692740
0.83878541,0.92419624
0.44404978,0.43101856
0.77370685,0.73391855
0.95321763,0.93786341
0.86543870,0.92271572
0.87737578,0.86316317
0.64692497,0.74612027
0.85457957,0.84178931
0.87307042,0.94119513
0.84315526,0.89251560
0.76882601,0.08616666
0.88151550,0.94889951
0.80727875,0.85838568
0.81392956,0.78195721
0.62138695,0.50961137
0.86103654,0.91318637
0.40101048,0.58032495
0.86104506,0.72058821
0.82233173,0.87648863
0.71886146,0.89723504
0.87903827,0.97198546
0.46395966,0.53174502
0.64636117,0.74054253
0.86406034,0.89807105
0.87969428,0.87314165
0.66342610,0.49803987
0.84620720,0.91567296
0.71405691,0.70998877
0.84051198,0.79656887
0.77489018,0.76658165
0.92578924,0.92745882
0.85652751,0.94270670
0.90982020,0.88472223
0.63319242,0.91358906
0.87686425,0.94486678
0.83891356,0.89864576
0.86928868,0.91669101
0.80568367,0.86409551
0.85765201,0.93267393
0.65175509,0.75018275
0.71728551,0.74797732
0.91322172,0.87692684
0.44767174,0.45611110
0.82700789,0.88962030
0.76796687,0.73376626
0.85358769,0.87730265
0.74115336,0.65064371
0.23282391,0.24327958
0.88822120,0.90283960
0.84834063,0.89793319
0.93821156,0.90713865
0.89247257,0.86267680
0.66893184,0.83767259
0.69903028,0.75043857
0.40275204,0.29342574
0.60276669,0.37517300
0.38083923,0.27144331
0.55927825,0.53353494
0.91955388,0.93888563
0.49004757,0.53177083
0.58767295,0.55553466
0.82927084,0.83362466
0.88273239,0.80975300
0.67935973,0.73159635
0.52540869,0.41099244
0.86594427,0.85301232
0.42176953,0.22399463
0.86019510,0.84236497
0.89563513,0.83059180
0.78238457,0.70978802
0.82898104,0.90175575
0.80921173,0.88496017
0.90503007,0.88146681
0.87169605,0.92958516
0.82667917,0.92494768
0.88524503,0.89472997
0.84228235,0.79526842
0.60182118,0.55668980
0.43630436,0.60080689
0.88135225,0.89541948
0.89042139,0.90695620
0.52985364,0.64195281
0.93549526,0.89309132
0.89457524,0.92199475
0.46512172,0.46343273
0.53537017,0.48762295
0.48383972,0.37766227
0.84377944,0.84082973
0.75282568,0.82466567
0.66184586,0.78476727
0.66816443,0.57847667
0.76222700,0.86685240
0.49035352,0.48266807
0.92187130,0.92900878
0.92507476,0.94202763
0.59233367,0.53758651
0.86902481,0.95274055
0.84022552,0.81160688
0.67846811,0.54689425
0.63013083,0.43769249
0.88462955,0.95743710
0.38559771,0.26628786
0.92430329,0.71685928
0.87678075,0.92110193
0.92333174,0.89462847
0.81452990,0.94512832
0.53925252,0.53698891
0.82017010,0.89818394
0.70462888,0.66532636
0.83307618,0.80210078
0.28750724,0.13075037
0.92288041,0.95270759
0.91554075,0.86370462
0.37284505,0.49028674
0.88636017,0.86971426
0.45908767,0.28106725
0.70806068,0.62579632
0.52800727,0.70767403
0.47981107,0.49142787
0.88855839,0.87161088
0.73163176,0.81364524
0.88843453,0.82076824
0.85157353,0.76398718
0.83270431,0.70944595
0.66311479,0.81606609
0.74308378,0.77454114
0.45985046,0.51892120
0.39094800,0.33438757
0.89252532,0.87753981
0.94995505,0.93807071
0.74960667,0.81902450
0.86748421,0.83854169
0.81021887,0.73578578
0.21983075,0.24476069
0.65257019,0.53281617
0.81607574,0.92047477
0.85123920,0.82710451
0.83686519,0.90542126
0.36993927,0.51606286
0.82804632,0.73391616
0.88396364,0.93402922
0.29100341,0.65666670
0.91305339,0.89485359
0.61101830,0.31634554
0.76962429,0.93243587
0.59620792,0.64970696
0.87430030,0.90725738
0.80450743,0.71543360
0.37071186,0.75549358
0.94250178,0.93879426
0.80501801,0.80238050
0.76278400,0.59600776
0.74522811,0.65135133
0.82226235,0.74812269
0.91248286,0.94710082
0.77207851,0.95040262
0.48185986,0.41656491
0.73610002,0.83460188
0.55248928,0.65000886
0.63385391,0.59144676
0.36773592,0.40970385
0.89891946,0.91748369
0.87235409,0.89698690
0.24136984,0.38408521
0.87873054,0.82805753
0.86562145,0.79830301
0.91847605,0.90281177
0.79524791,0.87611806
0.93568742,0.87324220
0.86378843,0.88167590
0.90466070,0.97204489
0.93981755,0.93010205
0.91633070,0.95964092
0.87661546,0.73860455
0.40896887,0.49867678
0.71344674,0.50132352
0.66345328,0.69505018
0.71618515,0.84510601
0.88621086,0.95837182
0.90307707,0.92829204
0.80266094,0.83752120
0.94195217,0.98404253
0.87631083,0.90488315
0.89758015,0.95265329
0.90294093,0.89866310
0.27760696,0.48596954
0.47933063,0.47469667
0.76974696,0.64932239
0.79373330,0.91496086
0.82632232,0.90919358
0.86633092,0.93144357
0.86551809,0.94767022
0.62143958,0.59418839
0.79793000,0.81429839
0.88334960,0.87630820
0.86207509,0.86969548
0.86379170,0.90734369
0.26785964,0.23983876
0.93794078,0.95225853
0.76181251,0.74336976
0.42866451,0.20974027
0.88555306,0.85911715
0.91330856,0.92190522
0.62977010,0.63594991
0.90385473,0.87459141
0.93088049,0.91888404
0.90563911,0.87656248
0.81283104,0.72008377
0.88649690,0.91064250
0.86174238,0.91873574
0.80578625,0.88412184
0.92627716,0.96045852
0.55923325,0.59251827
0.94531679,0.98125660
0.74516088,0.71476805
0.94423896,0.91274738
0.93026692,0.93771875
0.86239100,0.90582424
0.76262206,0.86909419
0.33913794,0.66639233
0.48870653,0.56607145
0.89148295,0.86414915
0.67938191,0.73283887
0.82931048,0.72567838
0.87108743,0.80612981
0.84980077,0.76363367
0.84717947,0.92203224
0.51652586,0.30417153
0.18502682,0.24640717
0.86615103,0.94013160
0.52989876,0.61984944
0.78219885,0.85978144
0.87540531,0.75075912
0.78218544,0.77610731
0.88032192,0.94225049
0.35904089,0.43986452
0.59286952,0.64820087
0.67627275,0.65961528
0.82018214,0.82529610
0.08307141,0.13065517
0.35500544,0.27115142
0.89430797,0.85416496
0.87636161,0.90534735
0.92898202,0.94278848
0.71224725,0.72029686
0.85692489,0.92424244
0.78641188,0.91895717
0.72993392,0.66417360
0.32107097,0.32791984
0.89865893,0.90549296
0.84698522,0.95789301
0.89363605,0.89080381
0.71913546,0.77852327
0.92589802,0.99382716
0.89337122,0.88186079
0.51533663,0.88710868
0.93812007,0.92620957
0.76861256,0.68692023
0.90003324,0.89170754
0.82731193,0.75865537
0.88470203,0.88659948
0.85313797,0.90233785
0.70986342,0.59161586
0.84820223,0.84202844
0.33990330,0.40008104
0.37089783,0.19608384
0.25248557,0.38803819
0.85511714,0.83664083
0.93647790,0.93995357
0.13696629,0.17202541
0.86737502,0.94480026
0.73863608,0.91060805
0.93189108,0.95128202
0.84159595,0.72880971
0.70867914,0.64410317
0.50165045,0.59747022
0.88384426,0.89400923
0.93286109,0.96926028
0.30123174,0.28936982
0.88314128,0.90047210
0.81380701,0.88663781
0.72876716,0.65250051
0.60187685,0.68346667
0.73701608,0.69276422
0.86895156,0.90303099
0.83553290,0.76921195
0.39232063,0.57899725
0.94973946,0.97542685
0.91928399,0.94569963
0.92307985,0.87832510
0.87301081,0.77567565
0.85193849,0.85220218
0.88666284,0.93093783
0.39100277,0.53888887
0.67394125,0.67654282
0.25186318,0.30169028
0.70610684,0.73221946
0.87777162,0.88268322
0.63747668,0.53039193
0.90154868,0.82138282
0.92825973,0.95707542
0.82403225,0.80100870
0.58208477,0.16196567
0.47097784,0.46990740
0.65163368,0.93861771
0.33839089,0.36217457
0.84117115,0.80709219
0.82856846,0.86199093
0.86574769,0.90178287
0.79023677,0.80542874
0.85264421,0.80751878
0.92444777,0.80104631
0.85944200,0.88718373
0.77356452,0.69739503
0.91790211,0.97984850
0.54112160,0.36426768
0.86275393,0.88705528
0.67250276,0.36864805
0.76247573,0.66977620
0.86688733,0.88403136
0.75068855,0.76571822
0.39615840,0.37886363
0.62264895,0.65493828
0.51320291,0.43489569
0.80882585,0.73532635
0.82449061,0.81124872
0.87813449,0.99519229
0.84253150,0.84344262
0.80973631,0.78308499
0.85910422,0.86333960
0.88765067,0.90753543
0.75332689,0.72476077
0.77598268,0.92074680
0.59910089,0.35370290
0.93688202,0.95396715
0.84801787,0.87761462
0.77601248,0.81144160
0.94578111,0.95044720
0.91632092,0.93787879
0.89175075,0.85638297
0.79722339,0.85987854
0.86200082,0.82632869
0.87333882,0.89242089
0.83135825,0.82250887
0.85639733,0.81279546
0.85187358,0.94034493
0.79728693,0.77992052
0.80896616,0.76553100
0.72372776,0.68906206
0.79608601,0.82355517
0.37377283,0.35938177
0.87133169,0.87345409
0.88364476,0.88898343
0.88473600,0.89636159
0.92644554,0.92429376
0.75075388,0.67505187
0.42210591,0.44651172
0.80836660,0.88253027
0.94102180,0.97088867
0.85645688,0.86081493
0.90605968,0.93382460
0.48221385,0.54484087
0.58085704,0.75259417
0.74607885,0.80454546
0.86468488,0.84909785
0.91116774,0.95265228
0.85883063,0.92188805
0.79831374,0.46306127
0.92356861,0.91840661
0.67432654,0.68427199
0.95582736,0.94943053
0.87259513,0.92813319
0.41794157,0.37271520
0.76080757,0.75953388
0.93813211,0.89450550
0.81980896,0.85920537
0.70772481,0.73107523
0.82232380,0.83104122
0.92143023,0.91353768
0.91860020,0.97617865
0.87825876,0.89562041
0.22139853,0.41411451
0.91515398,0.91535169
0.84856433,0.87848437
0.69379973,0.77436620
0.75096965,0.89726198
0.88040072,0.91848284
0.42624104,0.40602154
0.88949186,0.95445096
0.88686460,0.78282315
0.70365316,0.79333568
0.70994604,0.73695797
0.71717298,0.74194068
0.84074634,0.88089836
0.73613459,0.70376295
0.82698721,0.79222780
0.38232905,0.53284085
0.69507766,0.69232672
0.83898908,0.87362635
0.89621365,0.93315899
0.88433778,0.89847904
0.93548131,0.95048326
0.85745448,0.82544190
0.69800246,0.45111784
0.81403643,0.76526254
0.76344347,0.66666669
0.92193675,0.97847730
0.86341316,0.94832075
0.80628520,0.86359763
0.85906136,0.93086141
0.87121689,0.87737757
0.88645995,0.73550689
0.73555529,0.51974297
0.92993736,0.90886420
0.88870633,0.38720176
0.91439492,0.91401410
0.49564415,0.48355031
0.77252722,0.62408209
0.45899481,0.48662463
0.91122121,0.86647338
0.86197561,0.95473486
0.68528521,0.71931773
0.91766649,0.95317155
0.49414003,0.61325783
0.49223465,0.48577949
0.78668946,0.71954024
0.93084157,0.93052202
0.74174213,0.66256094
0.91405177,0.88869721
0.80855519,0.87507844
0.86264670,0.81792372
0.85791475,0.86819649
0.86519957,0.86218625
0.85850525,0.88602632
0.93317354,0.91711634
0.56315196,0.63773948
0.92785972,0.89752495
0.93001640,0.93743151
0.57789087,0.49827948
0.80345380,0.88587773
0.80229652,0.77601486
0.82023388,0.85811526
0.82887864,0.85945159
0.86560225,0.70968443
0.41810346,0.61327791
0.88199806,0.92292207
0.84781718,0.82941765
0.77151734,0.66451561
0.82507145,0.92823392
0.79141527,0.71632773
0.89808726,0.94417560
0.76901162,0.68505210
0.92043459,0.91002417
0.90112442,0.91359538
0.74974835,0.85673094
0.65490025,0.70807981
0.76916438,0.76070392
0.19185525,0.13729459
0.78719348,0.68835652
0.69446456,0.72137666
0.80978417,0.82629925
0.90596294,0.86523712
0.60919547,0.59538245
0.12386662,0.15473181
0.87929785,0.73120302
0.68972290,0.72034764
0.72890419,0.81581563
0.65148485,0.49250498
0.92372686,0.92217743
0.70917970,0.81998229
0.85599357,0.74506533
0.77092010,0.66413325
0.42392242,0.50783974
0.90459192,0.94408256
0.45058730,0.37030447
0.64438921,0.87927926
0.55146015,0.53091592
0.90402204,0.95057774
0.82230675,0.80528605
0.40674457,0.37589082
0.87142122,0.83684266
0.93575573,0.97540987
0.39485532,0.62377995
0.66404533,0.48037428
0.42847994,0.46269619
0.89406234,0.93457288
0.87650871,0.80866539
0.85155398,0.89903843
0.82394660,0.84958625
0.71177328,0.61506706
0.90756345,0.76880431
0.83005017,0.90974027
0.75876081,0.79691225
0.61420608,0.87143034
0.84072226,0.76363635
0.49905849,0.40563783
0.86231035,0.74708658
0.84371966,0.97692186
0.40028378,0.42828083
0.87354505,0.92113245
0.84132606,0.83368820
0.88537025,0.85752261
0.82454711,0.89205337
0.61439335,0.55848861
0.89049011,0.92058164
0.90839338,0.86682916
0.86495012,0.86542338
0.66110635,0.34309050
0.08218384,0.10223510
0.87604028,0.85050559
0.86288488,0.79062480
0.90764272,0.92328155
0.93041497,0.97340423
0.50225145,0.40775433
0.85795528,0.75948274
0.85853904,0.78137255
0.84515983,0.88627803
0.82440656,0.81695038
0.75036132,0.75612265
0.24253482,0.15788215
0.80103910,0.92603093
0.87085646,0.62210047
0.45815983,0.33476782
0.83938992,0.83544338
0.88141245,0.88758588
0.88450074,0.78805077
0.48844129,0.49801278
0.60785598,0.60709095
0.77892697,0.84692925
0.84434563,0.72917205
0.85398698,0.90947235
0.88724542,0.91117525
0.93367779,0.93593907
0.44514295,0.60444576
0.68419117,0.73260748
0.75096315,0.66800827
0.88962358,0.90116984
0.60341763,0.66688097
0.87888110,0.94407284
0.64425367,0.83050269
0.92864239,0.96413970
0.38210732,0.30929348
0.86974776,0.93405366
0.71077287,0.84988165
0.82338083,0.85200143
0.17495650,0.11235981
0.77570432,0.70359343
0.83832115,0.69242609
0.83097118,0.85500002
0.72787380,0.71504486
0.55069268,0.56811988
0.71749759,0.84428191
0.74044842,0.45439693
0.78668565,0.62743056
0.25480443,0.29696268
0.88588452,0.85932982
0.77050358,0.85385585
0.57634383,0.52152991
0.43514398,0.50629544
0.90379834,0.92316020
0.89857936,0.88298571
0.87072283,0.92222607
0.87102753,0.85558599
0.74764228,0.43593705
0.89580667,0.99253732
0.24699503,0.19189817
0.74426460,0.55577368
0.90213752,0.92915082
0.21895748,0.17149614
0.92824483,0.90909094
0.40025336,0.48133001
0.28484190,0.26531985
0.30747432,0.34279943
0.77009982,0.94318181
0.18583208,0.16805555
0.92928797,0.92390758
0.92054772,0.90907645
0.85937339,0.90473849
0.80527252,0.60401648
0.93631864,0.94725490
0.58735394,0.51886147
0.88246620,0.90454543
0.88248444,0.89266211
0.70952451,0.63306081
0.82441682,0.80605441
0.56114733,0.49109986
0.91178811,0.93343937
0.83923161,0.82869685
0.84227473,0.76971161
0.75354487,0.75072098
0.64902836,0.59973037
0.87881100,0.93272662
0.15686792,0.16096221
0.67931783,0.83236551
0.18452305,0.14895315
0.82110262,0.74707866
0.42959827,0.32226485
0.45184791,0.56694961
0.88078851,0.89686990
0.92077029,0.94380414
0.69159126,0.72198862
0.27732742,0.33630988
0.80585355,0.79918033
0.56128228,0.80353743
0.82204092,0.77578127
0.86905539,0.85983205
0.57983643,0.79289818
0.91599095,0.17597333
0.20342571,0.27355328
0.78099102,0.70210099
0.85082668,0.90981239
0.87565410,0.80974191
0.89259034,0.94101930
0.81476229,0.74400544
0.59653628,0.47822964
0.85653937,0.88957387
0.86147821,0.91254580
0.72218114,0.81035084
0.91709554,0.91257709
0.40612814,0.41389197
0.79622346,0.85481483
0.65805787,0.49117348
0.89473808,0.91156292
0.52828926,0.41237518
0.87423891,0.73316973
0.88182342,0.90417427
0.86900210,0.84203482
0.84986734,0.87100881
0.66873294,0.64989978
0.82232642,0.66030031
0.80308688,0.84235799
0.43849459,0.53175914
0.42780501,0.42613587
0.76069593,0.74045897
0.80904841,0.92179739
0.83163321,0.83363283
0.72413558,0.74972790
0.89662862,0.93267393
0.94228756,0.90011698
0.88039172,0.80131948
0.57964098,0.68642855
0.75532341,0.81843573
0.73737186,0.70556027
0.68186408,0.86710781
0.59777039,0.88317168
0.91098702,0.53268218
0.75000602,0.71708071
0.50561965,0.49782473
0.76767081,0.63613039
0.88578689,0.95715326
0.91039902,0.94849253
0.42415589,0.43774909
0.92282122,0.80915117
0.85864007,0.92648935
0.91233134,0.90317327
0.88583285,0.88832200
0.92941189,0.94523060
0.87467384,0.90917122
0.56446373,0.51725292
0.88583696,0.93333334
0.93477482,0.95148885
0.33198005,0.49638805
0.74861342,0.88987964
0.54366851,0.52429187
0.75722581,0.76684982
0.91319764,0.92035741
0.64869595,0.60529757
0.57962221,0.59092259
0.63424790,0.57391024
0.85742337,0.77398944
0.84949023,0.80154157
0.84623158,0.90063465
0.92146444,0.94029009
0.86223865,0.82723516
0.32416594,0.32289064
0.61939180,0.58769631
0.56362462,0.56708324
0.86343038,0.88732040
0.87448865,0.83375001
0.83386755,0.83192021
0.86728233,0.87247783
0.62515962,0.75191194
0.47584522,0.54102367
0.65253234,0.58003098
0.44747108,0.43387705
0.90326071,0.89318383
0.87158895,0.97521418
0.86654311,0.92824352
0.83908600,0.85440701
0.45989227,0.24134728
0.59112656,0.46230251
0.82363087,0.95507568
0.91005385,0.90797651
0.88690710,0.87545484
0.71580291,0.55882353
0.17535478,0.41450471
0.90085584,0.94064313
0.72238886,0.79514021
0.73996639,0.62104017
0.72567344,0.74635702
0.67821258,0.74321967
0.68586439,0.64693373
0.55264187,0.64818114
0.72978753,0.81084216
0.86098415,0.94846493
0.87687403,0.85275441
0.24443156,0.16919251
0.81156033,0.73777807
0.63754821,0.60520834
0.85848069,0.72881877
0.27030677,0.13987172
0.84502399,0.74972749
0.59111971,0.57779288
0.89033437,0.91396326
0.37096748,0.49417111
0.91895449,0.90073121
0.66655165,0.68355483
0.30003014,0.45858580
0.49185079,0.59835202
0.50736755,0.60581255
0.55190551,0.27689710
0.79537886,0.88675213
0.83275735,0.89387077
0.88718247,0.86072850
0.87318373,0.90895396
0.25450939,0.12685186
0.93740386,0.94719952
0.85392255,0.80947930
0.77109784,0.87093079
0.75121242,0.53754151
0.69467950,0.48074982
0.84367096,0.70175231
0.67477256,0.80138272
0.40720415,0.18914123
0.84139073,0.89991969
0.87761009,0.90664697
0.92328149,0.92192310
0.82302368,0.70954633
0.65892816,0.64516598
0.87409049,0.93934959
0.76953340,0.68070573
0.85466415,0.78901410
0.30235451,0.25915682
0.90834796,0.93755049
0.67651331,0.78349674
0.48092270,0.30113637
0.80091572,0.79827219
0.69074917,0.70221823
0.88455677,0.96412265
0.37791359,0.30938494
0.25875765,0.24587674
0.85209465,0.91239721
0.57141888,0.43103448
0.80590558,0.65319914
0.87318504,0.91233766
0.55138910,0.55924815
0.71993124,0.89297050
0.91578996,0.92712766
0.72302359,0.65528846
0.89542735,0.91641706
0.81553143,0.91049892
0.81994295,0.72620887
0.83064079,0.92000842
0.91608095,0.90261990
0.88864708,0.94229674
0.71557808,0.74520206
0.68645519,0.70211607
0.89078784,0.98922598
0.79377371,0.69567865
0.80677903,0.91332501
0.91631395,0.97619045
0.88071793,0.91140813
0.90982568,0.97933853
0.87188709,0.92179483
0.85158813,0.83434474
0.44528440,0.43875387
0.25992376,0.12598751
0.88632113,0.80515140
0.91677713,0.78235292
0.91341686,0.89587718
0.91374803,0.92665416
0.69256711,0.64506000
0.73758352,0.73887980
0.91114193,0.92082554
0.83642673,0.89070284
0.90726972,0.66290534
0.86556512,0.94156039
0.54940379,0.53559911
0.73706353,0.70679015
0.85056108,0.87731093
0.88794839,0.91074419
0.42849332,0.52660644
0.76490372,0.69846857
0.95082986,0.92421627
0.86395651,0.86835557
0.52023244,0.50482512
0.82229644,0.82318991
0.45925698,0.30889091
0.62420672,0.55752653
0.34618422,0.31595987
0.62834060,0.83333331
0.38199663,0.33849600
0.81542987,0.79298246
0.84803462,0.71165258
0.51543337,0.31763548
0.51032972,0.39099726
0.74816179,0.73548859
0.21385002,0.34459993
0.86261469,0.88075078
0.77474362,0.85386860
0.84043747,0.84730196
0.86929625,0.84439600
0.71622777,0.89345825
0.81392860,0.78287286
0.82894212,0.90166646
0.51486188,0.49553746
0.88704002,0.90880620
0.86440247,0.84768492
0.83314550,0.83387977
0.86376190,0.75215387
0.85093981,0.76766616
0.68188030,0.53104299
0.75036263,0.81340581
0.79647458,0.75326777
0.67804039,0.51244235
0.22045034,0.34693033
0.87308013,0.79598188
0.89517236,0.90986842
0.57763058,0.45630932
0.89403218,0.89654469
0.59147835,0.68593282
0.55932403,0.60692453
0.82627809,0.84840775
0.48953146,0.35541871
0.73919022,0.63192332
0.75262529,0.77879041
0.31435287,0.39656276
0.91041398,0.94523376
0.62184387,0.63374132
0.89121389,0.98275864
0.78026676,0.85287970
0.31333342,0.18073878
0.60813981,0.67013109
0.86227810,0.95277780
0.82561624,0.70886618
0.86433363,0.94090909
0.20789236,0.37231132
0.77210671,0.79828602
0.81838500,0.78862488
0.15616548,0.14017177
0.84810066,0.86554027
0.92889971,0.95667285
0.81857735,0.84633219
0.91479725,0.96923077
0.83898574,0.89775115
0.78356904,0.64714241
0.83098853,0.83513546
0.57085800,0.72588235
0.81323093,0.84754902
0.50211525,0.71759260
0.65973091,0.70015180
0.83010828,0.75465667
0.35715508,0.41527238
0.84766054,0.85904509
0.85056949,0.74544257
0.78270346,0.70368671
0.87562543,0.96376812
0.92505294,0.99275362
0.84324872,0.82435900
0.37226605,0.59803253
0.86705041,0.82986039
0.49552315,0.63351828
0.85695994,0.81027752
0.87028313,0.95262128
0.50234973,0.80894148
0.87221342,0.85415053
0.57915199,0.22454269
0.80812687,0.83595204
0.77325046,0.70385230
0.82202297,0.85160822
0.18463945,0.13069455
0.93252850,0.95625663
0.45590425,0.44530153
0.69169199,0.84039712
0.30611423,0.43346915
0.77584505,0.89800197
0.92465305,0.90875059
0.82986605,0.82030994
0.83741695,0.79763937
0.33949995,0.24452288
0.73618698,0.83806610
0.71762896,0.65213674
0.70020670,0.57287008
0.88104963,0.92304611
0.84817588,0.94978607
0.54372776,0.64651471
0.89010048,0.86218202
0.90308380,0.91463667
0.76938051,0.84729153
0.66252029,0.75903976
0.33351362,0.45269471
0.88958007,0.92181176
0.95937532,0.95691174
0.85422450,0.79957718
0.84469330,0.87323833
0.88118529,0.62049538
0.80068195,0.83840066
0.93793756,0.94470590
0.87117326,0.63815278
0.87418789,0.81925821
0.81398576,0.76926482
0.88671660,0.93142217
0.63331813,0.64008701
0.84707153,0.83216071
0.87240583,0.93350875
0.84329951,0.83468765
0.89807439,0.91225690
0.90240711,0.79963523
0.90803695,0.94897085
0.51429307,0.75115359
0.71385789,0.66969699
0.91374385,0.94510549
0.49887788,0.46856546
0.63020903,0.56722486
0.78379893,0.79981911
0.78177303,0.91211033
0.83834296,0.90170288
0.90676945,0.96798378
0.79606533,0.67013174
0.90087074,0.88219142
0.88676059,0.91038436
0.82264340,0.79298246
0.90873647,0.86638868
0.16525304,0.12465912
0.64546216,0.90974259
0.48319036,0.39943701
0.52957273,0.46200973
0.63489175,0.82783753
0.77334887,0.82958025
0.94263220,0.94356018
0.36052912,0.33618388
0.79985732,0.73583418
0.52400994,0.55495280
0.64595890,0.50611144
0.72742254,0.84291822
0.91444397,0.88362384
0.51197863,0.53967869
0.22686505,0.29709384
0.71807766,0.68652040
0.83753723,0.87947094
0.75913507,0.68962061
0.65919799,0.60175437
0.65129280,0.59613425
0.64162016,0.54225522
0.82989150,0.88332212
0.87569886,0.87752408
0.88628054,0.89441079
0.11824983,0.06378902
0.75752074,0.90164453
0.28946638,0.46296296
0.66876996,0.67128801
0.65384173,0.57127637
0.80708086,0.79508626
0.85815895,0.93096691
0.90331513,0.91537356
0.90547490,0.95516568
0.80812114,0.74644977
0.92315006,0.96847826
0.60548145,0.55499166
0.68135250,0.75261503
0.58333439,0.42450452
0.88149107,0.89535546
0.94823968,0.90532106
0.87903893,0.81703997
0.81983560,0.85103798
0.84755903,0.90310782
0.92998213,0.97872341
0.85858035,0.96459067
0.77499408,0.76291794
0.84099394,0.74279559
0.90264839,0.89090663
0.59809768,0.53643906
0.86826736,0.84706134
0.66320354,0.53568822
0.90259576,0.89027262
0.90890384,0.87522280
0.79282647,0.68735337
0.94555175,0.90734500
0.68697417,0.59587657
0.77174926,0.49330035
0.78842080,0.60518789
0.91487908,0.87993860
0.85718590,0.88662660
0.63899702,0.59807694
0.86603415,0.85897189
0.78603452,0.78093833
0.17006344,0.22644928
0.88842136,0.84770489
0.42011014,0.81561995
0.54538059,0.42962953
0.85329670,0.94712073
0.86801058,0.77471656
0.79587775,0.76811635
0.44374382,0.48900464
0.89148349,0.75165170
0.84067440,0.88255924
0.84921902,0.90447593
0.81136429,0.82797444
0.34875184,0.30609041
0.60999209,0.59229332
0.68495470,0.74305391
0.87099475,0.82886869
0.92112941,0.94409192
0.77465612,0.78591627
0.72113007,0.71623808
0.59036899,0.47535211
0.91571486,0.94798648
0.50149256,0.36237374
0.83139813,0.83224422
0.88774711,0.83307701
0.44795698,0.65434241
0.47006088,0.55239666
0.92452407,0.93473929
0.89648890,0.93723059
0.90925556,0.93569988
0.90511656,0.87917340
0.85897243,0.88735884
0.87305677,0.88899755
0.60998571,0.74898958
0.56249303,0.68114477
0.84943438,0.58571428
0.50630999,0.48970768
0.90369821,0.86167032
0.39744192,0.29080674
0.87249410,0.93277830
0.78313637,0.81553400
0.81255102,0.77173913
0.79703808,0.73167789
0.75464666,0.81875646
0.94762230,0.94533569
0.53898072,0.52331150
0.75969362,0.82278323
0.86567938,0.89532495
0.93016034,0.93501192
0.82816458,0.94000000
0.87880123,0.93757176
0.31149346,0.28643617
0.41560981,0.38437003
0.82261741,0.86175376
0.62910217,0.66428620
0.32828104,0.42257217
0.48676208,0.65077490
0.85901558,0.91923076
0.65431619,0.67142022
0.59689820,0.48139769
0.87019897,0.85357428
0.41388839,0.56810105
0.88767886,0.87248802
0.83703357,0.95862800
0.81869370,0.82238585
0.73975676,0.62078261
0.88822544,0.80750889
0.87614006,0.83243144
0.90369022,0.85847986
0.94403791,0.91971737
0.61935461,0.69436836
0.87043017,0.75966048
0.47638136,0.41319931
0.87802833,0.88292122
0.81555754,0.74175900
0.82634568,0.85444778
0.66271245,0.65708536
0.88919437,0.91202533
0.74946487,0.79289150
0.26927218,0.11148074
0.59008694,0.49401122
0.74987537,0.76232862
0.89999306,0.92849016
0.20616049,0.19169508
0.24283856,0.14660482
0.79333341,0.88060230
0.65339786,0.71151268
0.42635477,0.26976076
0.85616761,0.87049526
0.69871175,0.64069766
0.55545592,0.70906752
0.26058710,0.20999916
0.85506254,0.90540540
0.43820798,0.58448458
0.56522381,0.59448087
0.90790325,0.73690474
0.53455067,0.68911612
0.82743144,0.86158252
0.65445238,0.79910553
0.85942125,0.88239187
0.80709946,0.90231508
0.64210242,0.49682686
0.43173105,0.33763418
0.85059488,0.95539623
0.78273970,0.42209944
0.76662362,0.84276849
0.80434585,0.83121246
0.24334669,0.33246276
0.85349363,0.87292683
0.85434103,0.81089091
0.89472967,0.82630205
0.84769225,0.78991252
0.88594115,0.86705172
0.69440895,0.61377645
0.36635339,0.34832197
0.91229159,0.91766828
0.62030095,0.32575008
0.50959772,0.60423815
0.78050977,0.88158941
0.83894682,0.90737563
0.75606376,0.83232540
0.71902364,0.83195084
0.81907880,0.73680902
0.83506012,0.98660505
0.34892121,0.62205803
0.54478300,0.69734889
0.86317730,0.88779718
0.84371054,0.91158903
0.81737459,0.74469572
0.92438775,0.94096643
0.71034449,0.72543061
0.77857131,0.79676998
0.90053475,0.95966935
0.81397367,0.87531143
0.55222386,0.58723468
0.50834358,0.42238268
0.84130448,0.81438857
0.57630396,0.61333448
0.68747860,0.45584652
0.64167857,0.72169811
0.90351653,0.82912940
0.90141463,0.90630299
0.86863559,0.85919821
0.90040457,0.89294875
0.36973816,0.35851455
0.57340795,0.50331545
0.91968644,0.76369637
0.57763946,0.51747334
0.93099785,0.96570659
0.38111421,0.37821880
0.91357625,0.94701755
0.48012412,0.36748573
0.68106413,0.48774403
0.91039461,0.91049600
0.88157654,0.88741851
0.90482640,0.98275864
0.94018686,0.98849702
0.95482016,0.90976351
0.31006849,0.24929525
0.57370055,0.50047541
0.90540493,0.89817476
0.89983058,0.85895091
0.87680364,0.82343489
0.17550194,0.09733385
0.66125321,0.56538570
0.76960444,0.69834185
0.80337173,0.88496679
0.48731101,0.64710796
0.92612153,0.93648565
0.79468381,0.71581823
0.85730618,0.78080195
0.36100906,0.42770770
0.88307893,0.91392887
0.92569315,0.90552974
0.88093519,0.91573662
0.60635328,0.68036401
0.87100267,0.89907104
0.64112175,0.44020849
0.65028977,0.65571481
0.84677905,0.94130152
0.80771875,0.80382884
0.72841799,0.71913344
0.14904660,0.16865297
0.60740089,0.14304200
0.25117117,0.21486166
0.32153738,0.31148237
0.87843066,0.91949451
0.92344296,0.96001065
0.88591230,0.95454544
0.82598937,0.66906595
0.89368123,0.85357368
0.56700748,0.67364585
0.81698549,0.79618436
0.72835350,0.84451681
0.45705852,0.44881848
0.88516009,0.85982561
0.84206796,0.79611725
0.25225693,0.24394307
0.66200328,0.81831789
0.46818972,0.41585678
0.87540483,0.87915879
0.49424708,0.40451533
0.73435092,0.72263235
0.84989333,0.94221395
0.76654673,0.75266081
0.87116635,0.91873604
0.65986252,0.74833596
0.83067107,0.85856056
0.72560990,0.81048852
0.85893774,0.89603448
0.17382556,0.26633644
0.86799550,0.81332099
0.71974683,0.70573384
0.94704860,0.97651005
0.87204766,0.91983503
0.93783927,0.91829187
0.36866689,0.35841557
0.93278277,0.91055554
0.61945176,0.74782741
0.95225394,0.94044352
0.92466831,0.96733141
0.87104225,0.92955494
0.81004417,0.83844447
0.70317388,0.58614844
0.86999482,0.88006818
0.88983876,0.92288601
0.39241022,0.26272455
0.88575941,0.83190924
0.62622058,0.72027773
0.78105718,0.93526757
0.81293374,0.68704498
0.25309300,0.15570776
0.78668624,0.65136182
0.88451993,0.92125106
0.72449875,0.79162019
0.82959163,0.85636902
0.87937450,0.88357931
0.67853206,0.88174993
0.78705561,0.79741377
0.56231457,0.64639425
0.65196335,0.53909063
0.52257150,0.62573582
0.83433610,0.87221742
0.73301578,0.79562014
0.67761379,0.78673470
0.83738297,0.82393950
0.43420154,0.43288681
0.46375370,0.25553018
0.83653212,0.87876654
0.89454556,0.76957691
0.86453074,0.74898672
0.67905509,0.41086957
0.35321945,0.34485158
0.38860124,0.53546131
0.84301317,0.96666664
0.93390793,0.95023924
0.84391403,0.87311041
0.90102315,0.91178250
0.71882939,0.83515948
0.70054781,0.58434588
0.93354160,0.89346659
0.93129265,0.98982012
0.89051652,0.87994564
0.84120268,0.76127243
0.86503285,0.85837102
0.92832381,0.91895425
0.26932350,0.24012481
0.79793996,0.84508663
0.88910669,0.87620687
0.63357943,0.54030800
0.80941790,0.76951873
0.92560220,0.97838503
0.90520883,0.80167454
0.66077793,0.57442808
0.78476816,0.77140731
0.86747098,0.81005025
0.77510959,0.85648358
0.89162147,0.86341697
0.85156566,0.77339107
0.88364279,0.87987375
0.17146671,0.11469042
0.87518871,0.88720489
0.94314843,0.93778312
0.72047693,0.69335526
0.92766172,0.93119937
0.86683834,0.89935899
0.88339263,0.88697916
0.77266276,0.75230956
0.83097494,0.73787737
0.92513061,0.95592654
0.69325197,0.60129112
0.91439205,0.97611338
0.90979528,0.90174145
0.86519849,0.89140624
0.36989033,0.66635603
0.74986875,0.80292118
0.77906710,0.74788964
0.93554246,0.85470283
0.48019457,0.35770595
0.70321405,0.59154373
0.80231631,0.82882243
0.84870952,0.90482342
0.78714556,0.59700030
0.87794971,0.89153439
0.90559649,0.97311831
0.64532614,0.53575748
0.23038417,0.15808170
0.81235403,0.71256495
0.82444513,0.87203765
0.74340248,0.49895087
0.77225351,0.56250000
0.56608313,0.52228165
0.64065331,0.83328664
0.77801770,0.80661660
0.91745830,0.93434107
0.59237421,0.64884073
0.69664133,0.75838923
0.07164276,0.04953431
0.87664896,0.85798162
0.76885605,0.80806857
0.90663326,0.93983078
0.46170297,0.50126493
0.91054159,0.88039112
0.87145376,0.94798410
0.78442103,0.87687516
0.58630526,0.58634460
0.85274094,0.91057914
0.50508887,0.48184818
0.48430771,0.33665380
0.82709748,0.85242832
0.90441418,0.90735292
0.48208523,0.40943256
0.38328493,0.44473892
0.83665484,0.81955886
0.82660538,0.83082032
0.91973698,0.91540599
0.32450336,0.37155995
0.25243825,0.13041443
0.71913898,0.67618191
0.86270034,0.93599880
0.91448379,0.85991228
0.92698634,0.94861281
0.84358919,0.77751720
0.79858804,0.61105484
0.88187593,0.89774948
0.79476905,0.34511524
0.90024137,0.87132150
0.92624962,0.94743907
0.53919804,0.61226863
0.79049301,0.80778700
0.93409061,0.93322879
0.93635154,0.97222221
0.44995683,0.42358845
0.89887613,0.92842150
0.80787742,0.87963533
0.90206671,0.93257427
0.86519265,0.84153783
0.90375519,0.93129760
0.71449882,0.68185139
0.86907279,0.94208270
0.74022025,0.69028759
0.89914507,0.85408163
0.57064414,0.73607951
0.87395561,0.88519126
0.50221306,0.50528187
0.82319748,0.84792101
0.86563402,0.75366879
0.70373917,0.50658047
0.71321017,0.64404887
0.89936495,0.89263630
0.48905170,0.49252614
0.70105004,0.65751696
0.83128583,0.58521760
0.76517260,0.70898658
0.93729043,0.94868690
0.70568925,0.79000568
0.78816068,0.87812442
0.87872255,0.90679687
0.85284483,0.93229169
0.40969014,0.40523237
0.87442631,0.86327744
0.86487335,0.69556737
0.79625928,0.80346686
0.50037742,0.67167324
0.89543146,0.82744044
0.72543037,0.75187397
0.38052690,0.57973754
0.90556586,0.96288943
0.85221088,0.96245849
0.91979456,0.97161305
0.88099712,0.92712247
0.81486362,0.83955443
0.46028098,0.59445947
0.70360506,0.79835540
0.82677788,0.85104710
0.90567720,0.85698450
0.72565389,0.75783801
0.69871897,0.68147451
0.83368546,0.68763447
0.85805029,0.86583000
0.88143861,0.83552742
0.92020679,0.92595226
0.73439294,0.80328435
0.77123803,0.76440734
0.69408673,0.48274773
0.81969959,0.85425282
0.34257105,0.35217968
0.86655593,0.95604396
0.68387747,0.57052928
0.88230932,0.65849674
0.92736107,0.97115386
0.65367186,0.51422232
0.88060111,0.94842172
0.87086511,0.86075163
0.89545149,0.97244149
0.90860319,0.88086736
0.06477284,0.04580267
0.72365350,0.71991873
0.82578754,0.90789473
0.92886460,0.83249384
0.88579345,0.88196427
0.89267528,0.86628664
0.86883485,0.91282797
0.88364303,0.91710097
0.83049887,0.81452864
0.78747946,0.67801344
0.79230654,0.47775811
0.83984417,0.80510753
0.54332644,0.67446810
0.86113435,0.84147245
0.91033459,0.93378329
0.88824815,0.84296876
0.82387304,0.73563290
0.46196675,0.43004099
0.11083454,0.11223690
0.65447295,0.57947791
0.92951143,0.94054466
0.91875207,0.93813747
0.93770766,0.86860120
0.64564437,0.62798101
0.92577958,0.95646960
0.56352228,0.47371379
0.78161168,0.94417387
0.92397296,0.96932012
0.74621272,0.56598759
0.78950167,0.80576950
0.38463330,0.33701411
0.82160646,0.69234240
0.89331913,0.84282053
0.35572144,0.26069599
0.50249952,0.73901176
0.83879930,0.93899584
0.74893087,0.60856491
0.16781694,0.14977884
0.85676318,0.89643747
0.87872469,0.84919506
0.83619851,0.78197366
0.80087358,0.84337187
0.68564868,0.62717295
0.52443528,0.77907377
0.86265510,0.85116220
0.56300300,0.62323946
0.60818517,0.65485609
0.92628318,0.97540987
0.88286889,0.86293226
0.66869593,0.81600612
0.46407926,0.47790524
0.94019186,0.95002931
0.93845516,0.94913703
0.59020168,0.58176565
0.87980109,0.90195483
0.63210666,0.50837183
0.44869509,0.54774100
0.53007615,0.57565135
0.74720114,0.80611110
0.53176820,0.39445871
0.85518223,0.96013117
0.17715776,0.19643602
0.92454076,0.96178591
0.48610967,0.24278516
0.92607176,0.96150458
0.84984779,0.83796620
0.87187123,0.92015117
0.89380640,0.94868141
0.68501449,0.59982920
0.81769544,0.76569235
0.83520424,0.88745636
0.90003628,0.95939767
0.40749967,0.34010842
0.81298554,0.80897957
0.76905352,0.89536291
0.39141470,0.32583460
0.80426311,0.71392745
0.94060916,0.95888788
0.87616855,0.88028204
0.85444176,0.88586742
0.77451485,0.68154299
0.88121921,0.94550353
0.87759560,0.94453758
0.61179274,0.73705500
0.89540493,0.90509939
0.35220456,0.17494252
0.84289509,0.87989235
0.57247257,0.68179667
0.69653833,0.79959714
0.77837473,0.59616596
0.86160481,0.84470910
0.88506341,0.99497414
0.25245190,0.26573077
0.91427493,0.96437126
0.88757169,0.87511498
0.76717734,0.63227510
0.81279558,0.80413121
0.91157079,0.87317926
0.83969617,0.71612072
0.86444533,0.87742949
0.74735761,0.84252799
0.89562172,0.88625824
0.57441550,0.70597845
0.85926270,0.82569063
0.34990948,0.28093535
0.42395100,0.45139080
0.86069900,0.85651290
0.25745958,0.25443321
0.88139600,0.87771767
0.83754873,0.92113006
0.85706532,0.78771532
0.64479506,0.56883347
0.81373632,0.68409812
0.59417331,0.51866502
0.86817867,0.89704436
0.75767660,0.64072943
0.90047133,0.97974503
0.78484160,0.83071285
0.83998686,0.84090102
0.42120785,0.29403645
0.79651189,0.77840394
0.75610274,0.76021636
0.66217703,0.78524214
0.90330207,0.89633226
0.91349447,0.94120151
0.82587224,0.87318563
0.82694137,0.82413101
0.92710733,0.95733041
0.91066867,0.90329397
0.22387165,0.11286988
0.42992806,0.44786826
0.72173488,0.70078200
0.69937944,0.70576924
0.77813584,0.77261633
0.73787326,0.51436228
0.75750077,0.64331055
0.65629178,0.77381706
0.86864239,0.94997269
0.82852149,0.57921028
0.88166410,0.96609181
0.83839309,0.83745748
0.85641026,0.87462234
0.86822355,0.86753249
0.75546461,0.90942913
0.89412105,0.92438066
0.85863489,0.81891280
0.87575328,0.91215152
0.80599868,0.70312828
0.85385555,0.81175274
0.91631693,0.87305474
0.87862200,0.89770633
0.71523869,0.50900257
0.36689961,0.54919863
0.88853943,0.99425286
0.86092275,0.90091950
0.85582143,0.80878663
0.79419690,0.83850265
0.68466538,0.74399853
0.90202159,0.92098033
0.43435425,0.62598270
0.86809856,0.76550871
0.89799434,0.87920874
0.26829195,0.25909430
0.76883125,0.76881856
0.93515229,0.92859668
0.83589381,0.71317309
0.66606653,0.77956986
0.72743791,0.86996698
0.71402317,0.45161444
0.83313239,0.98084825
0.86598754,0.84113801
0.84687924,0.84279549
0.76312584,0.70817608
0.44335234,0.44838309
0.77171415,0.85638946
0.80796480,0.99642855
0.92065227,0.95770979
0.88917619,0.87345171
0.71675932,0.73427027
0.88626778,0.84351897
0.91019464,0.92926937
0.93068516,0.92618775
0.50341368,0.45971575
0.91116780,0.90075141
0.84403938,0.82073301
0.87621999,0.90561372
0.91290349,0.84722221
0.87539828,0.92095351
0.93345040,0.88191885
0.14239764,0.07497706
0.38453686,0.14390244
0.89495194,0.84716874
0.91219044,0.88255036
0.81819636,0.85113996
0.88333648,0.94928300
0.72694278,0.73880899
0.49463883,0.62105978
0.81281012,0.81262982
0.55905831,0.55583185
0.88658887,0.88450295
0.40509412,0.43947282
0.88276225,0.93605608
0.75231391,0.74731505
0.49384815,0.60952902
0.48146832,0.71591765
0.89706719,0.90945148
0.62480950,0.61156446
0.59847176,0.66399556
0.79684526,0.82773900
0.75258851,0.99888641
0.82859504,0.80901307
0.81681764,0.83635467
0.55294424,0.62672049
0.72688842,0.62334055
0.88814151,0.80335766
0.51758444,0.57727122
0.68820363,0.69110304
0.83122039,0.87603253
0.49612746,0.62082064
0.70664042,0.60234964
0.36705232,0.31594202
0.42383114,0.45400271
0.49908140,0.73377436
0.75139546,0.54876393
0.55076921,0.67029285
0.84736967,0.89851618
0.81898016,0.70219976
0.80431515,0.79977137
0.75664175,0.75698471
0.76858646,0.80296588
0.90896255,0.98493630
0.69714034,0.73153740
0.87755144,0.91952467
0.76689851,0.74732560
0.20745313,0.27417654
0.76263630,0.90460300
0.60540545,0.61332309
0.81986874,0.90574151
0.92926562,0.93852460
0.36492842,0.41883275
0.44133592,0.45576829
0.59401125,0.40355298
0.89071035,0.90396249
0.84872323,0.87063295
0.23724443,0.24686849
0.90446502,0.90374649
0.89751172,0.80468750
0.79972935,0.92537314
0.79151922,0.82373244
0.91348970,0.90890688
0.43625563,0.41073257
0.88207781,0.92492646
0.86354315,0.89233661
0.82072580,0.75138891
0.89387280,0.78554803
0.75807589,0.68115872
0.57389152,0.59684193
0.82246888,0.34331059
0.95312595,0.95993030
0.89390373,0.75191104
0.82480073,0.92942840
0.07525396,0.05887888
0.72943044,0.86328375
0.92853987,0.92137265
0.89530939,0.94824338
0.87349904,0.92727274
0.35980207,0.44329169
0.20894545,0.16621801
0.83839160,0.81493509
0.76163244,0.77093369
0.54712552,0.36946368
0.87715381,0.94431466
0.81386489,0.86139697
0.67929959,0.71845347
0.42480987,0.42334017
0.82403523,0.88576943
0.88310397,0.98041666
0.87623084,0.89055043
0.40812081,0.45699394
0.59533775,0.43135002
0.61241114,0.56313431
0.71969533,0.65316665
0.85602498,0.88094515
0.82729191,0.81349206
0.69639742,0.69447440
0.49822143,0.53202736
0.39255607,0.19074610
0.67510605,0.62072283
0.77196497,0.62310362
0.09556597,0.17857143
0.92383087,0.93130344
0.30261672,0.26686859
0.33781284,0.41347429
0.53883117,0.34925410
0.94859362,0.92120683
0.68183827,0.71532255
0.78792566,0.91563803
0.34441653,0.36190981
0.57720757,0.68842268
0.63548660,0.75373417
0.91589224,0.91406190
0.75804186,0.61812866
0.87089920,0.88348532
0.93771797,0.96102065
0.67942250,0.76305968
0.82876062,0.93243456
0.81187826,0.88182276
0.66370761,0.68118411
0.80722892,0.86943781
0.91038036,0.93299937
0.67893308,0.82679921
0.88130516,0.90753287
0.70600611,0.56599897
0.84134263,0.58724594
0.92784357,0.93863815
0.89631939,0.78259116
0.83311063,0.85712564
0.88418537,0.94747758
0.95375037,0.93136072
0.22140032,0.38836405
0.69371039,0.83414632
0.88968599,0.81010693
0.85113716,0.73488325
0.74670368,0.91078430
0.89338398,0.95604217
0.45884541,0.61352813
0.36783141,0.28458738
0.62314236,0.64388865
0.36107448,0.31385612
0.64757156,0.58470148
0.92415428,0.90445155
0.61220765,0.73867559
0.88769448,0.86246496
0.25909621,0.37729108
0.79102355,0.66213691
0.81013453,0.78770852
0.46023065,0.38212597
0.25005680,0.21620715
0.56219405,0.44405919
0.86865711,0.88106066
0.80909479,0.77390367
0.70558393,0.82036614
0.88766474,0.80996716
0.87448770,0.85842067
0.89451969,0.90472430
0.85558367,0.40315506
0.66270238,0.60859418
0.79449922,0.73751736
0.81617308,0.73597103
0.84403837,0.80103737
0.85601974,0.83284163
0.22439408,0.27266225
0.72043389,0.60189211
0.77624929,0.84333014
0.93678629,0.97828609
0.85951245,0.78776121
0.79372221,0.74959815
0.66350472,0.84598929
0.82323235,0.80587584
0.78036195,0.72466218
0.84503525,0.88078433
0.85689390,0.93350166
0.64071053,0.39687431
0.61325908,0.53868902
0.38644803,0.39282146
0.36816150,0.46381423
0.87252647,0.91736388
0.81929278,0.81108958
0.75321335,0.69661492
0.69881696,0.62597948
0.93174988,0.80019981
0.60598654,0.47633147
0.84940267,0.84880120
0.85855806,0.83789790
0.55745268,0.67357653
0.80064285,0.72186613
0.63614166,0.51307732
0.75260079,0.77973855
0.27662727,0.34047765
0.54332119,0.55808079
0.47635251,0.41156632
0.53386641,0.51598209
0.89621443,0.89465147
0.85218549,0.84753376
0.71350729,0.70289034
0.92578971,0.94705653
0.87954140,0.92244416
0.93840212,0.94948977
0.40047407,0.63704205
0.86713690,0.88767505
0.36396897,0.44295454
0.88918436,0.91778165
0.93202239,0.96724421
0.80340123,0.71548676
0.50087780,0.70466030
0.89011449,0.96487606
0.69235444,0.69793046
0.84178823,0.83635980
0.94072688,0.95140678
0.47415361,0.73388773
0.31965411,0.30173033
0.86931616,0.91107738
0.86219466,0.84156317
0.76533371,0.68461519
0.77202779,0.82612556
0.93339193,0.90076631
0.56526941,0.57860386
0.89262187,0.89237136
0.88059902,0.80948132
0.80546564,0.63861454
0.22869790,0.38626665
0.50396836,0.52671957
0.77399993,0.87913013
0.93088913,0.95767272
0.87097144,0.86352932
0.47138599,0.33011273
0.86481011,0.94629246
0.93083698,0.93036580
0.90831888,0.91126776
0.91553950,0.97853369
0.60964322,0.64231008
0.87251264,0.78312474
0.91552395,0.96205503
0.88125908,0.91715837
0.81032479,0.68434751
0.86856562,0.88573885
0.90739894,0.89452815
0.33021075,0.26408178
0.52263880,0.52276689
0.88052708,0.91676831
0.69452971,0.59834677
0.77224040,0.62980771
0.86733294,0.84498233
0.95419437,0.97385532
0.67140096,0.71306640
0.83096659,0.85761565
0.26175719,0.26958776
0.87013948,0.88651258
0.91596389,0.97886825
0.86617815,0.88575268
0.77924144,0.81904554
0.78712624,0.85631067
0.88206613,0.78633600
0.41323930,0.53611565
0.60504770,0.52867132
0.80190372,0.58175290
0.86828065,0.74276859
0.23438531,0.16462965
0.88582367,0.93084574
0.81079835,0.92125493
0.83594066,0.86562502
0.53880000,0.52665967
0.77299613,0.76739419
0.87002891,0.86697251
0.87666309,0.90608108
0.27741817,0.21021059
0.81665492,0.71524066
0.85793889,0.82290912
0.75624770,0.77031821
0.80449045,0.79810995
0.79101217,0.51792771
0.62070537,0.67713457
0.56309664,0.73488283
0.85985440,0.88671398
0.88557714,0.86932921
0.36613545,0.45771959
0.52862859,0.53966188
0.82099241,0.88286805
0.82244724,0.80708271
0.81201881,0.92190522
0.83199477,0.70137870
0.82009226,0.84829384
0.85928464,0.83466822
0.84324187,0.71924812
0.85846978,0.93329918
0.54037476,0.76857030
0.56965727,0.55803180
0.90574306,0.88090771
0.89183033,0.84025007
0.91567200,0.91762823
0.85915601,0.86246240
0.55349910,0.51923591
0.62734103,0.53985041
0.32132015,0.41860464
0.88714749,0.74591571
0.70465487,0.71431565
0.76004678,0.85822320
0.84199333,0.86392111
0.85927087,0.84782684
0.44061288,0.31394839
0.66540396,0.64767081
0.54579479,0.60114735
0.83148694,0.80974412
0.34944889,0.37164414
0.49370840,0.46460047
0.79342610,0.84319019
0.24489474,0.16497388
0.94125247,0.94478381
0.66442072,0.60501510
0.79975581,0.81430602
0.88058257,0.85963488
0.61543435,0.52581948
0.81940192,0.90674686
0.67782164,0.59478402
0.79174346,0.84960896
0.69122052,0.80011517
0.23692590,0.29427531
0.86845547,0.88049716
0.92659938,0.94305301
0.74835235,0.88107681
0.80928224,0.66533875
0.90559602,0.92313504
0.77096385,0.73524374
0.88894302,0.86621511
0.92339599,0.93106729
0.52503276,0.47980279
0.87072444,0.83803141
0.89482522,0.86684155
0.89828223,0.88924634
0.69322562,0.68040210
0.55364174,0.81234568
0.34792268,0.34900808
0.86267823,0.93970716
0.86548305,0.92941880
0.83621484,0.80512625
0.87239331,0.91325521
0.89804840,0.74869227
0.36954898,0.21674128
0.82948679,0.95140427
0.75439167,0.76357943
0.71797460,0.73503256
0.86653578,0.93443501
0.47499460,0.43088040
0.53027892,0.61491698
0.22504455,0.20233637
0.84423119,0.93137479
0.79134279,0.88597447
0.81775182,0.82273108
0.94060457,0.95281094
0.92725241,0.95226735
0.86641949,0.78538090
0.92962193,0.94541657
0.84063280,0.90407228
0.54000199,0.57378972
0.89142209,0.81096095
0.86873877,0.94468367
0.85091662,0.91102755
0.65033627,0.65889424
0.46373665,0.55896705
0.21674579,0.25727087
0.58081019,0.55153459
0.67477489,0.56407166
0.54260689,0.62411201
0.46730387,0.44689736
0.69535410,0.89418244
0.78568965,0.74401551
0.86881524,0.91926515
0.59604061,0.48811969
0.81429738,0.60936344
0.89222693,0.96453899
0.88353771,0.94567049
0.45067066,0.58518744
0.68246871,0.85896105
0.88208640,0.92436975
0.72611409,0.76619637
0.45855629,0.37865728
0.61376369,0.53696579
0.84468246,0.68268484
0.57087874,0.54181010
0.85059065,0.86332214
0.48816577,0.63521641
0.84684956,0.87784016
0.90022290,0.94144881
0.65776688,0.56423545
0.90198344,0.88804388
0.67140019,0.90700543
0.91169912,0.95015210
0.48398578,0.62058789
0.75277132,0.79883087
0.78461379,0.92123985
0.27914411,0.29284340
0.65019548,0.65918279
0.93608576,0.95156682
0.72293633,0.83087158
0.60068250,0.55090457
0.90701646,0.89478815
0.66250145,0.71079355
0.46912932,0.29572579
0.85245931,0.90395570
0.76401591,0.70062238
0.42204940,0.42544800
0.18525934,0.13499986
0.51235479,0.59261674
0.80101544,0.83686870
0.76109052,0.71431649
0.78707492,0.80535322
0.35547727,0.44080490
0.69039422,0.68046820
0.87441891,0.88211900
0.85964471,0.92337251
0.85194939,0.90806741
0.55817389,0.42550504
0.84767830,0.81607956
0.77864075,0.75267017
0.54822189,0.54109889
0.48695648,0.64185476
0.68203664,0.78316742
0.79851979,0.83877629
0.68896133,0.80120999
0.87732595,0.89555258
0.89726311,0.88730419
0.73127627,0.89329320
0.90201712,0.86925638
0.85664517,0.90426528
0.42801735,0.32794622
0.60710740,0.72307694
0.83824593,0.78880227
0.60252297,0.69225228
0.68578172,0.49802372
0.89223683,0.94826311
0.68970478,0.65071899
0.74028796,0.69458610
0.88784629,0.91751724
0.72262973,0.60509634
0.77253717,0.72117525
0.60801071,0.51230520
0.86866492,0.83057493
0.85814381,0.62790275
0.69353992,0.72464728
0.70299786,0.60357124
0.80476201,0.57811230
0.62653929,0.76451755
0.75664002,0.65460360
0.91280091,0.91930300
0.77892077,0.41803375
0.89445925,0.91481394
0.55922204,0.57398993
0.27315614,0.30924433
0.71875644,0.72230905
0.50928342,0.49731249
0.83066916,0.73707688
0.89693874,0.87325001
0.77814555,0.81795913
0.77106655,0.80513459
0.89830518,0.90945530
0.57785451,0.66351891
0.88662493,0.83636242
0.88831896,0.81954020
0.90823883,0.93428570
0.66473913,0.72480237
0.94795591,0.95489550
0.90139139,0.97859430
0.70650494,0.76543307
0.87057579,0.88159877
0.76569062,0.66364735
0.69266373,0.66201407
0.83685768,0.81898528
0.93606186,0.90554053
0.88932323,0.90113240
0.35304040,0.20370160
0.41158009,0.31864753
0.24904245,0.22531345
0.53041637,0.56835264
0.82341033,0.89218456
0.87660241,0.91149521
0.60189664,0.43312377
0.76021600,0.41225928
0.82620782,0.85576922
0.90577000,0.72041112
0.78452528,0.84452683
0.85523605,0.82641959
0.78391957,0.87013572
0.67862791,0.40221089
0.86437523,0.93004912
0.87403119,0.94750637
0.57205522,0.42811745
0.92870092,0.95471442
0.87869751,0.91122085
0.41479397,0.51083529
0.56767225,0.27325070
0.56573820,0.48874459
0.43586504,0.53219175
0.88194203,0.91258496
0.29917789,0.51421547
0.41382021,0.16824375
0.92904776,0.95793831
0.87329733,0.87224317
0.43417954,0.35857671
0.86323947,0.88580358
0.61165488,0.65312827
0.44322777,0.45671040
0.77042484,0.84324133
0.90211999,0.91488916
0.52248764,0.43936557
0.91714120,0.96191794
0.36705393,0.36642864
0.93423045,0.90795249
0.86483908,0.92329091
0.86706293,0.82083333
0.92523241,0.94758064
0.41112253,0.37408519
0.86900765,0.87000698
0.88271546,0.88083166
0.89444840,0.88705063
0.78614330,0.59842324
0.65725905,0.60643572
0.85532343,0.83627653
0.42793438,0.39646974
0.93085033,0.90601200
0.58691883,0.48900181
0.87454331,0.87262613
0.73268604,0.70908070
0.80457819,0.75484210
0.77992195,0.77926588
0.69663614,0.75887817
0.58979833,0.24975027
0.40777820,0.61219209
0.91731131,0.95826328
0.93785334,0.96291733
0.59950787,0.49350649
0.85452807,0.75180954
0.51442432,0.55396414
0.92814970,0.92468077
0.82110369,0.89616227
0.88476288,0.87778515
0.86549723,0.94268423
0.43650633,0.69172472
0.91776526,0.92317021
0.68733430,0.62751853
0.80630547,0.68234134
0.73739982,0.72234392
0.52576464,0.52153915
0.64427263,0.48065290
0.88244289,0.90427721
0.89307785,0.92455280
0.79850382,0.86911076
0.63870138,0.60090137
0.71726465,0.78461540
0.87435973,0.94017917
0.86928993,0.89266616
0.89579570,0.92072195
0.86478496,0.86983883
0.49324012,0.66580093
0.88958782,0.77782387
0.86136311,0.91726822
0.87320608,0.89858943
0.67505026,0.89878005
0.73342383,0.56363636
0.81660551,0.79968596
0.65651000,0.68719727
0.88088602,0.85790408
0.88596141,0.90293932
0.85998183,0.95863920
0.36493939,0.36549816
0.85183144,0.90652174
0.83809668,0.81130463
0.88949096,0.69390404
0.87977725,0.86177069
0.79403377,0.66614151
0.13338327,0.10867411
0.84163415,0.83432090
0.28159535,0.27899492
0.92457569,0.93369395
0.65308845,0.76367360
0.48690373,0.52248341
0.76426721,0.70664138
0.44194767,0.47202370
0.79257631,0.72612965
0.93236005,0.89943314
0.45505136,0.55499828
0.89174068,0.89636755
0.84289032,0.75809509
0.71332014,0.63974792
0.84753978,0.78104293
0.87188667,0.88610148
0.89991033,0.93431371
0.82496381,0.83934772
0.75898314,0.71283698
0.85360748,0.89842480
0.60170352,0.54730159
0.70546365,0.43214285
0.47792780,0.35497200
0.65374202,0.52035463
0.23297745,0.16419658
0.31059456,0.40966952
0.80381083,0.61902410
0.64911437,0.72706509
0.88516748,0.90523183
0.83424985,0.81309521
0.68613064,0.62879652
0.80638701,0.82935148
0.59672660,0.72596747
0.89474010,0.78171802
0.71275848,0.76299530
0.89823294,0.91868389
0.21430582,0.25794923
0.89834511,0.94805503
0.64118409,0.54948288
0.90950394,0.96323186
0.65575057,0.70808846
0.79571557,0.74844444
0.85901225,0.82007611
0.84368163,0.84158826
0.86708355,0.90366298
0.71545893,0.79571223
0.88557696,0.80758429
0.60529548,0.79464287
0.22415787,0.39908019
0.76576620,0.73734641
0.33736047,0.07455605
0.30291381,0.17020099
0.88906103,0.93589354
0.52063274,0.63321871
0.78991878,0.80233514
0.56623137,0.67605603
0.92447579,0.91330028
0.80698693,0.71992844
0.89652061,0.91117382
0.61965626,0.47939801
0.85644430,0.85910517
0.58115125,0.56120360
0.71086878,0.99609375
0.79836971,0.82705593
0.27762529,0.31308284
0.86598587,0.71998125
0.62299985,0.61743915
0.84263265,0.79744208
0.86205184,0.80658859
0.83502781,0.86582166
0.84834969,0.94588816
0.72651267,0.67820317
0.88730806,0.86383486
0.83150715,0.55416667
0.72710872,0.64915603
0.78568846,0.77142859
0.69949615,0.55404264
0.64911532,0.72441417
0.84115708,0.84533483
0.75909114,0.71924734
0.85110074,0.87103897
0.80348450,0.86925709
0.85325873,0.89299560
0.87690634,0.85965991
0.92342365,0.96687371
0.89486295,0.87602341
0.67378688,0.78267020
0.82467473,0.90069497
0.90096068,0.88417375
0.70261103,0.69139767
0.82687181,0.81770831
0.65521133,0.67526495
0.45777816,0.52850091
0.85620898,0.81791282
0.76346147,0.61894262
0.87824935,0.91690284
0.48401171,0.49491447
0.67137897,0.82243747
0.78580242,0.62001604
0.76561630,0.76807755
0.64461905,0.42000598
0.64350504,0.63359320
0.89152062,0.92971718
0.78168011,0.57530427
0.86286473,0.80952382
0.86611158,0.92160279
0.91420436,0.84482759
0.85819316,0.84970713
0.46691895,0.28383347
0.89930034,0.88441843
0.66529602,0.69579417
0.21729094,0.22469424
0.89222038,0.82103914
0.84029126,0.75675434
0.73383129,0.65243727
0.86053652,0.88136077
0.85535461,0.85177046
0.83295518,0.89009333
0.91865104,0.81751615
0.35098714,0.26774266
0.77519214,0.70526057
0.81867039,0.83430231
0.66004747,0.62772018
0.86444521,0.85244316
0.63692790,0.57725251
0.28796142,0.29824492
0.50102746,0.61118960
0.87764519,0.93584907
0.87819839,0.93856561
0.59526241,0.36630476
0.65688729,0.58595842
0.37166449,0.38987574
0.78758186,0.87111205
0.81463522,0.83429378
0.89962602,0.41153699
0.89571899,0.95909977
0.91048104,0.92901236
0.58476388,0.61069566
0.89186466,0.89789295
0.70806438,0.74303269
0.92038041,0.85485041
0.91949630,0.88345087
0.23974746,0.27619258
0.87795365,0.95724529
0.87730783,0.83617675
0.50205535,0.49744982
0.93389750,0.94597828
0.82392991,0.87699610
0.87602818,0.94724703
0.84327149,0.90196633
0.92037207,0.92557651
0.66097260,0.73717207
0.49184790,0.69321382
0.91652447,0.94005603
0.85541928,0.88258708
0.88714623,0.90425348
0.91676283,0.88550907
0.38440153,0.45869714
0.86544418,0.88097888
0.24583542,0.25123823
0.91508603,0.92153847
0.88537979,0.94516450
0.80970633,0.57412654
0.91487634,0.87704951
0.90690458,0.96241832
0.84141344,0.82477778
0.40123981,0.29932868
0.81966770,0.69225293
0.59404552,0.97664815
0.87734491,0.90223086
0.53441715,0.60148513
0.74566698,0.79319382
0.84087420,0.78682846
0.78988910,0.89248890
0.63568729,0.35644263
0.77781332,0.80514705
0.88478905,0.84663057
0.57776463,0.65003949
0.70800632,0.64214063
0.77815443,0.59708977
0.37464964,0.20019954
0.90082479,0.88225627
0.21911925,0.15344574
0.87346822,0.92121214
0.78193545,0.67571312
0.86948639,0.76544768
0.93570232,0.97370946
0.84854877,0.84361732
0.75137508,0.82224995
0.58258617,0.37674493
0.83540708,0.90007275
0.84807205,0.89105046
0.90378821,0.96345901
0.88803655,0.87839490
0.79659718,0.71089637
0.90679926,0.89089328
0.71076566,0.75335133
0.87465024,0.89259034
0.09349257,0.06829837
0.91622370,0.94404960
0.87525594,0.96098900
0.52784908,0.62072366
0.69138342,0.48020723
0.64594269,0.81188536
0.82767940,0.89475161
0.85691977,0.88479143
0.87344289,0.85508496
0.88101584,0.92049551
0.62670296,0.63504386
0.87442219,0.84325689
0.91372192,0.86173087
0.83870280,0.84849393
0.44469345,0.45001563
0.83883321,0.87728935
0.92584932,0.88124722
0.76759946,0.52454460
0.26483876,0.55092359
0.91219193,0.90826315
0.79578787,0.78231227
0.85816145,0.89741707
0.86436701,0.86492676
0.53473431,0.15921940
0.42084682,0.29984215
0.61778373,0.43859890
0.94669831,0.99230766
0.81815261,0.84102565
0.17807370,0.17442191
0.65376520,0.70329672
0.37332499,0.40908498
0.46832654,0.40095246
0.45798886,0.48571542
0.49089712,0.49918452
0.94188797,0.88721877
0.37998277,0.08909262
0.81954390,0.82946324
0.86456358,0.75512242
0.90470797,0.92004907
0.90051275,0.88721830
0.59412265,0.53965944
0.91835481,0.94276226
0.88146377,0.85317880
0.81110072,0.90883893
0.59929240,0.61259478
0.28380680,0.41220814
0.67954141,0.76328313
0.90049094,0.94481438
0.83607215,0.82163745
0.80964357,0.79190278
0.16249233,0.14329004
0.73252451,0.54568022
0.86487788,0.91237390
0.76575172,0.64533132
0.91873163,0.89040375
0.19389480,0.23491916
0.76991111,0.70512819
0.93541193,0.87333721
0.53192866,0.50275481
0.75331515,0.41492388
0.65539277,0.83216679
0.86026371,0.84765434
0.88553125,0.87943816
0.93928283,0.91746032
0.85844254,0.84982634
0.83368194,0.68396997
0.74344307,0.84090906
0.77746987,0.70183557
0.61054778,0.77616769
0.60162586,0.94641560
0.74539435,0.61118776
0.52993935,0.68366092
0.31880817,0.45492229
0.87353879,0.80246884
0.59394741,0.71277618
0.79148519,0.86717635
0.69890004,0.76205230
0.93745345,0.96383440
0.36239618,0.43993151
0.33589572,0.38756835
0.92674190,0.91624326
0.36511391,0.31154683
0.87570727,0.91513997
0.93554401,0.96767455
0.27430630,0.18740541
0.79887074,0.66513056
0.36570653,0.25474322
0.93576717,0.94279474
0.79581690,0.81180859
0.91551226,0.94845963
0.86463076,0.97481686
0.38500732,0.18055958
0.50826752,0.19880952
0.27797157,0.38651857
0.79903442,0.80794996
0.79902846,0.82167602
0.93438399,0.96399838
0.85499501,0.84096026
0.84213513,0.85861164
0.81530851,0.65253198
0.34540293,0.45501372
0.43114880,0.42889556
0.91942942,0.92932373
0.71396136,0.59381235
0.90440124,0.91048646
0.92560244,0.92507005
0.91751558,0.88690591
0.20042634,0.23253667
0.91136670,0.92717087
0.75778663,0.90045935
0.88624585,0.93431395
0.82254714,0.90154886
0.78194022,0.88411397
0.37030530,0.43741089
0.84217465,0.83839709
0.89116961,0.91226202
0.38031238,0.31578946
0.37647337,0.40491804
0.93410921,0.93180543
0.88878602,0.88696444
0.92392325,0.93975824
0.92017329,0.95710742
0.90309596,0.93605047
0.89006168,0.91082805
0.56967938,0.60890597
0.87502420,0.90525424
0.87208492,0.90705884
0.78874749,0.75723577
0.84695888,0.76311040
0.88959074,0.83497620
0.84114921,0.93640012
0.88175821,0.89069539
0.80989039,0.81720781
0.66188264,0.63918066
0.76383883,0.91938615
0.58919591,0.87966478
0.75008959,0.02964612
0.91569960,0.90822428
0.73251379,0.71300256
0.50391769,0.57531393
0.83508587,0.88143426
0.88488340,0.85934305
0.66505361,0.64706433
0.91248024,0.96249998
0.84579134,0.92266011
0.73751366,0.83189654
0.83119774,0.77686781
0.60785228,0.59934556
0.76657659,0.76567739
0.81521875,0.84105265
0.93200934,0.91954386
0.18864644,0.12743473
0.78568393,0.62894773
0.60101080,0.41752899
0.59335715,0.50101358
0.81771487,0.78430188
0.81019026,0.68559217
0.64192963,0.60607475
0.84549344,0.88823915
0.86073250,0.84758389
0.71358734,0.75931394
0.18830329,0.23200859
0.45726293,0.38606334
0.93969488,0.89179516
0.86709577,0.94080716
0.71208918,0.46410990
0.74727160,0.65484893
0.76247400,0.31590417
0.30040914,0.24041301
0.90341383,0.94095367
0.84546721,0.87500000
0.50922132,0.61891466
0.91186011,0.92870259
0.39852709,0.27204525
0.61361933,0.45376888
0.71246612,0.57336152
0.89439183,0.87294120
0.80725598,0.85196078
0.88532436,0.85354626
0.91420430,0.97498119
0.43838882,0.42754343
0.92418748,0.94963878
0.42673326,0.45171499
0.90357965,0.96791446
0.87549591,0.86007518
0.91605955,0.83196211
0.91073549,0.85797906
0.84625375,0.91861320
0.58143473,0.35621205
0.86272746,0.85198003
0.86157960,0.79217917
0.39891440,0.17416899
0.93243158,0.91427881
0.83827186,0.87962961
0.79128075,0.47461370
0.88046867,0.92484587
0.92683172,0.91949022
0.77486265,0.60943729
0.67979538,0.77308971
0.85222751,0.87145025
0.58319539,0.55161566
0.72938287,0.63959783
0.37477347,0.34424084
0.72296190,0.69670886
0.68503845,0.71045119
0.86102307,0.73442084
0.39396822,0.45881557
0.69895887,0.66664827
0.81831157,0.93217814
0.88709116,0.81453234
0.62033093,0.75454545
0.74157792,1.00000000
0.75488502,0.93357509
0.77342492,0.71567297
0.74955839,0.84580421
0.64944828,0.80489445
0.66305131,0.77475005
0.82184052,0.74435073
0.92856729,0.88111013
0.23351377,0.25292870
0.88322419,0.93983138
0.87309098,0.94122696
0.85809326,0.85635376
0.89766073,0.80575335
0.82687151,0.85893720
0.78571540,0.93557674
0.90042347,0.90379173
0.25150543,0.14004968
0.91730392,0.83660132
0.87390369,0.93454885
0.39371473,0.26287934
0.86712044,0.91712707
0.63095361,0.65285587
0.82020056,0.76490575
0.64735872,0.58143669
0.35012361,0.12236842
0.82162476,0.93267488
0.87683481,0.95400006
0.84851170,0.85818166
0.88956034,0.91877991
0.77598798,0.72395557
0.61491835,0.80206394
0.25941986,0.10837964
0.44281751,0.16903889
0.91561973,0.91320348
0.77415562,0.68061656
0.90396279,0.93670887
0.39212427,0.37096778
0.91147053,0.87613404
0.91398579,0.90014768
0.59466994,0.89949495
0.93226177,0.91311008
0.85603851,0.51841706
0.89056218,0.89685607
0.86209714,0.86471170
0.81033772,0.83123648
0.38251850,0.25009397
0.91086763,0.92673993
0.89603645,0.89891565
0.82343143,0.84587008
0.92729175,0.90423000
0.76690048,0.73255002
0.90425551,0.92189580
0.92342305,0.88496912
0.81381762,0.71860522
0.76271439,0.74341798
0.92164141,0.92109185
0.77942765,0.99761903
0.58940893,0.46135831
0.74049735,0.71771282
0.92593229,0.87048554
0.56988567,0.72692442
0.61169946,0.57671326
0.72077906,0.88399357
0.36431685,0.40305534
0.85863471,0.88357663
0.91238093,0.94397849
0.54226243,0.66152561
0.68893027,0.75018382
0.87798870,0.93260264
0.78344047,0.85270655
0.58414149,0.55598551
0.71266299,0.68247974
0.85429394,0.90051502
0.90486211,0.96181631
0.86750162,0.95810419
0.84271145,0.88069820
0.80997944,0.83784002
0.80503029,0.88187933
0.83098638,0.54209012
0.74192619,0.77091575
0.78587627,0.81152558
0.76307225,0.61299437
0.91462743,0.87382627
0.71027642,0.62929517
0.93223846,0.88459653
0.90742481,0.97421932
0.33302745,0.30498749
0.37076882,0.23558581
0.85086775,0.89388430
0.83601290,0.64270473
0.24593312,0.35376799
0.92798847,0.95362890
0.90364730,0.95308578
0.43010569,0.49136579
0.94858468,0.96046054
0.73462373,0.69312167
0.90205455,0.94805765
0.85594678,0.81778711
0.86317462,0.84878772
0.83344382,0.85112309
0.76276380,0.73909897
0.80826318,0.89631337
0.78518814,0.54158878
0.29962665,0.11928131
0.89701509,0.79812777
0.78296322,0.79585254
0.80222565,0.81701428
0.85530859,0.83949620
0.78459573,0.89025772
0.69363654,0.65752423
0.82685959,0.75183153
0.85849404,0.84598374
0.86229163,0.89336401
0.88465476,0.92591268
0.80889958,0.20265526
0.90606964,0.91118538
0.88928998,0.87318838
0.31716806,0.39870444
0.86172366,0.95628518
0.93921727,0.93480587
0.89388144,0.68611109
0.74123359,0.80030638
0.59320033,0.58126551
0.88340080,0.89695305
0.57480997,0.67022020
0.58307648,0.55239910
0.77144623,0.85537314
0.85448247,0.94570857
0.93184978,0.87090105
0.44090483,0.34116378
0.91700673,0.91170633
0.81812334,0.75524253
0.78007978,0.78257108
0.87573236,0.71781015
0.66845328,0.55659592
0.26671845,0.23622312
0.91609061,0.90851682
0.59782898,0.69989014
0.85973972,0.82449800
0.51893651,0.36360854
0.73682582,0.74996972
0.85362995,0.98918617
0.44102395,0.58207434
0.84053826,0.79490948
0.86786127,0.89624220
0.55125403,0.72093529
0.46906793,0.47539854
0.62385011,0.71786344
0.45874739,0.30410188
0.91827691,0.92258757
0.85280460,0.85097408
0.87952888,0.97181028
0.92400706,0.97244811
0.65077877,0.74257195
0.84915125,0.83984154
0.91014230,0.95610476
0.89476454,0.89228970
0.88985449,0.95104462
0.39074248,0.48661110
0.73672158,0.23532061
0.92204475,0.94193619
0.86509407,0.94814813
0.79952627,0.76838869
0.84983367,0.91721088
0.81069422,0.71718627
0.86427957,0.87530082
0.68238479,0.80126286
0.86590439,0.87911576
0.88630819,0.87978101
0.74355143,0.76279688
0.63734204,0.59722221
0.81066060,0.77453446
0.83189940,0.83986402
0.34919280,0.33316183
0.89074588,0.92045456
0.20216089,0.16410257
0.82773191,0.87043571
0.94323492,0.94557279
0.91828257,0.89435160
0.87181503,0.87352216
0.84273881,0.78661382
0.89130723,0.93115294
0.35759252,0.33930302
0.91989654,0.96018147
0.91948992,0.88915795
0.58384454,0.62549937
0.36146677,0.42995441
0.83887368,0.86061025
0.83472383,0.82341480
0.66106308,0.61313039
0.89202172,0.85261708
0.89471906,0.93497360
0.93054146,0.93336874
0.87356550,0.92636108
0.86534035,0.70151520
0.42765468,0.43657759
0.87842852,0.89725381
0.83008945,0.89741272
0.81765038,0.92162603
0.93186736,0.96660280
0.88991785,0.87866646
0.85876691,0.92998105
0.89645505,0.94204807
0.47878319,0.40268132
0.94395560,0.96721530
0.92925864,0.82956123
0.89381468,0.93272763
0.36105728,0.28030348
0.83297366,0.84774113
0.60743105,0.66428322
0.87090653,0.85773218
0.86382693,0.83218777
0.76056182,0.67524999
0.92969644,0.86763257
0.65453172,0.45857561
0.58630347,0.55131948
0.77756840,0.57006878
0.90771115,0.91356343
0.19238365,0.35344827
0.80472893,0.68637580
0.84789759,0.85277158
0.38669634,0.51030177
0.91903186,0.86988801
0.89617050,0.89293605
0.48437023,0.51675773
0.89689434,0.91071427
0.88247269,0.91369045
0.81861186,0.76848835
0.14380342,0.12009080
0.26754072,0.33951929
0.61885589,0.57617915
0.74926156,0.73087358
0.86518764,0.89735472
0.70414931,0.20103613
0.41523752,0.39131579
0.94239116,0.91408473
0.88094229,0.85691029
0.90933824,0.91631782
0.73482704,0.77734041
0.85700339,0.56578946
0.83777064,0.90342987
0.87008619,0.80230767
0.46022838,0.64375412
0.86984932,0.93873984
0.79643369,0.73178452
0.87589884,0.90988481
0.34788218,0.25153777
0.87102592,0.86816931
0.57740879,0.52582270
0.82585210,0.84114772
0.93097258,0.93597382
0.06364423,0.05177786
0.92062795,0.94183105
0.87275481,0.83697361
0.85253304,0.88469118
0.80096322,0.21718000
0.17432791,0.13375518
0.87852055,0.88863069
0.85386944,0.89505064
0.89157605,0.93717951
0.89892453,0.96428573
0.46764436,0.42815128
0.64358640,0.82392406
0.61014450,0.71136653
0.77181411,0.72151899
0.52621502,0.29105273
0.88989264,0.88285232
0.90933174,0.95917141
0.88563740,0.88766891
0.80351508,0.75831223
0.93546623,0.94079292
0.44183844,0.27233332
0.85488451,0.92894202
0.70495272,0.74482477
0.71577120,0.68835163
0.62758648,0.69626689
0.78004503,0.76337951
0.48041332,0.52755839
0.29498434,0.48439011
0.81950217,0.81957686
0.65886122,0.64755809
0.76506138,0.69263530
0.92665970,0.93752217
0.55214733,0.59006566
0.73649114,0.81194216
0.78972626,0.55855328
0.83453429,0.92853534
0.30724269,0.31734344
0.89854872,0.92831528
0.77671742,0.72871143
0.92428303,0.90732759
0.93301159,0.91167587
0.89472604,0.89145327
0.73486513,0.60457516
0.60307175,0.55800653
0.62049139,0.51890302
0.84365368,0.91044778
0.81468993,0.80315363
0.91387057,0.93414629
0.41616058,0.30079299
0.91032410,0.86599702
0.85640764,0.84880590
0.36839515,0.32693663
0.71274281,0.79857057
0.64815956,0.81092477
0.87543786,0.92455530
0.47380251,0.51497561
0.79839563,0.89615589
0.60453457,0.40874887
0.89289343,0.89347422
0.81275910,0.88959527
0.87004387,0.89362514
0.87295634,0.94016254
0.92115474,0.70615774
0.76292264,0.74715853
0.87680459,0.77799922
0.37924254,0.38993159
0.81755531,0.88015294
0.80242163,0.73414218
0.89696884,0.91260988
0.65722966,0.58093786
0.56661886,0.32032537
0.88551140,0.91386050
0.88245189,0.83528072
0.90419596,0.90238804
0.85436094,0.86159825
0.51579732,0.55233061
0.62021077,0.84287149
0.85609877,0.95948678
0.67045701,0.78245258
0.82202029,0.85784400
0.82323062,0.82536179
0.40880817,0.40037879
0.35919079,0.37431037
0.86269557,0.82199389
0.91782355,0.53693014
0.81513399,0.78574461
0.22701931,0.22848853
0.87398314,0.82250047
0.74714428,0.73024690
0.87453830,0.89206827
0.84133857,0.92170960
0.56692469,0.44967532
0.87563908,0.92603070
0.50754929,0.51326311
0.68794501,0.78067976
0.84838384,0.88254195
0.60367966,0.77216905
0.84501076,0.94628650
0.82384491,0.84378111
0.85549003,0.84498900
0.70776951,0.65070677
0.87854069,0.87078249
0.88892341,0.88635421
0.87568468,0.87408596
0.64643568,0.68906432
0.49649510,0.49958915
0.90269279,0.91602910
0.87662631,0.84021819
0.79941124,0.78692722
0.70182073,0.58999157
0.84089768,0.84815788
0.81772935,0.84443849
0.76896822,0.78091633
0.65755343,0.84737122
0.18659890,0.17152122
0.52519226,0.54855615
0.93234891,0.94437683
0.91835153,0.92429012
0.63461399,0.55621076
0.80357093,0.81466025
0.87919736,0.80726790
0.83783406,0.78682929
0.92206013,0.94617754
0.88541198,0.88148147
0.71375453,0.67054486
0.76543820,0.85064381
0.83896518,0.92771083
0.79435086,0.75047678
0.93612146,0.95686454
0.86263287,0.87358367
0.18986911,0.23834726
0.71987766,0.77629673
0.79070401,0.89035308
0.87888038,0.97187579
0.88923168,0.90651137
0.85888875,0.90096408
0.55221581,0.53995329
0.90962803,0.98958331
0.82184643,0.76987988
0.89813399,0.91929823
0.64565837,0.66241825
0.64519787,0.64942288
0.88337052,0.89044762
0.69011396,0.67610937
0.76898825,0.72676283
0.83654821,0.76720375
0.79702145,0.83216292
0.90939850,0.90534341
0.86027801,0.96796197
0.85232431,0.87003565
0.60254329,0.63031000
0.91895914,0.92950636
0.86565614,0.88743019
0.86111212,0.87090665
0.82727087,0.70694989
0.90991175,0.97563297
0.77693832,0.79623288
0.84411019,0.88405353
0.52469039,0.49265650
0.91751075,0.99444443
0.85961622,0.79036933
0.76227731,0.70986301
0.94053245,0.92288488
0.42984682,0.30756614
0.61263323,0.68696600
0.78827298,0.86625421
0.44961366,0.35050800
0.51611477,0.46106213
0.72596031,0.44303864
0.89663601,0.87660164
0.84015310,0.83545738
0.87879252,0.85069126
0.83705628,0.81162632
0.45114598,0.57950193
0.68454063,0.73750222
0.90562111,0.95530301
0.92264020,0.95363468
0.29463935,0.32808661
0.50623620,0.55121565
0.89782125,0.92689967
0.85951293,0.90217435
0.89928824,0.88427126
0.68707442,0.65315610
0.87876940,0.87675571
0.81792182,0.66503936
0.10298622,0.11494103
0.65218347,0.67119473
0.81133449,0.79233122
0.66920984,0.66094005
0.81764162,0.93963963
0.74824321,0.69750714
0.83015990,0.85764241
0.43652630,0.52840298
0.52689207,0.73471564
0.87273657,0.89596272
0.61271602,0.35766375
0.76358253,0.63896549
0.43330544,0.40296757
0.88626158,0.88704634
0.44928014,0.45070335
0.79180580,0.83443046
0.58846617,0.47934622
0.82478845,0.67756408
0.92471206,0.93684494
0.63156223,0.56713766
0.80000240,0.90593648
0.63047886,0.70142967
0.52329540,0.50965667
0.80848938,0.88671875
0.61019194,0.52885211
0.90891159,0.83463115
0.49424666,0.34641609
0.93019897,0.82876712
0.89081740,0.91406453
0.34240073,0.30129331
0.37796295,0.63616073
0.21735841,0.04845155
0.80840671,0.88600469
0.74061251,0.61904764
0.59778804,0.45204136
0.84051651,0.81475151
0.66577148,0.90451390
0.26704559,0.22177146
0.30293137,0.29945654
0.81466889,0.68983757
0.89757288,0.91415662
0.86941516,0.87006044
0.75160098,0.80337584
0.92375916,0.96874243
0.85090292,0.88009894
0.74880809,0.85188872
0.93236798,0.93316805
0.91956496,0.90077287
0.79504925,0.80911100
0.17308730,0.11408894
0.86306107,0.85279375
0.88697040,0.93032849
0.89169842,0.91492677
0.79269797,0.90733528
0.80687529,0.81771487
0.81179684,0.91498768
0.89864647,0.95652425
0.94342303,0.90646917
0.70921612,0.64652777
0.67881274,0.58315706
0.92641115,0.85891318
0.70536822,0.69257730
0.90038693,0.94185799
0.83696610,0.88832200
0.81703800,0.85598040
0.83265811,0.78168249
0.87400460,0.90263158
0.80325556,0.83303654
0.91797519,0.91967493
0.71556425,0.71624804
0.88238639,0.80990237
0.90933168,0.90912700
0.79393691,0.80256462
0.62936318,0.59552443
0.33597755,0.23681186
0.54100060,0.50253379
0.57011998,0.54191619
0.22361463,0.18189681
0.47449434,0.42438155
0.72805202,0.72044647
0.80961490,0.91439730
0.91468322,0.91684574
0.89238405,0.92506206
0.32875669,0.24160588
0.45449466,0.27595365
0.92868578,0.85697168
0.70291620,0.66573411
0.72631842,0.89220566
0.77271652,0.47112080
0.55560100,0.48271435
0.77861613,0.77254188
0.90388560,0.96651059
0.84871346,0.72334933
0.94060159,0.64689296
0.36213636,0.72345650
0.19401318,0.18042041
0.84471267,0.60098600
0.62472749,0.49399674
0.70049584,0.71402138
0.90965438,0.94178361
0.59974706,0.29500368
0.86693859,0.90296113
0.18742526,0.05136472
0.93234921,0.94964486
0.37228370,0.47654912
0.71942502,0.55289757
0.87296903,0.81119543
0.72728598,0.90784472
0.93187535,0.89685374
0.67147660,0.67636144
0.80031550,0.40288460
0.48184413,0.42986614
0.94092906,0.98393756
0.62035775,0.61065215
0.74342895,0.65012896
0.89978588,0.95646000
0.47642598,0.50420672
0.92977923,0.87978321
0.94461274,0.92094803
0.72834754,0.66511738
0.64033449,0.60660034
0.46777701,0.44250327
0.89780009,0.89464885
0.93893695,0.92523944
0.92554986,0.94815439
0.70801884,0.88486564
0.78540486,0.83461541
0.85150784,0.87142307
0.79571044,0.83375567
0.47638643,0.56789601
0.84083533,0.84102881
0.88793647,0.85782647
0.76072907,0.67394406
0.91875452,0.95129144
0.79848206,0.59579164
0.93607318,0.87803340
0.88827419,0.86035794
0.58421218,0.66070873
0.78294289,0.82681078
0.75561213,0.67062145
0.69363731,0.58097559
0.39282155,0.39346027
0.24279666,0.34014612
0.34358439,0.21975319
0.72439337,0.59207392
0.77886695,0.87201297
0.79138607,0.78771836
0.67397934,0.70762616
0.56759179,0.67272651
0.88912892,0.87387979
0.86939371,0.96345621
0.48117226,0.42077038
0.43610996,0.15829608
0.93738741,0.91199678
0.90680325,0.95495719
0.33863360,0.35403588
0.63301814,0.66532016
0.83865523,0.92055923
0.69710016,0.91490322
0.92938626,0.97001278
0.89230865,0.88018858
0.87442458,0.93117476
0.94161266,0.95382863
0.82798016,0.86244410
0.69936717,0.73442101
0.93612564,0.91228068
0.77039343,0.93927830
0.65058529,0.46267676
0.67748690,0.70179617
0.89803344,0.91501409
0.90908790,0.91996789
0.60152090,0.54710144
0.40915766,0.31135127
0.89780164,0.93886197
0.86707383,0.90465760
0.86216915,0.94040430
0.37830731,0.66389376
0.84956735,0.82772726
0.92813575,0.91983473
0.35160637,0.39805523
0.86204267,0.87549829
0.64375055,0.66744733
0.86888117,0.79849559
0.85429859,0.85115749
0.82393199,0.81344086
0.88965821,0.87896824
0.83026493,0.66121429
0.73028845,0.55836362
0.63490742,0.51431823
0.91202992,0.87147808
0.93306339,0.91590399
0.88458407,0.90799302
0.91069031,0.85250485
0.89482778,0.96512985
0.90193558,0.95205468
0.88206571,0.91211528
0.51557243,0.65570402
0.84531134,0.75059289
0.85514796,0.72716153
0.77200949,0.57137841
0.80819786,0.76650643
0.91701770,0.91661173
0.74102235,0.76482922
0.79921049,0.74185425
0.43741229,0.31294981
0.92969912,0.96527582
0.85599160,0.85145080
0.88042355,0.80889010
0.63251352,0.76749974
0.52047157,0.41971815
0.90432233,0.84762043
0.69255459,0.87377679
0.18986160,0.40974379
0.53678012,0.66561794
0.81742144,0.82890910
0.74891359,0.86212122
0.73807532,0.68294156
0.27484265,0.31551424
0.82982242,0.72432435
0.83536577,0.87636930
0.85116595,0.89229268
0.46860385,0.70499414
0.92999023,0.94096440
0.79908878,0.69155443
0.40081918,0.42263299
0.82008994,0.78516775
0.82590514,0.73881149
0.58903432,0.26188931
0.82847118,0.92157781
0.79025221,0.71014494
0.58197302,0.63020581
0.30376309,0.46329337
0.51070297,0.48507112
0.67659783,0.77320921
0.49474108,0.51368695
0.94341719,0.95154363
0.71413493,0.82196611
0.38163805,0.31492946
0.86822474,0.86184406
0.91285425,0.91306508
0.76600492,0.81522924
0.34900820,0.29763985
0.89923918,0.91791171
0.86708927,0.84123367
0.87265939,0.86639059
0.71963805,0.70728254
0.38192090,0.50532764
0.78532916,0.75413793
0.75688922,0.79802209
0.37181118,0.06908450
0.41593689,0.46709225
0.73046464,0.48625547
0.81073815,0.91732252
0.90487939,0.91885495
0.60123265,0.35408440
0.91116273,0.91003817
0.69462639,0.76037735
0.55878556,0.57758534
0.93216252,0.90748078
0.94226098,0.92078489
0.74114668,0.43711427
0.88431251,0.89867485
0.54820144,0.58305603
0.78557181,0.66135561
0.53135371,0.60321182
0.76648486,0.78839141
0.85589468,0.87336266
0.92513698,0.91758722
0.88905799,0.82968795
0.90766531,0.94885772
0.69385511,0.74861449
0.89290559,0.87827450
0.73552865,0.85758328
0.76879990,0.82503259
0.83486247,0.79437703
0.77633375,0.77544993
0.81556356,0.96475953
0.92432976,0.88080531
0.91400582,0.93811256
0.45619309,0.53290743
0.91312206,0.88905644
0.81747299,0.82162529
0.87536901,0.82956201
0.53313023,0.54464805
0.73551613,0.85636365
0.94534492,0.93567741
0.51999414,0.62207139
0.64757538,0.75282866
0.79914451,0.83056438
0.53949451,0.60219049
0.67468679,0.59485096
0.75341892,0.92739350
0.26206857,0.36347941
0.91712970,0.93956929
0.70293415,0.58518565
0.34125936,0.31247404
0.82835054,0.84383649
0.63794369,0.60194921
0.84193373,0.90385151
0.90055388,0.91632074
0.81516510,0.79541570
0.90120476,0.92923933
0.85495329,0.87799019
0.88586760,0.91084057
0.51008731,0.60825026
0.73237526,0.80930573
0.53752750,0.44092557
0.92023772,0.93097347
0.88576770,0.94509882
0.88145196,0.82213134
0.67287081,0.79500026
0.80486149,0.73055553
0.61136204,0.65812683
0.80849022,0.89912975
0.83237898,0.60179102
0.71966958,0.67281604
0.77034682,0.68463725
0.87118721,0.98814118
0.30500191,0.46337771
0.60516357,0.68644661
0.85943401,0.84266508
0.81193995,0.79233730
0.77338463,0.84904999
0.46906698,0.62392473
0.86323518,0.87537408
0.86125571,0.86046410
0.85861546,0.92244172
0.73846716,0.12338441
0.90241742,0.92666966
0.91741228,0.89816177
0.86652958,0.92510438
0.83510596,0.78233039
0.83425874,0.88588852
0.64719063,0.63951617
0.90515411,0.89922249
0.52320302,0.43105555
0.61113107,0.26039925
0.64936280,0.57132524
0.24462318,0.52865130
0.26550651,0.34113720
0.90870142,0.85555959
0.64081907,0.68694735
0.82689941,0.94155842
0.68277341,0.67960298
0.90901268,0.98026317
0.72239667,0.71152312
0.59824604,0.11945333
0.92684376,0.91170597
0.94640577,0.94761902
0.89538723,0.87409574
0.46043271,0.63698959
0.88842422,0.91972297
0.68176877,0.60412472
0.18984294,0.17510287
0.61062145,0.65124583
0.93439496,0.94237727
0.88145465,0.81131107
0.86612368,0.85678673
0.87663788,0.89682353
0.81643516,0.68675578
0.79297829,0.69969225
0.84844160,0.89197922
0.94014460,0.93751657
0.48211497,0.52735651
0.77425885,0.67539680
0.82583195,0.81089741
0.94944853,0.93118787
0.32872850,0.23821059
0.77254248,0.88850033
0.31677356,0.29759315
0.90295124,0.98387098
0.86185211,0.68531996
0.88395649,0.90717655
0.77829564,0.63645130
0.79736811,0.63410997
0.62923878,0.56390709
0.43484479,0.38640112
0.51055145,0.59971195
0.81962389,0.81190509
0.68363333,0.77822804
0.93255693,0.94847524
0.58694959,0.50519210
0.86728221,0.93418801
0.91565770,0.94858783
0.86639971,0.86462289
0.92833400,0.93756014
0.84403777,0.81495655
0.53980696,0.48136434
0.55297029,0.37597519
0.62435162,0.70359051
0.66984969,0.62592953
0.46676761,0.51125449
0.54282969,0.54233509
0.89388907,0.87815273
0.44594431,0.49069935
0.79435331,0.90702724
0.93554795,0.93976974
0.88632697,0.93013632
0.82506490,0.91496599
0.43301505,0.46256721
0.69026691,0.81667751
0.56936884,0.61455625
0.86929542,0.86431748
0.90179962,0.92088908
0.93144780,0.95627242
0.37515554,0.35047990
0.35062209,0.27582550
0.89520204,0.89698404
0.55505103,0.49309525
0.55827606,0.59674865
0.82350457,0.90041858
0.85467267,0.84657222
0.75811553,0.74964249
0.81032109,0.84259510
0.93020272,0.92773968
0.86987841,0.86005497
0.48549610,0.43663746
0.46602359,0.65562260
0.88790011,0.77084839
0.86371124,0.88929200
0.85175765,0.56137246
0.89494282,0.95222330
0.85908419,0.93880033
0.76367188,0.61130273
0.68147463,0.66463548
0.70088321,0.57126212
0.75423628,0.81140125
0.88994324,0.87110692
0.54872203,0.51611155
0.70389515,0.82379520
0.88591743,0.92742449
0.80030823,0.86062193
0.89297801,0.87861025
0.76026988,0.76460183
0.69022411,0.62398291
0.80894500,0.88543117
0.75191176,0.65755576
0.73478764,0.71240228
0.87114221,0.88966560
0.67685777,0.61563998
0.31608784,0.27041593
0.86986923,0.82627690
0.57030272,0.36762342
0.62895840,0.70276552
0.70729673,0.76733917
0.52842557,0.50571364
0.88502336,0.89392662
0.80632776,0.70371163
0.88751936,0.92180008
0.90233684,0.95222223
0.92547953,0.97394812
0.86196828,0.87787205
0.33811623,0.26346931
0.75204235,0.60044956
0.84336418,0.88773692
0.93499583,0.94300526
0.76682979,0.65546620
0.87160838,0.88994503
0.91563106,0.94645202
0.83899665,0.85202897
0.82154208,0.84666324
0.92064834,0.92938083
0.73017061,0.65601927
0.58683866,0.79284823
0.76623720,0.86666667
0.48301899,0.49213353
0.91169381,0.90919971
0.45344537,0.37278584
0.64780611,0.61247760
0.91818464,0.98069954
0.87427092,0.89074618
0.81012118,0.92161173
0.78869039,0.78991175
0.50277311,0.50117564
0.91016996,0.92743641
0.88978279,0.93714100
0.68703818,0.62839681
0.86684614,0.86453646
0.62181854,0.51834238
0.70465356,0.51592159
0.88828349,0.91337049
0.75816846,0.84103644
0.27524659,0.26368701
0.92684817,0.94897270
0.83554208,0.86834514
0.82086092,0.83479828
0.44854915,0.32072389
0.90668917,0.91436714
0.83339620,0.92822248
0.87163049,0.66482651
0.80223501,0.87753588
0.94598627,0.95978361
0.87643361,0.88037038
0.70295841,0.82229638
0.87062424,0.81553066
0.86669350,0.90870708
0.21759069,0.22173683
0.81247389,0.81991667
0.86153096,0.88727701
0.90198350,0.97264469
0.88581711,0.88453460
0.43546262,0.39998743
0.78555685,0.72426903
0.31373280,0.37020344
0.59491003,0.62159497
0.83533800,0.80033547
0.82583928,0.87703180
0.84365582,0.72613961
0.92271334,0.91932911
0.78736728,0.80875707
0.85130185,0.96621388
0.81298453,0.73590565
0.42265701,0.53175282
0.85923916,0.95569479
0.67931640,0.85787910
0.87796259,0.91462767
0.84568220,0.84964156
0.89945704,0.92041367
0.70358765,0.43037850
0.68132985,0.65663856
0.30448133,0.34939492
0.93495589,0.91933256
0.75585133,0.79794973
0.88537085,0.24443860
0.21304947,0.19908604
0.84222448,0.92154646
0.65255415,0.79469872
0.71532112,0.67562401
0.80702180,0.79151249
0.81040347,0.66866726
0.83974338,0.84853733
0.42617202,0.66561460
0.77118605,0.81181318
0.16880184,0.16883211
0.78668958,0.69151980
0.91198707,0.94042695
0.58189952,0.57627106
0.50946409,0.52826089
0.92778206,0.93764573
0.87376183,0.87558526
0.33203247,0.41945186
0.46761334,0.40059206
0.91145271,0.93563622
0.84774387,0.81188291
0.25677484,0.14387700
0.66117680,0.67460316
0.83213353,0.75912517
0.78109097,0.69298339
0.89382881,0.92375308
0.87640774,0.94433659
0.66749644,0.33902389
0.89895248,0.88370687
0.46993721,0.60963219
0.85585779,0.91833335
0.48335224,0.58405799
0.76037264,0.75930297
0.90447736,0.87258023
0.93135989,0.93895632
0.47192770,0.43178505
0.53899932,0.38442686
0.62604064,0.56603146
0.72145498,0.71205699
0.40679789,0.32590580
0.93443263,0.88000000
0.17006987,0.09435582
0.94547164,0.93921590
0.87571108,0.94690579
0.86135101,0.86420643
0.81914574,0.86055839
0.88811684,0.82858294
0.91981620,0.91889256
0.84034520,0.79470009
0.53050101,0.47681984
0.91284281,0.91692543
0.85209250,0.76311851
0.62869704,0.53652096
0.57051396,0.43902439
0.95049167,0.92598152
0.22425956,0.14750355
0.16317230,0.12500930
0.87754083,0.94349796
0.85059190,0.90295762
0.90635753,0.93720138
0.88163108,0.90058959
0.23685664,0.21902834
0.40197530,0.37369376
0.57125700,0.24889717
0.92599237,0.96393663
0.65257442,0.78216499
0.84949416,0.79706925
0.17961997,0.23380351
0.83083475,0.80832392
0.77970350,0.81209868
0.78075421,0.72360629
0.88425970,0.93560302
0.50777203,0.42252624
0.76571250,0.76539201
0.86501050,0.97972971
0.90472031,0.96800590
0.74657375,0.77814007
0.80338770,0.67242688
0.65750188,0.55221295
0.73118639,0.48824480
0.08982295,0.07052541
0.87353611,0.89690268
0.93262827,0.92507643
0.50283206,0.54578048
0.91543114,0.91136366
0.88524473,0.91526860
0.71562797,0.88864428
0.35065585,0.31234205
0.76948696,0.68848288
0.90905672,0.90304595
0.42421702,0.56129384
0.90227270,0.84524548
0.42748800,0.30743930
0.33363903,0.52422714
0.83992410,0.71524698
0.66045088,0.64460522
0.81081975,0.90030444
0.95167935,0.94745803
0.90246004,0.88062829
0.88922298,0.92783791
0.91170329,0.92027003
0.14214724,0.17943431
0.65183604,0.95145631
0.87925506,0.93441278
0.55553842,0.68503690
0.90759158,0.87123710
0.80869108,0.88809526
0.78244919,0.69953054
0.67719281,0.81813127
0.31057417,0.37159628
0.30870938,0.29625952
0.33463156,0.28532243
0.89195710,0.85054159
0.76096725,0.92562938
0.84299046,0.87106997
0.89210701,0.84478593
0.63320363,0.73150969
0.85282737,0.92903388
0.84350765,0.76272196
0.11956316,0.08568238
0.71301448,0.76789194
0.70437634,0.81197923
0.45977402,0.48532185
0.83724177,0.79078865
0.73613441,0.65116352
0.88798976,0.96470785
0.51288319,0.55118233
0.62032294,0.78396225
0.88919753,0.77738202
0.80090636,0.86583269
0.87009382,0.84166664
0.74998814,0.70324481
0.92468476,0.94711012
0.68904042,0.85160482
0.91859818,0.93683344
0.71460551,0.58848786
0.86064523,0.88028342
0.93030643,0.84917581
0.63188398,0.70565295
0.54375124,0.41524440
0.36665487,0.54964250
0.80840552,0.69148803
0.89057177,0.95602828
0.86834806,0.83180285
0.77179158,0.79387879
0.35151008,0.47865498
0.72483480,0.90606135
0.91396052,0.95982093
0.90241402,0.81467670
0.87910467,0.78690267
0.35086143,0.17064413
0.74654788,0.84632868
0.92738163,0.93790323
0.85593617,0.85245901
0.77249879,0.47078872
0.91111147,0.84759617
0.57220823,0.76904571
0.67168671,0.67385155
0.76848757,0.73476619
0.77098387,0.88548368
0.69016409,0.70113432
0.83352578,0.84885603
0.91979831,0.90338469
0.87919927,0.82758075
0.58870828,0.52502859
0.78718126,0.65216792
0.68111652,0.62694097
0.83683723,0.83595008
0.85890663,0.93602693
0.90684801,0.83276290
0.90871412,0.85947710
0.78309792,0.79183537
0.90650249,0.95738298
0.41423631,0.66735572
0.56592762,0.64438772
0.61127484,0.56597847
0.80742061,0.64929682
0.60354567,0.61122042
0.64001489,0.66178775
0.80538231,0.65776700
0.88769186,0.89681071
0.81471825,0.76346344
0.85794747,0.95932311
0.93919694,0.92198241
0.39734989,0.48826945
0.15704590,0.10680799
0.65129590,0.68948412
0.25507587,0.29136214
0.86352974,0.97972971
0.81466913,0.80772376
0.81406957,0.76360542
0.83356899,0.84191996
0.79820144,0.77688491
0.81818664,0.78312802
0.87415892,0.84217387
0.88362175,0.90997022
0.90964717,0.90726715
0.88976967,0.93198651
0.89444894,0.81842673
0.82647121,0.79706222
0.77033514,0.80172646
0.34178513,0.31707820
0.87683988,0.95548791
0.77216321,0.86841512
0.85822153,0.84227818
0.87107253,0.84136605
0.87716967,0.84452415
0.83878505,0.83379704
0.66792518,0.80149972
0.41208279,0.48747450
0.93461716,0.98148149
0.82344735,0.87855417
0.74777251,0.64632630
0.17627627,0.13333993
0.67030358,0.59449309
0.77542478,0.80787051
0.55380714,0.39782366
0.85767132,0.89029396
0.80286199,0.83938628
0.44976974,0.47833067
0.70105177,0.68499780
0.52961212,0.60607290
0.90843600,0.93123323
0.91562778,0.86792201
0.87866300,0.88176209
0.49593756,0.62249100
0.86309558,0.87446427
0.75905550,0.85988402
0.71130872,0.83945477
0.86948544,0.92678893
0.66082126,0.45893669
0.78617734,0.76620084
0.71046829,0.65751547
0.91100919,0.86638761
0.89382499,0.93196636
0.83393872,0.91527689
0.45862824,0.43201447
0.63050443,0.69329590
0.84360391,0.82569033
0.89802492,0.90167713
0.90688342,0.93781269
0.80472112,0.99166667
0.12352175,0.07119388
0.87082589,0.91083103
0.80240875,0.85227573
0.26669168,0.22015037
0.51688123,0.33580360
0.49567318,0.71583664
0.76882231,0.69845706
0.86245352,0.93265718
0.80142987,0.74616790
0.29400018,0.17975725
0.41724950,0.64841282
0.61480725,0.58648145
0.78053355,0.76639825
0.62692773,0.58259737
0.71791840,0.57789510
0.65587938,0.73101193
0.89337951,0.88887489
0.91081721,0.92653334
0.87187785,0.77204609
0.90581286,0.94158655
0.76297456,0.73460716
0.89273453,0.85845518
0.92691785,0.96074772
0.78899318,0.76332963
0.93621850,0.92130870
0.74675447,0.63106823
0.76198506,0.86904764
0.76034415,0.62137681
0.66407597,0.69717968
0.64258778,0.62352329
0.91420537,0.19285475
0.77723086,0.93114913
0.64021146,0.67452687
0.89841002,0.93856800
0.38573951,0.34905660
0.82862711,0.75569052
0.80362833,0.56770831
0.85936654,0.92663145
0.90776849,0.94022715
0.70334476,0.67264873
0.90736580,0.88423645
0.83947664,0.86261904
0.72338217,0.60852438
0.79069573,0.53065002
0.74016905,0.68030012
0.45435452,0.47194296
0.92166591,0.93220341
0.89023572,0.89097673
0.77391928,0.66884613
0.87376475,0.88850945
0.82926035,0.88932097
0.21897078,0.16695653
0.62232029,0.61830258
0.64337915,0.67327338
0.64695847,0.85753751
0.59492743,0.53779238
0.81478518,0.86649662
0.92286742,0.89299858
0.88978314,0.96202534
0.75695866,0.57181078
0.55661309,0.60144925
0.87312585,0.85056043
0.87075591,0.78023899
0.93262190,0.91588992
0.36473382,0.28081399
0.81214303,0.75372505
0.74330157,0.80725032
0.76452750,0.72609496
0.93760628,0.98553824
0.84747094,0.78690523
0.85485154,0.88962543
0.20596474,0.12251612
0.90906751,0.96561623
0.76752889,0.81306690
0.88527030,0.93226063
0.79862100,0.90780938
0.85033321,0.95410550
0.49254403,0.50064051
0.85134834,0.17005523
0.81499547,0.67373949
0.86657631,0.94060165
0.87046528,0.84559554
0.34132105,0.26626548
0.92353439,0.94038880
0.88702238,0.93379462
0.86470431,0.86828297
0.86795628,0.93649572
0.91974592,0.87033379
0.34333527,0.30239484
0.47067004,0.75320405
0.77849764,0.64618421
0.81752723,0.80412138
0.80097789,0.84704185
0.94287133,0.96123320
0.92213339,0.99000001
0.77411115,0.79330862
0.89011955,0.84130782
0.62632358,0.56824267
0.89804924,0.93353629
0.90967596,0.94065863
0.64892769,0.83396387
0.92804158,0.86737651
0.91189373,0.93076921
0.85416925,0.81203127
0.91443199,0.91948223
0.91477853,0.96731538
0.61781520,0.66242820
0.61827272,0.50470990
0.90226305,0.95643938
0.70205200,0.72128850
0.85399282,0.84586579
0.83017224,0.76629037
0.88832974,0.91518635
0.84444571,0.65751314
0.81630892,0.86267960
0.93948215,0.92284340
0.78480083,0.71982896
0.52227175,0.44666255
0.70371151,0.80244207
0.37414852,0.55172747
0.89207029,0.89200079
0.72184879,0.57812291
0.77885300,0.70387191
0.70144457,0.35829931
0.86744869,0.78926712
0.58112884,0.62279826
0.68697482,0.63501704
0.90740311,0.95910424
0.68036401,0.80791867
0.55342996,0.37608716
0.73908943,0.60309088
0.45004493,0.67371470
0.86487824,0.80536258
0.74158829,0.70601851
0.87737346,0.77915603
0.50051093,0.49406329
0.81051576,0.89151007
0.92834705,0.94268775
0.82601839,0.73738050
0.90123457,0.92052633
0.85185754,0.83014584
0.71576887,0.46121386
0.88955587,0.83173078
0.87201035,0.88455808
0.62164557,0.66780853
0.86906952,0.95223755
0.84954607,0.83463120
0.72453934,0.56047386
0.83858544,0.71757340
0.46239960,0.27852824
0.13009036,0.19048506
0.81418782,0.73409849
0.91399908,0.93607050
0.71324855,0.67824072
0.21932894,0.52498394
0.71674937,0.47280738
0.82710838,0.77034056
0.81275791,0.58825344
0.64529783,0.51538432
0.56153536,0.48177847
0.54714608,0.58467114
0.87403774,0.90775782
0.93449837,0.92439532
0.74486458,0.67871708
0.57279593,0.68213701
0.73912632,0.80082154
0.54131377,0.75862384
0.51871324,0.33779141
0.88950723,0.98343235
0.85268903,0.88749582
0.78248566,0.73438913
0.76839942,0.72330016
0.69587833,0.67253858
0.83024758,0.87918276
0.30277181,0.28183806
0.92450738,0.97442567
0.81108248,0.69661677
0.89737123,0.94012767
0.89017403,0.92631358
0.86543858,0.88204587
0.91529495,0.93467259
0.25501859,0.41041511
0.87701982,0.91388887
0.84339517,0.84910339
0.85663962,0.96799505
0.88836265,0.92860109
0.78754979,0.83098817
0.88373017,0.93587887
0.92346638,0.96623707
0.85309994,0.91050261
0.77877104,0.90038919
0.79775840,0.86312574
0.85817713,0.82508343
0.86249125,0.88796860
0.52814472,0.39896694
0.32366288,0.33061740
0.78626400,0.88319206
0.43146461,0.41717896
0.37679401,0.55536669
0.94324833,0.90886855
0.85760981,0.57984751
0.93683076,0.90169120
0.80744439,0.81267005
0.89391631,0.94749999
0.84316814,0.84824699
0.87916321,0.91906285
0.88144249,0.81047422
0.92628026,0.97802615
0.78031307,0.91478366
0.55959523,0.44305736
0.65811193,0.78115833
0.91874331,0.94915253
0.82080680,0.87132651
0.68145001,0.69052649
0.75060850,0.76175255
0.74601310,0.71315020
0.56565237,0.58285314
0.63524491,0.52807713
0.91941911,0.98107141
0.68508160,0.65546507
0.36667502,0.44111520
0.67328733,0.56628370
0.58225250,0.73233843
0.90347922,0.96042806
0.48734534,0.55050504
0.64018720,0.66516650
0.85549855,0.86129528
0.89786208,0.82908076
0.77171129,0.74611723
0.53658003,0.76525813
0.65613729,0.90927100
0.55548978,0.60400087
0.86371356,0.94416016
0.78639865,0.66264325
0.88518190,0.09637783
0.94210345,0.96862489
0.75594628,0.80731523
0.85588378,0.92791831
0.61767137,0.55941457
0.73865885,0.60825813
0.88054752,0.86800700
0.88292724,0.97567004
0.85171068,0.66535783
0.75123644,0.72670645
0.87993252,0.86571139
0.91234899,0.91038311
0.82066816,0.59109044
0.74799144,0.82247573
0.50151902,0.45888653
0.94721329,0.91079795
0.57401109,0.49548846
0.90798813,0.89794171
0.11411041,0.11910129
0.96548653,0.89069951
0.15952164,0.15725546
0.88757700,0.96538460
0.90294516,0.94564301
0.74973285,0.71695369
0.84844774,0.62296212
0.54153121,0.53124499
0.62521183,0.65715879
0.84890068,0.66834688
0.64431620,0.21868169
0.49689254,0.55416667
0.44715339,0.43706784
0.80628264,0.80063033
0.90066183,0.90268874
0.57109952,0.60752630
0.54052615,0.61615503
0.41332844,0.37033582
0.55971277,0.61427045
0.89915448,0.97887844
0.91353601,0.90608376
0.55467337,0.56728727
0.93049407,0.97202671
0.42451173,0.35575166
0.88862294,0.92224234
0.71580428,0.63843971
0.27250224,0.30286923
0.87263697,0.91054130
0.73903310,0.68342865
0.37002760,0.28797027
0.24461454,0.20291358
0.87447166,0.86948252
0.81987077,0.91682285
0.88483167,0.78800392
0.90659916,0.87119436
0.54534471,0.43287298
0.72107673,0.70836127
0.27038619,0.32228628
0.78330976,0.86419630
0.25033736,0.16025908
0.75426990,0.74384892
0.84831488,0.81542057
0.63886756,0.58880627
0.81386417,0.76590323
0.94668353,0.99206346
0.72711009,0.77681589
0.55152416,0.50917512
0.81203145,0.85952008
0.71667320,0.63465470
0.89434069,0.88424534
0.84424102,0.63328665
0.93999577,0.94574910
0.20826870,0.11811777
0.92987549,0.91740221
0.89351189,0.90386921
0.92034900,0.94970340
0.91296244,0.87843370
0.37034625,0.39732978
0.84867632,0.84708250
0.83077186,0.80015755
0.52323449,0.55821848
0.89432907,0.39024442
0.80335224,0.84693062
0.71397692,0.69758278
0.84294200,0.93098426
0.86293513,0.82907850
0.88663656,0.99166667
0.91664273,0.97223514
0.23783636,0.24435264
0.43371171,0.42901236
0.90186226,0.82156307
0.31270921,0.35357124
0.86491108,0.92150867
0.78663415,0.56147814
0.37507838,0.23245470
0.52709389,0.48848704
0.94627786,0.92389894
0.93121469,0.95277780
0.68963820,0.76972771
0.76283717,0.67172754
0.84608692,0.84837419
0.87192637,0.82475513
0.50779080,0.23030707
0.85918093,0.82152689
0.80725288,0.76228070
0.24471933,0.28620270
0.72991347,0.66100800
0.69424808,0.86522591
0.42260560,0.36501867
0.88760662,0.94780713
0.56101954,0.69999999
0.79268110,0.85361654
0.85261589,0.97650141
0.53335381,0.64468789
0.45331916,0.61029834
0.83740747,0.73559529
0.88975596,0.93532604
0.84487152,0.70510715
0.91954225,0.90939397
0.85610461,0.91705018
0.84161258,0.85875821
0.20506638,0.34002978
0.78768659,0.95213205
0.92185521,0.98165137
0.47036162,0.30604681
0.35190487,0.25812802
0.79783469,0.82496858
0.72714806,0.51854765
0.76651824,0.76430041
0.90231943,0.93725395
0.31578085,0.33801779
0.55819994,0.63362235
0.49730891,0.50731504
0.72925961,0.62807781
0.82508975,0.87558323
0.85138863,0.94364434
0.89883935,0.75039101
0.80632144,0.74451780
0.88737392,0.86319327
0.54432094,0.38241962
0.80521506,0.81843013
0.93016344,0.86405939
0.84169894,0.86405599
0.40700030,0.43701848
0.90539384,0.87335420
0.67276931,0.50978321
0.87919623,0.81202036
0.85306621,0.88600940
0.51107854,0.50539047
0.75790387,0.85573643
0.89675534,0.91987669
0.84858036,0.88797641
0.69966269,0.70683777
0.83827430,0.79020047
0.81046760,0.73596215
0.88838422,0.94090211
0.89543325,0.94067794
0.92690945,0.95086616
0.58154571,0.59285712
0.80796248,0.86079091
0.66313446,0.49104384
0.85162318,0.81961870
0.86058927,0.82330829
0.83327973,0.87552047
0.74806511,0.78884101
0.82326096,0.79976088
0.79271591,0.82835734
0.81801230,0.71350086
0.83484805,0.86343962
0.65235859,0.59022194
0.73284817,0.72376144
0.88522935,0.77212322
0.82749587,0.87821120
0.65883785,0.67949569
0.91450000,0.92183858
0.81204271,0.56200981
0.50565672,0.54360116
0.43810698,0.48100710
0.59896266,0.50808626
0.61010265,0.63141090
0.90682626,0.97427428
0.80521744,0.64895022
0.86043823,0.92226720
0.85954911,0.91636389
0.83123314,0.70371795
0.19466728,0.17081459
0.76596797,0.66695982
0.71828318,0.71938390
0.91569835,0.90761811
0.68277454,0.71532935
0.79449099,0.88697839
0.83013886,0.82639384
0.89010692,0.94949025
0.91774881,0.96667588
0.81709182,0.86410254
0.71128154,0.78773451
0.72774816,0.77489179
0.19136298,0.21120690
0.81358588,0.79312551
0.81363696,0.70562029
0.92914152,0.87896007
0.74753088,0.91606569
0.89483380,0.90378344
0.82257110,0.90067273
0.93686080,0.91130340
0.86905468,0.84284276
0.74955243,0.87324744
0.92057604,0.93165481
0.64159143,0.54390246
0.89277953,0.85810858
0.86159110,0.89733505
0.67369020,0.70793337
0.89452446,0.95843238
0.31772852,0.05111977
0.62414479,0.58055115
0.60634637,0.60134947
0.28390735,0.17964554
0.87526262,0.98333335
0.29541448,0.27774772
0.91697806,0.93567622
0.30708045,0.21625404
0.22237945,0.15141453
0.79077864,0.85147029
0.86749643,0.92382288
0.76737440,0.73685557
0.77307600,0.71868426
0.39613616,0.44562212
0.56404364,0.66638315
0.83988160,0.86071163
0.64698297,0.67451662
0.12033087,0.13947834
0.28741258,0.26940882
0.91493380,0.95736259
0.92178398,0.94181597
0.91936302,0.99242425
0.86880267,0.92092192
0.65330344,0.66526419
0.92706716,0.95984846
0.76030213,0.69779003
0.53429735,0.38681319
0.31756523,0.32338411
0.84522367,0.80857682
0.43766588,0.53040332
0.89792317,0.86771774
0.93004405,0.87664849
0.16788781,0.18619974
0.51895732,0.49730280
0.83175689,0.88230950
0.81219816,0.72491962
0.77141607,0.67751479
0.57015342,0.62500000
0.51437807,0.64033121
0.88124973,0.90594268
0.79229349,0.68416995
0.26086223,0.33631256
0.76108724,0.84237599
0.62920719,0.70284545
0.85898805,0.87696075
0.62676942,0.81707221
0.91007507,0.98026657
0.92673397,0.93594086
0.79108536,0.68148047
0.83687055,0.85499483
0.63227034,0.55622739
0.48736721,0.65000129
0.43180782,0.44748220
0.29853296,0.29259095
0.39679682,0.36457625
0.90596980,0.95988846
0.93244600,0.90913469
0.90616053,0.94531852
0.65797979,0.73246604
0.82149732,0.83462989
0.79895353,0.71052945
0.88667870,0.94230771
0.79337561,0.66252059
0.84778404,0.90287155
0.76527500,0.75985974
0.49337298,0.46171406
0.49706125,0.31956398
0.87852734,0.85933375
0.37934059,0.76866412
0.89838737,0.94714755
0.81269318,0.87915987
0.92383909,0.93169492
0.82840776,0.86261386
0.49926391,0.19632471
0.86897177,0.90105909
0.68577820,0.72031099
0.78195429,0.76688313
0.91319305,0.96012962
0.89633167,0.86866605
0.83418018,0.90585440
0.88702106,0.93271685
0.81725591,0.88478261
0.91168880,0.86176914
0.52412486,0.51347333
0.90464115,0.93015492
0.66295648,0.68921834
0.61100340,0.79513890
0.61656594,0.59012729
0.47216541,0.62888986
0.91723442,0.89901131
0.86170942,0.76649535
0.82314634,0.82911712
0.91476560,0.88514960
0.85180742,0.89969790
0.74426270,0.76841235
0.88644528,0.84677452
0.73513108,0.64934814
0.81197345,0.76868510
0.55719286,0.61119562
0.94258881,0.97107846
0.46053013,0.63371974
0.84574008,0.89817280
0.40007704,0.68898940
0.83678019,0.81780916
0.29281294,0.25656238
0.86309046,0.84428668
0.87178934,0.85637277
0.81292242,0.81129110
0.83281147,0.89091057
0.17944676,0.20130895
0.93362796,0.94965976
0.88618720,0.91128057
0.86511922,0.81745720
0.57031453,0.54087633
0.70957977,0.84246558
0.87784410,0.78334731
0.66467845,0.60525763
0.82409436,0.62561375
0.92602319,0.90607119
0.92563450,0.91905630
0.85309219,0.85009265
0.91858864,0.96336478
0.69899309,0.71349239
0.08092296,0.11315766
0.50982887,0.39373800
0.15985495,0.18446052
0.70611274,0.75481474
0.92517877,0.97979796
0.84382027,0.89345986
0.84477699,0.82663476
0.81626272,0.29397160
0.48375946,0.62876254
0.41697073,0.28677204
0.81382048,0.73443598
0.94752973,0.95912063
0.70197546,0.83815354
0.89922935,0.94038206
0.30336651,0.37639332
0.90470350,0.86912143
0.62766111,0.66216218
0.38700455,0.42071429
0.84921843,0.90442324
0.80547673,0.81430185
0.85839260,0.84434795
0.44498503,0.38420847
0.74532115,0.65241379
0.37516844,0.28744543
0.89848441,0.89842528
0.37153667,0.22208612
0.82775569,0.88827115
0.91032821,0.92057413
0.91038632,0.93169284
0.63151664,0.71136886
0.79942954,0.72549576
0.88004303,0.82310528
0.80904067,0.82157713
0.84980959,0.91352737
0.89818358,0.83189255
0.71228194,0.50598788
0.45333475,0.52617741
0.75750983,0.89521056
0.40842986,0.47556207
0.89065647,0.90490377
0.54730207,0.65470612
0.76797205,0.77047533
0.92939788,0.94232351
0.92191035,0.92753059
0.88161647,0.89827532
0.71690178,0.48258558
0.93251950,0.93193859
0.61577439,0.52693659
0.87420797,0.74553573
0.80876970,0.66983384
0.59738189,0.59997392
0.89315724,0.89775598
0.59074700,0.62719846
0.74801058,0.81560630
0.82417148,0.70691872
0.12028366,0.06146450
0.82751346,0.73465145
0.62873012,0.85437572
0.63608444,0.60141242
0.92355651,0.92879355
0.43335703,0.55277306
0.61935353,0.42435005
0.57495159,0.61499906
0.57398224,0.56885421
0.69699413,0.73046875
0.92565942,0.99295777
0.88867986,0.94686663
0.70552957,0.84868419
0.85778421,0.87420022
0.91304958,0.84413356
0.69657767,0.71263474
0.90435582,0.96101540
0.82062417,0.67569047
0.83983743,0.76929212
0.85417086,0.80854803
0.86360246,0.70490855
0.51720142,0.46597019
0.79264987,0.84792453
0.83352512,0.80308068
0.84799010,0.97528517
0.87778115,0.85825270
0.72202694,0.81442559
0.90104717,0.98765433
0.74511266,0.87371445
0.90005898,0.89968103
0.92614198,0.96111113
0.92376101,0.88765866
0.87212133,0.90612924
0.34742492,0.47920039
0.83274907,0.86153930
0.80518603,0.73372692
0.81071961,0.86213523
0.54992855,0.48991859
0.83289558,0.81857145
0.91945302,0.95981508
0.90924358,0.93555748
0.71054077,0.75470591
0.87730700,0.99586779
0.22360486,0.15128127
0.81810385,0.93831909
0.65488207,0.65180963
0.76530731,0.73469114
0.76005203,0.73667657
0.91962922,0.95084673
0.58053803,0.45411944
0.80480653,0.82596397
0.91125178,0.91558367
0.85760945,0.87270057
0.72176433,0.79986250
0.89452565,0.92148459
0.92324382,0.92151356
0.49624723,0.49974844
0.93987262,0.84275365
0.86031294,0.85395765
0.83162975,0.81715631
0.61702871,0.60693753
0.91939020,0.95842308
0.48407131,0.32973275
0.93710780,0.95446908
0.89076501,0.95598608
0.79615504,0.78623497
0.50147450,0.52014506
0.83452332,0.83970904
0.67024356,0.63051218
0.82920331,0.88158399
0.72577178,0.61583138
0.88917994,0.95565987
0.78916711,0.75523072
0.81566823,0.67953658
0.44036856,0.53720492
0.87272608,0.94218749
0.61657166,0.66828531
0.90498960,0.89803207
0.79795760,0.72039056
0.92436850,0.95181960
0.70305556,0.57788283
0.20638126,0.19792528
0.79052824,0.86498845
0.89353657,0.83672267
0.88299590,0.96998775
0.32852179,0.35605732
0.57164484,0.77120531
0.75467825,0.59340554
0.86026728,0.92227584
0.69074285,0.70291263
0.63453639,0.47399795
0.87848175,0.82838124
0.88328624,0.96343940
0.61832297,0.73905796
0.84859598,0.80588073
0.38282052,0.68041873
0.57104695,0.52807361
0.86507696,0.84815532
0.61037481,0.61597735
0.92505050,0.92333215
0.40349013,0.36546922
0.89965874,0.70270622
0.54933012,0.30880341
0.91161555,0.96578383
0.73933458,0.78835350
0.86357856,0.90789402
0.84593689,0.94718617
0.83471972,0.95959967
0.83425647,0.87348652
0.60944128,0.84302080
0.32550389,0.25022730
0.88746309,0.92284918
0.22653610,0.31365532
0.43506652,0.27681780
0.93340564,0.95272404
0.30501699,0.23379037
0.50585759,0.17387006
0.93311787,0.94375002
0.83967566,0.80404592
0.80267930,0.89114791
0.86036605,0.94414365
0.83105683,0.81688803
0.30363181,0.26702121
0.84682965,0.86121500
0.90234864,0.93752176
0.58125257,0.60269165
0.88367420,0.83144921
0.86823595,0.76140672
0.47180668,0.25086823
0.65974122,0.78410792
0.81537199,0.85786331
0.50868988,0.29281345
0.74614888,0.70345747
0.80742210,0.90486759
0.48752862,0.47359255
0.65619957,0.75320292
0.87724447,0.88372147
0.90404588,0.96178764
0.82980585,0.80204189
0.27282000,0.21891502
0.83626473,0.88470757
0.94049621,0.95590001
0.68748629,0.72039109
0.08223933,0.13315079
0.87828624,0.88758594
0.87875724,0.86063218
0.86180615,0.73494339
0.91357672,0.92040634
0.88103938,0.91938025
0.38789615,0.26233122
0.47696251,0.35845995
0.34778470,0.29174992
0.66110700,0.74594754
0.77567542,0.86434209
0.83658141,0.68731707
0.83003771,0.73861116
0.74997485,0.79933137
0.89102173,0.87618434
0.85033554,0.91233575
0.87277770,0.90985346
0.89767736,0.95246643
0.83689243,0.88553327
0.42166442,0.30136934
0.68866313,0.69969070
0.66306108,0.59131038
0.79627705,0.92737734
0.93564904,0.90550238
0.28916907,0.32065657
0.17228192,0.12341198
0.42805004,0.63449591
0.79403436,0.56483519
0.79620868,0.79153407
0.78302461,0.75685716
0.87166691,0.85959321
0.59085798,0.32328284
0.94181949,0.97483182
0.86311382,0.93755800
0.88106817,0.75008893
0.51847249,0.54827785
0.80627811,0.77899390
0.85173899,0.86642855
0.79646671,0.85757929
0.83242559,0.80524760
0.88729954,0.89142627
0.82968301,0.85637563
0.59161073,0.55213892
0.81331599,0.79657477
0.79221702,0.93150687
0.50418091,0.64687014
0.85433388,0.81788236
0.90738583,0.93490839
0.64844990,0.60836816
0.81150961,0.75797695
0.38236660,0.37491038
0.88995063,0.84554595
0.80023724,0.94024563
0.89986181,0.89032346
0.93750894,0.94315207
0.72417736,0.70266181
0.33270675,0.17724867
0.85602665,0.95757121
0.82120687,0.66002661
0.89362407,0.89160919
0.66217929,0.71016461
0.58110940,0.17304045
0.75654519,0.63766545
0.66705287,0.65249920
0.81505966,0.79832476
0.82962132,0.75634831
0.87719887,0.93308949
0.85525137,0.91925669
0.83140177,0.61354744
0.78222811,0.71067053
0.53539568,0.49853435
0.91195881,0.96987951
0.53602922,0.47457367
0.79050028,0.46507189
0.90907466,0.95709866
0.85746241,0.84032446
0.78945953,0.79147798
0.27140051,0.22571428
0.51381016,0.62316215
0.87572223,0.94026083
0.92979687,0.95509452
0.84616786,0.91946626
0.87882864,0.86271608
0.77165854,0.67736185
0.43299234,0.29299012
0.89827245,0.93160981
0.90313005,0.84429461
0.90669781,0.93079340
0.92640799,0.92286462
0.36641824,0.27491388
0.46381491,0.47344095
0.16497856,0.27841941
0.56665277,0.48061144
0.90311015,0.93051064
0.81443900,0.75789320
0.85200304,0.94412440
0.74581581,0.77607644
0.45521620,0.72667122
0.73148078,0.69301343
0.19997114,0.17293985
0.89046919,0.96814185
0.84026265,0.82575756
0.71768087,0.72635400
0.73277378,0.86697614
0.59929556,0.31173092
0.20892793,0.39001819
0.44999290,0.16899768
0.85708457,0.85553277
0.58437717,0.81164742
0.17423803,0.16834933
0.46746743,0.42169273
0.83549494,0.80127829
0.85962307,0.89919740
0.69352418,0.79312229
0.73150414,0.57057905
0.89913189,0.88174176
0.79774439,0.85781008
0.50846857,0.64401621
0.72511548,0.83227658
0.87968397,0.95726961
0.91170073,0.91936576
0.78728837,0.83569002
0.75220752,0.68053460
0.86174929,0.80092055
0.89461762,0.79621947
0.83241504,0.63051528
0.50626028,0.36483938
0.86948740,0.93216443
0.57184076,0.86294699
0.87226343,0.85502547
0.45981768,0.61018181
0.51314116,0.49695927
0.41853350,0.32577950
0.82939196,0.82228351
0.83461404,0.87309384
0.86626047,0.95283973
0.27087617,0.26299021
0.75128597,0.89971167
0.62920111,0.33002645
0.76469004,0.84373164
0.94342983,0.92684191
0.80656129,0.87118959
0.58303392,0.69461000
0.92783034,0.88480371
0.79999131,0.77288473
0.62582308,0.62577182
0.83153361,0.84312797
0.69362807,0.85797119
0.82374454,0.82330436
0.83964056,0.95151877
0.85986364,0.69807410
0.83339614,0.72405922
0.78596485,0.77265352
0.77900344,0.67525947
0.80240798,0.83003324
0.58765960,0.62389106
0.81860799,0.75815243
0.37665248,0.28270778
0.84243649,0.77167141
0.74657840,0.65917218
0.88866484,0.93516433
0.81195378,0.93100321
0.89910781,0.87618065
0.78005958,0.81323248
0.67135894,0.52777779
0.62428302,0.84273905
0.86178058,0.92441005
0.71757108,0.58058608
0.88534415,0.92202109
0.91217220,0.92261904
0.82411379,0.92895114
0.87577003,0.97321427
0.93282777,0.94377512
0.70731407,0.76018411
0.86237842,0.67623830
0.77133840,0.89098436
0.90412056,0.91602188
0.15124279,0.17230944
0.70044351,0.32973078
0.73393345,0.81386065
0.42246342,0.27668396
0.87757331,0.87431556
0.65381473,0.56918818
0.55590647,0.42682275
0.81252855,0.63289338
0.69678211,0.77915019
0.75175685,0.60599780
0.88710153,0.88887203
0.86787206,0.87887549
0.84698343,0.86881334
0.86528224,0.84907150
0.88100302,0.91576087
0.42799610,0.28926456
0.71939027,0.47911146
0.64515519,0.72467917
0.43199304,0.25419217
0.50607890,0.47933921
0.81763840,0.79894364
0.93012452,0.92743337
0.78234011,0.64779776
0.88206065,0.84539419
0.85754758,0.91399813
0.82172590,0.87271202
0.85720193,0.89002138
0.76984608,0.66373658
0.92566872,0.95114291
0.82367349,0.88769233
0.91650879,0.90360600
0.90944153,0.90453696
0.83005327,0.87023139
0.66078138,0.56904960
0.33147886,0.16021530
0.75879180,0.58776891
0.73045141,0.71616167
0.61802810,0.37820470
0.73846263,0.65054834
0.47843206,0.50625002
0.88451558,0.94345587
0.37866706,0.17151481
0.46085119,0.46443731
0.90400767,0.88044626
0.77750659,0.88876408
0.28639489,0.11137762
0.74644852,0.82759631
0.46054789,0.33913177
0.31610566,0.40757680
0.71288049,0.59522474
0.89995706,0.82589042
0.92486000,0.89339018
0.88830036,0.93048781
0.82441533,0.87427169
0.83528990,0.87892240
0.91139960,0.87680632
0.60332918,0.65094632
0.87627447,0.92667466
0.89222419,0.82291138
0.93513185,0.93553358
0.65556961,0.88555944
0.91089803,0.91696113
0.87935579,0.72555214
0.32870889,0.28170526
0.30101448,0.37861234
0.73026580,0.80787998
0.85821128,0.75822806
0.77874589,0.76342481
0.89420801,0.92787415
0.18533164,0.25668153
0.80933899,0.90701222
0.36097276,0.44807673
0.80531615,0.81018358
0.93384612,0.91454196
0.35739619,0.38902196
0.57335031,0.68171883
0.86071599,0.94202447
0.85768926,0.88461536
0.58010405,0.61678380
0.82522494,0.81605130
0.84190977,0.85770750
0.67882812,0.76175278
0.91551518,0.84337181
0.82158142,0.74940479
0.40721279,0.31749630
0.89556408,0.93988925
0.38434088,0.40856928
0.57641149,0.61964816
0.88644439,0.84441388
0.33766270,0.26264372
0.66797417,0.81456357
0.91006821,0.94091511
0.93577242,0.94483697
0.61321163,0.77436751
0.82449371,0.73497641
0.83735698,0.92367995
0.68901920,0.77442616
0.92092735,0.94002044
0.71541399,0.63948178
0.38488734,0.29001552
0.55658603,0.47703418
0.41769877,0.46399826
0.40015644,0.37721276
0.87731069,0.78236324
0.87202829,0.92214078
0.37587175,0.27103627
0.69600213,0.76398522
0.78319561,0.67205632
0.83451706,0.83523494
0.77027166,0.64715928
0.75715017,0.51620871
0.47524425,0.32157460
0.47288376,0.45544040
0.85877007,0.87108934
0.90170872,0.89443016
0.78700721,0.83858269
0.64635926,0.57860529
0.84873176,0.88908589
0.85806704,0.89660627
0.91394180,0.92574090
0.55528200,0.54323483
0.70862174,0.60007393
0.89303631,0.91481650
0.80146807,0.81704611
0.76410133,0.58841795
0.87070024,0.88918424
0.89728987,0.91494471
0.39574867,0.68860352
0.50171876,0.52295959
0.88253444,0.88658679
0.92640120,0.94576925
0.69667232,0.49879763
0.92099649,0.90279007
0.85165250,0.88721806
0.82916820,0.81605262
0.70395064,0.87434340
0.86164594,0.90211141
0.85679770,0.77503872
0.79498339,0.71505392
0.91470265,0.88430274
0.78869855,0.92897898
0.85154080,0.90256023
0.45317912,0.40279752
0.69148088,0.84916544
0.79867214,0.83684731
0.69685590,0.70334005
0.81784308,0.87882924
0.90055668,0.87598771
0.39594078,0.31770834
0.60163820,0.28206921
0.85831690,0.89248365
0.80255425,0.85238957
0.10950857,0.05983176
0.87312651,0.85267913
0.80774397,0.77992070
0.85814929,0.86928755
0.90482432,0.96528614
0.77234590,0.71977520
0.92704815,0.96238422
0.87167537,0.85739511
0.85679567,0.78503537
0.68610668,0.79966629
0.84432548,0.93440080
0.92459381,0.92379886
0.89652026,0.98342597
0.32422093,0.20089869
0.89616984,0.90116090
0.73811090,0.69155842
0.74878967,0.78557223
0.89360940,0.89515465
0.86499846,0.93720782
0.81461221,0.92423284
0.93095750,0.90575522
0.23516154,0.13828705
0.86569840,0.86878383
0.53754705,0.60396838
0.93394816,0.96349204
0.75935668,0.51846373
0.88365608,0.93656617
0.91821885,0.89278406
0.77715361,0.87902308
0.38005239,0.30046332
0.82413816,0.53138095
0.94619799,0.87888008
0.57305157,0.75535089
0.94432306,0.93247199
0.77935952,0.79126173
0.81362039,0.76397306
0.42854899,0.49263170
0.81070280,0.87048954
0.28382045,0.31396824
0.86759424,0.84852940
0.82982516,0.83923560
0.78146034,0.77722436
0.78114718,0.54607058
0.51313776,0.39491045
0.22785026,0.36439809
0.92147195,0.92298979
0.44480160,0.35971594
0.82774442,0.66836733
0.67645556,0.82934022
0.79199469,0.74916667
0.45006746,0.56794870
0.15989476,0.26325795
0.43861079,0.32736620
0.34578216,0.47069946
0.90970242,0.84627378
0.30564857,0.24463277
0.88551104,0.89110482
0.81905246,0.88505620
0.92233241,0.94174266
0.30443808,0.41137549
0.80497271,0.91608393
0.87404090,0.79931033
0.68890774,0.51875001
0.87072760,0.91388160
0.89316261,0.92925030
0.80727106,0.78833914
0.83958733,0.79221088
0.37985277,0.35390970
0.78046489,0.81076223
0.74239266,0.05911645
0.94263792,0.91886663
0.54406893,0.56222737
0.67961055,0.68636763
0.88427794,0.95931786
0.44319129,0.32346126
0.82927734,0.78118002
0.76151705,0.85876667
0.90267330,0.88779765
0.63860995,0.71874297
0.58267403,0.53004801
0.92910600,0.95449668
0.78779817,0.79494876
0.86633712,0.87537640
0.81631011,0.86697876
0.92796892,0.93665755
0.89494252,0.90814400
0.68783969,0.65395433
0.88415867,0.89931768
0.30127278,0.18908121
0.71555078,0.82154208
0.48320881,0.69164246
0.88400078,0.93209720
0.44718558,0.35555893
0.91688907,0.80653161
0.70007324,0.85493028
0.46929869,0.38282001
0.52428222,0.19711182
0.87343538,0.95179147
0.40245408,0.12941177
0.49068940,0.31220102
0.46399325,0.44861254
0.69655597,0.58635527
0.50679898,0.44241595
0.69560105,0.79017901
0.64758295,0.73001599
0.72981721,0.71861422
0.71240163,0.73753810
0.79125065,0.71454597
0.82309455,0.92307693
0.87421232,0.80853629
0.78844810,0.81911242
0.52261579,0.61310273
0.61355424,0.16138309
0.83740753,0.91361284
0.88518298,0.93801761
0.79996610,0.73944688
0.91962302,0.95026594
0.72781366,0.68241286
0.55241048,0.29026577
0.94217998,0.90825266
0.76384860,0.56674302
0.85023880,0.83006382
0.35372192,0.37950405
0.31916803,0.24927419
0.56062460,0.66252685
0.25311524,0.16204339
0.94425929,0.93233085
0.28145614,0.31582168
0.67523468,0.54292929
0.52882683,0.50508738
0.84477901,0.72426468
0.94770569,0.96746254
0.57569706,0.65416348
0.69223034,0.73229450
0.82862592,0.83696705
0.80601370,0.91287881
0.83451056,0.78899848
0.78337717,0.67014772
0.69059181,0.66860127
0.92820692,0.98486894
0.88291490,0.91407204
0.87172830,0.79912353
0.90312028,0.90790600
0.80947918,0.70644838
0.87168211,0.91641748
0.82205135,0.84031063
0.78966355,0.87734169
0.37494493,0.62949657
0.88742381,0.94938821
0.87296671,0.82608330
0.88618803,0.94702840
0.46611020,0.63105524
0.91310412,0.88569623
0.85857576,0.77464294
0.70195061,0.74545455
0.93718785,0.98336834
0.90511417,0.91069108
0.94753247,0.89937484
0.87156463,0.78953713
0.76741701,0.76818180
0.72448117,0.57471848
0.94709563,0.93378985
0.39782697,0.52639496
0.80144012,0.76866150
0.79617798,0.89826912
0.86216998,0.84943604
0.86621010,0.81756449
0.25279862,0.24496280
0.84845346,0.76861268
0.85592151,0.85765803
0.93385047,0.90140927
0.82034230,0.84456784
0.89425802,0.91470444
0.88510984,0.92037565
0.87772506,0.85377020
0.89880443,0.79467213
0.90618479,0.94008398
0.80954796,0.65170592
0.86002469,0.91676092
0.75010043,0.90826541
0.70830685,0.60053039
0.77457285,0.76889235
0.68441522,0.65831244
0.87261575,0.86602229
0.90041625,0.93534577
0.85964805,0.86279762
0.88223630,0.94604290
0.70069391,0.39957401
0.27131483,0.24195077
0.80800426,0.93266457
0.80531907,0.80518061
0.73269653,0.72062546
0.84027797,0.78055555
0.55895710,0.56966841
0.93280101,0.92892653
0.88621449,0.95193678
0.47133297,0.38558289
0.83590239,0.90510201
0.88161916,0.89741594
0.41780853,0.37056318
0.90107131,0.89875025
0.89297259,0.86353403
0.83037722,0.83863795
0.88773978,0.93527162
0.76021838,0.75619966
0.89075887,0.92960197
0.49608171,0.44396770
0.64059001,0.70168668
0.57862139,0.83679587
0.76750010,0.69344342
0.86177194,0.89650995
0.61405253,0.60600597
0.89197946,0.99450552
0.49358737,0.51262629
0.90424937,0.95794207
0.89033788,0.94287515
0.83291769,0.83426428
0.90673476,0.86212325
0.88665015,0.94481504
0.79968202,0.85546035
0.53024977,0.60193843
0.86955404,0.86465520
0.66620612,0.69813317
0.68747348,0.64303428
0.42311084,0.53717440
0.60258317,0.84272724
0.53513032,0.54914093
0.75262260,0.78872246
0.88725072,0.90750098
0.94601774,0.96502912
0.73968959,0.54791605
0.23359340,0.28604645
0.87000453,0.88689107
0.83646035,0.63084817
0.70176184,0.81448370
0.80438417,0.84798652
0.83865970,0.81720990
0.66345692,0.61100036
0.48740754,0.37871712
0.89513409,0.93508095
0.85163915,0.95268255
0.72496980,0.63884330
0.91624808,0.91655874
0.23429531,0.18856642
0.70916605,0.43263334
0.45116663,0.22155657
0.87806189,0.89042938
0.62809151,0.45910111
0.82432258,0.73458838
0.91539133,0.89012313
0.85091162,0.83894086
0.93663126,0.95038587
0.84040034,0.79125559
0.90624511,0.82203388
0.85141116,0.82721812
0.82744664,0.92786938
0.24834603,0.23721561
0.81673563,0.80576110
0.89100319,0.80829614
0.34776312,0.37508041
0.35222727,0.39418384
0.85324395,0.93737882
0.76502520,0.72736418
0.88088804,0.94878781
0.94028848,0.96307963
0.33210561,0.23443674
0.93034244,0.95625705
0.34205109,0.32948253
0.25521994,0.33280957
0.88283950,0.92866290
0.65481055,0.59002978
0.84466159,0.86577785
0.70888829,0.67957091
0.38460469,0.37083334
0.32545471,0.30060565
0.88571620,0.88114440
0.80966479,0.86221063
0.75154507,0.92929351
0.91356260,0.94755554
0.80685622,0.93284994
0.84165096,0.79547930
0.90854174,0.59764564
0.25893837,0.18849500
0.54869926,0.45049426
0.59469455,0.73779058
0.83083487,0.74086756
0.89336812,0.90647060
0.79947746,0.87305856
0.86492509,0.78616065
0.84134740,0.81487179
0.85705352,0.88617051
0.76806343,0.94964349
0.86956310,0.88360649
0.74818414,0.69574910
0.88490283,0.92451078
0.82703477,0.87648630
0.79624200,0.66000003
0.85587007,0.86680472
0.88013589,0.92136472
0.90540254,0.98305082
0.82417756,0.85917401
0.87931752,0.85643667
0.92444086,0.97607863
0.89887810,0.86778843
0.22815728,0.11444855
0.54511344,0.66009390
0.58149886,0.31722808
0.46405134,0.52303976
0.76213455,0.81928641
0.87946045,0.92797798
0.39482871,0.52903360
0.84036314,0.57935721
0.89278400,0.84517330
0.63789225,0.61519480
0.89780450,0.92339206
0.42550540,0.37234765
0.36111963,0.34595588
0.95093429,0.97681099
0.70879513,0.92441779
0.29021162,0.26586309
0.90685540,0.93525636
0.81361794,0.87356466
0.72028303,0.76463962
0.87365824,0.83113098
0.81216007,0.81653941
0.86592400,0.74366540
0.26133198,0.74915254
0.23112023,0.15166023
0.83791739,0.93917751
0.77277923,0.57265884
0.75439483,0.72574067
0.82027841,0.96226418
0.72838694,0.53176051
0.89442992,0.91369045
0.78295928,0.91626227
0.83243501,0.78528452
0.80415797,0.89729768
0.77026719,0.58861798
0.76921046,0.73949623
0.47445309,0.33631712
0.81861407,0.65859860
0.93088996,0.94795454
0.91838557,0.90801525
0.84967983,0.82967067
0.33346215,0.30645886
0.43355393,0.50251269
0.71517336,0.57917917
0.93264151,0.94779015
0.39148295,0.41248873
0.41435811,0.48412770
0.86753744,0.84244376
0.89595765,0.96799999
0.79871368,0.70853096
0.30492657,0.34913969
0.66262317,0.74974638
0.45831943,0.58547497
0.85316992,0.89215314
0.79141217,0.78218085
0.91257101,0.93565577
0.87180436,0.78867966
0.93037468,0.96692306
0.23890120,0.26499084
0.14129883,0.19875507
0.90507233,0.89975178
0.69579422,0.64754456
0.92864037,0.95454317
0.67059326,0.42990908
0.84459478,0.87952393
0.62361836,0.80987573
0.72261381,0.68158633
0.89566338,0.96209157
0.62768388,0.77735543
0.87183070,0.91145277
0.87639570,0.89309311
0.42696029,0.53292096
0.91583383,0.96157050
0.81467992,0.87500000
0.80328166,0.82282609
0.82743120,0.91638511
0.66263872,0.58630854
0.92317641,0.93979931
0.75621235,0.59177703
0.82278907,0.89854771
0.81257033,0.72432882
0.65742117,0.63698202
0.90698868,0.93027323
0.64077348,0.56061918
0.82338065,0.77020580
0.56193817,0.42132545
0.85232890,0.94683260
0.91717035,0.90500355
0.90846264,0.94230771
0.74963474,0.65608561
0.62591082,0.74019837
0.75575882,0.70291167
0.31484273,0.44576421
0.69128144,0.90727490
0.82725555,0.94602466
0.33079427,0.33775628
0.91094005,0.95109040
0.90830541,0.91905427
0.52173954,0.50566500
0.84156471,0.90048444
0.65763330,0.59053195
0.93715072,0.97306174
0.67295682,0.75476748
0.39568257,0.33456340
0.92184395,0.96128732
0.85158259,0.81549895
0.82521594,0.85439688
0.76739407,0.85401893
0.80461138,0.85075760
0.92749822,0.95165145
0.93170333,0.92686504
0.33659816,0.48505858
0.90678233,0.95390511
0.82979280,0.80599838
0.82757950,0.90769231
0.83947819,0.79080892
0.86753452,0.90397990
0.49018952,0.36405113
0.87574548,0.87470949
0.85977674,0.93694389
0.68396378,0.79691780
0.78370845,0.78330952
0.88512421,0.96805274
0.57275438,0.76921332
0.88510972,0.93607086
0.76819426,0.72216403
0.81048048,0.94570917
0.75264108,0.78358960
0.15061945,0.22785492
0.22216737,0.30344516
0.90029061,0.97201425
0.91320431,0.92996705
0.39515051,0.49853569
0.79261583,0.71849275
0.77148610,0.95070422
0.89590740,0.88003707
0.79458046,0.83245796
0.78604907,0.69407368
0.93366194,0.97383201
0.84928679,0.84758884
0.92685372,0.91683120
0.90814829,0.84386200
0.91822928,0.90087718
0.70978761,0.79504013
0.88304806,0.90407240
0.87570167,0.88486165
0.45770097,0.47393841
0.85970229,0.81459248
0.74348122,0.65215379
0.69772071,0.70029688
0.81794375,0.76731455
0.68604761,0.65735173
0.83965886,0.87525922
0.53099751,0.51220894
0.84617186,0.79191267
0.88748014,0.83404255
0.93753242,0.95983928
0.43464625,0.36042839
0.78376579,0.80392855
0.85632747,0.85172158
0.64236569,0.72687620
0.88423949,0.92983389
0.90195739,0.95673680
0.86497462,0.95630878
0.88276553,0.97462410
0.91199273,0.89845413
0.87824792,0.79668605
0.92685550,0.88697374
0.82801557,0.86759579
0.74975657,0.88792294
0.91956788,0.93200159
0.88633466,0.93097031
0.87392533,0.85191262
0.40305823,0.43764684
0.92328316,0.95304269
0.92600143,0.92646158
0.36544162,0.39971015
0.74172062,0.67215383
0.16891289,0.25180703
0.77643859,0.81518060
0.87739909,0.86124969
0.88093537,0.81611842
0.81080049,0.84769130
0.65986192,0.50645941
0.09752518,0.08762792
0.29831696,0.21655035
0.88409156,0.88651985
0.77074754,0.83152914
0.85531962,0.82580411
0.45732296,0.56879222
0.76192218,0.51782811
0.92764258,0.92928571
0.76188999,0.61852694
0.85840440,0.87166262
0.55831230,0.56360048
0.85949606,0.86212993
0.82496715,0.78719491
0.26831084,0.27508554
0.86696768,0.04841315
0.80926198,0.80169010
0.56462950,0.68397969
0.92205042,0.91978264
0.86934972,0.94484937
0.38033009,0.38727298
0.78658414,0.90857321
0.82889676,0.89265734
0.07565767,0.06653640
0.86870539,0.89169848
0.85304344,0.90864319
0.94849479,0.94609249
0.88715577,0.90433514
0.61326957,0.75037980
0.72052395,0.76231754
0.86457276,0.80713177
0.59354931,0.62611806
0.35756052,0.40342155
0.85618508,0.91816008
0.86991906,0.88266206
0.42439157,0.33628988
0.40080398,0.30961546
0.94583476,0.87369770
0.84335887,0.84653473
0.78535807,0.76207525
0.40849954,0.72625697
0.72019070,0.83388489
0.74898386,0.68317592
0.82355994,0.86365926
0.88831031,0.74751997
0.84970194,0.92639738
0.87802070,0.96173269
0.86817032,0.93501294
0.34858423,0.25788260
0.88970304,0.88248795
0.22289801,0.27713567
0.34371233,0.23388544
0.73668659,0.88203245
0.39882070,0.22875798
0.63889897,0.45881549
0.55151105,0.37987551
0.82665116,0.68915665
0.57567310,0.52350962
0.88884085,0.90397918
0.73381650,0.75808090
0.85488045,0.92827880
0.79457521,0.66389322
0.89005983,0.74797606
0.58967167,0.61400348
0.84104204,0.87679505
0.89755249,0.85100001
0.78293407,0.76419407
0.57391673,0.70871383
0.34899521,0.37168610
0.36215913,0.25433421
0.47082797,0.55558765
0.27778435,0.37943745
0.70784777,0.70826066
0.72097498,0.68231523
0.86901951,0.83614987
0.57177985,0.66354609
0.58984852,0.56455427
0.89351445,0.91570240
0.81785834,0.94852942
0.82444394,0.87019229
0.78887236,0.67060351
0.89095807,0.87860221
0.44701421,0.43408552
0.90318781,0.90430224
0.46572477,0.47454759
0.55298829,0.51738435
0.47304535,0.49768543
0.88775474,0.91897058
0.73142231,0.75338256
0.28078711,0.33257172
0.83631009,0.89344037
0.88796806,0.91629022
0.67486334,0.73072940
0.83068573,0.88801169
0.38666952,0.32324985
0.86205178,0.94017380
0.47550482,0.62384528
0.79618686,0.81833214
0.88761997,0.89733124
0.84264129,0.93570572
0.82899791,0.80914003
0.56774837,0.67290825
0.69236219,0.72541469
0.93057024,0.97580647
0.73847747,0.73941207
0.92283696,0.92059553
0.91225660,0.89386451
0.93444347,0.90226364
0.88165939,0.93188852
0.85186642,0.92187917
0.89053762,0.82926828
0.93485200,0.90646851
0.48957586,0.59047621
0.75716156,0.65952832
0.83524442,0.79450709
0.78221273,0.90077573
0.46682882,0.55291277
0.62816834,0.79394019
0.94455379,0.94914114
0.82921946,0.85851353
0.70677292,0.66111636
0.52256942,0.68265980
0.78984231,0.79583335
0.94199872,0.91269839
0.77704841,0.28492424
0.81827134,0.65308434
0.62736976,0.60615385
0.83903182,0.82792622
0.83386981,0.82487172
0.71631682,0.79496950
0.77880925,0.73055607
0.80961663,0.87011999
0.91670752,0.92416620
0.81683415,0.74605095
0.89005709,0.91570044
0.71832943,0.91728526
0.91456079,0.96706986
0.24252611,0.23533912
0.53210461,0.62380713
0.94483840,0.96905977
0.90712750,0.78756368
0.91657352,0.89470923
0.76072305,0.71027851
0.87181461,0.89061230
0.92546409,0.91687191
0.93963385,0.93857831
0.82607710,0.83492053
0.55719423,0.50351262
0.55146766,0.45799181
0.55435187,0.71102941
0.80411166,0.54235274
0.87217706,0.90381426
0.83104062,0.85565293
0.91051626,0.86322647
0.20348352,0.17943865
0.88267595,0.91248631
0.67477226,0.66569257
0.81422532,0.79492009
0.89908803,0.85245121
0.85309130,0.81559318
0.37208712,0.41204482
0.73842990,0.82869667
0.57612193,0.57735616
0.71844751,0.94763815
0.69776136,0.52567416
0.34113246,0.27283254
0.83008713,0.77820754
0.83540273,0.80371416
0.70771569,0.64583331
0.76821190,0.69887793
0.62904584,0.70807451
0.85274208,0.92517263
0.36180723,0.36639267
0.94116175,0.92623454
0.73552281,0.75976318
0.93359381,0.94687277
0.64428616,0.66178685
0.81285000,0.86329669
0.86780936,0.96053946
0.89523828,0.96490383
0.85833949,0.76452470
0.07274634,0.04907224
0.79131120,0.73474181
0.84881121,0.84605688
0.82315189,0.80925405
0.88724732,0.83467120
0.76462632,0.87336600
0.73661762,0.80581552
0.35597691,0.29188052
0.81163138,0.90178400
0.92239648,0.96808511
0.87080628,0.90359366
0.89679569,0.94184738
0.38623410,0.37508628
0.53853202,0.57276696
0.34042555,0.31777900
0.79330474,0.72867787
0.40081319,0.45838079
0.91111696,0.96690059
0.78128976,0.76967627
0.92152262,0.84325379
0.69539994,0.77817506
0.58086646,0.78527069
0.83872837,0.88919914
0.70649183,0.47211823
0.77622396,0.81373334
0.88597292,0.92434543
0.86410058,0.90702969
0.38601810,0.36060503
0.76051313,0.79690802
0.87136471,0.90548658
0.84559828,0.74968606
0.86262578,0.85537040
0.91423434,0.94372815
0.65299851,0.63958174
0.27123863,0.29538941
0.82237464,0.87087911
0.83553332,0.78552634
0.78456783,0.80993885
0.75062799,0.64122051
0.59537983,0.90967745
0.90920430,0.94041324
0.64535731,0.66906327
0.91910058,0.85280538
0.83127975,0.77713078
0.87575775,0.90087938
0.47586277,0.36320755
0.71026433,0.80348140
0.57755011,0.45288461
0.76281029,0.80483484
0.75224018,0.66613168
0.44550645,0.45424199
0.86880368,0.80536550
0.62679327,0.58970314
0.89536297,0.86410403
0.88906914,0.93724263
0.79208982,0.79350895
0.92636091,0.94241124
0.84419906,0.09493448
0.57279837,0.70093668
0.82708549,0.91849816
0.61649418,0.77214825
0.90937537,0.91477275
0.23195094,0.19832759
0.80653876,0.77344030
0.89399588,0.81774193
0.62898499,0.74101347
0.83469349,0.79667425
0.35636172,0.39893100
0.78890479,0.75262189
0.92758775,0.97436619
0.77410489,0.58208001
0.91857052,0.85481483
0.64621252,0.65468109
0.83983368,0.92648536
0.66912901,0.74169868
0.94033182,0.96470946
0.21085185,0.14268395
0.86295736,0.85882354
0.92239869,0.96330440
0.83920121,0.82924050
0.83744544,0.77595627
0.60438716,0.44452891
0.83866441,0.84760499
0.74738538,0.63616735
0.83316135,0.75533837
0.82840163,0.77235162
0.93536526,0.92451161
0.44650793,0.52540648
0.72205734,0.87541831
0.82118708,0.86324370
0.90789926,0.92401743
0.89848447,0.79488355
0.79213399,0.81569493
0.91826910,0.91648656
0.63702023,0.78724122
0.76391423,0.81261754
0.90404701,0.89749157
0.83044028,0.54038197
0.73752004,0.41161060
0.31295854,0.27785650
0.86334872,0.83435541
0.90504372,0.93596226
0.74192280,0.66906357
0.26571295,0.09331770
0.66295594,0.70543820
0.51960868,0.39207914
0.56500226,0.66717333
0.86119574,0.76567328
0.88247478,0.87568682
0.94261783,0.93506479
0.65275067,0.70934904
0.89957607,0.90208632
0.39178985,0.35040271
0.73174858,0.85967463
0.88784719,0.82354587
0.75422317,0.61100799
0.59097004,0.69261646
0.92760748,0.92561406
0.74555302,0.67673612
0.93144858,0.86098039
0.93168664,0.97058821
0.77825832,0.73329091
0.59611487,0.55677921
0.57341099,0.68556148
0.93040293,0.90425187
0.89723545,0.93237972
0.84454948,0.92176437
0.71720099,0.75551468
0.92900032,0.94066691
0.86131418,0.91112089
0.82624757,0.79359227
0.61497831,0.65434331
0.63260734,0.66588682
0.84183371,0.88086140
0.81894815,0.86908519
0.88243550,0.92590219
0.42773208,0.27918723
0.67356026,0.75859374
0.56632555,0.60708481
0.88417339,0.88536286
0.74528193,0.82017541
0.87968522,0.85367477
0.63594115,0.29310322
0.82989526,0.75720918
0.82052672,0.84809572
0.82159209,0.90018588
0.81478930,0.90471417
0.79150039,0.83271801
0.87614894,0.92495608
0.81437051,0.80089670
0.66515052,0.62819201
0.74990946,0.87680167
0.26485577,0.18476626
0.54712749,0.65500969
0.86350656,0.86213160
0.91309822,0.88749844
0.76499408,0.68462902
0.79859459,0.60758698
0.52389252,0.44687781
0.54806358,0.54361302
0.83272582,0.89737171
0.39544043,0.33808678
0.89252394,0.93352044
0.82115275,0.88174605
0.73604852,0.67734772
0.67461932,0.60252136
0.46265090,0.47512907
0.67911255,0.71401262
0.88383055,0.85995477
0.69684553,0.70470148
0.67114800,0.72416669
0.89382339,0.92451495
0.87478352,0.89092827
0.63356340,0.48940939
0.92938769,0.85253119
0.79328680,0.72226584
0.81924075,0.82371795
0.82639837,0.72313339
0.63740134,0.69491524
0.39795488,0.28302512
0.83537436,0.66316849
0.80395454,0.78918386
0.76486439,0.86122358
0.70881963,0.61486304
0.93304962,0.93851012
0.82071716,0.86617076
0.30996192,0.21854033
0.89878714,0.86709678
0.64059067,0.44594145
0.68619049,0.70934421
0.84816158,0.57563108
0.77292925,0.84181809
0.88062948,0.89143956
0.38730127,0.33776334
0.90771413,0.88076925
0.72989202,0.62833571
0.73073083,0.65507013
0.49489242,0.54255599
0.89746016,0.94780439
0.87714553,0.84815168
0.90697032,0.96512538
0.90940595,0.94533569
0.15943605,0.13820100
0.57233191,0.63128549
0.90741938,0.87087184
0.80467671,0.77670741
0.62685925,0.57333332
0.73211497,0.73601484
0.71137118,0.60244495
0.93693423,0.93458170
0.73903543,0.74855393
0.87725514,0.85432756
0.91859865,0.90358436
0.62819076,0.36324245
0.87539363,0.90914899
0.22337353,0.23429488
0.69938356,0.67422217
0.78335840,0.91130614
0.79670572,0.86633402
0.47782272,0.45963559
0.84681231,0.93364704
0.86665583,0.90337920
0.84103578,0.88635087
0.89181507,0.86596137
0.17377537,0.14238474
0.75180936,0.67353058
0.79522258,0.65959710
0.72308636,0.68902355
0.87266678,0.94130772
0.90279448,0.93890327
0.81017417,0.83010000
0.79697663,0.76870990
0.75893766,0.78508079
0.41589665,0.20129573
0.69643986,0.73593277
0.54641533,0.69652408
0.88605773,0.89276779
0.94110477,0.95815170
0.73516238,0.85358393
0.85477591,0.95081967
0.80872083,0.87386876
0.89194643,0.92785192
0.86157417,0.82240474
0.59099102,0.51847291
0.57934678,0.54570955
0.84660417,0.91483933
0.91542017,0.96159512
0.92070347,0.91969699
0.88220948,0.77557325
0.93287587,0.94213098
0.48915231,0.59547079
0.75313121,0.63316905
0.86577070,0.85747862
0.82747066,0.88942462
0.80929077,0.76581365
0.81801063,0.92413795
0.88888592,0.86388087
0.86377132,0.90184408
0.86627758,0.94159889
0.58358938,0.47769994
0.47750300,0.51582682
0.70679384,0.65855271
0.67352247,0.55837613
0.69497222,0.86041665
0.89501059,0.81261653
0.73107803,0.64788085
0.85317564,0.90757883
0.58765262,0.68867254
0.27902079,0.27033615
0.85846376,0.86742425
0.88839382,0.95296687
0.86079830,0.87668997
0.71591723,0.70405483
0.91251528,0.90872830
0.28390002,0.26891235
0.45193204,0.28844616
0.90863907,0.93867528
0.88842607,0.95836520
0.88025326,0.85400099
0.60361755,0.64777327
0.85996091,0.94413793
0.16215438,0.58318377
0.87171912,0.87031418
0.86020488,0.90730679
0.88245183,0.89260840
0.83719456,0.85858172
0.61911762,0.44202900
0.30978256,0.22620282
0.88357925,0.93948317
0.91318530,0.95407110
0.88849890,0.85167789
0.53218281,0.31044713
0.39029127,0.53255486
0.70443302,0.65804696
0.48530388,0.71916008
0.79994744,0.82708436
0.79823351,0.90111095
0.86980999,0.88809043
0.64087403,0.61163920
0.61176938,0.29148528
0.87407196,0.84470338
0.78692555,0.76190341
0.57385200,0.67272520
0.89297849,0.96080023
0.80381286,0.93525702
0.90116107,0.96389180
0.74199903,0.64065313
0.80055171,0.72689146
0.85930210,0.77282280
0.64142799,0.57794201
0.20030171,0.35547245
0.71823907,0.93001091
0.81869054,0.76111454
0.45782787,0.52020627
0.12725997,0.17866541
0.80773711,0.69835669
0.52696890,0.33899325
0.65606964,0.67985255
0.90527868,0.92778361
0.19609201,0.10347844
0.82703251,0.86087668
0.86792755,0.91655713
0.55363572,0.68643981
0.82369518,0.61396575
0.70870972,0.78740156
0.82611829,0.83333802
0.45367795,0.77130038
0.87081367,0.94031703
0.86360753,0.91185915
0.87538278,0.83411217
0.46956229,0.89218092
0.77949238,0.73265839
0.92284644,0.94374889
0.86253738,0.89110535
0.41168866,0.51438850
0.82006866,0.74140918
0.65979451,0.72272569
0.18854988,0.25613412
0.88914603,0.91926461
0.71238405,0.67595762
0.35342288,0.35258478
0.59139156,0.75138831
0.90765631,0.97033179
0.83996701,0.56723893
0.18610221,0.06769641
0.88188171,0.90299064
0.75311428,0.75866234
0.43354243,0.55458927
0.58397329,0.64275974
0.71197528,0.78007442
0.92117560,0.93749142
0.22235674,0.33064476
0.17453361,0.13935617
0.70783007,0.76309842
0.84776151,0.70236617
0.81184232,0.82342285
0.88328171,0.96078664
0.70078164,0.61427450
0.75276804,0.86798906
0.81998956,0.94516754
0.79374462,0.86344659
0.90642995,0.78021848
0.85871935,0.88256192
0.89227021,0.92800957
0.69803703,0.70984000
0.17995864,0.19401021
0.92052746,0.93364310
0.82592875,0.85556608
0.86607152,0.82829678
0.76737493,0.86018974
0.89028376,0.93216723
0.84874135,0.83884478
0.90274227,0.91721135
0.83108139,0.85417455
0.56710839,0.44195944
0.69885647,0.63091153
0.91606009,0.92968750
0.91420525,0.98076922
0.92309737,0.93113101
0.93112916,0.93695152
0.63581961,0.59340662
0.73325628,0.75494677
0.38684136,0.56511414
0.62776399,0.59271789
0.62219453,0.57225901
0.67019725,0.63688868
0.69143331,0.85099202
0.52527165,0.51166642
0.84416401,0.86235178
0.89556104,0.71102273
0.68512148,0.74606460
0.67274791,0.90601236
0.74154395,0.82942766
0.86783546,0.95560515
0.21101588,0.17277816
0.38408044,0.41530049
0.29394570,0.35408485
0.73375839,0.86810982
0.86986971,0.87404394
0.83581942,0.84020394
0.88429272,0.88895178
0.87154132,0.88835049
0.74366182,0.75410956
0.37637645,0.19355844
0.71069843,0.70774949
0.83473229,0.79755753
0.95156449,0.94196790
0.63583148,0.53551751
0.75565505,0.69441104
0.82021993,0.74720901
0.62600625,0.80436713
0.80296141,0.90191597
0.70133471,0.81031436
0.36639398,0.57670254
0.60876441,0.37342286
0.89736718,0.90213126
0.88199234,0.91887301
0.20173043,0.21821387
0.87598407,0.84253246
0.86736029,0.91629750
0.69332349,0.85547787
0.34754825,0.17727028
0.83908051,0.76651859
0.72690076,0.61042839
0.41851839,0.57232702
0.72717619,0.77196455
0.37003446,0.31979588
0.89230371,0.94718504
0.81613201,0.82682014
0.79828346,0.79161072
0.90454775,0.92636448
0.89120251,0.87543857
0.67783761,0.73408186
0.84723300,0.91348845
0.84207231,0.83029968
0.62845618,0.54387695
0.47149691,0.09005424
0.89595020,0.93725491
0.90915823,0.89542693
0.83836186,0.90824288
0.71527213,0.68916667
0.70219862,0.75555056
0.90540671,0.88198572
0.78987801,0.78076386
0.76066756,0.90701753
0.86210030,0.81612223
0.89640379,0.93109173
0.79609066,0.63605124
0.19571644,0.22940685
0.74875414,0.68094826
0.10125262,0.09789793
0.64563757,0.55041182
0.81709099,0.66631186
0.58113134,0.38241181
0.55936521,0.58136481
0.13896221,0.14239281
0.57942808,0.41961285
0.76726609,0.67160743
0.85604393,0.81496948
0.91726393,0.94230771
0.61203808,0.54797554
0.24222785,0.22549520
0.90424466,0.88494551
0.85084343,0.87281960
0.87673748,0.79909480
0.91711879,0.97513658
0.85354006,0.87907219
0.88757968,0.82881582
0.52291548,0.28370300
0.71056682,0.50191200
0.55756730,0.55876905
0.85075462,0.84394497
0.83782107,0.86643320
0.87751621,0.88522571
0.90309596,0.92619932
0.65379125,0.62764049
0.85179883,0.83414376
0.80665123,0.59026688
0.87089515,0.88969105
0.84800756,0.87930161
0.66241354,0.64108753
0.70538867,0.69405240
0.79925996,0.44936466
0.59259653,0.65328610
0.36646694,0.35587573
0.84339237,0.92472613
0.85038739,0.89193571
0.90231895,0.91976273
0.70746148,0.56158555
0.76570141,0.93181819
0.82731009,0.93839288
0.88053989,0.89677179
0.58558279,0.61343890
0.77996916,0.64621210
0.84754908,0.93771851
0.66698229,0.64251715
0.87444133,0.80676502
0.89073598,0.92940140
0.27287343,0.56573516
0.80707562,0.83414179
0.76107335,0.61239034
0.93696076,0.94537038
0.75247192,0.89517760
0.84402448,0.84082633
0.93044031,0.95478034
0.80003107,0.82629454
0.90949517,0.90221554
0.83043844,0.71525139
0.69913149,0.65284371
0.74426538,0.88858747
0.71424848,0.34324324
0.89316940,0.92129201
0.48920631,0.52965587
0.82730722,0.85662329
0.69412184,0.62984276
0.81933743,0.84014910
0.75267696,0.67456281
0.74200422,0.81367642
0.83464730,0.87737381
0.84283239,0.71979111
0.71325576,0.60012245
0.76846164,0.80896324
0.49510229,0.79903263
0.82952636,0.84898800
0.81683081,0.89979094
0.65678012,0.54217803
0.86928105,0.87184513
0.36375952,0.35023639
0.89721000,0.86972600
0.90647298,0.93309766
0.87368643,0.42963848
0.92869580,0.95238096
0.90432400,0.90292448
0.47002894,0.59359169
0.86538696,0.84764689
0.89642382,0.93941593
0.61689854,0.54642147
0.50011003,0.46075755
0.82913327,0.78745866
0.92453057,0.88140428
0.85530752,0.85532874
0.85873705,0.87586004
0.49366963,0.41097781
0.52510291,0.81294906
0.54702395,0.69873011
0.80753058,0.76341772
0.37700790,0.41939652
0.89707816,0.93331707
0.41473305,0.38063678
0.73231441,0.81461120
0.86010194,0.86356544
0.76280522,0.81888497
0.80402935,0.70126402
0.89143074,0.84600532
0.73725581,0.71799242
0.60588348,0.80576766
0.14208072,0.11573371
0.13124365,0.14471753
0.24415880,0.27370870
0.40400562,0.21802193
0.81965744,0.86745286
0.86932456,0.91761792
0.47425038,0.55567831
0.26369333,0.08684523
0.90165174,0.90174997
0.87905139,0.97752810
0.77649379,0.50587827
0.92899442,0.95787656
0.83509594,0.82811010
0.71970385,0.58943623
0.83721507,0.84034121
0.56267178,0.72468823
0.53671384,0.41787943
0.59297395,0.67524695
0.83592427,0.88715434
0.80804068,0.85143358
0.70770150,0.76572299
0.84810698,0.73267573
0.55328500,0.41130349
0.40256149,0.41253459
0.52409917,0.42333701
0.75564206,0.80225331
0.31205350,0.37073177
0.86811399,0.89083129
0.92785925,0.92635638
0.85037386,0.90638530
0.94307303,0.92786336
0.87346888,0.88932884
0.87531912,0.87222224
0.83402979,0.76081729
0.88172740,0.84429973
0.84949708,0.86156839
0.50818038,0.45977011
0.89527053,0.87298405
0.78257996,0.47832707
0.69710153,0.52225542
0.69593573,0.79806578
0.88636899,0.88583738
0.82826495,0.87263954
0.64758646,0.70811111
0.84526622,0.81082720
0.80390400,0.75315470
0.50225002,0.55298787
0.85076487,0.86960250
0.86296386,0.89337331
0.30482477,0.29517210
0.33107662,0.38227704
0.85760272,0.94754153
0.81980705,0.89941752
0.63197434,0.72067940
0.84218752,0.92671192
0.79187930,0.72892541
0.37849852,0.40477979
0.68950707,0.49698871
0.68258965,0.22254266
0.85980433,0.91021466
0.65961158,0.75062531
0.89271402,0.89143640
0.85830998,0.92778337
0.90639800,0.84831065
0.79507095,0.81224483
0.69870466,0.76156652
0.88440657,0.82895660
0.66796362,0.54846936
0.91865826,0.93164825
0.69766474,0.79267889
0.32652652,0.17075326
0.44002396,0.27600297
0.93866694,0.93757331
0.86054057,0.71526593
0.72905862,0.66985452
0.65067375,0.41604635
0.84113854,0.81719166
0.17291886,0.21320389
0.70832866,0.72617304
0.92400420,0.94099051
0.81496727,0.75108284
0.51985276,0.46733695
0.13888031,0.10089324
0.96338785,0.94463146
0.72494638,0.74892473
0.86539686,0.84465814
0.45392415,0.58803153
0.78730327,0.78171647
0.80892092,0.86781013
0.44195032,0.48348597
0.83738720,0.89264327
0.54790151,0.50515997
0.93348080,0.91790068
0.40462154,0.32206389
0.84880036,0.85796642
0.55535054,0.50573266
0.26465625,0.20284900
0.90207148,0.87166619
0.91007578,0.93390751
0.87602359,0.99810249
0.50851941,0.66365343
0.60972214,0.42079458
0.81884134,0.71060944
0.88450873,0.93063945
0.75830603,0.73101854
0.88693368,0.95595813
0.63794190,0.61693120
0.70076829,0.85039145
0.94937688,0.96496212
0.39463592,0.24882154
0.88257635,0.92705601
0.81515706,0.88428366
0.38171682,0.38980940
0.84896076,0.93256634
0.90216744,0.83937222
0.76140088,0.72542518
0.74704754,0.67465597
0.67575788,0.82082480
0.87873870,0.90278625
0.89264178,0.89822596
0.83890903,0.68520772
0.62818551,0.38532355
0.64795828,0.48704740
0.86771929,0.83126938
0.25769293,0.18162036
0.92924571,0.90208477
0.86228365,0.77817488
0.86335319,0.97225618
0.21333152,0.19789402
0.85445654,0.89963681
0.92113739,0.94377440
0.88953704,0.85839826
0.74195373,0.61078435
0.50936580,0.61413044
0.94027066,0.93711191
0.87258613,0.76545084
0.92033505,0.97058821
0.27182755,0.36443609
0.42606437,0.36312521
0.82549727,0.76708263
0.61440301,0.52937502
0.88482893,0.79024607
0.88900560,0.89081454
0.88879281,0.86110950
0.65864891,0.75369942
0.41056174,0.35006940
0.93399775,0.94548410
0.83147967,0.66498518
0.83160126,0.81830639
0.84309489,0.82892108
0.79065633,0.88184768
0.32512638,0.27616072
0.85600877,0.79850364
0.87265301,0.89065719
0.86278117,0.93086231
0.90867537,0.72998244
0.88355547,0.84679800
0.49487412,0.21632653
0.33644390,0.33326069
0.32901132,0.19183815
0.77920485,0.48743087
0.89285672,0.94407952
0.89226067,0.89401984
0.87578392,0.81552893
0.87168479,0.92807019
0.86778772,0.78325993
0.79980290,0.86732459
0.77419871,0.77313966
0.85246795,0.77454948
0.66060269,0.74046820
0.89740813,0.85392076
0.86006117,0.83129698
0.87148410,0.83756614
0.94420552,0.93528140
0.87832904,0.88186926
0.78744471,0.79381973
0.76085752,0.69688696
0.91073400,0.91922879
0.88106346,0.92652273
0.87417841,0.84664577
0.70976591,0.76540387
0.86197454,0.89585638
0.92020267,0.93859649
0.26258218,0.32080314
0.80537999,0.77245408
0.91511363,0.91573280
0.62744927,0.64191377
0.76251674,0.85057473
0.14207774,0.14787246
0.91914630,0.84416056
0.79965287,0.79087746
0.80410552,0.89317387
0.74071330,0.64391613
0.82628822,0.88299233
0.57578588,0.43194795
0.72701913,0.67963105
0.67742819,0.65176547
0.74942148,0.82643163
0.75625348,0.75226355
0.79645956,0.75716102
0.54357266,0.44025022
0.77865094,0.60747039
0.86703449,0.78223419
0.88751215,0.86879975
0.82615972,0.76255196
0.91171747,0.88927275
0.91438186,0.96808511
0.49526393,0.54241073
0.78117502,0.75661653
0.34053859,0.09863760
0.47304004,0.55715907
0.82375240,0.73624593
0.81170893,0.79540890
0.56672746,0.71696526
0.72341430,0.59149587
0.91579670,0.93978560
0.86317062,0.96419412
0.63538843,0.69525450
0.86270821,0.49738893
0.77625388,0.76723981
0.92624712,0.95720690
0.90640312,0.90099812
0.84748185,0.95794469
0.19034398,0.30288059
0.53147298,0.71082675
0.81472766,0.86419159
0.69062626,0.65958905
0.88242006,0.85815513
0.60054815,0.74333793
0.47362703,0.66988039
0.57093936,0.71070814
0.77203059,0.94148535
0.67722231,0.81313258
0.84408247,0.79290372
0.74165457,0.64735752
0.83253533,0.79436970
0.85378432,0.87596530
0.91979992,0.87224531
0.88741231,0.95764995
0.36151189,0.36092472
0.63664287,0.62922239
0.90442896,0.92874461
0.81496680,0.74860299
0.63077009,0.70526314
0.84500116,0.89749998
0.32152951,0.37449864
0.93140805,0.95026022
0.53689581,0.32028005
0.65313184,0.64425415
0.89175695,0.96162230
0.80683005,0.76695514
0.79853857,0.77394414
0.46573752,0.63053328
0.87508351,0.95596242
0.81773740,0.76823986
0.82471967,0.75105363
0.38553303,0.32566988
0.81586128,0.68333334
0.63951039,0.69332433
0.12740690,0.08037448
0.79022223,0.89220911
0.86559480,0.96814519
0.90770197,0.84479272
0.81139004,0.79338527
0.83385545,0.94954646
0.45253190,0.43284315
0.86626202,0.69583505
0.90090817,0.89440757
0.35716155,0.36039910
0.27659526,0.35332921
0.78836030,0.68539518
0.67052913,0.74256802
0.56209075,0.48081312
0.74831778,0.53971231
0.84263283,0.72615498
0.92574656,0.92392248
0.91917562,0.96382010
0.65343058,0.73432392
0.85537505,0.86331171
0.79928499,0.78166544
0.90101284,0.89899069
0.70500165,0.76608050
0.85190207,0.86064786
0.71252126,0.82148719
0.53204489,0.58672035
0.90920717,0.93351567
0.35451499,0.42465344
0.40254885,0.68576086
0.63064682,0.52576363
0.77239442,0.70784760
0.75701398,0.53574198
0.89357072,0.91157508
0.85162550,0.74523485
0.90783173,0.91091871
0.79760939,0.82977635
0.79065239,0.81792766
0.85441899,0.88826263
0.65227765,0.72435689
0.70652199,0.75868577
0.67330927,0.67637467
0.80001652,0.99567723
0.93647659,0.92606348
0.59536970,0.57397401
0.88064021,0.90356058
0.82902330,0.71961153
0.68778169,0.79880536
0.68623728,0.50130612
0.90012676,0.93789756
0.83420241,0.95311296
0.82906538,0.81991476
0.82656759,0.72814614
0.61846578,0.71362889
0.79338700,0.83389235
0.83554566,0.83451200
0.87324554,0.78860199
0.68157405,0.73657191
0.87992501,0.84061986
0.84453470,0.94540530
0.84697616,0.80648643
0.26708585,0.31366667
0.81876624,0.84796661
0.71493375,0.73351729
0.55308330,0.54718840
0.88366789,0.88162988
0.78920990,0.81057250
0.87467724,0.92400765
0.67903429,0.57354552
0.85601491,0.87233663
0.47820115,0.50428438
0.38231042,0.13711420
0.36709887,0.32454872
0.86509717,0.89262384
0.94675636,0.96363014
0.23776692,0.19509904
0.94073355,0.99425286
0.74262625,0.72651094
0.72639281,0.60988230
0.61901754,0.60228240
0.83395439,0.88930732
0.91689116,0.86408865
0.54655945,0.34537953
0.86581475,0.84377444
0.93329400,0.90561378
0.16171527,0.13695097
0.41455072,0.50378859
0.76076621,0.74292064
0.83991987,0.79004449
0.21170455,0.24258862
0.80753809,0.86763489
0.92384011,0.94272786
0.89406633,0.87228262
0.89139932,0.93089473
0.70911872,0.82659674
0.77293628,0.56715345
0.42667124,0.43750000
0.53834808,0.64929664
0.83692831,0.87730443
0.81899208,0.87369418
0.94522250,0.93460876
0.76652485,0.83190787
0.91040933,0.93884945
0.86457628,0.93355179
0.87982166,0.68113589
0.87763870,0.92294228
0.88893539,0.92998475
0.56805277,0.72939563
0.90510881,0.81197727
0.91213965,0.93533128
0.76743650,0.66155618
0.83840257,0.83815289
0.49696779,0.64594233
0.46651620,0.42381462
0.38267982,0.33714616
0.24390453,0.19290447
0.84973264,0.88418782
0.59329009,0.52502614
0.28045395,0.22745098
0.83934098,0.81343281
0.36897826,0.29205781
0.92326438,0.87623543
0.62718785,0.67069441
0.66236621,0.84294069
0.91421884,0.93773043
0.77117157,0.81463414
0.91251326,0.94401836
0.86826366,0.86678141
0.80015361,0.87521613
0.67479074,0.57271230
0.49775568,0.53940362
0.65975225,0.71821153
0.82300448,0.91012084
0.61382103,0.47917229
0.88256872,0.98165137
0.74948364,0.91362369
0.88070560,0.85909718
0.76189482,0.54266471
0.86327171,0.91173846
0.89564240,0.90658933
0.91472280,0.86791629
0.92019391,0.95744681
0.75133801,0.58418125
0.79379636,0.82290292
0.86478853,0.87208658
0.71643186,0.74011052
0.48768157,0.60045093
0.82727820,0.83905226
0.74762285,0.65093398
0.85757065,0.90899503
0.61846143,0.69546163
0.29512838,0.74472129
0.78741860,0.88727701
0.75562710,0.73769182
0.72319752,0.73922074
0.65106720,0.76217532
0.90885347,0.93277627
0.77157253,0.83050299
0.92943865,0.90052283
0.21660894,0.21194558
0.20517665,0.17284226
0.88096434,0.77059960
0.85685462,0.91963649
0.80695188,0.89316058
0.92499471,0.86691087
0.87599850,0.93498981
0.85219014,0.82219505
0.66130310,0.58228850
0.80394822,0.70582694
0.92559969,0.95121115
0.87000728,0.86135387
0.54661560,0.56164718
0.31365609,0.30777812
0.88866520,0.91045171
0.89358449,0.89441824
0.84003377,0.84645456
0.84058142,0.94160479
0.91984481,0.91924030
0.89920735,0.90334094
0.68189049,0.61994076
0.70606989,0.40143004
0.82045901,0.81551468
0.62388170,0.78577238
0.27937758,0.20197700
0.76064956,0.66645622
0.77721161,0.78876680
0.86378694,0.89681494
0.94111145,0.90065694
0.82432038,0.84817350
0.66900158,0.47467282
0.80311674,0.79190505
0.40778172,0.28224444
0.54528689,0.76277483
0.86332750,0.91742486
0.80594957,0.83657098
0.84685528,0.82361144
0.87298959,0.68787706
0.83496404,0.91034049
0.89326161,0.96686637
0.68077171,0.61069554
0.86622465,0.83503401
0.54865456,0.69078428
0.88350749,0.91370666
0.87129241,0.84787780
0.87870371,0.90089047
0.80259871,0.82089055
0.90596461,0.80405194
0.91626662,0.93518662
0.95489079,0.97240955
0.87275249,0.84013987
0.84926313,0.87225527
0.91764247,0.92179430
0.87574387,0.92888987
0.25147414,0.45072746
0.86669767,0.85822284
0.89144504,0.85104918
0.74330777,0.76822382
0.90122175,0.82194221
0.78306901,0.59787560
0.71601743,0.84872788
0.72728878,0.83742207
0.32283619,0.34439981
0.93710184,0.93610096
0.28751466,0.26666668
0.64187461,0.62235463
0.47843644,0.60673052
0.25934780,0.18010005
0.88982868,0.84380031
0.81346035,0.92732280
0.85218060,0.83649731
0.82951820,0.90593380
0.76010090,0.70613438
0.90440631,0.92788690
0.36193568,0.48370764
0.86410242,0.81176519
0.62847555,0.77148271
0.89885920,0.96093750
0.89179707,0.90387791
0.87851375,0.84759659
0.76905417,0.89461780
0.88876408,0.94208241
0.90161824,0.95119363
0.93056726,0.90923703
0.87504202,0.98130840
0.52263546,0.56146836
0.87347418,0.91173589
0.59804022,0.50154185
0.65132284,0.58893472
0.21431881,0.14646147
0.61203140,0.50424671
0.40655008,0.41088435
0.35545376,0.29401568
0.34586620,0.48030955
0.26404923,0.07546584
0.82086635,0.74223316
0.75442165,0.87124062
0.91575456,0.91920114
0.69153076,0.74406934
0.92733061,0.92366052
0.79500133,0.64682537
0.56472528,0.60321188
0.50557762,0.37818581
0.66054082,0.62571734
0.85368466,0.91259533
0.73808801,0.72680253
0.78365338,0.66029036
0.89337546,0.87170118
0.79312438,0.76955587
0.90018237,0.93319839
0.76685631,0.85587108
0.49620125,0.58505511
0.85399729,0.96349204
0.61552989,0.61569321
0.61885512,0.69259226
0.78362012,0.66327536
0.92311919,0.91928649
0.92434901,0.95802468
0.92795157,0.90012270
0.91367066,0.90114379
0.44636762,0.20503296
0.28395391,0.35523197
0.44301292,0.26745707
0.85774046,0.90437460
0.73749143,0.63581181
0.60169053,0.61104149
0.82837558,0.93285304
0.45118040,0.81210190
0.47979254,0.47129482
0.83598471,0.81258750
0.40510309,0.45364729
0.90075737,0.98169702
0.74945366,0.78268450
0.59297121,0.61704546
0.93637764,0.88990861
0.89144349,0.97045207
0.69517648,0.70130837
0.90386355,0.89285284
0.67407650,0.62724870
0.71568251,0.56385195
0.48820359,0.25637975
0.80022353,0.79500234
0.74814361,0.69508725
0.61633110,0.63013417
0.88229394,0.98334062
0.53382158,0.69055158
0.85085112,0.92383808
0.88223577,0.94218361
0.84194887,0.86891854
0.88596916,0.86367422
0.62490880,0.51754659
0.62614119,0.78297937
0.90356278,0.93371862
0.89422840,0.90143776
0.80650949,0.91566491
0.22774643,0.30468205
0.64051628,0.56979698
0.37578773,0.23250675
0.92460674,0.86995327
0.25137800,0.41469720
0.93580157,0.93900478
0.65913469,0.43546876
0.76744741,0.77786911
0.56799406,0.69936556
0.91371512,0.95305806
0.83182031,0.76403230
0.84745336,0.80402207
0.80260420,0.75223839
0.78448528,0.83078456
0.82446802,0.78764856
0.92270708,0.95811826
0.71158755,0.65855736
0.89196795,0.91666669
0.10544205,0.07999019
0.85043323,0.76587898
0.81194443,0.61953080
0.81449181,0.75495642
0.86251813,0.95080733
0.81642711,0.77038592
0.76970953,0.80060756
0.53544706,0.74267250
0.80303526,0.79971099
0.85490441,0.91238075
0.22956014,0.22217397
0.91723168,0.87666112
0.59768403,0.74300504
0.60950649,0.45698714
0.36363614,0.36278734
0.38471159,0.37106428
0.57542181,0.71309465
0.56794524,0.44977465
0.55877328,0.59016037
0.89627516,0.91565895
0.91603303,0.91120613
0.86231208,0.91013020
0.90853965,0.89345205
0.73863345,0.80820620
0.77176028,0.86757928
0.79352617,0.91666669
0.86158442,0.85315496
0.91137558,0.87983447
0.41254067,0.49665090
0.91308665,0.95381582
0.88561583,0.90521133
0.73343676,0.67910516
0.57330382,0.40959081
0.23236930,0.20271671
0.56775844,0.68091470
0.75743973,0.68552852
0.91256022,0.96753246
0.20717388,0.10126051
0.84811306,0.80754149
0.92068887,0.93436402
0.87556958,0.74362189
0.80368620,0.82724601
0.81509310,0.79828215
0.83398765,0.69347245
0.86104220,0.82698303
0.92657006,0.93198323
0.52509660,0.51811862
0.70222718,0.70439917
0.87547082,0.92944145
0.84211129,0.90636706
0.75942117,0.71667582
0.54873919,0.42832315
0.86484253,0.89857936
0.87356627,0.86661679
0.93882239,0.92589283
0.33387470,0.25634059
0.73367792,0.83868378
0.83278108,0.78827751
0.91758895,0.92849410
0.92786789,0.89989805
0.83000708,0.76666665
0.62534261,0.55991811
0.44057751,0.28589076
0.86707485,0.88310915
0.40676308,0.55888957
0.91980112,0.89850473
0.48733762,0.27880543
0.91691834,0.92014730
0.68460900,0.73731178
0.59520006,0.52108461
0.76301539,0.83567995
0.40138906,0.32528889
0.89795297,0.96169591
0.57357371,0.77822578
0.49657336,0.58068180
0.92495167,0.87170529
0.84899116,0.71845239
0.91704524,0.87380368
0.78590530,0.76607144
0.91517282,0.95326221
0.91918904,0.89258462
0.43818659,0.34081885
0.55416834,0.59745753
0.68695486,0.68646055
0.81948596,0.82647961
0.89179313,0.90271491
0.83462805,0.91725850
0.87387073,0.88718826
0.82505566,0.87114435
0.69483554,0.60120356
0.76092315,0.46852174
0.62380141,0.73190427
0.53688109,0.39402726
0.77926469,0.62926930
0.48441210,0.49691918
0.92700136,0.98701298
0.84665227,0.89826065
0.85752535,0.85449898
0.89032590,0.90821499
0.80782038,0.75923043
0.80349094,0.70555204
0.86914730,0.94282120
0.84560800,0.77347064
0.79701781,0.67157787
0.86414516,0.70553362
0.77706510,0.81201661
0.93607795,0.88078886
0.79683530,0.83578432
0.93581271,0.94103128
0.63039720,0.53107768
0.62684715,0.52988833
0.31666368,0.20009609
0.46821868,0.39013493
0.76972455,0.78663665
0.90556788,0.89193547
0.63222730,0.44416144
0.81978399,0.93978345
0.83062375,0.81386513
0.21455652,0.33039546
0.83334929,0.65399677
0.78668964,0.75515068
0.93769717,0.96022224
0.84004509,0.87657964
0.80120438,0.84198749
0.80984944,0.86983937
0.76518428,0.78114754
0.73405635,0.78111744
0.69743395,0.56970626
0.84175152,0.92520034
0.71291220,0.79707003
0.84535491,0.89074498
0.91494447,0.84968865
0.69838750,0.76813245
0.71367866,0.90280050
0.87566096,0.94572371
0.82305968,0.82553840
0.53211856,0.65357143
0.88539737,0.95462906
0.61997133,0.66510111
0.86409748,0.79662228
0.91333425,0.90443242
0.78828585,0.84760690
0.76637006,0.83841294
0.70005834,0.67039657
0.78884017,0.83207256
0.82245922,0.81657487
0.72821182,0.77877766
0.22980160,0.31129807
0.57727742,0.68655598
0.56563342,0.59858119
0.16368967,0.17453220
0.84129685,0.93983346
0.79268301,0.93475556
0.83162117,0.75798655
0.79832685,0.70731276
0.71124673,0.71174288
0.47806728,0.35124078
0.87577450,0.91406113
0.72841406,0.76807600
0.82311887,0.76313525
0.37494919,0.31278375
0.44095093,0.44432133
0.87258524,0.90317613
0.80074161,0.79202557
0.86634529,0.93099362
0.55950296,0.70170403
0.47286540,0.54166949
0.83614182,0.85633147
0.91263175,0.90139705
0.76088923,0.75012022
0.79348755,0.80881226
0.75612026,0.82235855
0.53073096,0.60790813
0.80702978,0.74700153
0.91177827,0.96954507
0.90496176,0.91812015
0.83602244,0.84948391
0.06009746,0.08566161
0.88412386,0.12643468
0.80551481,0.85046059
0.86784804,0.90807289
0.91432655,0.93888801
0.79893702,0.60186297
0.91107821,0.91981262
0.73443228,0.69896704
0.73810059,0.66550720
0.73614657,0.77146763
0.83326334,0.90429294
0.69018674,0.79958069
0.49754512,0.40756464
0.72732711,0.39721471
0.40174210,0.17623153
0.69591480,0.73163074
0.87746769,0.89707863
0.91679215,0.56689388
0.72835428,0.87054497
0.87039864,0.88084084
0.88330013,0.91818798
0.85277379,0.94163120
0.93765223,0.86440676
0.83606541,0.87353730
0.52386737,0.56899458
0.52274853,0.49455270
0.62289101,0.61777139
0.63095111,0.52595538
0.72123790,0.94755542
0.31963933,0.36901370
0.83378041,0.87933469
0.86793917,0.87507808
0.88777232,0.91969991
0.92809117,0.97183162
0.83167708,0.69854492
0.90588021,0.90601087
0.88960874,0.91934985
0.77825856,0.76273364
0.86914325,0.86068255
0.87166786,0.91656953
0.65408015,0.60021871
0.88911676,0.85117328
0.82506192,0.86987966
0.82611585,0.84303600
0.64661938,0.77068216
0.56753492,0.79150760
0.93932950,0.97414732
0.85675132,0.88803732
0.89970595,0.90785474
0.61822033,0.71074456
0.82716048,0.83252627
0.63257849,0.63190854
0.86062503,0.88191229
0.21937197,0.20976952
0.84974098,0.95288247
0.88777792,0.92028987
0.32344866,0.49156144
0.82182837,0.83364457
0.85409307,0.87213224
0.90415657,0.88528138
0.72102392,0.58817035
0.39327532,0.31286803
0.41043684,0.62922794
0.54068923,0.61418188
0.60915893,0.24347527
0.14043266,0.11873738
0.79791933,0.76134181
0.41239977,0.39613393
0.71234739,0.82008451
0.85205126,0.80440974
0.32998836,0.33329469
0.86368603,0.92367554
0.83347750,0.89866668
0.49279761,0.70171762
0.56180340,0.42954203
0.74135977,0.80566639
0.79987282,0.83036262
0.94691283,0.92585701
0.84578741,0.74073303
0.72915649,0.80979818
0.88139343,0.86962384
0.68683618,0.62326616
0.76578099,0.63095152
0.86984485,0.89482588
0.80846596,0.83699787
0.53100675,0.49342829
0.83378130,0.91283423
0.87035024,0.80642664
0.50572860,0.62330812
0.90463841,0.89504141
0.84401131,0.89152396
0.78250897,0.92405063
0.24351948,0.32725823
0.50651264,0.39709273
0.80045456,0.93515384
0.89690906,0.88094622
0.86433828,0.85957152
0.33746386,0.27339184
0.91193449,0.86980635
0.81019574,0.79888940
0.37230098,0.42548537
0.87977380,0.86160082
0.34576225,0.54627961
0.76564777,0.43585798
0.57146543,0.50837368
0.84840941,0.85884035
0.92244273,0.88307792
0.32709539,0.45987770
0.88433576,0.91107064
0.27120662,0.24315847
0.78068453,0.90119338
0.84234560,0.90645260
0.64547163,0.72031248
0.88712263,0.87706041
0.84278679,0.80713564
0.81690812,0.85912198
0.74719429,0.72882140
0.81908584,0.99019605
0.81674486,0.83900726
0.49794263,0.32135075
0.49951801,0.39172241
0.58125061,0.67829460
0.38747057,0.37510505
0.86583453,0.83604652
0.84403622,0.85988456
0.61577547,0.65158045
0.23817950,0.31108308
0.61982238,0.50334930
0.86523223,0.85481507
0.73737866,0.79130161
0.79146731,0.84695125
0.71869552,0.61887354
0.23058796,0.14263675
0.57177544,0.48690495
0.87169766,0.86300260
0.43705571,0.26383927
0.52161467,0.53753352
0.72702849,0.62433434
0.68443060,0.45224568
0.91037560,0.95352924
0.89709127,0.80819237
0.71947932,0.69459707
0.61569864,0.67878431
0.90846241,0.89837396
0.93172264,0.95400435
0.87118292,0.91041696
0.79336017,0.75858337
0.77935243,0.82003665
0.72320658,0.70340455
0.66076672,0.48337805
0.48886198,0.37991992
0.76692861,0.86611974
0.73304510,0.58784384
0.78872383,0.75064933
0.88396323,0.90627605
0.53088963,0.65292746
0.87913150,0.91074139
0.58360827,0.76752019
0.82448155,0.87040246
0.77063590,0.61211991
0.51050180,0.43487820
0.85346305,0.90623552
0.93355376,0.89944851
0.83759248,0.84052944
0.25542998,0.26004007
0.68574762,0.84988815
0.62015402,0.53417081
0.86015707,0.83466578
0.75010574,0.52981442
0.84531224,0.86218321
0.79867184,0.81845027
0.84095466,0.86103523
0.41251028,0.51631916
0.80204546,0.83559859
0.73064423,0.18303572
0.72303033,0.93627453
0.88834929,0.83944249
0.86046851,0.84463322
0.14855397,0.09526616
0.93979037,0.93244487
0.85233450,0.77100843
0.84396595,0.94883019
0.93363309,0.92723972
0.83639908,0.68794161
0.87526411,0.86485237
0.93264359,0.92160589
0.88902569,0.89840817
0.79286641,0.92906165
0.80546641,0.75259233
0.75850624,0.61574060
0.76543778,0.59257960
0.89139807,0.79675978
0.70590484,0.59789425
0.92599177,0.93469661
0.68841016,0.54686409
0.91941547,0.93159062
0.64979500,0.70015490
0.76835680,0.86223722
0.85774511,0.90609950
0.88093328,0.94830412
0.82363939,0.94938821
0.38951969,0.35658288
0.81914610,0.71201617
0.46725899,0.45272169
0.83224875,0.82881021
0.47632828,0.37209436
0.83907712,0.92400002
0.75145763,0.68304229
0.77330148,0.71880341
0.93841338,0.88179296
0.79050118,0.76571894
0.78615636,0.77197582
0.59295380,0.57446116
0.22472185,0.32542616
0.74000657,0.65605420
0.65458024,0.61134416
0.54894447,0.58115762
0.85661459,0.81293952
0.70282793,0.60676390
0.86993074,0.82358974
0.81690091,0.85777777
0.35260478,0.27318868
0.54153442,0.81480813
0.86710626,0.87839675
0.36443305,0.29782945
0.27285460,0.04680178
0.09934658,0.06657046
0.85744643,0.90623760
0.86127174,0.81647158
0.73301017,0.58619440
0.86748374,0.92981434
0.89008570,0.95986170
0.68872643,0.74702710
0.54917526,0.64082605
0.84883487,0.76300967
0.88496816,0.83017105
0.83831334,0.84848541
0.84106791,0.79630065
0.86421895,0.79869944
0.56944054,0.59406590
0.82834399,0.79819822
0.82080150,0.81499010
0.92448705,0.91630435
0.39411581,0.34444845
