Predicted Score,Actual Score
0.87209392,0.97402596
0.72591698,0.73417723
0.45444435,0.12823969
0.87497520,0.81259978
0.90184969,0.89496130
0.57617992,0.47500202
0.92418796,0.90291262
0.92627186,0.96124291
0.89207911,0.89341539
0.90443337,0.88575649
0.82393473,0.89799571
0.92418414,0.90173441
0.88235897,0.87073731
0.91491276,0.92330921
0.56148994,0.56876683
0.75181782,0.75344354
0.95274305,0.95312500
0.95784080,0.91624480
0.69716561,0.69825709
0.46676576,0.67295039
0.93166614,0.92591548
0.72539163,0.83874792
0.76539779,0.67183489
0.91217732,0.87838751
0.82175457,0.85806680
0.53441465,0.67744184
0.69702142,0.64183676
0.91412115,0.90314204
0.71017498,0.39795625
0.22748274,0.23219927
0.83522230,0.73923182
0.58414608,0.62878650
0.88610142,0.79866892
0.98031092,0.93340164
0.76810694,0.76762378
0.84522486,0.87750590
0.69905216,0.70610350
0.92765027,0.87274390
0.76712221,0.77471316
0.85056233,0.74017882
0.58795786,0.53162020
0.79764324,0.85185730
0.90964109,0.82243454
0.95119500,0.96494067
0.75869948,0.68949252
0.87030733,0.84601575
0.79325926,0.66256118
0.96213734,0.96178091
0.89360565,0.89498997
0.51778805,0.60363024
0.97057420,0.95655042
0.75784129,0.52236116
0.78140712,0.77376813
0.90577471,0.95441693
0.76427847,0.69354075
0.51880139,0.63580692
0.84437442,0.84415495
0.61111772,0.40421757
0.72658467,0.71092772
0.47704840,0.48772570
0.92301869,0.92003518
0.63287878,0.80931371
0.78272474,0.81769353
0.45732719,0.58732945
0.87271100,0.93263525
0.98177999,0.92334527
0.83311206,0.86228913
0.62914413,0.61061680
0.89399087,0.94150591
0.90172327,0.93775851
0.79153925,0.77325583
0.77888417,0.75315696
0.97576398,0.94875002
0.93626326,0.91922528
0.10173692,0.08555707
0.93588752,0.91582203
0.68636507,0.45671695
0.87892371,0.90770239
0.90724230,0.85985541
0.69889390,0.62730861
0.75040257,0.72826087
0.88137007,0.88688642
0.66737831,0.71479058
0.58152759,0.36846665
0.71724629,0.65540588
0.73624825,0.68428475
0.87300152,0.84891218
0.84661245,0.55244505
0.85553694,0.35617423
0.62299573,0.50777072
0.80172968,0.85436708
0.74378592,0.79423076
0.84246045,0.89748764
0.79538357,0.83244783
0.96950489,0.92120171
0.78712243,0.88900036
0.82386869,0.84893095
0.39338169,0.26438427
0.86171120,0.93618190
0.72237003,0.71952027
0.72811359,0.70891517
0.90339684,0.93338555
0.89486235,0.81782299
0.80160898,0.82515365
0.98191166,0.93354863
0.77886909,0.76575905
0.84604532,0.78066832
0.78619295,0.81996006
0.44918042,0.70684522
0.76798815,0.62531328
0.94509155,0.92056233
0.88221848,0.89564049
0.76650000,0.75606227
0.88147795,0.79218322
0.82791728,0.74072599
0.93171942,0.98071426
0.91764855,0.92811561
0.88866216,0.87471670
0.96650589,0.91462636
0.90268970,0.82258064
0.46239808,0.39279380
0.93654996,0.88937986
0.90633625,0.90602368
0.74487829,0.81310177
0.48323953,0.55831259
0.86632693,0.94914424
0.97837502,0.95865506
0.94601947,0.91876382
0.66751248,0.50917327
0.43957248,0.36498562
0.64988089,0.61657834
0.91298175,0.79741937
0.96979553,0.95239449
0.46495581,0.28675476
0.16415122,0.07518037
0.82646680,0.71153843
0.91891181,0.92348027
0.92014450,0.92421323
0.79821301,0.56428504
0.82438201,0.82616764
0.32479155,0.34419924
0.66496938,0.81334132
0.51196289,0.65832502
0.50379211,0.43220028
0.85640645,0.90905404
0.86609805,0.79105079
0.60870939,0.55054945
0.72746903,0.62651515
0.83055812,0.86879802
0.86602962,0.97530866
0.81060398,0.87283242
0.55402803,0.56747156
0.95432645,0.94212097
0.75884271,0.66474348
0.90364248,0.92114174
0.56670308,0.53451371
0.56367111,0.53433007
0.40708011,0.26161468
0.70166051,0.76617503
0.38191825,0.26211971
0.81859255,0.85384059
0.70503289,0.83106786
0.46174631,0.52025586
0.64847869,0.45982206
0.79855871,0.66571146
0.75645489,0.65996927
0.72891635,0.55469769
0.49077633,0.49744070
0.89614391,0.82678950
0.85664630,0.86687738
0.46374637,0.50203669
0.71195382,0.82179201
0.77224815,0.83482140
0.90803361,0.87538403
0.69801271,0.42339361
0.95021367,0.87560409
0.87930661,0.96667218
0.92144048,0.91998285
0.56984824,0.57792211
0.22796614,0.11602031
0.37169877,0.44695711
0.90159148,0.90727723
0.34818459,0.21682203
0.56590945,0.73896211
0.34428108,0.08269231
0.96251476,0.89456820
0.46614784,0.54569191
0.36768976,0.53317410
0.90006399,0.80749857
0.89857292,0.91145813
0.76222527,0.55948716
0.89903116,0.80233300
0.84977800,0.88644528
0.61761290,0.62116641
0.95884138,0.95716840
0.77438116,0.88170350
0.92744404,0.87957662
0.92739552,0.89387870
0.46987528,0.40693602
0.89732635,0.89572513
0.90263724,0.91693234
0.84927940,0.84765124
0.55854386,0.76251251
0.92717814,0.91515762
0.97354388,0.87500000
0.90021348,0.89019877
0.84086174,0.61056477
0.62770355,0.82854885
0.93597126,0.78734589
0.81461930,0.78923386
0.79224241,0.88581467
0.25325328,0.16648623
0.65177971,0.67439586
0.63574064,0.60586655
0.34953099,0.21057090
0.97608966,0.97528487
0.78392285,0.77255833
0.81861770,0.81333578
0.47522140,0.40319654
0.28867733,0.18734229
0.92149556,0.93949294
0.81597835,0.83993411
0.81331348,0.81172067
0.93729466,0.84017092
0.93033153,0.92468828
0.93441719,0.88304842
0.80088192,0.66082203
0.92469019,0.88372952
0.87254041,0.83225191
0.96688765,0.95003641
0.79971433,0.72066885
0.75264168,0.86759102
0.97603703,0.95790040
0.89815706,0.90465409
0.84834564,0.89721519
0.63348585,0.70557100
0.84045869,0.69692564
0.91536278,0.92170662
0.68835706,0.82425898
0.82141382,0.87733400
0.73629773,0.73381919
0.84243506,0.93076921
0.53684497,0.24927424
0.75704277,0.52957636
0.84604442,0.82738793
0.78439468,0.86590999
0.96033216,0.92802405
0.86827159,0.90368575
0.64508659,0.54557669
0.66875547,0.62063390
0.73997790,0.79854780
0.84611309,0.74737102
0.29721400,0.12833922
0.88622659,0.79881155
0.37010217,0.35335454
0.95499974,0.93185782
0.65251303,0.59370100
0.73604572,0.77021104
0.50400871,0.52511907
0.39688084,0.30528343
0.81195033,0.80870020
0.57414305,0.34392732
0.87620676,0.89617443
0.49999321,0.35266176
0.07743935,0.07075887
0.95678550,0.87498575
0.77419806,0.88172841
0.19490577,0.12780370
0.92964739,0.90276414
0.75068474,0.83361101
0.80345243,0.88522983
0.94342619,0.95717955
0.58614868,0.46015915
0.67000669,0.38126567
0.36761266,0.25172111
0.76445001,0.80265307
0.85826236,0.76514375
0.58064342,0.07320361
0.85099649,0.89524198
0.72061497,0.73342174
0.88887525,0.80329156
0.86258107,0.85264045
0.82903236,0.78269428
0.91057152,0.87559807
0.84212524,0.90807718
0.31824562,0.36312518
0.88139665,0.80876142
0.40102679,0.25291896
0.87944156,0.86300600
0.79462636,0.79727256
0.58404166,0.61340129
0.95473468,0.89284766
0.95117950,0.91649079
0.55668032,0.55881286
0.43800113,0.54536289
0.83199739,0.75468165
0.93848133,0.94361734
0.74007851,0.59260988
0.60667658,0.64701778
0.78032827,0.71809447
0.93097067,0.93402511
0.78364837,0.58740681
0.38632753,0.41599599
0.22924212,0.14241019
0.80329484,0.67805189
0.93241554,0.80217671
0.83973217,0.66494596
0.94456553,0.95568520
0.63806427,0.61684728
0.93874645,0.88004929
0.84064960,0.88933253
0.82460946,0.82872027
0.72153658,0.80215055
0.87098455,0.80901641
0.78659016,0.82661730
0.16021197,0.11900791
0.82317907,0.87948585
0.80356181,0.80047262
0.70250118,0.46851847
0.57993436,0.57297772
0.82730877,0.71595830
0.45919424,0.74690306
0.81193650,0.73192525
0.70266628,0.75357145
0.62144202,0.57308745
0.66321474,0.62363571
0.72844458,0.65479439
0.92364973,0.93142426
0.72203326,0.83667612
0.93334055,0.89990115
0.70172840,0.67989606
0.93772221,0.94007879
0.84622961,0.91771734
0.94411010,0.91071504
0.85616797,0.92906648
0.97631013,0.91549295
0.75004888,0.66958934
0.57652801,0.41143456
0.71988600,0.88174874
0.86778164,0.85992599
0.84038121,0.13107717
0.90479237,0.89474386
0.79296309,0.68202478
0.96305150,0.94682842
0.75973666,0.63246292
0.90637517,0.62972188
0.66409642,0.37559256
0.89042145,0.80065358
0.96281672,0.92087841
0.27920002,0.36875001
0.93542397,0.91927636
0.54646635,0.46600592
0.71407992,0.61411488
0.96248168,0.89916748
0.92422277,0.92163610
0.94173825,0.93200552
0.73049873,0.61390060
0.82124496,0.65883905
0.92509604,0.67633200
0.83696568,0.86915255
0.19194223,0.15155677
0.61800009,0.49106583
0.70086515,0.69213933
0.34970772,0.24906784
0.54384530,0.54263598
0.70648026,0.77467996
0.76726156,0.68409622
0.27010304,0.29139313
0.47094575,0.51904726
0.55198574,0.38562462
0.87399375,0.84973544
0.92972374,0.95088142
0.96762651,0.94298244
0.95012122,0.86500758
0.89923769,0.90359151
0.91531044,0.87472767
0.72179800,0.46424896
0.97760981,0.95084935
0.79585290,0.77117878
0.67967582,0.58342171
0.93125594,0.91828686
0.68132937,0.80697674
0.77283520,0.71942645
0.88868153,0.93650794
0.64701122,0.57005721
0.55017722,0.51761085
0.79288203,0.75609297
0.59771448,0.45612457
0.88509309,0.73582870
0.72839260,0.38604474
0.88324177,0.90181994
0.79089814,0.73497599
0.94059551,0.88957173
0.34662223,0.34808046
0.89496338,0.92061257
0.88119400,0.90839982
0.69501644,0.55831069
0.77814156,0.72351193
0.92717749,0.93805766
0.74828154,0.64244634
0.70665282,0.32544324
0.78808671,0.73041230
0.41354957,0.34453544
0.54330951,0.50486070
0.88850325,0.78953445
0.88665241,0.94339621
0.39103466,0.30385977
0.69985145,0.64590788
0.92245233,0.85407209
0.90970963,0.91231942
0.71756124,0.18738404
0.51921064,0.45740741
0.94124055,0.96041739
0.75024682,0.72167873
0.63431752,0.42158175
0.91567582,0.91804773
0.77429634,0.78965688
0.59927827,0.52184761
0.88126147,0.87190974
0.96981108,0.94274896
0.85719866,0.80571985
0.92177075,0.07899183
0.83729750,0.60848868
0.93531281,0.89148116
0.56045884,0.51343048
0.97696984,0.92359877
0.74062032,0.79474926
0.78812838,0.88637221
0.89946669,0.98275864
0.94009084,0.89629233
0.81576294,0.89764708
0.77138144,0.84450263
0.60275263,0.61614585
0.24868514,0.17829013
0.88606071,0.92699409
0.78880304,0.81618500
0.60974735,0.53220779
0.86393106,0.92192829
0.47369885,0.33106670
0.47191817,0.44288188
0.61632931,0.56109023
0.60436624,0.43951538
0.92945218,0.92528480
0.90000862,0.93086082
0.38784745,0.26050326
0.69483817,0.56626183
0.41807404,0.36328125
0.93428183,0.92448813
0.75140238,0.82105064
0.55557942,0.68381846
0.79771072,0.82598782
0.52367675,0.50071144
0.90036154,0.94360578
0.79511982,0.90516317
0.59034461,0.72879392
0.75042731,0.76458818
0.88118052,0.88809526
0.95742035,0.92989480
0.95924926,0.98217809
0.72127944,0.86826700
0.86344516,0.56681240
0.86075717,0.85920775
0.67884809,0.57705969
0.97909021,0.88157892
0.69808024,0.78612471
0.86301070,0.94624126
0.66810060,0.54118794
0.67146027,0.63134241
0.60157400,0.87279165
0.50760150,0.31614673
0.87196320,0.86965811
0.92124212,0.88306868
0.84878361,0.92385060
0.74112660,0.76888734
0.86558628,0.84614265
0.83198577,0.72766995
0.21086672,0.11512188
0.96692544,0.93403876
0.84849006,0.82826018
0.91503787,0.87306368
0.87046731,0.87089950
0.74696499,0.75645971
0.89346254,0.85018182
0.83439440,0.66416782
0.64601451,0.75797015
0.37383530,0.25341764
0.51685518,0.61868542
0.88477898,0.93299794
0.66031450,0.53369093
0.47857794,0.50543553
0.92667103,0.94818151
0.76405913,0.89948452
0.89941585,0.88830614
0.72104234,0.55795473
0.82145083,0.71386105
0.67920101,0.76758122
0.83124304,0.75173992
0.76291108,0.67453843
0.20946579,0.15517631
0.17634320,0.08621617
0.86598885,0.87846482
0.80456603,0.77368772
0.30254617,0.32831958
0.65254796,0.69556928
0.85191894,0.85143918
0.79518473,0.96383566
0.75326782,0.91259277
0.52117568,0.42557567
0.97822487,0.88128066
0.65342408,0.73436350
0.83541214,0.75521260
0.96164852,0.94178456
0.89338386,0.83820224
0.76059848,0.90534252
0.89242488,0.90604395
0.71480310,0.54397857
0.38021785,0.34042621
0.73047495,0.74213564
0.46921486,0.46721312
0.82901752,0.83787876
0.84206486,0.77691257
0.66452223,0.78463358
0.74361038,0.54062980
0.61956638,0.56309479
0.92585486,0.90254986
0.72834980,0.81804323
0.87867820,0.88422751
0.79526061,0.82250792
0.61685556,0.68953943
0.91229993,0.90570074
0.96811163,0.94573575
0.96951830,0.98872048
0.41648319,0.28900936
0.84343278,0.79104477
0.92240214,0.93850523
0.95537770,0.89795154
0.89374828,0.83737725
0.76569802,0.74095714
0.36411169,0.33032396
0.38178775,0.34530908
0.78505445,0.80003738
0.77829266,0.74438637
0.86320031,0.86483365
0.72181809,0.16271827
0.44353586,0.27488452
0.87402046,0.97891808
0.78545266,0.81934381
0.80442983,0.87059790
0.74995995,0.53162599
0.84633327,0.89136720
0.76363832,0.78222442
0.71404421,0.87974375
0.26795474,0.17347129
0.86588615,0.78741497
0.45967323,0.57768714
0.78893727,0.66176468
0.77243537,0.37600806
0.81078386,0.90059763
0.94310272,1.00000000
0.69361907,0.75333333
0.55340064,0.51879370
0.82291478,0.87455761
0.84400135,0.88170165
0.34415632,0.33645615
0.90597343,0.78451216
0.91242933,0.87897205
0.53281015,0.37231278
0.56998253,0.65100884
0.87844008,0.98514849
0.50581819,0.34342417
0.96227705,0.94150341
0.83287936,0.86278194
0.80386102,0.73398250
0.28627241,0.18351649
0.94165337,0.17508772
0.75175339,0.54235989
0.84898406,0.88377446
0.94550133,0.88747102
0.92101479,0.68725389
0.92904925,0.94704670
0.72523034,0.76789868
0.90887457,0.90375656
0.68738592,0.38664913
0.78715414,0.58123970
0.95382732,0.94471526
0.51143724,0.58785385
0.30167246,0.13317041
0.79204613,0.82111031
0.75698680,0.81927550
0.70409089,0.50737178
0.41217738,0.35793820
0.90594798,0.94668913
0.71301383,0.78106236
0.71214306,0.76445186
0.82248116,0.94601381
0.86212367,0.90634274
0.68452823,0.68380833
0.94238901,0.90094048
0.41695884,0.20601732
0.72961712,0.57549256
0.39982361,0.40170914
0.55893940,0.56870341
0.87786072,0.70322567
0.44328910,0.56885648
0.97746378,0.95232815
0.87105000,0.97230917
0.93190634,0.90798736
0.58411688,0.50279957
0.88225597,0.93726468
0.53092980,0.47462690
0.88756138,0.98611641
0.82602656,0.84835601
0.47232881,0.45559782
0.87283397,0.90083504
0.81982160,0.91296166
0.90327185,0.94327378
0.58855635,0.16424765
0.56781375,0.55503821
0.89099163,0.91661292
0.38786092,0.45925885
0.37035048,0.29532996
0.93984741,0.87887806
0.91292000,0.90586281
0.41708016,0.17696486
0.69335532,0.82478631
0.84813792,0.86314261
0.81761098,0.76869750
0.69063342,0.53705597
0.87324417,0.92538112
0.35291418,0.56055903
0.91544443,0.88629723
0.58254886,0.75627935
0.94605356,0.93670887
0.75908011,0.82308888
0.46918783,0.40456834
0.83486181,0.91089743
0.74607795,0.78777778
0.85803330,0.92911357
0.83991122,0.69113922
0.92492169,0.90190220
0.77404171,0.63666749
0.91650319,0.85641026
0.44424155,0.17829363
0.80696946,0.69058317
0.11357525,0.15327817
0.92318994,0.90101820
0.87730932,0.91109407
0.96515667,0.95047361
0.97566164,0.92647058
0.42809632,0.68912905
0.93469602,0.92720586
0.30679104,0.42086020
0.36982414,0.27375650
0.93384999,0.86971354
0.90259027,0.89973330
0.82939476,0.79886061
0.38861963,0.43711844
0.90160394,0.98076922
0.15299933,0.10615226
0.78025144,0.83466554
0.81669009,0.88856828
0.86273938,0.94647890
0.54477453,0.43639743
0.76762718,0.55140448
0.88377059,0.87530923
0.81557161,0.78524160
0.92758805,0.91887212
0.95629466,0.96458089
0.67250532,0.73625642
0.79453540,0.62658280
0.83412164,0.84385967
0.79465735,0.15565036
0.97125185,0.95704174
0.89348292,0.89234298
0.51092941,0.52842444
0.87632400,0.87819541
0.95967782,0.88687754
0.71533573,0.73830181
0.72244120,0.52949911
0.68049860,0.71129984
0.81345570,0.86401820
0.78970045,0.84465569
0.36009341,0.62325048
0.86064160,0.70629656
0.96719164,0.96345747
0.81174183,0.85711020
0.51738721,0.42282653
0.89804244,0.83812600
0.78213650,0.91418177
0.73261893,0.53076196
0.76687419,0.76756668
0.66316527,0.48365700
0.84452331,0.84386742
0.82259172,0.87472898
0.62701333,0.43295455
0.85303742,0.15256086
0.36045560,0.56848830
0.39384750,0.46316090
0.75509572,0.84844136
0.45228237,0.58766234
0.91777021,0.93451458
0.95266998,0.94434857
0.73081940,0.87548947
0.90353698,0.66451401
0.93671900,0.93750000
0.78697002,0.87782383
0.80944365,0.77662879
0.44055021,0.52112883
0.86709750,0.74080932
0.41194716,0.35436183
0.93695474,0.90838045
0.88758421,0.86874288
0.42431864,0.40221879
0.82038397,0.68074971
0.80883521,0.27570876
0.56242931,0.65938246
0.55115092,0.75972068
0.67309988,0.72567880
0.94440705,0.92263740
0.85782295,0.90852314
0.81635517,0.77347380
0.87339026,0.90735614
0.41546577,0.39060232
0.91946959,0.93160450
0.90391892,0.93575215
0.88916796,0.95952332
0.92932409,0.92662084
0.19166096,0.13453953
0.57700706,0.80454558
0.94871992,0.97752655
0.90435451,0.84678727
0.66343087,0.82333183
0.89561194,0.93022865
0.72371370,0.61199600
0.73459530,0.77859968
0.74144566,0.80725890
0.75819498,0.83139491
0.83120918,0.83583742
0.79576772,0.87042934
0.63011217,0.70664060
0.49474108,0.36685368
0.76068926,0.74097306
0.81808281,0.79255486
0.93363047,0.84913212
0.79989123,0.71875864
0.77248079,0.67011690
0.62157720,0.32683048
0.69358659,0.55766112
0.83733344,0.85989255
0.32219720,0.19367094
0.93600595,0.93538404
0.88681167,0.90991825
0.75572336,0.68539327
0.93053252,0.91759419
0.77363044,0.72106284
0.49946436,0.32704347
0.86563659,0.93608046
0.76139987,0.86502969
0.87850970,0.95979702
0.86161292,0.84799147
0.39378530,0.37755728
0.94374299,0.95145708
0.70657927,0.56290847
0.83509535,0.91645712
0.90650630,0.95285410
0.77199143,0.62650567
0.41540444,0.32072335
0.94038981,0.89240617
0.34670082,0.35028657
0.54694045,0.71653408
0.93922520,0.88588905
0.38410527,0.26666120
0.74390650,0.74499589
0.85237420,0.83351606
0.89516020,0.96326405
0.82880092,0.90768588
0.93008989,0.94939309
0.86089700,0.85437626
0.91031933,0.95850748
0.44932479,0.54287916
0.35129002,0.36428204
0.89007568,0.88704598
0.55302215,0.43425927
0.92871970,0.94929725
0.73586726,0.71067512
0.82553613,0.63700873
0.77676028,0.86472732
0.78327549,0.71541029
0.79450232,0.63905811
0.89196444,0.80315578
0.91195810,0.88850272
0.74895662,0.66753322
0.52365613,0.44647831
0.79774481,0.62124932
0.80517805,0.87901765
0.78550839,0.78030300
0.35815060,0.52420342
0.83582407,0.92205089
0.77527207,0.78166133
0.82332605,0.73881441
0.90052158,0.84031099
0.55116886,0.63799721
0.92443442,0.94316679
0.92971671,0.93215811
0.93133914,0.89567053
0.89820302,0.25329894
0.83806729,0.86700290
0.89639485,0.95950282
0.92511714,0.88489062
0.78219068,0.86976236
0.78308231,0.76693648
0.76376653,0.30950662
0.83859205,0.72567809
0.90057623,0.97021693
0.29058790,0.21486366
0.88957411,0.78550839
0.92298043,0.93685639
0.71579844,0.49767870
0.73595458,0.69782382
0.38546932,0.25678471
0.92827564,0.86602592
0.75480253,0.55377764
0.74729079,0.62692308
0.59678972,0.46017650
0.93355894,0.92502511
0.85811961,0.88770777
0.78178853,0.82881659
0.78093851,0.50868225
0.91632712,0.92674989
0.50273836,0.36921552
0.95095026,0.90374178
0.95956099,0.88365299
0.75778824,0.72280091
0.54365474,0.36578321
0.69637394,0.84963846
0.98702371,0.95857555
0.86069906,0.91486543
0.84221506,0.82511932
0.47096172,0.54123598
0.85426658,0.87810737
0.90661055,0.88048673
0.90878165,0.86632097
0.94652480,0.89029562
0.89635229,0.92037600
0.55381560,0.57556325
0.72548932,0.68744832
0.93863225,0.90070903
0.71105289,0.65185744
0.84605688,0.84777701
0.29386991,0.32695955
0.94108015,0.99002868
0.73307937,0.69989926
0.75534046,0.71813726
0.76656491,0.61200142
0.78679156,0.49263832
0.94278461,0.94070256
0.97928888,0.96220237
0.83369350,0.85051167
0.96102452,0.91666669
0.79174465,0.77461988
0.32116032,0.46426493
0.29157230,0.17483173
0.95208657,0.88480097
0.83929002,0.83754009
0.72582304,0.84317225
0.81704217,0.83602023
0.23280695,0.11402626
0.93581724,0.95478034
0.94544518,0.91940153
0.96200055,0.97209769
0.87502962,0.88014835
0.66352731,0.51186508
0.84926504,0.92653054
0.96191484,0.96006495
0.76585978,0.67934263
0.87090707,0.71043456
0.93515980,0.92495000
0.62575561,0.35361624
0.61059755,0.50788003
0.97052079,0.98148149
0.58994681,0.68704647
0.76920682,0.86311477
0.46598697,0.52732795
0.83964729,0.88892710
0.96035522,0.95763242
0.78947800,0.80791467
0.77690357,0.83319384
0.91311306,0.81443512
0.67521513,0.68139619
0.60479176,0.74045002
0.77817988,0.80992734
0.82314813,0.87623996
0.47859269,0.67512143
0.69673777,0.60962784
0.87841249,0.94444442
0.81570297,0.91606665
0.47424796,0.35512239
0.94672775,0.90430218
0.97707784,0.92204130
0.64939392,0.55746180
0.54693723,0.49128383
0.93786222,0.89216524
0.95515591,0.95149255
0.94972450,0.98148149
0.76555359,0.94337589
0.90359885,0.80992484
0.92073524,0.90847337
0.87461251,0.92484701
0.58413345,0.26357070
0.15007646,0.08537281
0.92593223,0.93373901
0.78122580,0.87512636
0.95310915,0.91501004
0.87833679,0.95940173
0.95839071,0.91044438
0.62067437,0.59308600
0.86879057,0.90087485
0.71221131,0.61900586
0.84420753,0.82157707
0.42942122,0.52896458
0.81891578,0.73947090
0.63464224,0.79045957
0.54468429,0.54188710
0.83566672,0.87981242
0.69870239,0.65378422
0.67897421,0.61596203
0.97037739,0.94051993
0.63868457,0.74266541
0.66439545,0.64204597
0.81646341,0.88051951
0.93839681,0.89543957
0.82827991,0.81695253
0.78577775,0.91156465
0.86130589,0.64776045
0.95276421,0.92656809
0.87799102,0.93346846
0.83871925,0.92307693
0.85827392,0.91433054
0.85048014,0.88171500
0.78916645,0.78515816
0.31936613,0.21394357
0.84167808,0.71412039
0.54565567,0.37766421
0.90559316,0.86475295
0.22321129,0.16192956
0.61070508,0.68831170
0.89685780,0.87214881
0.84768331,0.77392119
0.33268642,0.17979489
0.61129808,0.87428027
0.34761572,0.35305768
0.88092738,0.92311543
0.96260768,0.97734177
0.50505340,0.44297516
0.54288149,0.58479846
0.80158955,0.77450913
0.94768810,0.91695273
0.96508926,0.95487177
0.94155908,0.94533968
0.86080754,0.80533808
0.76942807,0.94351768
0.95003420,0.93783897
0.88376117,0.89982951
0.83007854,0.69699663
0.62337804,0.49800220
0.28019723,0.21694674
0.66920048,0.17383404
0.89257866,0.82614231
0.71364784,0.87852186
0.84457368,0.92970103
0.89128315,0.92205727
0.77175981,0.79311341
0.49738824,0.51911014
0.72226113,0.67791635
0.75048262,0.69121093
0.83535391,0.77200490
0.93674219,0.96604937
0.49209872,0.38564792
0.79679292,0.81436181
0.53711867,0.62727273
0.49060306,0.46962860
0.88367712,0.94494885
0.69414651,0.77758312
0.70320296,0.64672607
0.65956473,0.74681777
0.90863371,0.90649003
0.73048538,0.69499135
0.74020696,0.55331343
0.54429299,0.52941179
0.14842778,0.12279566
0.55895382,0.20196499
0.82174718,0.66119969
0.83921015,0.80784112
0.81267709,0.62730896
0.91903472,0.92794609
0.90693253,0.84856158
0.35420570,0.30643708
0.49661183,0.55393302
0.94394469,0.93758202
0.42464522,0.32155719
0.77933097,0.81454670
0.95691752,0.89606696
0.42539787,0.36516562
0.96562618,0.93428081
0.46199095,0.23690413
0.88806748,0.84717596
0.89558244,0.91078752
0.81964535,0.90155697
0.87890762,0.91223651
0.21238348,0.26881394
0.79004520,0.84800750
0.63783216,0.42078146
0.93030792,0.92582595
0.71619159,0.61574668
0.79057443,0.91927910
0.90673989,0.95104164
0.68484527,0.85549217
0.67984331,0.62375444
0.89501399,0.93637651
0.88154894,0.89367819
0.94859397,0.98437500
0.66212755,0.53379685
0.80474174,0.80090910
0.58584774,0.51022112
0.94177884,0.90876842
0.73470461,0.91176468
0.80649811,0.95534998
0.97868276,0.93555743
0.83692217,0.86466682
0.98512542,0.95430315
0.84874082,0.93287402
0.80360436,0.78593373
0.65894276,0.69455785
0.88321275,0.91957241
0.90694880,0.94464284
0.93823707,0.93530023
0.93916196,0.90274012
0.63112128,0.45755017
0.68906599,0.56770021
0.40057829,0.36953107
0.82648110,0.85556936
0.70679373,0.62952900
0.88082528,0.92032969
0.84610003,0.78991342
0.84189576,0.79022276
0.95377016,0.93898064
0.47583669,0.61570078
0.67795157,0.61032093
0.84145939,0.80869693
0.59988993,0.52065676
0.93331957,0.88971859
0.66923803,0.76950121
0.50446832,0.74825537
0.94971967,0.92996031
0.89312446,0.85084409
0.90087128,0.92322910
0.83194029,0.86068684
0.71374863,0.82627243
0.91640258,0.87418145
0.26773784,0.38190293
0.66835779,0.70674533
0.48045775,0.45081618
0.18325892,0.19908528
0.92627555,0.93265975
0.21082844,0.13550466
0.91226256,0.82801121
0.83062899,0.82499671
0.87267089,0.82292283
0.95112807,0.61613685
0.66898537,0.41865605
0.80956256,0.85303593
0.84325027,0.72537714
0.93739206,0.90746534
0.65853125,0.65970802
0.84594107,0.79149979
0.58317333,0.51734716
0.75616562,0.70596415
0.71291596,0.86146969
0.62562782,0.59412861
0.86061502,0.90554196
0.67689222,0.31699321
0.74271303,0.79235536
0.88008004,0.96315634
0.95562029,0.95144135
0.61237472,0.69962430
0.93747556,0.93211806
0.83513409,0.79020721
0.43283871,0.13364494
0.87451959,0.89458221
0.70413297,0.70245183
0.83446175,0.88117242
0.80376452,0.81967878
0.55515343,0.45043087
0.91087049,0.92016530
0.63701808,0.74292898
0.82213485,0.86784792
0.58040839,0.48134920
0.40474519,0.38352272
0.92196029,0.90179396
0.64242536,0.62159163
0.80662715,0.82353109
0.79002738,0.74484628
0.65752786,0.46226159
0.94136775,0.94724113
0.65505058,0.64109588
0.42211759,0.63318902
0.80650574,0.87730807
0.68944782,0.54174799
0.30796602,0.26134872
0.39511874,0.39796156
0.97699577,0.96515346
0.85898459,0.84253895
0.91884518,0.89035964
0.82732785,0.68880910
0.71310103,0.80264014
0.90034908,0.94652826
0.54886937,0.40216938
0.64944184,0.32936326
0.93209821,0.88440251
0.86464840,0.91058183
0.93558931,0.95819235
0.85367644,0.80141354
0.83106601,0.81881869
0.46706828,0.33966598
0.89149588,0.83845812
0.68873924,0.72067273
0.78279251,0.71464974
0.91249472,0.94552267
0.78593361,0.82677245
0.91913170,0.89366513
0.38373765,0.44353002
0.90481484,0.86284196
0.86524683,0.90117520
0.74211681,0.67239612
0.45064485,0.45512497
0.39514402,0.41031593
0.82264650,0.85483080
0.16144685,0.12402173
0.92055732,0.87717927
0.81955802,0.76724756
0.71657711,0.74839228
0.97130573,0.95609128
0.86764652,0.87540984
0.93968201,0.89596272
0.95132035,0.78938752
0.83844340,0.86691177
0.79072779,0.85494852
0.55403000,0.39591315
0.89386439,0.92033941
0.91629559,0.88691229
0.64789402,0.17861831
0.81386471,0.77333140
0.80447125,0.77242583
0.80298626,0.90382445
0.92693287,0.96130955
0.77963823,0.90178835
0.91430634,0.86821795
0.44294071,0.51038188
0.49954242,0.52354044
0.69263339,0.39061904
0.71112734,0.78983051
0.93884581,0.90608150
0.86936253,0.86151963
0.28376159,0.16620064
0.79591364,0.81705415
0.35729197,0.14033276
0.89079380,0.94849259
0.88773316,0.93695247
0.91891348,0.90225464
0.66978759,0.68723565
0.73473012,0.70983922
0.94942999,0.93921524
0.97693729,0.97331643
0.77947199,0.94247788
0.95128930,0.94023150
0.90724897,0.89014053
0.57626957,0.58158690
0.96924061,0.95213675
0.96319622,0.96273726
0.58968282,0.29339823
0.97340572,0.94588178
0.67335212,0.35537711
0.90285355,0.90648854
0.92818558,0.92760080
0.62837905,0.61439639
0.61131495,0.61636692
0.87164170,0.82331884
0.97704530,0.95866567
0.89703983,0.87172282
0.53642744,0.44508946
0.59946215,0.71611089
0.69814801,0.74423760
0.75850087,0.72952181
0.49600223,0.41164085
0.85764074,0.82517481
0.95553517,0.94793499
0.64486158,0.72894895
0.81244779,0.77467930
0.78069735,0.75584644
0.79280972,0.86081523
0.90230393,0.79092300
0.86010283,0.95771295
0.39830729,0.23065026
0.62027431,0.40575597
0.96814138,0.91637313
0.80897087,0.85944188
0.90129429,0.82319373
0.94062799,0.87709641
0.79947406,0.85654885
0.89096695,0.81987131
0.67093563,0.75668681
0.84115654,0.96326727
0.93578678,0.90877980
0.78310454,0.78017247
0.80303293,0.89659327
0.86520153,0.45434865
0.85806394,0.93550819
0.46106118,0.33236539
0.73830241,0.67126918
0.88500124,0.86809969
0.82944328,0.76524013
0.93071091,0.95311350
0.72134370,0.70298028
0.82047188,0.63070697
0.46531966,0.38904256
0.60701472,0.67159504
0.96105415,0.89412314
0.62425059,0.78604466
0.90348101,0.89639795
0.88086551,0.90183181
0.81348526,0.77594239
0.43477702,0.66692740
0.88938564,0.92419624
0.56377125,0.43101856
0.76771200,0.73391855
0.97606575,0.93786341
0.85889220,0.92271572
0.89492100,0.86316317
0.70232296,0.74612027
0.87579805,0.84178931
0.89358681,0.94119513
0.77956271,0.89251560
0.85680681,0.08616666
0.91501266,0.94889951
0.80911148,0.85838568
0.76101172,0.78195721
0.58131981,0.50961137
0.90109861,0.91318637
0.55747986,0.58032495
0.79575807,0.72058821
0.88255191,0.87648863
0.66270036,0.89723504
0.83956206,0.97198546
0.51163030,0.53174502
0.79608387,0.74054253
0.90161800,0.89807105
0.91511595,0.87314165
0.66807544,0.49803987
0.82283443,0.91567296
0.75389701,0.70998877
0.80658305,0.79656887
0.78142583,0.76658165
0.96592462,0.92745882
0.84814668,0.94270670
0.96075857,0.88472223
0.52749860,0.91358906
0.94336063,0.94486678
0.90109813,0.89864576
0.86855739,0.91669101
0.84138072,0.86409551
0.86516511,0.93267393
0.66602480,0.75018275
0.77007097,0.74797732
0.93727493,0.87692684
0.46213138,0.45611110
0.84272802,0.88962030
0.81133372,0.73376626
0.90220582,0.87730265
0.78779292,0.65064371
0.27470273,0.24327958
0.85645127,0.90283960
0.83248478,0.89793319
0.97739547,0.90713865
0.86180294,0.86267680
0.78616774,0.83767259
0.68077326,0.75043857
0.35820389,0.29342574
0.64695013,0.37517300
0.40091616,0.27144331
0.46278355,0.53353494
0.93716812,0.93888563
0.52801633,0.53177083
0.51725805,0.55553466
0.83764702,0.83362466
0.88729966,0.80975300
0.74735671,0.73159635
0.45764983,0.41099244
0.91249079,0.85301232
0.39654559,0.22399463
0.77790731,0.84236497
0.90698272,0.83059180
0.82463419,0.70978802
0.83851230,0.90175575
0.80569279,0.88496017
0.89604247,0.88146681
0.90783864,0.92958516
0.88222367,0.92494768
0.89050114,0.89472997
0.85428846,0.79526842
0.56826127,0.55668980
0.45844078,0.60080689
0.86774331,0.89541948
0.90580720,0.90695620
0.66717684,0.64195281
0.94317532,0.89309132
0.89496821,0.92199475
0.49494466,0.46343273
0.72977757,0.48762295
0.51355821,0.37766227
0.76195109,0.84082973
0.79334331,0.82466567
0.59591776,0.78476727
0.72796398,0.57847667
0.76174992,0.86685240
0.42190725,0.48266807
0.95583993,0.92900878
0.93872386,0.94202763
0.69341719,0.53758651
0.92476583,0.95274055
0.86527681,0.81160688
0.71040416,0.54689425
0.63749701,0.43769249
0.93350047,0.95743710
0.37014496,0.26628786
0.95545095,0.71685928
0.91165447,0.92110193
0.95944732,0.89462847
0.87862307,0.94512832
0.39515486,0.53698891
0.83200228,0.89818394
0.63204426,0.66532636
0.86003178,0.80210078
0.28589049,0.13075037
0.93986255,0.95270759
0.94307017,0.86370462
0.50348920,0.49028674
0.87068903,0.86971426
0.41850543,0.28106725
0.73316562,0.62579632
0.57372719,0.70767403
0.58034384,0.49142787
0.87643188,0.87161088
0.85470027,0.81364524
0.90071243,0.82076824
0.83171999,0.76398718
0.87846887,0.70944595
0.72354740,0.81606609
0.62917495,0.77454114
0.52228165,0.51892120
0.44716576,0.33438757
0.92108840,0.87753981
0.96971089,0.93807071
0.80672675,0.81902450
0.87005436,0.83854169
0.82793730,0.73578578
0.23425700,0.24476069
0.66744280,0.53281617
0.83387756,0.92047477
0.89285678,0.82710451
0.81723940,0.90542126
0.53083980,0.51606286
0.81993371,0.73391616
0.95467329,0.93402922
0.48631924,0.65666670
0.92330968,0.89485359
0.57690346,0.31634554
0.84885204,0.93243587
0.70401841,0.64970696
0.87840813,0.90725738
0.73478413,0.71543360
0.53691196,0.75549358
0.97978777,0.93879426
0.72733581,0.80238050
0.69011372,0.59600776
0.72857696,0.65135133
0.77491564,0.74812269
0.91157091,0.94710082
0.82203084,0.95040262
0.57936883,0.41656491
0.79469061,0.83460188
0.61837465,0.65000886
0.62824345,0.59144676
0.46337396,0.40970385
0.95477766,0.91748369
0.90995413,0.89698690
0.38697574,0.38408521
0.89370894,0.82805753
0.77943212,0.79830301
0.94457614,0.90281177
0.76543981,0.87611806
0.94483489,0.87324220
0.86774075,0.88167590
0.92210674,0.97204489
0.95728564,0.93010205
0.94452810,0.95964092
0.90908116,0.73860455
0.49186847,0.49867678
0.49016768,0.50132352
0.70629007,0.69505018
0.78954977,0.84510601
0.86872804,0.95837182
0.94569266,0.92829204
0.83487087,0.83752120
0.95210159,0.98404253
0.81614554,0.90488315
0.87965888,0.95265329
0.97012937,0.89866310
0.41806766,0.48596954
0.44904596,0.47469667
0.63834029,0.64932239
0.77423096,0.91496086
0.83021438,0.90919358
0.85611564,0.93144357
0.87216115,0.94767022
0.72954208,0.59418839
0.83144236,0.81429839
0.91498500,0.87630820
0.84468323,0.86969548
0.88291097,0.90734369
0.41480392,0.23983876
0.96158117,0.95225853
0.79997110,0.74336976
0.47985324,0.20974027
0.87763268,0.85911715
0.86626387,0.92190522
0.71451133,0.63594991
0.90873152,0.87459141
0.97123080,0.91888404
0.94845229,0.87656248
0.73647463,0.72008377
0.90134007,0.91064250
0.90609580,0.91873574
0.73148799,0.88412184
0.94019789,0.96045852
0.59663832,0.59251827
0.95788831,0.98125660
0.74919122,0.71476805
0.96581715,0.91274738
0.94101232,0.93771875
0.86203587,0.90582424
0.83272678,0.86909419
0.52263314,0.66639233
0.48209992,0.56607145
0.90053928,0.86414915
0.59310633,0.73283887
0.78800702,0.72567838
0.89268923,0.80612981
0.89299446,0.76363367
0.86556810,0.92203224
0.69516224,0.30417153
0.27622592,0.24640717
0.86159521,0.94013160
0.58512616,0.61984944
0.81198180,0.85978144
0.86385834,0.75075912
0.83649951,0.77610731
0.91239905,0.94225049
0.37125975,0.43986452
0.62519258,0.64820087
0.68179113,0.65961528
0.81061208,0.82529610
0.11423662,0.13065517
0.36354062,0.27115142
0.82553720,0.85416496
0.92335713,0.90534735
0.93613058,0.94278848
0.77477670,0.72029686
0.76236486,0.92424244
0.81726426,0.91895717
0.77773547,0.66417360
0.33495355,0.32791984
0.93557793,0.90549296
0.80101699,0.95789301
0.85796183,0.89080381
0.74488711,0.77852327
0.94631720,0.99382716
0.89348984,0.88186079
0.77935386,0.88710868
0.96666551,0.92620957
0.73820364,0.68692023
0.85340279,0.89170754
0.85296893,0.75865537
0.87170887,0.88659948
0.89665842,0.90233785
0.74988484,0.59161586
0.82159257,0.84202844
0.50325233,0.40008104
0.39575672,0.19608384
0.23419479,0.38803819
0.86748052,0.83664083
0.97791255,0.93995357
0.23880893,0.17202541
0.90424943,0.94480026
0.73556787,0.91060805
0.97425205,0.95128202
0.79752558,0.72880971
0.76583624,0.64410317
0.47449702,0.59747022
0.87175071,0.89400923
0.94436508,0.96926028
0.24703744,0.28936982
0.88800335,0.90047210
0.91307497,0.88663781
0.72329140,0.65250051
0.57374650,0.68346667
0.73539150,0.69276422
0.93381929,0.90303099
0.74947739,0.76921195
0.55243140,0.57899725
0.97081929,0.97542685
0.93552148,0.94569963
0.94922596,0.87832510
0.88048226,0.77567565
0.90219283,0.85220218
0.92897439,0.93093783
0.50013930,0.53888887
0.66561991,0.67654282
0.37739956,0.30169028
0.76243573,0.73221946
0.83954388,0.88268322
0.71973008,0.53039193
0.94149762,0.82138282
0.95500129,0.95707542
0.86360550,0.80100870
0.64794618,0.16196567
0.40633059,0.46990740
0.70533329,0.93861771
0.41095245,0.36217457
0.91220468,0.80709219
0.85398209,0.86199093
0.87892389,0.90178287
0.71212810,0.80542874
0.81493324,0.80751878
0.94008595,0.80104631
0.86610502,0.88718373
0.73178744,0.69739503
0.95673341,0.97984850
0.51999390,0.36426768
0.88871843,0.88705528
0.59783143,0.36864805
0.81134367,0.66977620
0.88096565,0.88403136
0.73217767,0.76571822
0.44586319,0.37886363
0.67093265,0.65493828
0.47058740,0.43489569
0.85006988,0.73532635
0.83515507,0.81124872
0.89000553,0.99519229
0.92184651,0.84344262
0.77490282,0.78308499
0.88695264,0.86333960
0.88024372,0.90753543
0.85279971,0.72476077
0.86284834,0.92074680
0.73198730,0.35370290
0.96921265,0.95396715
0.87147951,0.87761462
0.79185361,0.81144160
0.97782534,0.95044720
0.88745302,0.93787879
0.93325353,0.85638297
0.85150826,0.85987854
0.93498009,0.82632869
0.91162330,0.89242089
0.83532327,0.82250887
0.78115869,0.81279546
0.91925347,0.94034493
0.80974585,0.77992052
0.75966167,0.76553100
0.70387721,0.68906206
0.80631000,0.82355517
0.44610810,0.35938177
0.90382320,0.87345409
0.88418061,0.88898343
0.88327038,0.89636159
0.96474588,0.92429376
0.79388356,0.67505187
0.46092224,0.44651172
0.84678841,0.88253027
0.98973113,0.97088867
0.84687108,0.86081493
0.94536901,0.93382460
0.72252554,0.54484087
0.63951296,0.75259417
0.84617692,0.80454546
0.93035322,0.84909785
0.93148661,0.95265228
0.90621465,0.92188805
0.60257471,0.46306127
0.96990716,0.91840661
0.70195198,0.68427199
0.98339313,0.94943053
0.86655128,0.92813319
0.49880248,0.37271520
0.88387853,0.75953388
0.94999439,0.89450550
0.82344460,0.85920537
0.77723199,0.73107523
0.80895525,0.83104122
0.92458671,0.91353768
0.95803785,0.97617865
0.92572284,0.89562041
0.29006088,0.41411451
0.91439974,0.91535169
0.79055190,0.87848437
0.73280209,0.77436620
0.81964034,0.89726198
0.91528738,0.91848284
0.44869038,0.40602154
0.90628594,0.95445096
0.88976872,0.78282315
0.71902668,0.79333568
0.68853903,0.73695797
0.74558985,0.74194068
0.87223732,0.88089836
0.63692921,0.70376295
0.88036913,0.79222780
0.48439002,0.53284085
0.73750621,0.69232672
0.81685489,0.87362635
0.89275593,0.93315899
0.85774195,0.89847904
0.96986413,0.95048326
0.83439791,0.82544190
0.60512710,0.45111784
0.79856837,0.76526254
0.78047097,0.66666669
0.94834012,0.97847730
0.91102666,0.94832075
0.78621334,0.86359763
0.87976742,0.93086141
0.89651763,0.87737757
0.83564258,0.73550689
0.72195691,0.51974297
0.92036897,0.90886420
0.86888826,0.38720176
0.91029066,0.91401410
0.58452541,0.48355031
0.73297948,0.62408209
0.52684224,0.48662463
0.90787196,0.86647338
0.81784201,0.95473486
0.68776399,0.71931773
0.95780295,0.95317155
0.60874975,0.61325783
0.58099031,0.48577949
0.85050237,0.71954024
0.96637285,0.93052202
0.71598440,0.66256094
0.95024770,0.88869721
0.84627151,0.87507844
0.87780780,0.81792372
0.86502934,0.86819649
0.74462163,0.86218625
0.86620373,0.88602632
0.96427190,0.91711634
0.60704720,0.63773948
0.94083881,0.89752495
0.96282005,0.93743151
0.75105101,0.49827948
0.76062596,0.88587773
0.78023344,0.77601486
0.83495247,0.85811526
0.78474438,0.85945159
0.77324820,0.70968443
0.58138007,0.61327791
0.90641057,0.92292207
0.85717624,0.82941765
0.81160104,0.66451561
0.88213062,0.92823392
0.89598352,0.71632773
0.92050791,0.94417560
0.75056374,0.68505210
0.95292127,0.91002417
0.93262964,0.91359538
0.68783402,0.85673094
0.62832648,0.70807981
0.79301065,0.76070392
0.29188913,0.13729459
0.75207740,0.68835652
0.73358464,0.72137666
0.76784223,0.82629925
0.93197042,0.86523712
0.55830252,0.59538245
0.14833276,0.15473181
0.85128188,0.73120302
0.55816919,0.72034764
0.72690171,0.81581563
0.53079945,0.49250498
0.95339239,0.92217743
0.75013125,0.81998229
0.82020402,0.74506533
0.72246504,0.66413325
0.49479851,0.50783974
0.96228248,0.94408256
0.46839264,0.37030447
0.74908882,0.87927926
0.54812056,0.53091592
0.92052096,0.95057774
0.82401568,0.80528605
0.62322903,0.37589082
0.87657428,0.83684266
0.91699630,0.97540987
0.43897286,0.62377995
0.61770201,0.48037428
0.50033706,0.46269619
0.81358105,0.93457288
0.87225908,0.80866539
0.86049467,0.89903843
0.71917248,0.84958625
0.63904691,0.61506706
0.90242410,0.76880431
0.92380911,0.90974027
0.74910438,0.79691225
0.70706117,0.87143034
0.77771455,0.76363635
0.37792268,0.40563783
0.77409154,0.74708658
0.89991701,0.97692186
0.33125639,0.42828083
0.88591641,0.92113245
0.86004031,0.83368820
0.95269823,0.85752261
0.80507857,0.89205337
0.66906655,0.55848861
0.89386922,0.92058164
0.91759211,0.86682916
0.85400933,0.86542338
0.66538137,0.34309050
0.24370749,0.10223510
0.86515635,0.85050559
0.76220113,0.79062480
0.92772084,0.92328155
0.95225936,0.97340423
0.53376794,0.40775433
0.80675477,0.75948274
0.76381248,0.78137255
0.83945793,0.88627803
0.88441116,0.81695038
0.76490378,0.75612265
0.26986420,0.15788215
0.84943032,0.92603093
0.78277439,0.62210047
0.44287351,0.33476782
0.84285551,0.83544338
0.87651229,0.88758588
0.92200083,0.78805077
0.45329404,0.49801278
0.67838055,0.60709095
0.77959299,0.84692925
0.86282045,0.72917205
0.84893399,0.90947235
0.92777205,0.91117525
0.95833457,0.93593907
0.47071198,0.60444576
0.70601988,0.73260748
0.71170622,0.66800827
0.92611396,0.90116984
0.70192444,0.66688097
0.91631520,0.94407284
0.79412502,0.83050269
0.98584080,0.96413970
0.41339937,0.30929348
0.90373975,0.93405366
0.81242543,0.84988165
0.85451990,0.85200143
0.22300979,0.11235981
0.80403489,0.70359343
0.81793356,0.69242609
0.89953882,0.85500002
0.83070117,0.71504486
0.55158967,0.56811988
0.76412457,0.84428191
0.72968185,0.45439693
0.75504631,0.62743056
0.26118997,0.29696268
0.93340826,0.85932982
0.87186515,0.85385585
0.66130716,0.52152991
0.47529793,0.50629544
0.93720090,0.92316020
0.89700407,0.88298571
0.85799944,0.92222607
0.87622374,0.85558599
0.80249584,0.43593705
0.95952827,0.99253732
0.32319841,0.19189817
0.61570585,0.55577368
0.95181960,0.92915082
0.23241927,0.17149614
0.94608408,0.90909094
0.43161044,0.48133001
0.30979273,0.26531985
0.34536445,0.34279943
0.77299130,0.94318181
0.21469106,0.16805555
0.96396363,0.92390758
0.95782399,0.90907645
0.91405118,0.90473849
0.84005088,0.60401648
0.97393179,0.94725490
0.53528833,0.51886147
0.90016222,0.90454543
0.87768060,0.89266211
0.75947279,0.63306081
0.78172892,0.80605441
0.48286039,0.49109986
0.96308744,0.93343937
0.84481847,0.82869685
0.86095685,0.76971161
0.61961621,0.75072098
0.62748027,0.59973037
0.88897121,0.93272662
0.20514554,0.16096221
0.78833276,0.83236551
0.25354519,0.14895315
0.81573761,0.74707866
0.54647553,0.32226485
0.40362984,0.56694961
0.91714728,0.89686990
0.94589579,0.94380414
0.60018033,0.72198862
0.31911746,0.33630988
0.69283110,0.79918033
0.75972837,0.80353743
0.85918868,0.77578127
0.88259792,0.85983205
0.67550057,0.79289818
0.93815851,0.17597333
0.29288813,0.27355328
0.80914646,0.70210099
0.91107023,0.90981239
0.83092391,0.80974191
0.92954868,0.94101930
0.84309638,0.74400544
0.64317226,0.47822964
0.90844369,0.88957387
0.90980107,0.91254580
0.75197172,0.81035084
0.95389122,0.91257709
0.46627840,0.41389197
0.85103261,0.85481483
0.71017241,0.49117348
0.89818120,0.91156292
0.49686974,0.41237518
0.88062370,0.73316973
0.92967129,0.90417427
0.84633386,0.84203482
0.89126295,0.87100881
0.63608611,0.64989978
0.76247650,0.66030031
0.74640352,0.84235799
0.57048213,0.53175914
0.49793515,0.42613587
0.77913624,0.74045897
0.87121242,0.92179739
0.85232323,0.83363283
0.77825874,0.74972790
0.89077830,0.93267393
0.98645663,0.90011698
0.72624326,0.80131948
0.64053059,0.68642855
0.82267684,0.81843573
0.77462023,0.70556027
0.70317245,0.86710781
0.69439799,0.88317168
0.97259504,0.53268218
0.81111318,0.71708071
0.44616002,0.49782473
0.75233322,0.63613039
0.95302933,0.95715326
0.91793925,0.94849253
0.40755391,0.43774909
0.91915262,0.80915117
0.91147578,0.92648935
0.92191249,0.90317327
0.91697758,0.88832200
0.96362931,0.94523060
0.89144140,0.90917122
0.36655113,0.51725292
0.81934482,0.93333334
0.97317672,0.95148885
0.42838764,0.49638805
0.75538784,0.88987964
0.46906906,0.52429187
0.78806758,0.76684982
0.96489888,0.92035741
0.71352547,0.60529757
0.70221478,0.59092259
0.67770034,0.57391024
0.75711644,0.77398944
0.77579081,0.80154157
0.84917623,0.90063465
0.92812496,0.94029009
0.76805276,0.82723516
0.44552317,0.32289064
0.68269628,0.58769631
0.66176385,0.56708324
0.90848392,0.88732040
0.85818613,0.83375001
0.80298078,0.83192021
0.86784357,0.87247783
0.76545125,0.75191194
0.70086277,0.54102367
0.69747871,0.58003098
0.42989480,0.43387705
0.91670048,0.89318383
0.92949545,0.97521418
0.93967032,0.92824352
0.88343775,0.85440701
0.45769304,0.24134728
0.68204874,0.46230251
0.84426129,0.95507568
0.89987481,0.90797651
0.79581386,0.87545484
0.67143846,0.55882353
0.17355093,0.41450471
0.96717483,0.94064313
0.81191975,0.79514021
0.78916264,0.62104017
0.72266144,0.74635702
0.68860340,0.74321967
0.72416031,0.64693373
0.56109750,0.64818114
0.71810526,0.81084216
0.83813548,0.94846493
0.84859806,0.85275441
0.31535965,0.16919251
0.71242374,0.73777807
0.86848736,0.60520834
0.85744566,0.72881877
0.29255813,0.13987172
0.80984735,0.74972749
0.60245985,0.57779288
0.82435399,0.91396326
0.58188617,0.49417111
0.93349516,0.90073121
0.67632371,0.68355483
0.33370674,0.45858580
0.61687887,0.59835202
0.51669323,0.60581255
0.54095995,0.27689710
0.72022772,0.88675213
0.88774669,0.89387077
0.89043272,0.86072850
0.89573467,0.90895396
0.16498652,0.12685186
0.93275934,0.94719952
0.94932395,0.80947930
0.80149692,0.87093079
0.73383123,0.53754151
0.67053294,0.48074982
0.74221283,0.70175231
0.76032472,0.80138272
0.39914995,0.18914123
0.79841834,0.89991969
0.84251648,0.90664697
0.95514131,0.92192310
0.81395411,0.70954633
0.58218908,0.64516598
0.91573572,0.93934959
0.70317703,0.68070573
0.87742263,0.78901410
0.40845785,0.25915682
0.97034216,0.93755049
0.78663713,0.78349674
0.58736467,0.30113637
0.81055188,0.79827219
0.64580941,0.70221823
0.87598753,0.96412265
0.33844706,0.30938494
0.26094088,0.24587674
0.84808415,0.91239721
0.47549266,0.43103448
0.85717273,0.65319914
0.89528584,0.91233766
0.60907000,0.55924815
0.74961269,0.89297050
0.91563618,0.92712766
0.79137737,0.65528846
0.92918777,0.91641706
0.78188312,0.91049892
0.75625950,0.72620887
0.81177568,0.92000842
0.94119549,0.90261990
0.90924126,0.94229674
0.82395327,0.74520206
0.69689065,0.70211607
0.93078429,0.98922598
0.79801852,0.69567865
0.76788217,0.91332501
0.93483990,0.97619045
0.90678549,0.91140813
0.96473652,0.97933853
0.90535259,0.92179483
0.87390202,0.83434474
0.53499722,0.43875387
0.31324172,0.12598751
0.90858144,0.80515140
0.89234984,0.78235292
0.90523589,0.89587718
0.90678853,0.92665416
0.75894237,0.64506000
0.78411335,0.73887980
0.92421240,0.92082554
0.84062123,0.89070284
0.88659310,0.66290534
0.91345727,0.94156039
0.71521902,0.53559911
0.75221902,0.70679015
0.84455460,0.87731093
0.90248197,0.91074419
0.51343662,0.52660644
0.79801142,0.69846857
0.98633480,0.92421627
0.90276402,0.86835557
0.61393887,0.50482512
0.78797960,0.82318991
0.41058862,0.30889091
0.65879625,0.55752653
0.36351997,0.31595987
0.70386666,0.83333331
0.31641912,0.33849600
0.76262617,0.79298246
0.87733316,0.71165258
0.60369909,0.31763548
0.57293254,0.39099726
0.76996398,0.73548859
0.16972616,0.34459993
0.87896377,0.88075078
0.76617390,0.85386860
0.82344389,0.84730196
0.86583424,0.84439600
0.81646007,0.89345825
0.80052739,0.78287286
0.89019394,0.90166646
0.46181592,0.49553746
0.89287120,0.90880620
0.83710223,0.84768492
0.85282791,0.83387977
0.87053061,0.75215387
0.84638071,0.76766616
0.73580503,0.53104299
0.75682712,0.81340581
0.83699924,0.75326777
0.68650746,0.51244235
0.30452886,0.34693033
0.87608790,0.79598188
0.94295746,0.90986842
0.55597180,0.45630932
0.89706802,0.89654469
0.72549820,0.68593282
0.57390344,0.60692453
0.85338134,0.84840775
0.44935387,0.35541871
0.70326793,0.63192332
0.74284327,0.77879041
0.32828885,0.39656276
0.95374048,0.94523376
0.68938011,0.63374132
0.84673363,0.98275864
0.81580752,0.85287970
0.35656404,0.18073878
0.74545997,0.67013109
0.90454739,0.95277780
0.84014100,0.70886618
0.91830701,0.94090909
0.35625860,0.37231132
0.70212877,0.79828602
0.87638682,0.78862488
0.19305438,0.14017177
0.78108400,0.86554027
0.95719916,0.95667285
0.78074712,0.84633219
0.85945666,0.96923077
0.88897341,0.89775115
0.75754499,0.64714241
0.84667844,0.83513546
0.53126931,0.72588235
0.90312207,0.84754902
0.67088497,0.71759260
0.62958318,0.70015180
0.88162714,0.75465667
0.30483919,0.41527238
0.87883633,0.85904509
0.78051281,0.74544257
0.79835647,0.70368671
0.93885916,0.96376812
0.92860025,0.99275362
0.86990666,0.82435900
0.44654810,0.59803253
0.87931049,0.82986039
0.68807983,0.63351828
0.83569717,0.81027752
0.89853996,0.95262128
0.65879256,0.80894148
0.89488119,0.85415053
0.74503022,0.22454269
0.79846889,0.83595204
0.76440674,0.70385230
0.83559960,0.85160822
0.24869318,0.13069455
0.94581413,0.95625663
0.61171180,0.44530153
0.74746108,0.84039712
0.32757449,0.43346915
0.77656019,0.89800197
0.94121766,0.90875059
0.82872581,0.82030994
0.83535057,0.79763937
0.39039260,0.24452288
0.79814374,0.83806610
0.75162089,0.65213674
0.61330789,0.57287008
0.88846213,0.92304611
0.85210377,0.94978607
0.59576058,0.64651471
0.94024086,0.86218202
0.90544993,0.91463667
0.77991700,0.84729153
0.78189534,0.75903976
0.44443116,0.45269471
0.91264218,0.92181176
0.97292024,0.95691174
0.85694796,0.79957718
0.73273814,0.87323833
0.84244436,0.62049538
0.77747911,0.83840066
0.94052285,0.94470590
0.86148387,0.63815278
0.88878775,0.81925821
0.77085590,0.76926482
0.84889406,0.93142217
0.68949676,0.64008701
0.82417208,0.83216071
0.88514841,0.93350875
0.76829457,0.83468765
0.94915426,0.91225690
0.88337940,0.79963523
0.91537195,0.94897085
0.68169945,0.75115359
0.58627993,0.66969699
0.93923509,0.94510549
0.42382312,0.46856546
0.55882126,0.56722486
0.76854450,0.79981911
0.81242925,0.91211033
0.88367945,0.90170288
0.90465873,0.96798378
0.72947109,0.67013174
0.84580356,0.88219142
0.89279938,0.91038436
0.80738539,0.79298246
0.91767633,0.86638868
0.17965566,0.12465912
0.75320876,0.90974259
0.36818334,0.39943701
0.62320459,0.46200973
0.71642601,0.82783753
0.81938666,0.82958025
0.97287297,0.94356018
0.37663427,0.33618388
0.77403820,0.73583418
0.58224005,0.55495280
0.63659787,0.50611144
0.75095445,0.84291822
0.94275653,0.88362384
0.44375762,0.53967869
0.35414812,0.29709384
0.71793199,0.68652040
0.86370778,0.87947094
0.74742925,0.68962061
0.67753351,0.60175437
0.75924456,0.59613425
0.58874971,0.54225522
0.74309349,0.88332212
0.93411076,0.87752408
0.89568055,0.89441079
0.07939576,0.06378902
0.74093825,0.90164453
0.32064742,0.46296296
0.70630842,0.67128801
0.70521504,0.57127637
0.77696073,0.79508626
0.89043915,0.93096691
0.88822901,0.91537356
0.91398418,0.95516568
0.77115619,0.74644977
0.96111536,0.96847826
0.48719788,0.55499166
0.79275995,0.75261503
0.58416235,0.42450452
0.93367505,0.89535546
0.98338932,0.90532106
0.86762017,0.81703997
0.78704780,0.85103798
0.90297413,0.90310782
0.95597982,0.97872341
0.87090689,0.96459067
0.85043299,0.76291794
0.83256942,0.74279559
0.91286069,0.89090663
0.55634326,0.53643906
0.78892547,0.84706134
0.71313566,0.53568822
0.93687004,0.89027262
0.94478273,0.87522280
0.71298271,0.68735337
0.96147203,0.90734500
0.68006772,0.59587657
0.78018278,0.49330035
0.73285884,0.60518789
0.95120710,0.87993860
0.82695872,0.88662660
0.74183327,0.59807694
0.89798743,0.85897189
0.78463423,0.78093833
0.25244698,0.22644928
0.92690825,0.84770489
0.65170169,0.81561995
0.60775036,0.42962953
0.86212474,0.94712073
0.85173631,0.77471656
0.82350779,0.76811635
0.60043770,0.48900464
0.91291052,0.75165170
0.77261460,0.88255924
0.82430464,0.90447593
0.83239144,0.82797444
0.40305674,0.30609041
0.66884422,0.59229332
0.74926478,0.74305391
0.81893802,0.82886869
0.94828975,0.94409192
0.68219757,0.78591627
0.78102779,0.71623808
0.67141545,0.47535211
0.91341871,0.94798648
0.41994047,0.36237374
0.74601454,0.83224422
0.87944674,0.83307701
0.63056010,0.65434241
0.44624770,0.55239666
0.94972342,0.93473929
0.89804888,0.93723059
0.95806575,0.93569988
0.90394491,0.87917340
0.84957498,0.88735884
0.88653004,0.88899755
0.58314896,0.74898958
0.64729989,0.68114477
0.71159500,0.58571428
0.46822318,0.48970768
0.89961541,0.86167032
0.40291661,0.29080674
0.92409527,0.93277830
0.84964830,0.81553400
0.81503361,0.77173913
0.79409534,0.73167789
0.68991208,0.81875646
0.98082310,0.94533569
0.52058637,0.52331150
0.75233978,0.82278323
0.88496011,0.89532495
0.95762998,0.93501192
0.83771580,0.94000000
0.91195905,0.93757176
0.47698557,0.28643617
0.59972817,0.38437003
0.84668177,0.86175376
0.46129602,0.66428620
0.34145743,0.42257217
0.66145051,0.65077490
0.90509099,0.91923076
0.78459477,0.67142022
0.77281898,0.48139769
0.88338208,0.85357428
0.42501613,0.56810105
0.90532547,0.87248802
0.82318741,0.95862800
0.72584093,0.82238585
0.67138702,0.62078261
0.94092941,0.80750889
0.88753313,0.83243144
0.94577277,0.85847986
0.98449659,0.91971737
0.71693671,0.69436836
0.93300110,0.75966048
0.43780234,0.41319931
0.88812286,0.88292122
0.86747032,0.74175900
0.82388037,0.85444778
0.65338701,0.65708536
0.92109454,0.91202533
0.77052778,0.79289150
0.34044763,0.11148074
0.68772858,0.49401122
0.83879310,0.76232862
0.93122119,0.92849016
0.29026592,0.19169508
0.28668737,0.14660482
0.81874073,0.88060230
0.77365941,0.71151268
0.49683371,0.26976076
0.92948717,0.87049526
0.74307638,0.64069766
0.65087652,0.70906752
0.38167971,0.20999916
0.90100580,0.90540540
0.43257862,0.58448458
0.56446195,0.59448087
0.91010839,0.73690474
0.58462852,0.68911612
0.88551736,0.86158252
0.68770707,0.79910553
0.93635839,0.88239187
0.83892596,0.90231508
0.57763749,0.49682686
0.51967680,0.33763418
0.85010362,0.95539623
0.74042648,0.42209944
0.77151334,0.84276849
0.84129238,0.83121246
0.38069561,0.33246276
0.81617236,0.87292683
0.86800545,0.81089091
0.89075136,0.82630205
0.92813206,0.78991252
0.83920330,0.86705172
0.79712886,0.61377645
0.35522488,0.34832197
0.94369406,0.91766828
0.62400955,0.32575008
0.60055375,0.60423815
0.83549070,0.88158941
0.74578106,0.90737563
0.80294430,0.83232540
0.71343040,0.83195084
0.75387686,0.73680902
0.90064377,0.98660505
0.42942572,0.62205803
0.65952492,0.69734889
0.90548271,0.88779718
0.79793954,0.91158903
0.82225704,0.74469572
0.95447034,0.94096643
0.72309339,0.72543061
0.69407535,0.79676998
0.97468209,0.95966935
0.78383714,0.87531143
0.50062501,0.58723468
0.56926990,0.42238268
0.86067152,0.81438857
0.69549531,0.61333448
0.84226525,0.45584652
0.79769766,0.72169811
0.93387574,0.82912940
0.94146413,0.90630299
0.86822027,0.85919821
0.95665377,0.89294875
0.41698027,0.35851455
0.58722687,0.50331545
0.92072403,0.76369637
0.76242775,0.51747334
0.92002261,0.96570659
0.33397382,0.37821880
0.94140178,0.94701755
0.43797222,0.36748573
0.71132797,0.48774403
0.90695840,0.91049600
0.89069742,0.88741851
0.94192541,0.98275864
0.96833861,0.98849702
0.98795789,0.90976351
0.39864475,0.24929525
0.50253040,0.50047541
0.93487006,0.89817476
0.92855453,0.85895091
0.91975290,0.82343489
0.20907006,0.09733385
0.64892590,0.56538570
0.79390264,0.69834185
0.85612196,0.88496679
0.57025445,0.64710796
0.97430348,0.93648565
0.72927618,0.71581823
0.82197207,0.78080195
0.39389896,0.42770770
0.93650997,0.91392887
0.93154693,0.90552974
0.93194848,0.91573662
0.54882920,0.68036401
0.90548074,0.89907104
0.69413489,0.44020849
0.72590292,0.65571481
0.88047189,0.94130152
0.80902612,0.80382884
0.74520183,0.71913344
0.20975058,0.16865297
0.70387781,0.14304200
0.28439465,0.21486166
0.40407476,0.31148237
0.88023430,0.91949451
0.95475781,0.96001065
0.90584213,0.95454544
0.85889995,0.66906595
0.84586573,0.85357368
0.64865071,0.67364585
0.81582779,0.79618436
0.72537577,0.84451681
0.46125767,0.44881848
0.94317377,0.85982561
0.89380783,0.79611725
0.37138924,0.24394307
0.75115019,0.81831789
0.58748013,0.41585678
0.88924432,0.87915879
0.59739506,0.40451533
0.78776169,0.72263235
0.84209013,0.94221395
0.77418393,0.75266081
0.92336380,0.91873604
0.73561233,0.74833596
0.81251359,0.85856056
0.71745092,0.81048852
0.89702529,0.89603448
0.20355213,0.26633644
0.88374174,0.81332099
0.70013911,0.70573384
0.96278232,0.97651005
0.88166660,0.91983503
0.97673416,0.91829187
0.38143843,0.35841557
0.96744287,0.91055554
0.56535983,0.74782741
0.98522425,0.94044352
0.95267457,0.96733141
0.91561890,0.92955494
0.76806545,0.83844447
0.76402128,0.58614844
0.81511217,0.88006818
0.90713066,0.92288601
0.41010046,0.26272455
0.90649080,0.83190924
0.55114442,0.72027773
0.72339702,0.93526757
0.76934248,0.68704498
0.28106317,0.15570776
0.78890836,0.65136182
0.92572123,0.92125106
0.74224788,0.79162019
0.82791209,0.85636902
0.88363492,0.88357931
0.75848204,0.88174993
0.77940667,0.79741377
0.61793762,0.64639425
0.56582367,0.53909063
0.71691698,0.62573582
0.86364555,0.87221742
0.76904672,0.79562014
0.74117142,0.78673470
0.79829299,0.82393950
0.40734756,0.43288681
0.38208413,0.25553018
0.84022146,0.87876654
0.90251994,0.76957691
0.83627069,0.74898672
0.55400109,0.41086957
0.45754060,0.34485158
0.51338279,0.53546131
0.74845701,0.96666664
0.96115488,0.95023924
0.74295926,0.87311041
0.89837480,0.91178250
0.83718449,0.83515948
0.68556142,0.58434588
0.94313133,0.89346659
0.99242663,0.98982012
0.94462198,0.87994564
0.89873958,0.76127243
0.90573579,0.85837102
0.96971995,0.91895425
0.30007818,0.24012481
0.83056265,0.84508663
0.87381899,0.87620687
0.58284074,0.54030800
0.78754926,0.76951873
0.96623635,0.97838503
0.87485796,0.80167454
0.74897122,0.57442808
0.67491442,0.77140731
0.91762626,0.81005025
0.78635442,0.85648358
0.92035651,0.86341697
0.95064151,0.77339107
0.92702514,0.87987375
0.27591422,0.11469042
0.87982273,0.88720489
0.94124985,0.93778312
0.78273946,0.69335526
0.92055804,0.93119937
0.82399011,0.89935899
0.95363832,0.88697916
0.84572071,0.75230956
0.79801959,0.73787737
0.93412429,0.95592654
0.76190180,0.60129112
0.96494317,0.97611338
0.93627644,0.90174145
0.89458954,0.89140624
0.62725872,0.66635603
0.75968719,0.80292118
0.77984178,0.74788964
0.94629401,0.85470283
0.53725076,0.35770595
0.68229276,0.59154373
0.85791212,0.82882243
0.87337685,0.90482342
0.77893287,0.59700030
0.91697627,0.89153439
0.93848377,0.97311831
0.60948724,0.53575748
0.25991720,0.15808170
0.74800003,0.71256495
0.79234529,0.87203765
0.77381647,0.49895087
0.80167550,0.56250000
0.58176547,0.52228165
0.77726418,0.83328664
0.78511143,0.80661660
0.94582361,0.93434107
0.61731178,0.64884073
0.73859483,0.75838923
0.05385070,0.04953431
0.92799890,0.85798162
0.84864277,0.80806857
0.95087790,0.93983078
0.62616658,0.50126493
0.90598458,0.88039112
0.85950148,0.94798410
0.86919338,0.87687516
0.72289407,0.58634460
0.86047262,0.91057914
0.57868063,0.48184818
0.61959940,0.33665380
0.82568860,0.85242832
0.88464749,0.90735292
0.49064943,0.40943256
0.40415379,0.44473892
0.89930093,0.81955886
0.84078568,0.83082032
0.90835249,0.91540599
0.37253860,0.37155995
0.27953207,0.13041443
0.65980786,0.67618191
0.89799869,0.93599880
0.94408429,0.85991228
0.97519481,0.94861281
0.85882187,0.77751720
0.81879026,0.61105484
0.87364131,0.89774948
0.82919461,0.34511524
0.92593181,0.87132150
0.92174232,0.94743907
0.64182097,0.61226863
0.81526065,0.80778700
0.96955788,0.93322879
0.93570381,0.97222221
0.52690816,0.42358845
0.92144471,0.92842150
0.80070841,0.87963533
0.92574185,0.93257427
0.86120778,0.84153783
0.88122481,0.93129760
0.63298672,0.68185139
0.83835286,0.94208270
0.72605711,0.69028759
0.91466701,0.85408163
0.45799169,0.73607951
0.82415831,0.88519126
0.59700131,0.50528187
0.81116289,0.84792101
0.82213497,0.75366879
0.71489185,0.50658047
0.79419631,0.64404887
0.87239897,0.89263630
0.43281400,0.49252614
0.76330298,0.65751696
0.67725694,0.58521760
0.79962701,0.70898658
0.97964293,0.94868690
0.72336805,0.79000568
0.83310223,0.87812442
0.91453481,0.90679687
0.87139738,0.93229169
0.40725335,0.40523237
0.86228740,0.86327744
0.86466497,0.69556737
0.62982684,0.80346686
0.77433074,0.67167324
0.94590998,0.82744044
0.72963351,0.75187397
0.40548679,0.57973754
0.87880826,0.96288943
0.83825707,0.96245849
0.94941300,0.97161305
0.84804940,0.92712247
0.85447937,0.83955443
0.63063622,0.59445947
0.74904197,0.79835540
0.89195627,0.85104710
0.88961446,0.85698450
0.75767654,0.75783801
0.67216343,0.68147451
0.76282918,0.68763447
0.87508428,0.86583000
0.85891753,0.83552742
0.92508030,0.92595226
0.77403241,0.80328435
0.75108266,0.76440734
0.69367021,0.48274773
0.77099901,0.85425282
0.38190961,0.35217968
0.90391248,0.95604396
0.77725768,0.57052928
0.88304871,0.65849674
0.96079421,0.97115386
0.63291621,0.51422232
0.87193739,0.94842172
0.90867651,0.86075163
0.92398232,0.97244149
0.94883406,0.88086736
0.04357369,0.04580267
0.72586131,0.71991873
0.79801929,0.90789473
0.95389664,0.83249384
0.91941869,0.88196427
0.89165318,0.86628664
0.83198017,0.91282797
0.86390835,0.91710097
0.79774219,0.81452864
0.75307107,0.67801344
0.80968040,0.47775811
0.86918432,0.80510753
0.60988295,0.67446810
0.92686200,0.84147245
0.95398545,0.93378329
0.87747478,0.84296876
0.79363227,0.73563290
0.55765587,0.43004099
0.17073463,0.11223690
0.72752702,0.57947791
0.91831660,0.94054466
0.96512878,0.93813747
0.96558726,0.86860120
0.65754217,0.62798101
0.95998597,0.95646960
0.50288796,0.47371379
0.80964369,0.94417387
0.90311283,0.96932012
0.69665211,0.56598759
0.64431363,0.80576950
0.43211809,0.33701411
0.78400564,0.69234240
0.90033531,0.84282053
0.41069147,0.26069599
0.37918073,0.73901176
0.90344948,0.93899584
0.76942396,0.60856491
0.28540957,0.14977884
0.84795451,0.89643747
0.86204851,0.84919506
0.84602195,0.78197366
0.80847830,0.84337187
0.76611608,0.62717295
0.75878811,0.77907377
0.88645673,0.85116220
0.65871060,0.62323946
0.70310879,0.65485609
0.98054290,0.97540987
0.92960227,0.86293226
0.73269826,0.81600612
0.40161532,0.47790524
0.93718261,0.95002931
0.97936910,0.94913703
0.67831165,0.58176565
0.90417147,0.90195483
0.71664834,0.50837183
0.63677222,0.54774100
0.44659802,0.57565135
0.65070641,0.80611110
0.46595404,0.39445871
0.88814318,0.96013117
0.27312383,0.19643602
0.96221769,0.96178591
0.62793994,0.24278516
0.98332918,0.96150458
0.82903671,0.83796620
0.85914946,0.92015117
0.85091561,0.94868141
0.75251836,0.59982920
0.84258080,0.76569235
0.92745572,0.88745636
0.90672815,0.95939767
0.36167240,0.34010842
0.79876572,0.80897957
0.77744973,0.89536291
0.40438014,0.32583460
0.81605142,0.71392745
0.97015566,0.95888788
0.91636503,0.88028204
0.88696516,0.88586742
0.78568393,0.68154299
0.91557062,0.94550353
0.91364455,0.94453758
0.78138953,0.73705500
0.92868900,0.90509939
0.31325284,0.17494252
0.79616904,0.87989235
0.63466734,0.68179667
0.79462439,0.79959714
0.74508405,0.59616596
0.92848617,0.84470910
0.92111367,0.99497414
0.31958595,0.26573077
0.94417471,0.96437126
0.86478347,0.87511498
0.79391760,0.63227510
0.80045235,0.80413121
0.93338561,0.87317926
0.82118922,0.71612072
0.84728187,0.87742949
0.79748851,0.84252799
0.90026593,0.88625824
0.75577861,0.70597845
0.89372909,0.82569063
0.42084688,0.28093535
0.37244406,0.45139080
0.87282938,0.85651290
0.32991174,0.25443321
0.91779745,0.87771767
0.81512511,0.92113006
0.85584503,0.78771532
0.55475414,0.56883347
0.82528770,0.68409812
0.52840000,0.51866502
0.86747497,0.89704436
0.82052553,0.64072943
0.93349051,0.97974503
0.81660473,0.83071285
0.82674581,0.84090102
0.48881516,0.29403645
0.74036908,0.77840394
0.75846303,0.76021636
0.76266605,0.78524214
0.86829430,0.89633226
0.96240461,0.94120151
0.81216323,0.87318563
0.75733739,0.82413101
0.91807610,0.95733041
0.91262549,0.90329397
0.28046459,0.11286988
0.38252428,0.44786826
0.70901626,0.70078200
0.69766307,0.70576924
0.67163199,0.77261633
0.75214231,0.51436228
0.71389771,0.64331055
0.72281736,0.77381706
0.84722120,0.94997269
0.77177280,0.57921028
0.89530617,0.96609181
0.79383701,0.83745748
0.90291107,0.87462234
0.91292930,0.86753249
0.80359948,0.90942913
0.92257637,0.92438066
0.80599600,0.81891280
0.88230532,0.91215152
0.80242699,0.70312828
0.85302329,0.81175274
0.88786662,0.87305474
0.91026735,0.89770633
0.67938918,0.50900257
0.43668315,0.54919863
0.90732843,0.99425286
0.86927408,0.90091950
0.83955455,0.80878663
0.80670637,0.83850265
0.81810522,0.74399853
0.95232564,0.92098033
0.41483608,0.62598270
0.89497292,0.76550871
0.95797086,0.87920874
0.23299910,0.25909430
0.82721853,0.76881856
0.96686411,0.92859668
0.79862982,0.71317309
0.64102679,0.77956986
0.83279175,0.86996698
0.67412436,0.45161444
0.91898829,0.98084825
0.88637191,0.84113801
0.87105012,0.84279549
0.82042015,0.70817608
0.45157564,0.44838309
0.85266072,0.85638946
0.70510256,0.99642855
0.93813455,0.95770979
0.89883548,0.87345171
0.74857581,0.73427027
0.84931672,0.84351897
0.87074453,0.92926937
0.94948977,0.92618775
0.57365721,0.45971575
0.95090479,0.90075141
0.83975118,0.82073301
0.90386289,0.90561372
0.91487360,0.84722221
0.90649551,0.92095351
0.91366899,0.88191885
0.23611630,0.07497706
0.38408139,0.14390244
0.94369173,0.84716874
0.95855051,0.88255036
0.80498600,0.85113996
0.92799294,0.94928300
0.75690812,0.73880899
0.63482416,0.62105978
0.78711033,0.81262982
0.70805359,0.55583185
0.93181121,0.88450295
0.57808191,0.43947282
0.90971202,0.93605608
0.71787846,0.74731505
0.50905240,0.60952902
0.77502114,0.71591765
0.93473905,0.90945148
0.61054015,0.61156446
0.70236021,0.66399556
0.76789635,0.82773900
0.71760017,0.99888641
0.84811527,0.80901307
0.78428644,0.83635467
0.64376420,0.62672049
0.77642590,0.62334055
0.90306163,0.80335766
0.54898292,0.57727122
0.79725510,0.69110304
0.78994215,0.87603253
0.57246792,0.62082064
0.68322039,0.60234964
0.32986820,0.31594202
0.43959391,0.45400271
0.72541398,0.73377436
0.73288566,0.54876393
0.59013432,0.67029285
0.82235771,0.89851618
0.83600241,0.70219976
0.80487865,0.79977137
0.78368163,0.75698471
0.85260624,0.80296588
0.93622261,0.98493630
0.80637240,0.73153740
0.90203172,0.91952467
0.80314749,0.74732560
0.30988792,0.27417654
0.83497673,0.90460300
0.58576202,0.61332309
0.81169230,0.90574151
0.94037622,0.93852460
0.40577996,0.41883275
0.52968365,0.45576829
0.53100628,0.40355298
0.89031965,0.90396249
0.83854115,0.87063295
0.36198783,0.24686849
0.96702254,0.90374649
0.91545027,0.80468750
0.79769313,0.92537314
0.80438024,0.82373244
0.95033050,0.90890688
0.45125547,0.41073257
0.92054307,0.92492646
0.86670220,0.89233661
0.88139260,0.75138891
0.87032974,0.78554803
0.64285845,0.68115872
0.49550393,0.59684193
0.85059190,0.34331059
0.98445755,0.95993030
0.87620640,0.75191104
0.79181528,0.92942840
0.07974921,0.05887888
0.86428094,0.86328375
0.92352515,0.92137265
0.96290082,0.94824338
0.90734756,0.92727274
0.39279160,0.44329169
0.24981488,0.16621801
0.80228311,0.81493509
0.69172490,0.77093369
0.47271723,0.36946368
0.93849224,0.94431466
0.83203065,0.86139697
0.65801042,0.71845347
0.56068420,0.42334017
0.83030224,0.88576943
0.93314952,0.98041666
0.82098323,0.89055043
0.38585261,0.45699394
0.51359886,0.43135002
0.69222015,0.56313431
0.69164813,0.65316665
0.81371701,0.88094515
0.80657929,0.81349206
0.74024814,0.69447440
0.46706510,0.53202736
0.37606695,0.19074610
0.71121335,0.62072283
0.75165081,0.62310362
0.26774117,0.17857143
0.95487475,0.93130344
0.35720101,0.26686859
0.43019655,0.41347429
0.56161124,0.34925410
0.98453611,0.92120683
0.65506685,0.71532255
0.84306514,0.91563803
0.42564768,0.36190981
0.64021230,0.68842268
0.73057872,0.75373417
0.93700475,0.91406190
0.71800345,0.61812866
0.85351890,0.88348532
0.96394265,0.96102065
0.80858761,0.76305968
0.91319901,0.93243456
0.75414211,0.88182276
0.78521711,0.68118411
0.78854972,0.86943781
0.95099837,0.93299937
0.69586563,0.82679921
0.88624132,0.90753287
0.61996579,0.56599897
0.86104637,0.58724594
0.95297933,0.93863815
0.88941884,0.78259116
0.87537837,0.85712564
0.94938087,0.94747758
0.98003823,0.93136072
0.29746473,0.38836405
0.60787553,0.83414632
0.88757676,0.81010693
0.87714761,0.73488325
0.68035835,0.91078430
0.88082772,0.95604217
0.38404131,0.61352813
0.40490097,0.28458738
0.55230868,0.64388865
0.50642645,0.31385612
0.79436272,0.58470148
0.93204880,0.90445155
0.75022799,0.73867559
0.87512439,0.86246496
0.32971907,0.37729108
0.81049585,0.66213691
0.76883852,0.78770852
0.41881701,0.38212597
0.34573668,0.21620715
0.50164646,0.44405919
0.86653882,0.88106066
0.73707265,0.77390367
0.81669337,0.82036614
0.87626559,0.80996716
0.86383587,0.85842067
0.93906051,0.90472430
0.84860593,0.40315506
0.74153632,0.60859418
0.76249915,0.73751736
0.77603376,0.73597103
0.85971701,0.80103737
0.88229996,0.83284163
0.29790419,0.27266225
0.73204768,0.60189211
0.85262877,0.84333014
0.96601617,0.97828609
0.78472400,0.78776121
0.80067438,0.74959815
0.74526626,0.84598929
0.86288625,0.80587584
0.83347690,0.72466218
0.83660048,0.88078433
0.95053464,0.93350166
0.58695680,0.39687431
0.71896702,0.53868902
0.40224063,0.39282146
0.44995832,0.46381423
0.83885282,0.91736388
0.85024232,0.81108958
0.70152235,0.69661492
0.72957373,0.62597948
0.94098788,0.80019981
0.67650151,0.47633147
0.79380763,0.84880120
0.86282349,0.83789790
0.60058045,0.67357653
0.81072772,0.72186613
0.58387762,0.51307732
0.75717431,0.77973855
0.37559190,0.34047765
0.54098642,0.55808079
0.53873169,0.41156632
0.54792720,0.51598209
0.92390883,0.89465147
0.85097140,0.84753376
0.75445861,0.70289034
0.93845952,0.94705653
0.88239843,0.92244416
0.95361066,0.94948977
0.76194167,0.63704205
0.90465343,0.88767505
0.45771417,0.44295454
0.89424020,0.91778165
0.96080053,0.96724421
0.83448088,0.71548676
0.58225673,0.70466030
0.90812683,0.96487606
0.79389745,0.69793046
0.84689194,0.83635980
0.99140149,0.95140678
0.70152587,0.73388773
0.36391324,0.30173033
0.94344574,0.91107738
0.84726763,0.84156317
0.77809733,0.68461519
0.81744456,0.82612556
0.95697039,0.90076631
0.57695091,0.57860386
0.93424547,0.89237136
0.84601009,0.80948132
0.79446167,0.63861454
0.35974491,0.38626665
0.46357077,0.52671957
0.81630355,0.87913013
0.94007218,0.95767272
0.85222936,0.86352932
0.57924098,0.33011273
0.87570858,0.94629246
0.96294028,0.93036580
0.95256937,0.91126776
0.91970772,0.97853369
0.65060169,0.64231008
0.90347701,0.78312474
0.96363860,0.96205503
0.93786699,0.91715837
0.79967207,0.68434751
0.92271280,0.88573885
0.91699994,0.89452815
0.37928966,0.26408178
0.52156687,0.52276689
0.90764213,0.91676831
0.69388628,0.59834677
0.80759931,0.62980771
0.83313829,0.84498233
0.95125854,0.97385532
0.65401506,0.71306640
0.81311369,0.85761565
0.47966117,0.26958776
0.90535653,0.88651258
0.92200571,0.97886825
0.79253656,0.88575268
0.69900131,0.81904554
0.80310994,0.85631067
0.93898022,0.78633600
0.45198613,0.53611565
0.55802268,0.52867132
0.77447331,0.58175290
0.87926900,0.74276859
0.28762263,0.16462965
0.93503380,0.93084574
0.88754267,0.92125493
0.81286711,0.86562502
0.60428047,0.52665967
0.79137617,0.76739419
0.78984958,0.86697251
0.93883204,0.90608108
0.30095577,0.21021059
0.85435009,0.71524066
0.82381171,0.82290912
0.75497776,0.77031821
0.78641862,0.79810995
0.78149211,0.51792771
0.55003023,0.67713457
0.71152502,0.73488283
0.85376030,0.88671398
0.92993385,0.86932921
0.46990064,0.45771959
0.58190399,0.53966188
0.86037022,0.88286805
0.84613693,0.80708271
0.74692535,0.92190522
0.89827079,0.70137870
0.83586413,0.84829384
0.90744364,0.83466822
0.84243357,0.71924812
0.87041986,0.93329918
0.57143766,0.76857030
0.69715077,0.55803180
0.92383873,0.88090771
0.90322876,0.84025007
0.94895643,0.91762823
0.88065344,0.86246240
0.67971355,0.51923591
0.61717182,0.53985041
0.51105690,0.41860464
0.90599060,0.74591571
0.73017919,0.71431565
0.78180832,0.85822320
0.84361237,0.86392111
0.84692729,0.84782684
0.40420023,0.31394839
0.60699183,0.64767081
0.44364461,0.60114735
0.78060353,0.80974412
0.38321167,0.37164414
0.45762920,0.46460047
0.83591604,0.84319019
0.29377428,0.16497388
0.95017743,0.94478381
0.70551693,0.60501510
0.82492834,0.81430602
0.91738832,0.85963488
0.64856577,0.52581948
0.83124393,0.90674686
0.71776152,0.59478402
0.74203646,0.84960896
0.76498479,0.80011517
0.29802600,0.29427531
0.88190556,0.88049716
0.88831347,0.94305301
0.76513636,0.88107681
0.79019839,0.66533875
0.96529740,0.92313504
0.69284546,0.73524374
0.88119483,0.86621511
0.96375984,0.93106729
0.79932290,0.47980279
0.88487405,0.83803141
0.94036251,0.86684155
0.82340032,0.88924634
0.73959821,0.68040210
0.62535435,0.81234568
0.57063037,0.34900808
0.88975590,0.93970716
0.90400189,0.92941880
0.82747072,0.80512625
0.80164754,0.91325521
0.92303014,0.74869227
0.47932822,0.21674128
0.88612866,0.95140427
0.79103035,0.76357943
0.73446393,0.73503256
0.93041801,0.93443501
0.59977603,0.43088040
0.50752282,0.61491698
0.22737008,0.20233637
0.78422171,0.93137479
0.79833913,0.88597447
0.84573287,0.82273108
0.97834146,0.95281094
0.96730340,0.95226735
0.78965360,0.78538090
0.93210185,0.94541657
0.87222397,0.90407228
0.51851654,0.57378972
0.80678499,0.81096095
0.88526177,0.94468367
0.83845508,0.91102755
0.69428128,0.65889424
0.39375061,0.55896705
0.23149824,0.25727087
0.59599113,0.55153459
0.49045196,0.56407166
0.69617456,0.62411201
0.51672274,0.44689736
0.81027132,0.89418244
0.73237747,0.74401551
0.88971043,0.91926515
0.57938743,0.48811969
0.75367182,0.60936344
0.89223701,0.96453899
0.93314630,0.94567049
0.43962657,0.58518744
0.68069428,0.85896105
0.91621572,0.92436975
0.72022110,0.76619637
0.65170908,0.37865728
0.66482967,0.53696579
0.86445498,0.68268484
0.57108235,0.54181010
0.83374214,0.86332214
0.51491570,0.63521641
0.86077350,0.87784016
0.87803262,0.94144881
0.59562349,0.56423545
0.92867899,0.88804388
0.76289105,0.90700543
0.94119674,0.95015210
0.44802636,0.62058789
0.64836568,0.79883087
0.86048371,0.92123985
0.37668589,0.29284340
0.58307111,0.65918279
0.97867590,0.95156682
0.80762696,0.83087158
0.67008340,0.55090457
0.94441622,0.89478815
0.74503183,0.71079355
0.41703105,0.29572579
0.83088446,0.90395570
0.75804496,0.70062238
0.48859742,0.42544800
0.23152162,0.13499986
0.46978855,0.59261674
0.80152839,0.83686870
0.80195707,0.71431649
0.80429727,0.80535322
0.64017844,0.44080490
0.80091476,0.68046820
0.93716878,0.88211900
0.88869876,0.92337251
0.79369533,0.90806741
0.58108836,0.42550504
0.78596461,0.81607956
0.81098992,0.75267017
0.55115587,0.54109889
0.56927419,0.64185476
0.65142274,0.78316742
0.82357955,0.83877629
0.82941073,0.80120999
0.86871022,0.89555258
0.91228336,0.88730419
0.74674553,0.89329320
0.90935975,0.86925638
0.89142853,0.90426528
0.38851941,0.32794622
0.68225300,0.72307694
0.82582247,0.78880227
0.59162426,0.69225228
0.75958520,0.49802372
0.90365112,0.94826311
0.74535865,0.65071899
0.84015971,0.69458610
0.91200072,0.91751724
0.76753110,0.60509634
0.78258526,0.72117525
0.72539181,0.51230520
0.93294865,0.83057493
0.86506456,0.62790275
0.77266479,0.72464728
0.75772738,0.60357124
0.84264988,0.57811230
0.68141311,0.76451755
0.73579258,0.65460360
0.89210552,0.91930300
0.75252736,0.41803375
0.88208854,0.91481394
0.51592511,0.57398993
0.36524227,0.30924433
0.75472528,0.72230905
0.51525301,0.49731249
0.83651268,0.73707688
0.90521425,0.87325001
0.84885889,0.81795913
0.74138647,0.80513459
0.86708170,0.90945530
0.67675477,0.66351891
0.90691996,0.83636242
0.90170574,0.81954020
0.95366174,0.93428570
0.65220332,0.72480237
0.98730183,0.95489550
0.86714321,0.97859430
0.73228836,0.76543307
0.83995855,0.88159877
0.64076251,0.66364735
0.80229896,0.66201407
0.82014626,0.81898528
0.96899420,0.90554053
0.93308359,0.90113240
0.38559896,0.20370160
0.45019275,0.31864753
0.29078972,0.22531345
0.72582704,0.56835264
0.89969331,0.89218456
0.93968654,0.91149521
0.35559833,0.43312377
0.64925206,0.41225928
0.82038373,0.85576922
0.92460161,0.72041112
0.81382668,0.84452683
0.76302040,0.82641959
0.78893393,0.87013572
0.72080010,0.40221089
0.89445198,0.93004912
0.91402900,0.94750637
0.55304509,0.42811745
0.98961055,0.95471442
0.87891340,0.91122085
0.47058654,0.51083529
0.58662570,0.27325070
0.68855506,0.48874459
0.54471159,0.53219175
0.89888549,0.91258496
0.43035382,0.51421547
0.48131803,0.16824375
0.90934247,0.95793831
0.90886956,0.87224317
0.44809332,0.35857671
0.82942402,0.88580358
0.71546024,0.65312827
0.51211804,0.45671040
0.81636709,0.84324133
0.97096258,0.91488916
0.54666775,0.43936557
0.95079893,0.96191794
0.38840875,0.36642864
0.96695876,0.90795249
0.86793131,0.92329091
0.86335468,0.82083333
0.97825170,0.94758064
0.48715281,0.37408519
0.92179221,0.87000698
0.84817505,0.88083166
0.92152590,0.88705063
0.74638051,0.59842324
0.74239266,0.60643572
0.80038488,0.83627653
0.39725506,0.39646974
0.96509516,0.90601200
0.70993710,0.48900181
0.89921427,0.87262613
0.73135692,0.70908070
0.83179057,0.75484210
0.76980019,0.77926588
0.73975068,0.75887817
0.68277591,0.24975027
0.41275039,0.61219209
0.92818135,0.95826328
0.98064041,0.96291733
0.67860448,0.49350649
0.86639011,0.75180954
0.71814138,0.55396414
0.96993893,0.92468077
0.85251284,0.89616227
0.93273395,0.87778515
0.88263983,0.94268423
0.44811094,0.69172472
0.93001854,0.92317021
0.73969167,0.62751853
0.82713914,0.68234134
0.64277083,0.72234392
0.54915053,0.52153915
0.67048883,0.48065290
0.91129786,0.90427721
0.92276007,0.92455280
0.86692786,0.86911076
0.68720531,0.60090137
0.75174242,0.78461540
0.85095084,0.94017917
0.89662468,0.89266616
0.89922196,0.92072195
0.85474783,0.86983883
0.58678651,0.66580093
0.85551584,0.77782387
0.88678890,0.91726822
0.91834885,0.89858943
0.71944278,0.89878005
0.68314391,0.56363636
0.84835654,0.79968596
0.72284293,0.68719727
0.89029008,0.85790408
0.91019499,0.90293932
0.80612171,0.95863920
0.47433269,0.36549816
0.91355002,0.90652174
0.82066399,0.81130463
0.88801217,0.69390404
0.90517092,0.86177069
0.78987384,0.66614151
0.22382864,0.10867411
0.81548303,0.83432090
0.35776699,0.27899492
0.93751180,0.93369395
0.76657379,0.76367360
0.55531812,0.52248341
0.74913096,0.70664138
0.46418345,0.47202370
0.66782326,0.72612965
0.95641679,0.89943314
0.41188940,0.55499828
0.86603713,0.89636755
0.86376745,0.75809509
0.78525507,0.63974792
0.83614308,0.78104293
0.83808231,0.88610148
0.93202126,0.93431371
0.78893763,0.83934772
0.76728243,0.71283698
0.89185292,0.89842480
0.53950769,0.54730159
0.66808355,0.43214285
0.81250650,0.35497200
0.62381756,0.52035463
0.30542728,0.16419658
0.41418892,0.40966952
0.75495183,0.61902410
0.62048644,0.72706509
0.91286355,0.90523183
0.81556851,0.81309521
0.72557479,0.62879652
0.73742932,0.82935148
0.52281070,0.72596747
0.87257916,0.78171802
0.78072476,0.76299530
0.83442539,0.91868389
0.26579326,0.25794923
0.89783877,0.94805503
0.71167868,0.54948288
0.93564618,0.96323186
0.68583071,0.70808846
0.77678770,0.74844444
0.89184165,0.82007611
0.85524845,0.84158826
0.93161285,0.90366298
0.73195344,0.79571223
0.85160005,0.80758429
0.66584307,0.79464287
0.33514327,0.39908019
0.77108002,0.73734641
0.32748094,0.07455605
0.37639660,0.17020099
0.90934098,0.93589354
0.54701465,0.63321871
0.83962739,0.80233514
0.60369468,0.67605603
0.94104123,0.91330028
0.80392909,0.71992844
0.97655857,0.91117382
0.49428329,0.47939801
0.82446629,0.85910517
0.55008787,0.56120360
0.61105931,0.99609375
0.82688659,0.82705593
0.37101883,0.31308284
0.90074700,0.71998125
0.72761554,0.61743915
0.86549038,0.79744208
0.87334609,0.80658859
0.75634760,0.86582166
0.87135828,0.94588816
0.68907171,0.67820317
0.86891520,0.86383486
0.82152998,0.55416667
0.74377310,0.64915603
0.78512150,0.77142859
0.71128792,0.55404264
0.65967792,0.72441417
0.78350317,0.84533483
0.78220314,0.71924734
0.79167235,0.87103897
0.81980813,0.86925709
0.90080762,0.89299560
0.86338431,0.85965991
0.95397007,0.96687371
0.90547103,0.87602341
0.75972265,0.78267020
0.78042519,0.90069497
0.93399292,0.88417375
0.73445380,0.69139767
0.86769933,0.81770831
0.63680971,0.67526495
0.52161270,0.52850091
0.83172363,0.81791282
0.77886426,0.61894262
0.89617532,0.91690284
0.66034985,0.49491447
0.70537758,0.82243747
0.78309286,0.62001604
0.85808384,0.76807755
0.65685779,0.42000598
0.62797207,0.63359320
0.87240469,0.92971718
0.73971933,0.57530427
0.83627695,0.80952382
0.87226397,0.92160279
0.88630879,0.84482759
0.86560649,0.84970713
0.55962646,0.28383347
0.92683637,0.88441843
0.64717603,0.69579417
0.29229271,0.22469424
0.88305032,0.82103914
0.85646981,0.75675434
0.77629584,0.65243727
0.83871806,0.88136077
0.78059179,0.85177046
0.87290561,0.89009333
0.93269515,0.81751615
0.49131429,0.26774266
0.54073656,0.70526057
0.75547433,0.83430231
0.52345526,0.62772018
0.88107663,0.85244316
0.66883123,0.57725251
0.38372797,0.29824492
0.61400038,0.61118960
0.88188136,0.93584907
0.89747846,0.93856561
0.57372701,0.36630476
0.66285753,0.58595842
0.51086003,0.38987574
0.82157874,0.87111205
0.86804789,0.83429378
0.89527428,0.41153699
0.93860948,0.95909977
0.90578002,0.92901236
0.55258644,0.61069566
0.90227127,0.89789295
0.73928142,0.74303269
0.88884342,0.85485041
0.97109902,0.88345087
0.32559335,0.27619258
0.88887042,0.95724529
0.91511422,0.83617675
0.58144283,0.49744982
0.95751119,0.94597828
0.89818096,0.87699610
0.90290707,0.94724703
0.91723847,0.90196633
0.86157411,0.92557651
0.65380323,0.73717207
0.64271575,0.69321382
0.96739846,0.94005603
0.94318235,0.88258708
0.92666620,0.90425348
0.94958484,0.88550907
0.42558607,0.45869714
0.90626496,0.88097888
0.32960954,0.25123823
0.95851272,0.92153847
0.89481127,0.94516450
0.74432498,0.57412654
0.94192374,0.87704951
0.93377262,0.96241832
0.78971153,0.82477778
0.36593050,0.29932868
0.85359246,0.69225293
0.49884492,0.97664815
0.90108889,0.90223086
0.61489874,0.60148513
0.73941630,0.79319382
0.83530873,0.78682846
0.77412421,0.89248890
0.67600787,0.35644263
0.73955041,0.80514705
0.91201359,0.84663057
0.64090067,0.65003949
0.88935101,0.64214063
0.75555080,0.59708977
0.43415180,0.20019954
0.88754964,0.88225627
0.28946036,0.15344574
0.89627415,0.92121214
0.84103656,0.67571312
0.91558307,0.76544768
0.93834496,0.97370946
0.87096977,0.84361732
0.77652472,0.82224995
0.61243099,0.37674493
0.86359811,0.90007275
0.89361042,0.89105046
0.90408641,0.96345901
0.90773946,0.87839490
0.76144159,0.71089637
0.90611798,0.89089328
0.60613781,0.75335133
0.92681015,0.89259034
0.14292885,0.06829837
0.87982172,0.94404960
0.92437488,0.96098900
0.59324569,0.62072366
0.76092708,0.48020723
0.55296725,0.81188536
0.86652923,0.89475161
0.92146879,0.88479143
0.88928241,0.85508496
0.92747933,0.92049551
0.55783433,0.63504386
0.86514902,0.84325689
0.97305775,0.86173087
0.74829561,0.84849393
0.63749087,0.45001563
0.83732039,0.87728935
0.94125527,0.88124722
0.63040006,0.52454460
0.57695985,0.55092359
0.85649884,0.90826315
0.80523568,0.78231227
0.85805100,0.89741707
0.86036634,0.86492676
0.56706864,0.15921940
0.50138468,0.29984215
0.76612276,0.43859890
0.96263903,0.99230766
0.80505723,0.84102565
0.30674329,0.17442191
0.58244610,0.70329672
0.45689577,0.40908498
0.53515917,0.40095246
0.39810723,0.48571542
0.66911161,0.49918452
0.94520909,0.88721877
0.34138611,0.08909262
0.84323424,0.82946324
0.69549954,0.75512242
0.91786975,0.92004907
0.92837942,0.88721830
0.57112271,0.53965944
0.94192153,0.94276226
0.81680083,0.85317880
0.84303105,0.90883893
0.66380328,0.61259478
0.42819592,0.41220814
0.74366724,0.76328313
0.96260870,0.94481438
0.82874930,0.82163745
0.79740053,0.79190278
0.19529112,0.14329004
0.71185291,0.54568022
0.88954878,0.91237390
0.74720097,0.64533132
0.94700390,0.89040375
0.28727260,0.23491916
0.78683025,0.70512819
0.97221565,0.87333721
0.66207469,0.50275481
0.34564170,0.41492388
0.69796872,0.83216679
0.86247611,0.84765434
0.87254214,0.87943816
0.96736389,0.91746032
0.78082359,0.84982634
0.76695442,0.68396997
0.79953182,0.84090906
0.71469998,0.70183557
0.73740888,0.77616769
0.88228476,0.94641560
0.72963041,0.61118776
0.65146524,0.68366092
0.40747628,0.45492229
0.82468277,0.80246884
0.72349572,0.71277618
0.80815423,0.86717635
0.68136251,0.76205230
0.98116207,0.96383440
0.39978367,0.43993151
0.39011303,0.38756835
0.96386403,0.91624326
0.43361634,0.31154683
0.83972847,0.91513997
0.95054996,0.96767455
0.28972486,0.18740541
0.75878382,0.66513056
0.37197739,0.25474322
0.96305537,0.94279474
0.87249112,0.81180859
0.97328395,0.94845963
0.89821428,0.97481686
0.42948398,0.18055958
0.45154315,0.19880952
0.32135767,0.38651857
0.79187489,0.80794996
0.79265416,0.82167602
0.93520415,0.96399838
0.84290302,0.84096026
0.76443857,0.85861164
0.82270050,0.65253198
0.52802742,0.45501372
0.59359401,0.42889556
0.95157927,0.92932373
0.73010850,0.59381235
0.89760119,0.91048646
0.88298017,0.92507005
0.97383648,0.88690591
0.24837682,0.23253667
0.92792815,0.92717087
0.74770427,0.90045935
0.83789396,0.93431395
0.82032764,0.90154886
0.77982557,0.88411397
0.35041100,0.43741089
0.81592727,0.83839709
0.93619043,0.91226202
0.43657160,0.31578946
0.36494175,0.40491804
0.90323168,0.93180543
0.90170580,0.88696444
0.94615978,0.93975824
0.94138718,0.95710742
0.92486989,0.93605047
0.90481150,0.91082805
0.66411418,0.60890597
0.84365225,0.90525424
0.89043254,0.90705884
0.84515393,0.75723577
0.88764197,0.76311040
0.91649508,0.83497620
0.82363147,0.93640012
0.92764950,0.89069539
0.85138953,0.81720781
0.68622422,0.63918066
0.70038563,0.91938615
0.67937350,0.87966478
0.80517083,0.02964612
0.89670402,0.90822428
0.70434213,0.71300256
0.62163234,0.57531393
0.82008028,0.88143426
0.85184723,0.85934305
0.59546000,0.64706433
0.88301367,0.96249998
0.88183612,0.92266011
0.81096625,0.83189654
0.80315387,0.77686781
0.76719868,0.59934556
0.77265096,0.76567739
0.81325984,0.84105265
0.93810040,0.91954386
0.23070149,0.12743473
0.82841164,0.62894773
0.75260794,0.41752899
0.60620427,0.50101358
0.75828582,0.78430188
0.75687206,0.68559217
0.62418890,0.60607475
0.91352743,0.88823915
0.84946507,0.84758389
0.80756140,0.75931394
0.23757586,0.23200859
0.38413006,0.38606334
0.95990020,0.89179516
0.88455093,0.94080716
0.71645164,0.46410990
0.74591464,0.65484893
0.83642215,0.31590417
0.31950065,0.24041301
0.94533640,0.94095367
0.84738284,0.87500000
0.49101722,0.61891466
0.94011253,0.92870259
0.29148316,0.27204525
0.67029995,0.45376888
0.65460688,0.57336152
0.90646201,0.87294120
0.77842236,0.85196078
0.91800553,0.85354626
0.95567191,0.97498119
0.47092047,0.42754343
0.89241403,0.94963878
0.48682410,0.45171499
0.93878633,0.96791446
0.91240197,0.86007518
0.89625174,0.83196211
0.88628501,0.85797906
0.85874116,0.91861320
0.51152802,0.35621205
0.85385805,0.85198003
0.80753750,0.79217917
0.47749645,0.17416899
0.98092926,0.91427881
0.83135778,0.87962961
0.78297693,0.47461370
0.88616329,0.92484587
0.97082877,0.91949022
0.80699754,0.60943729
0.67487085,0.77308971
0.91417980,0.87145025
0.56553626,0.55161566
0.70392627,0.63959783
0.42210919,0.34424084
0.79120624,0.69670886
0.71689224,0.71045119
0.85899997,0.73442084
0.53939062,0.45881557
0.78189915,0.66664827
0.86167103,0.93217814
0.93106180,0.81453234
0.68210644,0.75454545
0.73616338,1.00000000
0.83860779,0.93357509
0.79276335,0.71567297
0.84765464,0.84580421
0.76049548,0.80489445
0.72719389,0.77475005
0.80764920,0.74435073
0.95335352,0.88111013
0.16828442,0.25292870
0.86537844,0.93983138
0.85048765,0.94122696
0.92002112,0.85635376
0.88037431,0.80575335
0.78628165,0.85893720
0.76306939,0.93557674
0.83299553,0.90379173
0.43854806,0.14004968
0.94306463,0.83660132
0.94372338,0.93454885
0.41731092,0.26287934
0.85391837,0.91712707
0.45158860,0.65285587
0.80289274,0.76490575
0.71691906,0.58143669
0.29679906,0.12236842
0.84824783,0.93267488
0.89176041,0.95400006
0.82188421,0.85818166
0.93562573,0.91877991
0.82313955,0.72395557
0.67854089,0.80206394
0.22693999,0.10837964
0.45476541,0.16903889
0.96145892,0.91320348
0.77238113,0.68061656
0.87307149,0.93670887
0.55952400,0.37096778
0.92977083,0.87613404
0.93072546,0.90014768
0.72997600,0.89949495
0.94508046,0.91311008
0.71296000,0.51841706
0.82602543,0.89685607
0.90498137,0.86471170
0.82513088,0.83123648
0.35032791,0.25009397
0.92538506,0.92673993
0.93612099,0.89891565
0.84448701,0.84587008
0.98400819,0.90423000
0.78817517,0.73255002
0.87983775,0.92189580
0.96638608,0.88496912
0.90434545,0.71860522
0.72610408,0.74341798
0.95456147,0.92109185
0.73867941,0.99761903
0.55620253,0.46135831
0.71809983,0.71771282
0.95129597,0.87048554
0.75140804,0.72692442
0.58658719,0.57671326
0.70515805,0.88399357
0.39641559,0.40305534
0.90045750,0.88357663
0.91514039,0.94397849
0.49138382,0.66152561
0.74868441,0.75018382
0.89391261,0.93260264
0.86851007,0.85270655
0.74538016,0.55598551
0.70246649,0.68247974
0.92473269,0.90051502
0.94510764,0.96181631
0.89661700,0.95810419
0.84730703,0.88069820
0.84535164,0.83784002
0.79513073,0.88187933
0.81876040,0.54209012
0.75451279,0.77091575
0.75991958,0.81152558
0.80402070,0.61299437
0.91685188,0.87382627
0.72702950,0.62929517
0.93833238,0.88459653
0.96479702,0.97421932
0.30584386,0.30498749
0.37536341,0.23558581
0.84714270,0.89388430
0.82356149,0.64270473
0.28749183,0.35376799
0.91897219,0.95362890
0.88514495,0.95308578
0.38111398,0.49136579
0.98203951,0.96046054
0.75898498,0.69312167
0.95360702,0.94805765
0.85147530,0.81778711
0.87817061,0.84878772
0.82011712,0.85112309
0.77320760,0.73909897
0.85980529,0.89631337
0.72175646,0.54158878
0.33899108,0.11928131
0.89054596,0.79812777
0.73254138,0.79585254
0.73931658,0.81701428
0.88118333,0.83949620
0.83255881,0.89025772
0.68421340,0.65752423
0.80024511,0.75183153
0.90653449,0.84598374
0.88477457,0.89336401
0.89223397,0.92591268
0.77554315,0.20265526
0.96983904,0.91118538
0.93822849,0.87318838
0.38352481,0.39870444
0.86352420,0.95628518
0.97456557,0.93480587
0.91025144,0.68611109
0.68576181,0.80030638
0.60405231,0.58126551
0.92970186,0.89695305
0.65863353,0.67022020
0.52505928,0.55239910
0.74686003,0.85537314
0.88632625,0.94570857
0.94733930,0.87090105
0.48107982,0.34116378
0.95498180,0.91170633
0.73955202,0.75524253
0.74392188,0.78257108
0.81937140,0.71781015
0.59855825,0.55659592
0.31292534,0.23622312
0.92113358,0.90851682
0.69301832,0.69989014
0.86503273,0.82449800
0.60152727,0.36360854
0.80035800,0.74996972
0.90517932,0.98918617
0.46252170,0.58207434
0.83498955,0.79490948
0.90462565,0.89624220
0.59740078,0.72093529
0.39583978,0.47539854
0.70594716,0.71786344
0.42396522,0.30410188
0.96550602,0.92258757
0.86053687,0.85097408
0.86225581,0.97181028
0.95393980,0.97244811
0.79991096,0.74257195
0.91257465,0.83984154
0.95040238,0.95610476
0.91235220,0.89228970
0.92197043,0.95104462
0.55616230,0.48661110
0.67440975,0.23532061
0.96443653,0.94193619
0.82813025,0.94814813
0.75184530,0.76838869
0.81637275,0.91721088
0.84136647,0.71718627
0.80005348,0.87530082
0.75365627,0.80126286
0.89709771,0.87911576
0.92607391,0.87978101
0.72329777,0.76279688
0.72883004,0.59722221
0.82769519,0.77453446
0.81271547,0.83986402
0.37122011,0.33316183
0.90944177,0.92045456
0.21309026,0.16410257
0.83101231,0.87043571
0.98079693,0.94557279
0.97934639,0.89435160
0.90546966,0.87352216
0.86346507,0.78661382
0.88901246,0.93115294
0.32571778,0.33930302
0.93766594,0.96018147
0.93346047,0.88915795
0.52935553,0.62549937
0.40800563,0.42995441
0.88402158,0.86061025
0.85352278,0.82341480
0.76406789,0.61313039
0.87969249,0.85261708
0.87881041,0.93497360
0.95576644,0.93336874
0.89717972,0.92636108
0.82313067,0.70151520
0.43904689,0.43657759
0.90125763,0.89725381
0.86123836,0.89741272
0.80468887,0.92162603
0.94870895,0.96660280
0.87274176,0.87866646
0.85936385,0.92998105
0.88144732,0.94204807
0.37880054,0.40268132
0.97479498,0.96721530
0.95862883,0.82956123
0.88916939,0.93272763
0.40866813,0.28030348
0.78605318,0.84774113
0.64457279,0.66428322
0.90590483,0.85773218
0.89744216,0.83218777
0.84945118,0.67524999
0.93456054,0.86763257
0.58261603,0.45857561
0.72714376,0.55131948
0.65535879,0.57006878
0.86222279,0.91356343
0.29932976,0.35344827
0.83380920,0.68637580
0.81566161,0.85277158
0.46858150,0.51030177
0.95752519,0.86988801
0.91958570,0.89293605
0.63442951,0.51675773
0.94476795,0.91071427
0.91349411,0.91369045
0.88407242,0.76848835
0.14550661,0.12009080
0.35235816,0.33951929
0.57754427,0.57617915
0.76214814,0.73087358
0.86949635,0.89735472
0.74781466,0.20103613
0.36932930,0.39131579
0.91974723,0.91408473
0.84854823,0.85691029
0.93531048,0.91631782
0.78591985,0.77734041
0.80953509,0.56578946
0.93534398,0.90342987
0.93196046,0.80230767
0.45037252,0.64375412
0.95835513,0.93873984
0.75730503,0.73178452
0.90096116,0.90988481
0.43704793,0.25153777
0.86738080,0.86816931
0.62684476,0.52582270
0.77736628,0.84114772
0.96754831,0.93597382
0.10829256,0.05177786
0.94221491,0.94183105
0.90297240,0.83697361
0.87142158,0.88469118
0.75352728,0.21718000
0.18174884,0.13375518
0.86246562,0.88863069
0.91741282,0.89505064
0.95583689,0.93717951
0.92024499,0.96428573
0.53121799,0.42815128
0.58308512,0.82392406
0.69144368,0.71136653
0.72096837,0.72151899
0.51131773,0.29105273
0.90686142,0.88285232
0.95595354,0.95917141
0.93864453,0.88766891
0.77988178,0.75831223
0.97361290,0.94079292
0.51485205,0.27233332
0.88512433,0.92894202
0.81772125,0.74482477
0.68421942,0.68835163
0.65721148,0.69626689
0.76579034,0.76337951
0.60411733,0.52755839
0.40532956,0.48439011
0.85341418,0.81957686
0.73449314,0.64755809
0.79637092,0.69263530
0.94035649,0.93752217
0.45406201,0.59006566
0.76969516,0.81194216
0.76805449,0.55855328
0.84753859,0.92853534
0.39400902,0.31734344
0.92614877,0.92831528
0.74275732,0.72871143
0.95465666,0.90732759
0.97611487,0.91167587
0.89854771,0.89145327
0.75944793,0.60457516
0.63325173,0.55800653
0.68851805,0.51890302
0.86673635,0.91044778
0.72205108,0.80315363
0.93291259,0.93414629
0.55685949,0.30079299
0.93466663,0.86599702
0.85069275,0.84880590
0.40122297,0.32693663
0.75625020,0.79857057
0.69445133,0.81092477
0.94623071,0.92455530
0.45549750,0.51497561
0.79708242,0.89615589
0.65430564,0.40874887
0.90734720,0.89347422
0.88333428,0.88959527
0.86899960,0.89362514
0.85930604,0.94016254
0.89703166,0.70615774
0.75816655,0.74715853
0.80724663,0.77799922
0.40032658,0.38993159
0.78858721,0.88015294
0.77058434,0.73414218
0.89791363,0.91260988
0.73896265,0.58093786
0.66621661,0.32032537
0.90275997,0.91386050
0.84099013,0.83528072
0.87216395,0.90238804
0.84526503,0.86159825
0.66718704,0.55233061
0.67594939,0.84287149
0.86224920,0.95948678
0.71636826,0.78245258
0.75802189,0.85784400
0.86546594,0.82536179
0.44293875,0.40037879
0.44517061,0.37431037
0.83821863,0.82199389
0.94157350,0.53693014
0.82538277,0.78574461
0.21410251,0.22848853
0.90442103,0.82250047
0.74075490,0.73024690
0.89007074,0.89206827
0.85018438,0.92170960
0.62179703,0.44967532
0.82933730,0.92603070
0.48783195,0.51326311
0.65122008,0.78067976
0.80650300,0.88254195
0.66009766,0.77216905
0.85498828,0.94628650
0.84511459,0.84378111
0.84715271,0.84498900
0.78474474,0.65070677
0.91271108,0.87078249
0.90389264,0.88635421
0.87012064,0.87408596
0.65017766,0.68906432
0.61175340,0.49958915
0.84373200,0.91602910
0.89505726,0.84021819
0.75834924,0.78692722
0.50784463,0.58999157
0.87130976,0.84815788
0.86383569,0.84443849
0.82034487,0.78091633
0.73688620,0.84737122
0.26706976,0.17152122
0.56132650,0.54855615
0.94396973,0.94437683
0.95885849,0.92429012
0.75973487,0.55621076
0.80874610,0.81466025
0.88997841,0.80726790
0.81929088,0.78682929
0.93808055,0.94617754
0.92600530,0.88148147
0.65264314,0.67054486
0.78148997,0.85064381
0.91448146,0.92771083
0.80203903,0.75047678
0.97872281,0.95686454
0.86076576,0.87358367
0.22018449,0.23834726
0.77234954,0.77629673
0.85941643,0.89035308
0.96325052,0.97187579
0.94747329,0.90651137
0.72928584,0.90096408
0.60793424,0.53995329
0.96940595,0.98958331
0.83303607,0.76987988
0.92069483,0.91929823
0.76490325,0.66241825
0.75979370,0.64942288
0.94847858,0.89044762
0.65126532,0.67610937
0.73395854,0.72676283
0.83975852,0.76720375
0.83536512,0.83216292
0.93190229,0.90534341
0.90425158,0.96796197
0.86385959,0.87003565
0.66991931,0.63031000
0.96162820,0.92950636
0.81799418,0.88743019
0.91748738,0.87090665
0.82205778,0.70694989
0.94408065,0.97563297
0.83676493,0.79623288
0.88939863,0.88405353
0.54630643,0.49265650
0.89960754,0.99444443
0.85344917,0.79036933
0.73836535,0.70986301
0.95971316,0.92288488
0.41685072,0.30756614
0.58349955,0.68696600
0.79113436,0.86625421
0.44771880,0.35050800
0.56487375,0.46106213
0.66843098,0.44303864
0.93593496,0.87660164
0.76896781,0.83545738
0.88070309,0.85069126
0.88889527,0.81162632
0.52594084,0.57950193
0.61366457,0.73750222
0.95210904,0.95530301
0.95430011,0.95363468
0.39898866,0.32808661
0.60068017,0.55121565
0.94261396,0.92689967
0.90034711,0.90217435
0.96254253,0.88427126
0.57989818,0.65315610
0.85553133,0.87675571
0.76920700,0.66503936
0.08642010,0.11494103
0.62108409,0.67119473
0.81795305,0.79233122
0.66117209,0.66094005
0.83768898,0.93963963
0.66868687,0.69750714
0.82435429,0.85764241
0.51397598,0.52840298
0.74823290,0.73471564
0.85192966,0.89596272
0.57813191,0.35766375
0.70836312,0.63896549
0.52524179,0.40296757
0.89965296,0.88704634
0.54206151,0.45070335
0.71865082,0.83443046
0.47103873,0.47934622
0.76925772,0.67756408
0.97262269,0.93684494
0.60864621,0.56713766
0.80560905,0.90593648
0.70297927,0.70142967
0.52933323,0.50965667
0.77031666,0.88671875
0.62241507,0.52885211
0.95408690,0.83463115
0.62945026,0.34641609
0.92887890,0.82876712
0.94288039,0.91406453
0.37650120,0.30129331
0.38035887,0.63616073
0.59281230,0.04845155
0.83395731,0.88600469
0.64732766,0.61904764
0.59804809,0.45204136
0.83899999,0.81475151
0.68395889,0.90451390
0.33558941,0.22177146
0.34925780,0.29945654
0.79792500,0.68983757
0.94085854,0.91415662
0.89134884,0.87006044
0.65745300,0.80337584
0.96116889,0.96874243
0.87288171,0.88009894
0.81057465,0.85188872
0.97647923,0.93316805
0.92319524,0.90077287
0.78989595,0.80911100
0.33855507,0.11408894
0.85010451,0.85279375
0.89776468,0.93032849
0.92291641,0.91492677
0.82526344,0.90733528
0.83204335,0.81771487
0.90012562,0.91498768
0.94116879,0.95652425
0.96855295,0.90646917
0.55191547,0.64652777
0.71275973,0.58315706
0.92697453,0.85891318
0.72938317,0.69257730
0.94020891,0.94185799
0.86775082,0.88832200
0.78893262,0.85598040
0.84528810,0.78168249
0.90787607,0.90263158
0.77084613,0.83303654
0.90150386,0.91967493
0.75302714,0.71624804
0.87840509,0.80990237
0.95837212,0.90912700
0.77232563,0.80256462
0.63436502,0.59552443
0.32181326,0.23681186
0.63841420,0.50253379
0.65052271,0.54191619
0.30245370,0.18189681
0.58950961,0.42438155
0.77491254,0.72044647
0.83273917,0.91439730
0.94917101,0.91684574
0.95077002,0.92506206
0.32561195,0.24160588
0.44348291,0.27595365
0.95343941,0.85697168
0.64761394,0.66573411
0.78203660,0.89220566
0.61921042,0.47112080
0.55309039,0.48271435
0.89196622,0.77254188
0.86678338,0.96651059
0.86430925,0.72334933
0.95286423,0.64689296
0.47518003,0.72345650
0.20893233,0.18042041
0.84839618,0.60098600
0.71271169,0.49399674
0.75669539,0.71402138
0.94259733,0.94178361
0.52051342,0.29500368
0.88433534,0.90296113
0.25550726,0.05136472
0.91894996,0.94964486
0.48034480,0.47654912
0.47911069,0.55289757
0.80502158,0.81119543
0.75120604,0.90784472
0.96683449,0.89685374
0.76766115,0.67636144
0.78276849,0.40288460
0.53170812,0.42986614
0.97928107,0.98393756
0.55295730,0.61065215
0.71055871,0.65012896
0.92010224,0.95646000
0.54642409,0.50420672
0.95758331,0.87978321
0.97994047,0.92094803
0.66728413,0.66511738
0.57469738,0.60660034
0.48442844,0.44250327
0.93926442,0.89464885
0.98382711,0.92523944
0.90182716,0.94815439
0.76702708,0.88486564
0.80940157,0.83461541
0.85282493,0.87142307
0.84173077,0.83375567
0.71675867,0.56789601
0.77756852,0.84102881
0.82719290,0.85782647
0.70758080,0.67394406
0.93737382,0.95129144
0.80060434,0.59579164
0.94077623,0.87803340
0.85738099,0.86035794
0.76120567,0.66070873
0.75886738,0.82681078
0.77230382,0.67062145
0.73643517,0.58097559
0.43063855,0.39346027
0.27728832,0.34014612
0.34058043,0.21975319
0.75381720,0.59207392
0.70258629,0.87201297
0.80216712,0.78771836
0.76210392,0.70762616
0.73398083,0.67272651
0.91290069,0.87387979
0.91593921,0.96345621
0.54553515,0.42077038
0.37397313,0.15829608
0.97201306,0.91199678
0.93538409,0.95495719
0.41006818,0.35403588
0.75120199,0.66532016
0.91666824,0.92055923
0.75405127,0.91490322
0.97804981,0.97001278
0.88959652,0.88018858
0.88398170,0.93117476
0.98440731,0.95382863
0.85829806,0.86244410
0.79000640,0.73442101
0.92113501,0.91228068
0.73634219,0.93927830
0.61702973,0.46267676
0.68725121,0.70179617
0.92191350,0.91501409
0.95265788,0.91996789
0.63802123,0.54710144
0.40696964,0.31135127
0.93669420,0.93886197
0.91603273,0.90465760
0.91456872,0.94040430
0.59639144,0.66389376
0.82206154,0.82772726
0.96231109,0.91983473
0.53690833,0.39805523
0.93431956,0.87549829
0.58345097,0.66744733
0.90491700,0.79849559
0.87222427,0.85115749
0.81605548,0.81344086
0.86868465,0.87896824
0.87604505,0.66121429
0.73813736,0.55836362
0.71525335,0.51431823
0.95180804,0.87147808
0.97435874,0.91590399
0.86561954,0.90799302
0.94998705,0.85250485
0.88568360,0.96512985
0.91043019,0.95205468
0.86915720,0.91211528
0.68182474,0.65570402
0.81059128,0.75059289
0.87450802,0.72716153
0.80120081,0.57137841
0.86078012,0.76650643
0.95144498,0.91661173
0.77846497,0.76482922
0.72433013,0.74185425
0.46103910,0.31294981
0.98094696,0.96527582
0.86329198,0.85145080
0.85497034,0.80889010
0.71579242,0.76749974
0.60200435,0.41971815
0.87588316,0.84762043
0.80318809,0.87377679
0.24762465,0.40974379
0.66977108,0.66561794
0.89427930,0.82890910
0.80628324,0.86212122
0.67288208,0.68294156
0.33030728,0.31551424
0.84445786,0.72432435
0.88328880,0.87636930
0.86583340,0.89229268
0.45486215,0.70499414
0.98497957,0.94096440
0.83192593,0.69155443
0.37126112,0.42263299
0.82785809,0.78516775
0.82543081,0.73881149
0.63779116,0.26188931
0.81873930,0.92157781
0.59451908,0.71014494
0.71644431,0.63020581
0.37077913,0.46329337
0.41440943,0.48507112
0.73679388,0.77320921
0.42970964,0.51368695
0.98408926,0.95154363
0.80674988,0.82196611
0.38458034,0.31492946
0.84360296,0.86184406
0.93506360,0.91306508
0.86673445,0.81522924
0.39323303,0.29763985
0.92186671,0.91791171
0.93747270,0.84123367
0.92318445,0.86639059
0.66635764,0.70728254
0.44718903,0.50532764
0.85349602,0.75413793
0.76237911,0.79802209
0.38286102,0.06908450
0.43539697,0.46709225
0.63625807,0.48625547
0.78251195,0.91732252
0.92277336,0.91885495
0.63039982,0.35408440
0.91586858,0.91003817
0.74518591,0.76037735
0.72470975,0.57758534
0.97767413,0.90748078
0.97451913,0.92078489
0.70622140,0.43711427
0.90696067,0.89867485
0.49694201,0.58305603
0.75561225,0.66135561
0.56264627,0.60321182
0.76538724,0.78839141
0.88398629,0.87336266
0.97199810,0.91758722
0.87386632,0.82968795
0.95042342,0.94885772
0.71080631,0.74861449
0.94512272,0.87827450
0.81375736,0.85758328
0.69054192,0.82503259
0.82355559,0.79437703
0.79623109,0.77544993
0.78145802,0.96475953
0.96799231,0.88080531
0.94608760,0.93811256
0.61573690,0.53290743
0.95108157,0.88905644
0.88461465,0.82162529
0.88168162,0.82956201
0.46573064,0.54464805
0.75316238,0.85636365
0.92730522,0.93567741
0.53337854,0.62207139
0.77213037,0.75282866
0.81841099,0.83056438
0.43630153,0.60219049
0.73763895,0.59485096
0.85353512,0.92739350
0.36961779,0.36347941
0.89071518,0.93956929
0.69623858,0.58518565
0.41039196,0.31247404
0.87074596,0.84383649
0.63704902,0.60194921
0.80147153,0.90385151
0.91233468,0.91632074
0.81797200,0.79541570
0.89733154,0.92923933
0.89643782,0.87799019
0.84144473,0.91084057
0.60338205,0.60825026
0.62410939,0.80930573
0.53658372,0.44092557
0.95883983,0.93097347
0.88925940,0.94509882
0.85422480,0.82213134
0.73236924,0.79500026
0.82625717,0.73055553
0.64010966,0.65812683
0.82787299,0.89912975
0.81808662,0.60179102
0.75572377,0.67281604
0.78298175,0.68463725
0.84547120,0.98814118
0.43562755,0.46337771
0.62874645,0.68644661
0.83967286,0.84266508
0.86326265,0.79233730
0.82172215,0.84904999
0.42724666,0.62392473
0.86693114,0.87537408
0.85991126,0.86046410
0.83872032,0.92244172
0.78009725,0.12338441
0.84251040,0.92666966
0.92428547,0.89816177
0.92359138,0.92510438
0.82444376,0.78233039
0.82249284,0.88588852
0.74474210,0.63951617
0.91854244,0.89922249
0.52214092,0.43105555
0.54181242,0.26039925
0.57112914,0.57132524
0.41515690,0.52865130
0.24895146,0.34113720
0.93537402,0.85555959
0.67803168,0.68694735
0.90115929,0.94155842
0.71746337,0.67960298
0.96821767,0.98026317
0.75055122,0.71152312
0.76741225,0.11945333
0.94266784,0.91170597
0.95448369,0.94761902
0.91154015,0.87409574
0.40400827,0.63698959
0.92313111,0.91972297
0.61623317,0.60412472
0.25411487,0.17510287
0.69724047,0.65124583
0.96141058,0.94237727
0.87754035,0.81131107
0.90286905,0.85678673
0.87999564,0.89682353
0.77790439,0.68675578
0.77671593,0.69969225
0.80299473,0.89197922
0.94172156,0.93751657
0.54585946,0.52735651
0.70889097,0.67539680
0.86350584,0.81089741
0.96577048,0.93118787
0.35132670,0.23821059
0.82208282,0.88850033
0.35545582,0.29759315
0.92436016,0.98387098
0.84244305,0.68531996
0.93280363,0.90717655
0.76699549,0.63645130
0.76073456,0.63410997
0.68324149,0.56390709
0.39840278,0.38640112
0.68371224,0.59971195
0.77098268,0.81190509
0.82712954,0.77822804
0.95408976,0.94847524
0.60772330,0.50519210
0.91240966,0.93418801
0.95868075,0.94858783
0.89571112,0.86462289
0.91870016,0.93756014
0.87445879,0.81495655
0.52709138,0.48136434
0.65841335,0.37597519
0.65904188,0.70359051
0.70074004,0.62592953
0.58373159,0.51125449
0.60248232,0.54233509
0.90000939,0.87815273
0.49493963,0.49069935
0.84139144,0.90702724
0.98181069,0.93976974
0.86552459,0.93013632
0.86301690,0.91496599
0.62639809,0.46256721
0.76581877,0.81667751
0.69727999,0.61455625
0.87766951,0.86431748
0.89704043,0.92088908
0.98917025,0.95627242
0.40709126,0.35047990
0.42007270,0.27582550
0.89686310,0.89698404
0.47563526,0.49309525
0.62237149,0.59674865
0.76557004,0.90041858
0.79357225,0.84657222
0.84038717,0.74964249
0.76749367,0.84259510
0.96024334,0.92773968
0.86466992,0.86005497
0.40013757,0.43663746
0.52694839,0.65562260
0.83741248,0.77084839
0.84527600,0.88929200
0.79258746,0.56137246
0.95489484,0.95222330
0.80972475,0.93880033
0.75922126,0.61130273
0.67450696,0.66463548
0.71764994,0.57126212
0.76986080,0.81140125
0.88017809,0.87110692
0.54818076,0.51611155
0.80944979,0.82379520
0.87550396,0.92742449
0.76377678,0.86062193
0.93442720,0.87861025
0.71657377,0.76460183
0.76627296,0.62398291
0.84635919,0.88543117
0.75049472,0.65755576
0.72175789,0.71240228
0.87894547,0.88966560
0.70614755,0.61563998
0.30024990,0.27041593
0.88282776,0.82627690
0.50082386,0.36762342
0.72561669,0.70276552
0.79538870,0.76733917
0.62584180,0.50571364
0.91839230,0.89392662
0.78105056,0.70371163
0.91825408,0.92180008
0.90904260,0.95222223
0.98572183,0.97394812
0.83173448,0.87787205
0.39127436,0.26346931
0.79073077,0.60044956
0.94066501,0.88773692
0.95822674,0.94300526
0.72553712,0.65546620
0.84861630,0.88994503
0.94055605,0.94645202
0.81519550,0.85202897
0.83288056,0.84666324
0.95987040,0.92938083
0.64536721,0.65601927
0.62094939,0.79284823
0.81199121,0.86666667
0.48279735,0.49213353
0.94260114,0.90919971
0.47392511,0.37278584
0.63312048,0.61247760
0.93316162,0.98069954
0.93242013,0.89074618
0.86065686,0.92161173
0.78459328,0.78991175
0.71455514,0.50117564
0.93936759,0.92743641
0.95670515,0.93714100
0.67516547,0.62839681
0.83801460,0.86453646
0.78534931,0.51834238
0.45460698,0.51592159
0.88179952,0.91337049
0.80522752,0.84103644
0.42550498,0.26368701
0.96823066,0.94897270
0.85899854,0.86834514
0.83495516,0.83479828
0.37657118,0.32072389
0.92959297,0.91436714
0.85579038,0.92822248
0.88754624,0.66482651
0.78661680,0.87753588
0.96521807,0.95978361
0.88009632,0.88037038
0.75074351,0.82229638
0.86537021,0.81553066
0.89310503,0.90870708
0.32910565,0.22173683
0.75608110,0.81991667
0.87564176,0.88727701
0.94354045,0.97264469
0.90998083,0.88453460
0.43989041,0.39998743
0.76361030,0.72426903
0.40126982,0.37020344
0.64196444,0.62159497
0.82842499,0.80033547
0.84029788,0.87703180
0.86566699,0.72613961
0.95153123,0.91932911
0.73479718,0.80875707
0.89163411,0.96621388
0.79666686,0.73590565
0.50285262,0.53175282
0.88639027,0.95569479
0.72843254,0.85787910
0.88417333,0.91462767
0.84592915,0.84964156
0.86001915,0.92041367
0.78714240,0.43037850
0.68026209,0.65663856
0.33913413,0.34939492
0.94935584,0.91933256
0.77169788,0.79794973
0.91686404,0.24443860
0.21678969,0.19908604
0.86541939,0.92154646
0.73994154,0.79469872
0.73738134,0.67562401
0.81116968,0.79151249
0.64680648,0.66866726
0.85522169,0.84853733
0.71883380,0.66561460
0.80804348,0.81181318
0.18933740,0.16883211
0.69658852,0.69151980
0.93901670,0.94042695
0.68303126,0.57627106
0.46994734,0.52826089
0.96612507,0.93764573
0.95061004,0.87558526
0.46490386,0.41945186
0.68595529,0.40059206
0.95020908,0.93563622
0.88376153,0.81188291
0.28447482,0.14387700
0.52610785,0.67460316
0.80640364,0.75912517
0.76565564,0.69298339
0.95430142,0.92375308
0.84206527,0.94433659
0.61177725,0.33902389
0.91763800,0.88370687
0.60149056,0.60963219
0.81519026,0.91833335
0.60093468,0.58405799
0.75989294,0.75930297
0.91902584,0.87258023
0.94433308,0.93895632
0.48654374,0.43178505
0.49474889,0.38442686
0.58984298,0.56603146
0.73627049,0.71205699
0.47348869,0.32590580
0.93731368,0.88000000
0.19279335,0.09435582
0.97692978,0.93921590
0.88702154,0.94690579
0.86547208,0.86420643
0.78463149,0.86055839
0.89075112,0.82858294
0.89301741,0.91889256
0.83880806,0.79470009
0.56680971,0.47681984
0.92901605,0.91692543
0.81192201,0.76311851
0.56161273,0.53652096
0.62277329,0.43902439
0.94379449,0.92598152
0.34045029,0.14750355
0.26578468,0.12500930
0.87568665,0.94349796
0.76078683,0.90295762
0.93286496,0.93720138
0.92299104,0.90058959
0.40946057,0.21902834
0.58734554,0.37369376
0.60836881,0.24889717
0.91188681,0.96393663
0.73088384,0.78216499
0.81962830,0.79706925
0.26658931,0.23380351
0.84909195,0.80832392
0.84990293,0.81209868
0.77104181,0.72360629
0.94098920,0.93560302
0.47354066,0.42252624
0.76196796,0.76539201
0.92857599,0.97972971
0.88396835,0.96800590
0.75377256,0.77814007
0.68782413,0.67242688
0.74061537,0.55221295
0.83832580,0.48824480
0.09401520,0.07052541
0.92166626,0.89690268
0.92785245,0.92507643
0.55895340,0.54578048
0.93581444,0.91136366
0.94156367,0.91526860
0.77598113,0.88864428
0.51861650,0.31234205
0.80686826,0.68848288
0.93336338,0.90304595
0.45418012,0.56129384
0.88652408,0.84524548
0.42057130,0.30743930
0.43627399,0.52422714
0.86874580,0.71524698
0.70530331,0.64460522
0.80698460,0.90030444
0.96158797,0.94745803
0.86539209,0.88062829
0.92516828,0.92783791
0.90830874,0.92027003
0.21375774,0.17943431
0.70771164,0.95145631
0.93871880,0.93441278
0.77055967,0.68503690
0.93635327,0.87123710
0.83194816,0.88809526
0.75265282,0.69953054
0.72392297,0.81813127
0.33392060,0.37159628
0.44125822,0.29625952
0.38793138,0.28532243
0.90110624,0.85054159
0.72678304,0.92562938
0.85405111,0.87106997
0.88946682,0.84478593
0.73951977,0.73150969
0.89956331,0.92903388
0.76290482,0.76272196
0.11615445,0.08568238
0.69203287,0.76789194
0.64999259,0.81197923
0.60641456,0.48532185
0.80411142,0.79078865
0.63824445,0.65116352
0.91862077,0.96470785
0.54662973,0.55118233
0.74957782,0.78396225
0.85987496,0.77738202
0.84229594,0.86583269
0.82324719,0.84166664
0.84074795,0.70324481
0.97134912,0.94711012
0.74359357,0.85160482
0.96303248,0.93683344
0.68714452,0.58848786
0.85273063,0.88028342
0.95637959,0.84917581
0.62878847,0.70565295
0.55373544,0.41524440
0.37042096,0.54964250
0.66722906,0.69148803
0.84969300,0.95602828
0.85735899,0.83180285
0.75699961,0.79387879
0.54849398,0.47865498
0.75578439,0.90606135
0.95665812,0.95982093
0.89884746,0.81467670
0.83624160,0.78690267
0.40700677,0.17064413
0.76951391,0.84632868
0.89829499,0.93790323
0.84065503,0.85245901
0.78143990,0.47078872
0.95814931,0.84759617
0.63416058,0.76904571
0.79078132,0.67385155
0.74253017,0.73476619
0.78904653,0.88548368
0.72802633,0.70113432
0.83893371,0.84885603
0.89909071,0.90338469
0.87460464,0.82758075
0.66907668,0.52502859
0.66311485,0.65216792
0.71368927,0.62694097
0.85322577,0.83595008
0.88474828,0.93602693
0.95624703,0.83276290
0.91143054,0.85947710
0.74619544,0.79183537
0.91660982,0.95738298
0.57545990,0.66735572
0.50994503,0.64438772
0.70816022,0.56597847
0.81345654,0.64929682
0.70300436,0.61122042
0.77086234,0.66178775
0.83158326,0.65776700
0.91048729,0.89681071
0.79508245,0.76346344
0.89498097,0.95932311
0.97424942,0.92198241
0.34242439,0.48826945
0.19265486,0.10680799
0.72892708,0.68948412
0.42409089,0.29136214
0.85291767,0.97972971
0.84742093,0.80772376
0.75808901,0.76360542
0.87278664,0.84191996
0.84403986,0.77688491
0.78270590,0.78312802
0.91907388,0.84217387
0.90207440,0.90997022
0.91897756,0.90726715
0.93051916,0.93198651
0.92745441,0.81842673
0.83079946,0.79706222
0.79705137,0.80172646
0.36772510,0.31707820
0.95112997,0.95548791
0.81026644,0.86841512
0.90079969,0.84227818
0.91431051,0.84136605
0.81278461,0.84452415
0.84000689,0.83379704
0.67710626,0.80149972
0.52137899,0.48747450
0.95699733,0.98148149
0.86994165,0.87855417
0.79189944,0.64632630
0.16873248,0.13333993
0.65373486,0.59449309
0.75938135,0.80787051
0.55638736,0.39782366
0.89093071,0.89029396
0.86455148,0.83938628
0.38729954,0.47833067
0.73337692,0.68499780
0.69016141,0.60607290
0.94051272,0.93123323
0.96450734,0.86792201
0.88346368,0.88176209
0.56903547,0.62249100
0.86109680,0.87446427
0.87042892,0.85988402
0.82858479,0.83945477
0.90466243,0.92678893
0.63073498,0.45893669
0.77942902,0.76620084
0.73727316,0.65751547
0.95074248,0.86638761
0.94194108,0.93196636
0.88271272,0.91527689
0.63360471,0.43201447
0.70382637,0.69329590
0.85828638,0.82569033
0.92991358,0.90167713
0.94034213,0.93781269
0.79548162,0.99166667
0.09516566,0.07119388
0.89417547,0.91083103
0.83398515,0.85227573
0.34363559,0.22015037
0.41225883,0.33580360
0.78808606,0.71583664
0.78187710,0.69845706
0.89483136,0.93265718
0.79566020,0.74616790
0.39756107,0.17975725
0.54622787,0.64841282
0.56890452,0.58648145
0.81879395,0.76639825
0.61970848,0.58259737
0.76457077,0.57789510
0.76324409,0.73101193
0.90862042,0.88887489
0.93886894,0.92653334
0.89124167,0.77204609
0.93208265,0.94158655
0.77001137,0.73460716
0.89059579,0.85845518
0.92200947,0.96074772
0.80290943,0.76332963
0.96981364,0.92130870
0.72951019,0.63106823
0.76014996,0.86904764
0.70250773,0.62137681
0.69278836,0.69717968
0.71095246,0.62352329
0.92219323,0.19285475
0.80003357,0.93114913
0.57296193,0.67452687
0.94585633,0.93856800
0.40797162,0.34905660
0.85473609,0.75569052
0.74858850,0.56770831
0.85867912,0.92663145
0.89597875,0.94022715
0.75576150,0.67264873
0.93305969,0.88423645
0.80552495,0.86261904
0.72291780,0.60852438
0.78511733,0.53065002
0.67700529,0.68030012
0.47673380,0.47194296
0.93605977,0.93220341
0.94310194,0.89097673
0.82666320,0.66884613
0.86443990,0.88850945
0.80605352,0.88932097
0.36450574,0.16695653
0.66953409,0.61830258
0.72823644,0.67327338
0.71588647,0.85753751
0.65239650,0.53779238
0.76951426,0.86649662
0.94640440,0.89299858
0.92908871,0.96202534
0.76072341,0.57181078
0.48797008,0.60144925
0.91061163,0.85056043
0.82690603,0.78023899
0.96565974,0.91588992
0.42352512,0.28081399
0.76560873,0.75372505
0.80083841,0.80725032
0.74751925,0.72609496
0.97601855,0.98553824
0.76420957,0.78690523
0.79509336,0.88962543
0.17792998,0.12251612
0.93079680,0.96561623
0.80710405,0.81306690
0.93244165,0.93226063
0.83787376,0.90780938
0.80630636,0.95410550
0.30161974,0.50064051
0.84243500,0.17005523
0.80681336,0.67373949
0.89327377,0.94060165
0.89650631,0.84559554
0.34822050,0.26626548
0.95279390,0.94038880
0.80888438,0.93379462
0.86468774,0.86828297
0.89776170,0.93649572
0.93768418,0.87033379
0.41409177,0.30239484
0.35948589,0.75320405
0.68715870,0.64618421
0.87474072,0.80412138
0.77313375,0.84704185
0.97284782,0.96123320
0.96749711,0.99000001
0.80256021,0.79330862
0.80015969,0.84130782
0.55800164,0.56824267
0.93640780,0.93353629
0.95641828,0.94065863
0.79975241,0.83396387
0.96655864,0.86737651
0.94837123,0.93076921
0.86055547,0.81203127
0.91800708,0.91948223
0.92622638,0.96731538
0.66545749,0.66242820
0.59784293,0.50470990
0.96387589,0.95643938
0.69983590,0.72128850
0.85475290,0.84586579
0.76229674,0.76629037
0.91868597,0.91518635
0.83908170,0.65751314
0.81682652,0.86267960
0.98193711,0.92284340
0.81713927,0.71982896
0.58439499,0.44666255
0.81117249,0.80244207
0.54007721,0.55172747
0.88848257,0.89200079
0.68042147,0.57812291
0.74390239,0.70387191
0.63870096,0.35829931
0.85865593,0.78926712
0.53835493,0.62279826
0.73216087,0.63501704
0.89257717,0.95910424
0.75853932,0.80791867
0.47877055,0.37608716
0.74143404,0.60309088
0.52845335,0.67371470
0.86727810,0.80536258
0.79418099,0.70601851
0.90446335,0.77915603
0.64817846,0.49406329
0.80202937,0.89151007
0.94981182,0.94268775
0.75706261,0.73738050
0.92064863,0.92052633
0.90563881,0.83014584
0.78748065,0.46121386
0.90606892,0.83173078
0.88122112,0.88455808
0.69786620,0.66780853
0.92687988,0.95223755
0.89931154,0.83463120
0.66449714,0.56047386
0.80271643,0.71757340
0.35940999,0.27852824
0.28455758,0.19048506
0.76173913,0.73409849
0.93127346,0.93607050
0.76393706,0.67824072
0.43974125,0.52498394
0.70432264,0.47280738
0.80747467,0.77034056
0.75593001,0.58825344
0.56355870,0.51538432
0.68451089,0.48177847
0.55303818,0.58467114
0.88430208,0.90775782
0.97070807,0.92439532
0.75797480,0.67871708
0.72439247,0.68213701
0.72137165,0.80082154
0.55758011,0.75862384
0.37398416,0.33779141
0.91164172,0.98343235
0.88773590,0.88749582
0.82478136,0.73438913
0.82821935,0.72330016
0.59991151,0.67253858
0.83943719,0.87918276
0.39334053,0.28183806
0.93563116,0.97442567
0.79180986,0.69661677
0.93943673,0.94012767
0.90918565,0.92631358
0.88232696,0.88204587
0.92269605,0.93467259
0.41680163,0.41041511
0.89029276,0.91388887
0.90738261,0.84910339
0.86483991,0.96799505
0.86202490,0.92860109
0.82565624,0.83098817
0.93383986,0.93587887
0.97086674,0.96623707
0.86032760,0.91050261
0.72099054,0.90038919
0.74527490,0.86312574
0.87190253,0.82508343
0.88994527,0.88796860
0.52227706,0.39896694
0.37762973,0.33061740
0.79581815,0.88319206
0.46773264,0.41717896
0.44026479,0.55536669
0.98985773,0.90886855
0.88981605,0.57984751
0.95799428,0.90169120
0.89894801,0.81267005
0.91109735,0.94749999
0.84075123,0.84824699
0.93176514,0.91906285
0.89182806,0.81047422
0.95650989,0.97802615
0.76667637,0.91478366
0.53751194,0.44305736
0.68874037,0.78115833
0.88723743,0.94915253
0.83629715,0.87132651
0.69924283,0.69052649
0.77129322,0.76175255
0.74692082,0.71315020
0.52241635,0.58285314
0.55520701,0.52807713
0.91333991,0.98107141
0.60108131,0.65546507
0.49636158,0.44111520
0.65192235,0.56628370
0.73731226,0.73233843
0.94460201,0.96042806
0.75603431,0.55050504
0.73458838,0.66516650
0.93364656,0.86129528
0.91262984,0.82908076
0.79097921,0.74611723
0.63048822,0.76525813
0.73225880,0.90927100
0.64084274,0.60400087
0.85190040,0.94416016
0.84876728,0.66264325
0.82523125,0.09637783
0.97721112,0.96862489
0.62622911,0.80731523
0.87691945,0.92791831
0.65718555,0.55941457
0.74341106,0.60825813
0.87952274,0.86800700
0.89181358,0.97567004
0.77366334,0.66535783
0.77746314,0.72670645
0.86793846,0.86571139
0.87285358,0.91038311
0.80048436,0.59109044
0.78075534,0.82247573
0.54981691,0.45888653
0.95778680,0.91079795
0.51535749,0.49548846
0.91149175,0.89794171
0.16831061,0.11910129
0.99210161,0.89069951
0.10479566,0.15725546
0.93218005,0.96538460
0.93335652,0.94564301
0.61278540,0.71695369
0.77688968,0.62296212
0.56799263,0.53124499
0.63203114,0.65715879
0.81176120,0.66834688
0.49932754,0.21868169
0.62948650,0.55416667
0.58988851,0.43706784
0.82180363,0.80063033
0.94911695,0.90268874
0.72269833,0.60752630
0.54152608,0.61615503
0.39941400,0.37033582
0.58050150,0.61427045
0.94257814,0.97887844
0.93002057,0.90608376
0.63540143,0.56728727
0.98406523,0.97202671
0.36255807,0.35575166
0.91074240,0.92224234
0.71531451,0.63843971
0.47776884,0.30286923
0.82349497,0.91054130
0.76555800,0.68342865
0.44390365,0.28797027
0.28780869,0.20291358
0.85139954,0.86948252
0.67534310,0.91682285
0.86798930,0.78800392
0.93805808,0.87119436
0.60714263,0.43287298
0.72518593,0.70836127
0.23757769,0.32228628
0.80963773,0.86419630
0.23363087,0.16025908
0.71695817,0.74384892
0.86052972,0.81542057
0.57739168,0.58880627
0.81172985,0.76590323
0.97148907,0.99206346
0.65363955,0.77681589
0.63882357,0.50917512
0.76801038,0.85952008
0.79152435,0.63465470
0.87792623,0.88424534
0.82295150,0.63328665
0.97293144,0.94574910
0.22597498,0.11811777
0.95740581,0.91740221
0.92405844,0.90386921
0.96928799,0.94970340
0.91728789,0.87843370
0.54740614,0.39732978
0.86258286,0.84708250
0.78932297,0.80015755
0.43082875,0.55821848
0.92390853,0.39024442
0.55169439,0.84693062
0.75318241,0.69758278
0.87093264,0.93098426
0.85392028,0.82907850
0.92597914,0.99166667
0.96649420,0.97223514
0.31950444,0.24435264
0.41142896,0.42901236
0.93056244,0.82156307
0.35897374,0.35357124
0.89549589,0.92150867
0.79959226,0.56147814
0.42005402,0.23245470
0.63953179,0.48848704
0.98640567,0.92389894
0.97351187,0.95277780
0.70160192,0.76972771
0.72076833,0.67172754
0.88298517,0.84837419
0.83919674,0.82475513
0.55848217,0.23030707
0.82550043,0.82152689
0.72858953,0.76228070
0.37322393,0.28620270
0.80915570,0.66100800
0.76554281,0.86522591
0.47952309,0.36501867
0.91623163,0.94780713
0.56414849,0.69999999
0.89382797,0.85361654
0.85965765,0.97650141
0.50821918,0.64468789
0.48967496,0.61029834
0.82417226,0.73559529
0.90684706,0.93532604
0.76191974,0.70510715
0.93544084,0.90939397
0.87470645,0.91705018
0.85929555,0.85875821
0.26355875,0.34002978
0.77700341,0.95213205
0.94888186,0.98165137
0.38994119,0.30604681
0.35987425,0.25812802
0.78531545,0.82496858
0.72382671,0.51854765
0.79430401,0.76430041
0.92989469,0.93725395
0.42152834,0.33801779
0.74601054,0.63362235
0.47177333,0.50731504
0.54410070,0.62807781
0.83907032,0.87558323
0.80576271,0.94364434
0.91379619,0.75039101
0.72478485,0.74451780
0.89609319,0.86319327
0.47249585,0.38241962
0.77247792,0.81843013
0.94014162,0.86405939
0.76948059,0.86405599
0.34043649,0.43701848
0.94688547,0.87335420
0.71236861,0.50978321
0.89299726,0.81202036
0.92140746,0.88600940
0.57851505,0.50539047
0.82710040,0.85573643
0.89922196,0.91987669
0.87859029,0.88797641
0.73482460,0.70683777
0.90453041,0.79020047
0.89387286,0.73596215
0.89817715,0.94090211
0.91357350,0.94067794
0.97650355,0.95086616
0.74647629,0.59285712
0.90296054,0.86079091
0.49025172,0.49104384
0.84399891,0.81961870
0.80834705,0.82330829
0.87904006,0.87552047
0.75324756,0.78884101
0.80156130,0.79976088
0.76577079,0.82835734
0.80726123,0.71350086
0.83875436,0.86343962
0.71594334,0.59022194
0.80086130,0.72376144
0.95814365,0.77212322
0.86206740,0.87821120
0.57290643,0.67949569
0.91668898,0.92183858
0.82022148,0.56200981
0.53447104,0.54360116
0.44500208,0.48100710
0.58225417,0.50808626
0.76367855,0.63141090
0.93977135,0.97427428
0.78950483,0.64895022
0.86699522,0.92226720
0.88806456,0.91636389
0.74538654,0.70371795
0.34410581,0.17081459
0.76206017,0.66695982
0.78027457,0.71938390
0.95344883,0.90761811
0.78050500,0.71532935
0.79784727,0.88697839
0.81557721,0.82639384
0.91629815,0.94949025
0.96368003,0.96667588
0.77108836,0.86410254
0.79081678,0.78773451
0.70435345,0.77489179
0.25220791,0.21120690
0.82983947,0.79312551
0.83710909,0.70562029
0.95782149,0.87896007
0.75355119,0.91606569
0.90213639,0.90378344
0.76604611,0.90067273
0.96954411,0.91130340
0.83749056,0.84284276
0.78732032,0.87324744
0.95331168,0.93165481
0.62478578,0.54390246
0.89794314,0.85810858
0.90438062,0.89733505
0.72296476,0.70793337
0.87009668,0.95843238
0.16682079,0.05111977
0.56021959,0.58055115
0.66564363,0.60134947
0.25192958,0.17964554
0.91670513,0.98333335
0.43216023,0.27774772
0.86997527,0.93567622
0.41026717,0.21625404
0.30402553,0.15141453
0.76425421,0.85147029
0.86498278,0.92382288
0.75661337,0.73685557
0.78375667,0.71868426
0.42126533,0.44562212
0.78159648,0.66638315
0.88046461,0.86071163
0.81252867,0.67451662
0.21372020,0.13947834
0.24004768,0.26940882
0.94602978,0.95736259
0.96711403,0.94181597
0.94743997,0.99242425
0.86350477,0.92092192
0.76001996,0.66526419
0.95199406,0.95984846
0.72209078,0.69779003
0.49947223,0.38681319
0.34254155,0.32338411
0.80243301,0.80857682
0.43761680,0.53040332
0.92796648,0.86771774
0.94929439,0.87664849
0.29622397,0.18619974
0.55219376,0.49730280
0.81641495,0.88230950
0.83636117,0.72491962
0.61399710,0.67751479
0.63221157,0.62500000
0.47677433,0.64033121
0.87991035,0.90594268
0.66758484,0.68416995
0.41476554,0.33631256
0.79645604,0.84237599
0.71184093,0.70284545
0.88754082,0.87696075
0.75932348,0.81707221
0.94591361,0.98026657
0.92920262,0.93594086
0.73413241,0.68148047
0.80572242,0.85499483
0.57437676,0.55622739
0.49599978,0.65000129
0.39014691,0.44748220
0.19826436,0.29259095
0.40970674,0.36457625
0.91543978,0.95988846
0.96441746,0.90913469
0.91020209,0.94531852
0.64715898,0.73246604
0.77516711,0.83462989
0.71745592,0.71052945
0.84880710,0.94230771
0.67953897,0.66252059
0.85689825,0.90287155
0.79001242,0.75985974
0.37302077,0.46171406
0.55624127,0.31956398
0.80609328,0.85933375
0.52791291,0.76866412
0.83659130,0.94714755
0.80164772,0.87915987
0.97634524,0.93169492
0.83397710,0.86261386
0.45075577,0.19632471
0.92526215,0.90105909
0.58902812,0.72031099
0.73340338,0.76688313
0.94187373,0.96012962
0.90670216,0.86866605
0.91106588,0.90585440
0.90762347,0.93271685
0.88070726,0.88478261
0.93705088,0.86176914
0.53547841,0.51347333
0.93409634,0.93015492
0.72987640,0.68921834
0.57278705,0.79513890
0.44867724,0.59012729
0.49840435,0.62888986
0.94154853,0.89901131
0.85970002,0.76649535
0.78391057,0.82911712
0.87956166,0.88514960
0.80644011,0.89969790
0.80803430,0.76841235
0.82925051,0.84677452
0.73456812,0.64934814
0.84849983,0.76868510
0.58614218,0.61119562
0.96942681,0.97107846
0.58380079,0.63371974
0.84466219,0.89817280
0.70964694,0.68898940
0.87214935,0.81780916
0.31789145,0.25656238
0.84041423,0.84428668
0.88876796,0.85637277
0.81222981,0.81129110
0.90568238,0.89091057
0.28145838,0.20130895
0.97327524,0.94965976
0.92402792,0.91128057
0.91359270,0.81745720
0.56405014,0.54087633
0.82134807,0.84246558
0.73463029,0.78334731
0.58195549,0.60525763
0.84259224,0.62561375
0.94268566,0.90607119
0.98363274,0.91905630
0.88343906,0.85009265
0.97007644,0.96336478
0.71993476,0.71349239
0.06266116,0.11315766
0.53022623,0.39373800
0.21041521,0.18446052
0.74679410,0.75481474
0.96395677,0.97979796
0.85081011,0.89345986
0.80368280,0.82663476
0.76472491,0.29397160
0.52424884,0.62876254
0.50973463,0.28677204
0.73264998,0.73443598
0.97691262,0.95912063
0.84613699,0.83815354
0.86799920,0.94038206
0.33467916,0.37639332
0.95011109,0.86912143
0.56442606,0.66216218
0.47729704,0.42071429
0.88355404,0.90442324
0.81355238,0.81430185
0.84468025,0.84434795
0.54549766,0.38420847
0.75524914,0.65241379
0.41922277,0.28744543
0.89502180,0.89842528
0.40765274,0.22208612
0.80618066,0.88827115
0.92793280,0.92057413
0.95808709,0.93169284
0.70985657,0.71136886
0.80950010,0.72549576
0.83573782,0.82310528
0.74958920,0.82157713
0.86638659,0.91352737
0.90567333,0.83189255
0.67032969,0.50598788
0.49459291,0.52617741
0.73239642,0.89521056
0.70497489,0.47556207
0.89207572,0.90490377
0.54732656,0.65470612
0.71650136,0.77047533
0.95881981,0.94232351
0.91609353,0.92753059
0.94559628,0.89827532
0.55211085,0.48258558
0.96261001,0.93193859
0.58581120,0.52693659
0.85367644,0.74553573
0.77705324,0.66983384
0.59392238,0.59997392
0.82488072,0.89775598
0.64234352,0.62719846
0.80345047,0.81560630
0.83645159,0.70691872
0.22702247,0.06146450
0.85747230,0.73465145
0.70039248,0.85437572
0.67482096,0.60141242
0.91323245,0.92879355
0.60715222,0.55277306
0.64344275,0.42435005
0.68978202,0.61499906
0.44851604,0.56885421
0.59604895,0.73046875
0.91511053,0.99295777
0.95528591,0.94686663
0.75190133,0.84868419
0.87442124,0.87420022
0.93035871,0.84413356
0.71700102,0.71263474
0.92530644,0.96101540
0.66415608,0.67569047
0.85435772,0.76929212
0.86810249,0.80854803
0.85496056,0.70490855
0.39441076,0.46597019
0.85891783,0.84792453
0.79739285,0.80308068
0.86364293,0.97528517
0.81109297,0.85825270
0.78349584,0.81442559
0.87574899,0.98765433
0.77571207,0.87371445
0.95485723,0.89968103
0.96959734,0.96111113
0.93605345,0.88765866
0.86818826,0.90612924
0.45240498,0.47920039
0.87648517,0.86153930
0.77328771,0.73372692
0.78889960,0.86213523
0.50211757,0.48991859
0.83643013,0.81857145
0.96280652,0.95981508
0.95350814,0.93555748
0.77373731,0.75470591
0.89988166,0.99586779
0.31872433,0.15128127
0.83429098,0.93831909
0.67871487,0.65180963
0.71596545,0.73469114
0.80016375,0.73667657
0.95738059,0.95084673
0.61653191,0.45411944
0.80488694,0.82596397
0.92871398,0.91558367
0.92100483,0.87270057
0.78844428,0.79986250
0.96206576,0.92148459
0.95996392,0.92151356
0.28483811,0.49974844
0.94284207,0.84275365
0.92872816,0.85395765
0.91181552,0.81715631
0.66092390,0.60693753
0.94370556,0.95842308
0.70712757,0.32973275
0.97552097,0.95446908
0.95302725,0.95598608
0.81844056,0.78623497
0.56157422,0.52014506
0.88196647,0.83970904
0.67991304,0.63051218
0.88577360,0.88158399
0.75629932,0.61583138
0.89655781,0.95565987
0.78621346,0.75523072
0.83024389,0.67953658
0.48647109,0.53720492
0.89755458,0.94218749
0.73952824,0.66828531
0.93744880,0.89803207
0.85216171,0.72039056
0.96284300,0.95181960
0.58094907,0.57788283
0.23603164,0.19792528
0.85030049,0.86498845
0.87185955,0.83672267
0.89708400,0.96998775
0.43689966,0.35605732
0.60166603,0.77120531
0.63818514,0.59340554
0.90438962,0.92227584
0.69582081,0.70291263
0.72975582,0.47399795
0.74687481,0.82838124
0.88244385,0.96343940
0.60352826,0.73905796
0.87058926,0.80588073
0.38005915,0.68041873
0.53073859,0.52807361
0.77102041,0.84815532
0.57101274,0.61597735
0.97044981,0.92333215
0.32596257,0.36546922
0.88031924,0.70270622
0.61686790,0.30880341
0.97256553,0.96578383
0.71571475,0.78835350
0.83724052,0.90789402
0.91553044,0.94718617
0.90170836,0.95959967
0.87126380,0.87348652
0.63822782,0.84302080
0.32337892,0.25022730
0.83728093,0.92284918
0.29671651,0.31365532
0.39717677,0.27681780
0.94232804,0.95272404
0.35579431,0.23379037
0.51818609,0.17387006
0.95123905,0.94375002
0.82095206,0.80404592
0.79245842,0.89114791
0.85548371,0.94414365
0.83235162,0.81688803
0.35062069,0.26702121
0.85990131,0.86121500
0.91735423,0.93752176
0.65027606,0.60269165
0.90521342,0.83144921
0.81316835,0.76140672
0.65115225,0.25086823
0.68324500,0.78410792
0.81846488,0.85786331
0.58148140,0.29281345
0.63607907,0.70345747
0.77629793,0.90486759
0.48584580,0.47359255
0.64705026,0.75320292
0.88999051,0.88372147
0.94526684,0.96178764
0.71177882,0.80204189
0.31642351,0.21891502
0.78464818,0.88470757
0.98286349,0.95590001
0.63595104,0.72039109
0.11095592,0.13315079
0.87276220,0.88758594
0.88711131,0.86063218
0.86501664,0.73494339
0.94121397,0.92040634
0.90850741,0.91938025
0.49255189,0.26233122
0.52283645,0.35845995
0.36908469,0.29174992
0.73255813,0.74594754
0.81869662,0.86434209
0.83675271,0.68731707
0.74659902,0.73861116
0.72466147,0.79933137
0.90713567,0.87618434
0.85938269,0.91233575
0.92843395,0.90985346
0.90015054,0.95246643
0.77045816,0.88553327
0.37857863,0.30136934
0.78406882,0.69969070
0.59970582,0.59131038
0.74698067,0.92737734
0.95895308,0.90550238
0.35716048,0.32065657
0.24634622,0.12341198
0.44818649,0.63449591
0.69938892,0.56483519
0.83744091,0.79153407
0.76322585,0.75685716
0.89334077,0.85959321
0.75836259,0.32328284
0.95549101,0.97483182
0.83205676,0.93755800
0.86224890,0.75008893
0.50395000,0.54827785
0.74017960,0.77899390
0.80331630,0.86642855
0.84713554,0.85757929
0.76454234,0.80524760
0.89605546,0.89142627
0.87368917,0.85637563
0.63487720,0.55213892
0.85813224,0.79657477
0.78302056,0.93150687
0.61975306,0.64687014
0.78634065,0.81788236
0.93315512,0.93490839
0.69977188,0.60836816
0.77877736,0.75797695
0.49772534,0.37491038
0.90801394,0.84554595
0.76520729,0.94024563
0.91899908,0.89032346
0.97389853,0.94315207
0.77917975,0.70266181
0.38222089,0.17724867
0.90946108,0.95757121
0.80629885,0.66002661
0.92406809,0.89160919
0.78009349,0.71016461
0.77131587,0.17304045
0.75519365,0.63766545
0.70537031,0.65249920
0.81395841,0.79832476
0.82880300,0.75634831
0.88358581,0.93308949
0.92049783,0.91925669
0.78045237,0.61354744
0.70965207,0.71067053
0.54510528,0.49853435
0.93611646,0.96987951
0.56023842,0.47457367
0.73510104,0.46507189
0.97698212,0.95709866
0.91780835,0.84032446
0.88577920,0.79147798
0.28689790,0.22571428
0.65211725,0.62316215
0.88287669,0.94026083
0.97373474,0.95509452
0.89207637,0.91946626
0.93613547,0.86271608
0.75983053,0.67736185
0.41136113,0.29299012
0.95283586,0.93160981
0.95654535,0.84429461
0.95429641,0.93079340
0.97588658,0.92286462
0.43067786,0.27491388
0.59010309,0.47344095
0.23143028,0.27841941
0.53247452,0.48061144
0.93499953,0.93051064
0.75140762,0.75789320
0.88020599,0.94412440
0.76869696,0.77607644
0.64045686,0.72667122
0.78303248,0.69301343
0.20640062,0.17293985
0.90135151,0.96814185
0.79857153,0.82575756
0.78322577,0.72635400
0.75608146,0.86697614
0.79891175,0.31173092
0.31066498,0.39001819
0.42045286,0.16899768
0.88336527,0.85553277
0.65537083,0.81164742
0.31824803,0.16834933
0.44349685,0.42169273
0.85485578,0.80127829
0.89071679,0.89919740
0.82640368,0.79312229
0.70883244,0.57057905
0.91873759,0.88174176
0.79231250,0.85781008
0.68803382,0.64401621
0.76764202,0.83227658
0.85220844,0.95726961
0.93877017,0.91936576
0.78477198,0.83569002
0.60617471,0.68053460
0.86728424,0.80092055
0.90626633,0.79621947
0.72662586,0.63051528
0.47448844,0.36483938
0.81576663,0.93216443
0.71600848,0.86294699
0.90819496,0.85502547
0.63124454,0.61018181
0.58566171,0.49695927
0.36729655,0.32577950
0.81609398,0.82228351
0.85252827,0.87309384
0.87908518,0.95283973
0.37078160,0.26299021
0.71319985,0.89971167
0.47744292,0.33002645
0.84358990,0.84373164
0.98739076,0.92684191
0.85088587,0.87118959
0.61485118,0.69461000
0.91767788,0.88480371
0.77218181,0.77288473
0.64110726,0.62577182
0.81867391,0.84312797
0.63016784,0.85797119
0.81102616,0.82330436
0.77856290,0.95151877
0.73024654,0.69807410
0.86718488,0.72405922
0.77312768,0.77265352
0.82042420,0.67525947
0.79968685,0.83003324
0.53735888,0.62389106
0.79993486,0.75815243
0.54203099,0.28270778
0.76663285,0.77167141
0.66624486,0.65917218
0.88255858,0.93516433
0.86679804,0.93100321
0.92789996,0.87618065
0.80092704,0.81323248
0.55931938,0.52777779
0.66967291,0.84273905
0.90869844,0.92441005
0.62288773,0.58058608
0.94733232,0.92202109
0.91940731,0.92261904
0.78175145,0.92895114
0.87488061,0.97321427
0.92590022,0.94377512
0.71504211,0.76018411
0.83389771,0.67623830
0.83230358,0.89098436
0.89838213,0.91602188
0.14180985,0.17230944
0.61171776,0.32973078
0.78188145,0.81386065
0.46547824,0.27668396
0.90612119,0.87431556
0.80445075,0.56918818
0.62070310,0.42682275
0.81428754,0.63289338
0.83364475,0.77915019
0.82077485,0.60599780
0.93346590,0.88887203
0.91657919,0.87887549
0.89987254,0.86881334
0.86888909,0.84907150
0.90323150,0.91576087
0.39868006,0.28926456
0.74859333,0.47911146
0.61566061,0.72467917
0.72003406,0.25419217
0.34552249,0.47933921
0.78421676,0.79894364
0.95107800,0.92743337
0.74091768,0.64779776
0.90788335,0.84539419
0.91496545,0.91399813
0.79153913,0.87271202
0.84762645,0.89002138
0.76284444,0.66373658
0.96395111,0.95114291
0.85314161,0.88769233
0.89049780,0.90360600
0.95394629,0.90453696
0.87437081,0.87023139
0.66229218,0.56904960
0.30898201,0.16021530
0.65511823,0.58776891
0.72929007,0.71616167
0.74085832,0.37820470
0.74716270,0.65054834
0.61860836,0.50625002
0.89351809,0.94345587
0.35947284,0.17151481
0.52706164,0.46443731
0.96002859,0.88044626
0.80616057,0.88876408
0.29349244,0.11137762
0.75123537,0.82759631
0.46549356,0.33913177
0.50160843,0.40757680
0.72846347,0.59522474
0.90224254,0.82589042
0.94803298,0.89339018
0.93016297,0.93048781
0.89129722,0.87427169
0.87664932,0.87892240
0.90833205,0.87680632
0.67667621,0.65094632
0.88285285,0.92667466
0.87364209,0.82291138
0.96474296,0.93553358
0.76905400,0.88555944
0.96892112,0.91696113
0.86049122,0.72555214
0.34267816,0.28170526
0.31146610,0.37861234
0.76511908,0.80787998
0.82543349,0.75822806
0.82216346,0.76342481
0.91314447,0.92787415
0.30705860,0.25668153
0.83747303,0.90701222
0.45236579,0.44807673
0.80348927,0.81018358
0.94739056,0.91454196
0.38633305,0.38902196
0.69269949,0.68171883
0.83810949,0.94202447
0.89134556,0.88461536
0.62598819,0.61678380
0.83596402,0.81605130
0.87267846,0.85770750
0.68866497,0.76175278
0.96475840,0.84337181
0.81075871,0.74940479
0.45972180,0.31749630
0.92104530,0.93988925
0.51211089,0.40856928
0.56314266,0.61964816
0.89123094,0.84441388
0.34486988,0.26264372
0.74143445,0.81456357
0.93833292,0.94091511
0.96067178,0.94483697
0.64912593,0.77436751
0.83074456,0.73497641
0.88501233,0.92367995
0.76291347,0.77442616
0.94203049,0.94002044
0.65104765,0.63948178
0.49356461,0.29001552
0.57489175,0.47703418
0.36336395,0.46399826
0.43881896,0.37721276
0.86294758,0.78236324
0.87201804,0.92214078
0.39453453,0.27103627
0.79020399,0.76398522
0.82799828,0.67205632
0.84647697,0.83523494
0.76815522,0.64715928
0.72728670,0.51620871
0.52717710,0.32157460
0.50506932,0.45544040
0.85886645,0.87108934
0.93057275,0.89443016
0.83340484,0.83858269
0.60417420,0.57860529
0.91469902,0.88908589
0.88314033,0.89660627
0.92790151,0.92574090
0.68123907,0.54323483
0.67183053,0.60007393
0.91511345,0.91481650
0.77250600,0.81704611
0.69241679,0.58841795
0.87009430,0.88918424
0.94348329,0.91494471
0.53622836,0.68860352
0.55324948,0.52295959
0.90345865,0.88658679
0.96775615,0.94576925
0.69676137,0.49879763
0.94237769,0.90279007
0.90796876,0.88721806
0.77792752,0.81605262
0.79460299,0.87434340
0.82886010,0.90211141
0.86881280,0.77503872
0.82621247,0.71505392
0.93459415,0.88430274
0.82919437,0.92897898
0.87268341,0.90256023
0.44243124,0.40279752
0.77849340,0.84916544
0.82810742,0.83684731
0.73484778,0.70334005
0.82106751,0.87882924
0.91223389,0.87598771
0.36254901,0.31770834
0.52888995,0.28206921
0.84617925,0.89248365
0.78713465,0.85238957
0.08040521,0.05983176
0.94031620,0.85267913
0.80773956,0.77992070
0.83218056,0.86928755
0.89562011,0.96528614
0.66785485,0.71977520
0.97162253,0.96238422
0.89103633,0.85739511
0.83959585,0.78503537
0.73794472,0.79966629
0.84141147,0.93440080
0.94917369,0.92379886
0.90322524,0.98342597
0.34670466,0.20089869
0.93303955,0.90116090
0.78086776,0.69155842
0.79017627,0.78557223
0.85796684,0.89515465
0.85576814,0.93720782
0.88528216,0.92423284
0.97000015,0.90575522
0.23659010,0.13828705
0.87119704,0.86878383
0.51038116,0.60396838
0.95929086,0.96349204
0.79812014,0.51846373
0.88576967,0.93656617
0.94016141,0.89278406
0.78048354,0.87902308
0.30729592,0.30046332
0.85844171,0.53138095
0.97252083,0.87888008
0.61553615,0.75535089
0.96870369,0.93247199
0.77388203,0.79126173
0.69910496,0.76397306
0.42229420,0.49263170
0.77772623,0.87048954
0.37824756,0.31396824
0.83166522,0.84852940
0.86421096,0.83923560
0.85259497,0.77722436
0.74123228,0.54607058
0.54778516,0.39491045
0.48973453,0.36439809
0.97082865,0.92298979
0.46094215,0.35971594
0.88563800,0.66836733
0.76097512,0.82934022
0.80378103,0.74916667
0.73816842,0.56794870
0.25904286,0.26325795
0.39647630,0.32736620
0.54829413,0.47069946
0.87623209,0.84627378
0.28577775,0.24463277
0.83252341,0.89110482
0.82288408,0.88505620
0.98381793,0.94174266
0.29368255,0.41137549
0.72783875,0.91608393
0.91628516,0.79931033
0.68940270,0.51875001
0.85462755,0.91388160
0.95177358,0.92925030
0.83758593,0.78833914
0.85053730,0.79221088
0.37632880,0.35390970
0.74037164,0.81076223
0.83183759,0.05911645
0.91342050,0.91886663
0.56680977,0.56222737
0.78039867,0.68636763
0.88385254,0.95931786
0.51201844,0.32346126
0.78734905,0.78118002
0.72600055,0.85876667
0.91889602,0.88779765
0.65208280,0.71874297
0.71552777,0.53004801
0.94225651,0.95449668
0.73399276,0.79494876
0.90740371,0.87537640
0.80936503,0.86697876
0.94427907,0.93665755
0.89373970,0.90814400
0.63084894,0.65395433
0.86597270,0.89931768
0.31188828,0.18908121
0.65354007,0.82154208
0.67156637,0.69164246
0.88024104,0.93209720
0.45436075,0.35555893
0.95000082,0.80653161
0.77259588,0.85493028
0.54784340,0.38282001
0.67576170,0.19711182
0.92626929,0.95179147
0.39024159,0.12941177
0.48254097,0.31220102
0.55959862,0.44861254
0.59756792,0.58635527
0.61230916,0.44241595
0.80925959,0.79017901
0.63537878,0.73001599
0.71393055,0.71861422
0.70515913,0.73753810
0.69861579,0.71454597
0.90131915,0.92307693
0.84284526,0.80853629
0.79701906,0.81911242
0.41142696,0.61310273
0.59490198,0.16138309
0.88449866,0.91361284
0.86225939,0.93801761
0.81696147,0.73944688
0.96124285,0.95026594
0.74495322,0.68241286
0.47770157,0.29026577
0.97351730,0.90825266
0.74577600,0.56674302
0.94198096,0.83006382
0.41275793,0.37950405
0.26653007,0.24927419
0.44572756,0.66252685
0.26648504,0.16204339
0.95930248,0.93233085
0.42735937,0.31582168
0.53737068,0.54292929
0.58761752,0.50508738
0.80703145,0.72426468
0.98666823,0.96746254
0.56728458,0.65416348
0.76865309,0.73229450
0.83025950,0.83696705
0.79506904,0.91287881
0.84109676,0.78899848
0.72215897,0.67014772
0.71977025,0.66860127
0.96147239,0.98486894
0.86252785,0.91407204
0.86592144,0.79912353
0.90445858,0.90790600
0.68699616,0.70644838
0.82481962,0.91641748
0.74567598,0.84031063
0.80159605,0.87734169
0.63798296,0.62949657
0.86801076,0.94938821
0.92745483,0.82608330
0.85007036,0.94702840
0.64531910,0.63105524
0.92758226,0.88569623
0.82475144,0.77464294
0.66957504,0.74545455
0.97549057,0.98336834
0.93933254,0.91069108
0.97738487,0.89937484
0.87511390,0.78953713
0.73397505,0.76818180
0.81999093,0.57471848
0.97877276,0.93378985
0.37687147,0.52639496
0.81067741,0.76866150
0.80126911,0.89826912
0.91543841,0.84943604
0.87598854,0.81756449
0.35237345,0.24496280
0.91084188,0.76861268
0.92939895,0.85765803
0.93376958,0.90140927
0.88188666,0.84456784
0.88356942,0.91470444
0.88615996,0.92037565
0.89529026,0.85377020
0.90449744,0.79467213
0.93604594,0.94008398
0.79152501,0.65170592
0.84299213,0.91676092
0.74272132,0.90826541
0.75789106,0.60053039
0.81184238,0.76889235
0.69595009,0.65831244
0.90095711,0.86602229
0.93607801,0.93534577
0.74847442,0.86279762
0.88138825,0.94604290
0.59266245,0.39957401
0.35938641,0.24195077
0.84476852,0.93266457
0.82147974,0.80518061
0.75910085,0.72062546
0.77492356,0.78055555
0.57481843,0.56966841
0.97467041,0.92892653
0.91353828,0.95193678
0.49521118,0.38558289
0.82672638,0.90510201
0.89747488,0.89741594
0.43947586,0.37056318
0.92722058,0.89875025
0.93171155,0.86353403
0.83810657,0.83863795
0.86418557,0.93527162
0.74933243,0.75619966
0.89235204,0.92960197
0.45847955,0.44396770
0.74331558,0.70168668
0.59137887,0.83679587
0.77741271,0.69344342
0.86067724,0.89650995
0.73515350,0.60600597
0.83061868,0.99450552
0.42048255,0.51262629
0.97014076,0.95794207
0.89664894,0.94287515
0.82720423,0.83426428
0.92453957,0.86212325
0.87843424,0.94481504
0.69164777,0.85546035
0.53135914,0.60193843
0.92233407,0.86465520
0.66887647,0.69813317
0.60655773,0.64303428
0.55527794,0.53717440
0.65108401,0.84272724
0.73565143,0.54914093
0.79596132,0.78872246
0.91430187,0.90750098
0.95986176,0.96502912
0.72695208,0.54791605
0.31626949,0.28604645
0.91960770,0.88689107
0.84680408,0.63084817
0.76210600,0.81448370
0.83438784,0.84798652
0.81158638,0.81720990
0.68447912,0.61100036
0.51206011,0.37871712
0.91488498,0.93508095
0.80447590,0.95268255
0.73028624,0.63884330
0.93476140,0.91655874
0.39929187,0.18856642
0.63375622,0.43263334
0.48269564,0.22155657
0.86643124,0.89042938
0.57740653,0.45910111
0.82717299,0.73458838
0.95008659,0.89012313
0.82214171,0.83894086
0.95383579,0.95038587
0.83223206,0.79125559
0.84561402,0.82203388
0.83010870,0.82721812
0.84188634,0.92786938
0.34806761,0.23721561
0.76965463,0.80576110
0.80017054,0.80829614
0.47166312,0.37508041
0.35096481,0.39418384
0.85233295,0.93737882
0.77461243,0.72736418
0.95614302,0.94878781
0.97628647,0.96307963
0.33294201,0.23443674
0.95767558,0.95625705
0.57029086,0.32948253
0.41714299,0.33280957
0.78666878,0.92866290
0.60657495,0.59002978
0.89886248,0.86577785
0.73855382,0.67957091
0.42388487,0.37083334
0.33417618,0.30060565
0.86068469,0.88114440
0.84750640,0.86221063
0.86412960,0.92929351
0.92828304,0.94755554
0.86440533,0.93284994
0.70172632,0.79547930
0.93929219,0.59764564
0.33232352,0.18849500
0.48053065,0.45049426
0.56564295,0.73779058
0.77407712,0.74086756
0.87136614,0.90647060
0.82658356,0.87305856
0.82691896,0.78616065
0.87300336,0.81487179
0.88206118,0.88617051
0.78157866,0.94964349
0.89309138,0.88360649
0.77649748,0.69574910
0.89437425,0.92451078
0.80793452,0.87648630
0.82269168,0.66000003
0.83778280,0.86680472
0.85895520,0.92136472
0.88330060,0.98305082
0.77682340,0.85917401
0.86113632,0.85643667
0.93573451,0.97607863
0.85611284,0.86778843
0.26783854,0.11444855
0.47986162,0.66009390
0.65290338,0.31722808
0.59214246,0.52303976
0.73327965,0.81928641
0.92514622,0.92797798
0.59418261,0.52903360
0.83038032,0.57935721
0.93187702,0.84517330
0.65077919,0.61519480
0.94868493,0.92339206
0.58500773,0.37234765
0.44879863,0.34595588
0.97671390,0.97681099
0.79046547,0.92441779
0.43750668,0.26586309
0.93679035,0.93525636
0.82935113,0.87356466
0.72631979,0.76463962
0.87955850,0.83113098
0.84564769,0.81653941
0.85991144,0.74366540
0.42768994,0.74915254
0.32773179,0.15166023
0.85443509,0.93917751
0.83526164,0.57265884
0.78586131,0.72574067
0.82316679,0.96226418
0.74064279,0.53176051
0.91090649,0.91369045
0.82040215,0.91626227
0.78851312,0.78528452
0.75262570,0.89729768
0.77732950,0.58861798
0.72976005,0.73949623
0.59672666,0.33631712
0.81865489,0.65859860
0.96914297,0.94795454
0.92426431,0.90801525
0.80435890,0.82967067
0.31004840,0.30645886
0.49740723,0.50251269
0.79343778,0.57917917
0.94383252,0.94779015
0.32654101,0.41248873
0.56124336,0.48412770
0.90432018,0.84244376
0.92740870,0.96799999
0.77999806,0.70853096
0.30896735,0.34913969
0.78789115,0.74974638
0.45423257,0.58547497
0.84599894,0.89215314
0.79823107,0.78218085
0.92625052,0.93565577
0.81757110,0.78867966
0.93914652,0.96692306
0.31046814,0.26499084
0.11503210,0.19875507
0.90254557,0.89975178
0.75088149,0.64754456
0.92484474,0.95454317
0.65471530,0.42990908
0.87303722,0.87952393
0.67617840,0.80987573
0.76043934,0.68158633
0.89364421,0.96209157
0.56517154,0.77735543
0.84946632,0.91145277
0.87534356,0.89309311
0.41966087,0.53292096
0.94445640,0.96157050
0.77429295,0.87500000
0.82718796,0.82282609
0.81316364,0.91638511
0.56182283,0.58630854
0.94148737,0.93979931
0.75726026,0.59177703
0.83896041,0.89854771
0.80772471,0.72432882
0.72191107,0.63698202
0.92293340,0.93027323
0.79149860,0.56061918
0.80422425,0.77020580
0.61321473,0.42132545
0.88066101,0.94683260
0.94818503,0.90500355
0.94983095,0.94230771
0.79963100,0.65608561
0.65271968,0.74019837
0.73327470,0.70291167
0.36195168,0.44576421
0.64485240,0.90727490
0.88078642,0.94602466
0.44261834,0.33775628
0.92056286,0.95109040
0.92289847,0.91905427
0.59726828,0.50566500
0.88518548,0.90048444
0.65129209,0.59053195
0.96812707,0.97306174
0.63240850,0.75476748
0.55799437,0.33456340
0.91495854,0.96128732
0.81266749,0.81549895
0.80055428,0.85439688
0.76778680,0.85401893
0.82942992,0.85075760
0.97407180,0.95165145
0.97402281,0.92686504
0.40406534,0.48505858
0.97388339,0.95390511
0.85162538,0.80599838
0.86695766,0.90769231
0.77863371,0.79080892
0.82428187,0.90397990
0.57689321,0.36405113
0.85765177,0.87470949
0.85546905,0.93694389
0.69557089,0.79691780
0.81453478,0.78330952
0.91995502,0.96805274
0.68826115,0.76921332
0.91877443,0.93607086
0.74555105,0.72216403
0.82541668,0.94570917
0.73993272,0.78358960
0.14834914,0.22785492
0.26366872,0.30344516
0.94038928,0.97201425
0.95606542,0.92996705
0.41712126,0.49853569
0.75775802,0.71849275
0.84777421,0.95070422
0.93746012,0.88003707
0.82514441,0.83245796
0.79534358,0.69407368
0.98396343,0.97383201
0.88524425,0.84758884
0.97280121,0.91683120
0.94477135,0.84386200
0.93030351,0.90087718
0.69011110,0.79504013
0.91391128,0.90407240
0.90457636,0.88486165
0.62064409,0.47393841
0.83013600,0.81459248
0.86704046,0.65215379
0.71808988,0.70029688
0.80152881,0.76731455
0.75979322,0.65735173
0.83302659,0.87525922
0.60185152,0.51220894
0.86023939,0.79191267
0.92717463,0.83404255
0.96990204,0.95983928
0.51487666,0.36042839
0.88307005,0.80392855
0.86082274,0.85172158
0.52079594,0.72687620
0.84030038,0.92983389
0.88973713,0.95673680
0.91076380,0.95630878
0.85053051,0.97462410
0.96199888,0.89845413
0.81665856,0.79668605
0.92903847,0.88697374
0.78882617,0.86759579
0.81657261,0.88792294
0.96243817,0.93200159
0.95717686,0.93097031
0.87405413,0.85191262
0.40094584,0.43764684
0.92526174,0.95304269
0.95874703,0.92646158
0.47786084,0.39971015
0.76864904,0.67215383
0.27328211,0.25180703
0.76919448,0.81518060
0.92433292,0.86124969
0.81504798,0.81611842
0.75902742,0.84769130
0.47079858,0.50645941
0.10440391,0.08762792
0.33375168,0.21655035
0.91276836,0.88651985
0.73389316,0.83152914
0.89858395,0.82580411
0.51159567,0.56879222
0.77034086,0.51782811
0.95994073,0.92928571
0.67083353,0.61852694
0.83890897,0.87166262
0.72838962,0.56360048
0.85783595,0.86212993
0.81272352,0.78719491
0.31249645,0.27508554
0.83361340,0.04841315
0.80779010,0.80169010
0.61831135,0.68397969
0.96245736,0.91978264
0.88042569,0.94484937
0.39651954,0.38727298
0.79091418,0.90857321
0.88206744,0.89265734
0.06663280,0.06653640
0.83175051,0.89169848
0.86734235,0.90864319
0.96102244,0.94609249
0.87073421,0.90433514
0.57378995,0.75037980
0.69095904,0.76231754
0.84839320,0.80713177
0.55007386,0.62611806
0.39809421,0.40342155
0.87582529,0.91816008
0.87932682,0.88266206
0.49286535,0.33628988
0.43328637,0.30961546
0.95866913,0.87369770
0.89444375,0.84653473
0.81153071,0.76207525
0.38207394,0.72625697
0.75869954,0.83388489
0.75457078,0.68317592
0.82770550,0.86365926
0.88835239,0.74751997
0.90557361,0.92639738
0.88598156,0.96173269
0.86495608,0.93501294
0.31866074,0.25788260
0.92801571,0.88248795
0.28498414,0.27713567
0.37139764,0.23388544
0.76535183,0.88203245
0.71063358,0.22875798
0.64325732,0.45881549
0.42011106,0.37987551
0.77455854,0.68915665
0.62306112,0.52350962
0.93209893,0.90397918
0.79335779,0.75808090
0.82083786,0.92827880
0.71582526,0.66389322
0.91809154,0.74797606
0.59676909,0.61400348
0.82641786,0.87679505
0.88954109,0.85100001
0.76291203,0.76419407
0.63562572,0.70871383
0.47935855,0.37168610
0.42939353,0.25433421
0.55280024,0.55558765
0.34667405,0.37943745
0.82893986,0.70826066
0.59692800,0.68231523
0.86798340,0.83614987
0.53679734,0.66354609
0.68237484,0.56455427
0.93136507,0.91570240
0.85130227,0.94852942
0.81915611,0.87019229
0.75270551,0.67060351
0.89266860,0.87860221
0.60392833,0.43408552
0.93478197,0.90430224
0.73748273,0.47454759
0.51817274,0.51738435
0.52177638,0.49768543
0.95521528,0.91897058
0.77576286,0.75338256
0.31696883,0.33257172
0.86362576,0.89344037
0.90742785,0.91629022
0.77896190,0.73072940
0.88306081,0.88801169
0.33753130,0.32324985
0.86798251,0.94017380
0.49041617,0.62384528
0.76092404,0.81833214
0.87125546,0.89733124
0.84260702,0.93570572
0.77837789,0.80914003
0.62273383,0.67290825
0.69924563,0.72541469
0.95867252,0.97580647
0.76563561,0.73941207
0.95127839,0.92059553
0.87474877,0.89386451
0.95777661,0.90226364
0.88731259,0.93188852
0.87758243,0.92187917
0.85607713,0.82926828
0.97848642,0.90646851
0.56110305,0.59047621
0.73902392,0.65952832
0.81951755,0.79450709
0.73332709,0.90077573
0.49220809,0.55291277
0.72982317,0.79394019
0.96980202,0.94914114
0.88735503,0.85851353
0.69555414,0.66111636
0.61262530,0.68265980
0.80626225,0.79583335
0.93514919,0.91269839
0.69870239,0.28492424
0.79261911,0.65308434
0.60120124,0.60615385
0.85625327,0.82792622
0.83536774,0.82487172
0.76847553,0.79496950
0.81212091,0.73055607
0.79300499,0.87011999
0.91241741,0.92416620
0.82074755,0.74605095
0.90722990,0.91570044
0.74346763,0.91728526
0.96584654,0.96706986
0.19910832,0.23533912
0.54005677,0.62380713
0.98952591,0.96905977
0.89710546,0.78756368
0.96319079,0.89470923
0.79999977,0.71027851
0.79167199,0.89061230
0.94228154,0.91687191
0.98066956,0.93857831
0.75594544,0.83492053
0.64865977,0.50351262
0.53805810,0.45799181
0.71714485,0.71102941
0.79492271,0.54235274
0.88397706,0.90381426
0.78892982,0.85565293
0.96519899,0.86322647
0.23132125,0.17943865
0.88286638,0.91248631
0.55993152,0.66569257
0.64126891,0.79492009
0.90744650,0.85245121
0.77470660,0.81559318
0.40946963,0.41204482
0.71694636,0.82869667
0.61851454,0.57735616
0.78494591,0.94763815
0.80726838,0.52567416
0.38937649,0.27283254
0.85155821,0.77820754
0.87770450,0.80371416
0.75432330,0.64583331
0.80557394,0.69887793
0.67127079,0.70807451
0.68712449,0.92517263
0.43796164,0.36639267
0.92492455,0.92623454
0.55961001,0.75976318
0.96477401,0.94687277
0.65822142,0.66178685
0.84471178,0.86329669
0.92224169,0.96053946
0.93608856,0.96490383
0.86233121,0.76452470
0.06245127,0.04907224
0.74616486,0.73474181
0.85635543,0.84605688
0.78368938,0.80925405
0.89060324,0.83467120
0.82815003,0.87336600
0.79753274,0.80581552
0.41657132,0.29188052
0.81930625,0.90178400
0.93731529,0.96808511
0.92643511,0.90359366
0.93293530,0.94184738
0.45205680,0.37508628
0.50851238,0.57276696
0.37861821,0.31777900
0.85270357,0.72867787
0.42982164,0.45838079
0.91685969,0.96690059
0.66515154,0.76967627
0.92536587,0.84325379
0.69873881,0.77817506
0.61644047,0.78527069
0.85478449,0.88919914
0.69937980,0.47211823
0.83674520,0.81373334
0.88737774,0.92434543
0.84560168,0.90702969
0.36726701,0.36060503
0.78378367,0.79690802
0.89546901,0.90548658
0.93077815,0.74968606
0.79869378,0.85537040
0.93873757,0.94372815
0.65979570,0.63958174
0.34145638,0.29538941
0.84528553,0.87087911
0.85952801,0.78552634
0.80728817,0.80993885
0.68641275,0.64122051
0.51983398,0.90967745
0.90575302,0.94041324
0.69156188,0.66906327
0.94009197,0.85280538
0.82780284,0.77713078
0.84534526,0.90087938
0.51945603,0.36320755
0.58162326,0.80348140
0.49565107,0.45288461
0.68370414,0.80483484
0.74284154,0.66613168
0.57043070,0.45424199
0.89919567,0.80536550
0.56768125,0.58970314
0.92712843,0.86410403
0.93657666,0.93724263
0.75560999,0.79350895
0.96555293,0.94241124
0.75351256,0.09493448
0.73657811,0.70093668
0.89245170,0.91849816
0.72631812,0.77214825
0.96201342,0.91477275
0.39003140,0.19832759
0.82806146,0.77344030
0.93649864,0.81774193
0.66802001,0.74101347
0.79012805,0.79667425
0.51098722,0.39893100
0.75074589,0.75262189
0.98734027,0.97436619
0.69916672,0.58208001
0.93153161,0.85481483
0.75012428,0.65468109
0.90878332,0.92648536
0.68120879,0.74169868
0.92815036,0.96470946
0.17263392,0.14268395
0.85218799,0.85882354
0.96609861,0.96330440
0.85286283,0.82924050
0.82138854,0.77595627
0.46162006,0.44452891
0.80331445,0.84760499
0.70042455,0.63616735
0.79850972,0.75533837
0.89247155,0.77235162
0.98847908,0.92451161
0.59116900,0.52540648
0.81112581,0.87541831
0.82561558,0.86324370
0.92851424,0.92401743
0.87505609,0.79488355
0.80954099,0.81569493
0.91581202,0.91648656
0.74564391,0.78724122
0.79062879,0.81261754
0.92253685,0.89749157
0.80156964,0.54038197
0.70847505,0.41161060
0.36312842,0.27785650
0.81903362,0.83435541
0.88993806,0.93596226
0.74263614,0.66906357
0.22471429,0.09331770
0.72389752,0.70543820
0.79858643,0.39207914
0.61227006,0.66717333
0.84252793,0.76567328
0.87773734,0.87568682
0.98404086,0.93506479
0.69621766,0.70934904
0.92930144,0.90208632
0.44169149,0.35040271
0.76985812,0.85967463
0.89944738,0.82354587
0.83974057,0.61100799
0.69876581,0.69261646
0.95258927,0.92561406
0.69976246,0.67673612
0.90243840,0.86098039
0.95510894,0.97058821
0.77410293,0.73329091
0.48509163,0.55677921
0.70048892,0.68556148
0.96742201,0.90425187
0.92441934,0.93237972
0.87466067,0.92176437
0.72667193,0.75551468
0.95640999,0.94066691
0.83428937,0.91112089
0.82181418,0.79359227
0.68770933,0.65434331
0.60045230,0.66588682
0.83866102,0.88086140
0.85107094,0.86908519
0.90392047,0.92590219
0.43851390,0.27918723
0.77056599,0.75859374
0.41578999,0.60708481
0.82684559,0.88536286
0.79763478,0.82017541
0.87094152,0.85367477
0.48222941,0.29310322
0.82509327,0.75720918
0.87672222,0.84809572
0.88393271,0.90018588
0.73303598,0.90471417
0.80140460,0.83271801
0.87908858,0.92495608
0.83669633,0.80089670
0.54023904,0.62819201
0.78006738,0.87680167
0.37351987,0.18476626
0.56671125,0.65500969
0.85605502,0.86213160
0.95504707,0.88749844
0.74376422,0.68462902
0.80652541,0.60758698
0.51861042,0.44687781
0.62699717,0.54361302
0.86419380,0.89737171
0.43286541,0.33808678
0.94745183,0.93352044
0.87836683,0.88174605
0.73185205,0.67734772
0.33974195,0.60252136
0.55663991,0.47512907
0.70419276,0.71401262
0.87014836,0.85995477
0.75000030,0.70470148
0.66669422,0.72416669
0.95015860,0.92451495
0.90147609,0.89092827
0.68249899,0.48940939
0.96254867,0.85253119
0.84977973,0.72226584
0.83862364,0.82371795
0.83711201,0.72313339
0.70769554,0.69491524
0.48556384,0.28302512
0.86153662,0.66316849
0.77114487,0.78918386
0.78258830,0.86122358
0.72799289,0.61486304
0.96872330,0.93851012
0.76763338,0.86617076
0.37261856,0.21854033
0.93274152,0.86709678
0.68887538,0.44594145
0.56640929,0.70934421
0.82345098,0.57563108
0.76542264,0.84181809
0.86526382,0.89143956
0.45401976,0.33776334
0.94270587,0.88076925
0.76204580,0.62833571
0.70715535,0.65507013
0.47161740,0.54255599
0.95356125,0.94780439
0.85601676,0.84815168
0.88451123,0.96512538
0.90513015,0.94533569
0.37310401,0.13820100
0.62700331,0.63128549
0.93377179,0.87087184
0.76300931,0.77670741
0.64132464,0.57333332
0.74801522,0.73601484
0.70122319,0.60244495
0.94635445,0.93458170
0.83298385,0.74855393
0.87233508,0.85432756
0.94542491,0.90358436
0.58225960,0.36324245
0.92651772,0.90914899
0.39424509,0.23429488
0.65898722,0.67422217
0.79054809,0.91130614
0.84577262,0.86633402
0.58101285,0.45963559
0.84106588,0.93364704
0.89699507,0.90337920
0.81988233,0.88635087
0.92325217,0.86596137
0.17360011,0.14238474
0.71514934,0.67353058
0.81086534,0.65959710
0.81113541,0.68902355
0.91155076,0.94130772
0.89693797,0.93890327
0.78430861,0.83010000
0.83254802,0.76870990
0.86530405,0.78508079
0.36303493,0.20129573
0.73038363,0.73593277
0.63064581,0.69652408
0.87573135,0.89276779
0.97255707,0.95815170
0.79553175,0.85358393
0.89479381,0.95081967
0.75601190,0.87386876
0.93340212,0.92785192
0.82702160,0.82240474
0.47164410,0.51847291
0.60212994,0.54570955
0.89068729,0.91483933
0.94792795,0.96159512
0.96563828,0.91969699
0.88025552,0.77557325
0.98038268,0.94213098
0.54997593,0.59547079
0.61964756,0.63316905
0.87249476,0.85747862
0.84852433,0.88942462
0.79699695,0.76581365
0.91613716,0.92413795
0.86896324,0.86388087
0.84801221,0.90184408
0.90411025,0.94159889
0.61763883,0.47769994
0.47069818,0.51582682
0.73413485,0.65855271
0.74484301,0.55837613
0.71885771,0.86041665
0.91273254,0.81261653
0.76115233,0.64788085
0.87102133,0.90757883
0.72102451,0.68867254
0.37451553,0.27033615
0.89471024,0.86742425
0.97327447,0.95296687
0.87324935,0.87668997
0.70619059,0.70405483
0.93714458,0.90872830
0.35304976,0.26891235
0.43864617,0.28844616
0.94654423,0.93867528
0.94124860,0.95836520
0.92250550,0.85400099
0.72656405,0.64777327
0.93526822,0.94413793
0.30048841,0.58318377
0.83113962,0.87031418
0.92967850,0.90730679
0.85919327,0.89260840
0.88547093,0.85858172
0.61869222,0.44202900
0.42344868,0.22620282
0.92658895,0.93948317
0.93678701,0.95407110
0.86833322,0.85167789
0.46153367,0.31044713
0.57711846,0.53255486
0.72594631,0.65804696
0.43873185,0.71916008
0.88939005,0.82708436
0.84486574,0.90111095
0.88334799,0.88809043
0.45359793,0.61163920
0.53787136,0.29148528
0.86702383,0.84470338
0.72425199,0.76190341
0.66014886,0.67272520
0.84955698,0.96080023
0.85868877,0.93525702
0.90950435,0.96389180
0.72735810,0.64065313
0.75673366,0.72689146
0.84052926,0.77282280
0.62250656,0.57794201
0.22780843,0.35547245
0.72043622,0.93001091
0.87670094,0.76111454
0.64807624,0.52020627
0.27717614,0.17866541
0.78027362,0.69835669
0.56314939,0.33899325
0.76038504,0.67985255
0.96362996,0.92778361
0.16198604,0.10347844
0.83305663,0.86087668
0.88873541,0.91655713
0.57812935,0.68643981
0.74302477,0.61396575
0.68437862,0.78740156
0.85617077,0.83333802
0.53200889,0.77130038
0.91007507,0.94031703
0.80799967,0.91185915
0.90597886,0.83411217
0.50640142,0.89218092
0.73281598,0.73265839
0.97306436,0.94374889
0.83205611,0.89110535
0.56588364,0.51438850
0.73054963,0.74140918
0.66932476,0.72272569
0.25858000,0.25613412
0.89468485,0.91926461
0.68380338,0.67595762
0.44881186,0.35258478
0.75374085,0.75138831
0.95520180,0.97033179
0.77137816,0.56723893
0.24559383,0.06769641
0.86357963,0.90299064
0.72625369,0.75866234
0.52225900,0.55458927
0.60014844,0.64275974
0.74952680,0.78007442
0.96060640,0.93749142
0.28059787,0.33064476
0.25731197,0.13935617
0.73466647,0.76309842
0.86099535,0.70236617
0.80509293,0.82342285
0.92062199,0.96078664
0.77293342,0.61427450
0.70399708,0.86798906
0.77458996,0.94516754
0.80806923,0.86344659
0.92920500,0.78021848
0.94490671,0.88256192
0.90053821,0.92800957
0.73277313,0.70984000
0.20772240,0.19401021
0.94558477,0.93364310
0.82420737,0.85556608
0.85672325,0.82829678
0.79308444,0.86018974
0.90990448,0.93216723
0.84921253,0.83884478
0.84725839,0.91721135
0.83507949,0.85417455
0.62407649,0.44195944
0.79841226,0.63091153
0.89282328,0.92968750
0.93404526,0.98076922
0.97589976,0.93113101
0.96627289,0.93695152
0.60577738,0.59340662
0.77012134,0.75494677
0.48466596,0.56511414
0.57801139,0.59271789
0.59722823,0.57225901
0.66845655,0.63688868
0.70847785,0.85099202
0.53224796,0.51166642
0.84136015,0.86235178
0.88792527,0.71102273
0.76609886,0.74606460
0.61353779,0.90601236
0.78184450,0.82942766
0.90270829,0.95560515
0.26851919,0.17277816
0.47842500,0.41530049
0.30189186,0.35408485
0.79042214,0.86810982
0.86583090,0.87404394
0.78524143,0.84020394
0.92462534,0.88895178
0.86447769,0.88835049
0.74734610,0.75410956
0.29647362,0.19355844
0.72979575,0.70774949
0.83130640,0.79755753
0.96531135,0.94196790
0.73688179,0.53551751
0.76248568,0.69441104
0.84147501,0.74720901
0.60763115,0.80436713
0.80989695,0.90191597
0.74176961,0.81031436
0.40743372,0.57670254
0.46032315,0.37342286
0.90980047,0.90213126
0.84807652,0.91887301
0.24287547,0.21821387
0.91361952,0.84253246
0.80638427,0.91629750
0.78262496,0.85547787
0.37894860,0.17727028
0.78245008,0.76651859
0.78974408,0.61042839
0.44912094,0.57232702
0.72874945,0.77196455
0.42847908,0.31979588
0.95594382,0.94718504
0.81427538,0.82682014
0.78816760,0.79161072
0.94459128,0.92636448
0.89175391,0.87543857
0.71262133,0.73408186
0.83643842,0.91348845
0.80399352,0.83029968
0.54575044,0.54387695
0.40321589,0.09005424
0.91739452,0.93725491
0.94183373,0.89542693
0.89037937,0.90824288
0.76906580,0.68916667
0.76781011,0.75555056
0.87775481,0.88198572
0.80403590,0.78076386
0.77924085,0.90701753
0.84928697,0.81612223
0.96305925,0.93109173
0.80851370,0.63605124
0.19424230,0.22940685
0.76078528,0.68094826
0.15228416,0.09789793
0.69937825,0.55041182
0.86330456,0.66631186
0.55237168,0.38241181
0.54291070,0.58136481
0.20518026,0.14239281
0.50378031,0.41961285
0.76267612,0.67160743
0.88650072,0.81496948
0.95168000,0.94230771
0.63386858,0.54797554
0.28753701,0.22549520
0.89934266,0.88494551
0.87365860,0.87281960
0.85305238,0.79909480
0.95877618,0.97513658
0.86478883,0.87907219
0.84129965,0.82881582
0.53401893,0.28370300
0.60609180,0.50191200
0.53027374,0.55876905
0.81284696,0.84394497
0.86431539,0.86643320
0.80578208,0.88522571
0.92254674,0.92619932
0.68510431,0.62764049
0.85238069,0.83414376
0.72383618,0.59026688
0.89317882,0.88969105
0.87275237,0.87930161
0.72009230,0.64108753
0.79446763,0.69405240
0.73498124,0.44936466
0.61027634,0.65328610
0.46307555,0.35587573
0.83425033,0.92472613
0.86364037,0.89193571
0.92894691,0.91976273
0.73395425,0.56158555
0.90145522,0.93181819
0.85688782,0.93839288
0.90854859,0.89677179
0.57595873,0.61343890
0.80241066,0.64621210
0.89010531,0.93771851
0.74788320,0.64251715
0.87852526,0.80676502
0.86436546,0.92940140
0.29808968,0.56573516
0.76978368,0.83414179
0.68249726,0.61239034
0.96950489,0.94537038
0.78354686,0.89517760
0.84237748,0.84082633
0.97251964,0.95478034
0.79007596,0.82629454
0.92825478,0.90221554
0.77075261,0.71525139
0.70259678,0.65284371
0.79660076,0.88858747
0.69920063,0.34324324
0.90931302,0.92129201
0.57692331,0.52965587
0.80211949,0.85662329
0.72955769,0.62984276
0.76241910,0.84014910
0.69253534,0.67456281
0.81480390,0.81367642
0.83142149,0.87737381
0.78567618,0.71979111
0.71628743,0.60012245
0.75063670,0.80896324
0.53080589,0.79903263
0.87669307,0.84898800
0.83664614,0.89979094
0.71426111,0.54217803
0.86392230,0.87184513
0.45836797,0.35023639
0.93818533,0.86972600
0.94742584,0.93309766
0.80185091,0.42963848
0.97501481,0.95238096
0.91955757,0.90292448
0.49539718,0.59359169
0.86228716,0.84764689
0.91285241,0.93941593
0.67396969,0.54642147
0.66673791,0.46075755
0.84086257,0.78745866
0.95579678,0.88140428
0.87923199,0.85532874
0.84152997,0.87586004
0.51778322,0.41097781
0.69396597,0.81294906
0.66829848,0.69873011
0.77999938,0.76341772
0.46952647,0.41939652
0.94797295,0.93331707
0.38597864,0.38063678
0.72991514,0.81461120
0.85485965,0.86356544
0.74416095,0.81888497
0.77473217,0.70126402
0.89925319,0.84600532
0.79708105,0.71799242
0.64485097,0.80576766
0.16668086,0.11573371
0.22369216,0.14471753
0.26625189,0.27370870
0.29974324,0.21802193
0.88122648,0.86745286
0.83245355,0.91761792
0.57033283,0.55567831
0.39811343,0.08684523
0.94054228,0.90174997
0.81586307,0.97752810
0.77890635,0.50587827
0.90029657,0.95787656
0.81969517,0.82811010
0.73381495,0.58943623
0.81006539,0.84034121
0.71186614,0.72468823
0.45062616,0.41787943
0.57476550,0.67524695
0.79764646,0.88715434
0.81181532,0.85143358
0.73736101,0.76572299
0.87028164,0.73267573
0.57554668,0.41130349
0.51336420,0.41253459
0.46138787,0.42333701
0.77040195,0.80225331
0.35901654,0.37073177
0.93272173,0.89083129
0.97275364,0.92635638
0.74274844,0.90638530
0.97330892,0.92786336
0.89455181,0.88932884
0.90728074,0.87222224
0.84437627,0.76081729
0.92405385,0.84429973
0.88562703,0.86156839
0.56086850,0.45977011
0.87815082,0.87298405
0.62732834,0.47832707
0.64829010,0.52225542
0.76107341,0.79806578
0.87259632,0.88583738
0.83474088,0.87263954
0.58146620,0.70811111
0.92238832,0.81082720
0.78307444,0.75315470
0.57613593,0.55298787
0.92526847,0.86960250
0.89080018,0.89337331
0.35608670,0.29517210
0.38740295,0.38227704
0.90600872,0.94754153
0.91062850,0.89941752
0.69023174,0.72067940
0.85613006,0.92671192
0.70688224,0.72892541
0.44235337,0.40477979
0.47298795,0.49698871
0.71895945,0.22254266
0.83155948,0.91021466
0.62902939,0.75062531
0.92823333,0.89143640
0.90969867,0.92778337
0.96276212,0.84831065
0.80042928,0.81224483
0.73966283,0.76156652
0.85655200,0.82895660
0.52387190,0.54846936
0.91510963,0.93164825
0.76052260,0.79267889
0.35765415,0.17075326
0.54763162,0.27600297
0.94450945,0.93757331
0.87575370,0.71526593
0.70919389,0.66985452
0.64755422,0.41604635
0.84760600,0.81719166
0.27055034,0.21320389
0.74313623,0.72617304
0.95646930,0.94099051
0.76711673,0.75108284
0.58722770,0.46733695
0.11096915,0.10089324
0.98989701,0.94463146
0.71621180,0.74892473
0.76413053,0.84465814
0.59545845,0.58803153
0.82527596,0.78171647
0.78329635,0.86781013
0.53539407,0.48348597
0.82193375,0.89264327
0.56848502,0.50515997
0.91965789,0.91790068
0.35033396,0.32206389
0.81086266,0.85796642
0.73300439,0.50573266
0.24764290,0.20284900
0.90183359,0.87166619
0.92758310,0.93390751
0.90296364,0.99810249
0.54458034,0.66365343
0.57777548,0.42079458
0.76619959,0.71060944
0.90542603,0.93063945
0.81142896,0.73101854
0.85775620,0.95595813
0.78755373,0.61693120
0.78829318,0.85039145
0.98046726,0.96496212
0.31688347,0.24882154
0.85831791,0.92705601
0.83569008,0.88428366
0.39559162,0.38980940
0.81133521,0.93256634
0.92654914,0.83937222
0.74474210,0.72542518
0.76623827,0.67465597
0.67805344,0.82082480
0.91369665,0.90278625
0.90036172,0.89822596
0.67581189,0.68520772
0.56753397,0.38532355
0.63899320,0.48704740
0.83770353,0.83126938
0.30813608,0.18162036
0.93666583,0.90208477
0.80392236,0.77817488
0.85991132,0.97225618
0.28928709,0.19789402
0.89641541,0.89963681
0.94085312,0.94377440
0.87064368,0.85839826
0.76371682,0.61078435
0.43345532,0.61413044
0.94670498,0.93711191
0.91131163,0.76545084
0.96967882,0.97058821
0.30982137,0.36443609
0.39358559,0.36312521
0.81801891,0.76708263
0.46147659,0.52937502
0.89079928,0.79024607
0.83499128,0.89081454
0.89602387,0.86110950
0.71624225,0.75369942
0.33738387,0.35006940
0.98256528,0.94548410
0.77959412,0.66498518
0.82147545,0.81830639
0.86653912,0.82892108
0.85194612,0.88184768
0.39356115,0.27616072
0.86931056,0.79850364
0.88076717,0.89065719
0.79387945,0.93086231
0.93317080,0.72998244
0.84467059,0.84679800
0.50792259,0.21632653
0.33778849,0.33326069
0.30790165,0.19183815
0.68425983,0.48743087
0.95410144,0.94407952
0.85675251,0.89401984
0.84102637,0.81552893
0.83997875,0.92807019
0.86393690,0.78325993
0.79671162,0.86732459
0.81741118,0.77313966
0.86943358,0.77454948
0.72762716,0.74046820
0.85506296,0.85392076
0.80456585,0.83129698
0.89057595,0.83756614
0.97026217,0.93528140
0.87983561,0.88186926
0.75567544,0.79381973
0.76307893,0.69688696
0.97666901,0.91922879
0.87714887,0.92652273
0.89903742,0.84664577
0.76117098,0.76540387
0.80184507,0.89585638
0.92809081,0.93859649
0.38295537,0.32080314
0.80850017,0.77245408
0.90677559,0.91573280
0.68843830,0.64191377
0.77736956,0.85057473
0.24132802,0.14787246
0.91733718,0.84416056
0.76963991,0.79087746
0.85726088,0.89317387
0.61455345,0.64391613
0.85458201,0.88299233
0.46407136,0.43194795
0.67526978,0.67963105
0.75891519,0.65176547
0.79284114,0.82643163
0.79754269,0.75226355
0.81026065,0.75716102
0.74565160,0.44025022
0.44035640,0.60747039
0.86753106,0.78223419
0.88998348,0.86879975
0.80582231,0.76255196
0.93130773,0.88927275
0.97393268,0.96808511
0.45508480,0.54241073
0.79165238,0.75661653
0.47051212,0.09863760
0.41466182,0.55715907
0.83495200,0.73624593
0.83452284,0.79540890
0.62125534,0.71696526
0.73483133,0.59149587
0.92863822,0.93978560
0.84891438,0.96419412
0.67332733,0.69525450
0.81847769,0.49738893
0.82024693,0.76723981
0.97628647,0.95720690
0.91663510,0.90099812
0.88849282,0.95794469
0.18570134,0.30288059
0.70807576,0.71082675
0.79717487,0.86419159
0.73394239,0.65958905
0.90907729,0.85815513
0.64158112,0.74333793
0.71434569,0.66988039
0.77115697,0.71070814
0.80509806,0.94148535
0.53169513,0.81313258
0.87192851,0.79290372
0.86240500,0.64735752
0.83327520,0.79436970
0.87692899,0.87596530
0.92918235,0.87224531
0.92544305,0.95764995
0.42956877,0.36092472
0.72420126,0.62922239
0.96150237,0.92874461
0.75416529,0.74860299
0.72589213,0.70526314
0.81920904,0.89749998
0.37928739,0.37449864
0.96808469,0.95026022
0.47555164,0.32028005
0.50630230,0.64425415
0.94810730,0.96162230
0.77548552,0.76695514
0.74834388,0.77394414
0.49450520,0.63053328
0.89486742,0.95596242
0.77574307,0.76823986
0.75281692,0.75105363
0.37188193,0.32566988
0.78312016,0.68333334
0.63502568,0.69332433
0.10851941,0.08037448
0.76833463,0.89220911
0.92406708,0.96814519
0.89955175,0.84479272
0.80528671,0.79338527
0.85402554,0.94954646
0.54868346,0.43284315
0.84810466,0.69583505
0.95146930,0.89440757
0.46688029,0.36039910
0.27251875,0.35332921
0.84924173,0.68539518
0.79622549,0.74256802
0.75525171,0.48081312
0.64337957,0.53971231
0.94069308,0.72615498
0.98031771,0.92392248
0.95747608,0.96382010
0.75264400,0.73432392
0.85271823,0.86331171
0.82794583,0.78166544
0.90559930,0.89899069
0.75283295,0.76608050
0.81979483,0.86064786
0.79888278,0.82148719
0.42960957,0.58672035
0.94486576,0.93351567
0.36142793,0.42465344
0.45333168,0.68576086
0.48212734,0.52576363
0.78073418,0.70784760
0.84206522,0.53574198
0.92750138,0.91157508
0.88039464,0.74523485
0.94783479,0.91091871
0.77749199,0.82977635
0.70571458,0.81792766
0.87694699,0.88826263
0.71506661,0.72435689
0.73050290,0.75868577
0.71260136,0.67637467
0.81505769,0.99567723
0.96754855,0.92606348
0.71058762,0.57397401
0.87847197,0.90356058
0.87730509,0.71961153
0.73089892,0.79880536
0.64322597,0.50130612
0.89599633,0.93789756
0.89339352,0.95311296
0.77938718,0.81991476
0.81412303,0.72814614
0.74541539,0.71362889
0.81638557,0.83389235
0.79457223,0.83451200
0.88732791,0.78860199
0.78511393,0.73657191
0.89073205,0.84061986
0.86519390,0.94540530
0.77568352,0.80648643
0.33844194,0.31366667
0.85488921,0.84796661
0.79063606,0.73351729
0.54247212,0.54718840
0.89855063,0.88162988
0.74502558,0.81057250
0.89238554,0.92400765
0.70217741,0.57354552
0.90709335,0.87233663
0.50980389,0.50428438
0.44354412,0.13711420
0.35857829,0.32454872
0.88486773,0.89262384
0.96448100,0.96363014
0.23532686,0.19509904
0.96691865,0.99425286
0.63730270,0.72651094
0.65768987,0.60988230
0.56249756,0.60228240
0.83679050,0.88930732
0.95723248,0.86408865
0.59728009,0.34537953
0.80811214,0.84377444
0.95784497,0.90561378
0.19787382,0.13695097
0.47566330,0.50378859
0.85239089,0.74292064
0.86312842,0.79004449
0.26735413,0.24258862
0.84284002,0.86763489
0.92957544,0.94272786
0.94041002,0.87228262
0.91436505,0.93089473
0.70943487,0.82659674
0.77067798,0.56715345
0.49109456,0.43750000
0.64273244,0.64929664
0.85939807,0.87730443
0.78677636,0.87369418
0.97609144,0.93460876
0.77340299,0.83190787
0.95410961,0.93884945
0.92417133,0.93355179
0.84965360,0.68113589
0.82595593,0.92294228
0.87553221,0.92998475
0.70329732,0.72939563
0.92690974,0.81197727
0.90930736,0.93533128
0.75184238,0.66155618
0.84017617,0.83815289
0.63622457,0.64594233
0.45388824,0.42381462
0.43684620,0.33714616
0.27651155,0.19290447
0.86185914,0.88418782
0.75384283,0.52502614
0.32289678,0.22745098
0.89646149,0.81343281
0.45127431,0.29205781
0.91205287,0.87623543
0.57630968,0.67069441
0.85268384,0.84294069
0.94041765,0.93773043
0.79660445,0.81463414
0.93107772,0.94401836
0.93505222,0.86678141
0.87349278,0.87521613
0.67719007,0.57271230
0.40997249,0.53940362
0.73575735,0.71821153
0.88997096,0.91012084
0.53401011,0.47917229
0.89893144,0.98165137
0.79439098,0.91362369
0.86721849,0.85909718
0.58239341,0.54266471
0.88521546,0.91173846
0.90477717,0.90658933
0.95365429,0.86791629
0.93874484,0.95744681
0.78151351,0.58418125
0.80043656,0.82290292
0.91309279,0.87208658
0.72118950,0.74011052
0.50748128,0.60045093
0.86970830,0.83905226
0.80166835,0.65093398
0.85380739,0.90899503
0.65404642,0.69546163
0.33766925,0.74472129
0.79042208,0.88727701
0.77539116,0.73769182
0.79574704,0.73922074
0.73871946,0.76217532
0.96990752,0.93277627
0.76664966,0.83050299
0.95171422,0.90052283
0.23651217,0.21194558
0.30122557,0.17284226
0.91052437,0.77059960
0.87914020,0.91963649
0.86116099,0.89316058
0.89409304,0.86691087
0.91801518,0.93498981
0.82912505,0.82219505
0.52637428,0.58228850
0.69915593,0.70582694
0.96218073,0.95121115
0.81203490,0.86135387
0.53055954,0.56164718
0.37362942,0.30777812
0.86423498,0.91045171
0.88763297,0.89441824
0.85671192,0.84645456
0.82650757,0.94160479
0.91214937,0.91924030
0.91669959,0.90334094
0.76940173,0.61994076
0.54171610,0.40143004
0.80525261,0.81551468
0.67514443,0.78577238
0.28697473,0.20197700
0.75785136,0.66645622
0.69856697,0.78876680
0.86346596,0.89681494
0.98791003,0.90065694
0.85062945,0.84817350
0.66858983,0.47467282
0.78724742,0.79190505
0.34762111,0.28224444
0.52506822,0.76277483
0.88936615,0.91742486
0.80646265,0.83657098
0.79241800,0.82361144
0.86492932,0.68787706
0.76124889,0.91034049
0.92008233,0.96686637
0.75756937,0.61069554
0.89538932,0.83503401
0.68525082,0.69078428
0.90999144,0.91370666
0.89813268,0.84787780
0.90603262,0.90089047
0.81427920,0.82089055
0.91728318,0.80405194
0.89345151,0.93518662
0.98251212,0.97240955
0.80671591,0.84013987
0.86491978,0.87225527
0.95737308,0.92179430
0.88956720,0.92888987
0.30875754,0.45072746
0.83738041,0.85822284
0.88807857,0.85104918
0.70008242,0.76822382
0.89921629,0.82194221
0.75501639,0.59787560
0.82774681,0.84872788
0.73876894,0.83742207
0.43320596,0.34439981
0.97656709,0.93610096
0.35421810,0.26666668
0.68799394,0.62235463
0.54301673,0.60673052
0.34731618,0.18010005
0.88533497,0.84380031
0.89810503,0.92732280
0.87631851,0.83649731
0.79860330,0.90593380
0.65330666,0.70613438
0.94624001,0.92788690
0.50556093,0.48370764
0.85773963,0.81176519
0.76137394,0.77148271
0.93236518,0.96093750
0.95475245,0.90387791
0.86454237,0.84759659
0.89923429,0.89461780
0.93336952,0.94208241
0.91278118,0.95119363
0.94950521,0.90923703
0.93005902,0.98130840
0.65453929,0.56146836
0.90348548,0.91173589
0.57115149,0.50154185
0.64570540,0.58893472
0.27169672,0.14646147
0.65130079,0.50424671
0.64497834,0.41088435
0.48362729,0.29401568
0.36821210,0.48030955
0.31508610,0.07546584
0.69426322,0.74223316
0.74926680,0.87124062
0.95600736,0.91920114
0.77891690,0.74406934
0.96588868,0.92366052
0.78017902,0.64682537
0.66587132,0.60321188
0.59826642,0.37818581
0.72989088,0.62571734
0.83412898,0.91259533
0.76064754,0.72680253
0.74573237,0.66029036
0.89951199,0.87170118
0.82113200,0.76955587
0.95246124,0.93319839
0.75511003,0.85587108
0.61229736,0.58505511
0.86087888,0.96349204
0.61056787,0.61569321
0.69466293,0.69259226
0.66914815,0.66327536
0.94216686,0.91928649
0.95727134,0.95802468
0.96182990,0.90012270
0.94422328,0.90114379
0.39961708,0.20503296
0.32257074,0.35523197
0.41510364,0.26745707
0.89074266,0.90437460
0.74469990,0.63581181
0.68255067,0.61104149
0.87569571,0.93285304
0.35854834,0.81210190
0.42102584,0.47129482
0.84153873,0.81258750
0.57069850,0.45364729
0.92276943,0.98169702
0.75787437,0.78268450
0.54781693,0.61704546
0.92202950,0.88990861
0.87309438,0.97045207
0.68560797,0.70130837
0.91077822,0.89285284
0.77087176,0.62724870
0.71141398,0.56385195
0.44542494,0.25637975
0.82231009,0.79500234
0.77031803,0.69508725
0.73236996,0.63013417
0.90616924,0.98334062
0.62120360,0.69055158
0.86406034,0.92383808
0.91514677,0.94218361
0.86010027,0.86891854
0.88605082,0.86367422
0.65735871,0.51754659
0.61729598,0.78297937
0.87811369,0.93371862
0.91279250,0.90143776
0.83326751,0.91566491
0.45836663,0.30468205
0.55354267,0.56979698
0.38811862,0.23250675
0.95322251,0.86995327
0.37006927,0.41469720
0.97477925,0.93900478
0.45779788,0.43546876
0.76629287,0.77786911
0.47220901,0.69936556
0.94572699,0.95305806
0.86115181,0.76403230
0.83828288,0.80402207
0.76856250,0.75223839
0.77645987,0.83078456
0.86089277,0.78764856
0.96567911,0.95811826
0.62013423,0.65855736
0.90039891,0.91666669
0.14794257,0.07999019
0.82602519,0.76587898
0.82914013,0.61953080
0.82425737,0.75495642
0.92095613,0.95080733
0.87134093,0.77038592
0.75355160,0.80060756
0.73078769,0.74267250
0.85378420,0.79971099
0.87284482,0.91238075
0.24244019,0.22217397
0.91415590,0.87666112
0.61220467,0.74300504
0.67946982,0.45698714
0.35281411,0.36278734
0.46873912,0.37106428
0.60014486,0.71309465
0.44740006,0.44977465
0.60019583,0.59016037
0.91042876,0.91565895
0.93516469,0.91120613
0.87793475,0.91013020
0.93906313,0.89345205
0.75324041,0.80820620
0.78665447,0.86757928
0.82531434,0.91666669
0.81150216,0.85315496
0.93443072,0.87983447
0.53550351,0.49665090
0.93500078,0.95381582
0.88567126,0.90521133
0.79930162,0.67910516
0.67925918,0.40959081
0.30105641,0.20271671
0.69776714,0.68091470
0.74775356,0.68552852
0.96400493,0.96753246
0.33448356,0.10126051
0.86664790,0.80754149
0.94733983,0.93436402
0.82552916,0.74362189
0.83582193,0.82724601
0.74762583,0.79828215
0.84306127,0.69347245
0.88409555,0.82698303
0.96285409,0.93198323
0.60887194,0.51811862
0.73077506,0.70439917
0.85883844,0.92944145
0.82073647,0.90636706
0.81234604,0.71667582
0.72809976,0.42832315
0.90567183,0.89857936
0.88445407,0.86661679
0.98477674,0.92589283
0.46862486,0.25634059
0.80255276,0.83868378
0.88158929,0.78827751
0.97349870,0.92849410
0.92631912,0.89989805
0.80940783,0.76666665
0.66894978,0.55991811
0.39373827,0.28589076
0.91353786,0.88310915
0.53106439,0.55888957
0.94405049,0.89850473
0.60729647,0.27880543
0.93411267,0.92014730
0.75736690,0.73731178
0.55872726,0.52108461
0.76411813,0.83567995
0.35926735,0.32528889
0.92618567,0.96169591
0.70428139,0.77822578
0.54527152,0.58068180
0.92712772,0.87170529
0.77121699,0.71845239
0.91475809,0.87380368
0.75728029,0.76607144
0.94728988,0.95326221
0.97303671,0.89258462
0.36575538,0.34081885
0.59719753,0.59745753
0.67666858,0.68646055
0.81970704,0.82647961
0.90380538,0.90271491
0.83024442,0.91725850
0.86202866,0.88718826
0.84434390,0.87114435
0.75669098,0.60120356
0.79123443,0.46852174
0.64802915,0.73190427
0.46350992,0.39402726
0.68780476,0.62926930
0.58087271,0.49691918
0.96732128,0.98701298
0.91071373,0.89826065
0.84896046,0.85449898
0.88209641,0.90821499
0.77068913,0.75923043
0.74015677,0.70555204
0.88444519,0.94282120
0.86621100,0.77347064
0.79984236,0.67157787
0.88686872,0.70553362
0.73778361,0.81201661
0.95613629,0.88078886
0.79479676,0.83578432
0.98832113,0.94103128
0.63625276,0.53107768
0.49548560,0.52988833
0.41185451,0.20009609
0.49198756,0.39013493
0.76622778,0.78663665
0.92159700,0.89193547
0.68649620,0.44416144
0.85135841,0.93978345
0.79274851,0.81386513
0.38231251,0.33039546
0.78342056,0.65399677
0.79573309,0.75515068
0.95148420,0.96022224
0.84419113,0.87657964
0.83453125,0.84198749
0.78264415,0.86983937
0.74082738,0.78114754
0.61665541,0.78111744
0.72044957,0.56970626
0.91044694,0.92520034
0.77841884,0.79707003
0.76160681,0.89074498
0.95902568,0.84968865
0.79694861,0.76813245
0.74517190,0.90280050
0.86674833,0.94572371
0.74953216,0.82553840
0.60241717,0.65357143
0.89264792,0.95462906
0.72731698,0.66510111
0.84058982,0.79662228
0.95120227,0.90443242
0.79775387,0.84760690
0.79834861,0.83841294
0.65916640,0.67039657
0.81750816,0.83207256
0.84963030,0.81657487
0.70298439,0.77877766
0.26831248,0.31129807
0.58413535,0.68655598
0.49186119,0.59858119
0.17376518,0.17453220
0.81196761,0.93983346
0.90766305,0.93475556
0.82201064,0.75798655
0.79607165,0.70731276
0.74718273,0.71174288
0.64795667,0.35124078
0.91207319,0.91406113
0.78915673,0.76807600
0.83210337,0.76313525
0.33327910,0.31278375
0.44543919,0.44432133
0.84961385,0.90317613
0.65717769,0.79202557
0.93609631,0.93099362
0.72740448,0.70170403
0.51411921,0.54166949
0.79023749,0.85633147
0.92158091,0.90139705
0.79305005,0.75012022
0.74030930,0.80881226
0.76665717,0.82235855
0.43779063,0.60790813
0.77520692,0.74700153
0.92080551,0.96954507
0.89308918,0.91812015
0.82441378,0.84948391
0.06794594,0.08566161
0.84767389,0.12643468
0.72076988,0.85046059
0.89816839,0.90807289
0.96782839,0.93888801
0.74218911,0.60186297
0.93072307,0.91981262
0.67260998,0.69896704
0.77393812,0.66550720
0.76648730,0.77146763
0.79634678,0.90429294
0.63298565,0.79958069
0.33827466,0.40756464
0.65481734,0.39721471
0.35348931,0.17623153
0.77010405,0.73163074
0.92718971,0.89707863
0.96069068,0.56689388
0.80445921,0.87054497
0.79932851,0.88084084
0.90220112,0.91818798
0.91047931,0.94163120
0.97372591,0.86440676
0.75723547,0.87353730
0.32424292,0.56899458
0.48725441,0.49455270
0.67386055,0.61777139
0.63192058,0.52595538
0.77423865,0.94755542
0.40004808,0.36901370
0.86594236,0.87933469
0.82786798,0.87507808
0.94593275,0.91969991
0.95218360,0.97183162
0.75040007,0.69854492
0.96348333,0.90601087
0.93705946,0.91934985
0.79701424,0.76273364
0.82486922,0.86068255
0.89376420,0.91656953
0.69330436,0.60021871
0.89687526,0.85117328
0.72463977,0.86987966
0.87843370,0.84303600
0.74397695,0.77068216
0.63338739,0.79150760
0.98263484,0.97414732
0.83392936,0.88803732
0.94635850,0.90785474
0.70453978,0.71074456
0.80043191,0.83252627
0.61027181,0.63190854
0.87517422,0.88191229
0.25886840,0.20976952
0.89699304,0.95288247
0.95204192,0.92028987
0.48004964,0.49156144
0.83818454,0.83364457
0.84081966,0.87213224
0.88904935,0.88528138
0.71738559,0.58817035
0.44640779,0.31286803
0.56963688,0.62922794
0.60202175,0.61418188
0.59202647,0.24347527
0.19109495,0.11873738
0.71681219,0.76134181
0.46136343,0.39613393
0.65509486,0.82008451
0.79952902,0.80440974
0.47458473,0.33329469
0.84727079,0.92367554
0.91557807,0.89866668
0.56103170,0.70171762
0.59480780,0.42954203
0.76960528,0.80566639
0.81189609,0.83036262
0.96558058,0.92585701
0.80621815,0.74073303
0.74525493,0.80979818
0.89873207,0.86962384
0.78139883,0.62326616
0.82203186,0.63095152
0.90262806,0.89482588
0.76960880,0.83699787
0.53907806,0.49342829
0.81420606,0.91283423
0.84833270,0.80642664
0.54352701,0.62330812
0.93416619,0.89504141
0.91394764,0.89152396
0.81851304,0.92405063
0.34334415,0.32725823
0.45162794,0.39709273
0.85972321,0.93515384
0.91138023,0.88094622
0.84914851,0.85957152
0.39604595,0.27339184
0.92085075,0.86980635
0.84466296,0.79888940
0.36566383,0.42548537
0.89027327,0.86160082
0.44020510,0.54627961
0.75137866,0.43585798
0.72108710,0.50837368
0.89805388,0.85884035
0.96521622,0.88307792
0.34508911,0.45987770
0.87721229,0.91107064
0.35370964,0.24315847
0.84292030,0.90119338
0.85094023,0.90645260
0.75914603,0.72031248
0.90367800,0.87706041
0.83494788,0.80713564
0.84886843,0.85912198
0.76541108,0.72882140
0.91292268,0.99019605
0.82782149,0.83900726
0.59157515,0.32135075
0.49307406,0.39172241
0.73300922,0.67829460
0.46534398,0.37510505
0.88022208,0.83604652
0.84536844,0.85988456
0.67696577,0.65158045
0.36417171,0.31108308
0.61693305,0.50334930
0.85700119,0.85481507
0.74997777,0.79130161
0.82998371,0.84695125
0.71631098,0.61887354
0.28739369,0.14263675
0.57804590,0.48690495
0.83968216,0.86300260
0.46325895,0.26383927
0.48942891,0.53753352
0.84821296,0.62433434
0.62999976,0.45224568
0.93030059,0.95352924
0.91356701,0.80819237
0.68928605,0.69459707
0.44319519,0.67878431
0.95953906,0.89837396
0.96756190,0.95400435
0.90800983,0.91041696
0.85317361,0.75858337
0.85268831,0.82003665
0.68683225,0.70340455
0.60375410,0.48337805
0.45745173,0.37991992
0.78099108,0.86611974
0.74159604,0.58784384
0.61821604,0.75064933
0.86942530,0.90627605
0.58425450,0.65292746
0.92800426,0.91074139
0.67445856,0.76752019
0.82565957,0.87040246
0.66750950,0.61211991
0.47935933,0.43487820
0.84146732,0.90623552
0.97051638,0.89944851
0.77007324,0.84052944
0.26201785,0.26004007
0.75041658,0.84988815
0.65194988,0.53417081
0.82845575,0.83466578
0.77267146,0.52981442
0.82949054,0.86218321
0.78960949,0.81845027
0.87858671,0.86103523
0.52672458,0.51631916
0.73775554,0.83559859
0.68691891,0.18303572
0.74031299,0.93627453
0.94854933,0.83944249
0.86105341,0.84463322
0.29053217,0.09526616
0.94736958,0.93244487
0.85310042,0.77100843
0.90490842,0.94883019
0.96413845,0.92723972
0.80568540,0.68794161
0.89101863,0.86485237
0.96322447,0.92160589
0.87038946,0.89840817
0.79948884,0.92906165
0.84549201,0.75259233
0.79242724,0.61574060
0.63175029,0.59257960
0.89159280,0.79675978
0.67672575,0.59789425
0.95387232,0.93469661
0.76225507,0.54686409
0.94311786,0.93159062
0.73078728,0.70015490
0.75305176,0.86223722
0.82214272,0.90609950
0.90939808,0.94830412
0.90784830,0.94938821
0.37173432,0.35658288
0.81913912,0.71201617
0.49024811,0.45272169
0.76998991,0.82881021
0.49154812,0.37209436
0.82904154,0.92400002
0.79213631,0.68304229
0.84503400,0.71880341
0.96444160,0.88179296
0.73875642,0.76571894
0.67014575,0.77197582
0.56111866,0.57446116
0.27708644,0.32542616
0.80911344,0.65605420
0.72619915,0.61134416
0.38744217,0.58115762
0.89071769,0.81293952
0.74786508,0.60676390
0.88969392,0.82358974
0.80292380,0.85777777
0.41952235,0.27318868
0.55071986,0.81480813
0.86887723,0.87839675
0.50381207,0.29782945
0.36232114,0.04680178
0.15745513,0.06657046
0.82907671,0.90623760
0.81151974,0.81647158
0.70549238,0.58619440
0.91045862,0.92981434
0.94029659,0.95986170
0.65916634,0.74702710
0.63908494,0.64082605
0.84053320,0.76300967
0.91389006,0.83017105
0.92831171,0.84848541
0.80077362,0.79630065
0.88578922,0.79869944
0.66638702,0.59406590
0.81734133,0.79819822
0.80325353,0.81499010
0.93963158,0.91630435
0.45622811,0.34444845
