Predicted Score,Actual Score
0.87605226,0.97402596
0.73764759,0.73417723
0.44005018,0.12823969
0.80081695,0.81259978
0.88298070,0.89496130
0.41399601,0.47500202
0.91821122,0.90291262
0.90876341,0.96124291
0.91589969,0.89341539
0.90390897,0.88575649
0.83133310,0.89799571
0.88626575,0.90173441
0.90137047,0.87073731
0.92352325,0.92330921
0.47270656,0.56876683
0.62490308,0.75344354
0.93594050,0.95312500
0.93378240,0.91624480
0.80166775,0.69825709
0.39867437,0.67295039
0.91857773,0.92591548
0.74831259,0.83874792
0.77870578,0.67183489
0.91976982,0.87838751
0.81956112,0.85806680
0.49046251,0.67744184
0.60063237,0.64183676
0.87269336,0.90314204
0.61603320,0.39795625
0.17816448,0.23219927
0.81594783,0.73923182
0.64463884,0.62878650
0.87225854,0.79866892
0.95230424,0.93340164
0.78196836,0.76762378
0.89377552,0.87750590
0.59289259,0.70610350
0.91500556,0.87274390
0.74772435,0.77471316
0.80473024,0.74017882
0.61359000,0.53162020
0.83702731,0.85185730
0.86979687,0.82243454
0.92392045,0.96494067
0.83817834,0.68949252
0.81601548,0.84601575
0.79196304,0.66256118
0.95128632,0.96178091
0.88676894,0.89498997
0.46740982,0.60363024
0.96563131,0.95655042
0.60522741,0.52236116
0.78795594,0.77376813
0.90811199,0.95441693
0.74436039,0.69354075
0.49762824,0.63580692
0.90433240,0.84415495
0.59985733,0.40421757
0.69455445,0.71092772
0.48729071,0.48772570
0.88662851,0.92003518
0.70967907,0.80931371
0.82328027,0.81769353
0.56633675,0.58732945
0.90974349,0.93263525
0.95608801,0.92334527
0.88135147,0.86228913
0.42877108,0.61061680
0.91614497,0.94150591
0.90939426,0.93775851
0.79461718,0.77325583
0.71918696,0.75315696
0.95928437,0.94875002
0.92998523,0.91922528
0.06032180,0.08555707
0.91980016,0.91582203
0.72882706,0.45671695
0.88969201,0.90770239
0.87329751,0.85985541
0.74808270,0.62730861
0.72914118,0.72826087
0.91310769,0.88688642
0.68706608,0.71479058
0.37162563,0.36846665
0.61715549,0.65540588
0.63402754,0.68428475
0.85818553,0.84891218
0.85616344,0.55244505
0.85463166,0.35617423
0.71790689,0.50777072
0.80245566,0.85436708
0.72698081,0.79423076
0.85780287,0.89748764
0.76031077,0.83244783
0.95810384,0.92120171
0.74491686,0.88900036
0.77714407,0.84893095
0.26543099,0.26438427
0.89910644,0.93618190
0.68528122,0.71952027
0.74763387,0.70891517
0.91376114,0.93338555
0.83230746,0.81782299
0.83930826,0.82515365
0.95649856,0.93354863
0.81883359,0.76575905
0.77263039,0.78066832
0.70571309,0.81996006
0.45273417,0.70684522
0.73684835,0.62531328
0.91141552,0.92056233
0.90608406,0.89564049
0.81797135,0.75606227
0.89049470,0.79218322
0.83472550,0.74072599
0.95138741,0.98071426
0.91580188,0.92811561
0.91990727,0.87471670
0.94256955,0.91462636
0.87363613,0.82258064
0.39075306,0.39279380
0.84991610,0.88937986
0.92496473,0.90602368
0.82034689,0.81310177
0.41367179,0.55831259
0.87274534,0.94914424
0.95116901,0.95865506
0.92487508,0.91876382
0.59978265,0.50917327
0.34894481,0.36498562
0.44646710,0.61657834
0.90998596,0.79741937
0.95591748,0.95239449
0.38119411,0.28675476
0.08629778,0.07518037
0.74858332,0.71153843
0.89842790,0.92348027
0.93612474,0.92421323
0.77369434,0.56428504
0.86182576,0.82616764
0.21962982,0.34419924
0.61339921,0.81334132
0.52196252,0.65832502
0.56123114,0.43220028
0.90152353,0.90905404
0.89078504,0.79105079
0.53021455,0.55054945
0.81998217,0.62651515
0.81329495,0.86879802
0.88364697,0.97530866
0.83051103,0.87283242
0.46778485,0.56747156
0.93760294,0.94212097
0.80311626,0.66474348
0.87667769,0.92114174
0.64682126,0.53451371
0.33745435,0.53433007
0.37152359,0.26161468
0.69389802,0.76617503
0.44439012,0.26211971
0.79363084,0.85384059
0.69318295,0.83106786
0.46364692,0.52025586
0.56802529,0.45982206
0.68816912,0.66571146
0.49380207,0.65996927
0.65312505,0.55469769
0.37842751,0.49744070
0.84870636,0.82678950
0.88011718,0.86687738
0.35622758,0.50203669
0.69221401,0.82179201
0.78932244,0.83482140
0.89350688,0.87538403
0.72272259,0.42339361
0.89940256,0.87560409
0.87973267,0.96667218
0.94488919,0.91998285
0.55551213,0.57792211
0.11563880,0.11602031
0.30939481,0.44695711
0.90954244,0.90727723
0.28679466,0.21682203
0.58449650,0.73896211
0.17306685,0.08269231
0.92012072,0.89456820
0.39696047,0.54569191
0.34767306,0.53317410
0.89582908,0.80749857
0.89205831,0.91145813
0.80644572,0.55948716
0.87102318,0.80233300
0.86065894,0.88644528
0.60703927,0.62116641
0.93811005,0.95716840
0.86017674,0.88170350
0.91463631,0.87957662
0.90233153,0.89387870
0.36458829,0.40693602
0.86982954,0.89572513
0.88920635,0.91693234
0.85071588,0.84765124
0.60439402,0.76251251
0.93015331,0.91515762
0.92571551,0.87500000
0.92770201,0.89019877
0.81160492,0.61056477
0.52574849,0.82854885
0.91773498,0.78734589
0.82573962,0.78923386
0.83044440,0.88581467
0.11175641,0.16648623
0.57484663,0.67439586
0.60524887,0.60586655
0.26002178,0.21057090
0.97180432,0.97528487
0.63427806,0.77255833
0.84853840,0.81333578
0.46271762,0.40319654
0.26231307,0.18734229
0.87342918,0.93949294
0.86419255,0.83993411
0.80561578,0.81172067
0.91137516,0.84017092
0.91675651,0.92468828
0.92990834,0.88304842
0.82356018,0.66082203
0.92543334,0.88372952
0.91665059,0.83225191
0.94542557,0.95003641
0.84690779,0.72066885
0.84527987,0.86759102
0.94502532,0.95790040
0.87264347,0.90465409
0.86945945,0.89721519
0.69199413,0.70557100
0.82924151,0.69692564
0.90827113,0.92170662
0.74461567,0.82425898
0.73573488,0.87733400
0.77038294,0.73381919
0.85458344,0.93076921
0.52643055,0.24927424
0.76431978,0.52957636
0.88239264,0.82738793
0.76938540,0.86590999
0.93875337,0.92802405
0.88413298,0.90368575
0.64948148,0.54557669
0.68636602,0.62063390
0.78550088,0.79854780
0.88711768,0.74737102
0.16156101,0.12833922
0.86008686,0.79881155
0.37658039,0.35335454
0.94713157,0.93185782
0.57362020,0.59370100
0.69787347,0.77021104
0.52183074,0.52511907
0.41439059,0.30528343
0.70919716,0.80870020
0.54646802,0.34392732
0.86068070,0.89617443
0.33617586,0.35266176
0.04185337,0.07075887
0.94429797,0.87498575
0.80103016,0.88172841
0.12993646,0.12780370
0.93577343,0.90276414
0.75139940,0.83361101
0.84615612,0.88522983
0.93757278,0.95717955
0.64687181,0.46015915
0.61481148,0.38126567
0.24440035,0.25172111
0.79971123,0.80265307
0.85950357,0.76514375
0.48679453,0.07320361
0.84852225,0.89524198
0.76907218,0.73342174
0.86539799,0.80329156
0.86735880,0.85264045
0.81662124,0.78269428
0.88784611,0.87559807
0.89512563,0.90807718
0.30793726,0.36312518
0.92571050,0.80876142
0.27960658,0.25291896
0.87575233,0.86300600
0.82427508,0.79727256
0.58365297,0.61340129
0.93887293,0.89284766
0.94207519,0.91649079
0.58213681,0.55881286
0.52252048,0.54536289
0.85732204,0.75468165
0.92488956,0.94361734
0.72834259,0.59260988
0.55766070,0.64701778
0.85540640,0.71809447
0.91561258,0.93402511
0.67228425,0.58740681
0.29970559,0.41599599
0.13939337,0.14241019
0.77245957,0.67805189
0.93594444,0.80217671
0.75812739,0.66494596
0.92464560,0.95568520
0.51059687,0.61684728
0.92716664,0.88004929
0.84648049,0.88933253
0.86601388,0.82872027
0.81137490,0.80215055
0.82821518,0.80901641
0.80283958,0.82661730
0.09845834,0.11900791
0.84807914,0.87948585
0.73893118,0.80047262
0.70257682,0.46851847
0.53270316,0.57297772
0.90484762,0.71595830
0.62366289,0.74690306
0.81482857,0.73192525
0.74748743,0.75357145
0.53581029,0.57308745
0.57148457,0.62363571
0.72284079,0.65479439
0.92657584,0.93142426
0.72047824,0.83667612
0.90543336,0.89990115
0.56913036,0.67989606
0.93875450,0.94007879
0.88296181,0.91771734
0.92359173,0.91071504
0.88486063,0.92906648
0.94656843,0.91549295
0.70461464,0.66958934
0.35333523,0.41143456
0.78487492,0.88174874
0.85107714,0.85992599
0.51838696,0.13107717
0.90032917,0.89474386
0.78290206,0.68202478
0.95072836,0.94682842
0.67336547,0.63246292
0.86249924,0.62972188
0.64840943,0.37559256
0.82998770,0.80065358
0.93389922,0.92087841
0.25663581,0.36875001
0.93658614,0.91927636
0.49270615,0.46600592
0.63199764,0.61411488
0.92379570,0.89916748
0.92511213,0.92163610
0.91824621,0.93200552
0.54729307,0.61390060
0.80860937,0.65883905
0.88004017,0.67633200
0.83243150,0.86915255
0.07653178,0.15155677
0.54264843,0.49106583
0.67716622,0.69213933
0.22934197,0.24906784
0.51990145,0.54263598
0.80436248,0.77467996
0.79965502,0.68409622
0.19974202,0.29139313
0.47450298,0.51904726
0.41880909,0.38562462
0.87898827,0.84973544
0.92902243,0.95088142
0.93871754,0.94298244
0.92343974,0.86500758
0.89803118,0.90359151
0.88415241,0.87472767
0.71753663,0.46424896
0.94231808,0.95084935
0.84818542,0.77117878
0.77302837,0.58342171
0.91083026,0.91828686
0.77258861,0.80697674
0.76397479,0.71942645
0.89685792,0.93650794
0.49882486,0.57005721
0.45240483,0.51761085
0.85702443,0.75609297
0.56112009,0.45612457
0.86224890,0.73582870
0.62219423,0.38604474
0.90237653,0.90181994
0.61823142,0.73497599
0.90777832,0.88957173
0.33687931,0.34808046
0.86137366,0.92061257
0.89453876,0.90839982
0.56922287,0.55831069
0.61765742,0.72351193
0.92456204,0.93805766
0.71637416,0.64244634
0.68877035,0.32544324
0.84333861,0.73041230
0.45923406,0.34453544
0.49178067,0.50486070
0.86711192,0.78953445
0.85964519,0.94339621
0.34945497,0.30385977
0.72966427,0.64590788
0.87773252,0.85407209
0.89672750,0.91231942
0.57711351,0.18738404
0.48178539,0.45740741
0.90391004,0.96041739
0.68083096,0.72167873
0.59439522,0.42158175
0.90301329,0.91804773
0.82805389,0.78965688
0.48114103,0.52184761
0.87017256,0.87190974
0.95759207,0.94274896
0.85823178,0.80571985
0.88139397,0.07899183
0.85389131,0.60848868
0.81793422,0.89148116
0.53724515,0.51343048
0.94922620,0.92359877
0.62261140,0.79474926
0.77541065,0.88637221
0.90393800,0.98275864
0.91017628,0.89629233
0.84228384,0.89764708
0.85304403,0.84450263
0.54538381,0.61614585
0.19364807,0.17829013
0.91274494,0.92699409
0.79339534,0.81618500
0.46898127,0.53220779
0.89431316,0.92192829
0.36363012,0.33106670
0.46610510,0.44288188
0.61571914,0.56109023
0.56283206,0.43951538
0.91875780,0.92528480
0.90578413,0.93086082
0.41552940,0.26050326
0.63061726,0.56626183
0.27932221,0.36328125
0.86805588,0.92448813
0.79105765,0.82105064
0.63175064,0.68381846
0.72621435,0.82598782
0.51683676,0.50071144
0.88801265,0.94360578
0.81733513,0.90516317
0.58849090,0.72879392
0.82233578,0.76458818
0.91407293,0.88809526
0.93684214,0.92989480
0.93605757,0.98217809
0.71376544,0.86826700
0.85268790,0.56681240
0.83764368,0.85920775
0.65516764,0.57705969
0.96306700,0.88157892
0.70242029,0.78612471
0.83550406,0.94624126
0.65061897,0.54118794
0.60992974,0.63134241
0.63010329,0.87279165
0.40103686,0.31614673
0.89781278,0.86965811
0.87371361,0.88306868
0.91314048,0.92385060
0.72886670,0.76888734
0.88545084,0.84614265
0.87100542,0.72766995
0.06782943,0.11512188
0.94309568,0.93403876
0.87082368,0.82826018
0.88370794,0.87306368
0.82779372,0.87089950
0.74155945,0.75645971
0.85679394,0.85018182
0.80211824,0.66416782
0.56942022,0.75797015
0.37916407,0.25341764
0.44814205,0.61868542
0.90669125,0.93299794
0.67622983,0.53369093
0.54251921,0.50543553
0.89887673,0.94818151
0.85744673,0.89948452
0.85990059,0.88830614
0.77019787,0.55795473
0.82323891,0.71386105
0.67696708,0.76758122
0.81433111,0.75173992
0.75783795,0.67453843
0.14076981,0.15517631
0.09639179,0.08621617
0.89459753,0.87846482
0.75577289,0.77368772
0.29149288,0.32831958
0.58402157,0.69556928
0.85724914,0.85143918
0.86450213,0.96383566
0.80958265,0.91259277
0.52434933,0.42557567
0.94009817,0.88128066
0.64684999,0.73436350
0.86857951,0.75521260
0.94712818,0.94178456
0.89556754,0.83820224
0.80669761,0.90534252
0.90654314,0.90604395
0.64801472,0.54397857
0.33706874,0.34042621
0.74650872,0.74213564
0.33289352,0.46721312
0.79982746,0.83787876
0.86117905,0.77691257
0.65273017,0.78463358
0.77445352,0.54062980
0.51222438,0.56309479
0.92629814,0.90254986
0.70033866,0.81804323
0.86816853,0.88422751
0.78015947,0.82250792
0.43708777,0.68953943
0.91038454,0.90570074
0.94072390,0.94573575
0.94698030,0.98872048
0.22527698,0.28900936
0.89270985,0.79104477
0.93353093,0.93850523
0.92678005,0.89795154
0.79914534,0.83737725
0.65493566,0.74095714
0.36775315,0.33032396
0.41391224,0.34530908
0.86531788,0.80003738
0.66663146,0.74438637
0.83031595,0.86483365
0.55255747,0.16271827
0.28358158,0.27488452
0.87875634,0.97891808
0.73616618,0.81934381
0.80815947,0.87059790
0.76077127,0.53162599
0.80505735,0.89136720
0.75527620,0.78222442
0.78145570,0.87974375
0.10739190,0.17347129
0.86968738,0.78741497
0.42680562,0.57768714
0.80633277,0.66176468
0.74582517,0.37600806
0.84390235,0.90059763
0.92494947,1.00000000
0.67869836,0.75333333
0.54888499,0.51879370
0.80368328,0.87455761
0.80740523,0.88170165
0.26096347,0.33645615
0.85904634,0.78451216
0.91528231,0.87897205
0.44724274,0.37231278
0.62457287,0.65100884
0.87413478,0.98514849
0.47640193,0.34342417
0.92406261,0.94150341
0.85844034,0.86278194
0.66701037,0.73398250
0.31508380,0.18351649
0.91171759,0.17508772
0.69798666,0.54235989
0.84853899,0.88377446
0.89953333,0.88747102
0.84793234,0.68725389
0.88558424,0.94704670
0.71779859,0.76789868
0.87803805,0.90375656
0.61062825,0.38664913
0.71016753,0.58123970
0.95063341,0.94471526
0.49227336,0.58785385
0.16740933,0.13317041
0.82498252,0.82111031
0.76527047,0.81927550
0.75884557,0.50737178
0.31807941,0.35793820
0.89208275,0.94668913
0.74459630,0.78106236
0.66942340,0.76445186
0.81811881,0.94601381
0.88614714,0.90634274
0.71259034,0.68380833
0.89915371,0.90094048
0.32345143,0.20601732
0.70788085,0.57549256
0.40074077,0.40170914
0.62974000,0.56870341
0.85503829,0.70322567
0.29594719,0.56885648
0.95433223,0.95232815
0.84522754,0.97230917
0.92698467,0.90798736
0.55136889,0.50279957
0.89428490,0.93726468
0.55896765,0.47462690
0.91233975,0.98611641
0.81973737,0.84835601
0.50738227,0.45559782
0.84402889,0.90083504
0.87893826,0.91296166
0.91153669,0.94327378
0.50049961,0.16424765
0.54229659,0.55503821
0.90504366,0.91661292
0.32622287,0.45925885
0.38039729,0.29532996
0.92277402,0.87887806
0.91906887,0.90586281
0.24086425,0.17696486
0.57608479,0.82478631
0.85320973,0.86314261
0.81009811,0.76869750
0.49789137,0.53705597
0.87645477,0.92538112
0.35299194,0.56055903
0.86994469,0.88629723
0.65189344,0.75627935
0.93230343,0.93670887
0.65979016,0.82308888
0.39204612,0.40456834
0.82222885,0.91089743
0.66712302,0.78777778
0.88928050,0.92911357
0.86506909,0.69113922
0.90706646,0.90190220
0.59085608,0.63666749
0.89541447,0.85641026
0.35683352,0.17829363
0.83208919,0.69058317
0.09151564,0.15327817
0.91128588,0.90101820
0.85034436,0.91109407
0.95163119,0.95047361
0.94948953,0.92647058
0.48918119,0.68912905
0.91985685,0.92720586
0.37915355,0.42086020
0.29335818,0.27375650
0.91257751,0.86971354
0.89599347,0.89973330
0.78529781,0.79886061
0.39539102,0.43711844
0.90209496,0.98076922
0.16900359,0.10615226
0.80852133,0.83466554
0.81518447,0.88856828
0.85494226,0.94647890
0.44474784,0.43639743
0.49923411,0.55140448
0.82471049,0.87530923
0.82229680,0.78524160
0.84706700,0.91887212
0.92039210,0.96458089
0.57666433,0.73625642
0.75547224,0.62658280
0.82747507,0.84385967
0.84474999,0.15565036
0.95697659,0.95704174
0.92108351,0.89234298
0.31256583,0.52842444
0.88341790,0.87819541
0.92620724,0.88687754
0.68905312,0.73830181
0.58210874,0.52949911
0.76044202,0.71129984
0.84176213,0.86401820
0.83338463,0.84465569
0.35449231,0.62325048
0.87385166,0.70629656
0.94856298,0.96345747
0.84532040,0.85711020
0.57409370,0.42282653
0.90129852,0.83812600
0.79386717,0.91418177
0.70620418,0.53076196
0.62292278,0.76756668
0.57948035,0.48365700
0.78657764,0.84386742
0.83307493,0.87472898
0.44959247,0.43295455
0.79053706,0.15256086
0.43210348,0.56848830
0.48062822,0.46316090
0.75029182,0.84844136
0.57378751,0.58766234
0.91753149,0.93451458
0.94175076,0.94434857
0.80560768,0.87548947
0.88110280,0.66451401
0.92689580,0.93750000
0.84443748,0.87782383
0.78524250,0.77662879
0.42888623,0.52112883
0.85746181,0.74080932
0.25902346,0.35436183
0.91093785,0.90838045
0.89734298,0.86874288
0.32651639,0.40221879
0.77422613,0.68074971
0.76277119,0.27570876
0.61876953,0.65938246
0.56809253,0.75972068
0.73575491,0.72567880
0.91114634,0.92263740
0.90256315,0.90852314
0.84144384,0.77347380
0.88718665,0.90735614
0.37706387,0.39060232
0.91658193,0.93160450
0.88790917,0.93575215
0.89239919,0.95952332
0.91863948,0.92662084
0.14993776,0.13453953
0.66172141,0.80454558
0.93923730,0.97752655
0.66981864,0.84678727
0.84213078,0.82333183
0.89554322,0.93022865
0.76329535,0.61199600
0.70431101,0.77859968
0.58290058,0.80725890
0.82682049,0.83139491
0.85179287,0.83583742
0.81563044,0.87042934
0.57478547,0.70664060
0.39655927,0.36685368
0.75836867,0.74097306
0.82587278,0.79255486
0.90432417,0.84913212
0.81235152,0.71875864
0.75477010,0.67011690
0.52272475,0.32683048
0.68286353,0.55766112
0.85704851,0.85989255
0.23884113,0.19367094
0.86242396,0.93538404
0.91252881,0.90991825
0.81136829,0.68539327
0.91634810,0.91759419
0.81659585,0.72106284
0.46502581,0.32704347
0.92651546,0.93608046
0.80765855,0.86502969
0.90053582,0.95979702
0.84955239,0.84799147
0.30293971,0.37755728
0.93099588,0.95145708
0.62701648,0.56290847
0.86659592,0.91645712
0.87458175,0.95285410
0.66103643,0.62650567
0.39096025,0.32072335
0.92138469,0.89240617
0.40015939,0.35028657
0.51287544,0.71653408
0.90845734,0.88588905
0.39420435,0.26666120
0.74267614,0.74499589
0.91375738,0.83351606
0.88625860,0.96326405
0.83435494,0.90768588
0.86231661,0.94939309
0.82363886,0.85437626
0.91006470,0.95850748
0.42005822,0.54287916
0.27697772,0.36428204
0.89439112,0.88704598
0.58211488,0.43425927
0.93112940,0.94929725
0.65204102,0.71067512
0.77842152,0.63700873
0.82358056,0.86472732
0.67303967,0.71541029
0.81845564,0.63905811
0.87372440,0.80315578
0.91570544,0.88850272
0.65632921,0.66753322
0.36494943,0.44647831
0.68652803,0.62124932
0.79661465,0.87901765
0.85028636,0.78030300
0.36682272,0.52420342
0.86898315,0.92205089
0.80627149,0.78166133
0.80404007,0.73881441
0.86830360,0.84031099
0.58678073,0.63799721
0.91719782,0.94316679
0.91107506,0.93215811
0.88385987,0.89567053
0.79784143,0.25329894
0.81056821,0.86700290
0.91849840,0.95950282
0.93495959,0.88489062
0.83456773,0.86976236
0.82461149,0.76693648
0.70952535,0.30950662
0.80112469,0.72567809
0.93646604,0.97021693
0.21764696,0.21486366
0.91109675,0.78550839
0.94614005,0.93685639
0.68727767,0.49767870
0.66114080,0.69782382
0.29274577,0.25678471
0.90908933,0.86602592
0.68066376,0.55377764
0.79133302,0.62692308
0.49872017,0.46017650
0.93887442,0.92502511
0.87606227,0.88770777
0.80050433,0.82881659
0.68496555,0.50868225
0.90692675,0.92674989
0.41542441,0.36921552
0.92225122,0.90374178
0.86399460,0.88365299
0.66356593,0.72280091
0.49707136,0.36578321
0.70143884,0.84963846
0.95445484,0.95857555
0.86943042,0.91486543
0.84288108,0.82511932
0.52304608,0.54123598
0.85922748,0.87810737
0.84957033,0.88048673
0.82507914,0.86632097
0.92647249,0.89029562
0.88421333,0.92037600
0.60233551,0.57556325
0.72026694,0.68744832
0.91399944,0.90070903
0.63369995,0.65185744
0.85917687,0.84777701
0.26371631,0.32695955
0.93355316,0.99002868
0.60168833,0.69989926
0.70421964,0.71813726
0.85685003,0.61200142
0.84101343,0.49263832
0.93634164,0.94070256
0.96403587,0.96220237
0.77671993,0.85051167
0.94168127,0.91666669
0.80603272,0.77461988
0.27431548,0.46426493
0.22385564,0.17483173
0.93410265,0.88480097
0.77557868,0.83754009
0.65048277,0.84317225
0.82234257,0.83602023
0.15090853,0.11402626
0.91329032,0.95478034
0.94119781,0.91940153
0.96291649,0.97209769
0.84853429,0.88014835
0.64922619,0.51186508
0.87513834,0.92653054
0.92768371,0.96006495
0.75280899,0.67934263
0.84242469,0.71043456
0.92295289,0.92495000
0.82206243,0.35361624
0.48928270,0.50788003
0.96752989,0.98148149
0.54968369,0.68704647
0.88967955,0.86311477
0.41980487,0.52732795
0.87030339,0.88892710
0.93111056,0.95763242
0.81282181,0.80791467
0.83063751,0.83319384
0.83287370,0.81443512
0.64052874,0.68139619
0.62733233,0.74045002
0.75181359,0.80992734
0.83837020,0.87623996
0.27410847,0.67512143
0.67770326,0.60962784
0.86514640,0.94444442
0.83105576,0.91606665
0.39233628,0.35512239
0.92460954,0.90430218
0.95448261,0.92204130
0.58164179,0.55746180
0.49127752,0.49128383
0.91724658,0.89216524
0.93529618,0.95149255
0.91064554,0.98148149
0.77191991,0.94337589
0.88541400,0.80992484
0.90854651,0.90847337
0.87429070,0.92484701
0.50617480,0.26357070
0.07796147,0.08537281
0.92816758,0.93373901
0.76724333,0.87512636
0.93076408,0.91501004
0.78885573,0.95940173
0.94180506,0.91044438
0.62561893,0.59308600
0.87117058,0.90087485
0.71309078,0.61900586
0.83170289,0.82157707
0.48911718,0.52896458
0.77170473,0.73947090
0.74704534,0.79045957
0.55514914,0.54188710
0.83910757,0.87981242
0.65245730,0.65378422
0.48448774,0.61596203
0.95017409,0.94051993
0.56294864,0.74266541
0.59999067,0.64204597
0.87292886,0.88051951
0.91623533,0.89543957
0.81302547,0.81695253
0.86065131,0.91156465
0.78659886,0.64776045
0.94903225,0.92656809
0.91467828,0.93346846
0.84758836,0.92307693
0.89487976,0.91433054
0.82240838,0.88171500
0.72520280,0.78515816
0.27342436,0.21394357
0.78917402,0.71412039
0.46565205,0.37766421
0.89931279,0.86475295
0.17444459,0.16192956
0.62228644,0.68831170
0.88704544,0.87214881
0.84717470,0.77392119
0.20489278,0.17979489
0.46987444,0.87428027
0.26502776,0.35305768
0.87346458,0.92311543
0.94615197,0.97734177
0.42621100,0.44297516
0.60202730,0.58479846
0.74073362,0.77450913
0.93393171,0.91695273
0.94012493,0.95487177
0.91297185,0.94533968
0.78032660,0.80533808
0.82021683,0.94351768
0.93367785,0.93783897
0.90122205,0.89982951
0.84635675,0.69699663
0.46958783,0.49800220
0.26197591,0.21694674
0.50154012,0.17383404
0.86402881,0.82614231
0.85904765,0.87852186
0.86920214,0.92970103
0.87054813,0.92205727
0.68939996,0.79311341
0.33830658,0.51911014
0.75896919,0.67791635
0.77622789,0.69121093
0.79253626,0.77200490
0.92971641,0.96604937
0.42436248,0.38564792
0.81980622,0.81436181
0.66183072,0.62727273
0.36464918,0.46962860
0.88892788,0.94494885
0.64311326,0.77758312
0.53709865,0.64672607
0.63016111,0.74681777
0.90011537,0.90649003
0.73980272,0.69499135
0.76002079,0.55331343
0.43984953,0.52941179
0.14396903,0.12279566
0.47762966,0.20196499
0.61662734,0.66119969
0.85639173,0.80784112
0.78126246,0.62730896
0.92215115,0.92794609
0.85049814,0.84856158
0.33312520,0.30643708
0.54923874,0.55393302
0.93656737,0.93758202
0.49700773,0.32155719
0.81959313,0.81454670
0.92306381,0.89606696
0.46919027,0.36516562
0.93922096,0.93428081
0.42974743,0.23690413
0.88646281,0.84717596
0.88841087,0.91078752
0.84926170,0.90155697
0.89013904,0.91223651
0.11320270,0.26881394
0.76451528,0.84800750
0.53890198,0.42078146
0.91668940,0.92582595
0.67645782,0.61574668
0.88908929,0.91927910
0.89318597,0.95104164
0.76748919,0.85549217
0.58936000,0.62375444
0.88087171,0.93637651
0.86524463,0.89367819
0.93045032,0.98437500
0.65635055,0.53379685
0.80316907,0.80090910
0.63977915,0.51022112
0.92435986,0.90876842
0.72500926,0.91176468
0.83324641,0.95534998
0.95255357,0.93555743
0.79063946,0.86466682
0.95474803,0.95430315
0.89232773,0.93287402
0.64352846,0.78593373
0.71069545,0.69455785
0.89096016,0.91957241
0.90754783,0.94464284
0.92160833,0.93530023
0.92571592,0.90274012
0.55269629,0.45755017
0.73216677,0.56770021
0.42497310,0.36953107
0.85216671,0.85556936
0.69487280,0.62952900
0.91227049,0.92032969
0.72691739,0.78991342
0.85382557,0.79022276
0.93934721,0.93898064
0.54755849,0.61570078
0.55124116,0.61032093
0.80871683,0.80869693
0.64024812,0.52065676
0.89224166,0.88971859
0.67707628,0.76950121
0.63824975,0.74825537
0.94143134,0.92996031
0.91423571,0.85084409
0.92102408,0.92322910
0.81563967,0.86068684
0.71054059,0.82627243
0.92009652,0.87418145
0.20330149,0.38190293
0.69883782,0.70674533
0.53636223,0.45081618
0.11540847,0.19908528
0.91006935,0.93265975
0.17764293,0.13550466
0.90586960,0.82801121
0.81117153,0.82499671
0.82272857,0.82292283
0.85170156,0.61613685
0.55380434,0.41865605
0.86908066,0.85303593
0.79687905,0.72537714
0.91809326,0.90746534
0.59447616,0.65970802
0.78877962,0.79149979
0.47839579,0.51734716
0.74570644,0.70596415
0.81478846,0.86146969
0.58962184,0.59412861
0.90345883,0.90554196
0.63855535,0.31699321
0.77354234,0.79235536
0.85861057,0.96315634
0.91382039,0.95144135
0.56352162,0.69962430
0.92113560,0.93211806
0.80351311,0.79020721
0.21378620,0.13364494
0.86650991,0.89458221
0.70282495,0.70245183
0.72970384,0.88117242
0.79424912,0.81967878
0.43594971,0.45043087
0.92902911,0.92016530
0.64902794,0.74292898
0.83111870,0.86784792
0.46678916,0.48134920
0.30942851,0.38352272
0.94943333,0.90179396
0.53993952,0.62159163
0.70632482,0.82353109
0.78342479,0.74484628
0.56573188,0.46226159
0.92888170,0.94724113
0.54998684,0.64109588
0.36312914,0.63318902
0.87804109,0.87730807
0.60593653,0.54174799
0.26232994,0.26134872
0.29653683,0.39796156
0.93014497,0.96515346
0.86510158,0.84253895
0.89547801,0.89035964
0.78717625,0.68880910
0.72169340,0.80264014
0.90538937,0.94652826
0.46544701,0.40216938
0.41333365,0.32936326
0.88148445,0.88440251
0.83818763,0.91058183
0.90470904,0.95819235
0.85462373,0.80141354
0.85906601,0.81881869
0.31456697,0.33966598
0.88378155,0.83845812
0.71678466,0.72067273
0.83427685,0.71464974
0.90714622,0.94552267
0.73050833,0.82677245
0.90463185,0.89366513
0.45067081,0.44353002
0.90172082,0.86284196
0.82431567,0.90117520
0.74536151,0.67239612
0.40865046,0.45512497
0.40449613,0.41031593
0.81249368,0.85483080
0.07874738,0.12402173
0.89306778,0.87717927
0.76543528,0.76724756
0.69394338,0.74839228
0.93920761,0.95609128
0.87177718,0.87540984
0.91788512,0.89596272
0.91182941,0.78938752
0.82881606,0.86691177
0.80831277,0.85494852
0.52424854,0.39591315
0.91825587,0.92033941
0.91045469,0.88691229
0.40100831,0.17861831
0.79334879,0.77333140
0.80292517,0.77242583
0.77956885,0.90382445
0.94149178,0.96130955
0.84754080,0.90178835
0.91229230,0.86821795
0.38612691,0.51038188
0.52697480,0.52354044
0.68103355,0.39061904
0.78617781,0.78983051
0.92071855,0.90608150
0.85311168,0.86151963
0.22706865,0.16620064
0.84460938,0.81705415
0.25753257,0.14033276
0.89116269,0.94849259
0.89802223,0.93695247
0.91299129,0.90225464
0.54756105,0.68723565
0.65791768,0.70983922
0.92314404,0.93921524
0.95183635,0.97331643
0.84630901,0.94247788
0.93622929,0.94023150
0.89227945,0.89014053
0.55404991,0.58158690
0.94110644,0.95213675
0.92180663,0.96273726
0.46703541,0.29339823
0.96276921,0.94588178
0.57253802,0.35537711
0.91348135,0.90648854
0.90707374,0.92760080
0.59332335,0.61439639
0.56165636,0.61636692
0.85211098,0.82331884
0.93917072,0.95866567
0.90609545,0.87172282
0.36718637,0.44508946
0.66518360,0.71611089
0.59721732,0.74423760
0.75441378,0.72952181
0.46062097,0.41164085
0.81757265,0.82517481
0.91724926,0.94793499
0.76532346,0.72894895
0.75878388,0.77467930
0.72779226,0.75584644
0.70654249,0.86081523
0.87276781,0.79092300
0.89208645,0.95771295
0.34642997,0.23065026
0.54695898,0.40575597
0.94304663,0.91637313
0.90304714,0.85944188
0.89974636,0.82319373
0.90916556,0.87709641
0.74949592,0.85654885
0.85534149,0.81987131
0.62973851,0.75668681
0.84785533,0.96326727
0.88281512,0.90877980
0.84485793,0.78017247
0.78535968,0.89659327
0.88399512,0.45434865
0.85990614,0.93550819
0.47145849,0.33236539
0.76999110,0.67126918
0.88844746,0.86809969
0.80808264,0.76524013
0.93564212,0.95311350
0.66337901,0.70298028
0.79201818,0.63070697
0.40170762,0.38904256
0.65373713,0.67159504
0.92666185,0.89412314
0.49488351,0.78604466
0.91150868,0.89639795
0.86035663,0.90183181
0.71471947,0.77594239
0.46706593,0.66692740
0.90037227,0.92419624
0.38437909,0.43101856
0.85741973,0.73391855
0.95889413,0.93786341
0.86263633,0.92271572
0.88811290,0.86316317
0.61191750,0.74612027
0.86491531,0.84178931
0.88998568,0.94119513
0.67619801,0.89251560
0.86022747,0.08616666
0.89695996,0.94889951
0.74793762,0.85838568
0.72595674,0.78195721
0.54935116,0.50961137
0.88726085,0.91318637
0.46953979,0.58032495
0.69093156,0.72058821
0.89017802,0.87648863
0.65859723,0.89723504
0.87873185,0.97198546
0.47501138,0.53174502
0.71085709,0.74054253
0.83690184,0.89807105
0.88270223,0.87314165
0.70542455,0.49803987
0.82975239,0.91567296
0.76231986,0.70998877
0.84707052,0.79656887
0.72870189,0.76658165
0.93265152,0.92745882
0.89175063,0.94270670
0.93325311,0.88472223
0.48098513,0.91358906
0.93124628,0.94486678
0.90819860,0.89864576
0.87802136,0.91669101
0.84336412,0.86409551
0.90795815,0.93267393
0.63908267,0.75018275
0.78985250,0.74797732
0.92030483,0.87692684
0.54280508,0.45611110
0.83045733,0.88962030
0.80487800,0.73376626
0.84993106,0.87730265
0.74511945,0.65064371
0.33912545,0.24327958
0.88042313,0.90283960
0.89230096,0.89793319
0.94576806,0.90713865
0.90034539,0.86267680
0.80817372,0.83767259
0.70868462,0.75043857
0.36767286,0.29342574
0.51906520,0.37517300
0.48572356,0.27144331
0.41118780,0.53353494
0.90632647,0.93888563
0.60320759,0.53177083
0.54192775,0.55553466
0.81104898,0.83362466
0.89126343,0.80975300
0.71944398,0.73159635
0.48683563,0.41099244
0.88130546,0.85301232
0.39529139,0.22399463
0.83791387,0.84236497
0.92881876,0.83059180
0.75782073,0.70978802
0.68899274,0.90175575
0.82768041,0.88496017
0.88990021,0.88146681
0.90759057,0.92958516
0.85807943,0.92494768
0.89792353,0.89472997
0.80024546,0.79526842
0.59027886,0.55668980
0.58326054,0.60080689
0.85824919,0.89541948
0.88561463,0.90695620
0.59898752,0.64195281
0.93363678,0.89309132
0.87947595,0.92199475
0.41780460,0.46343273
0.60198027,0.48762295
0.47528720,0.37766227
0.81577992,0.84082973
0.68527561,0.82466567
0.66367280,0.78476727
0.66273683,0.57847667
0.75325930,0.86685240
0.35374284,0.48266807
0.91594440,0.92900878
0.92754924,0.94202763
0.61868322,0.53758651
0.90683585,0.95274055
0.83964199,0.81160688
0.57491207,0.54689425
0.59709156,0.43769249
0.90849632,0.95743710
0.23670892,0.26628786
0.93769288,0.71685928
0.89448500,0.92110193
0.93978351,0.89462847
0.86300856,0.94512832
0.45399129,0.53698891
0.80435407,0.89818394
0.73258626,0.66532636
0.85367715,0.80210078
0.23450126,0.13075037
0.93384469,0.95270759
0.90363663,0.86370462
0.40365157,0.49028674
0.90537333,0.86971426
0.45211321,0.28106725
0.67377418,0.62579632
0.53459185,0.70767403
0.53794152,0.49142787
0.87627363,0.87161088
0.79431987,0.81364524
0.92227483,0.82076824
0.86129159,0.76398718
0.82169074,0.70944595
0.66864461,0.81606609
0.65013552,0.77454114
0.51887262,0.51892120
0.39469659,0.33438757
0.88340145,0.87753981
0.95177752,0.93807071
0.71993536,0.81902450
0.85604769,0.83854169
0.80604750,0.73578578
0.16294254,0.24476069
0.52449030,0.53281617
0.84266478,0.92047477
0.85708928,0.82710451
0.82645935,0.90542126
0.26765612,0.51606286
0.77887321,0.73391616
0.92816311,0.93402922
0.30951706,0.65666670
0.91302341,0.89485359
0.61132085,0.31634554
0.86090142,0.93243587
0.60094476,0.64970696
0.89722818,0.90725738
0.71293759,0.71543360
0.36549419,0.75549358
0.95705706,0.93879426
0.79037476,0.80238050
0.74086714,0.59600776
0.65681475,0.65135133
0.81143439,0.74812269
0.92153269,0.94710082
0.84266686,0.95040262
0.49220404,0.41656491
0.79496384,0.83460188
0.57263625,0.65000886
0.48744541,0.59144676
0.46252069,0.40970385
0.93247736,0.91748369
0.90316916,0.89698690
0.25224468,0.38408521
0.90583390,0.82805753
0.82018501,0.79830301
0.93631345,0.90281177
0.81145221,0.87611806
0.93230426,0.87324220
0.88988543,0.88167590
0.91673547,0.97204489
0.95467097,0.93010205
0.92130637,0.95964092
0.88961482,0.73860455
0.45654923,0.49867678
0.40755424,0.50132352
0.68700641,0.69505018
0.78517860,0.84510601
0.90246361,0.95837182
0.91988492,0.92829204
0.84270787,0.83752120
0.93610895,0.98404253
0.88530189,0.90488315
0.90115601,0.95265329
0.93023038,0.89866310
0.38435832,0.48596954
0.40806615,0.47469667
0.66178870,0.64932239
0.79711169,0.91496086
0.84910971,0.90919358
0.89506936,0.93144357
0.90157109,0.94767022
0.64043409,0.59418839
0.87541568,0.81429839
0.88318920,0.87630820
0.81073338,0.86969548
0.87842476,0.90734369
0.27153733,0.23983876
0.93693554,0.95225853
0.79531795,0.74336976
0.35120720,0.20974027
0.84571731,0.85911715
0.90489066,0.92190522
0.71531540,0.63594991
0.92630565,0.87459141
0.94889474,0.91888404
0.89916706,0.87656248
0.71271914,0.72008377
0.92410529,0.91064250
0.89501828,0.91873574
0.79844284,0.88412184
0.91286880,0.96045852
0.58425921,0.59251827
0.94535524,0.98125660
0.70747870,0.71476805
0.94405317,0.91274738
0.92837179,0.93771875
0.81934971,0.90582424
0.84809339,0.86909419
0.42029536,0.66639233
0.39167315,0.56607145
0.89248323,0.86414915
0.53540999,0.73283887
0.80061817,0.72567838
0.85105175,0.80612981
0.83589935,0.76363367
0.89440316,0.92203224
0.53073663,0.30417153
0.16983829,0.24640717
0.88252217,0.94013160
0.51339978,0.61984944
0.75769871,0.85978144
0.86975801,0.75075912
0.84899515,0.77610731
0.88341504,0.94225049
0.35633650,0.43986452
0.47374952,0.64820087
0.66717815,0.65961528
0.85456973,0.82529610
0.07761526,0.13065517
0.31038800,0.27115142
0.87899292,0.85416496
0.92029637,0.90534735
0.92876804,0.94278848
0.82048762,0.72029686
0.83293462,0.92424244
0.80534405,0.91895717
0.71133095,0.66417360
0.23564307,0.32791984
0.90619254,0.90549296
0.86275595,0.95789301
0.90472347,0.89080381
0.68482125,0.77852327
0.93803006,0.99382716
0.81077182,0.88186079
0.62477416,0.88710868
0.94353175,0.92620957
0.64946830,0.68692023
0.89892083,0.89170754
0.83551204,0.75865537
0.84312886,0.88659948
0.88492644,0.90233785
0.71312213,0.59161586
0.83055145,0.84202844
0.37797746,0.40008104
0.32745975,0.19608384
0.14514081,0.38803819
0.77580434,0.83664083
0.95349371,0.93995357
0.17059022,0.17202541
0.92261213,0.94480026
0.80797935,0.91060805
0.94431490,0.95128202
0.81986821,0.72880971
0.65483838,0.64410317
0.44820786,0.59747022
0.90513527,0.89400923
0.93455619,0.96926028
0.25911051,0.28936982
0.88129616,0.90047210
0.89980745,0.88663781
0.80990756,0.65250051
0.39115348,0.68346667
0.69301289,0.69276422
0.89072204,0.90303099
0.80551213,0.76921195
0.49348435,0.57899725
0.95384294,0.97542685
0.92174029,0.94569963
0.92756158,0.87832510
0.80990779,0.77567565
0.89682090,0.85220218
0.92617953,0.93093783
0.32069284,0.53888887
0.62813526,0.67654282
0.23147716,0.30169028
0.72160989,0.73221946
0.88097781,0.88268322
0.62389058,0.53039193
0.90552765,0.82138282
0.93202269,0.95707542
0.79790998,0.80100870
0.45505857,0.16196567
0.36245698,0.46990740
0.71840394,0.93861771
0.23394127,0.36217457
0.90937877,0.80709219
0.83338165,0.86199093
0.86850208,0.90178287
0.78311974,0.80542874
0.78612864,0.80751878
0.94416398,0.80104631
0.88216496,0.88718373
0.64163989,0.69739503
0.91758168,0.97984850
0.48198789,0.36426768
0.88025230,0.88705528
0.56681341,0.36864805
0.75568944,0.66977620
0.82621485,0.88403136
0.76094836,0.76571822
0.30197215,0.37886363
0.65187013,0.65493828
0.42172769,0.43489569
0.78410941,0.73532635
0.83789480,0.81124872
0.86433929,0.99519229
0.89031780,0.84344262
0.82777524,0.78308499
0.88901472,0.86333960
0.88676143,0.90753543
0.79226142,0.72476077
0.85364723,0.92074680
0.61721933,0.35370290
0.95498836,0.95396715
0.85649484,0.87761462
0.81927466,0.81144160
0.95509338,0.95044720
0.88619620,0.93787879
0.90764546,0.85638297
0.82326376,0.85987854
0.90817314,0.82632869
0.88442206,0.89242089
0.83160853,0.82250887
0.83014053,0.81279546
0.87919289,0.94034493
0.77925056,0.77992052
0.78639871,0.76553100
0.79001361,0.68906206
0.78392518,0.82355517
0.49235392,0.35938177
0.86424887,0.87345409
0.80779260,0.88898343
0.86458659,0.89636159
0.93766248,0.92429376
0.81203902,0.67505187
0.43183887,0.44651172
0.86009747,0.88253027
0.96327120,0.97088867
0.85797387,0.86081493
0.90564573,0.93382460
0.67243761,0.54484087
0.60449672,0.75259417
0.83728236,0.80454546
0.88280380,0.84909785
0.92014372,0.95265228
0.88426673,0.92188805
0.48340443,0.46306127
0.94908422,0.91840661
0.73714304,0.68427199
0.95137560,0.94943053
0.85374874,0.92813319
0.36851245,0.37271520
0.82535446,0.75953388
0.93770546,0.89450550
0.76180845,0.85920537
0.69662642,0.73107523
0.85864431,0.83104122
0.92274028,0.91353768
0.91387945,0.97617865
0.90072775,0.89562041
0.16713038,0.41411451
0.90409601,0.91535169
0.85889775,0.87848437
0.69531840,0.77436620
0.81405365,0.89726198
0.90679401,0.91848284
0.36498457,0.40602154
0.91123539,0.95445096
0.87794322,0.78282315
0.67524719,0.79333568
0.72116905,0.73695797
0.64970267,0.74194068
0.86068952,0.88089836
0.43334734,0.70376295
0.84826022,0.79222780
0.51145703,0.53284085
0.72483182,0.69232672
0.86404270,0.87362635
0.91797578,0.93315899
0.87498379,0.89847904
0.94976991,0.95048326
0.84088767,0.82544190
0.53824025,0.45111784
0.81212395,0.76526254
0.68721533,0.66666669
0.93684357,0.97847730
0.87507701,0.94832075
0.82163835,0.86359763
0.87339872,0.93086141
0.86200839,0.87737757
0.78975600,0.73550689
0.79076988,0.51974297
0.90321350,0.90886420
0.88439327,0.38720176
0.92577159,0.91401410
0.55230045,0.48355031
0.69254649,0.62408209
0.36820021,0.48662463
0.91393340,0.86647338
0.89325845,0.95473486
0.71536541,0.71931773
0.92789823,0.95317155
0.59417677,0.61325783
0.53227103,0.48577949
0.69925439,0.71954024
0.93627959,0.93052202
0.62333691,0.66256094
0.91358072,0.88869721
0.86740845,0.87507844
0.89402765,0.81792372
0.75084621,0.86819649
0.77933538,0.86218625
0.89436597,0.88602632
0.93823445,0.91711634
0.71722114,0.63773948
0.93987656,0.89752495
0.94309074,0.93743151
0.57914275,0.49827948
0.83252132,0.88587773
0.81081414,0.77601486
0.82567185,0.85811526
0.69934839,0.85945159
0.81273127,0.70968443
0.53744698,0.61327791
0.90481532,0.92292207
0.85334563,0.82941765
0.78246737,0.66451561
0.84342712,0.92823392
0.86269164,0.71632773
0.88863438,0.94417560
0.82494652,0.68505210
0.92543668,0.91002417
0.90735132,0.91359538
0.73885030,0.85673094
0.66646427,0.70807981
0.80153096,0.76070392
0.16457334,0.13729459
0.76929218,0.68835652
0.57157105,0.72137666
0.79380959,0.82629925
0.91055328,0.86523712
0.51852208,0.59538245
0.10427123,0.15473181
0.85529375,0.73120302
0.64850992,0.72034764
0.80006349,0.81581563
0.55372548,0.49250498
0.93807709,0.92217743
0.77080429,0.81998229
0.86263430,0.74506533
0.69336969,0.66413325
0.35276785,0.50783974
0.93427306,0.94408256
0.41491118,0.37030447
0.65463305,0.87927926
0.40405455,0.53091592
0.90016967,0.95057774
0.86462319,0.80528605
0.36859730,0.37589082
0.81031072,0.83684266
0.90960467,0.97540987
0.53526276,0.62377995
0.60983735,0.48037428
0.43254447,0.46269619
0.89966685,0.93457288
0.89196217,0.80866539
0.83681339,0.89903843
0.75742859,0.84958625
0.70030880,0.61506706
0.87217897,0.76880431
0.89510977,0.90974027
0.77694649,0.79691225
0.57249075,0.87143034
0.74426329,0.76363635
0.46064779,0.40563783
0.86199015,0.74708658
0.89663261,0.97692186
0.23265219,0.42828083
0.89926362,0.92113245
0.85536534,0.83368820
0.90302777,0.85752261
0.86401546,0.89205337
0.60968602,0.55848861
0.91869253,0.92058164
0.94269574,0.86682916
0.81258744,0.86542338
0.57095736,0.34309050
0.12856884,0.10223510
0.86298370,0.85050559
0.81060374,0.79062480
0.92023134,0.92328155
0.92407042,0.97340423
0.33147982,0.40775433
0.81029731,0.75948274
0.82485062,0.78137255
0.86452430,0.88627803
0.82966775,0.81695038
0.78699458,0.75612265
0.20082065,0.15788215
0.71816599,0.92603093
0.79476321,0.62210047
0.38753399,0.33476782
0.84136039,0.83544338
0.85888565,0.88758588
0.86103106,0.78805077
0.39058846,0.49801278
0.50437737,0.60709095
0.77239329,0.84692925
0.82517916,0.72917205
0.80942953,0.90947235
0.87792981,0.91117525
0.94658899,0.93593907
0.47126240,0.60444576
0.62311786,0.73260748
0.82270873,0.66800827
0.90311587,0.90116984
0.55829644,0.66688097
0.90858871,0.94407284
0.82233256,0.83050269
0.95139050,0.96413970
0.32124987,0.30929348
0.88375801,0.93405366
0.77019328,0.84988165
0.87154168,0.85200143
0.13326508,0.11235981
0.78788757,0.70359343
0.86297959,0.69242609
0.86957377,0.85500002
0.71385020,0.71504486
0.66094708,0.56811988
0.77909881,0.84428191
0.56499898,0.45439693
0.77056640,0.62743056
0.22457744,0.29696268
0.84382206,0.85932982
0.85621387,0.85385585
0.54444116,0.52152991
0.35123467,0.50629544
0.92590791,0.92316020
0.91087258,0.88298571
0.86432242,0.92222607
0.87910831,0.85558599
0.75812560,0.43593705
0.92504084,0.99253732
0.23135312,0.19189817
0.51942086,0.55577368
0.92485571,0.92915082
0.15354525,0.17149614
0.92796862,0.90909094
0.33485079,0.48133001
0.23141722,0.26531985
0.24434693,0.34279943
0.76649809,0.94318181
0.15266857,0.16805555
0.93247575,0.92390758
0.93769825,0.90907645
0.88347065,0.90473849
0.81547844,0.60401648
0.94445324,0.94725490
0.42481565,0.51886147
0.88155854,0.90454543
0.87574583,0.89266211
0.71922219,0.63306081
0.76125443,0.80605441
0.52514136,0.49109986
0.94280058,0.93343937
0.85659653,0.82869685
0.83093685,0.76971161
0.71047521,0.75072098
0.55743396,0.59973037
0.87957633,0.93272662
0.13694969,0.16096221
0.82962203,0.83236551
0.17952052,0.14895315
0.81127495,0.74707866
0.50883263,0.32226485
0.48447707,0.56694961
0.91580731,0.89686990
0.93860775,0.94380414
0.65587080,0.72198862
0.35614675,0.33630988
0.68972164,0.79918033
0.75305140,0.80353743
0.85681635,0.77578127
0.90489304,0.85983205
0.59383416,0.79289818
0.92186195,0.17597333
0.23420635,0.27355328
0.79438084,0.70210099
0.86443806,0.90981239
0.84349847,0.80974191
0.88946307,0.94101930
0.83230942,0.74400544
0.62009495,0.47822964
0.88788217,0.88957387
0.90444344,0.91254580
0.68524027,0.81035084
0.91135597,0.91257709
0.33333728,0.41389197
0.80777931,0.85481483
0.74594820,0.49117348
0.90941781,0.91156292
0.37904966,0.41237518
0.87024552,0.73316973
0.88505447,0.90417427
0.82911801,0.84203482
0.86901367,0.87100881
0.65491641,0.64989978
0.76990354,0.66030031
0.79796374,0.84235799
0.50626844,0.53175914
0.38997906,0.42613587
0.78197736,0.74045897
0.89394134,0.92179739
0.87902659,0.83363283
0.80385745,0.74972790
0.90086067,0.93267393
0.94294631,0.90011698
0.74730009,0.80131948
0.46016172,0.68642855
0.78025228,0.81843573
0.74210328,0.70556027
0.64465046,0.86710781
0.74531859,0.88317168
0.95169443,0.53268218
0.61151457,0.71708071
0.38952506,0.49782473
0.76466823,0.63613039
0.90583104,0.95715326
0.91729736,0.94849253
0.35657227,0.43774909
0.91935712,0.80915117
0.88724935,0.92648935
0.91286963,0.90317327
0.91257012,0.88832200
0.95397711,0.94523060
0.90833938,0.90917122
0.38664129,0.51725292
0.87823606,0.93333334
0.94333339,0.95148885
0.34381557,0.49638805
0.70841724,0.88987964
0.53060144,0.52429187
0.82674181,0.76684982
0.92444122,0.92035741
0.75926226,0.60529757
0.64181244,0.59092259
0.67829263,0.57391024
0.79160452,0.77398944
0.80603868,0.80154157
0.90668303,0.90063465
0.91754377,0.94029009
0.84163189,0.82723516
0.31394172,0.32289064
0.60290068,0.58769631
0.56797314,0.56708324
0.87682122,0.88732040
0.89616376,0.83375001
0.84100360,0.83192021
0.90477639,0.87247783
0.67404503,0.75191194
0.64160126,0.54102367
0.72083145,0.58003098
0.34504858,0.43387705
0.92072117,0.89318383
0.91750902,0.97521418
0.89999890,0.92824352
0.89746940,0.85440701
0.44756180,0.24134728
0.63349396,0.46230251
0.85445637,0.95507568
0.90394515,0.90797651
0.78415245,0.87545484
0.59264582,0.55882353
0.21250688,0.41450471
0.93436849,0.94064313
0.83358747,0.79514021
0.82374638,0.62104017
0.70018977,0.74635702
0.71382457,0.74321967
0.75855619,0.64693373
0.53764659,0.64818114
0.70941913,0.81084216
0.86045486,0.94846493
0.86022359,0.85275441
0.23621279,0.16919251
0.68520409,0.73777807
0.82954675,0.60520834
0.86811930,0.72881877
0.32941017,0.13987172
0.81163406,0.74972749
0.43881169,0.57779288
0.88402343,0.91396326
0.46288395,0.49417111
0.93435508,0.90073121
0.58411908,0.68355483
0.25988588,0.45858580
0.55807251,0.59835202
0.40255156,0.60581255
0.49313122,0.27689710
0.73451102,0.88675213
0.85972673,0.89387077
0.90890139,0.86072850
0.87174696,0.90895396
0.18767999,0.12685186
0.89622408,0.94719952
0.88895369,0.80947930
0.76484787,0.87093079
0.69133598,0.53754151
0.66843331,0.48074982
0.82685405,0.70175231
0.71006155,0.80138272
0.33359760,0.18914123
0.82173848,0.89991969
0.83041263,0.90664697
0.93907869,0.92192310
0.78987652,0.70954633
0.49350768,0.64516598
0.86491162,0.93934959
0.67071736,0.68070573
0.84942597,0.78901410
0.22913624,0.25915682
0.94014084,0.93755049
0.72637808,0.78349674
0.46323875,0.30113637
0.76555020,0.79827219
0.62835580,0.70221823
0.88788587,0.96412265
0.21980564,0.30938494
0.24941145,0.24587674
0.87279361,0.91239721
0.56150496,0.43103448
0.76472890,0.65319914
0.90010339,0.91233766
0.55395365,0.55924815
0.75442046,0.89297050
0.92068899,0.92712766
0.76666522,0.65528846
0.90995604,0.91641706
0.80403328,0.91049892
0.73710012,0.72620887
0.88601148,0.92000842
0.89528191,0.90261990
0.88156790,0.94229674
0.76031148,0.74520206
0.63673216,0.70211607
0.92007077,0.98922598
0.75800681,0.69567865
0.75836903,0.91332501
0.93193036,0.97619045
0.91074353,0.91140813
0.93476444,0.97933853
0.88919115,0.92179483
0.88020766,0.83434474
0.41523677,0.43875387
0.15810320,0.12598751
0.90117574,0.80515140
0.91627085,0.78235292
0.88376343,0.89587718
0.91910249,0.92665416
0.74861598,0.64506000
0.64764911,0.73887980
0.89996040,0.92082554
0.81598568,0.89070284
0.85183984,0.66290534
0.92392355,0.94156039
0.56898421,0.53559911
0.77890491,0.70679015
0.88769221,0.87731093
0.88666421,0.91074419
0.49362308,0.52660644
0.78749430,0.69846857
0.97286248,0.92421627
0.87347656,0.86835557
0.66638088,0.50482512
0.87850159,0.82318991
0.42114261,0.30889091
0.70770645,0.55752653
0.30145013,0.31595987
0.53835070,0.83333331
0.34968469,0.33849600
0.67423064,0.79298246
0.85010409,0.71165258
0.44877011,0.31763548
0.51704937,0.39099726
0.77588671,0.73548859
0.24123885,0.34459993
0.82395774,0.88075078
0.74912560,0.85386860
0.79355311,0.84730196
0.90097034,0.84439600
0.83220935,0.89345825
0.68225694,0.78287286
0.86430937,0.90166646
0.37404409,0.49553746
0.90144247,0.90880620
0.86408544,0.84768492
0.82734442,0.83387977
0.90159822,0.75215387
0.84219199,0.76766616
0.63790900,0.53104299
0.80525774,0.81340581
0.77585155,0.75326777
0.69553715,0.51244235
0.21257354,0.34693033
0.87169111,0.79598188
0.92956519,0.90986842
0.50301343,0.45630932
0.91243517,0.89654469
0.73652649,0.68593282
0.55338448,0.60692453
0.83477217,0.84840775
0.44657421,0.35541871
0.63138843,0.63192332
0.69283432,0.77879041
0.39141816,0.39656276
0.93286330,0.94523376
0.60277563,0.63374132
0.87866026,0.98275864
0.89543414,0.85287970
0.25832736,0.18073878
0.67782801,0.67013109
0.89559817,0.95277780
0.86338884,0.70886618
0.89109594,0.94090909
0.25488466,0.37231132
0.75719845,0.79828602
0.84460562,0.78862488
0.09149762,0.14017177
0.85700548,0.86554027
0.95850462,0.95667285
0.84803945,0.84633219
0.89483964,0.96923077
0.87367976,0.89775115
0.67754030,0.64714241
0.86332029,0.83513546
0.54621023,0.72588235
0.76323366,0.84754902
0.57793993,0.71759260
0.68538570,0.70015180
0.87287927,0.75465667
0.32112283,0.41527238
0.84113592,0.85904509
0.86178446,0.74544257
0.84352255,0.70368671
0.89308625,0.96376812
0.91038603,0.99275362
0.87239623,0.82435900
0.47531849,0.59803253
0.89529407,0.82986039
0.60475689,0.63351828
0.84231228,0.81027752
0.89055127,0.95262128
0.59502769,0.80894148
0.90043479,0.85415053
0.66952860,0.22454269
0.73637646,0.83595204
0.82136589,0.70385230
0.81937170,0.85160822
0.12908676,0.13069455
0.93090034,0.95625663
0.46369675,0.44530153
0.69474995,0.84039712
0.27286875,0.43346915
0.83056897,0.89800197
0.90971464,0.90875059
0.80061561,0.82030994
0.77574611,0.79763937
0.33375615,0.24452288
0.82906687,0.83806610
0.66892654,0.65213674
0.66804814,0.57287008
0.85961103,0.92304611
0.83409363,0.94978607
0.46375242,0.64651471
0.87718952,0.86218202
0.90056914,0.91463667
0.75162137,0.84729153
0.79266709,0.75903976
0.47383189,0.45269471
0.89114141,0.92181176
0.96883529,0.95691174
0.81249446,0.79957718
0.73007786,0.87323833
0.88836682,0.62049538
0.79109424,0.83840066
0.93548989,0.94470590
0.89929032,0.63815278
0.87402374,0.81925821
0.69890207,0.76926482
0.91631860,0.93142217
0.68893814,0.64008701
0.80720550,0.83216071
0.89672703,0.93350875
0.74817312,0.83468765
0.92852616,0.91225690
0.85404849,0.79963523
0.91390932,0.94897085
0.60755122,0.75115359
0.72282481,0.66969699
0.93580389,0.94510549
0.47153771,0.46856546
0.51245558,0.56722486
0.80912971,0.79981911
0.82666403,0.91211033
0.86572689,0.90170288
0.92301810,0.96798378
0.77913880,0.67013174
0.87377149,0.88219142
0.89129859,0.91038436
0.83496970,0.79298246
0.92472404,0.86638868
0.10781427,0.12465912
0.77416378,0.90974259
0.31084609,0.39943701
0.49906024,0.46200973
0.72003657,0.82783753
0.81243849,0.82958025
0.95546561,0.94356018
0.49088052,0.33618388
0.77598745,0.73583418
0.48862475,0.55495280
0.60088325,0.50611144
0.72455674,0.84291822
0.92451042,0.88362384
0.43119106,0.53967869
0.21386091,0.29709384
0.68803102,0.68652040
0.87028992,0.87947094
0.74523604,0.68962061
0.77214253,0.60175437
0.71603847,0.59613425
0.64138502,0.54225522
0.75481129,0.88332212
0.89891016,0.87752408
0.92142785,0.89441079
0.07906829,0.06378902
0.77252918,0.90164453
0.27307567,0.46296296
0.70480990,0.67128801
0.62362367,0.57127637
0.76910305,0.79508626
0.88491887,0.93096691
0.92074686,0.91537356
0.86337870,0.95516568
0.77108890,0.74644977
0.92940462,0.96847826
0.51599926,0.55499166
0.74573857,0.75261503
0.60115355,0.42450452
0.91704243,0.89535546
0.95303571,0.90532106
0.86399883,0.81703997
0.73434281,0.85103798
0.87511545,0.90310782
0.94532609,0.97872341
0.86998010,0.96459067
0.87172264,0.76291794
0.79997236,0.74279559
0.92037761,0.89090663
0.46098787,0.53643906
0.83133513,0.84706134
0.58105361,0.53568822
0.92259818,0.89027262
0.91090858,0.87522280
0.72102517,0.68735337
0.94523180,0.90734500
0.57768571,0.59587657
0.69392401,0.49330035
0.72112465,0.60518789
0.92983079,0.87993860
0.84786451,0.88662660
0.69855297,0.59807694
0.88425416,0.85897189
0.81789953,0.78093833
0.17478991,0.22644928
0.87012255,0.84770489
0.53242630,0.81561995
0.49516469,0.42962953
0.84834272,0.94712073
0.88156801,0.77471656
0.76566750,0.76811635
0.34353799,0.48900464
0.89225817,0.75165170
0.78989387,0.88255924
0.83369744,0.90447593
0.75313193,0.82797444
0.28655478,0.30609041
0.58381242,0.59229332
0.76553941,0.74305391
0.80956459,0.82886869
0.94794995,0.94409192
0.77965474,0.78591627
0.71807545,0.71623808
0.43635067,0.47535211
0.91947776,0.94798648
0.44526833,0.36237374
0.75072026,0.83224422
0.87625551,0.83307701
0.57700354,0.65434241
0.40944123,0.55239666
0.92959577,0.93473929
0.91378921,0.93723059
0.93416154,0.93569988
0.91003954,0.87917340
0.87359065,0.88735884
0.90929919,0.88899755
0.48713762,0.74898958
0.58753270,0.68114477
0.70264065,0.58571428
0.51930493,0.48970768
0.91828549,0.86167032
0.37205154,0.29080674
0.87310439,0.93277830
0.80072391,0.81553400
0.85005355,0.77173913
0.77351832,0.73167789
0.81151390,0.81875646
0.96400648,0.94533569
0.56313193,0.52331150
0.80358100,0.82278323
0.87279242,0.89532495
0.94771218,0.93501192
0.83215678,0.94000000
0.89110458,0.93757176
0.34557143,0.28643617
0.38155854,0.38437003
0.83478487,0.86175376
0.43560350,0.66428620
0.29207361,0.42257217
0.62323248,0.65077490
0.89068955,0.91923076
0.74140459,0.67142022
0.50673258,0.48139769
0.90466952,0.85357428
0.45806688,0.56810105
0.90798563,0.87248802
0.84739852,0.95862800
0.78364670,0.82238585
0.73905838,0.62078261
0.90351802,0.80750889
0.81108534,0.83243144
0.94142503,0.85847986
0.95576400,0.91971737
0.59699541,0.69436836
0.89520711,0.75966048
0.48312390,0.41319931
0.89024901,0.88292122
0.84022415,0.74175900
0.78984916,0.85444778
0.56947303,0.65708536
0.89881760,0.91202533
0.72231275,0.79289150
0.20643300,0.11148074
0.57924747,0.49401122
0.80322987,0.76232862
0.90695333,0.92849016
0.20288943,0.19169508
0.19486679,0.14660482
0.76644856,0.88060230
0.68986923,0.71151268
0.44347307,0.26976076
0.89079040,0.87049526
0.79224348,0.64069766
0.55799377,0.70906752
0.26880428,0.20999916
0.85601848,0.90540540
0.50608826,0.58448458
0.51184934,0.59448087
0.86240274,0.73690474
0.52005315,0.68911612
0.85754865,0.86158252
0.71902233,0.79910553
0.92284173,0.88239187
0.81324995,0.90231508
0.53676015,0.49682686
0.50089473,0.33763418
0.83791184,0.95539623
0.71034616,0.42209944
0.81573147,0.84276849
0.84576833,0.83121246
0.26941055,0.33246276
0.82851791,0.87292683
0.87595630,0.81089091
0.86213899,0.82630205
0.91280276,0.78991252
0.85015845,0.86705172
0.69145465,0.61377645
0.25636855,0.34832197
0.93238646,0.91766828
0.57478189,0.32575008
0.50896889,0.60423815
0.84010398,0.88158941
0.84799773,0.90737563
0.81510931,0.83232540
0.74087346,0.83195084
0.81806082,0.73680902
0.90010196,0.98660505
0.30359277,0.62205803
0.53208810,0.69734889
0.86647582,0.88779718
0.80115181,0.91158903
0.83218718,0.74469572
0.93637741,0.94096643
0.74403054,0.72543061
0.74235719,0.79676998
0.94362837,0.95966935
0.82948619,0.87531143
0.45465183,0.58723468
0.52146226,0.42238268
0.84376597,0.81438857
0.54912794,0.61333448
0.71088463,0.45584652
0.71223193,0.72169811
0.90724957,0.82912940
0.90599281,0.90630299
0.79465503,0.85919821
0.91123414,0.89294875
0.31899759,0.35851455
0.65302575,0.50331545
0.86291969,0.76369637
0.76544696,0.51747334
0.93792552,0.96570659
0.29417169,0.37821880
0.92336160,0.94701755
0.35665736,0.36748573
0.71688801,0.48774403
0.91120958,0.91049600
0.89664549,0.88741851
0.89905071,0.98275864
0.96098763,0.98849702
0.95893347,0.90976351
0.28467572,0.24929525
0.58701628,0.50047541
0.91635823,0.89817476
0.92530555,0.85895091
0.90610033,0.82343489
0.09421495,0.09733385
0.57683361,0.56538570
0.69669157,0.69834185
0.83941650,0.88496679
0.47944218,0.64710796
0.94068551,0.93648565
0.73440140,0.71581823
0.82053953,0.78080195
0.30665973,0.42770770
0.90585864,0.91392887
0.93661219,0.90552974
0.90979248,0.91573662
0.57260746,0.68036401
0.87713015,0.89907104
0.69465005,0.44020849
0.71411175,0.65571481
0.87005305,0.94130152
0.81429940,0.80382884
0.76941609,0.71913344
0.14250466,0.16865297
0.56845123,0.14304200
0.17453782,0.21486166
0.36722863,0.31148237
0.86379582,0.91949451
0.93987763,0.96001065
0.90069395,0.95454544
0.85793144,0.66906595
0.84536195,0.85357368
0.61173081,0.67364585
0.83493084,0.79618436
0.79463363,0.84451681
0.42016304,0.44881848
0.92708701,0.85982561
0.82829493,0.79611725
0.25682154,0.24394307
0.75902587,0.81831789
0.36516270,0.41585678
0.86722928,0.87915879
0.43154752,0.40451533
0.79929870,0.72263235
0.87378746,0.94221395
0.72883791,0.75266081
0.89246899,0.91873604
0.75149095,0.74833596
0.88266975,0.85856056
0.68819982,0.81048852
0.88432652,0.89603448
0.25049397,0.26633644
0.88381535,0.81332099
0.67546970,0.70573384
0.94604123,0.97651005
0.85475498,0.91983503
0.95787680,0.91829187
0.39300674,0.35841557
0.93887198,0.91055554
0.63032478,0.74782741
0.94518971,0.94044352
0.95093226,0.96733141
0.90977651,0.92955494
0.81027770,0.83844447
0.79071867,0.58614844
0.86065853,0.88006818
0.93216729,0.92288601
0.33078957,0.26272455
0.88043714,0.83190924
0.63043106,0.72027773
0.82462806,0.93526757
0.80853701,0.68704498
0.20442373,0.15570776
0.69671249,0.65136182
0.86431718,0.92125106
0.85991073,0.79162019
0.84420234,0.85636902
0.83055091,0.88357931
0.80098432,0.88174993
0.76841187,0.79741377
0.62332177,0.64639425
0.51394111,0.53909063
0.61289740,0.62573582
0.80225855,0.87221742
0.77478558,0.79562014
0.75758457,0.78673470
0.74204993,0.82393950
0.38338903,0.43288681
0.34361076,0.25553018
0.83466786,0.87876654
0.86497355,0.76957691
0.86892384,0.74898672
0.74631202,0.41086957
0.43649834,0.34485158
0.50981808,0.53546131
0.84119797,0.96666664
0.93206280,0.95023924
0.76368070,0.87311041
0.91075110,0.91178250
0.82697582,0.83515948
0.62071276,0.58434588
0.94553173,0.89346659
0.96317500,0.98982012
0.90566832,0.87994564
0.89477724,0.76127243
0.86759931,0.85837102
0.93432498,0.91895425
0.18708973,0.24012481
0.75821888,0.84508663
0.88790327,0.87620687
0.50862342,0.54030800
0.84851217,0.76951873
0.94306082,0.97838503
0.85018045,0.80167454
0.70901358,0.57442808
0.65582156,0.77140731
0.86261415,0.81005025
0.75105762,0.85648358
0.90401965,0.86341697
0.90711719,0.77339107
0.90966225,0.87987375
0.17274907,0.11469042
0.87895632,0.88720489
0.94189954,0.93778312
0.71916497,0.69335526
0.91780967,0.93119937
0.84576768,0.89935899
0.92548007,0.88697916
0.83483911,0.75230956
0.76764303,0.73787737
0.92307395,0.95592654
0.70629847,0.60129112
0.93103451,0.97611338
0.93609399,0.90174145
0.89183897,0.89140624
0.51148015,0.66635603
0.66431034,0.80292118
0.81454039,0.74788964
0.94001162,0.85470283
0.37874162,0.35770595
0.73691821,0.59154373
0.83736616,0.82882243
0.90556985,0.90482342
0.83233857,0.59700030
0.90977412,0.89153439
0.91901940,0.97311831
0.56134766,0.53575748
0.19174375,0.15808170
0.85408747,0.71256495
0.81713659,0.87203765
0.63231766,0.49895087
0.72526139,0.56250000
0.56804216,0.52228165
0.75936967,0.83328664
0.87487322,0.80661660
0.93140936,0.93434107
0.61398631,0.64884073
0.75053203,0.75838923
0.01828792,0.04953431
0.88229501,0.85798162
0.81017113,0.80806857
0.92120248,0.93983078
0.53466368,0.50126493
0.88518518,0.88039112
0.90016252,0.94798410
0.78523159,0.87687516
0.63630718,0.58634460
0.88903576,0.91057914
0.52836621,0.48184818
0.51282728,0.33665380
0.87287188,0.85242832
0.91202033,0.90735292
0.36337909,0.40943256
0.35156116,0.44473892
0.87662613,0.81955886
0.85207659,0.83082032
0.91051763,0.91540599
0.34486106,0.37155995
0.24454330,0.13041443
0.74286008,0.67618191
0.88558233,0.93599880
0.92763007,0.85991228
0.95074290,0.94861281
0.80404437,0.77751720
0.85599351,0.61105484
0.86123347,0.89774948
0.76354384,0.34511524
0.91465348,0.87132150
0.91803229,0.94743907
0.59499377,0.61226863
0.78519833,0.80778700
0.95158756,0.93322879
0.94731712,0.97222221
0.28523165,0.42358845
0.92861086,0.92842150
0.86929321,0.87963533
0.92031121,0.93257427
0.80607396,0.84153783
0.91297400,0.93129760
0.71616447,0.68185139
0.86643708,0.94208270
0.74346381,0.69028759
0.89875108,0.85408163
0.41307938,0.73607951
0.91079575,0.88519126
0.58701551,0.50528187
0.82410431,0.84792101
0.87073594,0.75366879
0.53035825,0.50658047
0.76230896,0.64404887
0.88513213,0.89263630
0.43652898,0.49252614
0.75440753,0.65751696
0.75010741,0.58521760
0.80200696,0.70898658
0.95919836,0.94868690
0.75082749,0.79000568
0.81203783,0.87812442
0.90754497,0.90679687
0.86449349,0.93229169
0.37141663,0.40523237
0.89088225,0.86327744
0.84512198,0.69556737
0.78664410,0.80346686
0.66534489,0.67167324
0.90697587,0.82744044
0.67198962,0.75187397
0.46586740,0.57973754
0.88938779,0.96288943
0.85175788,0.96245849
0.93585289,0.97161305
0.89276630,0.92712247
0.86188549,0.83955443
0.58623666,0.59445947
0.73438746,0.79835540
0.78340030,0.85104710
0.90524173,0.85698450
0.64327222,0.75783801
0.49859101,0.68147451
0.64327073,0.68763447
0.87254989,0.86583000
0.87019962,0.83552742
0.92029685,0.92595226
0.78866571,0.80328435
0.69886029,0.76440734
0.65313447,0.48274773
0.74095917,0.85425282
0.25017625,0.35217968
0.86826438,0.95604396
0.61711752,0.57052928
0.85617214,0.65849674
0.95597869,0.97115386
0.64664382,0.51422232
0.90281814,0.94842172
0.91046315,0.86075163
0.91608334,0.97244149
0.91658479,0.88086736
0.02279711,0.04580267
0.69545734,0.71991873
0.83402652,0.90789473
0.92893511,0.83249384
0.90148139,0.88196427
0.90701324,0.86628664
0.83161569,0.91282797
0.91500378,0.91710097
0.81155908,0.81452864
0.82665431,0.67801344
0.84813011,0.47775811
0.88104081,0.80510753
0.58789557,0.67446810
0.90937096,0.84147245
0.92811203,0.93378329
0.89364392,0.84296876
0.83789426,0.73563290
0.38721889,0.43004099
0.06185955,0.11223690
0.62365782,0.57947791
0.93137008,0.94054466
0.95019078,0.93813747
0.94929224,0.86860120
0.69122237,0.62798101
0.94206899,0.95646960
0.55490351,0.47371379
0.84281570,0.94417387
0.91005957,0.96932012
0.62490052,0.56598759
0.81395817,0.80576950
0.29358593,0.33701411
0.85643727,0.69234240
0.90183699,0.84282053
0.28730783,0.26069599
0.30360729,0.73901176
0.85313398,0.93899584
0.73974621,0.60856491
0.22266391,0.14977884
0.86429083,0.89643747
0.86068839,0.84919506
0.88825947,0.78197366
0.82060832,0.84337187
0.60905063,0.62717295
0.64821744,0.77907377
0.88161582,0.85116220
0.60397971,0.62323946
0.66594571,0.65485609
0.95388991,0.97540987
0.90764838,0.86293226
0.80522883,0.81600612
0.42331111,0.47790524
0.91753876,0.95002931
0.94979960,0.94913703
0.47260115,0.58176565
0.89790767,0.90195483
0.68014842,0.50837183
0.65518361,0.54774100
0.47867304,0.57565135
0.68418837,0.80611110
0.40549409,0.39445871
0.90717900,0.96013117
0.14720283,0.19643602
0.94351321,0.96178591
0.50585467,0.24278516
0.93822432,0.96150458
0.85529882,0.83796620
0.87805718,0.92015117
0.86618471,0.94868141
0.66323411,0.59982920
0.80361742,0.76569235
0.90766323,0.88745636
0.91590291,0.95939767
0.23880190,0.34010842
0.76684618,0.80897957
0.75804287,0.89536291
0.34612855,0.32583460
0.82713956,0.71392745
0.95865399,0.95888788
0.88407797,0.88028204
0.90245062,0.88586742
0.84254599,0.68154299
0.90546459,0.94550353
0.88392556,0.94453758
0.81192791,0.73705500
0.91259938,0.90509939
0.35914177,0.17494252
0.81019568,0.87989235
0.59281290,0.68179667
0.69619131,0.79959714
0.70054328,0.59616596
0.90559894,0.84470910
0.93624485,0.99497414
0.21170694,0.26573077
0.94864953,0.96437126
0.84307212,0.87511498
0.73252547,0.63227510
0.78468710,0.80413121
0.91433322,0.87317926
0.75282007,0.71612072
0.87549686,0.87742949
0.67113078,0.84252799
0.92791861,0.88625824
0.77290595,0.70597845
0.86415619,0.82569063
0.22317690,0.28093535
0.42590407,0.45139080
0.85766834,0.85651290
0.20951837,0.25443321
0.88576955,0.87771767
0.89853686,0.92113006
0.89499575,0.78771532
0.52355349,0.56883347
0.78714824,0.68409812
0.41717026,0.51866502
0.87339503,0.89704436
0.84191340,0.64072943
0.92779303,0.97974503
0.83067876,0.83071285
0.87523502,0.84090102
0.51316935,0.29403645
0.83081764,0.77840394
0.72348106,0.76021636
0.73684460,0.78524214
0.86528629,0.89633226
0.92897993,0.94120151
0.84601331,0.87318563
0.77270824,0.82413101
0.91676694,0.95733041
0.90335023,0.90329397
0.20093085,0.11286988
0.42116669,0.44786826
0.66164780,0.70078200
0.66441381,0.70576924
0.73916149,0.77261633
0.73997551,0.51436228
0.71148437,0.64331055
0.66696954,0.77381706
0.88182563,0.94997269
0.85335094,0.57921028
0.87959504,0.96609181
0.78367943,0.83745748
0.86790794,0.87462234
0.88625205,0.86753249
0.80489814,0.90942913
0.90208048,0.92438066
0.85393947,0.81891280
0.91968220,0.91215152
0.82771790,0.70312828
0.85159338,0.81175274
0.92829961,0.87305474
0.90758061,0.89770633
0.61214858,0.50900257
0.27787745,0.54919863
0.88760751,0.99425286
0.90006584,0.90091950
0.89181691,0.80878663
0.86768806,0.83850265
0.74654549,0.74399853
0.93102759,0.92098033
0.41133997,0.62598270
0.88331765,0.76550871
0.93274152,0.87920874
0.24045554,0.25909430
0.76669312,0.76881856
0.94985300,0.92859668
0.80098855,0.71317309
0.63079554,0.77956986
0.83803916,0.86996698
0.64105868,0.45161444
0.89941537,0.98084825
0.87524635,0.84113801
0.87147486,0.84279549
0.78717816,0.70817608
0.46261561,0.44838309
0.76260662,0.85638946
0.81414515,0.99642855
0.86439681,0.95770979
0.86259055,0.87345171
0.77808571,0.73427027
0.88055074,0.84351897
0.91343510,0.92926937
0.93474072,0.92618775
0.49216554,0.45971575
0.92147207,0.90075141
0.81965369,0.82073301
0.89607197,0.90561372
0.92050087,0.84722221
0.84452569,0.92095351
0.89879555,0.88191885
0.11988055,0.07497706
0.31048870,0.14390244
0.86355865,0.84716874
0.93275124,0.88255036
0.84871882,0.85113996
0.90632737,0.94928300
0.77674854,0.73880899
0.66856998,0.62105978
0.84718984,0.81262982
0.59169036,0.55583185
0.89133132,0.88450295
0.40982762,0.43947282
0.90337086,0.93605608
0.68823022,0.74731505
0.50567377,0.60952902
0.66660678,0.71591765
0.91502154,0.90945148
0.63846076,0.61156446
0.66493642,0.66399556
0.80893761,0.82773900
0.68333972,0.99888641
0.81693119,0.80901307
0.78341937,0.83635467
0.65312886,0.62672049
0.64715981,0.62334055
0.89191324,0.80335766
0.48573223,0.57727122
0.70040208,0.69110304
0.80623907,0.87603253
0.48453394,0.62082064
0.62728870,0.60234964
0.32401168,0.31594202
0.31594720,0.45400271
0.68262511,0.73377436
0.68967533,0.54876393
0.58562195,0.67029285
0.82312107,0.89851618
0.85045832,0.70219976
0.81864500,0.79977137
0.82199568,0.75698471
0.83274096,0.80296588
0.92922968,0.98493630
0.64276481,0.73153740
0.90142697,0.91952467
0.82475114,0.74732560
0.19041923,0.27417654
0.82246917,0.90460300
0.52765983,0.61332309
0.82898724,0.90574151
0.92934316,0.93852460
0.37769458,0.41883275
0.54171109,0.45576829
0.44571799,0.40355298
0.88634467,0.90396249
0.86305755,0.87063295
0.24672380,0.24686849
0.93521112,0.90374649
0.88923293,0.80468750
0.79681510,0.92537314
0.80359095,0.82373244
0.92347592,0.90890688
0.43325111,0.41073257
0.91390604,0.92492646
0.87003171,0.89233661
0.86269498,0.75138891
0.90805793,0.78554803
0.75805694,0.68115872
0.59361571,0.59684193
0.83176833,0.34331059
0.94655627,0.95993030
0.88061440,0.75191104
0.79220992,0.92942840
0.04268893,0.05887888
0.83197081,0.86328375
0.91255015,0.92137265
0.93016535,0.94824338
0.87009323,0.92727274
0.39808890,0.44329169
0.15831883,0.16621801
0.81524360,0.81493509
0.75241560,0.77093369
0.52968973,0.36946368
0.88571382,0.94431466
0.86765033,0.86139697
0.70887077,0.71845347
0.49078897,0.42334017
0.83903521,0.88576943
0.90976357,0.98041666
0.87849039,0.89055043
0.40052456,0.45699394
0.41359985,0.43135002
0.62267113,0.56313431
0.60423660,0.65316665
0.81357163,0.88094515
0.80022615,0.81349206
0.68495733,0.69447440
0.53879595,0.53202736
0.26535898,0.19074610
0.52811801,0.62072283
0.74215847,0.62310362
0.12456762,0.17857143
0.92748791,0.93130344
0.23393422,0.26686859
0.34179029,0.41347429
0.39099804,0.34925410
0.95451576,0.92120683
0.71063435,0.71532255
0.88140196,0.91563803
0.31469673,0.36190981
0.66833186,0.68842268
0.45310298,0.75373417
0.92019784,0.91406190
0.65267587,0.61812866
0.89101046,0.88348532
0.94429916,0.96102065
0.79383874,0.76305968
0.85846609,0.93243456
0.76259673,0.88182276
0.75674289,0.68118411
0.73618734,0.86943781
0.91861975,0.93299937
0.69759685,0.82679921
0.78147912,0.90753287
0.67426115,0.56599897
0.83473581,0.58724594
0.93432719,0.93863815
0.91648889,0.78259116
0.87671506,0.85712564
0.93243968,0.94747758
0.94305986,0.93136072
0.28175625,0.38836405
0.67177415,0.83414632
0.83781707,0.81010693
0.87991220,0.73488325
0.74029207,0.91078430
0.87733650,0.95604217
0.54386210,0.61352813
0.34166938,0.28458738
0.61902195,0.64388865
0.17499520,0.31385612
0.79953253,0.58470148
0.93098843,0.90445155
0.67089415,0.73867559
0.87007284,0.86246496
0.27951926,0.37729108
0.85364187,0.66213691
0.79315698,0.78770852
0.42516047,0.38212597
0.20127957,0.21620715
0.55677706,0.44405919
0.90424269,0.88106066
0.82337213,0.77390367
0.78056312,0.82036614
0.84947330,0.80996716
0.88004440,0.85842067
0.92626351,0.90472430
0.86691523,0.40315506
0.78986484,0.60859418
0.82451409,0.73751736
0.79281205,0.73597103
0.86178082,0.80103737
0.87537408,0.83284163
0.26348430,0.27266225
0.71441364,0.60189211
0.51956236,0.84333014
0.96047896,0.97828609
0.86764950,0.78776121
0.79522151,0.74959815
0.66499031,0.84598929
0.84059292,0.80587584
0.81248999,0.72466218
0.81765151,0.88078433
0.86385202,0.93350166
0.54459584,0.39687431
0.60217935,0.53868902
0.43324658,0.39282146
0.40337560,0.46381423
0.83621693,0.91736388
0.85648268,0.81108958
0.70944989,0.69661492
0.62292403,0.62597948
0.92253822,0.80019981
0.60872447,0.47633147
0.81697273,0.84880120
0.86404675,0.83789790
0.54378140,0.67357653
0.78237796,0.72186613
0.49459091,0.51307732
0.79443353,0.77973855
0.30602506,0.34047765
0.47197831,0.55808079
0.44174626,0.41156632
0.48722923,0.51598209
0.88452792,0.89465147
0.81781065,0.84753376
0.68806738,0.70289034
0.93435216,0.94705653
0.88005698,0.92244416
0.94542921,0.94948977
0.71454608,0.63704205
0.89502990,0.88767505
0.33374065,0.44295454
0.88934726,0.91778165
0.95101869,0.96724421
0.87362969,0.71548676
0.59513986,0.70466030
0.93468082,0.96487606
0.71387070,0.69793046
0.77863342,0.83635980
0.96596056,0.95140678
0.71274364,0.73388773
0.32770094,0.30173033
0.93480438,0.91107738
0.83871639,0.84156317
0.71689671,0.68461519
0.80062091,0.82612556
0.91805279,0.90076631
0.58616704,0.57860386
0.92943305,0.89237136
0.85271990,0.80948132
0.82042438,0.63861454
0.33153322,0.38626665
0.50358331,0.52671957
0.85117304,0.87913013
0.93316579,0.95767272
0.87024075,0.86352932
0.39476150,0.33011273
0.86485499,0.94629246
0.93693304,0.93036580
0.92283094,0.91126776
0.91533214,0.97853369
0.58272600,0.64231008
0.78855395,0.78312474
0.93206155,0.96205503
0.91912514,0.91715837
0.75687778,0.68434751
0.88897961,0.88573885
0.89372504,0.89452815
0.35205457,0.26408178
0.45586199,0.52276689
0.90099096,0.91676831
0.70194268,0.59834677
0.81130195,0.62980771
0.85063851,0.84498233
0.94005501,0.97385532
0.57331103,0.71306640
0.80334079,0.85761565
0.30880669,0.26958776
0.92385548,0.88651258
0.93351334,0.97886825
0.89153802,0.88575268
0.77570528,0.81904554
0.83692050,0.85631067
0.90767902,0.78633600
0.43663722,0.53611565
0.61710924,0.52867132
0.77398407,0.58175290
0.86286873,0.74276859
0.17860386,0.16462965
0.92168415,0.93084574
0.86951113,0.92125493
0.80342788,0.86562502
0.56487572,0.52665967
0.83104950,0.76739419
0.84223998,0.86697251
0.88480574,0.90608108
0.18764582,0.21021059
0.84299910,0.71524066
0.84012723,0.82290912
0.63458437,0.77031821
0.79552352,0.79810995
0.70964676,0.51792771
0.51383793,0.67713457
0.63265800,0.73488283
0.88625073,0.88671398
0.92413306,0.86932921
0.42812830,0.45771959
0.59458053,0.53966188
0.85399181,0.88286805
0.86155581,0.80708271
0.79253358,0.92190522
0.86443353,0.70137870
0.79530972,0.84829384
0.82391524,0.83466822
0.82437211,0.71924812
0.86279613,0.93329918
0.61005324,0.76857030
0.48866498,0.55803180
0.91004086,0.88090771
0.91431940,0.84025007
0.94346440,0.91762823
0.89399546,0.86246240
0.62449932,0.51923591
0.58743960,0.53985041
0.34959695,0.41860464
0.86157429,0.74591571
0.70238137,0.71431565
0.83665329,0.85822320
0.78684205,0.86392111
0.87642747,0.84782684
0.43481115,0.31394839
0.52964884,0.64767081
0.50225532,0.60114735
0.78904134,0.80974412
0.36819303,0.37164414
0.40795103,0.46460047
0.84311801,0.84319019
0.26035818,0.16497388
0.92560703,0.94478381
0.64299458,0.60501510
0.79802585,0.81430602
0.89285058,0.85963488
0.62443763,0.52581948
0.83809823,0.90674686
0.74598253,0.59478402
0.82609761,0.84960896
0.79187489,0.80011517
0.22624536,0.29427531
0.88768387,0.88049716
0.92160672,0.94305301
0.79834616,0.88107681
0.81004614,0.66533875
0.94892907,0.92313504
0.64557284,0.73524374
0.88252246,0.86621511
0.94650501,0.93106729
0.73882836,0.47980279
0.82707685,0.83803141
0.91788805,0.86684155
0.86250293,0.88924634
0.75951028,0.68040210
0.48400208,0.81234568
0.30849665,0.34900808
0.88969392,0.93970716
0.88713157,0.92941880
0.78611177,0.80512625
0.85100746,0.91325521
0.88994145,0.74869227
0.37603724,0.21674128
0.84308612,0.95140427
0.82666355,0.76357943
0.75249517,0.73503256
0.92096895,0.93443501
0.41246414,0.43088040
0.48986173,0.61491698
0.19992557,0.20233637
0.77708501,0.93137479
0.82887429,0.88597447
0.83648837,0.82273108
0.94523245,0.95281094
0.92726105,0.95226735
0.82440746,0.78538090
0.91589427,0.94541657
0.91265666,0.90407228
0.55306911,0.57378972
0.87437850,0.81096095
0.87542349,0.94468367
0.77088338,0.91102755
0.76823062,0.65889424
0.43067342,0.55896705
0.16448101,0.25727087
0.51314694,0.55153459
0.52077556,0.56407166
0.59944612,0.62411201
0.52346748,0.44689736
0.82772344,0.89418244
0.69860750,0.74401551
0.91074646,0.91926515
0.53642970,0.48811969
0.68756765,0.60936344
0.88773179,0.96453899
0.88709384,0.94567049
0.47663012,0.58518744
0.75111014,0.85896105
0.88448429,0.92436975
0.73779523,0.76619637
0.54821748,0.37865728
0.65715796,0.53696579
0.83813632,0.68268484
0.59638900,0.54181010
0.85589135,0.86332214
0.47717941,0.63521641
0.85824585,0.87784016
0.90324801,0.94144881
0.65792078,0.56423545
0.89745402,0.88804388
0.86507052,0.90700543
0.92540359,0.95015210
0.56929511,0.62058789
0.71704054,0.79883087
0.84482765,0.92123985
0.27367970,0.29284340
0.54987073,0.65918279
0.94694477,0.95156682
0.79408449,0.83087158
0.50913072,0.55090457
0.92023337,0.89478815
0.73777974,0.71079355
0.24603775,0.29572579
0.75913364,0.90395570
0.75705481,0.70062238
0.45285186,0.42544800
0.13893427,0.13499986
0.54692864,0.59261674
0.76384640,0.83686870
0.91190010,0.71431649
0.85650033,0.80535322
0.41912803,0.44080490
0.64995110,0.68046820
0.91516346,0.88211900
0.88382524,0.92337251
0.83601809,0.90806741
0.49501082,0.42550504
0.81335336,0.81607956
0.84245759,0.75267017
0.49422625,0.54109889
0.48705870,0.64185476
0.74098498,0.78316742
0.85059327,0.83877629
0.72496092,0.80120999
0.87285155,0.89555258
0.90466326,0.88730419
0.72472727,0.89329320
0.89119649,0.86925638
0.91056615,0.90426528
0.29815352,0.32794622
0.64772767,0.72307694
0.77714795,0.78880227
0.53127569,0.69225228
0.61513972,0.49802372
0.89657712,0.94826311
0.77214032,0.65071899
0.78659075,0.69458610
0.88718939,0.91751724
0.67996430,0.60509634
0.79881668,0.72117525
0.59458983,0.51230520
0.90531892,0.83057493
0.87439901,0.62790275
0.73813254,0.72464728
0.72414607,0.60357124
0.85086566,0.57811230
0.62064433,0.76451755
0.62004554,0.65460360
0.90470368,0.91930300
0.79743689,0.41803375
0.87846547,0.91481394
0.51167053,0.57398993
0.29554728,0.30924433
0.76396489,0.72230905
0.51798165,0.49731249
0.83743364,0.73707688
0.91630405,0.87325001
0.82451344,0.81795913
0.82329494,0.80513459
0.88103032,0.90945530
0.52790153,0.66351891
0.86304629,0.83636242
0.78941077,0.81954020
0.93761826,0.93428570
0.71217448,0.72480237
0.95765501,0.95489550
0.90086520,0.97859430
0.69013858,0.76543307
0.90782577,0.88159877
0.70670009,0.66364735
0.74808943,0.66201407
0.84396774,0.81898528
0.93127865,0.90554053
0.89102882,0.90113240
0.29704514,0.20370160
0.45342779,0.31864753
0.25676048,0.22531345
0.44186047,0.56835264
0.86975473,0.89218456
0.92909127,0.91149521
0.42781946,0.43312377
0.64874727,0.41225928
0.86316121,0.85576922
0.88223147,0.72041112
0.84323663,0.84452683
0.84382945,0.82641959
0.82348484,0.87013572
0.55340225,0.40221089
0.91499364,0.93004912
0.89357758,0.94750637
0.49612132,0.42811745
0.95465142,0.95471442
0.91413170,0.91122085
0.55469340,0.51083529
0.46962047,0.27325070
0.71166313,0.48874459
0.59298569,0.53219175
0.89928830,0.91258496
0.41447484,0.51421547
0.28364170,0.16824375
0.90921414,0.95793831
0.90572828,0.87224317
0.42282629,0.35857671
0.85618800,0.88580358
0.64310515,0.65312827
0.40958324,0.45671040
0.80630755,0.84324133
0.93385327,0.91488916
0.49680641,0.43936557
0.93321019,0.96191794
0.39477471,0.36642864
0.93941039,0.90795249
0.89328700,0.92329091
0.86014247,0.82083333
0.95228684,0.94758064
0.36035427,0.37408519
0.87702161,0.87000698
0.86995733,0.88083166
0.90973407,0.88705063
0.78552020,0.59842324
0.71530896,0.60643572
0.86412692,0.83627653
0.34742028,0.39646974
0.95498216,0.90601200
0.64003724,0.48900181
0.86272258,0.87262613
0.68163830,0.70908070
0.84711164,0.75484210
0.74295050,0.77926588
0.72382307,0.75887817
0.38201877,0.24975027
0.34949401,0.61219209
0.92015111,0.95826328
0.94733191,0.96291733
0.58089060,0.49350649
0.86146790,0.75180954
0.67454928,0.55396414
0.93128878,0.92468077
0.80764300,0.89616227
0.91125667,0.87778515
0.85779172,0.94268423
0.42284495,0.69172472
0.91939330,0.92317021
0.70756954,0.62751853
0.79489297,0.68234134
0.52488494,0.72234392
0.40736648,0.52153915
0.56522471,0.48065290
0.91176248,0.90427721
0.93361247,0.92455280
0.86742753,0.86911076
0.64795417,0.60090137
0.76376677,0.78461540
0.86793220,0.94017917
0.87799782,0.89266616
0.87675834,0.92072195
0.91643298,0.86983883
0.64936060,0.66580093
0.89632195,0.77782387
0.88741404,0.91726822
0.89018786,0.89858943
0.63470244,0.89878005
0.52857774,0.56363636
0.84995675,0.79968596
0.63061917,0.68719727
0.89883119,0.85790408
0.88954908,0.90293932
0.85885864,0.95863920
0.36138782,0.36549816
0.88433766,0.90652174
0.78029704,0.81130463
0.85339159,0.69390404
0.91737527,0.86177069
0.76113075,0.66614151
0.12260152,0.10867411
0.83065593,0.83432090
0.30935264,0.27899492
0.92272812,0.93369395
0.71959889,0.76367360
0.47785932,0.52248341
0.66630542,0.70664138
0.34773955,0.47202370
0.72975677,0.72612965
0.94179398,0.89943314
0.39244196,0.55499828
0.90030676,0.89636755
0.85364079,0.75809509
0.72098809,0.63974792
0.80072027,0.78104293
0.87705404,0.88610148
0.94064677,0.93431371
0.80384362,0.83934772
0.66556454,0.71283698
0.91307706,0.89842480
0.65871215,0.54730159
0.76362109,0.43214285
0.66482186,0.35497200
0.56841052,0.52035463
0.25334427,0.16419658
0.26497546,0.40966952
0.78869402,0.61902410
0.44108132,0.72706509
0.91083109,0.90523183
0.84870785,0.81309521
0.71491033,0.62879652
0.76699001,0.82935148
0.63036287,0.72596747
0.88499075,0.78171802
0.71769089,0.76299530
0.89356720,0.91868389
0.21371627,0.25794923
0.90072018,0.94805503
0.71031731,0.54948288
0.92534453,0.96323186
0.73923302,0.70808846
0.84635717,0.74844444
0.89373094,0.82007611
0.83977264,0.84158826
0.90865040,0.90366298
0.80717266,0.79571223
0.84786469,0.80758429
0.80584872,0.79464287
0.27358449,0.39908019
0.80933011,0.73734641
0.32009110,0.07455605
0.31747210,0.17020099
0.91324240,0.93589354
0.51810825,0.63321871
0.81671572,0.80233514
0.61287922,0.67605603
0.93150842,0.91330028
0.78680986,0.71992844
0.94216555,0.91117382
0.33034903,0.47939801
0.83483142,0.85910517
0.49272496,0.56120360
0.67222130,0.99609375
0.81386638,0.82705593
0.27023035,0.31308284
0.88626891,0.71998125
0.70323718,0.61743915
0.81499964,0.79744208
0.74599332,0.80658859
0.78484339,0.86582166
0.88201082,0.94588816
0.57359052,0.67820317
0.87021095,0.86383486
0.75479901,0.55416667
0.76548642,0.64915603
0.73334581,0.77142859
0.66348976,0.55404264
0.58677930,0.72441417
0.82441813,0.84533483
0.63078201,0.71924734
0.85717505,0.87103897
0.84277534,0.86925709
0.92157561,0.89299560
0.88244653,0.85965991
0.93797672,0.96687371
0.86577392,0.87602341
0.78647059,0.78267020
0.85460448,0.90069497
0.92414916,0.88417375
0.71402705,0.69139767
0.81193304,0.81770831
0.65778035,0.67526495
0.52646601,0.52850091
0.84919178,0.81791282
0.69837201,0.61894262
0.86291713,0.91690284
0.52954203,0.49491447
0.75094986,0.82243747
0.69502026,0.62001604
0.69656843,0.76807755
0.55057585,0.42000598
0.54457366,0.63359320
0.87203610,0.92971718
0.73267990,0.57530427
0.86492586,0.80952382
0.85987079,0.92160279
0.91375327,0.84482759
0.84481156,0.84970713
0.48201284,0.28383347
0.91319722,0.88441843
0.61279595,0.69579417
0.17526631,0.22469424
0.89684230,0.82103914
0.84302026,0.75675434
0.78708649,0.65243727
0.86446452,0.88136077
0.78146058,0.85177046
0.83571494,0.89009333
0.92368257,0.81751615
0.25998646,0.26774266
0.61646253,0.70526057
0.80550283,0.83430231
0.48744440,0.62772018
0.88617063,0.85244316
0.62165254,0.57725251
0.30617467,0.29824492
0.57083213,0.61118960
0.90069824,0.93584907
0.90689534,0.93856561
0.56274503,0.36630476
0.62617636,0.58595842
0.33859214,0.38987574
0.84430599,0.87111205
0.78486538,0.83429378
0.92086977,0.41153699
0.93070489,0.95909977
0.88468546,0.92901236
0.70194101,0.61069566
0.91821790,0.89789295
0.70694005,0.74303269
0.89399946,0.85485041
0.95064676,0.88345087
0.25304800,0.27619258
0.87905550,0.95724529
0.92525297,0.83617675
0.36484340,0.49744982
0.94607133,0.94597828
0.85669732,0.87699610
0.90881836,0.94724703
0.86552227,0.90196633
0.89615273,0.92557651
0.74088472,0.73717207
0.52705014,0.69321382
0.92625201,0.94005603
0.90814400,0.88258708
0.88377458,0.90425348
0.93061942,0.88550907
0.40673596,0.45869714
0.90095669,0.88097888
0.19975315,0.25123823
0.93104887,0.92153847
0.89850920,0.94516450
0.76310366,0.57412654
0.92035431,0.87704951
0.92016351,0.96241832
0.83140260,0.82477778
0.34895045,0.29932868
0.82664430,0.69225293
0.54425794,0.97664815
0.87929922,0.90223086
0.57788086,0.60148513
0.68660057,0.79319382
0.89009786,0.78682846
0.69811946,0.89248890
0.50859928,0.35644263
0.76955938,0.80514705
0.88535440,0.84663057
0.64822084,0.65003949
0.88863003,0.64214063
0.66171944,0.59708977
0.40944844,0.20019954
0.89896518,0.88225627
0.26565525,0.15344574
0.91640878,0.92121214
0.85090554,0.67571312
0.88209057,0.76544768
0.89355510,0.97370946
0.88488275,0.84361732
0.75207925,0.82224995
0.56187546,0.37674493
0.87515152,0.90007275
0.86202729,0.89105046
0.93283528,0.96345901
0.86280864,0.87839490
0.82056016,0.71089637
0.92120624,0.89089328
0.62005210,0.75335133
0.88909370,0.89259034
0.07818919,0.06829837
0.88059002,0.94404960
0.91779482,0.96098900
0.54484481,0.62072366
0.69296491,0.48020723
0.74462414,0.81188536
0.87447709,0.89475161
0.90995723,0.88479143
0.89796388,0.85508496
0.92595094,0.92049551
0.60953975,0.63504386
0.89201242,0.84325689
0.94023770,0.86173087
0.76563573,0.84849393
0.61819571,0.45001563
0.88268459,0.87728935
0.92283255,0.88124722
0.67609882,0.52454460
0.34354469,0.55092359
0.87808394,0.90826315
0.81431311,0.78231227
0.86617500,0.89741707
0.86636984,0.86492676
0.51545048,0.15921940
0.36511177,0.29984215
0.71642405,0.43859890
0.93870544,0.99230766
0.80813992,0.84102565
0.23030972,0.17442191
0.66361177,0.70329672
0.37803498,0.40908498
0.52235806,0.40095246
0.44645286,0.48571542
0.61015803,0.49918452
0.91321373,0.88721877
0.29926315,0.08909262
0.86799532,0.82946324
0.77669901,0.75512242
0.90827614,0.92004907
0.91359985,0.88721830
0.55783617,0.53965944
0.93966609,0.94276226
0.86429495,0.85317880
0.82509404,0.90883893
0.70314509,0.61259478
0.31647423,0.41220814
0.73423362,0.76328313
0.90517443,0.94481438
0.84995621,0.82163745
0.79060197,0.79190278
0.12509580,0.14329004
0.57906276,0.54568022
0.88361520,0.91237390
0.75719953,0.64533132
0.93411243,0.89040375
0.16991207,0.23491916
0.81521261,0.70512819
0.94076407,0.87333721
0.64071435,0.50275481
0.42894343,0.41492388
0.71325797,0.83216679
0.88960165,0.84765434
0.87437642,0.87943816
0.93882167,0.91746032
0.82964963,0.84982634
0.82081509,0.68396997
0.82321137,0.84090906
0.79527843,0.70183557
0.68901139,0.77616769
0.85508722,0.94641560
0.35352743,0.61118776
0.57323271,0.68366092
0.27090269,0.45492229
0.79814893,0.80246884
0.71024770,0.71277618
0.84474206,0.86717635
0.66996503,0.76205230
0.94879526,0.96383440
0.39314291,0.43993151
0.38902760,0.38756835
0.94780266,0.91624326
0.33768123,0.31154683
0.85560447,0.91513997
0.94660693,0.96767455
0.22262928,0.18740541
0.69980264,0.66513056
0.29332262,0.25474322
0.95592827,0.94279474
0.83965260,0.81180859
0.95086950,0.94845963
0.92216647,0.97481686
0.44208789,0.18055958
0.49237174,0.19880952
0.29669243,0.38651857
0.75318563,0.80794996
0.77378464,0.82167602
0.94205767,0.96399838
0.83873481,0.84096026
0.82169789,0.85861164
0.70377052,0.65253198
0.42637008,0.45501372
0.48238057,0.42889556
0.92810249,0.92932373
0.64936024,0.59381235
0.90679467,0.91048646
0.91836476,0.92507005
0.93894053,0.88690591
0.14145774,0.23253667
0.92190558,0.92717087
0.81067264,0.90045935
0.89440304,0.93431395
0.82139891,0.90154886
0.81586176,0.88411397
0.33176327,0.43741089
0.87590939,0.83839709
0.90258455,0.91226202
0.32370305,0.31578946
0.35542053,0.40491804
0.90851235,0.93180543
0.90991223,0.88696444
0.93267471,0.93975824
0.91699880,0.95710742
0.92715853,0.93605047
0.91026282,0.91082805
0.57397854,0.60890597
0.87962693,0.90525424
0.90518439,0.90705884
0.79771149,0.75723577
0.88886243,0.76311040
0.92608947,0.83497620
0.82508647,0.93640012
0.89999187,0.89069539
0.85305190,0.81720781
0.65577537,0.63918066
0.80732244,0.91938615
0.77213550,0.87966478
0.70822573,0.02964612
0.90290987,0.90822428
0.66341203,0.71300256
0.42330337,0.57531393
0.85601568,0.88143426
0.85450828,0.85934305
0.74471837,0.64706433
0.87664729,0.96249998
0.82556778,0.92266011
0.82011187,0.83189654
0.79107541,0.77686781
0.72481668,0.59934556
0.77009827,0.76567739
0.80969691,0.84105265
0.93011576,0.91954386
0.14576213,0.12743473
0.77973557,0.62894773
0.73732549,0.41752899
0.49137115,0.50101358
0.76678586,0.78430188
0.78672463,0.68559217
0.59298015,0.60607475
0.88020927,0.88823915
0.84464180,0.84758389
0.83440268,0.75931394
0.11774011,0.23200859
0.29073536,0.38606334
0.93960392,0.89179516
0.89403927,0.94080716
0.60903788,0.46410990
0.79959631,0.65484893
0.79550928,0.31590417
0.29329211,0.24041301
0.92581624,0.94095367
0.87805951,0.87500000
0.44139272,0.61891466
0.92089373,0.92870259
0.28567123,0.27204525
0.68216342,0.45376888
0.78768313,0.57336152
0.91960496,0.87294120
0.85206205,0.85196078
0.90370262,0.85354626
0.92569321,0.97498119
0.62936091,0.42754343
0.88721263,0.94963878
0.39828748,0.45171499
0.92951304,0.96791446
0.92345989,0.86007518
0.91621798,0.83196211
0.89200312,0.85797906
0.84737849,0.91861320
0.43491882,0.35621205
0.89741170,0.85198003
0.76622838,0.79217917
0.36168262,0.17416899
0.93504494,0.91427881
0.81924570,0.87962961
0.68492138,0.47461370
0.87203348,0.92484587
0.94024581,0.91949022
0.66658658,0.60943729
0.70844632,0.77308971
0.91134310,0.87145025
0.55375230,0.55161566
0.74620122,0.63959783
0.38535938,0.34424084
0.70991594,0.69670886
0.60535634,0.71045119
0.81382114,0.73442084
0.32767582,0.45881557
0.68665373,0.66664827
0.87625408,0.93217814
0.91198075,0.81453234
0.57018197,0.75454545
0.72311121,1.00000000
0.84095192,0.93357509
0.72106612,0.71567297
0.76173967,0.84580421
0.65368003,0.80489445
0.64108604,0.77475005
0.84510577,0.74435073
0.90893537,0.88111013
0.26660296,0.25292870
0.89668739,0.93983138
0.90218228,0.94122696
0.86996257,0.85635376
0.88590986,0.80575335
0.79601598,0.85893720
0.69092828,0.93557674
0.90115511,0.90379173
0.27419269,0.14004968
0.92954993,0.83660132
0.93720603,0.93454885
0.42023683,0.26287934
0.89572817,0.91712707
0.61617440,0.65285587
0.76641732,0.76490575
0.58855659,0.58143669
0.22581638,0.12236842
0.85714340,0.93267488
0.88548684,0.95400006
0.82988000,0.85818166
0.91740656,0.91877991
0.75729167,0.72395557
0.77477598,0.80206394
0.10247578,0.10837964
0.39433527,0.16903889
0.93163818,0.91320348
0.81259781,0.68061656
0.90777785,0.93670887
0.39634475,0.37096778
0.87744504,0.87613404
0.92583758,0.90014768
0.73743373,0.89949495
0.92789000,0.91311008
0.77694613,0.51841706
0.84680235,0.89685607
0.85894650,0.86471170
0.80404502,0.83123648
0.27551827,0.25009397
0.93049532,0.92673993
0.89701426,0.89891565
0.82962823,0.84587008
0.94529718,0.90423000
0.76363033,0.73255002
0.89972705,0.92189580
0.94643271,0.88496912
0.82732254,0.71860522
0.70704401,0.74341798
0.94169557,0.92109185
0.71765757,0.99761903
0.35954258,0.46135831
0.72730380,0.71771282
0.93230063,0.87048554
0.74621904,0.72692442
0.49623021,0.57671326
0.64581788,0.88399357
0.39222935,0.40305534
0.87453061,0.88357663
0.89117175,0.94397849
0.52650249,0.66152561
0.61642182,0.75018382
0.91249919,0.93260264
0.79716486,0.85270655
0.64975667,0.55598551
0.56291759,0.68247974
0.89723420,0.90051502
0.92733270,0.96181631
0.88084751,0.95810419
0.87732786,0.88069820
0.85116976,0.83784002
0.75431830,0.88187933
0.78529507,0.54209012
0.63463473,0.77091575
0.80857164,0.81152558
0.73687154,0.61299437
0.92131478,0.87382627
0.67470396,0.62929517
0.91269648,0.88459653
0.93379551,0.97421932
0.32451668,0.30498749
0.27856266,0.23558581
0.83229804,0.89388430
0.77316892,0.64270473
0.21955578,0.35376799
0.92799425,0.95362890
0.91109419,0.95308578
0.37308344,0.49136579
0.96078467,0.96046054
0.77289814,0.69312167
0.92960232,0.94805765
0.86499923,0.81778711
0.86201745,0.84878772
0.80824429,0.85112309
0.73014253,0.73909897
0.88754570,0.89631337
0.67978483,0.54158878
0.19782306,0.11928131
0.89518291,0.79812777
0.77738649,0.79585254
0.67884088,0.81701428
0.89532930,0.83949620
0.79216039,0.89025772
0.60534090,0.65752423
0.84827119,0.75183153
0.92530501,0.84598374
0.86786312,0.89336401
0.91830188,0.92591268
0.75291461,0.20265526
0.92897612,0.91118538
0.90554339,0.87318838
0.38971674,0.39870444
0.88289541,0.95628518
0.95241886,0.93480587
0.89955425,0.68611109
0.67075372,0.80030638
0.59825873,0.58126551
0.88788652,0.89695305
0.62057400,0.67022020
0.54705930,0.55239910
0.84369576,0.85537314
0.86973536,0.94570857
0.92735803,0.87090105
0.42537028,0.34116378
0.93091857,0.91170633
0.84093398,0.75524253
0.69735342,0.78257108
0.88377476,0.71781015
0.57491666,0.55659592
0.23691547,0.23622312
0.91844177,0.90851682
0.69336987,0.69989014
0.87198532,0.82449800
0.61561275,0.36360854
0.74461550,0.74996972
0.86075807,0.98918617
0.43140814,0.58207434
0.83462459,0.79490948
0.89239031,0.89624220
0.60682857,0.72093529
0.36539131,0.47539854
0.73145950,0.71786344
0.49102229,0.30410188
0.91103649,0.92258757
0.87423325,0.85097408
0.86461538,0.97181028
0.93282419,0.97244811
0.57284325,0.74257195
0.88545328,0.83984154
0.94507962,0.95610476
0.91737169,0.89228970
0.91768336,0.95104462
0.49220785,0.48661110
0.74359840,0.23532061
0.94589019,0.94193619
0.82344306,0.94814813
0.77211714,0.76838869
0.86526155,0.91721088
0.85195190,0.71718627
0.86166668,0.87530082
0.76333958,0.80126286
0.87603474,0.87911576
0.89013302,0.87978101
0.72268856,0.76279688
0.67453623,0.59722221
0.85073966,0.77453446
0.86905199,0.83986402
0.29808870,0.33316183
0.93924183,0.92045456
0.16713086,0.16410257
0.86667168,0.87043571
0.95112711,0.94557279
0.94796270,0.89435160
0.91569883,0.87352216
0.84225923,0.78661382
0.89632261,0.93115294
0.36080638,0.33930302
0.93942732,0.96018147
0.91988069,0.88915795
0.58478093,0.62549937
0.34167385,0.42995441
0.86168891,0.86061025
0.79542774,0.82341480
0.77563167,0.61313039
0.90064228,0.85261708
0.89903253,0.93497360
0.93204331,0.93336874
0.90297240,0.92636108
0.64067191,0.70151520
0.48699266,0.43657759
0.88072544,0.89725381
0.84249550,0.89741272
0.80895275,0.92162603
0.92912841,0.96660280
0.85542977,0.87866646
0.89393383,0.92998105
0.87368900,0.94204807
0.25907606,0.40268132
0.95567483,0.96721530
0.95204669,0.82956123
0.91748452,0.93272763
0.40667647,0.28030348
0.85683739,0.84774113
0.64174426,0.66428322
0.89894009,0.85773218
0.89126951,0.83218777
0.77338564,0.67524999
0.92866963,0.86763257
0.60975802,0.45857561
0.59926319,0.55131948
0.60709977,0.57006878
0.87821198,0.91356343
0.21728088,0.35344827
0.79629862,0.68637580
0.77458739,0.85277158
0.46854231,0.51030177
0.94100046,0.86988801
0.90756243,0.89293605
0.67340463,0.51675773
0.91601431,0.91071427
0.90578723,0.91369045
0.84876108,0.76848835
0.11346987,0.12009080
0.26507264,0.33951929
0.61310661,0.57617915
0.72050959,0.73087358
0.86003512,0.89735472
0.45870215,0.20103613
0.35873324,0.39131579
0.91337276,0.91408473
0.88252145,0.85691029
0.92200923,0.91631782
0.76813811,0.77734041
0.77820563,0.56578946
0.92459047,0.90342987
0.89085692,0.80230767
0.54656458,0.64375412
0.91924077,0.93873984
0.80435681,0.73178452
0.88788116,0.90988481
0.35563257,0.25153777
0.87442887,0.86816931
0.50665259,0.52582270
0.80982172,0.84114772
0.93700099,0.93597382
0.07184573,0.05177786
0.91196817,0.94183105
0.89846903,0.83697361
0.89329451,0.88469118
0.80190289,0.21718000
0.10525683,0.13375518
0.86922300,0.88863069
0.88616329,0.89505064
0.92815423,0.93717951
0.91723996,0.96428573
0.41433418,0.42815128
0.49023956,0.82392406
0.61463821,0.71136653
0.76639581,0.72151899
0.45919302,0.29105273
0.90247905,0.88285232
0.93987995,0.95917141
0.90471685,0.88766891
0.78938586,0.75831223
0.94902140,0.94079292
0.32289135,0.27233332
0.90650678,0.92894202
0.83041787,0.74482477
0.74600083,0.68835163
0.68414044,0.69626689
0.81342620,0.76337951
0.59628302,0.52755839
0.29612088,0.48439011
0.85435545,0.81957686
0.70002478,0.64755809
0.78350317,0.69263530
0.91269755,0.93752217
0.54365879,0.59006566
0.78418827,0.81194216
0.77117229,0.55855328
0.88957852,0.92853534
0.35098818,0.31734344
0.89552104,0.92831528
0.69735348,0.72871143
0.94988585,0.90732759
0.94572169,0.91167587
0.88931143,0.89145327
0.74862671,0.60457516
0.44553122,0.55800653
0.65749174,0.51890302
0.87960500,0.91044778
0.80049974,0.80315363
0.92700344,0.93414629
0.40250108,0.30079299
0.93067414,0.86599702
0.85849369,0.84880590
0.35100618,0.32693663
0.72555238,0.79857057
0.64993620,0.81092477
0.91566145,0.92455530
0.51787835,0.51497561
0.76028049,0.89615589
0.57186419,0.40874887
0.89078617,0.89347422
0.86800933,0.88959527
0.88086098,0.89362514
0.84638685,0.94016254
0.92442429,0.70615774
0.72412372,0.74715853
0.80120862,0.77799922
0.37705508,0.38993159
0.72924244,0.88015294
0.80230331,0.73414218
0.89702064,0.91260988
0.64704686,0.58093786
0.31986365,0.32032537
0.88551980,0.91386050
0.87738979,0.83528072
0.91397840,0.90238804
0.85119271,0.86159825
0.55131423,0.55233061
0.61482501,0.84287149
0.87813181,0.95948678
0.69080919,0.78245258
0.82351160,0.85784400
0.85219413,0.82536179
0.37761787,0.40037879
0.32811168,0.37431037
0.86328590,0.82199389
0.92314565,0.53693014
0.83142352,0.78574461
0.24420662,0.22848853
0.89780444,0.82250047
0.72482634,0.73024690
0.85839969,0.89206827
0.86770558,0.92170960
0.44783902,0.44967532
0.85872430,0.92603070
0.63410681,0.51326311
0.74147242,0.78067976
0.82471836,0.88254195
0.52946818,0.77216905
0.85609859,0.94628650
0.87014925,0.84378111
0.88640857,0.84498900
0.70091444,0.65070677
0.83409542,0.87078249
0.89269811,0.88635421
0.86250871,0.87408596
0.58491927,0.68906432
0.64418882,0.49958915
0.91258776,0.91602910
0.85416377,0.84021819
0.82437301,0.78692722
0.61581403,0.58999157
0.88182163,0.84815788
0.83936912,0.84443849
0.78279161,0.78091633
0.75512320,0.84737122
0.21317160,0.17152122
0.61437446,0.54855615
0.93455118,0.94437683
0.95163065,0.92429012
0.71906370,0.55621076
0.81170452,0.81466025
0.90659082,0.80726790
0.86168069,0.78682929
0.93178576,0.94617754
0.90946436,0.88148147
0.53769249,0.67054486
0.77952856,0.85064381
0.88169968,0.92771083
0.78495431,0.75047678
0.95700520,0.95686454
0.88349867,0.87358367
0.22921319,0.23834726
0.67143214,0.77629673
0.86454773,0.89035308
0.94195980,0.97187579
0.92656487,0.90651137
0.80877870,0.90096408
0.58826423,0.53995329
0.93655509,0.98958331
0.79700547,0.76987988
0.93101364,0.91929823
0.67152989,0.66241825
0.71125591,0.64942288
0.89724064,0.89044762
0.57939571,0.67610937
0.80376714,0.72676283
0.79356056,0.76720375
0.81667691,0.83216292
0.91974086,0.90534341
0.91236186,0.96796197
0.86261117,0.87003565
0.66232044,0.63031000
0.93951827,0.92950636
0.85920107,0.88743019
0.86886406,0.87090665
0.73296642,0.70694989
0.91622823,0.97563297
0.84699482,0.79623288
0.88262349,0.88405353
0.37977079,0.49265650
0.93361092,0.99444443
0.81172138,0.79036933
0.79329437,0.70986301
0.93979949,0.92288488
0.42580003,0.30756614
0.61583501,0.68696600
0.77847064,0.86625421
0.48864841,0.35050800
0.48660281,0.46106213
0.59838277,0.44303864
0.92676187,0.87660164
0.82765687,0.83545738
0.87581277,0.85069126
0.86689943,0.81162632
0.40743482,0.57950193
0.57797998,0.73750222
0.93235397,0.95530301
0.94703513,0.95363468
0.36755854,0.32808661
0.48557815,0.55121565
0.92583114,0.92689967
0.88266194,0.90217435
0.91737938,0.88427126
0.53065300,0.65315610
0.85134959,0.87675571
0.72015280,0.66503936
0.05952435,0.11494103
0.70143634,0.67119473
0.73351657,0.79233122
0.57183141,0.66094005
0.85341269,0.93963963
0.71396452,0.69750714
0.77103215,0.85764241
0.49205121,0.52840298
0.63955891,0.73471564
0.87351596,0.89596272
0.59404069,0.35766375
0.68538469,0.63896549
0.56982857,0.40296757
0.88493043,0.88704634
0.54533744,0.45070335
0.64803815,0.83443046
0.51876855,0.47934622
0.73540080,0.67756408
0.93350172,0.93684494
0.53791970,0.56713766
0.83042383,0.90593648
0.68726093,0.70142967
0.35414419,0.50965667
0.82785708,0.88671875
0.59612280,0.52885211
0.91210520,0.83463115
0.46534988,0.34641609
0.93629837,0.82876712
0.88471383,0.91406453
0.37192765,0.30129331
0.33725795,0.63616073
0.32841969,0.04845155
0.84073108,0.88600469
0.65970206,0.61904764
0.55114907,0.45204136
0.83868057,0.81475151
0.68452215,0.90451390
0.19019091,0.22177146
0.25438783,0.29945654
0.84063452,0.68983757
0.91664231,0.91415662
0.88567668,0.87006044
0.59240764,0.80337584
0.94430012,0.96874243
0.89406061,0.88009894
0.82710391,0.85188872
0.96545923,0.93316805
0.92754185,0.90077287
0.78938282,0.80911100
0.17755820,0.11408894
0.79355317,0.85279375
0.92875016,0.93032849
0.91568291,0.91492677
0.81993008,0.90733528
0.80654556,0.81771487
0.89214712,0.91498768
0.92979801,0.95652425
0.95584136,0.90646917
0.52433693,0.64652777
0.75638020,0.58315706
0.92427468,0.85891318
0.66562611,0.69257730
0.90875632,0.94185799
0.84716737,0.88832200
0.75713038,0.85598040
0.82807237,0.78168249
0.86878163,0.90263158
0.78006423,0.83303654
0.86884212,0.91967493
0.76008439,0.71624804
0.89245200,0.80990237
0.93793780,0.90912700
0.80589741,0.80256462
0.59563375,0.59552443
0.26690760,0.23681186
0.52273983,0.50253379
0.60487008,0.54191619
0.20454656,0.18189681
0.49157187,0.42438155
0.75368524,0.72044647
0.82881922,0.91439730
0.93107224,0.91684574
0.93444830,0.92506206
0.26373664,0.24160588
0.39203486,0.27595365
0.93040842,0.85697168
0.65687829,0.66573411
0.81585264,0.89220566
0.59217960,0.47112080
0.63330072,0.48271435
0.63215816,0.77254188
0.89551455,0.96651059
0.84576833,0.72334933
0.93716186,0.64689296
0.27827984,0.72345650
0.17386623,0.18042041
0.82880682,0.60098600
0.71447307,0.49399674
0.67784047,0.71402138
0.93460345,0.94178361
0.53954875,0.29500368
0.90600973,0.90296113
0.18147689,0.05136472
0.88808554,0.94964486
0.31672397,0.47654912
0.51700771,0.55289757
0.83387613,0.81119543
0.72778666,0.90784472
0.93123990,0.89685374
0.62399602,0.67636144
0.71774226,0.40288460
0.54505783,0.42986614
0.94325548,0.98393756
0.48957711,0.61065215
0.67612857,0.65012896
0.91488010,0.95646000
0.53366166,0.50420672
0.92990643,0.87978321
0.94810528,0.92094803
0.74657118,0.66511738
0.54755610,0.60660034
0.28810817,0.44250327
0.90936792,0.89464885
0.94924057,0.92523944
0.92959815,0.94815439
0.70664024,0.88486564
0.80118728,0.83461541
0.86278045,0.87142307
0.81470275,0.83375567
0.65440291,0.56789601
0.81755364,0.84102881
0.85290366,0.85782647
0.71439445,0.67394406
0.91515386,0.95129144
0.72997773,0.59579164
0.89503223,0.87803340
0.89383650,0.86035794
0.72960585,0.66070873
0.82175946,0.82681078
0.72003406,0.67062145
0.54637384,0.58097559
0.36717662,0.39346027
0.22909233,0.34014612
0.28781366,0.21975319
0.78112447,0.59207392
0.76458687,0.87201297
0.81756312,0.78771836
0.79144090,0.70762616
0.79337364,0.67272651
0.80964649,0.87387979
0.87684447,0.96345621
0.47250906,0.42077038
0.33503357,0.15829608
0.93855745,0.91199678
0.92708194,0.95495719
0.32358557,0.35403588
0.60410684,0.66532016
0.89492881,0.92055923
0.62078112,0.91490322
0.95202315,0.97001278
0.91096574,0.88018858
0.88094819,0.93117476
0.95864725,0.95382863
0.82353854,0.86244410
0.70080370,0.73442101
0.92369485,0.91228068
0.75825888,0.93927830
0.55347794,0.46267676
0.74957728,0.70179617
0.92058659,0.91501409
0.94386840,0.91996789
0.62310243,0.54710144
0.34966254,0.31135127
0.89036095,0.93886197
0.91896665,0.90465760
0.92527366,0.94040430
0.60691863,0.66389376
0.83356464,0.82772726
0.93541080,0.91983473
0.39470947,0.39805523
0.89379174,0.87549829
0.57483053,0.66744733
0.88960052,0.79849559
0.86736745,0.85115749
0.80135781,0.81344086
0.89760655,0.87896824
0.84014595,0.66121429
0.72922695,0.55836362
0.63747036,0.51431823
0.93787789,0.87147808
0.94341201,0.91590399
0.86379635,0.90799302
0.93748099,0.85250485
0.90693760,0.96512985
0.92902213,0.95205468
0.89756775,0.91211528
0.66360927,0.65570402
0.81644934,0.75059289
0.87991232,0.72716153
0.79093534,0.57137841
0.79642189,0.76650643
0.93033189,0.91661173
0.61377752,0.76482922
0.78504992,0.74185425
0.44040143,0.31294981
0.92529386,0.96527582
0.87146485,0.85145080
0.87648827,0.80889010
0.65950489,0.76749974
0.56244260,0.41971815
0.92290270,0.84762043
0.79356897,0.87377679
0.15256034,0.40974379
0.58374131,0.66561794
0.88364762,0.82890910
0.81018746,0.86212122
0.72856915,0.68294156
0.21453446,0.31551424
0.83446425,0.72432435
0.84602946,0.87636930
0.85862041,0.89229268
0.38570043,0.70499414
0.94615376,0.94096440
0.84695077,0.69155443
0.40451369,0.42263299
0.83281636,0.78516775
0.82465774,0.73881149
0.58664829,0.26188931
0.83266079,0.92157781
0.70727432,0.71014494
0.57946724,0.63020581
0.28848898,0.46329337
0.64577585,0.48507112
0.65148211,0.77320921
0.52395463,0.51368695
0.96087945,0.95154363
0.74126214,0.82196611
0.29421276,0.31492946
0.83271092,0.86184406
0.90296239,0.91306508
0.81514257,0.81522924
0.38392243,0.29763985
0.90456885,0.91791171
0.90918410,0.84123367
0.86808199,0.86639059
0.73352391,0.70728254
0.47709051,0.50532764
0.83196563,0.75413793
0.67415118,0.79802209
0.41810325,0.06908450
0.39741775,0.46709225
0.56163853,0.48625547
0.82220298,0.91732252
0.92299503,0.91885495
0.67474753,0.35408440
0.86822712,0.91003817
0.68554556,0.76037735
0.65096629,0.57758534
0.94789767,0.90748078
0.95168334,0.92078489
0.56050789,0.43711427
0.91680712,0.89867485
0.47526619,0.58305603
0.72821456,0.66135561
0.56893378,0.60321182
0.77754545,0.78839141
0.88625354,0.87336266
0.92421788,0.91758722
0.89827186,0.82968795
0.94651753,0.94885772
0.72049826,0.74861449
0.93941534,0.87827450
0.82696557,0.85758328
0.75599837,0.82503259
0.76514262,0.79437703
0.81179500,0.77544993
0.74149591,0.96475953
0.93745166,0.88080531
0.92628801,0.93811256
0.52514827,0.53290743
0.92030877,0.88905644
0.85419577,0.82162529
0.85309738,0.82956201
0.53644496,0.54464805
0.74551719,0.85636365
0.92486298,0.93567741
0.54901367,0.62207139
0.72188288,0.75282866
0.79696953,0.83056438
0.58982682,0.60219049
0.65496546,0.59485096
0.85511178,0.92739350
0.27541253,0.36347941
0.89714539,0.93956929
0.62252873,0.58518565
0.26088354,0.31247404
0.84566969,0.84383649
0.47819400,0.60194921
0.86631626,0.90385151
0.88636500,0.91632074
0.78172892,0.79541570
0.86638439,0.92923933
0.87198055,0.87799019
0.88496250,0.91084057
0.53751111,0.60825026
0.76971102,0.80930573
0.38848135,0.44092557
0.92633480,0.93097347
0.90621388,0.94509882
0.84936458,0.82213134
0.82130635,0.79500026
0.72833598,0.73055553
0.54592252,0.65812683
0.84144330,0.89912975
0.79379159,0.60179102
0.76460499,0.67281604
0.80353528,0.68463725
0.90868348,0.98814118
0.33629623,0.46337771
0.51527005,0.68644661
0.83475447,0.84266508
0.75476342,0.79233730
0.78029078,0.84904999
0.44623265,0.62392473
0.89831120,0.87537408
0.89270407,0.86046410
0.86636573,0.92244172
0.69117826,0.12338441
0.84268153,0.92666966
0.91412932,0.89816177
0.89354450,0.92510438
0.86146528,0.78233039
0.82290137,0.88588852
0.75599128,0.63951617
0.88448751,0.89922249
0.51320696,0.43105555
0.35736611,0.26039925
0.66068655,0.57132524
0.31839660,0.52865130
0.32806736,0.34113720
0.91216910,0.85555959
0.65014118,0.68694735
0.92582715,0.94155842
0.52242678,0.67960298
0.93646967,0.98026317
0.74992067,0.71152312
0.51751888,0.11945333
0.90999228,0.91170597
0.93817550,0.94761902
0.89864224,0.87409574
0.57501161,0.63698959
0.90504295,0.91972297
0.72652233,0.60412472
0.17498936,0.17510287
0.61487705,0.65124583
0.96239650,0.94237727
0.88468444,0.81131107
0.90835822,0.85678673
0.89549887,0.89682353
0.73959374,0.68675578
0.78996170,0.69969225
0.85327864,0.89197922
0.92616028,0.93751657
0.49338832,0.52735651
0.73963886,0.67539680
0.83323050,0.81089741
0.95158929,0.93118787
0.30932236,0.23821059
0.76751184,0.88850033
0.26953012,0.29759315
0.93133968,0.98387098
0.82855898,0.68531996
0.93548602,0.90717655
0.75825447,0.63645130
0.83809906,0.63410997
0.69435322,0.56390709
0.34415400,0.38640112
0.59400338,0.59971195
0.82914692,0.81190509
0.36356819,0.77822804
0.93524081,0.94847524
0.56593728,0.50519210
0.91511905,0.93418801
0.93877929,0.94858783
0.85996920,0.86462289
0.90472221,0.93756014
0.84544033,0.81495655
0.38159627,0.48136434
0.51706249,0.37597519
0.67687303,0.70359051
0.70253676,0.62592953
0.46158960,0.51125449
0.44525871,0.54233509
0.90260971,0.87815273
0.47379133,0.49069935
0.85243636,0.90702724
0.94607443,0.93976974
0.87967998,0.93013632
0.82131439,0.91496599
0.45039827,0.46256721
0.72345150,0.81667751
0.63109958,0.61455625
0.87931013,0.86431748
0.89362669,0.92088908
0.95832336,0.95627242
0.38450253,0.35047990
0.37134835,0.27582550
0.89401025,0.89698404
0.51153725,0.49309525
0.55056626,0.59674865
0.82719284,0.90041858
0.84666145,0.84657222
0.69117755,0.74964249
0.80763012,0.84259510
0.93381929,0.92773968
0.90206915,0.86005497
0.43796536,0.43663746
0.48239246,0.65562260
0.83961672,0.77084839
0.88348222,0.88929200
0.69024086,0.56137246
0.90327066,0.95222330
0.68299031,0.93880033
0.75254941,0.61130273
0.67585820,0.66463548
0.70640343,0.57126212
0.73706692,0.81140125
0.91797101,0.87110692
0.58699757,0.51611155
0.71078396,0.82379520
0.88511217,0.92742449
0.81971312,0.86062193
0.91921359,0.87861025
0.77323085,0.76460183
0.61409914,0.62398291
0.87643480,0.88543117
0.80976981,0.65755576
0.68721354,0.71240228
0.88727170,0.88966560
0.70837325,0.61563998
0.29152599,0.27041593
0.89394480,0.82627690
0.41527838,0.36762342
0.68053645,0.70276552
0.77342194,0.76733917
0.55302835,0.50571364
0.90302700,0.89392662
0.83039063,0.70371163
0.90995544,0.92180008
0.92060924,0.95222223
0.94930685,0.97394812
0.82888764,0.87787205
0.24169219,0.26346931
0.77092391,0.60044956
0.91017365,0.88773692
0.93907601,0.94300526
0.62524897,0.65546620
0.79245764,0.88994503
0.92406940,0.94645202
0.82266784,0.85202897
0.83353102,0.84666324
0.93821162,0.92938083
0.62209833,0.65601927
0.67646635,0.79284823
0.80896008,0.86666667
0.37278429,0.49213353
0.93062377,0.90919971
0.48832425,0.37278584
0.66525292,0.61247760
0.92165935,0.98069954
0.92979103,0.89074618
0.88348806,0.92161173
0.81353474,0.78991175
0.50505370,0.50117564
0.91625524,0.92743641
0.92657655,0.93714100
0.68237525,0.62839681
0.82294077,0.86453646
0.58816493,0.51834238
0.61988908,0.51592159
0.91121787,0.91337049
0.74254972,0.84103644
0.25161466,0.26368701
0.93682045,0.94897270
0.87267089,0.86834514
0.86739230,0.83479828
0.42738649,0.32072389
0.89766747,0.91436714
0.88662189,0.92822248
0.89808464,0.66482651
0.77264357,0.87753588
0.96143752,0.95978361
0.89842087,0.88037038
0.74274957,0.82229638
0.85998440,0.81553066
0.89273399,0.90870708
0.23514473,0.22173683
0.76226854,0.81991667
0.85248357,0.88727701
0.89153266,0.97264469
0.89968753,0.88453460
0.40604773,0.39998743
0.78975534,0.72426903
0.29290965,0.37020344
0.57762402,0.62159497
0.83958679,0.80033547
0.83090621,0.87703180
0.80326527,0.72613961
0.94001150,0.91932911
0.82463485,0.80875707
0.89719808,0.96621388
0.78471988,0.73590565
0.47024545,0.53175282
0.84722275,0.95569479
0.62927443,0.85787910
0.89760578,0.91462767
0.86806548,0.84964156
0.89471960,0.92041367
0.56450641,0.43037850
0.68616897,0.65663856
0.27921376,0.34939492
0.95672435,0.91933256
0.80343908,0.79794973
0.86107558,0.24443860
0.15437289,0.19908604
0.86463308,0.92154646
0.68852168,0.79469872
0.67906398,0.67562401
0.79523951,0.79151249
0.63463956,0.66866726
0.83862174,0.84853733
0.65862328,0.66561460
0.80157048,0.81181318
0.09539579,0.16883211
0.73250258,0.69151980
0.92567569,0.94042695
0.55927980,0.57627106
0.44199002,0.52826089
0.93545681,0.93764573
0.91587996,0.87558526
0.35832000,0.41945186
0.47953349,0.40059206
0.93264484,0.93563622
0.87244040,0.81188291
0.22639318,0.14387700
0.53964448,0.67460316
0.79541814,0.75912517
0.80730987,0.69298339
0.91877353,0.92375308
0.82139122,0.94433659
0.67472053,0.33902389
0.91446471,0.88370687
0.57531065,0.60963219
0.85496849,0.91833335
0.51543659,0.58405799
0.69588369,0.75930297
0.90825099,0.87258023
0.94462562,0.93895632
0.52585787,0.43178505
0.48822615,0.38442686
0.50174308,0.56603146
0.72184598,0.71205699
0.39506727,0.32590580
0.93479538,0.88000000
0.16568393,0.09435582
0.95029861,0.93921590
0.87661266,0.94690579
0.87728226,0.86420643
0.79079688,0.86055839
0.89227736,0.82858294
0.90034866,0.91889256
0.92062420,0.79470009
0.54553199,0.47681984
0.87625611,0.91692543
0.85879451,0.76311851
0.55287313,0.53652096
0.58182180,0.43902439
0.92678857,0.92598152
0.25334018,0.14750355
0.23235005,0.12500930
0.84666187,0.94349796
0.82056499,0.90295762
0.91090113,0.93720138
0.93165195,0.90058959
0.21009526,0.21902834
0.48594028,0.37369376
0.48362949,0.24889717
0.91487551,0.96393663
0.70275474,0.78216499
0.77665484,0.79706925
0.15093191,0.23380351
0.81092083,0.80832392
0.79528975,0.81209868
0.79055864,0.72360629
0.90800434,0.93560302
0.47326651,0.42252624
0.81158537,0.76539201
0.92800683,0.97972971
0.90403455,0.96800590
0.80376607,0.77814007
0.79823291,0.67242688
0.65556073,0.55221295
0.75370824,0.48824480
0.04181416,0.07052541
0.90029544,0.89690268
0.92104751,0.92507643
0.42520174,0.54578048
0.92848104,0.91136366
0.92099810,0.91526860
0.80227172,0.88864428
0.30067798,0.31234205
0.70916504,0.68848288
0.92558384,0.90304595
0.57725394,0.56129384
0.88213360,0.84524548
0.36403561,0.30743930
0.30124786,0.52422714
0.85367912,0.71524698
0.67970389,0.64460522
0.84043485,0.90030444
0.95070928,0.94745803
0.87573504,0.88062829
0.89897758,0.92783791
0.90211612,0.92027003
0.13915312,0.17943431
0.77007604,0.95145631
0.90989327,0.93441278
0.66061491,0.68503690
0.92893004,0.87123710
0.89253312,0.88809526
0.70942086,0.69953054
0.67748708,0.81813127
0.33357021,0.37159628
0.46567217,0.29625952
0.29911393,0.28532243
0.85617977,0.85054159
0.76313406,0.92562938
0.86478281,0.87106997
0.89786583,0.84478593
0.59953296,0.73150969
0.90453738,0.92903388
0.86719835,0.76272196
0.09048054,0.08568238
0.74845093,0.76789194
0.58759457,0.81197923
0.41686028,0.48532185
0.82520211,0.79078865
0.69223440,0.65116352
0.90655655,0.96470785
0.54361546,0.55118233
0.78060222,0.78396225
0.88016593,0.77738202
0.86637968,0.86583269
0.83876115,0.84166664
0.77105254,0.70324481
0.94485408,0.94711012
0.66966790,0.85160482
0.91930205,0.93683344
0.70572048,0.58848786
0.87011272,0.88028342
0.94107014,0.84917581
0.51740563,0.70565295
0.64122945,0.41524440
0.37127358,0.54964250
0.76457208,0.69148803
0.84984511,0.95602828
0.88426453,0.83180285
0.69452959,0.79387879
0.31351393,0.47865498
0.76469070,0.90606135
0.93896455,0.95982093
0.86988175,0.81467670
0.87861848,0.78690267
0.40388659,0.17064413
0.80942053,0.84632868
0.90230364,0.93790323
0.88371706,0.85245901
0.75263554,0.47078872
0.91605699,0.84759617
0.52326411,0.76904571
0.77760214,0.67385155
0.76703638,0.73476619
0.82747751,0.88548368
0.58287698,0.70113432
0.85252964,0.84885603
0.87640899,0.90338469
0.87424153,0.82758075
0.60221630,0.52502859
0.62166017,0.65216792
0.61772746,0.62694097
0.86284250,0.83595008
0.85330051,0.93602693
0.91724801,0.83276290
0.93327314,0.85947710
0.78494412,0.79183537
0.92291409,0.95738298
0.55071467,0.66735572
0.53068715,0.64438772
0.76414353,0.56597847
0.80422717,0.64929682
0.60458618,0.61122042
0.63989252,0.66178775
0.78078049,0.65776700
0.89306343,0.89681071
0.75354731,0.76346344
0.89162505,0.95932311
0.93412608,0.92198241
0.45990661,0.48826945
0.10062300,0.10680799
0.67581004,0.68948412
0.33209130,0.29136214
0.89095902,0.97972971
0.79202646,0.80772376
0.77087849,0.76360542
0.87917888,0.84191996
0.84316140,0.77688491
0.75834167,0.78312802
0.88569146,0.84217387
0.88076049,0.90997022
0.89787489,0.90726715
0.92832631,0.93198651
0.91469306,0.81842673
0.85717887,0.79706222
0.80468357,0.80172646
0.33264753,0.31707820
0.91123646,0.95548791
0.82564956,0.86841512
0.89837921,0.84227818
0.89429057,0.84136605
0.86581463,0.84452415
0.86240339,0.83379704
0.68064690,0.80149972
0.39828941,0.48747450
0.93719631,0.98148149
0.84107536,0.87855417
0.69818521,0.64632630
0.11425725,0.13333993
0.57800752,0.59449309
0.71953785,0.80787051
0.50032771,0.39782366
0.86938977,0.89029396
0.83435094,0.83938628
0.35906306,0.47833067
0.78676891,0.68499780
0.51658279,0.60607290
0.90925270,0.93123323
0.93038881,0.86792201
0.84860414,0.88176209
0.55942696,0.62249100
0.86101049,0.87446427
0.80943000,0.85988402
0.60582143,0.83945477
0.89945263,0.92678893
0.60696739,0.45893669
0.69944060,0.76620084
0.64111865,0.65751547
0.92205840,0.86638761
0.92789656,0.93196636
0.78159106,0.91527689
0.53588408,0.43201447
0.74519390,0.69329590
0.85758162,0.82569033
0.92970002,0.90167713
0.90707117,0.93781269
0.77010536,0.99166667
0.06440393,0.07119388
0.91187710,0.91083103
0.78113014,0.85227573
0.28252664,0.22015037
0.42679408,0.33580360
0.80308306,0.71583664
0.78181875,0.69845706
0.90110767,0.93265718
0.80668801,0.74616790
0.33472043,0.17975725
0.41182464,0.64841282
0.50924850,0.58648145
0.78408122,0.76639825
0.64546824,0.58259737
0.72128165,0.57789510
0.71907324,0.73101193
0.89972794,0.88887489
0.91058195,0.92653334
0.86162305,0.77204609
0.92235750,0.94158655
0.76772916,0.73460716
0.91018420,0.85845518
0.93242633,0.96074772
0.76393044,0.76332963
0.93181700,0.92130870
0.81683302,0.63106823
0.78149742,0.86904764
0.80634946,0.62137681
0.71794647,0.69717968
0.62182772,0.62352329
0.87036407,0.19285475
0.77143782,0.93114913
0.54405069,0.67452687
0.90819061,0.93856800
0.49335837,0.34905660
0.83023554,0.75569052
0.75512242,0.56770831
0.88522160,0.92663145
0.89942145,0.94022715
0.67746985,0.67264873
0.91859502,0.88423645
0.76014078,0.86261904
0.65738332,0.60852438
0.75172883,0.53065002
0.54957312,0.68030012
0.46797395,0.47194296
0.92290020,0.93220341
0.86755723,0.89097673
0.72979933,0.66884613
0.88372010,0.88850945
0.80021286,0.88932097
0.20822804,0.16695653
0.59583372,0.61830258
0.71161276,0.67327338
0.72238678,0.85753751
0.55520511,0.53779238
0.85542333,0.86649662
0.91610515,0.89299858
0.91086435,0.96202534
0.78119439,0.57181078
0.50249159,0.60144925
0.90201122,0.85056043
0.82521886,0.78023899
0.94624633,0.91588992
0.30396160,0.28081399
0.72265643,0.75372505
0.82781589,0.80725032
0.74582988,0.72609496
0.93703270,0.98553824
0.82455760,0.78690523
0.80538785,0.88962543
0.16471407,0.12251612
0.92003930,0.96561623
0.75117350,0.81306690
0.95472509,0.93226063
0.82156247,0.90780938
0.85146916,0.95410550
0.40199789,0.50064051
0.85864776,0.17005523
0.71987522,0.67373949
0.86469835,0.94060165
0.86844635,0.84559554
0.25413889,0.26626548
0.94446087,0.94038880
0.81711411,0.93379462
0.86603135,0.86828297
0.87591857,0.93649572
0.92155164,0.87033379
0.41267425,0.30239484
0.38194501,0.75320405
0.69105393,0.64618421
0.78396142,0.80412138
0.78222674,0.84704185
0.93468207,0.96123320
0.93947488,0.99000001
0.72512037,0.79330862
0.88477886,0.84130782
0.52257812,0.56824267
0.91658068,0.93353629
0.91657639,0.94065863
0.72213274,0.83396387
0.93736273,0.86737651
0.90095121,0.93076921
0.86121720,0.81203127
0.90392751,0.91948223
0.92065281,0.96731538
0.71347249,0.66242820
0.49655503,0.50470990
0.94842470,0.95643938
0.63269871,0.72128850
0.91917199,0.84586579
0.77899677,0.76629037
0.90669864,0.91518635
0.81188375,0.65751314
0.77862352,0.86267960
0.95815939,0.92284340
0.83354676,0.71982896
0.44434801,0.44666255
0.79572856,0.80244207
0.34122527,0.55172747
0.89061886,0.89200079
0.64200646,0.57812291
0.69958764,0.70387191
0.57394624,0.35829931
0.86767274,0.78926712
0.46732453,0.62279826
0.66069490,0.63501704
0.90950119,0.95910424
0.46582839,0.80791867
0.52098966,0.37608716
0.84936541,0.60309088
0.35535794,0.67371470
0.87522143,0.80536258
0.74639946,0.70601851
0.85035002,0.77915603
0.57734936,0.49406329
0.79912609,0.89151007
0.93557137,0.94268775
0.83759266,0.73738050
0.89439583,0.92052633
0.87018126,0.83014584
0.69896168,0.46121386
0.91787958,0.83173078
0.85653323,0.88455808
0.69513279,0.66780853
0.91196591,0.95223755
0.87182194,0.83463120
0.64425862,0.56047386
0.83427161,0.71757340
0.32064518,0.27852824
0.14206804,0.19048506
0.77461398,0.73409849
0.91943371,0.93607050
0.69365436,0.67824072
0.38621512,0.52498394
0.64374363,0.47280738
0.84810668,0.77034056
0.76329851,0.58825344
0.51451981,0.51538432
0.53246146,0.48177847
0.48292089,0.58467114
0.91019684,0.90775782
0.94496346,0.92439532
0.75584149,0.67871708
0.65785855,0.68213701
0.72155899,0.80082154
0.61850160,0.75862384
0.35767034,0.33779141
0.91311413,0.98343235
0.85598689,0.88749582
0.72705752,0.73438913
0.83913493,0.72330016
0.54275477,0.67253858
0.79102260,0.87918276
0.34609494,0.28183806
0.93455380,0.97442567
0.63377762,0.69661677
0.93801218,0.94012767
0.92072302,0.92631358
0.88295376,0.88204587
0.91666442,0.93467259
0.27523255,0.41041511
0.90343851,0.91388887
0.90214658,0.84910339
0.89998192,0.96799505
0.90447229,0.92860109
0.80051160,0.83098817
0.91969550,0.93587887
0.94413483,0.96623707
0.88803869,0.91050261
0.73136997,0.90038919
0.70790929,0.86312574
0.85140288,0.82508343
0.85143685,0.88796860
0.41647294,0.39896694
0.32216832,0.33061740
0.80350906,0.88319206
0.37911367,0.41717896
0.44348454,0.55536669
0.96011132,0.90886855
0.86744648,0.57984751
0.94692200,0.90169120
0.85291481,0.81267005
0.91370124,0.94749999
0.87472504,0.84824699
0.90557665,0.91906285
0.87446588,0.81047422
0.94845527,0.97802615
0.76996338,0.91478366
0.49334943,0.44305736
0.67496175,0.78115833
0.91341889,0.94915253
0.78381789,0.87132651
0.64756066,0.69052649
0.73372209,0.76175255
0.68188226,0.71315020
0.64822274,0.58285314
0.52288711,0.52807713
0.92055064,0.98107141
0.68935990,0.65546507
0.39921054,0.44111520
0.66973299,0.56628370
0.65417969,0.73233843
0.93949616,0.96042806
0.56363261,0.55050504
0.63182217,0.66516650
0.90546685,0.86129528
0.84424746,0.82908076
0.74055231,0.74611723
0.66275907,0.76525813
0.84240943,0.90927100
0.72729009,0.60400087
0.77353650,0.94416016
0.82919675,0.66264325
0.87788212,0.09637783
0.95719403,0.96862489
0.54192096,0.80731523
0.90852267,0.92791831
0.58371615,0.55941457
0.71188504,0.60825813
0.87302470,0.86800700
0.89510530,0.97567004
0.73016179,0.66535783
0.68009299,0.72670645
0.80554801,0.86571139
0.91897857,0.91038311
0.78260291,0.59109044
0.73723137,0.82247573
0.41503674,0.45888653
0.92030138,0.91079795
0.48464248,0.49548846
0.90075320,0.89794171
0.08569932,0.11910129
0.96681565,0.89069951
0.09051409,0.15725546
0.91228783,0.96538460
0.93027627,0.94564301
0.77025402,0.71695369
0.84514272,0.62296212
0.54983133,0.53124499
0.60242581,0.65715879
0.82596266,0.66834688
0.26208067,0.21868169
0.44172031,0.55416667
0.66105622,0.43706784
0.82312852,0.80063033
0.92509621,0.90268874
0.71043205,0.60752630
0.60802990,0.61615503
0.33743915,0.37033582
0.55853212,0.61427045
0.92431909,0.97887844
0.90314686,0.90608376
0.61899132,0.56728727
0.96172434,0.97202671
0.47705796,0.35575166
0.90746063,0.92224234
0.62862623,0.63843971
0.33638263,0.30286923
0.87122470,0.91054130
0.72687703,0.68342865
0.37077945,0.28797027
0.20527904,0.20291358
0.86841309,0.86948252
0.76459146,0.91682285
0.85470778,0.78800392
0.93503475,0.87119436
0.57649988,0.43287298
0.66279405,0.70836127
0.24455656,0.32228628
0.85394317,0.86419630
0.18923330,0.16025908
0.75927961,0.74384892
0.87354124,0.81542057
0.68897456,0.58880627
0.85991335,0.76590323
0.94830143,0.99206346
0.77020913,0.77681589
0.58070838,0.50917512
0.82172763,0.85952008
0.75503379,0.63465470
0.87550467,0.88424534
0.85450345,0.63328665
0.92617965,0.94574910
0.14153366,0.11811777
0.95500129,0.91740221
0.90652001,0.90386921
0.93037075,0.94970340
0.90076351,0.87843370
0.43190706,0.39732978
0.84812504,0.84708250
0.77711469,0.80015755
0.54915679,0.55821848
0.91853225,0.39024442
0.75505918,0.84693062
0.73418486,0.69758278
0.86629897,0.93098426
0.87734568,0.82907850
0.88690913,0.99166667
0.94028914,0.97223514
0.20757404,0.24435264
0.34356892,0.42901236
0.93154734,0.82156307
0.31611452,0.35357124
0.89023405,0.92150867
0.80497575,0.56147814
0.34108511,0.23245470
0.62956464,0.48848704
0.95775002,0.92389894
0.93823689,0.95277780
0.69167739,0.76972771
0.76235580,0.67172754
0.88721114,0.84837419
0.85271692,0.82475513
0.45379210,0.23030707
0.85073674,0.82152689
0.81671697,0.76228070
0.26235965,0.28620270
0.71258670,0.66100800
0.73772013,0.86522591
0.43440861,0.36501867
0.87394500,0.94780713
0.64758343,0.69999999
0.88160032,0.85361654
0.86309415,0.97650141
0.49738777,0.64468789
0.50282854,0.61029834
0.84956944,0.73559529
0.91150767,0.93532604
0.84389126,0.70510715
0.90637946,0.90939397
0.89625579,0.91705018
0.87719822,0.85875821
0.19114074,0.34002978
0.79363590,0.95213205
0.92851096,0.98165137
0.38360450,0.30604681
0.33005670,0.25812802
0.77702087,0.82496858
0.79104245,0.51854765
0.72689044,0.76430041
0.91150045,0.93725395
0.28086242,0.33801779
0.53702426,0.63362235
0.51043665,0.50731504
0.58233297,0.62807781
0.79656470,0.87558323
0.84266120,0.94364434
0.89860559,0.75039101
0.72149599,0.74451780
0.89804298,0.86319327
0.42695296,0.38241962
0.66103959,0.81843013
0.94266158,0.86405939
0.74452144,0.86405599
0.40009373,0.43701848
0.93169963,0.87335420
0.53957331,0.50978321
0.88324642,0.81202036
0.88986796,0.88600940
0.54862010,0.50539047
0.70115674,0.85573643
0.86329275,0.91987669
0.88418454,0.88797641
0.71135664,0.70683777
0.88619834,0.79020047
0.85474545,0.73596215
0.89381903,0.94090211
0.90362245,0.94067794
0.94531137,0.95086616
0.63945413,0.59285712
0.88723469,0.86079091
0.59911197,0.49104384
0.88278455,0.81961870
0.77426195,0.82330829
0.89217550,0.87552047
0.74388117,0.78884101
0.80165380,0.79976088
0.76974285,0.82835734
0.83217865,0.71350086
0.82824206,0.86343962
0.64806575,0.59022194
0.66770089,0.72376144
0.91199642,0.77212322
0.88581574,0.87821120
0.60430223,0.67949569
0.90652627,0.92183858
0.75228018,0.56200981
0.62675351,0.54360116
0.45518827,0.48100710
0.53782666,0.50808626
0.35498145,0.63141090
0.92058289,0.97427428
0.78621608,0.64895022
0.90607578,0.92226720
0.89791334,0.91636389
0.74504745,0.70371795
0.19864808,0.17081459
0.63261127,0.66695982
0.73090637,0.71938390
0.94070345,0.90761811
0.74574906,0.71532935
0.83092827,0.88697839
0.82244074,0.82639384
0.90945464,0.94949025
0.91946024,0.96667588
0.76568675,0.86410254
0.72507012,0.78773451
0.77125281,0.77489179
0.12685575,0.21120690
0.82174164,0.79312551
0.77626729,0.70562029
0.92897385,0.87896007
0.78720331,0.91606569
0.89303946,0.90378344
0.82035017,0.90067273
0.94140589,0.91130340
0.87181669,0.84284276
0.72687232,0.87324744
0.91422135,0.93165481
0.54177284,0.54390246
0.90542406,0.85810858
0.90198284,0.89733505
0.69697517,0.70793337
0.90053135,0.95843238
0.15553862,0.05111977
0.63866818,0.58055115
0.58391541,0.60134947
0.16156231,0.17964554
0.90115029,0.98333335
0.24138573,0.27774772
0.90991902,0.93567622
0.35272467,0.21625404
0.20622705,0.15141453
0.87534648,0.85147029
0.84006447,0.92382288
0.78593659,0.73685557
0.84163320,0.71868426
0.38874328,0.44562212
0.77178854,0.66638315
0.89101881,0.86071163
0.80735427,0.67451662
0.06797345,0.13947834
0.23837531,0.26940882
0.93646580,0.95736259
0.94080830,0.94181597
0.94331491,0.99242425
0.87518603,0.92092192
0.71736133,0.66526419
0.89515096,0.95984846
0.75230592,0.69779003
0.33235168,0.38681319
0.30471531,0.32338411
0.81299418,0.80857682
0.43588507,0.53040332
0.89580303,0.86771774
0.94392484,0.87664849
0.13111889,0.18619974
0.50690103,0.49730280
0.84541208,0.88230950
0.86830604,0.72491962
0.64027369,0.67751479
0.56549186,0.62500000
0.46548250,0.64033121
0.90166509,0.90594268
0.65813261,0.68416995
0.25525698,0.33631256
0.82535332,0.84237599
0.50629729,0.70284545
0.87386000,0.87696075
0.76461220,0.81707221
0.92888749,0.98026657
0.94421709,0.93594086
0.72611099,0.68148047
0.86951298,0.85499483
0.52020973,0.55622739
0.49005222,0.65000129
0.36891255,0.44748220
0.27943730,0.29259095
0.48495960,0.36457625
0.90553528,0.95988846
0.92658168,0.90913469
0.92516971,0.94531852
0.78443110,0.73246604
0.85046679,0.83462989
0.84588879,0.71052945
0.88618225,0.94230771
0.62202263,0.66252059
0.86428916,0.90287155
0.65870655,0.75985974
0.32795551,0.46171406
0.45965463,0.31956398
0.91017878,0.85933375
0.63586217,0.76866412
0.91787344,0.94714755
0.85115463,0.87915987
0.95395708,0.93169492
0.86325395,0.86261386
0.32634899,0.19632471
0.90145135,0.90105909
0.54894567,0.72031099
0.72391790,0.76688313
0.92899507,0.96012962
0.87352008,0.86866605
0.86157292,0.90585440
0.90606219,0.93271685
0.86024195,0.88478261
0.91806072,0.86176914
0.57333285,0.51347333
0.90693039,0.93015492
0.70311821,0.68921834
0.60598499,0.79513890
0.55385625,0.59012729
0.42534080,0.62888986
0.93774909,0.89901131
0.88753206,0.76649535
0.80731255,0.82911712
0.90027821,0.88514960
0.79691172,0.89969790
0.76927954,0.76841235
0.84952366,0.84677452
0.66209525,0.64934814
0.82595593,0.76868510
0.56972522,0.61119562
0.95470279,0.97107846
0.59788471,0.63371974
0.86656523,0.89817280
0.52006769,0.68898940
0.86522061,0.81780916
0.31362113,0.25656238
0.84739166,0.84428668
0.87102950,0.85637277
0.80327022,0.81129110
0.88538885,0.89091057
0.19281574,0.20130895
0.96313530,0.94965976
0.91516745,0.91128057
0.87547100,0.81745720
0.46391580,0.54087633
0.73362327,0.84246558
0.80924875,0.78334731
0.57168359,0.60525763
0.83297813,0.62561375
0.94296372,0.90607119
0.95553410,0.91905630
0.86543697,0.85009265
0.94098854,0.96336478
0.68390304,0.71349239
0.03177082,0.11315766
0.45613381,0.39373800
0.14099967,0.18446052
0.73230064,0.75481474
0.90714848,0.97979796
0.85118246,0.89345986
0.84241730,0.82663476
0.75927973,0.29397160
0.49630848,0.62876254
0.35717216,0.28677204
0.80595952,0.73443598
0.95197135,0.95912063
0.81808525,0.83815354
0.87946445,0.94038206
0.25396314,0.37639332
0.92252052,0.86912143
0.60696912,0.66216218
0.37309295,0.42071429
0.83379781,0.90442324
0.80796337,0.81430185
0.78752381,0.84434795
0.36408904,0.38420847
0.82181132,0.65241379
0.29413947,0.28744543
0.90980899,0.89842528
0.31062686,0.22208612
0.83412367,0.88827115
0.89776313,0.92057413
0.94135952,0.93169284
0.66286689,0.71136886
0.79526687,0.72549576
0.89819658,0.82310528
0.78805089,0.82157713
0.91486764,0.91352737
0.87403959,0.83189255
0.69807172,0.50598788
0.41631919,0.52617741
0.82958162,0.89521056
0.52041990,0.47556207
0.89880991,0.90490377
0.48647091,0.65470612
0.71170741,0.77047533
0.93368554,0.94232351
0.92790747,0.92753059
0.91174716,0.89827532
0.53406930,0.48258558
0.93388313,0.93193859
0.54231101,0.52693659
0.85796589,0.74553573
0.83357662,0.66983384
0.63650376,0.59997392
0.87181777,0.89775598
0.62703478,0.62719846
0.85060966,0.81560630
0.81517935,0.70691872
0.07347078,0.06146450
0.87402892,0.73465145
0.71155530,0.85437572
0.60666978,0.60141242
0.92704988,0.92879355
0.48192763,0.55277306
0.60700870,0.42435005
0.41713947,0.61499906
0.55944192,0.56885421
0.60533273,0.73046875
0.92806685,0.99295777
0.91284966,0.94686663
0.69426519,0.84868419
0.85042185,0.87420022
0.91848189,0.84413356
0.72233498,0.71263474
0.87617654,0.96101540
0.57344460,0.67569047
0.83798552,0.76929212
0.87865216,0.80854803
0.85870934,0.70490855
0.35060233,0.46597019
0.87139809,0.84792453
0.84507114,0.80308068
0.84349626,0.97528517
0.89068615,0.85825270
0.68854457,0.81442559
0.88757575,0.98765433
0.78789842,0.87371445
0.92136216,0.89968103
0.95135468,0.96111113
0.90421212,0.88765866
0.88091981,0.90612924
0.39963737,0.47920039
0.88966447,0.86153930
0.74400783,0.73372692
0.79864216,0.86213523
0.54963619,0.48991859
0.85367626,0.81857145
0.93506134,0.95981508
0.92327040,0.93555748
0.72313833,0.75470591
0.86072999,0.99586779
0.17774138,0.15128127
0.85232681,0.93831909
0.69931817,0.65180963
0.79157901,0.73469114
0.76593632,0.73667657
0.92812818,0.95084673
0.61335760,0.45411944
0.80094188,0.82596397
0.93284619,0.91558367
0.87094766,0.87270057
0.80013782,0.79986250
0.91007274,0.92148459
0.94841570,0.92151356
0.42715263,0.49974844
0.91071510,0.84275365
0.88648266,0.85395765
0.87613600,0.81715631
0.50362974,0.60693753
0.92365575,0.95842308
0.35919830,0.32973275
0.95133334,0.95446908
0.90600246,0.95598608
0.83826929,0.78623497
0.38913232,0.52014506
0.90178829,0.83970904
0.51408064,0.63051218
0.87437761,0.88158399
0.58940250,0.61583138
0.93410659,0.95565987
0.81950402,0.75523072
0.82638878,0.67953658
0.52249432,0.53720492
0.87884676,0.94218749
0.74053991,0.66828531
0.93704200,0.89803207
0.82644194,0.72039056
0.94674867,0.95181960
0.48176125,0.57788283
0.18603256,0.19792528
0.87292868,0.86498845
0.88132370,0.83672267
0.89915800,0.96998775
0.26294935,0.35605732
0.62200326,0.77120531
0.53182381,0.59340554
0.87316608,0.92227584
0.57548463,0.70291263
0.73811489,0.47399795
0.79037267,0.82838124
0.89819437,0.96343940
0.44411033,0.73905796
0.86086708,0.80588073
0.25878039,0.68041873
0.46063828,0.52807361
0.83032733,0.84815532
0.67107373,0.61597735
0.95010358,0.92333215
0.25494042,0.36546922
0.92440015,0.70270622
0.56727231,0.30880341
0.95049649,0.96578383
0.61016899,0.78835350
0.87455404,0.90789402
0.91415781,0.94718617
0.92044854,0.95959967
0.86934167,0.87348652
0.70954269,0.84302080
0.27968827,0.25022730
0.88507837,0.92284918
0.19824617,0.31365532
0.40356228,0.27681780
0.92949039,0.95272404
0.31866583,0.23379037
0.53587270,0.17387006
0.93704742,0.94375002
0.87522674,0.80404592
0.83868551,0.89114791
0.86955643,0.94414365
0.83664352,0.81688803
0.30871814,0.26702121
0.84283662,0.86121500
0.91900331,0.93752176
0.59979945,0.60269165
0.85510534,0.83144921
0.81110996,0.76140672
0.63550764,0.25086823
0.66873688,0.78410792
0.85463035,0.85786331
0.32024172,0.29281345
0.67854416,0.70345747
0.85784954,0.90486759
0.46936423,0.47359255
0.72008306,0.75320292
0.90353560,0.88372147
0.93959790,0.96178764
0.71315253,0.80204189
0.15075400,0.21891502
0.83871019,0.88470757
0.95103025,0.95590001
0.71951669,0.72039109
0.06573124,0.13315079
0.87943929,0.88758594
0.89067435,0.86063218
0.87651247,0.73494339
0.93997324,0.92040634
0.87286961,0.91938025
0.29886216,0.26233122
0.42323205,0.35845995
0.36226845,0.29174992
0.68868524,0.74594754
0.83624786,0.86434209
0.87796760,0.68731707
0.73198736,0.73861116
0.76740915,0.79933137
0.88710266,0.87618434
0.89282852,0.91233575
0.90725845,0.90985346
0.91652822,0.95246643
0.80583167,0.88553327
0.36296132,0.30136934
0.75287348,0.69969070
0.38595280,0.59131038
0.77447885,0.92737734
0.96213669,0.90550238
0.26893792,0.32065657
0.16577916,0.12341198
0.44946906,0.63449591
0.72349352,0.56483519
0.86727059,0.79153407
0.76302123,0.75685716
0.86958760,0.85959321
0.60954857,0.32328284
0.94698006,0.97483182
0.88197035,0.93755800
0.85393417,0.75008893
0.51751494,0.54827785
0.79237765,0.77899390
0.81318521,0.86642855
0.85629672,0.85757929
0.82903588,0.80524760
0.90152580,0.89142627
0.84538823,0.85637563
0.62294388,0.55213892
0.84106463,0.79657477
0.80230641,0.93150687
0.56786484,0.64687014
0.80894464,0.81788236
0.88212228,0.93490839
0.68147588,0.60836816
0.81275213,0.75797695
0.43185714,0.37491038
0.91075921,0.84554595
0.81667495,0.94024563
0.92775226,0.89032346
0.96051830,0.94315207
0.70178741,0.70266181
0.31355023,0.17724867
0.87406647,0.95757121
0.75246143,0.66002661
0.92059922,0.89160919
0.79345000,0.71016461
0.60052019,0.17304045
0.69519180,0.63766545
0.67236465,0.65249920
0.81620395,0.79832476
0.80349410,0.75634831
0.87715566,0.93308949
0.88678026,0.91925669
0.75687844,0.61354744
0.71919495,0.71067053
0.46444115,0.49853435
0.94188577,0.96987951
0.45488277,0.47457367
0.71078640,0.46507189
0.94465405,0.95709866
0.89876306,0.84032446
0.81760335,0.79147798
0.20880762,0.22571428
0.61268151,0.62316215
0.86887610,0.94026083
0.94132304,0.95509452
0.88087529,0.91946626
0.91714227,0.86271608
0.78476667,0.67736185
0.29135266,0.29299012
0.91826683,0.93160981
0.92255855,0.84429461
0.93482363,0.93079340
0.95194036,0.92286462
0.30282649,0.27491388
0.43280753,0.47344095
0.22122262,0.27841941
0.53864014,0.48061144
0.91374153,0.93051064
0.75501257,0.75789320
0.88905269,0.94412440
0.80440038,0.77607644
0.44867980,0.72667122
0.69560224,0.69301343
0.14005134,0.17293985
0.89235461,0.96814185
0.83683485,0.82575756
0.79159880,0.72635400
0.71162218,0.86697614
0.69846755,0.31173092
0.25088760,0.39001819
0.38296941,0.16899768
0.87650621,0.85553277
0.70854706,0.81164742
0.22527000,0.16834933
0.35353935,0.42169273
0.79191869,0.80127829
0.88360363,0.89919740
0.76384830,0.79312229
0.73976970,0.57057905
0.88461512,0.88174176
0.75663275,0.85781008
0.58475900,0.64401621
0.66337830,0.83227658
0.87220448,0.95726961
0.92603248,0.91936576
0.72683972,0.83569002
0.73487604,0.68053460
0.86022079,0.80092055
0.90345103,0.79621947
0.65076154,0.63051528
0.32377622,0.36483938
0.86336088,0.93216443
0.70852840,0.86294699
0.89231664,0.85502547
0.50764132,0.61018181
0.56000465,0.49695927
0.39819285,0.32577950
0.83041686,0.82228351
0.83879369,0.87309384
0.88415843,0.95283973
0.29155084,0.26299021
0.51831669,0.89971167
0.54157335,0.33002645
0.79605579,0.84373164
0.95859736,0.92684191
0.79245692,0.87118959
0.54172105,0.69461000
0.87680304,0.88480371
0.79257601,0.77288473
0.54339015,0.62577182
0.83771789,0.84312797
0.78579247,0.85797119
0.84551686,0.82330436
0.78361279,0.95151877
0.81667686,0.69807410
0.84653163,0.72405922
0.78328031,0.77265352
0.84247750,0.67525947
0.75712478,0.83003324
0.51408303,0.62389106
0.82901978,0.75815243
0.30627537,0.28270778
0.82453597,0.77167141
0.69408643,0.65917218
0.85357761,0.93516433
0.85591424,0.93100321
0.92901665,0.87618065
0.69995010,0.81323248
0.52643347,0.52777779
0.60526735,0.84273905
0.88691312,0.92441005
0.65873176,0.58058608
0.90409440,0.92202109
0.93286425,0.92261904
0.81918007,0.92895114
0.90254140,0.97321427
0.94441038,0.94377512
0.76267254,0.76018411
0.80747426,0.67623830
0.80126333,0.89098436
0.88093197,0.91602188
0.15766737,0.17230944
0.58623266,0.32973078
0.71841455,0.81386065
0.37148866,0.27668396
0.91656846,0.87431556
0.70022142,0.56918818
0.63229704,0.42682275
0.79316241,0.63289338
0.75294942,0.77915019
0.79512203,0.60599780
0.91457438,0.88887203
0.90577579,0.87887549
0.85224712,0.86881334
0.90234095,0.84907150
0.90886968,0.91576087
0.42227542,0.28926456
0.61772662,0.47911146
0.56385529,0.72467917
0.52861476,0.25419217
0.35779268,0.47933921
0.72146994,0.79894364
0.94011128,0.92743337
0.67423290,0.64779776
0.88254941,0.84539419
0.91616035,0.91399813
0.82171375,0.87271202
0.78949195,0.89002138
0.75285500,0.66373658
0.93285507,0.95114291
0.88597381,0.88769233
0.90243512,0.90360600
0.92543221,0.90453696
0.83473212,0.87023139
0.49430016,0.56904960
0.25826621,0.16021530
0.62230152,0.58776891
0.64240670,0.71616167
0.68208265,0.37820470
0.73771161,0.65054834
0.44367510,0.50625002
0.89563662,0.94345587
0.28220537,0.17151481
0.56823719,0.46443731
0.93660897,0.88044626
0.82250851,0.88876408
0.21929054,0.11137762
0.77063823,0.82759631
0.41510099,0.33913177
0.31231236,0.40757680
0.66686046,0.59522474
0.91237515,0.82589042
0.93327063,0.89339018
0.91766620,0.93048781
0.86533600,0.87427169
0.86924040,0.87892240
0.93157881,0.87680632
0.60838342,0.65094632
0.91038692,0.92667466
0.89910668,0.82291138
0.95099455,0.93553358
0.72180617,0.88555944
0.94996047,0.91696113
0.88427246,0.72555214
0.27639019,0.28170526
0.27877757,0.37861234
0.74060100,0.80787998
0.86954099,0.75822806
0.83291560,0.76342481
0.92616051,0.92787415
0.21525198,0.25668153
0.84344137,0.90701222
0.33426583,0.44807673
0.79422307,0.81018358
0.93653554,0.91454196
0.38428620,0.38902196
0.69159824,0.68171883
0.86998665,0.94202447
0.84109998,0.88461536
0.59262425,0.61678380
0.85256201,0.81605130
0.87516421,0.85770750
0.71537161,0.76175278
0.92310148,0.84337181
0.83436382,0.74940479
0.31296176,0.31749630
0.88740271,0.93988925
0.48602790,0.40856928
0.49392548,0.61964816
0.88272107,0.84441388
0.27613810,0.26264372
0.77329135,0.81456357
0.92554045,0.94091511
0.94165146,0.94483697
0.76114148,0.77436751
0.74763238,0.73497641
0.87095624,0.92367995
0.66521019,0.77442616
0.92267776,0.94002044
0.57423288,0.63948178
0.39611208,0.29001552
0.50649273,0.47703418
0.34525678,0.46399826
0.40939167,0.37721276
0.80528462,0.78236324
0.87681305,0.92214078
0.31438723,0.27103627
0.56420946,0.76398522
0.75010896,0.67205632
0.83902365,0.83523494
0.65633720,0.64715928
0.60137683,0.51620871
0.53333712,0.32157460
0.41431698,0.45544040
0.88049054,0.87108934
0.87991214,0.89443016
0.87696099,0.83858269
0.56037647,0.57860529
0.87913722,0.88908589
0.88829154,0.89660627
0.92597824,0.92574090
0.54766554,0.54323483
0.52751565,0.60007393
0.89136249,0.91481650
0.86333913,0.81704611
0.72895688,0.58841795
0.87125409,0.88918424
0.92605007,0.91494471
0.51122910,0.68860352
0.45295906,0.52295959
0.89572895,0.88658679
0.94672018,0.94576925
0.60603780,0.49879763
0.93340147,0.90279007
0.89241433,0.88721806
0.81789631,0.81605262
0.83352286,0.87434340
0.88427585,0.90211141
0.88649744,0.77503872
0.69154781,0.71505392
0.91182977,0.88430274
0.83724844,0.92897898
0.86631805,0.90256023
0.39228457,0.40279752
0.72197956,0.84916544
0.82418209,0.83684731
0.66934842,0.70334005
0.80258787,0.87882924
0.85876667,0.87598771
0.22177851,0.31770834
0.47278211,0.28206921
0.86427426,0.89248365
0.83232033,0.85238957
0.04928242,0.05983176
0.87865758,0.85267913
0.83256727,0.77992070
0.85416192,0.86928755
0.88703901,0.96528614
0.72083789,0.71977520
0.95369643,0.96238422
0.88547540,0.85739511
0.83886242,0.78503537
0.73681784,0.79966629
0.85507995,0.93440080
0.92649502,0.92379886
0.89720237,0.98342597
0.27465850,0.20089869
0.91462642,0.90116090
0.79772043,0.69155842
0.69397438,0.78557223
0.88753253,0.89515465
0.89930314,0.93720782
0.83196473,0.92423284
0.94722903,0.90575522
0.15980196,0.13828705
0.88756317,0.86878383
0.47936025,0.60396838
0.95163399,0.96349204
0.62712300,0.51846373
0.85619688,0.93656617
0.93207502,0.89278406
0.80011314,0.87902308
0.28537089,0.30046332
0.80592871,0.53138095
0.94433278,0.87888008
0.57261628,0.75535089
0.95357805,0.93247199
0.81303263,0.79126173
0.79540354,0.76397306
0.36969286,0.49263170
0.82484221,0.87048954
0.25098187,0.31396824
0.85172570,0.84852940
0.83245927,0.83923560
0.77698570,0.77722436
0.63225329,0.54607058
0.42580053,0.39491045
0.32534620,0.36439809
0.94623888,0.92298979
0.45689854,0.35971594
0.85477543,0.66836733
0.79635376,0.82934022
0.72998613,0.74916667
0.54436338,0.56794870
0.18730819,0.26325795
0.31901485,0.32736620
0.46791416,0.47069946
0.87858361,0.84627378
0.21248117,0.24463277
0.88547587,0.89110482
0.80797243,0.88505620
0.94859910,0.94174266
0.20777225,0.41137549
0.82765698,0.91608393
0.86846286,0.79931033
0.63464701,0.51875001
0.90466446,0.91388160
0.91290885,0.92925030
0.82511288,0.78833914
0.85157967,0.79221088
0.45293257,0.35390970
0.85551721,0.81076223
0.75275546,0.05911645
0.93144494,0.91886663
0.59651488,0.56222737
0.70292026,0.68636763
0.87526983,0.95931786
0.42756212,0.32346126
0.82574499,0.78118002
0.66926068,0.85876667
0.90978658,0.88779765
0.59619993,0.71874297
0.57784253,0.53004801
0.93185055,0.95449668
0.82363468,0.79494876
0.90860152,0.87537640
0.78025419,0.86697876
0.91859627,0.93665755
0.90935498,0.90814400
0.56063473,0.65395433
0.87212026,0.89931768
0.27302173,0.18908121
0.68779927,0.82154208
0.53076667,0.69164246
0.90002060,0.93209720
0.29009703,0.35555893
0.93757814,0.80653161
0.78450811,0.85493028
0.52608597,0.38282001
0.53133816,0.19711182
0.89549094,0.95179147
0.30600718,0.12941177
0.45386037,0.31220102
0.49136540,0.44861254
0.64836317,0.58635527
0.43161756,0.44241595
0.72372037,0.79017901
0.55322921,0.73001599
0.63301015,0.71861422
0.70414126,0.73753810
0.67996472,0.71454597
0.86615872,0.92307693
0.83639961,0.80853629
0.82664287,0.81911242
0.57934928,0.61310273
0.40134925,0.16138309
0.82011527,0.91361284
0.89172578,0.93801761
0.78436840,0.73944688
0.93024498,0.95026594
0.74353588,0.68241286
0.46140718,0.29026577
0.95352376,0.90825266
0.72118860,0.56674302
0.92318386,0.83006382
0.31173220,0.37950405
0.20321997,0.24927419
0.59428328,0.66252685
0.22228774,0.16204339
0.92372459,0.93233085
0.25896186,0.31582168
0.52899629,0.54292929
0.48579866,0.50508738
0.77797163,0.72426468
0.95364296,0.96746254
0.63080621,0.65416348
0.78865826,0.73229450
0.86904544,0.83696705
0.82506454,0.91287881
0.82943231,0.78899848
0.77241880,0.67014772
0.69841939,0.66860127
0.94991302,0.98486894
0.88803482,0.91407204
0.82849336,0.79912353
0.91609561,0.90790600
0.74974608,0.70644838
0.84642136,0.91641748
0.77820629,0.84031063
0.80694848,0.87734169
0.41786796,0.62949657
0.87943542,0.94938821
0.90676451,0.82608330
0.88703102,0.94702840
0.64970702,0.63105524
0.90190458,0.88569623
0.81880337,0.77464294
0.68463105,0.74545455
0.94744277,0.98336834
0.89283687,0.91069108
0.96668398,0.89937484
0.84885752,0.78953713
0.76054043,0.76818180
0.72583443,0.57471848
0.94157493,0.93378985
0.33993325,0.52639496
0.77019483,0.76866150
0.80983984,0.89826912
0.90592211,0.84943604
0.85470343,0.81756449
0.21536645,0.24496280
0.90457207,0.76861268
0.84272081,0.85765803
0.92869115,0.90140927
0.86747199,0.84456784
0.90875143,0.91470444
0.89083910,0.92037565
0.89960665,0.85377020
0.88102436,0.79467213
0.92475480,0.94008398
0.70536697,0.65170592
0.84589320,0.91676092
0.77783883,0.90826541
0.64236790,0.60053039
0.74263215,0.76889235
0.68397832,0.65831244
0.89769787,0.86602229
0.89855796,0.93534577
0.78581482,0.86279762
0.87590307,0.94604290
0.67155796,0.39957401
0.27380183,0.24195077
0.80186784,0.93266457
0.82765323,0.80518061
0.76854855,0.72062546
0.80446804,0.78055555
0.56642807,0.56966841
0.94838828,0.92892653
0.92951500,0.95193678
0.44100291,0.38558289
0.77685791,0.90510201
0.88312560,0.89741594
0.42380336,0.37056318
0.92742723,0.89875025
0.90294111,0.86353403
0.84468591,0.83863795
0.85220498,0.93527162
0.70420146,0.75619966
0.91696024,0.92960197
0.49487707,0.44396770
0.74695289,0.70168668
0.65882081,0.83679587
0.69923371,0.69344342
0.89142859,0.89650995
0.71332443,0.60600597
0.89095598,0.99450552
0.50487334,0.51262629
0.95033932,0.95794207
0.90664572,0.94287515
0.82532024,0.83426428
0.91214746,0.86212325
0.90019351,0.94481504
0.75457752,0.85546035
0.52050579,0.60193843
0.90384442,0.86465520
0.62797481,0.69813317
0.58536166,0.64303428
0.45726606,0.53717440
0.70719457,0.84272724
0.72228676,0.54914093
0.68716139,0.78872246
0.89728862,0.90750098
0.94467986,0.96502912
0.68140996,0.54791605
0.18023947,0.28604645
0.89132214,0.88689107
0.79411352,0.63084817
0.78523254,0.81448370
0.79908133,0.84798652
0.78692752,0.81720990
0.65970218,0.61100036
0.44709155,0.37871712
0.90885401,0.93508095
0.85975480,0.95268255
0.66974926,0.63884330
0.92446172,0.91655874
0.27207989,0.18856642
0.54096723,0.43263334
0.37619105,0.22155657
0.88416755,0.89042938
0.49465448,0.45910111
0.83109862,0.73458838
0.93526357,0.89012313
0.71785808,0.83894086
0.93029040,0.95038587
0.83350497,0.79125559
0.83840507,0.82203388
0.88682771,0.82721812
0.82082099,0.92786938
0.20410290,0.23721561
0.82114750,0.80576110
0.78159332,0.80829614
0.39129546,0.37508041
0.27481183,0.39418384
0.86969793,0.93737882
0.76529211,0.72736418
0.92492133,0.94878781
0.95209122,0.96307963
0.29040265,0.23443674
0.94230336,0.95625705
0.36120760,0.32948253
0.30396456,0.33280957
0.83946413,0.92866290
0.58990955,0.59002978
0.87435734,0.86577785
0.72601700,0.67957091
0.27778062,0.37083334
0.23621115,0.30060565
0.87768668,0.88114440
0.84197807,0.86221063
0.85556650,0.92929351
0.93245971,0.94755554
0.86362720,0.93284994
0.84131455,0.79547930
0.93312061,0.59764564
0.21316724,0.18849500
0.54970491,0.45049426
0.58278215,0.73779058
0.81644928,0.74086756
0.87226850,0.90647060
0.83378989,0.87305856
0.87628144,0.78616065
0.88033545,0.81487179
0.83623767,0.88617051
0.73734021,0.94964349
0.86173940,0.88360649
0.83498710,0.69574910
0.85777622,0.92451078
0.84632111,0.87648630
0.75847256,0.66000003
0.87383789,0.86680472
0.89428264,0.92136472
0.86525196,0.98305082
0.77277386,0.85917401
0.88641119,0.85643667
0.92739433,0.97607863
0.86268657,0.86778843
0.18287167,0.11444855
0.55238986,0.66009390
0.54241532,0.31722808
0.44615063,0.52303976
0.77718383,0.81928641
0.88889009,0.92797798
0.31994241,0.52903360
0.83378631,0.57935721
0.92464036,0.84517330
0.66342610,0.61519480
0.93546236,0.92339206
0.48815888,0.37234765
0.31747442,0.34595588
0.96804392,0.97681099
0.81934768,0.92441779
0.27752018,0.26586309
0.93493313,0.93525636
0.80070257,0.87356466
0.66341156,0.76463962
0.82363915,0.83113098
0.82359618,0.81653941
0.79786056,0.74366540
0.24821863,0.74915254
0.26144806,0.15166023
0.88054907,0.93917751
0.82040387,0.57265884
0.79625815,0.72574067
0.85989231,0.96226418
0.67063791,0.53176051
0.90772361,0.91369045
0.83958489,0.91626227
0.81115144,0.78528452
0.81034595,0.89729768
0.80984253,0.58861798
0.59062099,0.73949623
0.65490311,0.33631712
0.64875180,0.65859860
0.94225520,0.94795454
0.90747291,0.90801525
0.82603961,0.82967067
0.26322958,0.30645886
0.44850516,0.50251269
0.77462751,0.57917917
0.91789114,0.94779015
0.41029117,0.41248873
0.46579012,0.48412770
0.87880856,0.84244376
0.91987413,0.96799999
0.76601684,0.70853096
0.29011860,0.34913969
0.73858863,0.74974638
0.45030320,0.58547497
0.85368663,0.89215314
0.82801461,0.78218085
0.91860467,0.93565577
0.84272707,0.78867966
0.92575532,0.96692306
0.26636481,0.26499084
0.13329656,0.19875507
0.91719222,0.89975178
0.75523961,0.64754456
0.93069375,0.95454317
0.59653634,0.42990908
0.87101567,0.87952393
0.73527527,0.80987573
0.79151660,0.68158633
0.89169908,0.96209157
0.70720953,0.77735543
0.88743979,0.91145277
0.84775752,0.89309311
0.25297260,0.53292096
0.91816127,0.96157050
0.86036521,0.87500000
0.86278552,0.82282609
0.79717261,0.91638511
0.56188989,0.58630854
0.92161047,0.93979931
0.78224111,0.59177703
0.82724053,0.89854771
0.77344036,0.72432882
0.79667419,0.63698202
0.91242802,0.93027323
0.69297582,0.56061918
0.85441816,0.77020580
0.41632047,0.42132545
0.88875377,0.94683260
0.90647447,0.90500355
0.92963791,0.94230771
0.76189953,0.65608561
0.74725723,0.74019837
0.81281590,0.70291167
0.35583740,0.44576421
0.61934388,0.90727490
0.88201433,0.94602466
0.31366929,0.33775628
0.89604217,0.95109040
0.92277163,0.91905427
0.53668225,0.50566500
0.88094348,0.90048444
0.70031452,0.59053195
0.93732429,0.97306174
0.75200844,0.75476748
0.43019485,0.33456340
0.93393981,0.96128732
0.84609747,0.81549895
0.82871592,0.85439688
0.74157691,0.85401893
0.85140163,0.85075760
0.94619232,0.95165145
0.92868191,0.92686504
0.29614854,0.48505858
0.93647438,0.95390511
0.84810358,0.80599838
0.87250358,0.90769231
0.76224869,0.79080892
0.86201257,0.90397990
0.59009707,0.36405113
0.83912832,0.87470949
0.89063001,0.93694389
0.61036724,0.79691780
0.83597618,0.78330952
0.89162588,0.96805274
0.56304920,0.76921332
0.91040915,0.93607086
0.75863671,0.72216403
0.85599691,0.94570917
0.66248029,0.78358960
0.08620472,0.22785492
0.25591785,0.30344516
0.93441337,0.97201425
0.93915242,0.92996705
0.35446084,0.49853569
0.73734736,0.71849275
0.88800025,0.95070422
0.88171875,0.88003707
0.82030845,0.83245796
0.76249009,0.69407368
0.95766157,0.97383201
0.86217779,0.84758884
0.94269818,0.91683120
0.93638951,0.84386200
0.93194824,0.90087718
0.67309391,0.79504013
0.89781970,0.90407240
0.92019248,0.88486165
0.61676306,0.47393841
0.87848634,0.81459248
0.63786042,0.65215379
0.70548373,0.70029688
0.82940501,0.76731455
0.64785171,0.65735173
0.85760295,0.87525922
0.40387842,0.51220894
0.85355240,0.79191267
0.90219063,0.83404255
0.94928539,0.95983928
0.41514757,0.36042839
0.85117948,0.80392855
0.88734215,0.85172158
0.57989836,0.72687620
0.90399414,0.92983389
0.92846644,0.95673680
0.91014403,0.95630878
0.89943701,0.97462410
0.93688083,0.89845413
0.82630730,0.79668605
0.92667234,0.88697374
0.88120931,0.86759579
0.65880024,0.88792294
0.93270957,0.93200159
0.91845232,0.93097031
0.85997862,0.85191262
0.33730707,0.43764684
0.92724425,0.95304269
0.93992352,0.92646158
0.38591123,0.39971015
0.79942465,0.67215383
0.22041516,0.25180703
0.78731662,0.81518060
0.90773010,0.86124969
0.87903905,0.81611842
0.79073894,0.84769130
0.69241112,0.50645941
0.05159119,0.08762792
0.34416088,0.21655035
0.89384907,0.88651985
0.78004348,0.83152914
0.83495349,0.82580411
0.57872117,0.56879222
0.57366377,0.51782811
0.93335474,0.92928571
0.69183356,0.61852694
0.83144891,0.87166262
0.67871016,0.56360048
0.88460821,0.86212993
0.85200727,0.78719491
0.24271609,0.27508554
0.83986408,0.04841315
0.76759434,0.80169010
0.48244229,0.68397969
0.94898909,0.91978264
0.89150906,0.94484937
0.49992692,0.38727298
0.85091013,0.90857321
0.80711925,0.89265734
0.04757251,0.06653640
0.88026977,0.89169848
0.85933560,0.90864319
0.95026481,0.94609249
0.90869099,0.90433514
0.42824939,0.75037980
0.68461531,0.76231754
0.83809078,0.80713177
0.57305497,0.62611806
0.41766927,0.40342155
0.81903213,0.91816008
0.87769943,0.88266206
0.44442382,0.33628988
0.31449437,0.30961546
0.94357044,0.87369770
0.80848885,0.84653473
0.78920531,0.76207525
0.35646924,0.72625697
0.76709241,0.83388489
0.58918387,0.68317592
0.81026876,0.86365926
0.86149335,0.74751997
0.92523432,0.92639738
0.86769652,0.96173269
0.85403633,0.93501294
0.28903955,0.25788260
0.89071107,0.88248795
0.18967634,0.27713567
0.28702098,0.23388544
0.80368632,0.88203245
0.53223687,0.22875798
0.68693560,0.45881549
0.37363952,0.37987551
0.82242692,0.68915665
0.58120680,0.52350962
0.89919257,0.90397918
0.82152689,0.75808090
0.88041478,0.92827880
0.71595538,0.66389322
0.91064751,0.74797606
0.54544359,0.61400348
0.83780426,0.87679505
0.89803576,0.85100001
0.80023408,0.76419407
0.61812800,0.70871383
0.33868477,0.37168610
0.20323068,0.25433421
0.36322436,0.55558765
0.29349816,0.37943745
0.70018774,0.70826066
0.66864634,0.68231523
0.88306183,0.83614987
0.43320635,0.66354609
0.59322327,0.56455427
0.90432304,0.91570240
0.87592900,0.94852942
0.78496408,0.87019229
0.74754626,0.67060351
0.88478923,0.87860221
0.50111914,0.43408552
0.89255971,0.90430224
0.53667843,0.47454759
0.49974233,0.51738435
0.49389187,0.49768543
0.89959902,0.91897058
0.62746739,0.75338256
0.23406200,0.33257172
0.83032095,0.89344037
0.91518801,0.91629022
0.68723875,0.73072940
0.87125188,0.88801169
0.37513238,0.32324985
0.88454199,0.94017380
0.47645497,0.62384528
0.74103761,0.81833214
0.92611897,0.89733124
0.85520673,0.93570572
0.75234807,0.80914003
0.72872835,0.67290825
0.66904241,0.72541469
0.95086682,0.97580647
0.78010499,0.73941207
0.93890709,0.92059553
0.91348851,0.89386451
0.92618728,0.90226364
0.84903693,0.93188852
0.88638842,0.92187917
0.90152198,0.82926828
0.95659423,0.90646851
0.47877735,0.59047621
0.76688045,0.65952832
0.86341077,0.79450709
0.77330935,0.90077573
0.45449072,0.55291277
0.73104835,0.79394019
0.93102348,0.94914114
0.81130522,0.85851353
0.63755167,0.66111636
0.46548027,0.68265980
0.77348357,0.79583335
0.92709494,0.91269839
0.61520565,0.28492424
0.79358971,0.65308434
0.63057429,0.60615385
0.87386668,0.82792622
0.87449855,0.82487172
0.81676996,0.79496950
0.77496380,0.73055607
0.85148537,0.87011999
0.92438203,0.92416620
0.83414108,0.74605095
0.92731732,0.91570044
0.75001687,0.91728526
0.91936320,0.96706986
0.15113102,0.23533912
0.62413418,0.62380713
0.96696007,0.96905977
0.91282701,0.78756368
0.88819128,0.89470923
0.75360388,0.71027851
0.86801571,0.89061230
0.93560290,0.91687191
0.95472419,0.93857831
0.83817518,0.83492053
0.72596169,0.50351262
0.52457178,0.45799181
0.67599767,0.71102941
0.80027848,0.54235274
0.89446312,0.90381426
0.81124824,0.85565293
0.94055796,0.86322647
0.23635544,0.17943865
0.89738059,0.91248631
0.56193668,0.66569257
0.81736088,0.79492009
0.91328889,0.85245121
0.78770357,0.81559318
0.27650204,0.41204482
0.69738930,0.82869667
0.62033123,0.57735616
0.70651335,0.94763815
0.80329716,0.52567416
0.30120519,0.27283254
0.85668987,0.77820754
0.77871996,0.80371416
0.70011246,0.64583331
0.78080732,0.69887793
0.58500522,0.70807451
0.77163804,0.92517263
0.36188042,0.36639267
0.93268573,0.92623454
0.61923939,0.75976318
0.94415313,0.94687277
0.70646644,0.66178685
0.83975595,0.86329669
0.87655896,0.96053946
0.92091972,0.96490383
0.87453425,0.76452470
0.03300120,0.04907224
0.80261749,0.73474181
0.85625470,0.84605688
0.76449865,0.80925405
0.90846288,0.83467120
0.86113352,0.87336600
0.78876150,0.80581552
0.35259342,0.29188052
0.81120336,0.90178400
0.90664482,0.96808511
0.91110265,0.90359366
0.88800871,0.94184738
0.36098135,0.37508628
0.58020425,0.57276696
0.33916339,0.31777900
0.78628671,0.72867787
0.40396735,0.45838079
0.92765796,0.96690059
0.68353957,0.76967627
0.90388834,0.84325379
0.75254524,0.77817506
0.68226653,0.78527069
0.89965892,0.88919914
0.65107530,0.47211823
0.77751428,0.81373334
0.87904143,0.92434543
0.74081820,0.90702969
0.34940872,0.36060503
0.76303577,0.79690802
0.90218675,0.90548658
0.87621450,0.74968606
0.79555947,0.85537040
0.93248677,0.94372815
0.63299978,0.63958174
0.21586400,0.29538941
0.82783043,0.87087911
0.88023013,0.78552634
0.82732260,0.80993885
0.67152017,0.64122051
0.50678504,0.90967745
0.88413692,0.94041324
0.66455716,0.66906327
0.91796303,0.85280538
0.75296038,0.77713078
0.86503386,0.90087938
0.49741822,0.36320755
0.57988179,0.80348140
0.41611695,0.45288461
0.46294138,0.80483484
0.77755702,0.66613168
0.48591268,0.45424199
0.87439924,0.80536550
0.53247851,0.58970314
0.90732557,0.86410403
0.91715389,0.93724263
0.81794977,0.79350895
0.95493257,0.94241124
0.49213555,0.09493448
0.64270979,0.70093668
0.90165514,0.91849816
0.58056766,0.77214825
0.92865431,0.91477275
0.19177508,0.19832759
0.83019090,0.77344030
0.90200174,0.81774193
0.54900229,0.74101347
0.81918502,0.79667425
0.36454210,0.39893100
0.78955156,0.75262189
0.95312178,0.97436619
0.64304578,0.58208001
0.93204862,0.85481483
0.78647709,0.65468109
0.89208758,0.92648536
0.61691862,0.74169868
0.93500262,0.96470946
0.15332173,0.14268395
0.89272916,0.85882354
0.92815346,0.96330440
0.83270496,0.82924050
0.83750105,0.77595627
0.52841419,0.44452891
0.82401437,0.84760499
0.49339965,0.63616735
0.84342569,0.75533837
0.85434574,0.77235162
0.95868129,0.92451161
0.56978619,0.52540648
0.80832815,0.87541831
0.85868132,0.86324370
0.90291446,0.92401743
0.91814852,0.79488355
0.83151519,0.81569493
0.93333149,0.91648656
0.68168575,0.78724122
0.74803764,0.81261754
0.93933290,0.89749157
0.81099063,0.54038197
0.70764905,0.41161060
0.24769227,0.27785650
0.87381834,0.83435541
0.85135978,0.93596226
0.53817087,0.66906357
0.17046060,0.09331770
0.67621148,0.70543820
0.50421470,0.39207914
0.50024867,0.66717333
0.85524178,0.76567328
0.87371361,0.87568682
0.96809310,0.93506479
0.75405473,0.70934904
0.91957450,0.90208632
0.42471486,0.35040271
0.78269887,0.85967463
0.86896461,0.82354587
0.71097767,0.61100799
0.48490706,0.69261646
0.95304632,0.92561406
0.72534859,0.67673612
0.92793834,0.86098039
0.90890622,0.97058821
0.72207195,0.73329091
0.51269913,0.55677921
0.66219848,0.68556148
0.94874793,0.90425187
0.91532683,0.93237972
0.92456990,0.92176437
0.68541634,0.75551468
0.92783457,0.94066691
0.84432501,0.91112089
0.86371154,0.79359227
0.59371686,0.65434331
0.60737878,0.66588682
0.83631730,0.88086140
0.83072323,0.86908519
0.92414647,0.92590219
0.30212632,0.27918723
0.72396046,0.75859374
0.48339173,0.60708481
0.85419917,0.88536286
0.81361157,0.82017541
0.86194628,0.85367477
0.50376785,0.29310322
0.86078870,0.75720918
0.87443519,0.84809572
0.86651528,0.90018588
0.80177671,0.90471417
0.86803383,0.83271801
0.88319784,0.92495608
0.84433591,0.80089670
0.59270835,0.62819201
0.80060410,0.87680167
0.28308290,0.18476626
0.50370914,0.65500969
0.86264831,0.86213160
0.93610197,0.88749844
0.73397875,0.68462902
0.71241617,0.60758698
0.51652330,0.44687781
0.56624156,0.54361302
0.86240655,0.89737171
0.33140495,0.33808678
0.91568404,0.93352044
0.88515496,0.88174605
0.69481051,0.67734772
0.55505437,0.60252136
0.45403731,0.47512907
0.68908286,0.71401262
0.85215634,0.85995477
0.72151148,0.70470148
0.50995696,0.72416669
0.91598272,0.92451495
0.89993751,0.89092827
0.67375153,0.48940939
0.94259584,0.85253119
0.77867007,0.72226584
0.81985497,0.82371795
0.80769616,0.72313339
0.74832070,0.69491524
0.41300243,0.28302512
0.80925018,0.66316849
0.85681814,0.78918386
0.80613136,0.86122358
0.65587509,0.61486304
0.94126844,0.93851012
0.82859331,0.86617076
0.24833372,0.21854033
0.90164262,0.86709678
0.63235253,0.44594145
0.70832127,0.70934421
0.78030151,0.57563108
0.64130652,0.84181809
0.90541065,0.89143956
0.28192407,0.33776334
0.92060357,0.88076925
0.59632331,0.62833571
0.70172012,0.65507013
0.52565664,0.54255599
0.91639107,0.94780439
0.86944485,0.84815168
0.87374598,0.96512538
0.91608024,0.94533569
0.13908178,0.13820100
0.59646803,0.63128549
0.90806967,0.87087184
0.76060301,0.77670741
0.56677991,0.57333332
0.75991428,0.73601484
0.58677286,0.60244495
0.90985572,0.93458170
0.84390575,0.74855393
0.85713875,0.85432756
0.93438619,0.90358436
0.54448020,0.36324245
0.91254634,0.90914899
0.47455987,0.23429488
0.72643471,0.67422217
0.88223183,0.91130614
0.87993234,0.86633402
0.52124548,0.45963559
0.85668087,0.93364704
0.89586240,0.90337920
0.83964646,0.88635087
0.85846663,0.86596137
0.08293889,0.14238474
0.78375512,0.67353058
0.77138329,0.65959710
0.69668204,0.68902355
0.92794901,0.94130772
0.87273967,0.93890327
0.82740825,0.83010000
0.85264468,0.76870990
0.64126128,0.78508079
0.32485935,0.20129573
0.71363920,0.73593277
0.61240304,0.69652408
0.91928226,0.89276779
0.93953454,0.95815170
0.82846582,0.85358393
0.90902388,0.95081967
0.74376005,0.87386876
0.90611684,0.92785192
0.86442077,0.82240474
0.56147969,0.51847291
0.51338905,0.54570955
0.89498246,0.91483933
0.92551571,0.96159512
0.94101727,0.91969699
0.89860088,0.77557325
0.94802737,0.94213098
0.51515508,0.59547079
0.60736996,0.63316905
0.82815325,0.85747862
0.86639529,0.88942462
0.79684472,0.76581365
0.89334673,0.92413795
0.91251540,0.86388087
0.84765297,0.90184408
0.91712052,0.94159889
0.59575915,0.47769994
0.48583376,0.51582682
0.74519837,0.65855271
0.63047892,0.55837613
0.72030348,0.86041665
0.91818267,0.81261653
0.61813033,0.64788085
0.89671105,0.90757883
0.54753375,0.68867254
0.30373549,0.27033615
0.89284611,0.86742425
0.92134756,0.95296687
0.89913464,0.87668997
0.68071550,0.70405483
0.91942072,0.90872830
0.27879447,0.26891235
0.30328003,0.28844616
0.92649364,0.93867528
0.93100899,0.95836520
0.92757779,0.85400099
0.55763292,0.64777327
0.92570078,0.94413793
0.16637312,0.58318377
0.88896841,0.87031418
0.89637768,0.90730679
0.87145406,0.89260840
0.85570747,0.85858172
0.57048899,0.44202900
0.35137475,0.22620282
0.92852062,0.93948317
0.91677105,0.95407110
0.85791683,0.85167789
0.29205081,0.31044713
0.51048797,0.53255486
0.64098138,0.65804696
0.50224483,0.71916008
0.88973743,0.82708436
0.86030835,0.90111095
0.89796120,0.88809043
0.48298228,0.61163920
0.48055741,0.29148528
0.84617436,0.84470338
0.77097464,0.76190341
0.53853303,0.67272520
0.90404212,0.96080023
0.85985202,0.93525702
0.91516566,0.96389180
0.63975120,0.64065313
0.81715167,0.72689146
0.84824640,0.77282280
0.39832538,0.57794201
0.17797752,0.35547245
0.73494804,0.93001091
0.86978477,0.76111454
0.40027365,0.52020627
0.14215295,0.17866541
0.70831662,0.69835669
0.32214671,0.33899325
0.69451642,0.67985255
0.94084585,0.92778361
0.15393251,0.10347844
0.83124954,0.86087668
0.90337664,0.91655713
0.59183908,0.68643981
0.73721647,0.61396575
0.68090314,0.78740156
0.84673572,0.83333802
0.44626465,0.77130038
0.89566678,0.94031703
0.84438145,0.91185915
0.91782022,0.83411217
0.47066247,0.89218092
0.66133213,0.73265839
0.93427080,0.94374889
0.87103057,0.89110535
0.38071737,0.51438850
0.62695581,0.74140918
0.66751003,0.72272569
0.25861838,0.25613412
0.87003583,0.91926461
0.68947840,0.67595762
0.34851378,0.35258478
0.67116201,0.75138831
0.91530210,0.97033179
0.58776659,0.56723893
0.18400526,0.06769641
0.88505119,0.90299064
0.59591538,0.75866234
0.52859586,0.55458927
0.50712645,0.64275974
0.73859859,0.78007442
0.93060219,0.93749142
0.25208065,0.33064476
0.20376040,0.13935617
0.73258704,0.76309842
0.84342694,0.70236617
0.78196955,0.82342285
0.90130639,0.96078664
0.82453024,0.61427450
0.75469631,0.86798906
0.84431338,0.94516754
0.80761981,0.86344659
0.90993696,0.78021848
0.90919417,0.88256192
0.88256776,0.92800957
0.67594767,0.70984000
0.12164133,0.19401021
0.94389659,0.93364310
0.78921282,0.85556608
0.85598183,0.82829678
0.85725105,0.86018974
0.89347005,0.93216723
0.87227124,0.83884478
0.85290015,0.91721135
0.86883813,0.85417455
0.44476143,0.44195944
0.82367218,0.63091153
0.89514750,0.92968750
0.92398202,0.98076922
0.94655043,0.93113101
0.94647104,0.93695152
0.67037708,0.59340662
0.66381747,0.75494677
0.42767188,0.56511414
0.69933581,0.59271789
0.58547068,0.57225901
0.69351703,0.63688868
0.71426374,0.85099202
0.38794205,0.51166642
0.87338966,0.86235178
0.86048979,0.71102273
0.75795949,0.74606460
0.70564574,0.90601236
0.73522401,0.82942766
0.90512478,0.95560515
0.13481529,0.17277816
0.52875358,0.41530049
0.27395338,0.35408485
0.80243915,0.86810982
0.90823114,0.87404394
0.83446419,0.84020394
0.89352494,0.88895178
0.88515383,0.88835049
0.72804958,0.75410956
0.23383798,0.19355844
0.69763905,0.70774949
0.88658649,0.79755753
0.94746387,0.94196790
0.70788920,0.53551751
0.76279783,0.69441104
0.84914780,0.74720901
0.52425903,0.80436713
0.82815129,0.90191597
0.79177809,0.81031436
0.41993111,0.57670254
0.41463998,0.37342286
0.91319752,0.90213126
0.87001312,0.91887301
0.24401712,0.21821387
0.90049326,0.84253246
0.82515115,0.91629750
0.71137774,0.85547787
0.24452972,0.17727028
0.84986967,0.76651859
0.74272984,0.61042839
0.31465936,0.57232702
0.73184788,0.77196455
0.49259406,0.31979588
0.90203518,0.94718504
0.88870424,0.82682014
0.73838842,0.79161072
0.91022867,0.92636448
0.89603758,0.87543857
0.69792324,0.73408186
0.88249201,0.91348845
0.86842006,0.83029968
0.50597799,0.54387695
0.33458686,0.09005424
0.89152449,0.93725491
0.90888357,0.89542693
0.85144466,0.90824288
0.80446827,0.68916667
0.78424877,0.75555056
0.88208145,0.88198572
0.83581591,0.78076386
0.69884974,0.90701753
0.88843280,0.81612223
0.90338421,0.93109173
0.78216386,0.63605124
0.15137185,0.22940685
0.63585591,0.68094826
0.11598238,0.09789793
0.64053148,0.55041182
0.87254053,0.66631186
0.45077872,0.38241181
0.58802933,0.58136481
0.18948704,0.14239281
0.42528850,0.41961285
0.77907842,0.67160743
0.90400660,0.81496948
0.92958504,0.94230771
0.58333659,0.54797554
0.18751866,0.22549520
0.91679585,0.88494551
0.85567045,0.87281960
0.88067394,0.79909480
0.93808895,0.97513658
0.85789055,0.87907219
0.84947139,0.82881582
0.35593647,0.28370300
0.54186910,0.50191200
0.53556067,0.55876905
0.77351487,0.84394497
0.80124378,0.86643320
0.87013423,0.88522571
0.92339665,0.92619932
0.70719212,0.62764049
0.88416451,0.83414376
0.80843532,0.59026688
0.90204537,0.88969105
0.87951905,0.87930161
0.72110718,0.64108753
0.81345314,0.69405240
0.76336807,0.44936466
0.64182746,0.65328610
0.36839363,0.35587573
0.88097352,0.92472613
0.88793057,0.89193571
0.90936065,0.91976273
0.69591087,0.56158555
0.77398968,0.93181819
0.86556637,0.93839288
0.89004111,0.89677179
0.57112241,0.61343890
0.75098532,0.64621210
0.85676479,0.93771851
0.74762940,0.64251715
0.86275595,0.80676502
0.89784241,0.92940140
0.23711616,0.56573516
0.77033961,0.83414179
0.71727985,0.61239034
0.94309938,0.94537038
0.73618430,0.89517760
0.83455253,0.84082633
0.94782877,0.95478034
0.78570181,0.82629454
0.93798375,0.90221554
0.69425064,0.71525139
0.67699039,0.65284371
0.72155315,0.88858747
0.36709440,0.34324324
0.89803803,0.92129201
0.38434973,0.52965587
0.77476102,0.85662329
0.66161555,0.62984276
0.74948573,0.84014910
0.73523962,0.67456281
0.79740089,0.81367642
0.84436017,0.87737381
0.80899006,0.71979111
0.72223037,0.60012245
0.79673070,0.80896324
0.49497533,0.79903263
0.84507114,0.84898800
0.82287520,0.89979094
0.59092617,0.54217803
0.89587861,0.87184513
0.38752624,0.35023639
0.92220521,0.86972600
0.92185587,0.93309766
0.80800152,0.42963848
0.93129790,0.95238096
0.90203857,0.90292448
0.52370876,0.59359169
0.89333439,0.84764689
0.90244091,0.93941593
0.64000010,0.54642147
0.57654244,0.46075755
0.87151325,0.78745866
0.93058586,0.88140428
0.87043333,0.85532874
0.84491944,0.87586004
0.37487206,0.41097781
0.69391870,0.81294906
0.67466730,0.69873011
0.80155003,0.76341772
0.46956027,0.41939652
0.92313755,0.93331707
0.36232367,0.38063678
0.78760052,0.81461120
0.84666222,0.86356544
0.85168374,0.81888497
0.78479046,0.70126402
0.90505546,0.84600532
0.78946137,0.71799242
0.65406710,0.80576766
0.13957117,0.11573371
0.08004992,0.14471753
0.18868819,0.27370870
0.25643054,0.21802193
0.84929609,0.86745286
0.90027845,0.91761792
0.41576171,0.55567831
0.26196209,0.08684523
0.93705779,0.90174997
0.90212369,0.97752810
0.80264491,0.50587827
0.89177316,0.95787656
0.79042983,0.82811010
0.67575997,0.58943623
0.86842215,0.84034121
0.64363027,0.72468823
0.60761893,0.41787943
0.52805531,0.67524695
0.82839811,0.88715434
0.84966660,0.85143358
0.83703113,0.76572299
0.84312278,0.73267573
0.45728150,0.41130349
0.41455311,0.41253459
0.47125766,0.42333701
0.83873552,0.80225331
0.31807569,0.37073177
0.91532916,0.89083129
0.95194113,0.92635638
0.86357766,0.90638530
0.95445925,0.92786336
0.88961250,0.88932884
0.88388866,0.87222224
0.80018508,0.76081729
0.89996094,0.84429973
0.82316929,0.86156839
0.49489695,0.45977011
0.91961545,0.87298405
0.47345877,0.47832707
0.38687992,0.52225542
0.74882853,0.79806578
0.85668480,0.88583738
0.83904916,0.87263954
0.64941692,0.70811111
0.90072078,0.81082720
0.69518119,0.75315470
0.49423656,0.55298787
0.89329433,0.86960250
0.91762352,0.89337331
0.23718588,0.29517210
0.23537797,0.38227704
0.86291754,0.94754153
0.85932505,0.89941752
0.67696381,0.72067940
0.84628510,0.92671192
0.74716163,0.72892541
0.40667102,0.40477979
0.44559985,0.49698871
0.50683999,0.22254266
0.88331419,0.91021466
0.67640573,0.75062531
0.90447056,0.89143640
0.91057813,0.92778337
0.92300355,0.84831065
0.80067241,0.81224483
0.68218273,0.76156652
0.84905499,0.82895660
0.47054622,0.54846936
0.92415565,0.93164825
0.75714046,0.79267889
0.29399145,0.17075326
0.38530427,0.27600297
0.95696414,0.93757331
0.86111045,0.71526593
0.67248487,0.66985452
0.53923768,0.41604635
0.85280746,0.81719166
0.22830673,0.21320389
0.65353292,0.72617304
0.95780277,0.94099051
0.71711236,0.75108284
0.54391670,0.46733695
0.08711605,0.10089324
0.96881628,0.94463146
0.76321912,0.74892473
0.83246738,0.84465814
0.52939713,0.58803153
0.82880205,0.78171647
0.75354749,0.86781013
0.28816551,0.48348597
0.85180563,0.89264327
0.57291329,0.50515997
0.90484130,0.91790068
0.28934434,0.32206389
0.83071250,0.85796642
0.62120575,0.50573266
0.25966027,0.20284900
0.91280437,0.87166619
0.91078109,0.93390751
0.90152860,0.99810249
0.59472752,0.66365343
0.60015470,0.42079458
0.77033192,0.71060944
0.88354123,0.93063945
0.80942065,0.73101854
0.85059553,0.95595813
0.80706882,0.61693120
0.70760363,0.85039145
0.94682276,0.96496212
0.41370171,0.24882154
0.89944363,0.92705601
0.83619559,0.88428366
0.39521652,0.38980940
0.82300496,0.93256634
0.90572405,0.83937222
0.80827874,0.72542518
0.79507989,0.67465597
0.57723975,0.82082480
0.89650422,0.90278625
0.90848529,0.89822596
0.75210816,0.68520772
0.54737735,0.38532355
0.56867051,0.48704740
0.84275258,0.83126938
0.29931018,0.18162036
0.92699957,0.90208477
0.86102569,0.77817488
0.86370307,0.97225618
0.17146574,0.19789402
0.87655246,0.89963681
0.93628508,0.94377440
0.89371580,0.85839826
0.70776600,0.61078435
0.50463080,0.61413044
0.92438877,0.93711191
0.89498383,0.76545084
0.94116551,0.97058821
0.24339910,0.36443609
0.38730365,0.36312521
0.83768952,0.76708263
0.46383232,0.52937502
0.86731911,0.79024607
0.91225201,0.89081454
0.86226588,0.86110950
0.68778849,0.75369942
0.28769851,0.35006940
0.95292646,0.94548410
0.80858970,0.66498518
0.82904750,0.81830639
0.81712967,0.82892108
0.81065595,0.88184768
0.34120834,0.27616072
0.86756837,0.79850364
0.83460778,0.89065719
0.86024123,0.93086231
0.91180390,0.72998244
0.87734169,0.84679800
0.37135875,0.21632653
0.26485905,0.33326069
0.26062781,0.19183815
0.63510913,0.48743087
0.90498829,0.94407952
0.86270672,0.89401984
0.89158314,0.81552893
0.87218237,0.92807019
0.89761549,0.78325993
0.79765779,0.86732459
0.83086026,0.77313966
0.86016989,0.77454948
0.69694185,0.74046820
0.87424242,0.85392076
0.85175103,0.83129698
0.87429565,0.83756614
0.94013560,0.93528140
0.90436184,0.88186926
0.77182603,0.79381973
0.77843738,0.69688696
0.95320749,0.91922879
0.87090540,0.92652273
0.88043630,0.84664577
0.75745720,0.76540387
0.82212204,0.89585638
0.91175133,0.93859649
0.33306453,0.32080314
0.82911342,0.77245408
0.92540371,0.91573280
0.62510943,0.64191377
0.75071824,0.85057473
0.11814781,0.14787246
0.90845811,0.84416056
0.76868993,0.79087746
0.82021725,0.89317387
0.75910741,0.64391613
0.89188874,0.88299233
0.51643509,0.43194795
0.69465166,0.67963105
0.58215261,0.65176547
0.82615924,0.82643163
0.73693901,0.75226355
0.76239008,0.75716102
0.47303918,0.44025022
0.67541260,0.60747039
0.88305062,0.78223419
0.88962495,0.86879975
0.81063002,0.76255196
0.89523661,0.88927275
0.92376548,0.96808511
0.60417652,0.54241073
0.81501144,0.75661653
0.29128814,0.09863760
0.47092342,0.55715907
0.75803804,0.73624593
0.84081227,0.79540890
0.56686157,0.71696526
0.48331833,0.59149587
0.89771545,0.93978560
0.87133455,0.96419412
0.69496542,0.69525450
0.84843135,0.49738893
0.84725624,0.76723981
0.94229323,0.95720690
0.88325858,0.90099812
0.88382459,0.95794469
0.19006790,0.30288059
0.70026904,0.71082675
0.84782141,0.86419159
0.73554838,0.65958905
0.91468257,0.85815513
0.79064035,0.74333793
0.67876697,0.66988039
0.66302145,0.71070814
0.82614464,0.94148535
0.64961404,0.81313258
0.84702855,0.79290372
0.79881513,0.64735752
0.82031405,0.79436970
0.90879703,0.87596530
0.90078527,0.87224531
0.92868948,0.95764995
0.41793564,0.36092472
0.72275174,0.62922239
0.93903255,0.92874461
0.73919719,0.74860299
0.61357772,0.70526314
0.84900540,0.89749998
0.37005553,0.37449864
0.94001466,0.95026022
0.62381148,0.32028005
0.53108054,0.64425415
0.92598701,0.96162230
0.84083152,0.76695514
0.77706987,0.77394414
0.45167285,0.63053328
0.89141119,0.95596242
0.80710161,0.76823986
0.79202652,0.75105363
0.37134698,0.32566988
0.72061938,0.68333334
0.73602450,0.69332433
0.08460222,0.08037448
0.81923175,0.89220911
0.87525970,0.96814519
0.87024337,0.84479272
0.86301708,0.79338527
0.89836603,0.94954646
0.61812681,0.43284315
0.84390038,0.69583505
0.93154734,0.89440757
0.39359534,0.36039910
0.18295331,0.35332921
0.84164780,0.68539518
0.63825637,0.74256802
0.56108344,0.48081312
0.63368827,0.53971231
0.89545554,0.72615498
0.93965548,0.92392248
0.93262923,0.96382010
0.71449405,0.73432392
0.88230091,0.86331171
0.88496703,0.78166544
0.81733906,0.89899069
0.68256927,0.76608050
0.82927233,0.86064786
0.63489610,0.82148719
0.42797819,0.58672035
0.93986005,0.93351567
0.30944842,0.42465344
0.46895993,0.68576086
0.57580388,0.52576363
0.80224168,0.70784760
0.74229008,0.53574198
0.90979904,0.91157508
0.86236775,0.74523485
0.94194406,0.91091871
0.75557190,0.82977635
0.65528089,0.81792766
0.86679947,0.88826263
0.73389441,0.72435689
0.79110128,0.75868577
0.59118599,0.67637467
0.80389768,0.99567723
0.93079215,0.92606348
0.64848143,0.57397401
0.88661408,0.90356058
0.82162333,0.71961153
0.72327822,0.79880536
0.56690943,0.50130612
0.90785336,0.93789756
0.87198752,0.95311296
0.80871606,0.81991476
0.80130470,0.72814614
0.71810973,0.71362889
0.85063958,0.83389235
0.84214997,0.83451200
0.89662915,0.78860199
0.74401206,0.73657191
0.89098144,0.84061986
0.84951568,0.94540530
0.80756462,0.80648643
0.29057640,0.31366667
0.81835753,0.84796661
0.74942249,0.73351729
0.47313026,0.54718840
0.89224458,0.88162988
0.74789941,0.81057250
0.89511549,0.92400765
0.66004395,0.57354552
0.89143896,0.87233663
0.37143603,0.50428438
0.33124742,0.13711420
0.35880274,0.32454872
0.85469812,0.89262384
0.95842040,0.96363014
0.19809942,0.19509904
0.94424528,0.99425286
0.59562021,0.72651094
0.65699005,0.60988230
0.59763676,0.60228240
0.86350036,0.88930732
0.94020849,0.86408865
0.57815456,0.34537953
0.86785817,0.84377444
0.94472080,0.90561378
0.17075312,0.13695097
0.30004126,0.50378859
0.84064674,0.74292064
0.90241450,0.79004449
0.19962493,0.24258862
0.73946410,0.86763489
0.87057805,0.94272786
0.91638637,0.87228262
0.91564077,0.93089473
0.74845892,0.82659674
0.66860861,0.56715345
0.55100048,0.43750000
0.55058557,0.64929664
0.81009662,0.87730443
0.82476687,0.87369418
0.95475626,0.93460876
0.76790398,0.83190787
0.92589664,0.93884945
0.92602676,0.93355179
0.86779267,0.68113589
0.84907156,0.92294228
0.90201151,0.92998475
0.70365059,0.72939563
0.91093230,0.81197727
0.91493422,0.93533128
0.74885088,0.66155618
0.85347813,0.83815289
0.56655920,0.64594233
0.49384511,0.42381462
0.39249387,0.33714616
0.18196420,0.19290447
0.81358153,0.88418782
0.62586844,0.52502614
0.23609789,0.22745098
0.88304389,0.81343281
0.31115696,0.29205781
0.92415565,0.87623543
0.62692273,0.67069441
0.76771986,0.84294069
0.91468596,0.93773043
0.80946517,0.81463414
0.91813624,0.94401836
0.92400050,0.86678141
0.86959308,0.87521613
0.64939058,0.57271230
0.38255361,0.53940362
0.72430968,0.71821153
0.85547996,0.91012084
0.54751831,0.47917229
0.87690717,0.98165137
0.84989876,0.91362369
0.87187195,0.85909718
0.75142276,0.54266471
0.86976010,0.91173846
0.88224828,0.90658933
0.93242300,0.86791629
0.93556333,0.95744681
0.75626135,0.58418125
0.69957292,0.82290292
0.90024644,0.87208658
0.73204798,0.74011052
0.38630795,0.60045093
0.89613801,0.83905226
0.62298828,0.65093398
0.89890140,0.90899503
0.69626063,0.69546163
0.38271561,0.74472129
0.84325111,0.88727701
0.73337555,0.73769182
0.73765683,0.73922074
0.66920823,0.76217532
0.93868768,0.93277627
0.76248360,0.83050299
0.92101276,0.90052283
0.18818563,0.21194558
0.25425634,0.17284226
0.88969439,0.77059960
0.88894892,0.91963649
0.83884805,0.89316058
0.87979311,0.86691087
0.90386748,0.93498981
0.84631884,0.82219505
0.57340980,0.58228850
0.76828492,0.70582694
0.95809978,0.95121115
0.80391926,0.86135387
0.43145603,0.56164718
0.24231315,0.30777812
0.80436420,0.91045171
0.89111906,0.89441824
0.87621999,0.84645456
0.78765833,0.94160479
0.92099917,0.91924030
0.92553061,0.90334094
0.64804369,0.61994076
0.64389771,0.40143004
0.83928633,0.81551468
0.67366433,0.78577238
0.29447192,0.20197700
0.77134389,0.66645622
0.59052163,0.78876680
0.87944150,0.89681494
0.95852804,0.90065694
0.81396872,0.84817350
0.60417718,0.47467282
0.67201465,0.79190505
0.32985926,0.28224444
0.55904943,0.76277483
0.83549649,0.91742486
0.81119436,0.83657098
0.82381904,0.82361144
0.85337812,0.68787706
0.84108251,0.91034049
0.93684983,0.96686637
0.66162050,0.61069554
0.89780164,0.83503401
0.70423329,0.69078428
0.90047526,0.91370666
0.87903702,0.84787780
0.88110310,0.90089047
0.85701084,0.82089055
0.89539325,0.80405194
0.87563539,0.93518662
0.95377278,0.97240955
0.82665378,0.84013987
0.84371912,0.87225527
0.94536632,0.92179430
0.90292388,0.92888987
0.25726137,0.45072746
0.86917216,0.85822284
0.91075569,0.85104918
0.74292433,0.76822382
0.89075822,0.82194221
0.64812857,0.59787560
0.81629598,0.84872788
0.80422783,0.83742207
0.31605282,0.34439981
0.95301068,0.93610096
0.29171595,0.26666668
0.72835904,0.62235463
0.48360220,0.60673052
0.28236645,0.18010005
0.89756399,0.84380031
0.85822052,0.92732280
0.87069255,0.83649731
0.84978050,0.90593380
0.69600219,0.70613438
0.92918408,0.92788690
0.38683507,0.48370764
0.86335301,0.81176519
0.59578311,0.77148271
0.91582221,0.96093750
0.94290668,0.90387791
0.86477739,0.84759659
0.84387034,0.89461780
0.92049992,0.94208241
0.91107470,0.95119363
0.91660416,0.90923703
0.92085636,0.98130840
0.50128204,0.56146836
0.90827501,0.91173589
0.61740756,0.50154185
0.70420831,0.58893472
0.12260407,0.14646147
0.55105078,0.50424671
0.48366430,0.41088435
0.37571159,0.29401568
0.42967260,0.48030955
0.20566487,0.07546584
0.71424371,0.74223316
0.77127248,0.87124062
0.91880131,0.91920114
0.75736552,0.74406934
0.93098897,0.92366052
0.70096618,0.64682537
0.52480888,0.60321188
0.50173050,0.37818581
0.57107818,0.62571734
0.87013423,0.91259533
0.76174289,0.72680253
0.72926193,0.66029036
0.91062891,0.87170118
0.82249522,0.76955587
0.92325336,0.93319839
0.77599567,0.85587108
0.51795173,0.58505511
0.86541396,0.96349204
0.56719601,0.61569321
0.68235224,0.69259226
0.74997050,0.66327536
0.91428471,0.91928649
0.93862796,0.95802468
0.94513667,0.90012270
0.94000208,0.90114379
0.31734440,0.20503296
0.23765537,0.35523197
0.34137294,0.26745707
0.88937289,0.90437460
0.73931825,0.63581181
0.65858221,0.61104149
0.89613676,0.93285304
0.42369890,0.81210190
0.41484174,0.47129482
0.77464730,0.81258750
0.34144425,0.45364729
0.92660338,0.98169702
0.77112007,0.78268450
0.42916468,0.61704546
0.92821467,0.88990861
0.89114600,0.97045207
0.64581019,0.70130837
0.92514193,0.89285284
0.62096006,0.62724870
0.70256925,0.56385195
0.37361309,0.25637975
0.80031848,0.79500234
0.77317464,0.69508725
0.51047778,0.63013417
0.86188096,0.98334062
0.48379430,0.69055158
0.87522471,0.92383808
0.91189045,0.94218361
0.88036543,0.86891854
0.87208277,0.86367422
0.65869689,0.51754659
0.72770959,0.78297937
0.92698038,0.93371862
0.91419965,0.90143776
0.86312240,0.91566491
0.40391976,0.30468205
0.53352469,0.56979698
0.32050988,0.23250675
0.93138742,0.86995327
0.41628999,0.41469720
0.94413823,0.93900478
0.36300394,0.43546876
0.76087087,0.77786911
0.48308140,0.69936556
0.92423469,0.95305806
0.86422157,0.76403230
0.87119812,0.80402207
0.74142510,0.75223839
0.78575063,0.83078456
0.83266014,0.78764856
0.95065582,0.95811826
0.62612420,0.65855736
0.92450869,0.91666669
0.06461621,0.07999019
0.80621606,0.76587898
0.78846735,0.61953080
0.80046910,0.75495642
0.86592853,0.95080733
0.77693504,0.77038592
0.75335836,0.80060756
0.67432594,0.74267250
0.81123686,0.79971099
0.87533003,0.91238075
0.18061794,0.22217397
0.91840434,0.87666112
0.49150851,0.74300504
0.55572218,0.45698714
0.27147955,0.36278734
0.53106773,0.37106428
0.55808383,0.71309465
0.43490013,0.44977465
0.73555386,0.59016037
0.91123033,0.91565895
0.93038499,0.91120613
0.89709145,0.91013020
0.91784543,0.89345205
0.74973089,0.80820620
0.75245529,0.86757928
0.85501826,0.91666669
0.80881917,0.85315496
0.92100292,0.87983447
0.35617784,0.49665090
0.93657768,0.95381582
0.89313346,0.90521133
0.65382218,0.67910516
0.68228364,0.40959081
0.22758156,0.20271671
0.49568322,0.68091470
0.74302393,0.68552852
0.95128608,0.96753246
0.17851749,0.10126051
0.86333346,0.80754149
0.93272698,0.93436402
0.80323607,0.74362189
0.78221935,0.82724601
0.77058941,0.79828215
0.84640461,0.69347245
0.83834052,0.82698303
0.95749444,0.93198323
0.57026696,0.51811862
0.69436407,0.70439917
0.88715756,0.92944145
0.87632686,0.90636706
0.79996544,0.71667582
0.56259358,0.42832315
0.88394248,0.89857936
0.86510432,0.86661679
0.95437336,0.92589283
0.33164537,0.25634059
0.76306021,0.83868378
0.86681110,0.78827751
0.93579972,0.92849410
0.92190468,0.89989805
0.82701886,0.76666665
0.57367021,0.55991811
0.33919224,0.28589076
0.89948976,0.88310915
0.45888928,0.55888957
0.89639270,0.89850473
0.46992069,0.27880543
0.92889321,0.92014730
0.71114945,0.73731178
0.59380519,0.52108461
0.76371253,0.83567995
0.29495993,0.32528889
0.92212552,0.96169591
0.69269317,0.77822578
0.59747630,0.58068180
0.93294901,0.87170529
0.81552875,0.71845239
0.91857147,0.87380368
0.78204483,0.76607144
0.92657858,0.95326221
0.93835527,0.89258462
0.39843172,0.34081885
0.63726568,0.59745753
0.66475707,0.68646055
0.85921490,0.82647961
0.91037720,0.90271491
0.85582399,0.91725850
0.86227918,0.88718826
0.83901268,0.87114435
0.73465526,0.60120356
0.80772269,0.46852174
0.61142141,0.73190427
0.53011638,0.39402726
0.75304705,0.62926930
0.49714100,0.49691918
0.94340187,0.98701298
0.89918822,0.89826065
0.84900969,0.85449898
0.88882381,0.90821499
0.82483888,0.75923043
0.77359796,0.70555204
0.87310767,0.94282120
0.86476982,0.77347064
0.81511462,0.67157787
0.87656128,0.70553362
0.63456923,0.81201661
0.94016898,0.88078886
0.80994278,0.83578432
0.95446718,0.94103128
0.75749147,0.53107768
0.54473436,0.52988833
0.24051447,0.20009609
0.35871077,0.39013493
0.79331958,0.78663665
0.92634666,0.89193547
0.67237097,0.44416144
0.83889401,0.93978345
0.82416201,0.81386513
0.29054412,0.33039546
0.80456322,0.65399677
0.83163875,0.75515068
0.92884398,0.96022224
0.86510712,0.87657964
0.83392239,0.84198749
0.77481925,0.86983937
0.69180769,0.78114754
0.66614044,0.78111744
0.65906507,0.56970626
0.87246364,0.92520034
0.79217285,0.79707003
0.84126186,0.89074498
0.92664504,0.84968865
0.73875707,0.76813245
0.76947975,0.90280050
0.88801068,0.94572371
0.76349574,0.82553840
0.59491152,0.65357143
0.89550155,0.95462906
0.67331070,0.66510111
0.86279756,0.79662228
0.93364042,0.90443242
0.75993007,0.84760690
0.74489570,0.83841294
0.34221324,0.67039657
0.84454983,0.83207256
0.87584656,0.81657487
0.73612648,0.77877766
0.31207940,0.31129807
0.52205354,0.68655598
0.49829262,0.59858119
0.12183408,0.17453220
0.84403354,0.93983346
0.77106369,0.93475556
0.81539243,0.75798655
0.77816373,0.70731276
0.69683945,0.71174288
0.48848930,0.35124078
0.89882153,0.91406113
0.64321005,0.76807600
0.83863378,0.76313525
0.33269212,0.31278375
0.33977962,0.44432133
0.88467520,0.90317613
0.70789260,0.79202557
0.86330688,0.93099362
0.71657628,0.70170403
0.54547435,0.54166949
0.80636269,0.85633147
0.89922774,0.90139705
0.82730263,0.75012022
0.83335054,0.80881226
0.79971367,0.82235855
0.64822757,0.60790813
0.76650822,0.74700153
0.93014526,0.96954507
0.88810420,0.91812015
0.84125161,0.84948391
0.05174376,0.08566161
0.88964987,0.12643468
0.71773523,0.85046059
0.87562287,0.90807289
0.93791753,0.93888801
0.67881995,0.60186297
0.91540974,0.91981262
0.63793385,0.69896704
0.80074382,0.66550720
0.77932352,0.77146763
0.75981069,0.90429294
0.71905750,0.79958069
0.46546218,0.40756464
0.47974378,0.39721471
0.34180665,0.17623153
0.75347763,0.73163074
0.88533467,0.89707863
0.90053606,0.56689388
0.78729463,0.87054497
0.85905302,0.88084084
0.93252045,0.91818798
0.90296799,0.94163120
0.95645505,0.86440676
0.83360940,0.87353730
0.33222717,0.56899458
0.56334674,0.49455270
0.50372636,0.61777139
0.53939360,0.52595538
0.80466580,0.94755542
0.38571912,0.36901370
0.90266114,0.87933469
0.89435500,0.87507808
0.90131372,0.91969991
0.94138646,0.97183162
0.78850704,0.69854492
0.94206113,0.90601087
0.88905382,0.91934985
0.82467669,0.76273364
0.87831545,0.86068255
0.83835310,0.91656953
0.71819896,0.60021871
0.87657332,0.85117328
0.86657327,0.86987966
0.87176847,0.84303600
0.74921000,0.77068216
0.67240191,0.79150760
0.96012092,0.97414732
0.90743810,0.88803732
0.90795666,0.90785474
0.55814803,0.71074456
0.78539872,0.83252627
0.54398137,0.63190854
0.84754258,0.88191229
0.14101164,0.20976952
0.88895500,0.95288247
0.93030894,0.92028987
0.38712972,0.49156144
0.88233042,0.83364457
0.88209271,0.87213224
0.83532685,0.88528138
0.63292056,0.58817035
0.31972206,0.31286803
0.45690164,0.62922794
0.57887673,0.61418188
0.58386701,0.24347527
0.11518457,0.11873738
0.77460265,0.76134181
0.44203356,0.39613393
0.48249790,0.82008451
0.81079131,0.80440974
0.34199354,0.33329469
0.88333476,0.92367554
0.88432890,0.89866668
0.54805541,0.70171762
0.48033813,0.42954203
0.77634889,0.80566639
0.79268789,0.83036262
0.95135522,0.92585701
0.81007981,0.74073303
0.77153546,0.80979818
0.90614241,0.86962384
0.70927966,0.62326616
0.72889948,0.63095152
0.81266451,0.89482588
0.79924816,0.83699787
0.44992739,0.49342829
0.85959560,0.91283423
0.87424880,0.80642664
0.47366905,0.62330812
0.89339858,0.89504141
0.89937681,0.89152396
0.88192993,0.92405063
0.28842923,0.32725823
0.35310993,0.39709273
0.85254562,0.93515384
0.90137458,0.88094622
0.87180889,0.85957152
0.33527005,0.27339184
0.87789249,0.86980635
0.82705009,0.79888940
0.28517371,0.42548537
0.86807805,0.86160082
0.37306735,0.54627961
0.70723206,0.43585798
0.71859837,0.50837368
0.89456767,0.85884035
0.94023454,0.88307792
0.31522965,0.45987770
0.92055094,0.91107064
0.27940235,0.24315847
0.81959242,0.90119338
0.82937431,0.90645260
0.53092718,0.72031248
0.86508775,0.87706041
0.78396124,0.80713564
0.86073941,0.85912198
0.78622317,0.72882140
0.90259534,0.99019605
0.86539423,0.83900726
0.52698094,0.32135075
0.43706596,0.39172241
0.58910376,0.67829460
0.39975846,0.37510505
0.91150182,0.83604652
0.89153188,0.85988456
0.49099043,0.65158045
0.29933852,0.31108308
0.54036033,0.50334930
0.80954945,0.85481507
0.83434165,0.79130161
0.82858849,0.84695125
0.77294570,0.61887354
0.27758747,0.14263675
0.56142253,0.48690495
0.86138844,0.86300260
0.33616734,0.26383927
0.45535567,0.53753352
0.79448372,0.62433434
0.56075513,0.45224568
0.91828775,0.95352924
0.90061826,0.80819237
0.70473820,0.69459707
0.58417064,0.67878431
0.92866135,0.89837396
0.95402259,0.95400435
0.87038684,0.91041696
0.82106119,0.75858337
0.85000050,0.82003665
0.65002847,0.70340455
0.61053491,0.48337805
0.52839863,0.37991992
0.75287348,0.86611974
0.72036749,0.58784384
0.68813682,0.75064933
0.88097888,0.90627605
0.63622385,0.65292746
0.91351140,0.91074139
0.45022681,0.76752019
0.78229845,0.87040246
0.71985644,0.61211991
0.50668240,0.43487820
0.83760566,0.90623552
0.94732624,0.89944851
0.87004358,0.84052944
0.28998441,0.26004007
0.73842520,0.84988815
0.63343900,0.53417081
0.86638129,0.83466578
0.66208035,0.52981442
0.84036928,0.86218321
0.76662016,0.81845027
0.86568582,0.86103523
0.37168983,0.51631916
0.76890743,0.83559859
0.71193171,0.18303572
0.67335987,0.93627453
0.90767479,0.83944249
0.85256577,0.84463322
0.10965540,0.09526616
0.94660753,0.93244487
0.84873551,0.77100843
0.86729372,0.94883019
0.93787110,0.92723972
0.81352866,0.68794161
0.91387546,0.86485237
0.94662338,0.92160589
0.82637328,0.89840817
0.80122745,0.92906165
0.80209768,0.75259233
0.69364774,0.61574060
0.59866029,0.59257960
0.90390944,0.79675978
0.64876842,0.59789425
0.91288817,0.93469661
0.81535286,0.54686409
0.93488425,0.93159062
0.62531585,0.70015490
0.78990382,0.86223722
0.85373527,0.90609950
0.89690673,0.94830412
0.88303733,0.94938821
0.38445634,0.35658288
0.79932851,0.71201617
0.46363801,0.45272169
0.81186152,0.82881021
0.47993818,0.37209436
0.82499689,0.92400002
0.71714455,0.68304229
0.83114702,0.71880341
0.92539614,0.88179296
0.80349630,0.76571894
0.73698550,0.77197582
0.53059113,0.57446116
0.18538108,0.32542616
0.75099486,0.65605420
0.70217663,0.61134416
0.51001996,0.58115762
0.87064123,0.81293952
0.76439321,0.60676390
0.85976219,0.82358974
0.82952696,0.85777777
0.35540846,0.27318868
0.59193969,0.81480813
0.84819448,0.87839675
0.35135943,0.29782945
0.25697818,0.04680178
0.07973471,0.06657046
0.83816564,0.90623760
0.84627348,0.81647158
0.70305389,0.58619440
0.89112824,0.92981434
0.92628872,0.95986170
0.65710479,0.74702710
0.55944633,0.64082605
0.86054349,0.76300967
0.86952007,0.83017105
0.89010352,0.84848541
0.83716720,0.79630065
0.85070741,0.79869944
0.67370445,0.59406590
0.82790661,0.79819822
0.81110489,0.81499010
0.94610661,0.91630435
0.41022784,0.34444845
