Predicted Score,Actual Score
0.88818538,0.97402596
0.73239309,0.73417723
0.50891328,0.12823969
0.81071365,0.81259978
0.90339011,0.89496130
0.61659038,0.47500202
0.89171392,0.90291262
0.90962410,0.96124291
0.86942869,0.89341539
0.90150183,0.88575649
0.80228418,0.89799571
0.91607153,0.90173441
0.88605541,0.87073731
0.90358853,0.92330921
0.46675807,0.56876683
0.72557026,0.75344354
0.92791957,0.95312500
0.92659783,0.91624480
0.78653258,0.69825709
0.51592237,0.67295039
0.93129158,0.92591548
0.62076336,0.83874792
0.72611308,0.67183489
0.87686354,0.87838751
0.81771231,0.85806680
0.41975707,0.67744184
0.58516210,0.64183676
0.87210619,0.90314204
0.63135129,0.39795625
0.09885526,0.23219927
0.72265869,0.73923182
0.67935306,0.62878650
0.89014614,0.79866892
0.95501268,0.93340164
0.79242921,0.76762378
0.87259007,0.87750590
0.70029676,0.70610350
0.91060936,0.87274390
0.80456197,0.77471316
0.76991564,0.74017882
0.42341423,0.53162020
0.76703519,0.85185730
0.87495470,0.82243454
0.93950886,0.96494067
0.75834447,0.68949252
0.84675819,0.84601575
0.70120031,0.66256118
0.93609995,0.96178091
0.88280302,0.89498997
0.59253734,0.60363024
0.95820963,0.95655042
0.59767258,0.52236116
0.67857534,0.77376813
0.90741479,0.95441693
0.73100024,0.69354075
0.37640879,0.63580692
0.84187245,0.84415495
0.70334029,0.40421757
0.65694809,0.71092772
0.58159494,0.48772570
0.87182736,0.92003518
0.66079438,0.80931371
0.75076383,0.81769353
0.50876445,0.58732945
0.88609338,0.93263525
0.93972898,0.92334527
0.84676665,0.86228913
0.59665084,0.61061680
0.92252040,0.94150591
0.89361310,0.93775851
0.75248039,0.77325583
0.68082064,0.75315696
0.96749973,0.94875002
0.94386810,0.91922528
0.05832421,0.08555707
0.91676885,0.91582203
0.70945901,0.45671695
0.90142530,0.90770239
0.88059670,0.85985541
0.71679628,0.62730861
0.73240608,0.72826087
0.90083802,0.88688642
0.59737146,0.71479058
0.27316850,0.36846665
0.62904775,0.65540588
0.51190281,0.68428475
0.85351002,0.84891218
0.84535885,0.55244505
0.82701349,0.35617423
0.56759226,0.50777072
0.76877415,0.85436708
0.67302161,0.79423076
0.82671732,0.89748764
0.75766778,0.83244783
0.96656883,0.92120171
0.79109764,0.88900036
0.75480491,0.84893095
0.35775685,0.26438427
0.90346819,0.93618190
0.64567864,0.71952027
0.74202210,0.70891517
0.86133599,0.93338555
0.76745206,0.81782299
0.82619178,0.82515365
0.95816213,0.93354863
0.76289690,0.76575905
0.77350187,0.78066832
0.75225449,0.81996006
0.33299950,0.70684522
0.64801306,0.62531328
0.87738329,0.92056233
0.90384305,0.89564049
0.70486736,0.75606227
0.85450560,0.79218322
0.85055715,0.74072599
0.93934917,0.98071426
0.91884476,0.92811561
0.89883918,0.87471670
0.94738126,0.91462636
0.86811876,0.82258064
0.39717919,0.39279380
0.88080692,0.88937986
0.85694945,0.90602368
0.79371440,0.81310177
0.65802085,0.55831259
0.86334795,0.94914424
0.94360161,0.95865506
0.94615573,0.91876382
0.64245647,0.50917327
0.34515753,0.36498562
0.57633060,0.61657834
0.87510484,0.79741937
0.96048117,0.95239449
0.36308342,0.28675476
0.08780848,0.07518037
0.74891943,0.71153843
0.91665030,0.92348027
0.93232054,0.92421323
0.75295329,0.56428504
0.84481913,0.82616764
0.30545199,0.34419924
0.66153240,0.81334132
0.43999830,0.65832502
0.50594169,0.43220028
0.86877662,0.90905404
0.85394716,0.79105079
0.53751445,0.55054945
0.77781314,0.62651515
0.81827998,0.86879802
0.86196923,0.97530866
0.82296121,0.87283242
0.52822936,0.56747156
0.92103946,0.94212097
0.72336030,0.66474348
0.84574527,0.92114174
0.54765487,0.53451371
0.35236314,0.53433007
0.35584375,0.26161468
0.73534924,0.76617503
0.33160317,0.26211971
0.80418897,0.85384059
0.68263364,0.83106786
0.49704060,0.52025586
0.50869995,0.45982206
0.70910931,0.66571146
0.66569978,0.65996927
0.65912485,0.55469769
0.42769831,0.49744070
0.85628718,0.82678950
0.86422902,0.86687738
0.47483483,0.50203669
0.68051928,0.82179201
0.69307709,0.83482140
0.86072582,0.87538403
0.69447976,0.42339361
0.90876985,0.87560409
0.82012856,0.96667218
0.94917637,0.91998285
0.64846212,0.57792211
0.11238620,0.11602031
0.26892343,0.44695711
0.89479041,0.90727723
0.29463863,0.21682203
0.55434096,0.73896211
0.19208185,0.08269231
0.92831993,0.89456820
0.34431452,0.54569191
0.37578139,0.53317410
0.89210367,0.80749857
0.90509659,0.91145813
0.79556793,0.55948716
0.88111520,0.80233300
0.84231853,0.88644528
0.62203264,0.62116641
0.93730289,0.95716840
0.81762481,0.88170350
0.94157803,0.87957662
0.91298336,0.89387870
0.40429723,0.40693602
0.88594329,0.89572513
0.94330889,0.91693234
0.86338472,0.84765124
0.58746737,0.76251251
0.93567342,0.91515762
0.95009130,0.87500000
0.90487701,0.89019877
0.78581971,0.61056477
0.72192371,0.82854885
0.90744406,0.78734589
0.78280479,0.78923386
0.85982859,0.88581467
0.14805867,0.16648623
0.56030315,0.67439586
0.64963406,0.60586655
0.28735459,0.21057090
0.96993357,0.97528487
0.56876540,0.77255833
0.82753056,0.81333578
0.47408131,0.40319654
0.15384600,0.18734229
0.84578377,0.93949294
0.80045021,0.83993411
0.75763690,0.81172067
0.92996931,0.84017092
0.92959070,0.92468828
0.93733937,0.88304842
0.83201760,0.66082203
0.89894515,0.88372952
0.87793458,0.83225191
0.94803083,0.95003641
0.82808232,0.72066885
0.84892309,0.86759102
0.96026915,0.95790040
0.85604036,0.90465409
0.82822579,0.89721519
0.56265217,0.70557100
0.73818481,0.69692564
0.91336906,0.92170662
0.73005968,0.82425898
0.81373572,0.87733400
0.82683921,0.73381919
0.85883796,0.93076921
0.34725851,0.24927424
0.76760328,0.52957636
0.88582468,0.82738793
0.71150857,0.86590999
0.94833243,0.92802405
0.87039530,0.90368575
0.66963059,0.54557669
0.63443023,0.62063390
0.69748271,0.79854780
0.85288739,0.74737102
0.16720518,0.12833922
0.89616317,0.79881155
0.43465966,0.35335454
0.94602424,0.93185782
0.66603512,0.59370100
0.64191657,0.77021104
0.56618911,0.52511907
0.45748076,0.30528343
0.72305948,0.80870020
0.42984083,0.34392732
0.89574307,0.89617443
0.41614160,0.35266176
0.01931059,0.07075887
0.95095813,0.87498575
0.76136202,0.88172841
0.13997385,0.12780370
0.94252765,0.90276414
0.75046194,0.83361101
0.83509570,0.88522983
0.94625336,0.95717955
0.57784468,0.46015915
0.59919149,0.38126567
0.20927511,0.25172111
0.83534884,0.80265307
0.83579105,0.76514375
0.41927627,0.07320361
0.77369922,0.89524198
0.71980989,0.73342174
0.87783301,0.80329156
0.89600545,0.85264045
0.78162056,0.78269428
0.87443984,0.87559807
0.80860454,0.90807718
0.17175536,0.36312518
0.93288726,0.80876142
0.32288855,0.25291896
0.84603262,0.86300600
0.78636605,0.79727256
0.56554049,0.61340129
0.90840816,0.89284766
0.95249325,0.91649079
0.59792638,0.55881286
0.54234153,0.54536289
0.82117110,0.75468165
0.91780919,0.94361734
0.69970500,0.59260988
0.59175843,0.64701778
0.84922832,0.71809447
0.91477984,0.93402511
0.63217795,0.58740681
0.29935354,0.41599599
0.08821614,0.14241019
0.82270646,0.67805189
0.91727930,0.80217671
0.72044247,0.66494596
0.92497456,0.95568520
0.62889266,0.61684728
0.92129475,0.88004929
0.77905536,0.88933253
0.79962593,0.82872027
0.77997315,0.80215055
0.90347302,0.80901641
0.77099651,0.82661730
0.09325934,0.11900791
0.80317050,0.87948585
0.78397208,0.80047262
0.68423295,0.46851847
0.53739673,0.57297772
0.87153786,0.71595830
0.61802375,0.74690306
0.77186400,0.73192525
0.74511009,0.75357145
0.56972605,0.57308745
0.59864807,0.62363571
0.71679246,0.65479439
0.90418839,0.93142426
0.76521963,0.83667612
0.91724336,0.89990115
0.72105092,0.67989606
0.93375432,0.94007879
0.83952463,0.91771734
0.92999727,0.91071504
0.88334483,0.92906648
0.95255458,0.91549295
0.76072818,0.66958934
0.41250733,0.41143456
0.72092122,0.88174874
0.87199986,0.85992599
0.67815256,0.13107717
0.89494997,0.89474386
0.76052892,0.68202478
0.94938421,0.94682842
0.66914302,0.63246292
0.87634176,0.62972188
0.58644277,0.37559256
0.82909495,0.80065358
0.94505686,0.92087841
0.18151207,0.36875001
0.93880671,0.91927636
0.45735770,0.46600592
0.59163421,0.61411488
0.92927074,0.89916748
0.90004969,0.92163610
0.90231752,0.93200552
0.70043564,0.61390060
0.80723184,0.65883905
0.90372998,0.67633200
0.81287897,0.86915255
0.09540854,0.15155677
0.62808698,0.49106583
0.58253604,0.69213933
0.21580458,0.24906784
0.44004330,0.54263598
0.78556252,0.77467996
0.75385749,0.68409622
0.23198012,0.29139313
0.54888880,0.51904726
0.44332883,0.38562462
0.88578445,0.84973544
0.87813503,0.95088142
0.93768752,0.94298244
0.91340637,0.86500758
0.88414961,0.90359151
0.90592790,0.87472767
0.72953171,0.46424896
0.95781940,0.95084935
0.87957078,0.77117878
0.73567647,0.58342171
0.91917729,0.91828686
0.74952245,0.80697674
0.74171126,0.71942645
0.89577281,0.93650794
0.54533613,0.57005721
0.37657553,0.51761085
0.79603475,0.75609297
0.53625685,0.45612457
0.83126402,0.73582870
0.57687616,0.38604474
0.89152759,0.90181994
0.73962390,0.73497599
0.90328372,0.88957173
0.25803107,0.34808046
0.87915748,0.92061257
0.85449022,0.90839982
0.55803519,0.55831069
0.51446038,0.72351193
0.92844617,0.93805766
0.57251251,0.64244634
0.65518731,0.32544324
0.81917119,0.73041230
0.49566168,0.34453544
0.61901391,0.50486070
0.81780988,0.78953445
0.84668559,0.94339621
0.26798284,0.30385977
0.72874242,0.64590788
0.90183097,0.85407209
0.86690122,0.91231942
0.45829472,0.18738404
0.56455457,0.45740741
0.90758651,0.96041739
0.53407669,0.72167873
0.52555269,0.42158175
0.91854835,0.91804773
0.77882427,0.78965688
0.35306540,0.52184761
0.83691841,0.87190974
0.94324511,0.94274896
0.83603215,0.80571985
0.88620806,0.07899183
0.85379052,0.60848868
0.88143396,0.89148116
0.43768200,0.51343048
0.95005614,0.92359877
0.68745470,0.79474926
0.72011250,0.88637221
0.88264894,0.98275864
0.88627070,0.89629233
0.82694215,0.89764708
0.79015785,0.84450263
0.61414635,0.61614585
0.17377622,0.17829013
0.86812079,0.92699409
0.76079363,0.81618500
0.58981597,0.53220779
0.86498374,0.92192829
0.34923589,0.33106670
0.52083451,0.44288188
0.58888859,0.56109023
0.57594937,0.43951538
0.93801522,0.92528480
0.91043067,0.93086082
0.31217343,0.26050326
0.58118790,0.56626183
0.39321601,0.36328125
0.90738988,0.92448813
0.83174396,0.82105064
0.65646201,0.68381846
0.70634133,0.82598782
0.40241244,0.50071144
0.90991825,0.94360578
0.84095156,0.90516317
0.65789115,0.72879392
0.80468315,0.76458818
0.88427716,0.88809526
0.93111402,0.92989480
0.94152272,0.98217809
0.70318580,0.86826700
0.86125249,0.56681240
0.83710742,0.85920775
0.61981064,0.57705969
0.97354805,0.88157892
0.67249143,0.78612471
0.84820616,0.94624126
0.54240644,0.54118794
0.69289297,0.63134241
0.44673154,0.87279165
0.36416173,0.31614673
0.86082476,0.86965811
0.89896458,0.88306868
0.90712839,0.92385060
0.72557390,0.76888734
0.81841213,0.84614265
0.75938272,0.72766995
0.06082830,0.11512188
0.95281899,0.93403876
0.90263069,0.82826018
0.88162071,0.87306368
0.86104149,0.87089950
0.72956550,0.75645971
0.85423535,0.85018182
0.82683122,0.66416782
0.71648830,0.75797015
0.48224413,0.25341764
0.45835802,0.61868542
0.84379441,0.93299794
0.56121105,0.53369093
0.51866072,0.50543553
0.88762909,0.94818151
0.77445352,0.89948452
0.89579475,0.88830614
0.69781768,0.55795473
0.76479673,0.71386105
0.72017217,0.76758122
0.81764400,0.75173992
0.73155868,0.67453843
0.16261694,0.15517631
0.06203113,0.08621617
0.86859792,0.87846482
0.79932934,0.77368772
0.37483174,0.32831958
0.60807484,0.69556928
0.82021952,0.85143918
0.83378005,0.96383566
0.82659853,0.91259277
0.45553851,0.42557567
0.93138570,0.88128066
0.66904753,0.73436350
0.83519846,0.75521260
0.94987023,0.94178456
0.85948765,0.83820224
0.84743875,0.90534252
0.91476148,0.90604395
0.53740603,0.54397857
0.27867872,0.34042621
0.65560514,0.74213564
0.43920711,0.46721312
0.79152155,0.83787876
0.86636335,0.77691257
0.66244268,0.78463358
0.69650686,0.54062980
0.61055332,0.56309479
0.91634339,0.90254986
0.63974142,0.81804323
0.91311973,0.88422751
0.83882558,0.82250792
0.45797735,0.68953943
0.93176204,0.90570074
0.94919312,0.94573575
0.95757437,0.98872048
0.20785898,0.28900936
0.89386171,0.79104477
0.95357054,0.93850523
0.90980464,0.89795154
0.77244246,0.83737725
0.70018637,0.74095714
0.27099040,0.33032396
0.36477625,0.34530908
0.81766713,0.80003738
0.69268328,0.74438637
0.84399772,0.86483365
0.61665541,0.16271827
0.17473325,0.27488452
0.87513787,0.97891808
0.71211356,0.81934381
0.82157600,0.87059790
0.76037365,0.53162599
0.81521189,0.89136720
0.73426658,0.78222442
0.71520269,0.87974375
0.14939575,0.17347129
0.78506786,0.78741497
0.32826620,0.57768714
0.75712007,0.66176468
0.79183763,0.37600806
0.62998772,0.90059763
0.94220936,1.00000000
0.62570149,0.75333333
0.50562602,0.51879370
0.78247416,0.87455761
0.82774377,0.88170165
0.25369585,0.33645615
0.86242175,0.78451216
0.87169391,0.87897205
0.40781561,0.37231278
0.57438493,0.65100884
0.93068951,0.98514849
0.35622332,0.34342417
0.92035997,0.94150341
0.89421427,0.86278194
0.73128855,0.73398250
0.41706643,0.18351649
0.88287103,0.17508772
0.73854899,0.54235989
0.81887448,0.88377446
0.87642479,0.88747102
0.85255867,0.68725389
0.89656997,0.94704670
0.73376149,0.76789868
0.87935185,0.90375656
0.55991155,0.38664913
0.69585586,0.58123970
0.91176587,0.94471526
0.48427379,0.58785385
0.15817587,0.13317041
0.78040075,0.82111031
0.75557905,0.81927550
0.75493842,0.50737178
0.21874322,0.35793820
0.87619770,0.94668913
0.72569239,0.78106236
0.64815503,0.76445186
0.82574672,0.94601381
0.85735333,0.90634274
0.57175946,0.68380833
0.91494286,0.90094048
0.36289069,0.20601732
0.68140256,0.57549256
0.30516818,0.40170914
0.58974314,0.56870341
0.85475600,0.70322567
0.39685881,0.56885648
0.95303291,0.95232815
0.83447295,0.97230917
0.93935645,0.90798736
0.51421130,0.50279957
0.91488540,0.93726468
0.42869624,0.47462690
0.80183214,0.98611641
0.81706655,0.84835601
0.51978093,0.45559782
0.86402881,0.90083504
0.82602739,0.91296166
0.92480391,0.94327378
0.50147462,0.16424765
0.54964960,0.55503821
0.89343101,0.91661292
0.35947353,0.45925885
0.38985434,0.29532996
0.90587193,0.87887806
0.92324543,0.90586281
0.23909031,0.17696486
0.63307065,0.82478631
0.84666348,0.86314261
0.71295798,0.76869750
0.52764559,0.53705597
0.90729499,0.92538112
0.36096442,0.56055903
0.88303274,0.88629723
0.65315521,0.75627935
0.91407818,0.93670887
0.76268566,0.82308888
0.53853619,0.40456834
0.81235695,0.91089743
0.61091667,0.78777778
0.88071364,0.92911357
0.81768203,0.69113922
0.90554601,0.90190220
0.68842834,0.63666749
0.89185208,0.85641026
0.40962610,0.17829363
0.84006834,0.69058317
0.05672462,0.15327817
0.87538493,0.90101820
0.82721508,0.91109407
0.95801455,0.95047361
0.96061283,0.92647058
0.48149833,0.68912905
0.93210804,0.92720586
0.43977174,0.42086020
0.18735938,0.27375650
0.92902482,0.86971354
0.88205743,0.89973330
0.78272998,0.79886061
0.35732132,0.43711844
0.91479450,0.98076922
0.14238077,0.10615226
0.81245703,0.83466554
0.81510156,0.88856828
0.82266808,0.94647890
0.43452847,0.43639743
0.64941370,0.55140448
0.82293397,0.87530923
0.80734324,0.78524160
0.88629156,0.91887212
0.93526262,0.96458089
0.56150430,0.73625642
0.77617139,0.62658280
0.84501064,0.84385967
0.73315418,0.15565036
0.95768958,0.95704174
0.88693702,0.89234298
0.28062662,0.52842444
0.87173921,0.87819541
0.92137235,0.88687754
0.69204158,0.73830181
0.68057513,0.52949911
0.75753015,0.71129984
0.75161946,0.86401820
0.80038762,0.84465569
0.26989350,0.62325048
0.84677666,0.70629656
0.95265174,0.96345747
0.82159573,0.85711020
0.62517738,0.42282653
0.89717281,0.83812600
0.77258009,0.91418177
0.61993665,0.53076196
0.83683360,0.76756668
0.46465683,0.48365700
0.72995311,0.84386742
0.88204151,0.87472898
0.53391147,0.43295455
0.72947717,0.15256086
0.54405880,0.56848830
0.43545267,0.46316090
0.76006168,0.84844136
0.44784948,0.58766234
0.88263488,0.93451458
0.95570719,0.94434857
0.78196031,0.87548947
0.83204657,0.66451401
0.91696662,0.93750000
0.84624481,0.87782383
0.81589007,0.77662879
0.36989161,0.52112883
0.82921207,0.74080932
0.34414092,0.35436183
0.93722564,0.90838045
0.88195217,0.86874288
0.39407817,0.40221879
0.75626117,0.68074971
0.78346151,0.27570876
0.55539453,0.65938246
0.66878068,0.75972068
0.73403132,0.72567880
0.93789899,0.92263740
0.84190899,0.90852314
0.77939552,0.77347380
0.90099579,0.90735614
0.39475015,0.39060232
0.92966229,0.93160450
0.88347191,0.93575215
0.88992202,0.95952332
0.92425829,0.92662084
0.09446432,0.13453953
0.71576166,0.80454558
0.93145084,0.97752655
0.81915104,0.84678727
0.87824684,0.82333183
0.89857417,0.93022865
0.72965795,0.61199600
0.69578266,0.77859968
0.70487839,0.80725890
0.78970188,0.83139491
0.82361293,0.83583742
0.89974755,0.87042934
0.53421336,0.70664060
0.46424508,0.36685368
0.69565457,0.74097306
0.60381985,0.79255486
0.89304417,0.84913212
0.80190647,0.71875864
0.73267329,0.67011690
0.65246457,0.32683048
0.72564983,0.55766112
0.78943044,0.85989255
0.18241808,0.19367094
0.84929466,0.93538404
0.90640217,0.90991825
0.82083267,0.68539327
0.91117710,0.91759419
0.74632549,0.72106284
0.34131566,0.32704347
0.94393563,0.93608046
0.71154279,0.86502969
0.91521281,0.95979702
0.81487614,0.84799147
0.29039523,0.37755728
0.94956380,0.95145708
0.52920121,0.56290847
0.87756926,0.91645712
0.89061677,0.95285410
0.60719448,0.62650567
0.35626769,0.32072335
0.93473792,0.89240617
0.44479784,0.35028657
0.50859910,0.71653408
0.88903970,0.88588905
0.43657097,0.26666120
0.74849313,0.74499589
0.88807321,0.83351606
0.88548291,0.96326405
0.85186547,0.90768588
0.88852096,0.94939309
0.79444504,0.85437626
0.91604054,0.95850748
0.49669304,0.54287916
0.35174036,0.36428204
0.88928384,0.88704598
0.54555446,0.43425927
0.91012228,0.94929725
0.70023209,0.71067512
0.77344537,0.63700873
0.82703549,0.86472732
0.67598224,0.71541029
0.80036414,0.63905811
0.82729304,0.80315578
0.92724800,0.88850272
0.65202147,0.66753322
0.51786166,0.44647831
0.62992716,0.62124932
0.80213088,0.87901765
0.82578653,0.78030300
0.39482957,0.52420342
0.83796269,0.92205089
0.85266685,0.78166133
0.80314136,0.73881441
0.91999406,0.84031099
0.63259661,0.63799721
0.92697549,0.94316679
0.91748422,0.93215811
0.89465600,0.89567053
0.81815779,0.25329894
0.75114435,0.86700290
0.92574883,0.95950282
0.93026078,0.88489062
0.73411030,0.86976236
0.84147418,0.76693648
0.71865278,0.30950662
0.78740859,0.72567809
0.95962882,0.97021693
0.26378432,0.21486366
0.90203559,0.78550839
0.92404306,0.93685639
0.63680017,0.49767870
0.67393023,0.69782382
0.32595494,0.25678471
0.87442189,0.86602592
0.64479995,0.55377764
0.68364722,0.62692308
0.53135306,0.46017650
0.94562733,0.92502511
0.91466665,0.88770777
0.78539330,0.82881659
0.68443626,0.50868225
0.89152914,0.92674989
0.38976964,0.36921552
0.94399142,0.90374178
0.93780440,0.88365299
0.56935138,0.72280091
0.41904789,0.36578321
0.72137618,0.84963846
0.96544260,0.95857555
0.87472636,0.91486543
0.76899654,0.82511932
0.49437079,0.54123598
0.81690729,0.87810737
0.80479962,0.88048673
0.77275550,0.86632097
0.89243281,0.89029562
0.87664497,0.92037600
0.44429561,0.57556325
0.69256705,0.68744832
0.91769832,0.90070903
0.57696003,0.65185744
0.86529273,0.84777701
0.24964356,0.32695955
0.93274683,0.99002868
0.63059723,0.69989926
0.78702056,0.71813726
0.76980567,0.61200142
0.71172118,0.49263832
0.95258802,0.94070256
0.95903587,0.96220237
0.72638416,0.85051167
0.95487887,0.91666669
0.78146583,0.77461988
0.31834874,0.46426493
0.20406473,0.17483173
0.92951190,0.88480097
0.80483830,0.83754009
0.71049976,0.84317225
0.84988993,0.83602023
0.11208869,0.11402626
0.91098136,0.95478034
0.92277735,0.91940153
0.96534413,0.97209769
0.87676805,0.88014835
0.68600345,0.51186508
0.82845098,0.92653054
0.93782800,0.96006495
0.78093165,0.67934263
0.83742017,0.71043456
0.93170065,0.92495000
0.73682421,0.35361624
0.55948311,0.50788003
0.94573849,0.98148149
0.63200581,0.68704647
0.77111697,0.86311477
0.54670537,0.52732795
0.84898770,0.88892710
0.94753855,0.95763242
0.81965208,0.80791467
0.83424324,0.83319384
0.87617499,0.81443512
0.63272148,0.68139619
0.69229835,0.74045002
0.63103360,0.80992734
0.83154410,0.87623996
0.26974842,0.67512143
0.71378285,0.60962784
0.85106570,0.94444442
0.78208226,0.91606665
0.40071672,0.35512239
0.92937094,0.90430218
0.94656771,0.92204130
0.58677316,0.55746180
0.39818794,0.49128383
0.92455298,0.89216524
0.94046855,0.95149255
0.90203667,0.98148149
0.73244166,0.94337589
0.88983464,0.80992484
0.91016561,0.90847337
0.86189514,0.92484701
0.59150517,0.26357070
0.06240870,0.08537281
0.91161525,0.93373901
0.78177947,0.87512636
0.93131715,0.91501004
0.71012723,0.95940173
0.95637977,0.91044438
0.50490505,0.59308600
0.87378860,0.90087485
0.68193436,0.61900586
0.77159864,0.82157707
0.42677832,0.52896458
0.79163587,0.73947090
0.84748268,0.79045957
0.58883286,0.54188710
0.87693685,0.87981242
0.62550300,0.65378422
0.45585787,0.61596203
0.95213282,0.94051993
0.60043174,0.74266541
0.75740731,0.64204597
0.84801024,0.88051951
0.93152851,0.89543957
0.81297761,0.81695253
0.79720980,0.91156465
0.86509728,0.64776045
0.93412739,0.92656809
0.87069631,0.93346846
0.80597609,0.92307693
0.89014596,0.91433054
0.85621500,0.88171500
0.67079091,0.78515816
0.22875254,0.21394357
0.76561332,0.71412039
0.42913485,0.37766421
0.88679266,0.86475295
0.15641178,0.16192956
0.57679218,0.68831170
0.86253834,0.87214881
0.79211438,0.77392119
0.18040213,0.17979489
0.66135198,0.87428027
0.33594304,0.35305768
0.85081226,0.92311543
0.93708044,0.97734177
0.44342023,0.44297516
0.56340313,0.58479846
0.69978577,0.77450913
0.93332773,0.91695273
0.94483447,0.95487177
0.88979429,0.94533968
0.74774981,0.80533808
0.81773484,0.94351768
0.93354797,0.93783897
0.92199647,0.89982951
0.80031210,0.69699663
0.49832264,0.49800220
0.15478988,0.21694674
0.58552831,0.17383404
0.86679983,0.82614231
0.81183660,0.87852186
0.78591365,0.92970103
0.86277103,0.92205727
0.82451135,0.79311341
0.42002836,0.51911014
0.72425109,0.67791635
0.72726554,0.69121093
0.72427714,0.77200490
0.94664729,0.96604937
0.44058862,0.38564792
0.76097584,0.81436181
0.65942895,0.62727273
0.34047973,0.46962860
0.89473516,0.94494885
0.65292126,0.77758312
0.54081768,0.64672607
0.55232227,0.74681777
0.90634829,0.90649003
0.75511289,0.69499135
0.74206519,0.55331343
0.58238995,0.52941179
0.08170479,0.12279566
0.53473836,0.20196499
0.65403843,0.66119969
0.85990119,0.80784112
0.67898047,0.62730896
0.92108697,0.92794609
0.86582661,0.84856158
0.27564281,0.30643708
0.47013146,0.55393302
0.94762087,0.93758202
0.35211366,0.32155719
0.80907053,0.81454670
0.90546393,0.89606696
0.45300427,0.36516562
0.93016815,0.93428081
0.35817105,0.23690413
0.90197450,0.84717596
0.88138866,0.91078752
0.82764030,0.90155697
0.85454875,0.91223651
0.15057248,0.26881394
0.72537702,0.84800750
0.53201479,0.42078146
0.93565142,0.92582595
0.62199622,0.61574668
0.85619795,0.91927910
0.84296107,0.95104164
0.67915809,0.85549217
0.61371040,0.62375444
0.88869160,0.93637651
0.91731125,0.89367819
0.91570842,0.98437500
0.66186655,0.53379685
0.75960630,0.80090910
0.61334270,0.51022112
0.91922021,0.90876842
0.67907631,0.91176468
0.85160673,0.95534998
0.95623165,0.93555743
0.86089480,0.86466682
0.96619833,0.95430315
0.88701075,0.93287402
0.49641728,0.78593373
0.46376964,0.69455785
0.89989531,0.91957241
0.90544438,0.94464284
0.93763512,0.93530023
0.90492553,0.90274012
0.65526152,0.45755017
0.66553056,0.56770021
0.38329935,0.36953107
0.86321861,0.85556936
0.73420411,0.62952900
0.87071741,0.92032969
0.82337177,0.78991342
0.82596385,0.79022276
0.94385517,0.93898064
0.48944846,0.61570078
0.79304832,0.61032093
0.78487468,0.80869693
0.58550638,0.52065676
0.91769642,0.88971859
0.59663659,0.76950121
0.61734438,0.74825537
0.93768221,0.92996031
0.89098966,0.85084409
0.87799275,0.92322910
0.81872219,0.86068684
0.79946381,0.82627243
0.91043282,0.87418145
0.19391981,0.38190293
0.70061326,0.70674533
0.61542743,0.45081618
0.04955279,0.19908528
0.91861314,0.93265975
0.17872386,0.13550466
0.87739897,0.82801121
0.86093056,0.82499671
0.79429716,0.82292283
0.91413975,0.61613685
0.59983110,0.41865605
0.82084066,0.85303593
0.76580751,0.72537714
0.88337058,0.90746534
0.52438003,0.65970802
0.80348033,0.79149979
0.48479849,0.51734716
0.69875181,0.70596415
0.70154458,0.86146969
0.67953867,0.59412861
0.84630829,0.90554196
0.64036191,0.31699321
0.78116292,0.79235536
0.84616143,0.96315634
0.91954064,0.95144135
0.53767282,0.69962430
0.93263525,0.93211806
0.82216758,0.79020721
0.35764134,0.13364494
0.88094127,0.89458221
0.67461360,0.70245183
0.82732791,0.88117242
0.69037652,0.81967878
0.41335824,0.45043087
0.90587813,0.92016530
0.59817410,0.74292898
0.82910997,0.86784792
0.39376611,0.48134920
0.26635861,0.38352272
0.94737291,0.90179396
0.57742357,0.62159163
0.73395354,0.82353109
0.75329626,0.74484628
0.64200163,0.46226159
0.89606541,0.94724113
0.66740811,0.64109588
0.51245797,0.63318902
0.74619782,0.87730807
0.56565416,0.54174799
0.31756160,0.26134872
0.31388980,0.39796156
0.90542942,0.96515346
0.80086643,0.84253895
0.86379188,0.89035964
0.78562105,0.68880910
0.78689432,0.80264014
0.89119017,0.94652826
0.54032767,0.40216938
0.43950558,0.32936326
0.87626654,0.88440251
0.85221535,0.91058183
0.90305072,0.95819235
0.87357974,0.80141354
0.87705797,0.81881869
0.33153304,0.33966598
0.89564037,0.83845812
0.62155324,0.72067273
0.80452436,0.71464974
0.86848807,0.94552267
0.72625965,0.82677245
0.92335194,0.89366513
0.40938792,0.44353002
0.90399200,0.86284196
0.80587792,0.90117520
0.68455923,0.67239612
0.46423450,0.45512497
0.40732145,0.41031593
0.83597416,0.85483080
0.04318767,0.12402173
0.90020055,0.87717927
0.70096594,0.76724756
0.69157737,0.74839228
0.92982030,0.95609128
0.86862087,0.87540984
0.90765655,0.89596272
0.91065592,0.78938752
0.81788850,0.86691177
0.85910773,0.85494852
0.47330603,0.39591315
0.90100664,0.92033941
0.91684008,0.88691229
0.51707798,0.17861831
0.83932620,0.77333140
0.81267732,0.77242583
0.76703465,0.90382445
0.93648267,0.96130955
0.82580858,0.90178835
0.89814317,0.86821795
0.39431980,0.51038188
0.48700994,0.52354044
0.64179409,0.39061904
0.81610352,0.78983051
0.90406185,0.90608150
0.84743410,0.86151963
0.22632867,0.16620064
0.87805206,0.81705415
0.30279627,0.14033276
0.84380382,0.94849259
0.86587220,0.93695247
0.92667574,0.90225464
0.61431289,0.68723565
0.63486242,0.70983922
0.93830878,0.93921524
0.97244895,0.97331643
0.78627074,0.94247788
0.93129337,0.94023150
0.88240081,0.89014053
0.58465534,0.58158690
0.94549471,0.95213675
0.92173713,0.96273726
0.64501458,0.29339823
0.96164817,0.94588178
0.51086473,0.35537711
0.91409332,0.90648854
0.93780905,0.92760080
0.62032127,0.61439639
0.64048707,0.61636692
0.81352746,0.82331884
0.95625246,0.95866567
0.88879210,0.87172282
0.36417109,0.44508946
0.59336346,0.71611089
0.68330413,0.74423760
0.74928594,0.72952181
0.54138356,0.41164085
0.81404167,0.82517481
0.93197107,0.94793499
0.76608658,0.72894895
0.73406947,0.77467930
0.73586279,0.75584644
0.79200250,0.86081523
0.84542340,0.79092300
0.87606937,0.95771295
0.25813740,0.23065026
0.57413614,0.40575597
0.94175148,0.91637313
0.88117307,0.85944188
0.85101879,0.82319373
0.90025830,0.87709641
0.77188683,0.85654885
0.91583347,0.81987131
0.55447656,0.75668681
0.88349134,0.96326727
0.89401442,0.90877980
0.81492877,0.78017247
0.77050430,0.89659327
0.83971703,0.45434865
0.85713148,0.93550819
0.41247800,0.33236539
0.72361475,0.67126918
0.89226359,0.86809969
0.73598415,0.76524013
0.92863941,0.95311350
0.73209631,0.70298028
0.79267853,0.63070697
0.50330585,0.38904256
0.62100917,0.67159504
0.92205656,0.89412314
0.55003875,0.78604466
0.92556763,0.89639795
0.82258725,0.90183181
0.69519848,0.77594239
0.39524347,0.66692740
0.88208938,0.92419624
0.35318610,0.43101856
0.79124373,0.73391855
0.96400869,0.93786341
0.85242265,0.92271572
0.87881893,0.86316317
0.64826143,0.74612027
0.84375656,0.84178931
0.90486628,0.94119513
0.87222868,0.89251560
0.84612519,0.08616666
0.86400926,0.94889951
0.86739624,0.85838568
0.81260735,0.78195721
0.61011672,0.50961137
0.92392009,0.91318637
0.55419099,0.58032495
0.73341179,0.72058821
0.90526021,0.87648863
0.70839357,0.89723504
0.84326440,0.97198546
0.54261351,0.53174502
0.62069374,0.74054253
0.82764900,0.89807105
0.89504403,0.87314165
0.66205668,0.49803987
0.79701942,0.91567296
0.75318992,0.70998877
0.83906752,0.79656887
0.74584872,0.76658165
0.92550880,0.92745882
0.91157973,0.94270670
0.94598252,0.88472223
0.51914465,0.91358906
0.91824883,0.94486678
0.90906072,0.89864576
0.85264969,0.91669101
0.83108789,0.86409551
0.90649384,0.93267393
0.58176643,0.75018275
0.62284237,0.74797732
0.93025184,0.87692684
0.63018757,0.45611110
0.76860994,0.88962030
0.79727507,0.73376626
0.86309069,0.87730265
0.68567675,0.65064371
0.21561958,0.24327958
0.86032724,0.90283960
0.88497835,0.89793319
0.96739656,0.90713865
0.89422446,0.86267680
0.67103291,0.83767259
0.69462401,0.75043857
0.32459173,0.29342574
0.62436485,0.37517300
0.47709897,0.27144331
0.35816938,0.53353494
0.93931258,0.93888563
0.57892120,0.53177083
0.61840183,0.55553466
0.80169487,0.83362466
0.87235606,0.80975300
0.72055078,0.73159635
0.36499518,0.41099244
0.91789848,0.85301232
0.41534129,0.22399463
0.83374977,0.84236497
0.91152799,0.83059180
0.73741686,0.70978802
0.80686194,0.90175575
0.81192249,0.88496017
0.84041095,0.88146681
0.89954925,0.92958516
0.88142425,0.92494768
0.86108965,0.89472997
0.79999024,0.79526842
0.40831223,0.55668980
0.57273376,0.60080689
0.86149448,0.89541948
0.80611789,0.90695620
0.67844409,0.64195281
0.95154399,0.89309132
0.83244854,0.92199475
0.43799746,0.46343273
0.58994693,0.48762295
0.50139296,0.37766227
0.71435732,0.84082973
0.74142033,0.82466567
0.57131743,0.78476727
0.68900353,0.57847667
0.73660773,0.86685240
0.34586817,0.48266807
0.93109775,0.92900878
0.93499523,0.94202763
0.70114273,0.53758651
0.91497070,0.95274055
0.84926885,0.81160688
0.63114065,0.54689425
0.55064392,0.43769249
0.89643413,0.95743710
0.31851301,0.26628786
0.96002418,0.71685928
0.80880845,0.92110193
0.93000221,0.89462847
0.86610812,0.94512832
0.48827127,0.53698891
0.82171279,0.89818394
0.72453815,0.66532636
0.83925390,0.80210078
0.32419661,0.13075037
0.92734694,0.95270759
0.90193403,0.86370462
0.29448819,0.49028674
0.88613975,0.86971426
0.37813076,0.28106725
0.60951489,0.62579632
0.50867844,0.70767403
0.48677528,0.49142787
0.86057144,0.87161088
0.74461973,0.81364524
0.88211340,0.82076824
0.83018160,0.76398718
0.81983256,0.70944595
0.64305586,0.81606609
0.63949662,0.77454114
0.55960441,0.51892120
0.26849782,0.33438757
0.90677285,0.87753981
0.95183635,0.93807071
0.70823133,0.81902450
0.83712393,0.83854169
0.72266352,0.73578578
0.14937156,0.24476069
0.52841663,0.53281617
0.82326210,0.92047477
0.89297473,0.82710451
0.74569422,0.90542126
0.38433504,0.51606286
0.77036035,0.73391616
0.94385165,0.93402922
0.38566673,0.65666670
0.90102381,0.89485359
0.55629396,0.31634554
0.84515756,0.93243587
0.66231149,0.64970696
0.90889871,0.90725738
0.81204331,0.71543360
0.35232165,0.75549358
0.95334536,0.93879426
0.75425243,0.80238050
0.70148271,0.59600776
0.71641147,0.65135133
0.84078079,0.74812269
0.92424291,0.94710082
0.82902879,0.95040262
0.48222929,0.41656491
0.75540227,0.83460188
0.58804804,0.65000886
0.51139003,0.59144676
0.54575139,0.40970385
0.93009740,0.91748369
0.92432600,0.89698690
0.20626304,0.38408521
0.88861376,0.82805753
0.78677112,0.79830301
0.92536706,0.90281177
0.81128246,0.87611806
0.90423810,0.87324220
0.87157267,0.88167590
0.90592158,0.97204489
0.95714498,0.93010205
0.92844403,0.95964092
0.84992892,0.73860455
0.32723954,0.49867678
0.31092006,0.50132352
0.65319341,0.69505018
0.78472960,0.84510601
0.84098768,0.95837182
0.95042640,0.92829204
0.82710028,0.83752120
0.93850148,0.98404253
0.84327930,0.90488315
0.88209021,0.95265329
0.93544066,0.89866310
0.43307370,0.48596954
0.47981849,0.47469667
0.63544792,0.64932239
0.75932795,0.91496086
0.86753237,0.90919358
0.91028506,0.93144357
0.90521210,0.94767022
0.54676425,0.59418839
0.86894518,0.81429839
0.89258027,0.87630820
0.79204267,0.86969548
0.87018323,0.90734369
0.23738547,0.23983876
0.94232529,0.95225853
0.74008083,0.74336976
0.39850900,0.20974027
0.86253411,0.85911715
0.89860779,0.92190522
0.60024691,0.63594991
0.91865295,0.87459141
0.94568306,0.91888404
0.91824633,0.87656248
0.75933200,0.72008377
0.90844351,0.91064250
0.88289660,0.91873574
0.84296638,0.88412184
0.93052596,0.96045852
0.55191827,0.59251827
0.95261502,0.98125660
0.68604285,0.71476805
0.94472879,0.91274738
0.88911068,0.93771875
0.82256335,0.90582424
0.76863217,0.86909419
0.45132425,0.66639233
0.40291214,0.56607145
0.86412317,0.86414915
0.53491038,0.73283887
0.82980335,0.72567838
0.86527979,0.80612981
0.76901317,0.76363367
0.93738306,0.92203224
0.64084339,0.30417153
0.12906656,0.24640717
0.85766047,0.94013160
0.59556967,0.61984944
0.75293440,0.85978144
0.87035596,0.75075912
0.84753644,0.77610731
0.90036017,0.94225049
0.39027289,0.43986452
0.56837106,0.64820087
0.64485866,0.65961528
0.82474798,0.82529610
0.04264741,0.13065517
0.30033392,0.27115142
0.90898675,0.85416496
0.92403889,0.90534735
0.92259681,0.94278848
0.79832280,0.72029686
0.82621115,0.92424244
0.78320456,0.91895717
0.73349500,0.66417360
0.32035527,0.32791984
0.92131174,0.90549296
0.83677173,0.95789301
0.88942128,0.89080381
0.48960510,0.77852327
0.93450695,0.99382716
0.86087424,0.88186079
0.59902817,0.88710868
0.95187849,0.92620957
0.59834415,0.68692023
0.87276572,0.89170754
0.75297844,0.75865537
0.85076356,0.88659948
0.89384735,0.90233785
0.68268025,0.59161586
0.83741593,0.84202844
0.60318190,0.40008104
0.27596232,0.19608384
0.18769382,0.38803819
0.83288854,0.83664083
0.96486706,0.93995357
0.17108637,0.17202541
0.93639255,0.94480026
0.73576719,0.91060805
0.96049124,0.95128202
0.81832296,0.72880971
0.68899381,0.64410317
0.59851390,0.59747022
0.86622733,0.89400923
0.92966479,0.96926028
0.31297627,0.28936982
0.86676180,0.90047210
0.84116244,0.88663781
0.73952490,0.65250051
0.45190501,0.68346667
0.68526018,0.69276422
0.89166087,0.90303099
0.83426011,0.76921195
0.41412637,0.57899725
0.95581031,0.97542685
0.92410403,0.94569963
0.93773270,0.87832510
0.83859724,0.77567565
0.89159328,0.85220218
0.93409932,0.93093783
0.39458269,0.53888887
0.59807324,0.67654282
0.26442760,0.30169028
0.60323137,0.73221946
0.89502531,0.88268322
0.56711978,0.53039193
0.90116018,0.82138282
0.94634324,0.95707542
0.75735658,0.80100870
0.51177180,0.16196567
0.42473823,0.46990740
0.70461065,0.93861771
0.26601383,0.36217457
0.87700874,0.80709219
0.83641148,0.86199093
0.87257636,0.90178287
0.75760353,0.80542874
0.83242637,0.80751878
0.94501126,0.80104631
0.84754002,0.88718373
0.66356206,0.69739503
0.93493354,0.97984850
0.49279994,0.36426768
0.88824135,0.88705528
0.66734093,0.36864805
0.69576341,0.66977620
0.83540016,0.88403136
0.75027704,0.76571822
0.33698574,0.37886363
0.60512513,0.65493828
0.38839462,0.43489569
0.73782670,0.73532635
0.82325220,0.81124872
0.89111024,0.99519229
0.92323768,0.84344262
0.79950368,0.78308499
0.85814214,0.86333960
0.82008415,0.90753543
0.84395331,0.72476077
0.83088022,0.92074680
0.58139259,0.35370290
0.96381509,0.95396715
0.89678359,0.87761462
0.76678485,0.81144160
0.95984221,0.95044720
0.90969908,0.93787879
0.92264163,0.85638297
0.80126655,0.85987854
0.88568783,0.82632869
0.85650438,0.89242089
0.84741575,0.82250887
0.80728388,0.81279546
0.81006902,0.94034493
0.77622229,0.77992052
0.77753043,0.76553100
0.68225831,0.68906206
0.80750996,0.82355517
0.50303781,0.35938177
0.86289960,0.87345409
0.90872043,0.88898343
0.87225801,0.89636159
0.94416642,0.92429376
0.79818594,0.67505187
0.50782520,0.44651172
0.83254236,0.88253027
0.97420985,0.97088867
0.86922371,0.86081493
0.89617610,0.93382460
0.66884232,0.54484087
0.55593497,0.75259417
0.77983040,0.80454546
0.88913703,0.84909785
0.91072315,0.95265228
0.86899251,0.92188805
0.64839804,0.46306127
0.94907528,0.91840661
0.75616425,0.68427199
0.95489401,0.94943053
0.82873571,0.92813319
0.31675309,0.37271520
0.81688446,0.75953388
0.93114644,0.89450550
0.80540800,0.85920537
0.59280425,0.73107523
0.79530102,0.83104122
0.91933376,0.91353768
0.93592209,0.97617865
0.90755242,0.89562041
0.12309866,0.41411451
0.91837341,0.91535169
0.81818020,0.87848437
0.69861346,0.77436620
0.77127588,0.89726198
0.86569476,0.91848284
0.33200023,0.40602154
0.87063795,0.95445096
0.89059871,0.78282315
0.63030571,0.79333568
0.75528628,0.73695797
0.79250354,0.74194068
0.80819607,0.88089836
0.72776520,0.70376295
0.85971975,0.79222780
0.37270766,0.53284085
0.71571064,0.69232672
0.76463646,0.87362635
0.91342872,0.93315899
0.90067077,0.89847904
0.95869511,0.95048326
0.82291478,0.82544190
0.59941030,0.45111784
0.81675905,0.76526254
0.62473112,0.66666669
0.95178777,0.97847730
0.82845825,0.94832075
0.82894111,0.86359763
0.86268455,0.93086141
0.88649368,0.87737757
0.77517784,0.73550689
0.67570692,0.51974297
0.89441395,0.90886420
0.89336455,0.38720176
0.89608294,0.91401410
0.61871690,0.48355031
0.65374655,0.62408209
0.35853422,0.48662463
0.91243547,0.86647338
0.80970579,0.95473486
0.75112712,0.71931773
0.93823278,0.95317155
0.54366338,0.61325783
0.49421555,0.48577949
0.79883564,0.71954024
0.94276732,0.93052202
0.62990594,0.66256094
0.90791303,0.88869721
0.85693002,0.87507844
0.89676052,0.81792372
0.85182911,0.86819649
0.80579889,0.86218625
0.88097548,0.88602632
0.95829272,0.91711634
0.61782002,0.63773948
0.94001973,0.89752495
0.93901724,0.93743151
0.62425309,0.49827948
0.77225333,0.88587773
0.76450610,0.77601486
0.80031723,0.85811526
0.78259987,0.85945159
0.83752275,0.70968443
0.60918730,0.61327791
0.88731670,0.92292207
0.85899496,0.82941765
0.74074483,0.66451561
0.81516230,0.92823392
0.84528273,0.71632773
0.92056197,0.94417560
0.74851930,0.68505210
0.91975462,0.91002417
0.91095358,0.91359538
0.71045130,0.85673094
0.64191735,0.70807981
0.75506115,0.76070392
0.09688785,0.13729459
0.69338006,0.68835652
0.56290072,0.72137666
0.69039029,0.82629925
0.92076039,0.86523712
0.59629112,0.59538245
0.07960883,0.15473181
0.82142580,0.73120302
0.68420929,0.72034764
0.76847357,0.81581563
0.51224595,0.49250498
0.93308991,0.92217743
0.80001104,0.81998229
0.88499862,0.74506533
0.66338378,0.66413325
0.37033841,0.50783974
0.94388479,0.94408256
0.50321859,0.37030447
0.68564153,0.87927926
0.36918396,0.53091592
0.93840575,0.95057774
0.82539105,0.80528605
0.50556731,0.37589082
0.84601319,0.83684266
0.89583701,0.97540987
0.55636400,0.62377995
0.63924438,0.48037428
0.40431318,0.46269619
0.90908104,0.93457288
0.90185732,0.80866539
0.82888329,0.89903843
0.79582465,0.84958625
0.67559707,0.61506706
0.90357339,0.76880431
0.89286065,0.90974027
0.75581735,0.79691225
0.51950586,0.87143034
0.70936209,0.76363635
0.45831174,0.40563783
0.87334830,0.74708658
0.87914038,0.97692186
0.40346310,0.42828083
0.89530045,0.92113245
0.83330786,0.83368820
0.90906358,0.85752261
0.84517920,0.89205337
0.61721939,0.55848861
0.88658178,0.92058164
0.94648582,0.86682916
0.80984211,0.86542338
0.64721280,0.34309050
0.11735699,0.10223510
0.85272646,0.85050559
0.75122327,0.79062480
0.89959991,0.92328155
0.94715679,0.97340423
0.49840572,0.40775433
0.78221935,0.75948274
0.87837255,0.78137255
0.85537100,0.88627803
0.77194560,0.81695038
0.87372226,0.75612265
0.15411417,0.15788215
0.78788090,0.92603093
0.80092835,0.62210047
0.31906757,0.33476782
0.76979071,0.83544338
0.89132875,0.88758588
0.86103249,0.78805077
0.35055110,0.49801278
0.59408975,0.60709095
0.75686437,0.84692925
0.80404878,0.72917205
0.82019979,0.90947235
0.91315740,0.91117525
0.93541288,0.93593907
0.35629904,0.60444576
0.62233686,0.73260748
0.86326498,0.66800827
0.86935723,0.90116984
0.65016532,0.66688097
0.92540717,0.94407284
0.77645510,0.83050269
0.94563508,0.96413970
0.26392972,0.30929348
0.88442731,0.93405366
0.80991924,0.84988165
0.83699030,0.85200143
0.10136338,0.11235981
0.77625936,0.70359343
0.85016543,0.69242609
0.88438207,0.85500002
0.61061633,0.71504486
0.62730855,0.56811988
0.77676779,0.84428191
0.69775164,0.45439693
0.73729813,0.62743056
0.34666726,0.29696268
0.91657048,0.85932982
0.88856959,0.85385585
0.68720168,0.52152991
0.33252645,0.50629544
0.88753653,0.92316020
0.91663438,0.88298571
0.86404014,0.92222607
0.84669363,0.85558599
0.81545472,0.43593705
0.90409762,0.99253732
0.15462524,0.19189817
0.50087923,0.55577368
0.89496183,0.92915082
0.13456760,0.17149614
0.94062006,0.90909094
0.44779596,0.48133001
0.16604967,0.26531985
0.20363308,0.34279943
0.77297461,0.94318181
0.07097825,0.16805555
0.93498009,0.92390758
0.92649764,0.90907645
0.85684687,0.90473849
0.84408611,0.60401648
0.96459544,0.94725490
0.53837276,0.51886147
0.88603902,0.90454543
0.90262073,0.89266211
0.63907993,0.63306081
0.81335306,0.80605441
0.56231999,0.49109986
0.92387921,0.93343937
0.77499533,0.82869685
0.85724336,0.76971161
0.75474298,0.75072098
0.62438357,0.59973037
0.88122535,0.93272662
0.11897206,0.16096221
0.81032497,0.83236551
0.17975107,0.14895315
0.81790823,0.74707866
0.51205611,0.32226485
0.56572551,0.56694961
0.91196817,0.89686990
0.92059773,0.94380414
0.72960484,0.72198862
0.31990743,0.33630988
0.71592480,0.79918033
0.69329649,0.80353743
0.83258104,0.77578127
0.87048697,0.85983205
0.64674348,0.79289818
0.94873631,0.17597333
0.28181976,0.27355328
0.80557787,0.70210099
0.86274272,0.90981239
0.86812484,0.80974191
0.90482390,0.94101930
0.78264338,0.74400544
0.51088554,0.47822964
0.89961928,0.88957387
0.89368498,0.91254580
0.67266542,0.81035084
0.93678260,0.91257709
0.37019643,0.41389197
0.79273677,0.85481483
0.63207370,0.49117348
0.91219848,0.91156292
0.46135229,0.41237518
0.85568094,0.73316973
0.89769644,0.90417427
0.82557774,0.84203482
0.83974725,0.87100881
0.53937179,0.64989978
0.79025549,0.66030031
0.75998181,0.84235799
0.46169242,0.53175914
0.44307271,0.42613587
0.72577327,0.74045897
0.88138801,0.92179739
0.79440868,0.83363283
0.74497354,0.74972790
0.90230316,0.93267393
0.94840842,0.90011698
0.87733942,0.80131948
0.53096950,0.68642855
0.69443810,0.81843573
0.70492518,0.70556027
0.73842973,0.86710781
0.75908494,0.88317168
0.91145927,0.53268218
0.68275499,0.71708071
0.45848393,0.49782473
0.66110450,0.63613039
0.93427587,0.95715326
0.92654818,0.94849253
0.38662446,0.43774909
0.89152950,0.80915117
0.88644749,0.92648935
0.91497803,0.90317327
0.85545439,0.88832200
0.93834144,0.94523060
0.91817588,0.90917122
0.40999866,0.51725292
0.89011741,0.93333334
0.95742613,0.95148885
0.39045781,0.49638805
0.73016280,0.88987964
0.55661857,0.52429187
0.81239963,0.76684982
0.93261325,0.92035741
0.70952815,0.60529757
0.62502080,0.59092259
0.56915659,0.57391024
0.73300517,0.77398944
0.75602114,0.80154157
0.89272839,0.90063465
0.93424028,0.94029009
0.85432273,0.82723516
0.34999335,0.32289064
0.55250341,0.58769631
0.55049801,0.56708324
0.87742978,0.88732040
0.91443330,0.83375001
0.84176624,0.83192021
0.85963666,0.87247783
0.59370005,0.75191194
0.50648761,0.54102367
0.61675811,0.58003098
0.26631609,0.43387705
0.91362631,0.89318383
0.92299390,0.97521418
0.88439763,0.92824352
0.90304220,0.85440701
0.39573163,0.24134728
0.58779830,0.46230251
0.82231849,0.95507568
0.90170157,0.90797651
0.86834341,0.87545484
0.64112991,0.55882353
0.19965716,0.41450471
0.93860596,0.94064313
0.81653011,0.79514021
0.81533891,0.62104017
0.73180646,0.74635702
0.61311299,0.74321967
0.70614153,0.64693373
0.58471984,0.64818114
0.74358130,0.81084216
0.84683341,0.94846493
0.82210469,0.85275441
0.22620934,0.16919251
0.67163330,0.73777807
0.81151897,0.60520834
0.85306370,0.72881877
0.14052458,0.13987172
0.73312575,0.74972749
0.53369606,0.57779288
0.85161161,0.91396326
0.44166458,0.49417111
0.94738811,0.90073121
0.57564217,0.68355483
0.41009712,0.45858580
0.54202771,0.59835202
0.40758151,0.60581255
0.48477691,0.27689710
0.83262253,0.88675213
0.86691004,0.89387077
0.92231214,0.86072850
0.86166173,0.90895396
0.19693829,0.12685186
0.92667234,0.94719952
0.90426677,0.80947930
0.76981616,0.87093079
0.71861988,0.53754151
0.61800170,0.48074982
0.78893578,0.70175231
0.71341187,0.80138272
0.35883030,0.18914123
0.82271355,0.89991969
0.81244677,0.90664697
0.91868347,0.92192310
0.71736640,0.70954633
0.58015186,0.64516598
0.88169432,0.93934959
0.73044211,0.68070573
0.88376284,0.78901410
0.21667524,0.25915682
0.95805597,0.93755049
0.69818455,0.78349674
0.50744146,0.30113637
0.73898643,0.79827219
0.61110824,0.70221823
0.88769633,0.96412265
0.16805542,0.30938494
0.24003185,0.24587674
0.84920084,0.91239721
0.52446598,0.43103448
0.76372814,0.65319914
0.87925869,0.91233766
0.57255131,0.55924815
0.66922820,0.89297050
0.86821669,0.92712766
0.71574956,0.65528846
0.89499438,0.91641706
0.76711768,0.91049892
0.74855030,0.72620887
0.82952845,0.92000842
0.91817242,0.90261990
0.85094005,0.94229674
0.67427462,0.74520206
0.67456585,0.70211607
0.92694032,0.98922598
0.71767980,0.69567865
0.77559417,0.91332501
0.94302201,0.97619045
0.89274418,0.91140813
0.93960559,0.97933853
0.89539576,0.92179483
0.84319228,0.83434474
0.53555721,0.43875387
0.13814469,0.12598751
0.90759271,0.80515140
0.93069994,0.78235292
0.92754936,0.89587718
0.91457915,0.92665416
0.72585809,0.64506000
0.69712591,0.73887980
0.90756828,0.92082554
0.79686862,0.89070284
0.89586896,0.66290534
0.84924901,0.94156039
0.73543972,0.53559911
0.77069938,0.70679015
0.85975915,0.87731093
0.90334159,0.91074419
0.46443653,0.52660644
0.79505247,0.69846857
0.97685301,0.92421627
0.87056488,0.86835557
0.47520351,0.50482512
0.85828191,0.82318991
0.31753141,0.30889091
0.60638529,0.55752653
0.40610674,0.31595987
0.53643388,0.83333331
0.30745149,0.33849600
0.62269336,0.79298246
0.83985269,0.71165258
0.46118316,0.31763548
0.44533202,0.39099726
0.76754779,0.73548859
0.30543193,0.34459993
0.82671976,0.88075078
0.77071685,0.85386860
0.81813228,0.84730196
0.88670462,0.84439600
0.79989243,0.89345825
0.70038748,0.78287286
0.88434750,0.90166646
0.21174888,0.49553746
0.89196479,0.90880620
0.84578782,0.84768492
0.79101527,0.83387977
0.90532964,0.75215387
0.80567700,0.76766616
0.62816948,0.53104299
0.72809857,0.81340581
0.78740305,0.75326777
0.63939220,0.51244235
0.18799660,0.34693033
0.85692239,0.79598188
0.92860949,0.90986842
0.41446146,0.45630932
0.86212265,0.89654469
0.63121378,0.68593282
0.66086417,0.60692453
0.83799881,0.84840775
0.42503217,0.35541871
0.59894389,0.63192332
0.73990697,0.77879041
0.28138092,0.39656276
0.91009307,0.94523376
0.65806973,0.63374132
0.92070019,0.98275864
0.78933394,0.85287970
0.25706387,0.18073878
0.65900648,0.67013109
0.90472925,0.95277780
0.86071056,0.70886618
0.85386825,0.94090909
0.32327324,0.37231132
0.73251575,0.79828602
0.84777731,0.78862488
0.06546916,0.14017177
0.77608186,0.86554027
0.95301622,0.95667285
0.83343470,0.84633219
0.89134258,0.96923077
0.81554163,0.89775115
0.74141055,0.64714241
0.86793387,0.83513546
0.47603074,0.72588235
0.81948388,0.84754902
0.60681891,0.71759260
0.69597375,0.70015180
0.82784265,0.75465667
0.19507933,0.41527238
0.86705309,0.85904509
0.88087076,0.74544257
0.73484576,0.70368671
0.90265805,0.96376812
0.87674695,0.99275362
0.80148637,0.82435900
0.48262271,0.59803253
0.80737793,0.82986039
0.51166952,0.63351828
0.82449013,0.81027752
0.91958892,0.95262128
0.64538544,0.80894148
0.92419690,0.85415053
0.57625407,0.22454269
0.78586990,0.83595204
0.81143367,0.70385230
0.81563258,0.85160822
0.10828874,0.13069455
0.94178069,0.95625663
0.51459545,0.44530153
0.67236149,0.84039712
0.26946822,0.43346915
0.84288430,0.89800197
0.93344212,0.90875059
0.83101410,0.82030994
0.83335406,0.79763937
0.32231632,0.24452288
0.83203018,0.83806610
0.66955954,0.65213674
0.59163231,0.57287008
0.86661136,0.92304611
0.80351311,0.94978607
0.52205265,0.64651471
0.91443121,0.86218202
0.93426299,0.91463667
0.74636126,0.84729153
0.71942598,0.75903976
0.42633381,0.45269471
0.90028954,0.92181176
0.97175366,0.95691174
0.80888796,0.79957718
0.75898904,0.87323833
0.86767811,0.62049538
0.77016526,0.83840066
0.94481194,0.94470590
0.88816881,0.63815278
0.86442930,0.81925821
0.75647914,0.76926482
0.87939733,0.93142217
0.60728407,0.64008701
0.76828057,0.83216071
0.91471583,0.93350875
0.80413210,0.83468765
0.90668601,0.91225690
0.87371647,0.79963523
0.91107845,0.94897085
0.66441947,0.75115359
0.60548759,0.66969699
0.93115896,0.94510549
0.38525087,0.46856546
0.63100421,0.56722486
0.80547786,0.79981911
0.77401185,0.91211033
0.88837320,0.90170288
0.89886862,0.96798378
0.72740781,0.67013174
0.87379360,0.88219142
0.87835312,0.91038436
0.77995569,0.79298246
0.90465444,0.86638868
0.08204433,0.12465912
0.63985479,0.90974259
0.34844097,0.39943701
0.50777417,0.46200973
0.71420223,0.82783753
0.81355280,0.82958025
0.93149519,0.94356018
0.45906889,0.33618388
0.72521561,0.73583418
0.42653728,0.55495280
0.59487456,0.50611144
0.59666705,0.84291822
0.93024242,0.88362384
0.45878965,0.53967869
0.26187962,0.29709384
0.74152535,0.68652040
0.85077929,0.87947094
0.77434212,0.68962061
0.68801320,0.60175437
0.72531545,0.59613425
0.58658493,0.54225522
0.75699306,0.88332212
0.87106013,0.87752408
0.90551817,0.89441079
0.02754459,0.06378902
0.77685189,0.90164453
0.30413449,0.46296296
0.67971772,0.67128801
0.61964464,0.57127637
0.74429548,0.79508626
0.91852796,0.93096691
0.92291021,0.91537356
0.92591923,0.95516568
0.78218299,0.74644977
0.92431682,0.96847826
0.54049599,0.55499166
0.73839301,0.75261503
0.51970291,0.42450452
0.92427856,0.89535546
0.95922863,0.90532106
0.87827748,0.81703997
0.71764737,0.85103798
0.86012745,0.90310782
0.94500148,0.97872341
0.83521467,0.96459067
0.83927280,0.76291794
0.80609554,0.74279559
0.92685121,0.89090663
0.47178739,0.53643906
0.77479213,0.84706134
0.64173877,0.53568822
0.91079909,0.89027262
0.92528641,0.87522280
0.68854409,0.68735337
0.95308119,0.90734500
0.53189725,0.59587657
0.64704806,0.49330035
0.78689837,0.60518789
0.93733567,0.87993860
0.83784258,0.88662660
0.67605066,0.59807694
0.87048185,0.85897189
0.78866726,0.78093833
0.24196176,0.22644928
0.87234622,0.84770489
0.61277890,0.81561995
0.53107381,0.42962953
0.86829197,0.94712073
0.88879001,0.77471656
0.76803583,0.76811635
0.36599907,0.48900464
0.87129891,0.75165170
0.76387906,0.88255924
0.84087461,0.90447593
0.80989194,0.82797444
0.20680858,0.30609041
0.59706795,0.59229332
0.72976476,0.74305391
0.80527759,0.82886869
0.92933625,0.94409192
0.71351808,0.78591627
0.78394240,0.71623808
0.52200437,0.47535211
0.91678673,0.94798648
0.52004147,0.36237374
0.75880420,0.83224422
0.88116109,0.83307701
0.53957623,0.65434241
0.46197379,0.55239666
0.94453138,0.93473929
0.89442587,0.93723059
0.93844366,0.93569988
0.93877983,0.87917340
0.87831026,0.88735884
0.88849723,0.88899755
0.58167112,0.74898958
0.57646704,0.68114477
0.80874634,0.58571428
0.56920630,0.48970768
0.88022137,0.86167032
0.37580013,0.29080674
0.89581120,0.93277830
0.77030277,0.81553400
0.84144437,0.77173913
0.80447954,0.73167789
0.69810092,0.81875646
0.96000135,0.94533569
0.54959393,0.52331150
0.80712342,0.82278323
0.86100537,0.89532495
0.94196224,0.93501192
0.77756548,0.94000000
0.90697879,0.93757176
0.32339281,0.28643617
0.36151713,0.38437003
0.81969512,0.86175376
0.49587193,0.66428620
0.32595539,0.42257217
0.63189191,0.65077490
0.88821596,0.91923076
0.71858096,0.67142022
0.76394123,0.48139769
0.90205401,0.85357428
0.43355942,0.56810105
0.92182434,0.87248802
0.80812645,0.95862800
0.76096237,0.82238585
0.66811109,0.62078261
0.88041139,0.80750889
0.77521402,0.83243144
0.94241959,0.85847986
0.96004653,0.91971737
0.69283766,0.69436836
0.88751781,0.75966048
0.48075348,0.41319931
0.89043516,0.88292122
0.81765652,0.74175900
0.75408518,0.85444778
0.57706386,0.65708536
0.91876757,0.91202533
0.76077819,0.79289150
0.21491165,0.11148074
0.57628918,0.49401122
0.67159963,0.76232862
0.93508571,0.92849016
0.15040545,0.19169508
0.16308321,0.14660482
0.74844933,0.88060230
0.68920404,0.71151268
0.39412352,0.26976076
0.82515508,0.87049526
0.71956855,0.64069766
0.58606970,0.70906752
0.23417552,0.20999916
0.87010318,0.90540540
0.51286590,0.58448458
0.59998155,0.59448087
0.85228425,0.73690474
0.45876381,0.68911612
0.84592932,0.86158252
0.68266779,0.79910553
0.88578320,0.88239187
0.86705184,0.90231508
0.60601729,0.49682686
0.50377649,0.33763418
0.84042162,0.95539623
0.72439617,0.42209944
0.71838146,0.84276849
0.82160747,0.83121246
0.30654469,0.33246276
0.87863731,0.87292683
0.85376740,0.81089091
0.85637265,0.82630205
0.91246575,0.78991252
0.85361260,0.86705172
0.59090173,0.61377645
0.27830681,0.34832197
0.94695914,0.91766828
0.43767315,0.32575008
0.53037202,0.60423815
0.81926394,0.88158941
0.79254299,0.90737563
0.73614568,0.83232540
0.70868558,0.83195084
0.79045796,0.73680902
0.89273429,0.98660505
0.31832388,0.62205803
0.67705864,0.69734889
0.88698536,0.88779718
0.87968504,0.91158903
0.83404976,0.74469572
0.88867599,0.94096643
0.63875961,0.72543061
0.64982742,0.79676998
0.93859464,0.95966935
0.79028511,0.87531143
0.54028004,0.58723468
0.51261282,0.42238268
0.85733497,0.81438857
0.64840931,0.61333448
0.77234906,0.45584652
0.65685070,0.72169811
0.91463780,0.82912940
0.93089235,0.90630299
0.80901837,0.85919821
0.93640888,0.89294875
0.29574612,0.35851455
0.57709461,0.50331545
0.90544552,0.76369637
0.50709087,0.51747334
0.93644994,0.96570659
0.26966700,0.37821880
0.92062438,0.94701755
0.53250396,0.36748573
0.61689174,0.48774403
0.91144383,0.91049600
0.87112951,0.88741851
0.90261793,0.98275864
0.95325100,0.98849702
0.97342664,0.90976351
0.33205304,0.24929525
0.55282032,0.50047541
0.90812713,0.89817476
0.91919386,0.85895091
0.93129140,0.82343489
0.09904977,0.09733385
0.58730501,0.56538570
0.76573509,0.69834185
0.78366435,0.88496679
0.57325619,0.64710796
0.93386692,0.93648565
0.71571648,0.71581823
0.81741512,0.78080195
0.29426768,0.42770770
0.94356173,0.91392887
0.93783230,0.90552974
0.91802436,0.91573662
0.53113794,0.68036401
0.90254140,0.89907104
0.61858082,0.44020849
0.78220671,0.65571481
0.89137304,0.94130152
0.74340755,0.80382884
0.75276065,0.71913344
0.11104649,0.16865297
0.40283853,0.14304200
0.13071376,0.21486166
0.27575833,0.31148237
0.87146610,0.91949451
0.92783767,0.96001065
0.88007730,0.95454544
0.77923769,0.66906595
0.87571704,0.85357368
0.61017352,0.67364585
0.76995027,0.79618436
0.72978401,0.84451681
0.36050010,0.44881848
0.93265325,0.85982561
0.80853975,0.79611725
0.28418720,0.24394307
0.70508820,0.81831789
0.54442549,0.41585678
0.86653030,0.87915879
0.42465064,0.40451533
0.79461896,0.72263235
0.87347716,0.94221395
0.76241195,0.75266081
0.85960841,0.91873604
0.69864529,0.74833596
0.86268133,0.85856056
0.64237797,0.81048852
0.88932520,0.89603448
0.24375577,0.26633644
0.87224096,0.81332099
0.69959402,0.70573384
0.95649517,0.97651005
0.85190231,0.91983503
0.95564413,0.91829187
0.34701940,0.35841557
0.94819576,0.91055554
0.71923018,0.74782741
0.96369618,0.94044352
0.93993926,0.96733141
0.89882022,0.92955494
0.84184283,0.83844447
0.78022093,0.58614844
0.89202070,0.88006818
0.93062603,0.92288601
0.30334270,0.26272455
0.87689269,0.83190924
0.62130779,0.72027773
0.77265275,0.93526757
0.77572930,0.68704498
0.19392246,0.15570776
0.80975288,0.65136182
0.88934010,0.92125106
0.74152100,0.79162019
0.77601093,0.85636902
0.82631129,0.88357931
0.73178041,0.88174993
0.80217600,0.79741377
0.62271190,0.64639425
0.53014636,0.53909063
0.61896634,0.62573582
0.81163067,0.87221742
0.75222993,0.79562014
0.69943607,0.78673470
0.79225463,0.82393950
0.45487913,0.43288681
0.40581027,0.25553018
0.82474256,0.87876654
0.89194083,0.76957691
0.82480085,0.74898672
0.63369811,0.41086957
0.45591113,0.34485158
0.53843462,0.53546131
0.79249090,0.96666664
0.91059905,0.95023924
0.74527937,0.87311041
0.93490750,0.91178250
0.81149608,0.83515948
0.67873663,0.58434588
0.94097567,0.89346659
0.96727341,0.98982012
0.88170886,0.87994564
0.87381804,0.76127243
0.85331422,0.85837102
0.94382584,0.91895425
0.20550299,0.24012481
0.78250760,0.84508663
0.88713515,0.87620687
0.61760259,0.54030800
0.83717346,0.76951873
0.93155187,0.97838503
0.83487570,0.80167454
0.70848399,0.57442808
0.68034846,0.77140731
0.83463585,0.81005025
0.79190630,0.85648358
0.89975739,0.86341697
0.91029119,0.77339107
0.92255712,0.87987375
0.10326297,0.11469042
0.87842238,0.88720489
0.93544710,0.93778312
0.58470154,0.69335526
0.93100178,0.93119937
0.86420161,0.89935899
0.91705817,0.88697916
0.80105674,0.75230956
0.75044453,0.73787737
0.94775498,0.95592654
0.67999554,0.60129112
0.93964958,0.97611338
0.93669587,0.90174145
0.87520242,0.89140624
0.41465169,0.66635603
0.71679276,0.80292118
0.76815045,0.74788964
0.94336128,0.85470283
0.70481139,0.35770595
0.73792142,0.59154373
0.84054643,0.82882243
0.86930352,0.90482342
0.75000477,0.59700030
0.90799421,0.89153439
0.92310637,0.97311831
0.56840742,0.53575748
0.20958215,0.15808170
0.76102108,0.71256495
0.79155231,0.87203765
0.67468208,0.49895087
0.67528003,0.56250000
0.59740752,0.52228165
0.72178859,0.83328664
0.82371336,0.80661660
0.90625274,0.93434107
0.55530238,0.64884073
0.73809808,0.75838923
0.00835056,0.04953431
0.84227353,0.85798162
0.82957363,0.80806857
0.92639554,0.93983078
0.49885696,0.50126493
0.90743679,0.88039112
0.86602426,0.94798410
0.80780244,0.87687516
0.67834759,0.58634460
0.88894600,0.91057914
0.60625637,0.48184818
0.46491659,0.33665380
0.83006310,0.85242832
0.89932263,0.90735292
0.38659659,0.40943256
0.48683047,0.44473892
0.82358462,0.81955886
0.84707421,0.83082032
0.93456680,0.91540599
0.33396432,0.37155995
0.27484444,0.13041443
0.75079370,0.67618191
0.85620248,0.93599880
0.92083055,0.85991228
0.94754755,0.94861281
0.88184130,0.77751720
0.82125312,0.61105484
0.86349189,0.89774948
0.76419818,0.34511524
0.91424984,0.87132150
0.91913027,0.94743907
0.63557601,0.61226863
0.80215538,0.80778700
0.94756800,0.93322879
0.94922042,0.97222221
0.34144154,0.42358845
0.92753631,0.92842150
0.86961842,0.87963533
0.88973582,0.93257427
0.86020857,0.84153783
0.86685520,0.93129760
0.68779194,0.68185139
0.86379188,0.94208270
0.75319308,0.69028759
0.88929427,0.85408163
0.57078099,0.73607951
0.88051683,0.88519126
0.58677441,0.50528187
0.79183364,0.84792101
0.84465396,0.75366879
0.61132491,0.50658047
0.74780971,0.64404887
0.84375685,0.89263630
0.41969973,0.49252614
0.73172247,0.65751696
0.69228125,0.58521760
0.75028223,0.70898658
0.96178609,0.94868690
0.77459949,0.79000568
0.72995198,0.87812442
0.90823388,0.90679687
0.83131522,0.93229169
0.55381346,0.40523237
0.87177640,0.86327744
0.86336046,0.69556737
0.71204644,0.80346686
0.59297431,0.67167324
0.88787395,0.82744044
0.68376434,0.75187397
0.39973536,0.57973754
0.91187966,0.96288943
0.82223874,0.96245849
0.92941540,0.97161305
0.86023682,0.92712247
0.87190014,0.83955443
0.52317762,0.59445947
0.69667190,0.79835540
0.77424872,0.85104710
0.90998107,0.85698450
0.71241462,0.75783801
0.61843956,0.68147451
0.86243576,0.68763447
0.91164774,0.86583000
0.90291929,0.83552742
0.91323620,0.92595226
0.77554935,0.80328435
0.73718488,0.76440734
0.57445449,0.48274773
0.69141513,0.85425282
0.24107794,0.35217968
0.85356498,0.95604396
0.69891411,0.57052928
0.84974968,0.65849674
0.95449990,0.97115386
0.59377486,0.51422232
0.87512028,0.94842172
0.90523529,0.86075163
0.89957422,0.97244149
0.87863106,0.88086736
0.01925426,0.04580267
0.65508795,0.71991873
0.78007483,0.90789473
0.93139559,0.83249384
0.90815061,0.88196427
0.91929406,0.86628664
0.86441857,0.91282797
0.88920230,0.91710097
0.78019184,0.81452864
0.83944446,0.67801344
0.86195695,0.47775811
0.85082966,0.80510753
0.61911267,0.67446810
0.91471511,0.84147245
0.94043142,0.93378329
0.83920991,0.84296876
0.83601075,0.73563290
0.53477180,0.43004099
0.05745033,0.11223690
0.62630790,0.57947791
0.92789984,0.94054466
0.95675325,0.93813747
0.95890868,0.86860120
0.60657161,0.62798101
0.95235407,0.95646960
0.56243485,0.47371379
0.79017198,0.94417387
0.93308473,0.96932012
0.57647139,0.56598759
0.69387656,0.80576950
0.29698810,0.33701411
0.82352501,0.69234240
0.85868299,0.84282053
0.24481621,0.26069599
0.51272053,0.73901176
0.86735553,0.93899584
0.73488927,0.60856491
0.21572416,0.14977884
0.83447677,0.89643747
0.90442431,0.84919506
0.84128976,0.78197366
0.77840215,0.84337187
0.73603827,0.62717295
0.67743367,0.77907377
0.86228102,0.85116220
0.48611048,0.62323946
0.66364497,0.65485609
0.96530485,0.97540987
0.91247576,0.86293226
0.74094445,0.81600612
0.39687493,0.47790524
0.94671160,0.95002931
0.95309603,0.94913703
0.56683856,0.58176565
0.88849300,0.90195483
0.56328923,0.50837183
0.56737691,0.54774100
0.52236623,0.57565135
0.70265120,0.80611110
0.45532909,0.39445871
0.87372589,0.96013117
0.17703475,0.19643602
0.95013350,0.96178591
0.52785820,0.24278516
0.95531046,0.96150458
0.86438107,0.83796620
0.90122980,0.92015117
0.83072042,0.94868141
0.67622495,0.59982920
0.82148361,0.76569235
0.88504976,0.88745636
0.93179405,0.95939767
0.29974392,0.34010842
0.74173790,0.80897957
0.79721022,0.89536291
0.32989988,0.32583460
0.83000004,0.71392745
0.96173227,0.95888788
0.90465707,0.88028204
0.91539317,0.88586742
0.74803698,0.68154299
0.88920546,0.94550353
0.89364374,0.94453758
0.74826866,0.73705500
0.90938032,0.90509939
0.36580414,0.17494252
0.74447811,0.87989235
0.45833486,0.68179667
0.66855723,0.79959714
0.73942631,0.59616596
0.92579746,0.84470910
0.92717218,0.99497414
0.19617864,0.26573077
0.93998820,0.96437126
0.77157497,0.87511498
0.78461665,0.63227510
0.81796962,0.80413121
0.91289175,0.87317926
0.75749075,0.71612072
0.85524124,0.87742949
0.61642218,0.84252799
0.89861166,0.88625824
0.76271707,0.70597845
0.86873341,0.82569063
0.42050883,0.28093535
0.40570518,0.45139080
0.81126976,0.85651290
0.15628614,0.25443321
0.85269976,0.87771767
0.86686307,0.92113006
0.83957368,0.78771532
0.46390229,0.56883347
0.71278703,0.68409812
0.55595684,0.51866502
0.87469316,0.89704436
0.84502894,0.64072943
0.91452366,0.97974503
0.84870625,0.83071285
0.83680695,0.84090102
0.40096393,0.29403645
0.83783561,0.77840394
0.68344176,0.76021636
0.70490772,0.78524214
0.88083005,0.89633226
0.93888575,0.94120151
0.80784005,0.87318563
0.80098021,0.82413101
0.91456932,0.95733041
0.87914121,0.90329397
0.17696403,0.11286988
0.42405859,0.44786826
0.64844066,0.70078200
0.71880758,0.70576924
0.72389233,0.77261633
0.65876067,0.51436228
0.65027010,0.64331055
0.67578185,0.77381706
0.84704912,0.94997269
0.77592766,0.57921028
0.91025460,0.96609181
0.81069297,0.83745748
0.88119233,0.87462234
0.90538877,0.86753249
0.79623675,0.90942913
0.90514278,0.92438066
0.86542118,0.81891280
0.89522260,0.91215152
0.83162040,0.70312828
0.83585149,0.81175274
0.92146921,0.87305474
0.88750261,0.89770633
0.63212544,0.50900257
0.37987804,0.54919863
0.90138888,0.99425286
0.92218482,0.90091950
0.84215271,0.80878663
0.82173955,0.83850265
0.78781408,0.74399853
0.93120813,0.92098033
0.44814110,0.62598270
0.87425637,0.76550871
0.93834579,0.87920874
0.17340824,0.25909430
0.76489222,0.76881856
0.94436157,0.92859668
0.72988009,0.71317309
0.67310637,0.77956986
0.72470748,0.86996698
0.70313758,0.45161444
0.89589721,0.98084825
0.84173322,0.84113801
0.85136443,0.84279549
0.79930782,0.70817608
0.41804025,0.44838309
0.74137777,0.85638946
0.79997617,0.99642855
0.92108816,0.95770979
0.85984164,0.87345171
0.76718551,0.73427027
0.82561886,0.84351897
0.92960089,0.92926937
0.93011689,0.92618775
0.42975387,0.45971575
0.90877181,0.90075141
0.83062112,0.82073301
0.91186184,0.90561372
0.89688361,0.84722221
0.84926564,0.92095351
0.87954909,0.88191885
0.08284550,0.07497706
0.27934468,0.14390244
0.86637926,0.84716874
0.91544640,0.88255036
0.80197215,0.85113996
0.88370383,0.94928300
0.64143848,0.73880899
0.62321520,0.62105978
0.79679859,0.81262982
0.64307106,0.55583185
0.88476169,0.88450295
0.48119855,0.43947282
0.89249063,0.93605608
0.72123230,0.74731505
0.53799897,0.60952902
0.71942294,0.71591765
0.92831939,0.90945148
0.55253547,0.61156446
0.55349088,0.66399556
0.75610524,0.82773900
0.73009884,0.99888641
0.84115666,0.80901307
0.80075556,0.83635467
0.61809111,0.62672049
0.75282145,0.62334055
0.88625973,0.80335766
0.51835448,0.57727122
0.67426783,0.69110304
0.81448632,0.87603253
0.49855971,0.62082064
0.61422306,0.60234964
0.27196684,0.31594202
0.36659220,0.45400271
0.59934968,0.73377436
0.64181858,0.54876393
0.57783729,0.67029285
0.80522001,0.89851618
0.83290040,0.70219976
0.76817894,0.79977137
0.78785753,0.75698471
0.76469076,0.80296588
0.92576599,0.98493630
0.61243534,0.73153740
0.88822985,0.91952467
0.79661971,0.74732560
0.14004238,0.27417654
0.77334827,0.90460300
0.57503533,0.61332309
0.80187702,0.90574151
0.93482292,0.93852460
0.32287204,0.41883275
0.42590138,0.45576829
0.49919099,0.40355298
0.87810665,0.90396249
0.82250673,0.87063295
0.16800176,0.24686849
0.95166367,0.90374649
0.91801649,0.80468750
0.83320266,0.92537314
0.81524992,0.82373244
0.91966879,0.90890688
0.37311140,0.41073257
0.91936356,0.92492646
0.87621212,0.89233661
0.81855905,0.75138891
0.87829655,0.78554803
0.68086326,0.68115872
0.48521614,0.59684193
0.81962806,0.34331059
0.95286101,0.95993030
0.89393085,0.75191104
0.81450361,0.92942840
0.01701002,0.05887888
0.78288090,0.86328375
0.91374731,0.92137265
0.94085145,0.94824338
0.88890159,0.92727274
0.35079357,0.44329169
0.24709389,0.16621801
0.78726804,0.81493509
0.70187771,0.77093369
0.38618270,0.36946368
0.91803044,0.94431466
0.83593261,0.86139697
0.61736411,0.71845347
0.48790833,0.42334017
0.76361412,0.88576943
0.91194540,0.98041666
0.85484767,0.89055043
0.42331192,0.45699394
0.53068113,0.43135002
0.63899380,0.56313431
0.58368051,0.65316665
0.84772462,0.88094515
0.74804461,0.81349206
0.76084644,0.69447440
0.63065243,0.53202736
0.35911620,0.19074610
0.75747317,0.62072283
0.73776460,0.62310362
0.10956669,0.17857143
0.93505162,0.93130344
0.25085691,0.26686859
0.34045687,0.41347429
0.50542831,0.34925410
0.95377755,0.92120683
0.62710530,0.71532255
0.83921057,0.91563803
0.28000736,0.36190981
0.58265150,0.68842268
0.68916839,0.75373417
0.91690701,0.91406190
0.70324236,0.61812866
0.87691265,0.88348532
0.95400566,0.96102065
0.79795456,0.76305968
0.83434665,0.93243456
0.69645482,0.88182276
0.79268461,0.68118411
0.75507808,0.86943781
0.93413812,0.93299937
0.52109367,0.82679921
0.82025623,0.90753287
0.65270180,0.56599897
0.83128881,0.58724594
0.92459100,0.93863815
0.88998020,0.78259116
0.89074200,0.85712564
0.92376697,0.94747758
0.95275128,0.93136072
0.18974653,0.38836405
0.63744998,0.83414632
0.87304795,0.81010693
0.84168285,0.73488325
0.75471306,0.91078430
0.88083625,0.95604217
0.42710957,0.61352813
0.40087444,0.28458738
0.58230484,0.64388865
0.29233396,0.31385612
0.70305032,0.58470148
0.95252258,0.90445155
0.68086380,0.73867559
0.88147557,0.86246496
0.22249451,0.37729108
0.80599171,0.66213691
0.76034850,0.78770852
0.35973442,0.38212597
0.17607297,0.21620715
0.55272895,0.44405919
0.85985887,0.88106066
0.79327339,0.77390367
0.76241291,0.82036614
0.84964550,0.80996716
0.83576548,0.85842067
0.93865180,0.90472430
0.86174923,0.40315506
0.77455288,0.60859418
0.83468038,0.73751736
0.74007034,0.73597103
0.85199428,0.80103737
0.82256031,0.83284163
0.21730891,0.27266225
0.63982022,0.60189211
0.60803545,0.84333014
0.95968229,0.97828609
0.82906759,0.78776121
0.80701983,0.74959815
0.62723863,0.84598929
0.77972996,0.80587584
0.74830967,0.72466218
0.83315575,0.88078433
0.91597331,0.93350166
0.49608478,0.39687431
0.60774708,0.53868902
0.40443438,0.39282146
0.40900195,0.46381423
0.88632661,0.91736388
0.77710164,0.81108958
0.72386849,0.69661492
0.61186206,0.62597948
0.94724804,0.80019981
0.65554303,0.47633147
0.77003831,0.84880120
0.90774196,0.83789790
0.53520632,0.67357653
0.82937622,0.72186613
0.53144038,0.51307732
0.81076747,0.77973855
0.24481516,0.34047765
0.44521010,0.55808079
0.40628725,0.41156632
0.40040243,0.51598209
0.90374011,0.89465147
0.82774544,0.84753376
0.69158947,0.70289034
0.92760074,0.94705653
0.87829703,0.92244416
0.95976233,0.94948977
0.78199679,0.63704205
0.89123964,0.88767505
0.25054112,0.44295454
0.90149379,0.91778165
0.95294696,0.96724421
0.78587550,0.71548676
0.63609880,0.70466030
0.92984664,0.96487606
0.73906642,0.69793046
0.87140274,0.83635980
0.97383547,0.95140678
0.73251438,0.73388773
0.31291825,0.30173033
0.91675532,0.91107738
0.86295247,0.84156317
0.65851164,0.68461519
0.76738477,0.82612556
0.89274514,0.90076631
0.52996182,0.57860386
0.93896592,0.89237136
0.88846523,0.80948132
0.80317110,0.63861454
0.30575821,0.38626665
0.55665153,0.52671957
0.84520549,0.87913013
0.93896353,0.95767272
0.88550830,0.86352932
0.39401576,0.33011273
0.86419851,0.94629246
0.96415240,0.93036580
0.93140626,0.91126776
0.91861153,0.97853369
0.55098975,0.64231008
0.80507803,0.78312474
0.94317585,0.96205503
0.90305090,0.91715837
0.73169410,0.68434751
0.88887221,0.88573885
0.90221226,0.89452815
0.37354097,0.26408178
0.51733756,0.52276689
0.89133066,0.91676831
0.65452164,0.59834677
0.76480818,0.62980771
0.82585859,0.84498233
0.93072909,0.97385532
0.69273043,0.71306640
0.81456554,0.85761565
0.26244757,0.26958776
0.88932508,0.88651258
0.94799888,0.97886825
0.86041516,0.88575268
0.73158193,0.81904554
0.86385286,0.85631067
0.92451560,0.78633600
0.38430226,0.53611565
0.52056628,0.52867132
0.74255407,0.58175290
0.91144264,0.74276859
0.17383997,0.16462965
0.88550776,0.93084574
0.88412446,0.92125493
0.81214136,0.86562502
0.56668609,0.52665967
0.73666036,0.76739419
0.84085816,0.86697251
0.90229928,0.90608108
0.15928158,0.21021059
0.83426100,0.71524066
0.83514899,0.82290912
0.58085907,0.77031821
0.78354043,0.79810995
0.69705641,0.51792771
0.59622592,0.67713457
0.68400514,0.73488283
0.88864481,0.88671398
0.91978604,0.86932921
0.42820305,0.45771959
0.58594418,0.53966188
0.84179127,0.88286805
0.85038692,0.80708271
0.84102458,0.92190522
0.83496451,0.70137870
0.78220046,0.84829384
0.86584610,0.83466822
0.76657742,0.71924812
0.89962333,0.93329918
0.56061107,0.76857030
0.56641954,0.55803180
0.88431317,0.88090771
0.92088133,0.84025007
0.94999963,0.91762823
0.87624604,0.86246240
0.55266386,0.51923591
0.62652612,0.53985041
0.32594752,0.41860464
0.86834538,0.74591571
0.73479515,0.71431565
0.82871974,0.85822320
0.77112323,0.86392111
0.86866093,0.84782684
0.44799787,0.31394839
0.65019190,0.64767081
0.55423582,0.60114735
0.80225456,0.80974412
0.28317338,0.37164414
0.51835018,0.46460047
0.84572434,0.84319019
0.19946228,0.16497388
0.93636328,0.94478381
0.54795676,0.60501510
0.76457560,0.81430602
0.86625302,0.85963488
0.40064451,0.52581948
0.78360701,0.90674686
0.72285211,0.59478402
0.79006451,0.84960896
0.70177311,0.80011517
0.22050454,0.29427531
0.84995431,0.88049716
0.91339630,0.94305301
0.80640215,0.88107681
0.81361061,0.66533875
0.94779247,0.92313504
0.64109242,0.73524374
0.89321977,0.86621511
0.95473945,0.93106729
0.61145896,0.47980279
0.81894416,0.83803141
0.88926268,0.86684155
0.87164092,0.88924634
0.76349235,0.68040210
0.67175984,0.81234568
0.25475547,0.34900808
0.86525702,0.93970716
0.91236764,0.92941880
0.79956973,0.80512625
0.83953673,0.91325521
0.81567287,0.74869227
0.47813037,0.21674128
0.86512601,0.95140427
0.78984314,0.76357943
0.73410988,0.73503256
0.91944987,0.93443501
0.32595834,0.43088040
0.65380353,0.61491698
0.11110563,0.20233637
0.76463091,0.93137479
0.77851963,0.88597447
0.85025609,0.82273108
0.94768190,0.95281094
0.93289721,0.95226735
0.79760301,0.78538090
0.92853749,0.94541657
0.89146471,0.90407228
0.57151163,0.57378972
0.88843739,0.81096095
0.90884495,0.94468367
0.82720464,0.91102755
0.68947572,0.65889424
0.42359561,0.55896705
0.23304248,0.25727087
0.45175579,0.55153459
0.57671767,0.56407166
0.42758268,0.62411201
0.55417216,0.44689736
0.70326400,0.89418244
0.75276649,0.74401551
0.90802467,0.91926515
0.51611763,0.48811969
0.73774451,0.60936344
0.89850384,0.96453899
0.87098628,0.94567049
0.49414963,0.58518744
0.67108089,0.85896105
0.87224835,0.92436975
0.76218516,0.76619637
0.45093608,0.37865728
0.59304935,0.53696579
0.82408446,0.68268484
0.63385564,0.54181010
0.83031148,0.86332214
0.44062379,0.63521641
0.86368191,0.87784016
0.86526370,0.94144881
0.59506130,0.56423545
0.91425055,0.88804388
0.82548755,0.90700543
0.90780669,0.95015210
0.54161751,0.62058789
0.72514278,0.79883087
0.82982033,0.92123985
0.33529341,0.29284340
0.57735437,0.65918279
0.96051788,0.95156682
0.75604510,0.83087158
0.63638878,0.55090457
0.93064803,0.89478815
0.65894943,0.71079355
0.25811476,0.29572579
0.81178015,0.90395570
0.78979361,0.70062238
0.44031215,0.42544800
0.10857537,0.13499986
0.47954851,0.59261674
0.76771629,0.83686870
0.86261559,0.71431649
0.77076948,0.80535322
0.43755820,0.44080490
0.75376707,0.68046820
0.89920461,0.88211900
0.86250901,0.92337251
0.75613391,0.90806741
0.63369173,0.42550504
0.79659384,0.81607956
0.80066568,0.75267017
0.45944649,0.54109889
0.57320821,0.64185476
0.71855235,0.78316742
0.86245996,0.83877629
0.72600538,0.80120999
0.86850369,0.89555258
0.88149703,0.88730419
0.78553814,0.89329320
0.91934222,0.86925638
0.90918666,0.90426528
0.35313663,0.32794622
0.53204787,0.72307694
0.76431233,0.78880227
0.51479834,0.69225228
0.59029001,0.49802372
0.84620136,0.94826311
0.74729079,0.65071899
0.78827232,0.69458610
0.86897200,0.91751724
0.71601838,0.60509634
0.81007141,0.72117525
0.49684688,0.51230520
0.86441445,0.83057493
0.79387403,0.62790275
0.71656102,0.72464728
0.63784224,0.60357124
0.82289612,0.57811230
0.53898704,0.76451755
0.53679776,0.65460360
0.91225559,0.91930300
0.76855886,0.41803375
0.86137187,0.91481394
0.50930464,0.57398993
0.30024463,0.30924433
0.75638306,0.72230905
0.53283006,0.49731249
0.78503269,0.73707688
0.89294845,0.87325001
0.78732502,0.81795913
0.82862955,0.80513459
0.89887375,0.90945530
0.57579434,0.66351891
0.83726597,0.83636242
0.84674287,0.81954020
0.93276918,0.93428570
0.63912773,0.72480237
0.95587617,0.95489550
0.92564726,0.97859430
0.72051406,0.76543307
0.88040066,0.88159877
0.72539622,0.66364735
0.71160060,0.66201407
0.82816601,0.81898528
0.95247364,0.90554053
0.87571055,0.90113240
0.23186354,0.20370160
0.45556152,0.31864753
0.24746947,0.22531345
0.51980007,0.56835264
0.79849476,0.89218456
0.89780784,0.91149521
0.54346454,0.43312377
0.62678415,0.41225928
0.81646812,0.85576922
0.86996752,0.72041112
0.81299299,0.84452683
0.80780458,0.82641959
0.85815698,0.87013572
0.60701495,0.40221089
0.89128870,0.93004912
0.91299814,0.94750637
0.51998329,0.42811745
0.96012586,0.95471442
0.90352756,0.91122085
0.44427827,0.51083529
0.50446695,0.27325070
0.73164076,0.48874459
0.58567601,0.53219175
0.87770927,0.91258496
0.39004129,0.51421547
0.19718398,0.16824375
0.93468028,0.95793831
0.83785284,0.87224317
0.40022272,0.35857671
0.83735174,0.88580358
0.68476868,0.65312827
0.57444715,0.45671040
0.81373495,0.84324133
0.92410821,0.91488916
0.52185190,0.43936557
0.93558264,0.96191794
0.48036888,0.36642864
0.93331933,0.90795249
0.85403341,0.92329091
0.85859615,0.82083333
0.96829939,0.94758064
0.35064250,0.37408519
0.88698179,0.87000698
0.87494767,0.88083166
0.89062756,0.88705063
0.73982298,0.59842324
0.71074659,0.60643572
0.84421641,0.83627653
0.31010619,0.39646974
0.95294714,0.90601200
0.65679580,0.48900181
0.87024724,0.87262613
0.71394920,0.70908070
0.84108371,0.75484210
0.70325601,0.77926588
0.68153256,0.75887817
0.59943622,0.24975027
0.53734601,0.61219209
0.94001704,0.95826328
0.94796526,0.96291733
0.62683046,0.49350649
0.87362826,0.75180954
0.73031586,0.55396414
0.92833430,0.92468077
0.75154036,0.89616227
0.91241020,0.87778515
0.91268128,0.94268423
0.44770747,0.69172472
0.93459177,0.92317021
0.71216929,0.62751853
0.74563217,0.68234134
0.72688556,0.72234392
0.46494940,0.52153915
0.61065453,0.48065290
0.88783443,0.90427721
0.92552686,0.92455280
0.84210980,0.86911076
0.64199752,0.60090137
0.74462235,0.78461540
0.86539572,0.94017917
0.89982629,0.89266616
0.90543902,0.92072195
0.87492192,0.86983883
0.52347928,0.66580093
0.84295082,0.77782387
0.86254519,0.91726822
0.87893754,0.89858943
0.60260886,0.89878005
0.61331117,0.56363636
0.83403409,0.79968596
0.65058547,0.68719727
0.85086232,0.85790408
0.84414488,0.90293932
0.84286940,0.95863920
0.31600353,0.36549816
0.89164048,0.90652174
0.81526303,0.81130463
0.86070532,0.69390404
0.86746818,0.86177069
0.78030729,0.66614151
0.06054661,0.10867411
0.83182991,0.83432090
0.25524116,0.27899492
0.92790806,0.93369395
0.71952254,0.76367360
0.44867054,0.52248341
0.65790331,0.70664138
0.38941658,0.47202370
0.73729074,0.72612965
0.94021988,0.89943314
0.38466296,0.55499828
0.90613097,0.89636755
0.75175178,0.75809509
0.71889633,0.63974792
0.75725013,0.78104293
0.86024952,0.88610148
0.92027181,0.93431371
0.80190516,0.83934772
0.65227163,0.71283698
0.88747394,0.89842480
0.62164849,0.54730159
0.62772048,0.43214285
0.60252917,0.35497200
0.58989143,0.52035463
0.16859718,0.16419658
0.32609937,0.40966952
0.81431711,0.61902410
0.42222860,0.72706509
0.87908167,0.90523183
0.83837003,0.81309521
0.71516597,0.62879652
0.75443447,0.82935148
0.68307477,0.72596747
0.83596301,0.78171802
0.66456473,0.76299530
0.88911849,0.91868389
0.18356672,0.25794923
0.91584939,0.94805503
0.63546532,0.54948288
0.90099192,0.96323186
0.66767824,0.70808846
0.82586712,0.74844444
0.89341199,0.82007611
0.87246311,0.84158826
0.89973170,0.90366298
0.82168227,0.79571223
0.88481474,0.80758429
0.74062765,0.79464287
0.24752630,0.39908019
0.76852471,0.73734641
0.29035631,0.07455605
0.28856200,0.17020099
0.91195965,0.93589354
0.50206035,0.63321871
0.81691408,0.80233514
0.64676028,0.67605603
0.93630159,0.91330028
0.71311414,0.71992844
0.93660456,0.91117382
0.58276534,0.47939801
0.87205034,0.85910517
0.42577180,0.56120360
0.49821031,0.99609375
0.79248899,0.82705593
0.30925050,0.31308284
0.87919503,0.71998125
0.70391876,0.61743915
0.76521945,0.79744208
0.82584792,0.80658859
0.77109230,0.86582166
0.88542533,0.94588816
0.65002429,0.67820317
0.83745772,0.86383486
0.72538066,0.55416667
0.77383614,0.64915603
0.75188851,0.77142859
0.73383111,0.55404264
0.66660523,0.72441417
0.80019134,0.84533483
0.57389027,0.71924734
0.85370225,0.87103897
0.80878931,0.86925709
0.89312798,0.89299560
0.89547896,0.85965991
0.93969685,0.96687371
0.89387029,0.87602341
0.77310354,0.78267020
0.82310224,0.90069497
0.91810834,0.88417375
0.62060833,0.69139767
0.85063708,0.81770831
0.68947846,0.67526495
0.44433850,0.52850091
0.81440544,0.81791282
0.67598063,0.61894262
0.87429631,0.91690284
0.47101894,0.49491447
0.72741342,0.82243747
0.74817091,0.62001604
0.81525511,0.76807755
0.58854610,0.42000598
0.65044439,0.63359320
0.89004791,0.92971718
0.79414791,0.57530427
0.83845365,0.80952382
0.91149652,0.92160279
0.90039825,0.84482759
0.86201799,0.84970713
0.48846245,0.28383347
0.94305581,0.88441843
0.68966800,0.69579417
0.20491081,0.22469424
0.90105629,0.82103914
0.79887503,0.75675434
0.73972690,0.65243727
0.86371011,0.88136077
0.80226099,0.85177046
0.84268898,0.89009333
0.88749349,0.81751615
0.35103330,0.26774266
0.62551051,0.70526057
0.77613395,0.83430231
0.42587370,0.62772018
0.85447794,0.85244316
0.54949754,0.57725251
0.23491092,0.29824492
0.65284681,0.61118960
0.88894844,0.93584907
0.90358984,0.93856561
0.52430260,0.36630476
0.68142819,0.58595842
0.29359326,0.38987574
0.82519215,0.87111205
0.75126535,0.83429378
0.92854053,0.41153699
0.91953129,0.95909977
0.91270214,0.92901236
0.64131176,0.61069566
0.90773082,0.89789295
0.68550974,0.74303269
0.91546816,0.85485041
0.92114997,0.88345087
0.19519921,0.27619258
0.87887454,0.95724529
0.85849720,0.83617675
0.40709442,0.49744982
0.93460155,0.94597828
0.81871462,0.87699610
0.89887780,0.94724703
0.89890623,0.90196633
0.87032390,0.92557651
0.64960212,0.73717207
0.67498708,0.69321382
0.93934900,0.94005603
0.89627260,0.88258708
0.86791843,0.90425348
0.93161947,0.88550907
0.40711880,0.45869714
0.87319934,0.88097888
0.21133496,0.25123823
0.93331468,0.92153847
0.88257891,0.94516450
0.66496724,0.57412654
0.89159298,0.87704951
0.93501908,0.96241832
0.78712398,0.82477778
0.36408952,0.29932868
0.84876674,0.69225293
0.45507288,0.97664815
0.90836751,0.90223086
0.63376743,0.60148513
0.72095370,0.79319382
0.79554963,0.78682846
0.69431448,0.89248890
0.69581497,0.35644263
0.73966378,0.80514705
0.85425055,0.84663057
0.56434339,0.65003949
0.81396508,0.64214063
0.67985797,0.59708977
0.44094768,0.20019954
0.86931717,0.88225627
0.14823034,0.15344574
0.87537754,0.92121214
0.79911417,0.67571312
0.76477402,0.76544768
0.89871323,0.97370946
0.87634945,0.84361732
0.77475780,0.82224995
0.41873038,0.37674493
0.87897670,0.90007275
0.87249941,0.89105046
0.92154807,0.96345901
0.91245455,0.87839490
0.77573937,0.71089637
0.91808408,0.89089328
0.61278987,0.75335133
0.90940022,0.89259034
0.05377487,0.06829837
0.88335013,0.94404960
0.88723987,0.96098900
0.42355698,0.62072366
0.63293129,0.48020723
0.55697823,0.81188536
0.88570118,0.89475161
0.88419443,0.88479143
0.87166995,0.85508496
0.93983489,0.92049551
0.66617286,0.63504386
0.87587053,0.84325689
0.94557327,0.86173087
0.77442878,0.84849393
0.50223464,0.45001563
0.86865985,0.87728935
0.94236773,0.88124722
0.65401185,0.52454460
0.32144225,0.55092359
0.85107195,0.90826315
0.74938971,0.78231227
0.83293015,0.89741707
0.85080540,0.86492676
0.47205085,0.15921940
0.39995769,0.29984215
0.63164294,0.43859890
0.95630860,0.99230766
0.77875763,0.84102565
0.25658587,0.17442191
0.66293746,0.70329672
0.37103868,0.40908498
0.55307418,0.40095246
0.43035695,0.48571542
0.66897583,0.49918452
0.93077201,0.88721877
0.34682733,0.08909262
0.80717033,0.82946324
0.84393030,0.75512242
0.93470496,0.92004907
0.88569063,0.88721830
0.52030414,0.53965944
0.95064116,0.94276226
0.87318373,0.85317880
0.79171932,0.90883893
0.65431696,0.61259478
0.30071479,0.41220814
0.67752594,0.76328313
0.90396243,0.94481438
0.86040360,0.82163745
0.76185125,0.79190278
0.13942569,0.14329004
0.53798205,0.54568022
0.83189517,0.91237390
0.84444135,0.64533132
0.91796064,0.89040375
0.17823982,0.23491916
0.80868948,0.70512819
0.96027446,0.87333721
0.65205097,0.50275481
0.54349452,0.41492388
0.67117381,0.83216679
0.90069360,0.84765434
0.86132920,0.87943816
0.93276763,0.91746032
0.77765685,0.84982634
0.84506816,0.68396997
0.73847902,0.84090906
0.72874027,0.70183557
0.58942890,0.77616769
0.83287477,0.94641560
0.54395157,0.61118776
0.65958232,0.68366092
0.27580199,0.45492229
0.85662663,0.80246884
0.67407960,0.71277618
0.83435023,0.86717635
0.73091078,0.76205230
0.94386333,0.96383440
0.43506923,0.43993151
0.32223123,0.38756835
0.94082761,0.91624326
0.32073700,0.31154683
0.82414675,0.91513997
0.94602948,0.96767455
0.18675478,0.18740541
0.75765282,0.66513056
0.34903443,0.25474322
0.95283055,0.94279474
0.79892176,0.81180859
0.95026040,0.94845963
0.92162716,0.97481686
0.33648744,0.18055958
0.37030715,0.19880952
0.25714493,0.38651857
0.72943240,0.80794996
0.74466836,0.82167602
0.95997202,0.96399838
0.85366547,0.84096026
0.79948199,0.85861164
0.71201909,0.65253198
0.40138185,0.45501372
0.45645657,0.42889556
0.92149866,0.92932373
0.69310111,0.59381235
0.93120390,0.91048646
0.94024318,0.92507005
0.93196058,0.88690591
0.10386287,0.23253667
0.92842758,0.92717087
0.80342799,0.90045935
0.87868720,0.93431395
0.85888267,0.90154886
0.72899133,0.88411397
0.41036421,0.43741089
0.85309726,0.83839709
0.89331722,0.91226202
0.29223812,0.31578946
0.35599160,0.40491804
0.92196465,0.93180543
0.90039986,0.88696444
0.92943579,0.93975824
0.90425587,0.95710742
0.91964245,0.93605047
0.92921454,0.91082805
0.51364577,0.60890597
0.86999333,0.90525424
0.85894299,0.90705884
0.83407199,0.75723577
0.82781339,0.76311040
0.93664753,0.83497620
0.85892510,0.93640012
0.89400566,0.89069539
0.83077782,0.81720781
0.63907146,0.63918066
0.77239299,0.91938615
0.66800672,0.87966478
0.64276785,0.02964612
0.91962612,0.90822428
0.66900158,0.71300256
0.46504644,0.57531393
0.83693349,0.88143426
0.82294261,0.85934305
0.65820372,0.64706433
0.86688268,0.96249998
0.81892592,0.92266011
0.75394851,0.83189654
0.80636120,0.77686781
0.65479046,0.59934556
0.75889963,0.76567739
0.69056880,0.84105265
0.92859453,0.91954386
0.10290040,0.12743473
0.78980845,0.62894773
0.75305390,0.41752899
0.51965803,0.50101358
0.78654259,0.78430188
0.82280219,0.68559217
0.46535704,0.60607475
0.89844120,0.88823915
0.81017679,0.84758389
0.70225632,0.75931394
0.16230054,0.23200859
0.26777160,0.38606334
0.92325753,0.89179516
0.87776417,0.94080716
0.72632569,0.46410990
0.71200305,0.65484893
0.77785271,0.31590417
0.32384866,0.24041301
0.91027427,0.94095367
0.86211205,0.87500000
0.40838701,0.61891466
0.91608495,0.92870259
0.25822043,0.27204525
0.60214096,0.45376888
0.70605469,0.57336152
0.90421718,0.87294120
0.76358700,0.85196078
0.89326614,0.85354626
0.89259958,0.97498119
0.56144536,0.42754343
0.87383628,0.94963878
0.44418293,0.45171499
0.93163437,0.96791446
0.87079847,0.86007518
0.92755479,0.83196211
0.89284605,0.85797906
0.82432914,0.91861320
0.60545522,0.35621205
0.88053703,0.85198003
0.79145205,0.79217917
0.46956500,0.17416899
0.95443356,0.91427881
0.76854903,0.87962961
0.75265151,0.47461370
0.84585178,0.92484587
0.94463903,0.91949022
0.62520528,0.60943729
0.62795776,0.77308971
0.85935539,0.87145025
0.48422503,0.55161566
0.65634197,0.63959783
0.29448575,0.34424084
0.69222516,0.69670886
0.49173722,0.71045119
0.82097238,0.73442084
0.27430478,0.45881557
0.62992281,0.66664827
0.85361850,0.93217814
0.91130263,0.81453234
0.59467494,0.75454545
0.76670378,1.00000000
0.82568955,0.93357509
0.69572246,0.71567297
0.74797696,0.84580421
0.63781935,0.80489445
0.58374554,0.77475005
0.84115076,0.74435073
0.90910417,0.88111013
0.17833197,0.25292870
0.87102413,0.93983138
0.88209540,0.94122696
0.90205443,0.85635376
0.87836117,0.80575335
0.80630988,0.85893720
0.69234920,0.93557674
0.88687199,0.90379173
0.16498557,0.14004968
0.91887003,0.83660132
0.93163747,0.93454885
0.43286949,0.26287934
0.87455773,0.91712707
0.66773635,0.65285587
0.70717639,0.76490575
0.61348563,0.58143669
0.23071000,0.12236842
0.80503386,0.93267488
0.91493481,0.95400006
0.85451537,0.85818166
0.89412123,0.91877991
0.78891504,0.72395557
0.66538399,0.80206394
0.10069361,0.10837964
0.43260378,0.16903889
0.92086715,0.91320348
0.80044287,0.68061656
0.91727096,0.93670887
0.45012650,0.37096778
0.88862836,0.87613404
0.88337684,0.90014768
0.73574138,0.89949495
0.92353296,0.91311008
0.70045882,0.51841706
0.85165918,0.89685607
0.74020529,0.86471170
0.75826675,0.83123648
0.26108992,0.25009397
0.87914068,0.92673993
0.90979081,0.89891565
0.84339923,0.84587008
0.95123494,0.90423000
0.75232565,0.73255002
0.94181281,0.92189580
0.94302160,0.88496912
0.85542762,0.71860522
0.82710981,0.74341798
0.97057253,0.92109185
0.76773405,0.99761903
0.45154762,0.46135831
0.73794651,0.71771282
0.93832642,0.87048554
0.72774416,0.72692442
0.46360829,0.57671326
0.71203291,0.88399357
0.35201856,0.40305534
0.86598617,0.88357663
0.88259059,0.94397849
0.44002041,0.66152561
0.61794800,0.75018382
0.90118468,0.93260264
0.72324389,0.85270655
0.63578886,0.55598551
0.52644932,0.68247974
0.91806686,0.90051502
0.90400910,0.96181631
0.87975681,0.95810419
0.86982399,0.88069820
0.85360295,0.83784002
0.74944776,0.88187933
0.74395537,0.54209012
0.65772110,0.77091575
0.78883153,0.81152558
0.69998735,0.61299437
0.91599751,0.87382627
0.70711249,0.62929517
0.90251356,0.88459653
0.92453486,0.97421932
0.22827537,0.30498749
0.28611544,0.23558581
0.87855476,0.89388430
0.77351338,0.64270473
0.18501413,0.35376799
0.93743974,0.95362890
0.93096423,0.95308578
0.39977410,0.49136579
0.96939373,0.96046054
0.68177640,0.69312167
0.93940222,0.94805765
0.84790385,0.81778711
0.81480181,0.84878772
0.80850345,0.85112309
0.78034478,0.73909897
0.85307676,0.89631337
0.77302450,0.54158878
0.23205222,0.11928131
0.88712764,0.79812777
0.78237695,0.79585254
0.64510036,0.81701428
0.87975681,0.83949620
0.83173436,0.89025772
0.65683621,0.65752423
0.84299356,0.75183153
0.90992856,0.84598374
0.87400472,0.89336401
0.90454370,0.92591268
0.72966820,0.20265526
0.94798923,0.91118538
0.91627574,0.87318838
0.34910133,0.39870444
0.85134697,0.95628518
0.94530421,0.93480587
0.85832506,0.68611109
0.64994121,0.80030638
0.60965151,0.58126551
0.87093616,0.89695305
0.46279329,0.67022020
0.44147849,0.55239910
0.80495930,0.85537314
0.88221234,0.94570857
0.90527081,0.87090105
0.39852980,0.34116378
0.93109703,0.91170633
0.77517575,0.75524253
0.66943204,0.78257108
0.85416347,0.71781015
0.72190231,0.55659592
0.32692155,0.23622312
0.90320748,0.90851682
0.68871230,0.69989014
0.84774244,0.82449800
0.45401651,0.36360854
0.71752858,0.74996972
0.86693162,0.98918617
0.50129992,0.58207434
0.81044835,0.79490948
0.90128475,0.89624220
0.49475285,0.72093529
0.50444144,0.47539854
0.70099419,0.71786344
0.51158452,0.30410188
0.93571758,0.92258757
0.82417834,0.85097408
0.85259020,0.97181028
0.95199382,0.97244811
0.63967800,0.74257195
0.87636358,0.83984154
0.95970440,0.95610476
0.91917932,0.89228970
0.92301017,0.95104462
0.49474725,0.48661110
0.70123386,0.23532061
0.92197794,0.94193619
0.81389689,0.94814813
0.66078341,0.76838869
0.89697683,0.91721088
0.76770276,0.71718627
0.88226652,0.87530082
0.70317793,0.80126286
0.83322769,0.87911576
0.88376814,0.87978101
0.71469206,0.76279688
0.63383335,0.59722221
0.80821240,0.77453446
0.84979683,0.83986402
0.28283033,0.33316183
0.92746967,0.92045456
0.16778681,0.16410257
0.86216807,0.87043571
0.94321489,0.94557279
0.96103144,0.89435160
0.87508857,0.87352216
0.86813754,0.78661382
0.90377378,0.93115294
0.51519167,0.33930302
0.95136863,0.96018147
0.91771704,0.88915795
0.56053573,0.62549937
0.42241052,0.42995441
0.87991184,0.86061025
0.85478312,0.82341480
0.66718358,0.61313039
0.88682276,0.85261708
0.86601454,0.93497360
0.93752104,0.93336874
0.89052534,0.92636108
0.80175257,0.70151520
0.44961852,0.43657759
0.88987523,0.89725381
0.83234167,0.89741272
0.79059470,0.92162603
0.94342715,0.96660280
0.86187422,0.87866646
0.84811139,0.92998105
0.89442176,0.94204807
0.29850575,0.40268132
0.95787525,0.96721530
0.95146388,0.82956123
0.93985844,0.93272763
0.40837342,0.28030348
0.87504178,0.84774113
0.64648688,0.66428322
0.85557443,0.85773218
0.89350933,0.83218777
0.75445670,0.67524999
0.91896051,0.86763257
0.60936123,0.45857561
0.69738847,0.55131948
0.66813314,0.57006878
0.86966920,0.91356343
0.16425215,0.35344827
0.79089934,0.68637580
0.79005849,0.85277158
0.41734037,0.51030177
0.93696237,0.86988801
0.90797728,0.89293605
0.48260692,0.51675773
0.90467334,0.91071427
0.92164731,0.91369045
0.82743448,0.76848835
0.08692075,0.12009080
0.31520021,0.33951929
0.59356606,0.57617915
0.75561869,0.73087358
0.80685490,0.89735472
0.62094223,0.20103613
0.33265498,0.39131579
0.93548250,0.91408473
0.84208018,0.85691029
0.92625123,0.91631782
0.78394383,0.77734041
0.74919498,0.56578946
0.93799067,0.90342987
0.85963333,0.80230767
0.61802322,0.64375412
0.91941124,0.93873984
0.78769511,0.73178452
0.88686234,0.90988481
0.37370470,0.25153777
0.87977231,0.86816931
0.47525886,0.52582270
0.86027706,0.84114772
0.94746268,0.93597382
0.05190965,0.05177786
0.95197970,0.94183105
0.87247634,0.83697361
0.80919993,0.88469118
0.81028980,0.21718000
0.08871099,0.13375518
0.92383850,0.88863069
0.88967097,0.89505064
0.91454905,0.93717951
0.89260519,0.96428573
0.37224790,0.42815128
0.59914988,0.82392406
0.64908445,0.71136653
0.76471448,0.72151899
0.48478460,0.29105273
0.91736346,0.88285232
0.95018679,0.95917141
0.88346368,0.88766891
0.76120245,0.75831223
0.95725334,0.94079292
0.37154654,0.27233332
0.87503272,0.92894202
0.82959664,0.74482477
0.70392662,0.68835163
0.67392230,0.69626689
0.66820133,0.76337951
0.44969490,0.52755839
0.22540341,0.48439011
0.85957712,0.81957686
0.67026114,0.64755809
0.71783507,0.69263530
0.89805484,0.93752217
0.48392442,0.59006566
0.73328066,0.81194216
0.72875583,0.55855328
0.85996246,0.92853534
0.42388678,0.31734344
0.88216358,0.92831528
0.67463779,0.72871143
0.93566287,0.90732759
0.94371045,0.91167587
0.88826478,0.89145327
0.68130201,0.60457516
0.60627180,0.55800653
0.67729759,0.51890302
0.90723306,0.91044778
0.80057412,0.80315363
0.92894590,0.93414629
0.49450648,0.30079299
0.93866825,0.86599702
0.85086370,0.84880590
0.16408294,0.32693663
0.71835154,0.79857057
0.58969450,0.81092477
0.89096498,0.92455530
0.50190914,0.51497561
0.72666579,0.89615589
0.51645827,0.40874887
0.90412039,0.89347422
0.88025719,0.88959527
0.87173223,0.89362514
0.86394370,0.94016254
0.90902805,0.70615774
0.75435650,0.74715853
0.82681328,0.77799922
0.35567731,0.38993159
0.65857798,0.88015294
0.73978758,0.73414218
0.88113832,0.91260988
0.65793347,0.58093786
0.52197707,0.32032537
0.87062919,0.91386050
0.88550872,0.83528072
0.89756745,0.90238804
0.77387923,0.86159825
0.55737847,0.55233061
0.65708619,0.84287149
0.86351210,0.95948678
0.65549713,0.78245258
0.76564664,0.85784400
0.81033880,0.82536179
0.32811549,0.40037879
0.30934560,0.37431037
0.85148197,0.82199389
0.93280274,0.53693014
0.83002454,0.78574461
0.14816096,0.22848853
0.90533632,0.82250047
0.73231548,0.73024690
0.88163620,0.89206827
0.84884912,0.92170960
0.49774927,0.44967532
0.88593245,0.92603070
0.49420518,0.51326311
0.59822667,0.78067976
0.77900374,0.88254195
0.60459584,0.77216905
0.82687128,0.94628650
0.83131915,0.84378111
0.82357013,0.84498900
0.74104607,0.65070677
0.86648387,0.87078249
0.90728801,0.88635421
0.86289340,0.87408596
0.51027912,0.68906432
0.51530737,0.49958915
0.92379332,0.91602910
0.84465224,0.84021819
0.78424388,0.78692722
0.69269884,0.58999157
0.85010755,0.84815788
0.79266942,0.84443849
0.81809312,0.78091633
0.76383829,0.84737122
0.14412400,0.17152122
0.57330602,0.54855615
0.94990057,0.94437683
0.94570726,0.92429012
0.62893677,0.55621076
0.72095567,0.81466025
0.83785671,0.80726790
0.85574991,0.78682929
0.92533624,0.94617754
0.90143138,0.88148147
0.61709028,0.67054486
0.77194631,0.85064381
0.82622379,0.92771083
0.76869071,0.75047678
0.96727729,0.95686454
0.85573101,0.87358367
0.22675438,0.23834726
0.67336816,0.77629673
0.82893163,0.89035308
0.89298201,0.97187579
0.92675918,0.90651137
0.78712702,0.90096408
0.56879210,0.53995329
0.94789422,0.98958331
0.83939153,0.76987988
0.91749269,0.91929823
0.70645744,0.66241825
0.75552857,0.64942288
0.91066480,0.89044762
0.59365195,0.67610937
0.65859711,0.72676283
0.75538516,0.76720375
0.85224754,0.83216292
0.92494649,0.90534341
0.87572050,0.96796197
0.88913763,0.87003565
0.64995009,0.63031000
0.94051337,0.92950636
0.84464860,0.88743019
0.87405616,0.87090665
0.78321880,0.70694989
0.91330540,0.97563297
0.80555063,0.79623288
0.88669646,0.88405353
0.48932761,0.49265650
0.89315897,0.99444443
0.81601006,0.79036933
0.80347478,0.70986301
0.94160569,0.92288488
0.36445853,0.30756614
0.51659161,0.68696600
0.81753409,0.86625421
0.50132596,0.35050800
0.48810649,0.46106213
0.67915165,0.44303864
0.93102628,0.87660164
0.82048893,0.83545738
0.89654708,0.85069126
0.82795161,0.81162632
0.40920112,0.57950193
0.56654269,0.73750222
0.94275558,0.95530301
0.96355927,0.95363468
0.39251283,0.32808661
0.41722748,0.55121565
0.92014915,0.92689967
0.90157676,0.90217435
0.93826604,0.88427126
0.68472344,0.65315610
0.86605287,0.87675571
0.69608349,0.66503936
0.03917162,0.11494103
0.68712837,0.67119473
0.79945725,0.79233122
0.67267853,0.66094005
0.82227153,0.93963963
0.66696775,0.69750714
0.79453695,0.85764241
0.57270640,0.52840298
0.71802402,0.73471564
0.85229284,0.89596272
0.57628447,0.35766375
0.71639532,0.63896549
0.35698891,0.40296757
0.85491717,0.88704634
0.54841042,0.45070335
0.75393999,0.83443046
0.40936404,0.47934622
0.74582708,0.67756408
0.95659244,0.93684494
0.59835291,0.56713766
0.74356806,0.90593648
0.68424577,0.70142967
0.39103982,0.50965667
0.75195849,0.88671875
0.61737359,0.52885211
0.91115743,0.83463115
0.57458520,0.34641609
0.94658130,0.82876712
0.88625878,0.91406453
0.30682251,0.30129331
0.32982668,0.63616073
0.58382791,0.04845155
0.82145071,0.88600469
0.66275650,0.61904764
0.47417891,0.45204136
0.80962014,0.81475151
0.59516275,0.90451390
0.19726968,0.22177146
0.24168372,0.29945654
0.84507608,0.68983757
0.91920322,0.91415662
0.90522671,0.87006044
0.61490387,0.80337584
0.94676566,0.96874243
0.88558179,0.88009894
0.76404333,0.85188872
0.97241086,0.93316805
0.93830311,0.90077287
0.74098980,0.80911100
0.16781068,0.11408894
0.84553421,0.85279375
0.89181292,0.93032849
0.88858336,0.91492677
0.78906327,0.90733528
0.74122941,0.81771487
0.85766315,0.91498768
0.91274911,0.95652425
0.97030717,0.90646917
0.55848908,0.64652777
0.70935178,0.58315706
0.93244064,0.85891318
0.71589315,0.69257730
0.90412867,0.94185799
0.83060873,0.88832200
0.75441200,0.85598040
0.84987569,0.78168249
0.84256440,0.90263158
0.80062103,0.83303654
0.86869895,0.91967493
0.79850996,0.71624804
0.90951669,0.80990237
0.93184060,0.90912700
0.79057384,0.80256462
0.56180066,0.59552443
0.23627432,0.23681186
0.56558818,0.50253379
0.55087078,0.54191619
0.27523565,0.18189681
0.46423349,0.42438155
0.71835631,0.72044647
0.82189208,0.91439730
0.92709225,0.91684574
0.91586941,0.92506206
0.22978094,0.24160588
0.37121513,0.27595365
0.93657196,0.85697168
0.63666135,0.66573411
0.81650490,0.89220566
0.61036038,0.47112080
0.68899179,0.48271435
0.81063265,0.77254188
0.89251763,0.96651059
0.76316464,0.72334933
0.94783372,0.64689296
0.31197056,0.72345650
0.14778052,0.18042041
0.88531208,0.60098600
0.67356813,0.49399674
0.72777683,0.71402138
0.92399687,0.94178361
0.37778044,0.29500368
0.88070714,0.90296113
0.13156225,0.05136472
0.88061506,0.94964486
0.32760081,0.47654912
0.51174241,0.55289757
0.85858619,0.81119543
0.71649861,0.90784472
0.91467351,0.89685374
0.68431073,0.67636144
0.62321705,0.40288460
0.55342382,0.42986614
0.95483053,0.98393756
0.58416265,0.61065215
0.72815490,0.65012896
0.90813762,0.95646000
0.55306453,0.50420672
0.94677764,0.87978321
0.95973688,0.92094803
0.72473222,0.66511738
0.66736019,0.60660034
0.36429113,0.44250327
0.90949291,0.89464885
0.95312637,0.92523944
0.92975384,0.94815439
0.76034749,0.88486564
0.83947927,0.83461541
0.84798479,0.87142307
0.81867296,0.83375567
0.59083748,0.56789601
0.80693996,0.84102881
0.89134234,0.85782647
0.71199799,0.67394406
0.94164187,0.95129144
0.75264919,0.59579164
0.87647122,0.87803340
0.87427425,0.86035794
0.70013762,0.66070873
0.81476033,0.82681078
0.72512460,0.67062145
0.55636531,0.58097559
0.38685876,0.39346027
0.19893509,0.34014612
0.25169373,0.21975319
0.69336128,0.59207392
0.82363999,0.87201297
0.76451522,0.78771836
0.72420907,0.70762616
0.70560467,0.67272651
0.84225863,0.87387979
0.81922019,0.96345621
0.52530730,0.42077038
0.39278018,0.15829608
0.93231845,0.91199678
0.91481119,0.95495719
0.33189487,0.35403588
0.53874737,0.66532016
0.89301825,0.92055923
0.70731604,0.91490322
0.96587843,0.97001278
0.88491982,0.88018858
0.88314468,0.93117476
0.94481373,0.95382863
0.82315451,0.86244410
0.76703417,0.73442101
0.91093725,0.91228068
0.73328686,0.93927830
0.58044988,0.46267676
0.74938285,0.70179617
0.91101116,0.91501409
0.94700956,0.91996789
0.65679789,0.54710144
0.37517980,0.31135127
0.91159052,0.93886197
0.90288484,0.90465760
0.92438293,0.94040430
0.62317836,0.66389376
0.81481874,0.82772726
0.94464463,0.91983473
0.40624624,0.39805523
0.90805328,0.87549829
0.66304362,0.66744733
0.88939726,0.79849559
0.84648323,0.85115749
0.70163959,0.81344086
0.87015319,0.87896824
0.85809588,0.66121429
0.81728870,0.55836362
0.65391576,0.51431823
0.93406093,0.87147808
0.96483219,0.91590399
0.86824805,0.90799302
0.92966795,0.85250485
0.90144789,0.96512985
0.94408387,0.95205468
0.90393847,0.91211528
0.58084071,0.65570402
0.69491023,0.75059289
0.79693538,0.72716153
0.80315971,0.57137841
0.83077759,0.76650643
0.92794532,0.91661173
0.53568542,0.76482922
0.76103765,0.74185425
0.33809868,0.31294981
0.96713835,0.96527582
0.84405106,0.85145080
0.87925941,0.80889010
0.67728490,0.76749974
0.51043999,0.41971815
0.92862338,0.84762043
0.68497878,0.87377679
0.22667496,0.40974379
0.53756642,0.66561794
0.86972219,0.82890910
0.79883242,0.86212122
0.67993212,0.68294156
0.22863367,0.31551424
0.75024575,0.72432435
0.84720439,0.87636930
0.86004913,0.89229268
0.35356581,0.70499414
0.94256312,0.94096440
0.82706845,0.69155443
0.48699039,0.42263299
0.82141989,0.78516775
0.81387502,0.73881149
0.54134196,0.26188931
0.81596375,0.92157781
0.75522900,0.71014494
0.55427051,0.63020581
0.22413079,0.46329337
0.55405021,0.48507112
0.64224190,0.77320921
0.44725731,0.51368695
0.97227454,0.95154363
0.74655569,0.82196611
0.30306244,0.31492946
0.87990642,0.86184406
0.87695688,0.91306508
0.73918229,0.81522924
0.39136741,0.29763985
0.86138409,0.91791171
0.90905356,0.84123367
0.90260494,0.86639059
0.73124623,0.70728254
0.42206562,0.50532764
0.78441519,0.75413793
0.78286332,0.79802209
0.40848011,0.06908450
0.34985828,0.46709225
0.53624964,0.48625547
0.79515564,0.91732252
0.92003304,0.91885495
0.57860017,0.35408440
0.85319334,0.91003817
0.65463018,0.76037735
0.66961735,0.57758534
0.94687384,0.90748078
0.95884842,0.92078489
0.67290664,0.43711427
0.89251184,0.89867485
0.52692401,0.58305603
0.71531039,0.66135561
0.51606232,0.60321182
0.72487670,0.78839141
0.85188544,0.87336266
0.93179369,0.91758722
0.90630299,0.82968795
0.93983275,0.94885772
0.67968529,0.74861449
0.94606030,0.87827450
0.83369714,0.85758328
0.76764226,0.82503259
0.77580541,0.79437703
0.73178881,0.77544993
0.77132797,0.96475953
0.95451719,0.88080531
0.93504131,0.93811256
0.58750439,0.53290743
0.92439669,0.88905644
0.85862243,0.82162529
0.88828874,0.82956201
0.51884484,0.54464805
0.80359173,0.85636365
0.93480664,0.93567741
0.56327516,0.62207139
0.72211987,0.75282866
0.76623350,0.83056438
0.61801481,0.60219049
0.70310628,0.59485096
0.81565475,0.92739350
0.30223393,0.36347941
0.91431481,0.93956929
0.59589404,0.58518565
0.21224327,0.31247404
0.89560604,0.84383649
0.65894914,0.60194921
0.87627035,0.90385151
0.89438742,0.91632074
0.82621717,0.79541570
0.84742010,0.92923933
0.84342837,0.87799019
0.88647181,0.91084057
0.56224895,0.60825026
0.71831834,0.80930573
0.39660019,0.44092557
0.94570571,0.93097347
0.86363977,0.94509882
0.81742185,0.82213134
0.74224389,0.79500026
0.74801791,0.73055553
0.58366877,0.65812683
0.80274338,0.89912975
0.81282711,0.60179102
0.78473687,0.67281604
0.78178674,0.68463725
0.86890441,0.98814118
0.38167992,0.46337771
0.68869513,0.68644661
0.79679680,0.84266508
0.79526365,0.79233730
0.69989800,0.84904999
0.31739107,0.62392473
0.83250844,0.87537408
0.85379738,0.86046410
0.86215174,0.92244172
0.68923420,0.12338441
0.78753787,0.92666966
0.93154514,0.89816177
0.90707886,0.92510438
0.84446150,0.78233039
0.75593829,0.88588852
0.67101449,0.63951617
0.89603221,0.89922249
0.48194504,0.43105555
0.31015196,0.26039925
0.68135160,0.57132524
0.33793020,0.52865130
0.25078923,0.34113720
0.92738742,0.85555959
0.55331874,0.68694735
0.87447840,0.94155842
0.47532555,0.67960298
0.94483471,0.98026317
0.68606168,0.71152312
0.76431572,0.11945333
0.92720091,0.91170597
0.93823129,0.94761902
0.89170104,0.87409574
0.59932911,0.63698959
0.91149879,0.91972297
0.68122816,0.60412472
0.27067146,0.17510287
0.57361883,0.65124583
0.96534592,0.94237727
0.87374860,0.81131107
0.87678260,0.85678673
0.85846907,0.89682353
0.73018718,0.68675578
0.79008102,0.69969225
0.83809572,0.89197922
0.93002480,0.93751657
0.49490586,0.52735651
0.68381870,0.67539680
0.83377361,0.81089741
0.95969337,0.93118787
0.23337416,0.23821059
0.73904777,0.88850033
0.44682440,0.29759315
0.90509796,0.98387098
0.78889579,0.68531996
0.95512569,0.90717655
0.62745923,0.63645130
0.77475590,0.63410997
0.66945070,0.56390709
0.29759586,0.38640112
0.66342354,0.59971195
0.78745997,0.81190509
0.71506184,0.77822804
0.94567847,0.94847524
0.61313432,0.50519210
0.86396194,0.93418801
0.91568822,0.94858783
0.87101847,0.86462289
0.88713235,0.93756014
0.84702581,0.81495655
0.40153199,0.48136434
0.58839923,0.37597519
0.66601890,0.70359051
0.63480240,0.62592953
0.52701718,0.51125449
0.63574624,0.54233509
0.93394107,0.87815273
0.35752785,0.49069935
0.78401220,0.90702724
0.97135061,0.93976974
0.87514895,0.93013632
0.85959685,0.91496599
0.57126677,0.46256721
0.68440157,0.81667751
0.61891580,0.61455625
0.88469833,0.86431748
0.88391483,0.92088908
0.96006715,0.95627242
0.40524623,0.35047990
0.35846749,0.27582550
0.90334970,0.89698404
0.49877930,0.49309525
0.60591859,0.59674865
0.74327612,0.90041858
0.82775187,0.84657222
0.72576410,0.74964249
0.78150231,0.84259510
0.94217455,0.92773968
0.92257059,0.86005497
0.51002365,0.43663746
0.39964163,0.65562260
0.83845282,0.77084839
0.89245713,0.88929200
0.64681470,0.56137246
0.91730869,0.95222330
0.77506435,0.93880033
0.79341835,0.61130273
0.67987216,0.66463548
0.65587199,0.57126212
0.67344165,0.81140125
0.91590351,0.87110692
0.55547869,0.51611155
0.69481790,0.82379520
0.91179985,0.92742449
0.77243900,0.86062193
0.93664765,0.87861025
0.77241945,0.76460183
0.59760398,0.62398291
0.77884769,0.88543117
0.73748660,0.65755576
0.60691327,0.71240228
0.89810115,0.88966560
0.64654934,0.61563998
0.27934638,0.27041593
0.84510410,0.82627690
0.44506717,0.36762342
0.55141586,0.70276552
0.74579579,0.76733917
0.46087551,0.50571364
0.89905566,0.89392662
0.82535428,0.70371163
0.88259435,0.92180008
0.88653362,0.95222223
0.95906031,0.97394812
0.84092325,0.87787205
0.29991475,0.26346931
0.71292222,0.60044956
0.89937389,0.88773692
0.94117349,0.94300526
0.62206084,0.65546620
0.84473532,0.88994503
0.94720048,0.94645202
0.82792729,0.85202897
0.81420553,0.84666324
0.94983757,0.92938083
0.58270872,0.65601927
0.60166252,0.79284823
0.84128106,0.86666667
0.44487569,0.49213353
0.91724867,0.90919971
0.31996402,0.37278584
0.70904547,0.61247760
0.93342745,0.98069954
0.91556931,0.89074618
0.85089344,0.92161173
0.80238593,0.78991175
0.53954166,0.50117564
0.90182561,0.92743641
0.90244716,0.93714100
0.61096865,0.62839681
0.81812185,0.86453646
0.59694397,0.51834238
0.63564622,0.51592159
0.88293314,0.91337049
0.70848846,0.84103644
0.19522178,0.26368701
0.94680113,0.94897270
0.80430055,0.86834514
0.85327446,0.83479828
0.39708215,0.32072389
0.91953832,0.91436714
0.77952558,0.92822248
0.85156709,0.66482651
0.81787884,0.87753588
0.96303183,0.95978361
0.84386647,0.88037038
0.66336203,0.82229638
0.83769852,0.81553066
0.91350543,0.90870708
0.25924823,0.22173683
0.74629939,0.81991667
0.88774127,0.88727701
0.86800557,0.97264469
0.85970682,0.88453460
0.46909225,0.39998743
0.79307884,0.72426903
0.35029832,0.37020344
0.57737994,0.62159497
0.85391045,0.80033547
0.82809108,0.87703180
0.80063319,0.72613961
0.94647563,0.91932911
0.82371432,0.80875707
0.86994690,0.96621388
0.74092329,0.73590565
0.43268630,0.53175282
0.88173944,0.95569479
0.63117236,0.85787910
0.86684012,0.91462767
0.82615274,0.84964156
0.93028945,0.92041367
0.63874114,0.43037850
0.57556093,0.65663856
0.26034588,0.34939492
0.94547224,0.91933256
0.71355236,0.79794973
0.91162449,0.24443860
0.13176227,0.19908604
0.88409209,0.92154646
0.74969363,0.79469872
0.65398586,0.67562401
0.77716529,0.79151249
0.73273700,0.66866726
0.82086498,0.84853733
0.64390063,0.66561460
0.77540356,0.81181318
0.08600567,0.16883211
0.67676651,0.69151980
0.94644630,0.94042695
0.68045133,0.57627106
0.37329215,0.52826089
0.94166619,0.93764573
0.90739018,0.87558526
0.35966644,0.41945186
0.48572129,0.40059206
0.92889291,0.93563622
0.91497600,0.81188291
0.18620534,0.14387700
0.61437547,0.67460316
0.81343615,0.75912517
0.74502224,0.69298339
0.92042166,0.92375308
0.84886122,0.94433659
0.64858359,0.33902389
0.86997938,0.88370687
0.60821289,0.60963219
0.72391677,0.91833335
0.57245559,0.58405799
0.72966635,0.75930297
0.89658558,0.87258023
0.94341111,0.93895632
0.36230236,0.43178505
0.52721047,0.38442686
0.45992303,0.56603146
0.65582192,0.71205699
0.36851069,0.32590580
0.92719454,0.88000000
0.14309935,0.09435582
0.94228560,0.93921590
0.87245840,0.94690579
0.86376327,0.86420643
0.81822246,0.86055839
0.91212595,0.82858294
0.90779179,0.91889256
0.86304575,0.79470009
0.49534675,0.47681984
0.92694217,0.91692543
0.84009522,0.76311851
0.58819497,0.53652096
0.56335509,0.43902439
0.93149954,0.92598152
0.24475358,0.14750355
0.34627160,0.12500930
0.82821792,0.94349796
0.81728441,0.90295762
0.93991965,0.93720138
0.94652575,0.90058959
0.26912278,0.21902834
0.51713562,0.37369376
0.51838475,0.24889717
0.91796434,0.96393663
0.68258613,0.78216499
0.85898095,0.79706925
0.10717697,0.23380351
0.82867801,0.80832392
0.85792720,0.81209868
0.69824690,0.72360629
0.87043065,0.93560302
0.51596719,0.42252624
0.77188319,0.76539201
0.89183062,0.97972971
0.93261015,0.96800590
0.73917991,0.77814007
0.67032683,0.67242688
0.72261840,0.55221295
0.66311342,0.48824480
0.02665163,0.07052541
0.90899819,0.89690268
0.91254634,0.92507643
0.48405018,0.54578048
0.93363106,0.91136366
0.92682910,0.91526860
0.78748196,0.88864428
0.32378432,0.31234205
0.65436983,0.68848288
0.91112524,0.90304595
0.60250521,0.56129384
0.90337467,0.84524548
0.36979598,0.30743930
0.48753470,0.52422714
0.73809350,0.71524698
0.65087312,0.64460522
0.78304279,0.90030444
0.92915839,0.94745803
0.92462862,0.88062829
0.87028360,0.92783791
0.91271865,0.92027003
0.14866801,0.17943431
0.62679285,0.95145631
0.89437675,0.93441278
0.70212048,0.68503690
0.89378202,0.87123710
0.85013980,0.88809526
0.61701691,0.69953054
0.70825905,0.81813127
0.17622983,0.37159628
0.41432378,0.29625952
0.29625815,0.28532243
0.89476252,0.85054159
0.70390254,0.92562938
0.87744999,0.87106997
0.87777311,0.84478593
0.64351255,0.73150969
0.84461415,0.92903388
0.82784712,0.76272196
0.05210130,0.08568238
0.73597747,0.76789194
0.61034274,0.81197923
0.47541228,0.48532185
0.75744367,0.79078865
0.72653151,0.65116352
0.91372883,0.96470785
0.57276160,0.55118233
0.74078637,0.78396225
0.88175130,0.77738202
0.79829639,0.86583269
0.77169544,0.84166664
0.76380795,0.70324481
0.95599627,0.94711012
0.67523885,0.85160482
0.95176399,0.93683344
0.73417926,0.58848786
0.76456499,0.88028342
0.94166112,0.84917581
0.58248270,0.70565295
0.45365456,0.41524440
0.38535610,0.54964250
0.77305996,0.69148803
0.89922416,0.95602828
0.88218528,0.83180285
0.65535182,0.79387879
0.41453037,0.47865498
0.78665644,0.90606135
0.93747431,0.95982093
0.83778882,0.81467670
0.88886243,0.78690267
0.40146431,0.17064413
0.80374366,0.84632868
0.90397698,0.93790323
0.83781922,0.85245901
0.72522002,0.47078872
0.91975784,0.84759617
0.63919979,0.76904571
0.71929616,0.67385155
0.72291559,0.73476619
0.81279701,0.88548368
0.64741158,0.70113432
0.83045447,0.84885603
0.90918517,0.90338469
0.85673249,0.82758075
0.65362209,0.52502859
0.68830192,0.65216792
0.68082160,0.62694097
0.85125941,0.83595008
0.88486344,0.93602693
0.88564426,0.83276290
0.89596200,0.85947710
0.72768027,0.79183537
0.92297250,0.95738298
0.58035535,0.66735572
0.43257886,0.64438772
0.67764372,0.56597847
0.77952015,0.64929682
0.48616478,0.61122042
0.81955224,0.66178775
0.74271357,0.65776700
0.87807614,0.89681071
0.76114941,0.76346344
0.88061464,0.95932311
0.91116410,0.92198241
0.38192841,0.48826945
0.06282307,0.10680799
0.61897475,0.68948412
0.34475842,0.29136214
0.87654310,0.97972971
0.79307401,0.80772376
0.77799499,0.76360542
0.85977912,0.84191996
0.81642789,0.77688491
0.70260662,0.78312802
0.86250490,0.84217387
0.89581007,0.90997022
0.91650867,0.90726715
0.93776375,0.93198651
0.89538598,0.81842673
0.85524619,0.79706222
0.82741833,0.80172646
0.40502915,0.31707820
0.91799593,0.95548791
0.77996659,0.86841512
0.87990177,0.84227818
0.91047662,0.84136605
0.84129620,0.84452415
0.86567301,0.83379704
0.69358957,0.80149972
0.39500001,0.48747450
0.94948113,0.98148149
0.84960431,0.87855417
0.72174764,0.64632630
0.07160489,0.13333993
0.66100788,0.59449309
0.72302818,0.80787051
0.50662971,0.39782366
0.84020430,0.89029396
0.84384590,0.83938628
0.44999135,0.47833067
0.73231620,0.68499780
0.56155181,0.60607290
0.91263843,0.93123323
0.93749809,0.86792201
0.84084117,0.88176209
0.50357193,0.62249100
0.90273392,0.87446427
0.77635533,0.85988402
0.74601251,0.83945477
0.88239276,0.92678893
0.68115062,0.45893669
0.70077592,0.76620084
0.62685543,0.65751547
0.92383474,0.86638761
0.93084103,0.93196636
0.81935108,0.91527689
0.47129050,0.43201447
0.67133355,0.69329590
0.73147279,0.82569033
0.91543430,0.90167713
0.90176308,0.93781269
0.73585051,0.99166667
0.04493934,0.07119388
0.82268637,0.91083103
0.81675959,0.85227573
0.30080965,0.22015037
0.29484895,0.33580360
0.75844610,0.71583664
0.74587137,0.69845706
0.90352976,0.93265718
0.79459143,0.74616790
0.32332131,0.17975725
0.40478796,0.64841282
0.43688130,0.58648145
0.80757380,0.76639825
0.60788608,0.58259737
0.69609135,0.57789510
0.73738319,0.73101193
0.88847476,0.88887489
0.94049942,0.92653334
0.87254369,0.77204609
0.93569756,0.94158655
0.77962041,0.73460716
0.91517794,0.85845518
0.92562550,0.96074772
0.74471694,0.76332963
0.91003364,0.92130870
0.62893933,0.63106823
0.72904778,0.86904764
0.75473917,0.62137681
0.59395236,0.69717968
0.67170626,0.62352329
0.89378381,0.19285475
0.75830388,0.93114913
0.57465273,0.67452687
0.93783349,0.93856800
0.45471820,0.34905660
0.79287404,0.75569052
0.61304843,0.56770831
0.82379085,0.92663145
0.88271266,0.94022715
0.69972265,0.67264873
0.94288933,0.88423645
0.84194791,0.86261904
0.67982423,0.60852438
0.66859341,0.53065002
0.62082857,0.68030012
0.42669639,0.47194296
0.96179229,0.93220341
0.87865609,0.89097673
0.73835593,0.66884613
0.89825428,0.88850945
0.82956636,0.88932097
0.20370418,0.16695653
0.66408139,0.61830258
0.72782803,0.67327338
0.63803333,0.85753751
0.68895775,0.53779238
0.70516473,0.86649662
0.89622319,0.89299858
0.87636995,0.96202534
0.73669040,0.57181078
0.54499990,0.60144925
0.90410089,0.85056043
0.82850480,0.78023899
0.94167376,0.91588992
0.33402842,0.28081399
0.77872074,0.75372505
0.79929227,0.80725032
0.68959641,0.72609496
0.93345541,0.98553824
0.77443463,0.78690523
0.82353902,0.88962543
0.08765559,0.12251612
0.95008302,0.96561623
0.75941819,0.81306690
0.95929170,0.93226063
0.83579743,0.90780938
0.76348943,0.95410550
0.30970111,0.50064051
0.83197522,0.17005523
0.63401425,0.67373949
0.85526592,0.94060165
0.80153936,0.84559554
0.17488782,0.26626548
0.93919772,0.94038880
0.87414122,0.93379462
0.82733816,0.86828297
0.82968676,0.93649572
0.93339819,0.87033379
0.46633032,0.30239484
0.43476960,0.75320405
0.63505429,0.64618421
0.84746033,0.80412138
0.72025436,0.84704185
0.95956230,0.96123320
0.93602675,0.99000001
0.74172324,0.79330862
0.88691670,0.84130782
0.62676692,0.56824267
0.92598397,0.93353629
0.92702055,0.94065863
0.72499371,0.83396387
0.94556051,0.86737651
0.92062205,0.93076921
0.85708773,0.81203127
0.88716459,0.91948223
0.93479538,0.96731538
0.65090555,0.66242820
0.54412186,0.50470990
0.93449360,0.95643938
0.56856078,0.72128850
0.87585288,0.84586579
0.83121610,0.76629037
0.90031970,0.91518635
0.76316911,0.65751314
0.75279444,0.86267960
0.96263176,0.92284340
0.77922255,0.71982896
0.46302894,0.44666255
0.74052882,0.80244207
0.42030573,0.55172747
0.84861970,0.89200079
0.68102461,0.57812291
0.62731010,0.70387191
0.61097825,0.35829931
0.86306483,0.78926712
0.50208509,0.62279826
0.73283780,0.63501704
0.85894001,0.95910424
0.55262828,0.80791867
0.43701875,0.37608716
0.81724238,0.60309088
0.39919239,0.67371470
0.85548669,0.80536258
0.73523241,0.70601851
0.74797857,0.77915603
0.48081389,0.49406329
0.79447365,0.89151007
0.92812818,0.94268775
0.77919424,0.73738050
0.90030289,0.92052633
0.89356560,0.83014584
0.68383604,0.46121386
0.85948128,0.83173078
0.82874119,0.88455808
0.67255837,0.66780853
0.92875779,0.95223755
0.86401415,0.83463120
0.64761680,0.56047386
0.73857874,0.71757340
0.37379906,0.27852824
0.14004306,0.19048506
0.66256088,0.73409849
0.91004056,0.93607050
0.72795600,0.67824072
0.32400948,0.52498394
0.66911715,0.47280738
0.82479298,0.77034056
0.76819950,0.58825344
0.63374662,0.51538432
0.57731813,0.48177847
0.49235150,0.58467114
0.90402627,0.90775782
0.94836211,0.92439532
0.76209342,0.67871708
0.59898061,0.68213701
0.70373154,0.80082154
0.62009835,0.75862384
0.44552624,0.33779141
0.90641576,0.98343235
0.81164515,0.88749582
0.66029334,0.73438913
0.76097792,0.72330016
0.59674889,0.67253858
0.83067459,0.87918276
0.35893294,0.28183806
0.92232430,0.97442567
0.74225819,0.69661677
0.92245984,0.94012767
0.91995984,0.92631358
0.90320748,0.88204587
0.91769522,0.93467259
0.27672720,0.41041511
0.86942434,0.91388887
0.84503257,0.84910339
0.87744814,0.96799505
0.82149959,0.92860109
0.76679432,0.83098817
0.90544778,0.93587887
0.95080090,0.96623707
0.81706512,0.91050261
0.69175673,0.90038919
0.70254570,0.86312574
0.80363137,0.82508343
0.82050979,0.88796860
0.52063596,0.39896694
0.25554124,0.33061740
0.73977691,0.88319206
0.43733636,0.41717896
0.36356360,0.55536669
0.95949656,0.90886855
0.85724562,0.57984751
0.94319433,0.90169120
0.85328507,0.81267005
0.90336573,0.94749999
0.83631879,0.84824699
0.88797683,0.91906285
0.91397738,0.81047422
0.94583845,0.97802615
0.79063433,0.91478366
0.51439208,0.44305736
0.71648550,0.78115833
0.89287758,0.94915253
0.77877855,0.87132651
0.59413630,0.69052649
0.69997483,0.76175255
0.65243554,0.71315020
0.67634630,0.58285314
0.53755319,0.52807713
0.92562622,0.98107141
0.69722331,0.65546507
0.41002676,0.44111520
0.64449376,0.56628370
0.65059346,0.73233843
0.93115532,0.96042806
0.68174982,0.55050504
0.63173652,0.66516650
0.88726848,0.86129528
0.81816530,0.82908076
0.76368338,0.74611723
0.61616760,0.76525813
0.82373381,0.90927100
0.70795196,0.60400087
0.78097647,0.94416016
0.80611354,0.66264325
0.91494769,0.09637783
0.94767034,0.96862489
0.73109972,0.80731523
0.93343037,0.92791831
0.70438927,0.55941457
0.61589944,0.60825813
0.89734864,0.86800700
0.88607824,0.97567004
0.69619131,0.66535783
0.79085344,0.72670645
0.80825663,0.86571139
0.92317307,0.91038311
0.78675652,0.59109044
0.75726092,0.82247573
0.42901784,0.45888653
0.94511521,0.91079795
0.48638996,0.49548846
0.88326889,0.89794171
0.08778284,0.11910129
0.97094852,0.89069951
0.12030143,0.15725546
0.87930292,0.96538460
0.91942906,0.94564301
0.55185276,0.71695369
0.86650229,0.62296212
0.46618176,0.53124499
0.69166243,0.65715879
0.83195531,0.66834688
0.37106737,0.21868169
0.56667274,0.55416667
0.59679019,0.43706784
0.79200220,0.80063033
0.91034973,0.90268874
0.66318923,0.60752630
0.52994907,0.61615503
0.31400847,0.37033582
0.51452720,0.61427045
0.91816247,0.97887844
0.85714823,0.90608376
0.43846467,0.56728727
0.97403020,0.97202671
0.32657588,0.35575166
0.91730046,0.92224234
0.63626182,0.63843971
0.37960482,0.30286923
0.87301081,0.91054130
0.74222094,0.68342865
0.20630689,0.28797027
0.20350429,0.20291358
0.86464763,0.86948252
0.83704215,0.91682285
0.84399414,0.78800392
0.93868148,0.87119436
0.49837837,0.43287298
0.69625777,0.70836127
0.24480690,0.32228628
0.84193343,0.86419630
0.18039811,0.16025908
0.71198857,0.74384892
0.87265909,0.81542057
0.71385658,0.58880627
0.83795285,0.76590323
0.93109065,0.99206346
0.72761339,0.77681589
0.57260406,0.50917512
0.82784027,0.85952008
0.71050853,0.63465470
0.87344915,0.88424534
0.80688274,0.63328665
0.94842774,0.94574910
0.22926870,0.11811777
0.96246654,0.91740221
0.90622532,0.90386921
0.92353398,0.94970340
0.88404298,0.87843370
0.46655124,0.39732978
0.84333569,0.84708250
0.77368051,0.80015755
0.50693774,0.55821848
0.90877151,0.39024442
0.74203014,0.84693062
0.71964407,0.69758278
0.82897931,0.93098426
0.87574756,0.82907850
0.85912949,0.99166667
0.91896266,0.97223514
0.18140097,0.24435264
0.41009420,0.42901236
0.92761111,0.82156307
0.25727737,0.35357124
0.86826575,0.92150867
0.80304784,0.56147814
0.35751575,0.23245470
0.59837615,0.48848704
0.96022940,0.92389894
0.94889164,0.95277780
0.65282094,0.76972771
0.68650711,0.67172754
0.78312814,0.84837419
0.86908281,0.82475513
0.35071135,0.23030707
0.88132060,0.82152689
0.78307879,0.76228070
0.28513747,0.28620270
0.72193319,0.66100800
0.62647653,0.86522591
0.43565363,0.36501867
0.89840472,0.94780713
0.66773802,0.69999999
0.87210774,0.85361654
0.84916705,0.97650141
0.55560547,0.64468789
0.45320746,0.61029834
0.84532690,0.73559529
0.89487594,0.93532604
0.86037642,0.70510715
0.89349782,0.90939397
0.84492397,0.91705018
0.83390427,0.85875821
0.18369250,0.34002978
0.73354155,0.95213205
0.90115994,0.98165137
0.39993036,0.30604681
0.24860851,0.25812802
0.80769622,0.82496858
0.68641299,0.51854765
0.75876093,0.76430041
0.90712160,0.93725395
0.22609557,0.33801779
0.50901043,0.63362235
0.53973395,0.50731504
0.66912466,0.62807781
0.83465528,0.87558323
0.80947310,0.94364434
0.91109449,0.75039101
0.80130303,0.74451780
0.93201423,0.86319327
0.42752185,0.38241962
0.71463543,0.81843013
0.93328542,0.86405939
0.78498083,0.86405599
0.36456171,0.43701848
0.92430502,0.87335420
0.64090109,0.50978321
0.86536592,0.81202036
0.89621735,0.88600940
0.50650185,0.50539047
0.79451764,0.85573643
0.86329490,0.91987669
0.86402690,0.88797641
0.63661247,0.70683777
0.88008356,0.79020047
0.80967504,0.73596215
0.90510398,0.94090211
0.91886401,0.94067794
0.94586492,0.95086616
0.56024957,0.59285712
0.87988102,0.86079091
0.56413651,0.49104384
0.80123544,0.81961870
0.74849951,0.82330829
0.87255704,0.87552047
0.76576835,0.78884101
0.79592001,0.79976088
0.72823644,0.82835734
0.80447596,0.71350086
0.83422917,0.86343962
0.63272297,0.59022194
0.75544989,0.72376144
0.90771675,0.77212322
0.85783476,0.87821120
0.59797561,0.67949569
0.90099263,0.92183858
0.79703373,0.56200981
0.56350726,0.54360116
0.53968281,0.48100710
0.59998643,0.50808626
0.50481296,0.63141090
0.93715286,0.97427428
0.70301825,0.64895022
0.88724887,0.92226720
0.88710457,0.91636389
0.75549042,0.70371795
0.18297005,0.17081459
0.66862023,0.66695982
0.70159405,0.71938390
0.93468517,0.90761811
0.82320201,0.71532935
0.83282137,0.88697839
0.81663334,0.82639384
0.92657894,0.94949025
0.93949890,0.96667588
0.80267632,0.86410254
0.74787790,0.78773451
0.72025609,0.77489179
0.06637665,0.21120690
0.84471554,0.79312551
0.74384493,0.70562029
0.94530946,0.87896007
0.75360137,0.91606569
0.88703299,0.90378344
0.77372038,0.90067273
0.93557763,0.91130340
0.80028039,0.84284276
0.72320235,0.87324744
0.91547227,0.93165481
0.54785049,0.54390246
0.88673276,0.85810858
0.85804540,0.89733505
0.72892404,0.70793337
0.88005316,0.95843238
0.22167611,0.05111977
0.68711966,0.58055115
0.59801793,0.60134947
0.14847825,0.17964554
0.89151812,0.98333335
0.30944231,0.27774772
0.91453838,0.93567622
0.31999862,0.21625404
0.18253958,0.15141453
0.82634699,0.85147029
0.90173090,0.92382288
0.78518212,0.73685557
0.79685611,0.71868426
0.31249577,0.44562212
0.75442767,0.66638315
0.83897144,0.86071163
0.75828677,0.67451662
0.07042097,0.13947834
0.24416262,0.26940882
0.92372131,0.95736259
0.94247603,0.94181597
0.92810917,0.99242425
0.88141340,0.92092192
0.64309233,0.66526419
0.89851934,0.95984846
0.83911806,0.69779003
0.42450601,0.38681319
0.26984906,0.32338411
0.75217026,0.80857682
0.51491290,0.53040332
0.87946290,0.86771774
0.95917588,0.87664849
0.10862067,0.18619974
0.50459254,0.49730280
0.81609184,0.88230950
0.80055553,0.72491962
0.69476533,0.67751479
0.63054854,0.62500000
0.48768607,0.64033121
0.81923431,0.90594268
0.63369721,0.68416995
0.22017390,0.33631256
0.79904014,0.84237599
0.57884032,0.70284545
0.82148218,0.87696075
0.75527883,0.81707221
0.92230415,0.98026657
0.94593114,0.93594086
0.77267361,0.68148047
0.74177349,0.85499483
0.54055631,0.55622739
0.47054157,0.65000129
0.35583028,0.44748220
0.22831099,0.29259095
0.37071458,0.36457625
0.89143503,0.95988846
0.93603188,0.90913469
0.92171729,0.94531852
0.75565445,0.73246604
0.82177722,0.83462989
0.70612305,0.71052945
0.90509480,0.94230771
0.75327969,0.66252059
0.84472436,0.90287155
0.68468869,0.75985974
0.28745234,0.46171406
0.47450286,0.31956398
0.86203700,0.85933375
0.48792163,0.76866412
0.92481118,0.94714755
0.80880988,0.87915987
0.91806263,0.93169492
0.88934547,0.86261386
0.36948699,0.19632471
0.84756309,0.90105909
0.55074179,0.72031099
0.76538253,0.76688313
0.93663102,0.96012962
0.91645116,0.86866605
0.85249484,0.90585440
0.88601291,0.93271685
0.82071495,0.88478261
0.89345413,0.86176914
0.60785377,0.51347333
0.93522072,0.93015492
0.59076184,0.68921834
0.59507722,0.79513890
0.60985339,0.59012729
0.47881013,0.62888986
0.93382770,0.89901131
0.79774910,0.76649535
0.78559959,0.82911712
0.92627686,0.88514960
0.76965994,0.89969790
0.68757999,0.76841235
0.82752162,0.84677452
0.71652359,0.64934814
0.75331396,0.76868510
0.57743102,0.61119562
0.96545750,0.97107846
0.65132302,0.63371974
0.85768640,0.89817280
0.45590013,0.68898940
0.82709694,0.81780916
0.17668468,0.25656238
0.71969289,0.84428668
0.83433294,0.85637277
0.73444766,0.81129110
0.89193702,0.89091057
0.22399695,0.20130895
0.94919986,0.94965976
0.92138016,0.91128057
0.89434505,0.81745720
0.54696703,0.54087633
0.68828100,0.84246558
0.81699616,0.78334731
0.49042720,0.60525763
0.89632320,0.62561375
0.93398339,0.90607119
0.94088107,0.91905630
0.83751285,0.85009265
0.94236428,0.96336478
0.53195268,0.71349239
0.02684415,0.11315766
0.56060421,0.39373800
0.11235605,0.18446052
0.70970631,0.75481474
0.92543823,0.97979796
0.81345117,0.89345986
0.80959326,0.82663476
0.77950567,0.29397160
0.44704443,0.62876254
0.42650068,0.28677204
0.80618531,0.73443598
0.95730215,0.95912063
0.80391395,0.83815354
0.90899879,0.94038206
0.22224721,0.37639332
0.91560876,0.86912143
0.54240185,0.66216218
0.48851576,0.42071429
0.84511578,0.90442324
0.83389819,0.81430185
0.77438790,0.84434795
0.36061949,0.38420847
0.73015112,0.65241379
0.26892734,0.28744543
0.91514361,0.89842528
0.34462115,0.22208612
0.74040204,0.88827115
0.90118736,0.92057413
0.93322557,0.93169284
0.66805238,0.71136886
0.76073253,0.72549576
0.86223966,0.82310528
0.75599921,0.82157713
0.88404989,0.91352737
0.87729877,0.83189255
0.55238825,0.50598788
0.45929119,0.52617741
0.75977200,0.89521056
0.48212963,0.47556207
0.89636022,0.90490377
0.53772700,0.65470612
0.72750020,0.77047533
0.95829165,0.94232351
0.92337012,0.92753059
0.87658226,0.89827532
0.52546740,0.48258558
0.94945329,0.93193859
0.52890241,0.52693659
0.85502559,0.74553573
0.78658557,0.66983384
0.51598805,0.59997392
0.88839507,0.89775598
0.64615673,0.62719846
0.75298172,0.81560630
0.77165914,0.70691872
0.10222644,0.06146450
0.77613229,0.73465145
0.74542063,0.85437572
0.60686439,0.60141242
0.92598897,0.92879355
0.57811421,0.55277306
0.54869848,0.42435005
0.73996115,0.61499906
0.47207358,0.56885421
0.63240844,0.73046875
0.93008822,0.99295777
0.89060080,0.94686663
0.59098655,0.84868419
0.88151067,0.87420022
0.93271422,0.84413356
0.73191118,0.71263474
0.93556553,0.96101540
0.65238684,0.67569047
0.84087992,0.76929212
0.85330987,0.80854803
0.89167339,0.70490855
0.44654649,0.46597019
0.83722645,0.84792453
0.75063181,0.80308068
0.86995077,0.97528517
0.89511847,0.85825270
0.70031524,0.81442559
0.86082989,0.98765433
0.78168333,0.87371445
0.88176471,0.89968103
0.96175897,0.96111113
0.91138130,0.88765866
0.87511599,0.90612924
0.36812112,0.47920039
0.84593171,0.86153930
0.65378541,0.73372692
0.80212247,0.86213523
0.51416737,0.48991859
0.85052603,0.81857145
0.94547814,0.95981508
0.88214248,0.93555748
0.74931240,0.75470591
0.89336747,0.99586779
0.16653714,0.15128127
0.88589901,0.93831909
0.70003110,0.65180963
0.77525383,0.73469114
0.78258771,0.73667657
0.93851203,0.95084673
0.57096869,0.45411944
0.84175920,0.82596397
0.94758862,0.91558367
0.87364459,0.87270057
0.75421393,0.79986250
0.92938906,0.92148459
0.95484906,0.92151356
0.43736786,0.49974844
0.90840572,0.84275365
0.88828552,0.85395765
0.83181977,0.81715631
0.59733176,0.60693753
0.92366922,0.95842308
0.56819993,0.32973275
0.96408468,0.95446908
0.89546895,0.95598608
0.79777354,0.78623497
0.41871709,0.52014506
0.85334557,0.83970904
0.55806875,0.63051218
0.88178933,0.88158399
0.62549222,0.61583138
0.89657378,0.95565987
0.78461897,0.75523072
0.79863209,0.67953658
0.56559551,0.53720492
0.86575872,0.94218749
0.75549716,0.66828531
0.88823956,0.89803207
0.82706535,0.72039056
0.95849001,0.95181960
0.39792782,0.57788283
0.17657731,0.19792528
0.84533060,0.86498845
0.88540065,0.83672267
0.92357415,0.96998775
0.34597594,0.35605732
0.58608520,0.77120531
0.53016305,0.59340554
0.87151253,0.92227584
0.67791063,0.70291263
0.72913843,0.47399795
0.83106548,0.82838124
0.91610712,0.96343940
0.56996918,0.73905796
0.85290718,0.80588073
0.33072487,0.68041873
0.38006362,0.52807361
0.78473371,0.84815532
0.63266921,0.61597735
0.93802822,0.92333215
0.29899576,0.36546922
0.90240955,0.70270622
0.57330859,0.30880341
0.94675851,0.96578383
0.66106182,0.78835350
0.80966914,0.90789402
0.92417091,0.94718617
0.90022063,0.95959967
0.82193375,0.87348652
0.66739923,0.84302080
0.23577981,0.25022730
0.87792635,0.92284918
0.29332197,0.31365532
0.39729956,0.27681780
0.92757952,0.95272404
0.36505044,0.23379037
0.43272987,0.17387006
0.94320673,0.94375002
0.82221168,0.80404592
0.79974711,0.89114791
0.91004515,0.94414365
0.75808620,0.81688803
0.32360899,0.26702121
0.82622963,0.86121500
0.92720890,0.93752176
0.62030458,0.60269165
0.86530030,0.83144921
0.66722465,0.76140672
0.53778452,0.25086823
0.66633147,0.78410792
0.77006692,0.85786331
0.55466944,0.29281345
0.64560384,0.70345747
0.86334795,0.90486759
0.51182181,0.47359255
0.48911831,0.75320292
0.84726763,0.88372147
0.95840114,0.96178764
0.71702915,0.80204189
0.13019338,0.21891502
0.84987140,0.88470757
0.96094471,0.95590001
0.64477515,0.72039109
0.04364338,0.13315079
0.87973189,0.88758594
0.87899697,0.86063218
0.85945761,0.73494339
0.92837077,0.92040634
0.87547767,0.91938025
0.44388688,0.26233122
0.49141666,0.35845995
0.21856326,0.29174992
0.65685785,0.74594754
0.80075192,0.86434209
0.85484564,0.68731707
0.76019663,0.73861116
0.69225311,0.79933137
0.84380591,0.87618434
0.83825225,0.91233575
0.89725757,0.90985346
0.94888926,0.95246643
0.79899305,0.88553327
0.27951804,0.30136934
0.62606615,0.69969070
0.58001864,0.59131038
0.77792978,0.92737734
0.96911913,0.90550238
0.26624134,0.32065657
0.09772360,0.12341198
0.46177498,0.63449591
0.72379190,0.56483519
0.80299324,0.79153407
0.77662379,0.75685716
0.86239511,0.85959321
0.64154059,0.32328284
0.95302564,0.97483182
0.87885165,0.93755800
0.88108021,0.75008893
0.50104386,0.54827785
0.71089959,0.77899390
0.85355437,0.86642855
0.87230897,0.85757929
0.79186952,0.80524760
0.90909934,0.89142627
0.83035314,0.85637563
0.68709117,0.55213892
0.79336637,0.79657477
0.79265505,0.93150687
0.63424766,0.64687014
0.82438701,0.81788236
0.89469469,0.93490839
0.60061049,0.60836816
0.77584374,0.75797695
0.43238464,0.37491038
0.86292672,0.84554595
0.80739778,0.94024563
0.92641509,0.89032346
0.95063394,0.94315207
0.72130537,0.70266181
0.20995152,0.17724867
0.88312423,0.95757121
0.74043328,0.66002661
0.90504968,0.89160919
0.67593539,0.71016461
0.58430278,0.17304045
0.65766102,0.63766545
0.73096830,0.65249920
0.77574646,0.79832476
0.88112301,0.75634831
0.91173595,0.93308949
0.88600063,0.91925669
0.76939291,0.61354744
0.74807477,0.71067053
0.52250814,0.49853435
0.95510608,0.96987951
0.51169652,0.47457367
0.73518968,0.46507189
0.92087269,0.95709866
0.87585241,0.84032446
0.82464200,0.79147798
0.19216943,0.22571428
0.56476957,0.62316215
0.84494221,0.94026083
0.94442570,0.95509452
0.84762758,0.91946626
0.91375965,0.86271608
0.73215979,0.67736185
0.25475517,0.29299012
0.92195684,0.93160981
0.92821723,0.84429461
0.95146704,0.93079340
0.96066904,0.92286462
0.36910927,0.27491388
0.38419461,0.47344095
0.15574233,0.27841941
0.51545131,0.48061144
0.91174656,0.93051064
0.68778360,0.75789320
0.89215416,0.94412440
0.82586712,0.77607644
0.50151330,0.72667122
0.70265073,0.69301343
0.17064548,0.17293985
0.89463115,0.96814185
0.81800544,0.82575756
0.71948230,0.72635400
0.66652066,0.86697614
0.71302897,0.31173092
0.15087496,0.39001819
0.39108014,0.16899768
0.83532768,0.85553277
0.62705612,0.81164742
0.21569017,0.16834933
0.40265203,0.42169273
0.88850099,0.80127829
0.86885077,0.89919740
0.73647076,0.79312229
0.66179281,0.57057905
0.91416067,0.88174176
0.77560139,0.85781008
0.64532065,0.64401621
0.71036798,0.83227658
0.89782125,0.95726961
0.92531043,0.91936576
0.75157833,0.83569002
0.66803265,0.68053460
0.86711299,0.80092055
0.91890436,0.79621947
0.79528505,0.63051528
0.36952183,0.36483938
0.80183488,0.93216443
0.65940118,0.86294699
0.87815315,0.85502547
0.57073385,0.61018181
0.43963972,0.49695927
0.40128434,0.32577950
0.74854630,0.82228351
0.81897128,0.87309384
0.89276451,0.95283973
0.25099862,0.26299021
0.62502116,0.89971167
0.55050206,0.33002645
0.78977609,0.84373164
0.94958454,0.92684191
0.82042783,0.87118959
0.51385272,0.69461000
0.90412253,0.88480371
0.83240473,0.77288473
0.46755478,0.62577182
0.80664307,0.84312797
0.81526810,0.85797119
0.82260346,0.82330436
0.86269802,0.95151877
0.85505283,0.69807410
0.82833326,0.72405922
0.73123455,0.77265352
0.80039144,0.67525947
0.73030770,0.83003324
0.60138446,0.62389106
0.84029853,0.75815243
0.32395509,0.28270778
0.86014581,0.77167141
0.69745266,0.65917218
0.91428709,0.93516433
0.86257434,0.93100321
0.93141681,0.87618065
0.73895139,0.81323248
0.48791686,0.52777779
0.66088843,0.84273905
0.90396988,0.92441005
0.56883788,0.58058608
0.90493596,0.92202109
0.93810886,0.92261904
0.71992815,0.92895114
0.88067925,0.97321427
0.91434294,0.94377512
0.73085630,0.76018411
0.80360013,0.67623830
0.80280000,0.89098436
0.92003310,0.91602188
0.13490258,0.17230944
0.54175365,0.32973078
0.60009056,0.81386065
0.28589958,0.27668396
0.87664378,0.87431556
0.65908909,0.56918818
0.63888508,0.42682275
0.68214685,0.63289338
0.70818532,0.77915019
0.84811366,0.60599780
0.90439081,0.88887203
0.88783598,0.87887549
0.85612053,0.86881334
0.78557378,0.84907150
0.85261303,0.91576087
0.47707346,0.28926456
0.54330093,0.47911146
0.62928271,0.72467917
0.48018965,0.25419217
0.42089275,0.47933921
0.74810946,0.79894364
0.93952751,0.92743337
0.69029599,0.64779776
0.89090461,0.84539419
0.89812309,0.91399813
0.82142013,0.87271202
0.80824405,0.89002138
0.63836229,0.66373658
0.92999315,0.95114291
0.80592459,0.88769233
0.92975360,0.90360600
0.94290370,0.90453696
0.80111700,0.87023139
0.57414997,0.56904960
0.27469414,0.16021530
0.60063499,0.58776891
0.72762120,0.71616167
0.68658334,0.37820470
0.68666112,0.65054834
0.51249927,0.50625002
0.93496847,0.94345587
0.28320125,0.17151481
0.38388991,0.46443731
0.94061238,0.88044626
0.79315275,0.88876408
0.18477967,0.11137762
0.72340631,0.82759631
0.45582622,0.33913177
0.37903738,0.40757680
0.63505018,0.59522474
0.90199155,0.82589042
0.94206148,0.89339018
0.90467346,0.93048781
0.86716259,0.87427169
0.84853870,0.87892240
0.91614854,0.87680632
0.59410727,0.65094632
0.87065685,0.92667466
0.88939661,0.82291138
0.95742714,0.93553358
0.63868940,0.88555944
0.95924640,0.91696113
0.81582803,0.72555214
0.25486097,0.28170526
0.27656382,0.37861234
0.65952510,0.80787998
0.86938381,0.75822806
0.80687630,0.76342481
0.89811558,0.92787415
0.22124569,0.25668153
0.78262258,0.90701222
0.31423172,0.44807673
0.78105521,0.81018358
0.95672053,0.91454196
0.44299737,0.38902196
0.54004067,0.68171883
0.82719469,0.94202447
0.83595508,0.88461536
0.58789986,0.61678380
0.88756394,0.81605130
0.90267193,0.85770750
0.66158831,0.76175278
0.91993183,0.84337181
0.83239692,0.74940479
0.32166684,0.31749630
0.90490866,0.93988925
0.46944055,0.40856928
0.56367040,0.61964816
0.85773438,0.84441388
0.25711101,0.26264372
0.65352076,0.81456357
0.95066297,0.94091511
0.90079933,0.94483697
0.69926417,0.77436751
0.75712478,0.73497641
0.84894490,0.92367995
0.75648832,0.77442616
0.93434048,0.94002044
0.61867398,0.63948178
0.41649190,0.29001552
0.60257065,0.47703418
0.37196201,0.46399826
0.33423257,0.37721276
0.84877878,0.78236324
0.87887013,0.92214078
0.42010215,0.27103627
0.70696574,0.76398522
0.72569185,0.67205632
0.85190052,0.83523494
0.54656363,0.64715928
0.62903398,0.51620871
0.37808216,0.32157460
0.39943558,0.45544040
0.85044283,0.87108934
0.89468378,0.89443016
0.79308087,0.83858269
0.63471556,0.57860529
0.86021382,0.88908589
0.87268555,0.89660627
0.91777366,0.92574090
0.60305279,0.54323483
0.55095756,0.60007393
0.89651495,0.91481650
0.77152526,0.81704611
0.70874274,0.58841795
0.87436199,0.88918424
0.91374755,0.91494471
0.67551494,0.68860352
0.47249722,0.52295959
0.89958280,0.88658679
0.92512459,0.94576925
0.64492846,0.49879763
0.93831462,0.90279007
0.86386067,0.88721806
0.80935127,0.81605262
0.82092762,0.87434340
0.82579058,0.90211141
0.88294119,0.77503872
0.76326048,0.71505392
0.93556899,0.88430274
0.80481702,0.92897898
0.88814485,0.90256023
0.37247720,0.40279752
0.80271196,0.84916544
0.80243045,0.83684731
0.64697343,0.70334005
0.77180165,0.87882924
0.86206412,0.87598771
0.19605030,0.31770834
0.52400112,0.28206921
0.88780713,0.89248365
0.76673162,0.85238957
0.01664678,0.05983176
0.91256046,0.85267913
0.74083048,0.77992070
0.83826137,0.86928755
0.91293818,0.96528614
0.78223979,0.71977520
0.95322472,0.96238422
0.88741452,0.85739511
0.82676601,0.78503537
0.62727904,0.79966629
0.88276607,0.93440080
0.94071883,0.92379886
0.88868183,0.98342597
0.39285478,0.20089869
0.91876626,0.90116090
0.75476271,0.69155842
0.71578449,0.78557223
0.89380360,0.89515465
0.88926947,0.93720782
0.84265751,0.92423284
0.95184898,0.90575522
0.18406717,0.13828705
0.90165573,0.86878383
0.55228519,0.60396838
0.96455693,0.96349204
0.67074597,0.51846373
0.84663308,0.93656617
0.93418866,0.89278406
0.78184915,0.87902308
0.23877886,0.30046332
0.84243447,0.53138095
0.96026951,0.87888008
0.63936299,0.75535089
0.94356596,0.93247199
0.70737648,0.79126173
0.79324657,0.76397306
0.29385546,0.49263170
0.74686152,0.87048954
0.33797988,0.31396824
0.89522392,0.84852940
0.75915790,0.83923560
0.78047824,0.77722436
0.68844867,0.54607058
0.32307613,0.39491045
0.36539403,0.36439809
0.95661485,0.92298979
0.43604866,0.35971594
0.80864310,0.66836733
0.76723158,0.82934022
0.78475672,0.74916667
0.50469857,0.56794870
0.16070999,0.26325795
0.29070762,0.32736620
0.44841313,0.47069946
0.89462548,0.84627378
0.22099298,0.24463277
0.89050210,0.89110482
0.79773659,0.88505620
0.96014982,0.94174266
0.20851769,0.41137549
0.85986817,0.91608393
0.85734606,0.79931033
0.58107632,0.51875001
0.87699831,0.91388160
0.89378172,0.92925030
0.84156376,0.78833914
0.88016796,0.79221088
0.36011827,0.35390970
0.77976924,0.81076223
0.78763402,0.05911645
0.93717808,0.91886663
0.60923982,0.56222737
0.61904687,0.68636763
0.86247998,0.95931786
0.50892460,0.32346126
0.80425370,0.78118002
0.68226033,0.85876667
0.88692850,0.88779765
0.63377708,0.71874297
0.57625061,0.53004801
0.92358720,0.95449668
0.80506945,0.79494876
0.90374452,0.87537640
0.80377638,0.86697876
0.90131384,0.93665755
0.93687665,0.90814400
0.53216136,0.65395433
0.89773929,0.89931768
0.25754315,0.18908121
0.69382644,0.82154208
0.63359696,0.69164246
0.89850461,0.93209720
0.35633090,0.35555893
0.90406913,0.80653161
0.68751663,0.85493028
0.43490329,0.38282001
0.30042914,0.19711182
0.88941008,0.95179147
0.34774175,0.12941177
0.38296354,0.31220102
0.44943148,0.44861254
0.54388100,0.58635527
0.58243626,0.44241595
0.84927911,0.79017901
0.61677086,0.73001599
0.61490774,0.71861422
0.67755896,0.73753810
0.59876221,0.71454597
0.89866102,0.92307693
0.80646688,0.80853629
0.80888176,0.81911242
0.53373295,0.61310273
0.45266232,0.16138309
0.85582769,0.91361284
0.90601796,0.93801761
0.81696355,0.73944688
0.94166213,0.95026594
0.77833903,0.68241286
0.45299557,0.29026577
0.95449251,0.90825266
0.61588162,0.56674302
0.86367345,0.83006382
0.35950199,0.37950405
0.20239264,0.24927419
0.55238479,0.66252685
0.18517345,0.16204339
0.93267626,0.93233085
0.42504272,0.31582168
0.61000299,0.54292929
0.64650100,0.50508738
0.82395673,0.72426468
0.96597075,0.96746254
0.61924988,0.65416348
0.77473330,0.73229450
0.84500736,0.83696705
0.76020241,0.91287881
0.76244408,0.78899848
0.75993347,0.67014772
0.59851259,0.66860127
0.94528794,0.98486894
0.87005788,0.91407204
0.79390138,0.79912353
0.92537129,0.90790600
0.68248981,0.70644838
0.81654155,0.91641748
0.71241605,0.84031063
0.67747951,0.87734169
0.65954190,0.62949657
0.85920697,0.94938821
0.87884617,0.82608330
0.89065051,0.94702840
0.54510164,0.63105524
0.91470635,0.88569623
0.79246080,0.77464294
0.64104497,0.74545455
0.96114671,0.98336834
0.89883137,0.91069108
0.97203761,0.89937484
0.86894518,0.78953713
0.74473125,0.76818180
0.65540856,0.57471848
0.96385306,0.93378985
0.29161590,0.52639496
0.74842983,0.76866150
0.81168139,0.89826912
0.87439662,0.84943604
0.85479933,0.81756449
0.28602535,0.24496280
0.87981588,0.76861268
0.86793011,0.85765803
0.90941393,0.90140927
0.85389203,0.84456784
0.89074737,0.91470444
0.88037968,0.92037565
0.87961215,0.85377020
0.85284603,0.79467213
0.90061897,0.94008398
0.70027542,0.65170592
0.85890895,0.91676092
0.79778010,0.90826541
0.65408993,0.60053039
0.78071356,0.76889235
0.62753546,0.65831244
0.88118052,0.86602229
0.89730269,0.93534577
0.74628133,0.86279762
0.86989141,0.94604290
0.62408614,0.39957401
0.20019822,0.24195077
0.78415513,0.93266457
0.81142652,0.80518061
0.71772534,0.72062546
0.86161590,0.78055555
0.46972340,0.56966841
0.93659467,0.92892653
0.87230378,0.95193678
0.41681203,0.38558289
0.78940666,0.90510201
0.86817205,0.89741594
0.49772811,0.37056318
0.91443175,0.89875025
0.91250110,0.86353403
0.84853882,0.83863795
0.85710007,0.93527162
0.71944821,0.75619966
0.88937086,0.92960197
0.46276358,0.44396770
0.71098936,0.70168668
0.62283409,0.83679587
0.70517570,0.69344342
0.86740637,0.89650995
0.69555455,0.60600597
0.89881730,0.99450552
0.42093101,0.51262629
0.96457249,0.95794207
0.89500231,0.94287515
0.82149166,0.83426428
0.92027181,0.86212325
0.90649354,0.94481504
0.68754983,0.85546035
0.46967912,0.60193843
0.91013789,0.86465520
0.74066150,0.69813317
0.59065002,0.64303428
0.42110446,0.53717440
0.65120268,0.84272724
0.58157182,0.54914093
0.70181710,0.78872246
0.91299182,0.90750098
0.95009714,0.96502912
0.65241110,0.54791605
0.16384393,0.28604645
0.86763775,0.88689107
0.79813790,0.63084817
0.75031674,0.81448370
0.70473725,0.84798652
0.77514619,0.81720990
0.64568084,0.61100036
0.44405201,0.37871712
0.92016733,0.93508095
0.81607389,0.95268255
0.64486420,0.63884330
0.93540102,0.91655874
0.28115317,0.18856642
0.65081495,0.43263334
0.42211360,0.22155657
0.90976006,0.89042938
0.49181771,0.45910111
0.81269240,0.73458838
0.93418348,0.89012313
0.75698054,0.83894086
0.91264820,0.95038587
0.82218015,0.79125559
0.79991424,0.82203388
0.83256280,0.82721812
0.83467817,0.92786938
0.23584618,0.23721561
0.71869332,0.80576110
0.83558953,0.80829614
0.33030173,0.37508041
0.31921896,0.39418384
0.86430758,0.93737882
0.79651576,0.72736418
0.94762748,0.94878781
0.95803523,0.96307963
0.25746086,0.23443674
0.93884468,0.95625705
0.47003376,0.32948253
0.32696062,0.33280957
0.83980757,0.92866290
0.59838831,0.59002978
0.88152796,0.86577785
0.69204515,0.67957091
0.34512833,0.37083334
0.24079826,0.30060565
0.91481328,0.88114440
0.80028790,0.86221063
0.79705781,0.92929351
0.90851039,0.94755554
0.85509759,0.93284994
0.84165847,0.79547930
0.95731938,0.59764564
0.21408074,0.18849500
0.55963731,0.45049426
0.32256666,0.73779058
0.87107164,0.74086756
0.85993284,0.90647060
0.82360339,0.87305856
0.83962858,0.78616065
0.87352061,0.81487179
0.86970383,0.88617051
0.76310879,0.94964349
0.85566533,0.88360649
0.80617791,0.69574910
0.87615603,0.92451078
0.82640570,0.87648630
0.76741821,0.66000003
0.87617654,0.86680472
0.91775841,0.92136472
0.89330965,0.98305082
0.74640179,0.85917401
0.89211500,0.85643667
0.93820196,0.97607863
0.85870409,0.86778843
0.18229052,0.11444855
0.54030102,0.66009390
0.60141546,0.31722808
0.60442579,0.52303976
0.72960711,0.81928641
0.91317427,0.92797798
0.35583761,0.52903360
0.70713711,0.57935721
0.91482955,0.84517330
0.46209574,0.61519480
0.92526960,0.92339206
0.52503651,0.37234765
0.27936840,0.34595588
0.95255631,0.97681099
0.79299837,0.92441779
0.29121181,0.26586309
0.92017502,0.93525636
0.75735718,0.87356466
0.69105583,0.76463962
0.83843714,0.83113098
0.84634674,0.81653941
0.80195361,0.74366540
0.29169443,0.74915254
0.21924162,0.15166023
0.88269621,0.93917751
0.81814814,0.57265884
0.79534417,0.72574067
0.84032601,0.96226418
0.64702666,0.53176051
0.92409700,0.91369045
0.80709940,0.91626227
0.77525049,0.78528452
0.71975523,0.89729768
0.71065593,0.58861798
0.73168761,0.73949623
0.50024414,0.33631712
0.57960033,0.65859860
0.96500224,0.94795454
0.90907747,0.90801525
0.85497099,0.82967067
0.46668029,0.30645886
0.51506686,0.50251269
0.71893346,0.57917917
0.95865864,0.94779015
0.32739046,0.41248873
0.44978127,0.48412770
0.87429529,0.84244376
0.91533691,0.96799999
0.66480058,0.70853096
0.32822150,0.34913969
0.74295282,0.74974638
0.64803088,0.58547497
0.88118482,0.89215314
0.77782035,0.78218085
0.92342860,0.93565577
0.84176564,0.78867966
0.91407073,0.96692306
0.30726635,0.26499084
0.09386808,0.19875507
0.90122813,0.89975178
0.55544788,0.64754456
0.93378270,0.95454317
0.52651852,0.42990908
0.86087078,0.87952393
0.65056956,0.80987573
0.73698437,0.68158633
0.90392905,0.96209157
0.72103834,0.77735543
0.88901520,0.91145277
0.80814552,0.89309311
0.53997439,0.53292096
0.92672437,0.96157050
0.87472725,0.87500000
0.76078910,0.82282609
0.75137734,0.91638511
0.65340143,0.58630854
0.90735888,0.93979931
0.76176834,0.59177703
0.82339835,0.89854771
0.74049819,0.72432882
0.70615381,0.63698202
0.92071092,0.93027323
0.68902260,0.56061918
0.83043265,0.77020580
0.53548449,0.42132545
0.87344468,0.94683260
0.95581740,0.90500355
0.94471586,0.94230771
0.73814684,0.65608561
0.65818340,0.74019837
0.72046089,0.70291167
0.32863671,0.44576421
0.62726754,0.90727490
0.87645108,0.94602466
0.36645383,0.33775628
0.88505489,0.95109040
0.91878438,0.91905427
0.48022386,0.50566500
0.86225873,0.90048444
0.55089730,0.59053195
0.92447883,0.97306174
0.72982860,0.75476748
0.43821654,0.33456340
0.90270692,0.96128732
0.84921014,0.81549895
0.85018140,0.85439688
0.71977341,0.85401893
0.81389773,0.85075760
0.93941104,0.95165145
0.93955117,0.92686504
0.26005897,0.48505858
0.94984525,0.95390511
0.79882431,0.80599838
0.85429281,0.90769231
0.77428424,0.79080892
0.85035652,0.90397990
0.57801491,0.36405113
0.85841149,0.87470949
0.91742837,0.93694389
0.69223392,0.79691780
0.76141584,0.78330952
0.90992630,0.96805274
0.69805443,0.76921332
0.91305101,0.93607086
0.77682638,0.72216403
0.74128723,0.94570917
0.72510576,0.78358960
0.08044723,0.22785492
0.14010143,0.30344516
0.95014930,0.97201425
0.94547480,0.92996705
0.36190259,0.49853569
0.77295369,0.71849275
0.80896890,0.95070422
0.89885956,0.88003707
0.72589070,0.83245796
0.80889279,0.69407368
0.97304815,0.97383201
0.84273773,0.84758884
0.94379729,0.91683120
0.94942474,0.84386200
0.91253364,0.90087718
0.76692212,0.79504013
0.89154053,0.90407240
0.91588956,0.88486165
0.49645165,0.47393841
0.84354681,0.81459248
0.80210501,0.65215379
0.66229630,0.70029688
0.84527516,0.76731455
0.68246824,0.65735173
0.86394930,0.87525922
0.41077867,0.51220894
0.81220710,0.79191267
0.92239064,0.83404255
0.92641610,0.95983928
0.32916000,0.36042839
0.85178590,0.80392855
0.88071215,0.85172158
0.63091099,0.72687620
0.90029979,0.92983389
0.91890395,0.95673680
0.90828121,0.95630878
0.89189941,0.97462410
0.94455254,0.89845413
0.83946002,0.79668605
0.92904145,0.88697374
0.81066179,0.86759579
0.71375507,0.88792294
0.91667885,0.93200159
0.93651080,0.93097031
0.86494654,0.85191262
0.33872619,0.43764684
0.92034060,0.95304269
0.97031218,0.92646158
0.42703861,0.39971015
0.77086490,0.67215383
0.17325433,0.25180703
0.76330441,0.81518060
0.88440144,0.86124969
0.86273968,0.81611842
0.78774506,0.84769130
0.52605700,0.50645941
0.03581215,0.08762792
0.27005228,0.21655035
0.90891820,0.88651985
0.68332905,0.83152914
0.85103709,0.82580411
0.54448539,0.56879222
0.62128812,0.51782811
0.94486642,0.92928571
0.66257197,0.61852694
0.82804102,0.87166262
0.55054474,0.56360048
0.85525179,0.86212993
0.73905849,0.78719491
0.24721529,0.27508554
0.85110593,0.04841315
0.78680480,0.80169010
0.57928759,0.68397969
0.93539464,0.91978264
0.87040287,0.94484937
0.32559171,0.38727298
0.79249609,0.90857321
0.77886623,0.89265734
0.03141430,0.06653640
0.84769881,0.89169848
0.83879262,0.90864319
0.96581084,0.94609249
0.88445842,0.90433514
0.63641649,0.75037980
0.57635927,0.76231754
0.84845084,0.80713177
0.53282225,0.62611806
0.31665209,0.40342155
0.84428293,0.91816008
0.86964583,0.88266206
0.46262762,0.33628988
0.27792066,0.30961546
0.94383019,0.87369770
0.78979272,0.84653473
0.76079679,0.76207525
0.41184753,0.72625697
0.76335239,0.83388489
0.62036252,0.68317592
0.82225227,0.86365926
0.89723617,0.74751997
0.91821247,0.92639738
0.84207642,0.96173269
0.83852321,0.93501294
0.20860761,0.25788260
0.92622882,0.88248795
0.12758765,0.27713567
0.28806296,0.23388544
0.69788867,0.88203245
0.56298941,0.22875798
0.69783223,0.45881549
0.30430925,0.37987551
0.75800246,0.68915665
0.48993629,0.52350962
0.88973838,0.90397918
0.75606966,0.75808090
0.83422416,0.92827880
0.76743382,0.66389322
0.91353816,0.74797606
0.51370555,0.61400348
0.79391783,0.87679505
0.90794420,0.85100001
0.74243683,0.76419407
0.59938878,0.70871383
0.40069303,0.37168610
0.36214530,0.25433421
0.30938905,0.55558765
0.26237062,0.37943745
0.69924527,0.70826066
0.65656954,0.68231523
0.85767835,0.83614987
0.51607913,0.66354609
0.62619460,0.56455427
0.89836019,0.91570240
0.83325392,0.94852942
0.71033835,0.87019229
0.74110043,0.67060351
0.84783369,0.87860221
0.38439214,0.43408552
0.85997826,0.90430224
0.58228642,0.47454759
0.59214753,0.51738435
0.44910231,0.49768543
0.90806949,0.91897058
0.70435578,0.75338256
0.26978117,0.33257172
0.77941948,0.89344037
0.89826733,0.91629022
0.71721238,0.73072940
0.84242731,0.88801169
0.30319571,0.32324985
0.86331797,0.94017380
0.49475443,0.62384528
0.67628556,0.81833214
0.87415332,0.89733124
0.88407665,0.93570572
0.76970363,0.80914003
0.70205939,0.67290825
0.61076623,0.72541469
0.93762845,0.97580647
0.80607086,0.73941207
0.94502896,0.92059553
0.88605577,0.89386451
0.93265760,0.90226364
0.87051970,0.93188852
0.88258022,0.92187917
0.88773364,0.82926828
0.94273651,0.90646851
0.44931123,0.59047621
0.76543599,0.65952832
0.80115056,0.79450709
0.69417202,0.90077573
0.40760317,0.55291277
0.70791215,0.79394019
0.95620501,0.94914114
0.83912385,0.85851353
0.60706723,0.66111636
0.56930596,0.68265980
0.66365457,0.79583335
0.95859462,0.91269839
0.70960003,0.28492424
0.69212049,0.65308434
0.53120726,0.60615385
0.87287045,0.82792622
0.84265196,0.82487172
0.83517927,0.79496950
0.65997541,0.73055607
0.82391590,0.87011999
0.93431282,0.92416620
0.81707919,0.74605095
0.88276464,0.91570044
0.67511743,0.91728526
0.93420148,0.96706986
0.14153199,0.23533912
0.52366596,0.62380713
0.97573096,0.96905977
0.89730525,0.78756368
0.88222831,0.89470923
0.72364020,0.71027851
0.82382023,0.89061230
0.96465474,0.91687191
0.97145003,0.93857831
0.80085379,0.83492053
0.72136796,0.50351262
0.43161595,0.45799181
0.70147806,0.71102941
0.79203761,0.54235274
0.86017990,0.90381426
0.83568335,0.85565293
0.93339908,0.86322647
0.18392460,0.17943865
0.85664248,0.91248631
0.55325180,0.66569257
0.78501815,0.79492009
0.91687173,0.85245121
0.84720880,0.81559318
0.30618668,0.41204482
0.72273129,0.82869667
0.56951958,0.57735616
0.78962404,0.94763815
0.82606328,0.52567416
0.26650387,0.27283254
0.83427066,0.77820754
0.77940279,0.80371416
0.69337010,0.64583331
0.72247910,0.69887793
0.57502955,0.70807451
0.73958510,0.92517263
0.21985023,0.36639267
0.93941271,0.92623454
0.66348106,0.75976318
0.94302106,0.94687277
0.63974708,0.66178685
0.87114489,0.86329669
0.86288214,0.96053946
0.93197292,0.96490383
0.87107527,0.76452470
0.01847832,0.04907224
0.79006124,0.73474181
0.79463762,0.84605688
0.76730359,0.80925405
0.88299155,0.83467120
0.78446001,0.87336600
0.73410529,0.80581552
0.42481965,0.29188052
0.81165361,0.90178400
0.89608890,0.96808511
0.91829479,0.90359366
0.83198965,0.94184738
0.40160599,0.37508628
0.55660450,0.57276696
0.30428159,0.31777900
0.75209284,0.72867787
0.38953781,0.45838079
0.94074804,0.96690059
0.68065143,0.76967627
0.94108796,0.84325379
0.77776510,0.77817506
0.64545071,0.78527069
0.88803858,0.88919914
0.54783916,0.47211823
0.69639927,0.81373334
0.88734132,0.92434543
0.77113318,0.90702969
0.34060556,0.36060503
0.78747725,0.79690802
0.87631530,0.90548658
0.87053484,0.74968606
0.80311978,0.85537040
0.91095328,0.94372815
0.60818756,0.63958174
0.23524998,0.29538941
0.82942277,0.87087911
0.85816568,0.78552634
0.70744395,0.80993885
0.67120320,0.64122051
0.52937591,0.90967745
0.91281033,0.94041324
0.65735137,0.66906327
0.92360067,0.85280538
0.72701943,0.77713078
0.85211158,0.90087938
0.44152257,0.36320755
0.52717447,0.80348140
0.45406228,0.45288461
0.65448123,0.80483484
0.61661905,0.66613168
0.42873979,0.45424199
0.82403171,0.80536550
0.54962778,0.58970314
0.90318245,0.86410403
0.86699790,0.93724263
0.72761047,0.79350895
0.95683581,0.94241124
0.64621383,0.09493448
0.70472413,0.70093668
0.89535475,0.91849816
0.60529655,0.77214825
0.92586970,0.91477275
0.22514373,0.19832759
0.85452205,0.77344030
0.88477391,0.81774193
0.58513176,0.74101347
0.74908513,0.79667425
0.41421613,0.39893100
0.75125962,0.75262189
0.95390379,0.97436619
0.52978462,0.58208001
0.91596651,0.85481483
0.71378207,0.65468109
0.90380466,0.92648536
0.54745245,0.74169868
0.93497938,0.96470946
0.19281922,0.14268395
0.85929662,0.85882354
0.93965977,0.96330440
0.79549360,0.82924050
0.84483021,0.77595627
0.37894812,0.44452891
0.76673442,0.84760499
0.54369390,0.63616735
0.75081617,0.75533837
0.86610878,0.77235162
0.96511459,0.92451161
0.59382814,0.52540648
0.81070232,0.87541831
0.84531540,0.86324370
0.91101027,0.92401743
0.88305897,0.79488355
0.80776525,0.81569493
0.90781665,0.91648656
0.66760170,0.78724122
0.68034261,0.81261754
0.91979283,0.89749157
0.76972574,0.54038197
0.57036495,0.41161060
0.28913984,0.27785650
0.86932749,0.83435541
0.92314029,0.93596226
0.58880079,0.66906357
0.24632785,0.09331770
0.73050016,0.70543820
0.74222553,0.39207914
0.62204558,0.66717333
0.84165013,0.76567328
0.84503353,0.87568682
0.95618576,0.93506479
0.67309284,0.70934904
0.91677815,0.90208632
0.43040624,0.35040271
0.80954564,0.85967463
0.89322257,0.82354587
0.64522624,0.61100799
0.51374912,0.69261646
0.93492395,0.92561406
0.74408531,0.67673612
0.91288173,0.86098039
0.92725170,0.97058821
0.75828266,0.73329091
0.54380101,0.55677921
0.64394873,0.68556148
0.95134640,0.90425187
0.90665656,0.93237972
0.90744829,0.92176437
0.71417439,0.75551468
0.94449097,0.94066691
0.86416715,0.91112089
0.82567918,0.79359227
0.67317188,0.65434331
0.62016159,0.66588682
0.85220194,0.88086140
0.82503527,0.86908519
0.91931963,0.92590219
0.44028983,0.27918723
0.74759060,0.75859374
0.49803248,0.60708481
0.83205193,0.88536286
0.74369717,0.82017541
0.84601778,0.85367477
0.48057711,0.29310322
0.74417537,0.75720918
0.86787510,0.84809572
0.87894243,0.90018588
0.75731117,0.90471417
0.81932813,0.83271801
0.86208451,0.92495608
0.84511268,0.80089670
0.45356026,0.62819201
0.78492141,0.87680167
0.28148934,0.18476626
0.61980391,0.65500969
0.82224166,0.86213160
0.94532436,0.88749844
0.70863461,0.68462902
0.72259557,0.60758698
0.39740834,0.44687781
0.57130611,0.54361302
0.85422826,0.89737171
0.28200498,0.33808678
0.94726956,0.93352044
0.81522316,0.88174605
0.71460712,0.67734772
0.45157740,0.60252136
0.52953196,0.47512907
0.53376585,0.71401262
0.84601736,0.85995477
0.70374578,0.70470148
0.52369744,0.72416669
0.92002434,0.92451495
0.88516748,0.89092827
0.62476289,0.48940939
0.94716144,0.85253119
0.84816337,0.72226584
0.79492611,0.82371795
0.77453578,0.72313339
0.74533927,0.69491524
0.35583681,0.28302512
0.84527892,0.66316849
0.80742770,0.78918386
0.83064532,0.86122358
0.65025204,0.61486304
0.92895162,0.93851012
0.87296021,0.86617076
0.25343913,0.21854033
0.92376548,0.86709678
0.59830332,0.44594145
0.66634405,0.70934421
0.79770845,0.57563108
0.73617882,0.84181809
0.88739926,0.89143956
0.21163093,0.33776334
0.92371380,0.88076925
0.58572680,0.62833571
0.67510766,0.65507013
0.55237675,0.54255599
0.91112012,0.94780439
0.85494620,0.84815168
0.89781255,0.96512538
0.90212560,0.94533569
0.15344910,0.13820100
0.63408285,0.63128549
0.92738920,0.87087184
0.76510930,0.77670741
0.59073931,0.57333332
0.67546713,0.73601484
0.56512088,0.60244495
0.94318062,0.93458170
0.72971129,0.74855393
0.80740362,0.85432756
0.93775713,0.90358436
0.48705354,0.36324245
0.90038085,0.90914899
0.39565587,0.23429488
0.68431592,0.67422217
0.86525482,0.91130614
0.84393412,0.86633402
0.52620441,0.45963559
0.85368001,0.93364704
0.87881041,0.90337920
0.83264798,0.88635087
0.87076277,0.86596137
0.07405616,0.14238474
0.71880931,0.67353058
0.73937887,0.65959710
0.77853191,0.68902355
0.92635024,0.94130772
0.89883310,0.93890327
0.78272426,0.83010000
0.81855083,0.76870990
0.77033335,0.78508079
0.40162516,0.20129573
0.72344959,0.73593277
0.60656321,0.69652408
0.89486617,0.89276779
0.95986766,0.95815170
0.74817723,0.85358393
0.84246570,0.95081967
0.72589421,0.87386876
0.93310726,0.92785192
0.85433304,0.82240474
0.51906168,0.51847291
0.51922435,0.54570955
0.92358351,0.91483933
0.91218930,0.96159512
0.94565171,0.91969699
0.87924802,0.77557325
0.95241904,0.94213098
0.59197521,0.59547079
0.64896590,0.63316905
0.78501022,0.85747862
0.85952252,0.88942462
0.70667207,0.76581365
0.84865820,0.92413795
0.89388222,0.86388087
0.83539873,0.90184408
0.93363297,0.94159889
0.55921334,0.47769994
0.44119361,0.51582682
0.67163438,0.65855271
0.67155421,0.55837613
0.64803988,0.86041665
0.86752856,0.81261653
0.72611183,0.64788085
0.89957315,0.90757883
0.48944011,0.68867254
0.27818808,0.27033615
0.82699549,0.86742425
0.92476296,0.95296687
0.83374137,0.87668997
0.62040973,0.70405483
0.89642662,0.90872830
0.26425907,0.26891235
0.32595932,0.28844616
0.92939800,0.93867528
0.91719395,0.95836520
0.91673166,0.85400099
0.51844615,0.64777327
0.88697201,0.94413793
0.23259184,0.58318377
0.83448261,0.87031418
0.89148468,0.90730679
0.89814788,0.89260840
0.84565216,0.85858172
0.63073844,0.44202900
0.21625304,0.22620282
0.93308866,0.93948317
0.89114273,0.95407110
0.86300379,0.85167789
0.38249034,0.31044713
0.47412735,0.53255486
0.53343856,0.65804696
0.56722230,0.71916008
0.87014389,0.82708436
0.83531004,0.90111095
0.86813390,0.88809043
0.47479180,0.61163920
0.52884537,0.29148528
0.86301565,0.84470338
0.75487953,0.76190341
0.60931623,0.67272520
0.88683683,0.96080023
0.79966664,0.93525702
0.89368081,0.96389180
0.75222832,0.64065313
0.84614575,0.72689146
0.86682957,0.77282280
0.47449905,0.57794201
0.14985876,0.35547245
0.85281628,0.93001091
0.83284527,0.76111454
0.53694993,0.52020627
0.09722163,0.17866541
0.60461611,0.69835669
0.52249700,0.33899325
0.66703987,0.67985255
0.93044436,0.92778361
0.10922762,0.10347844
0.85334748,0.86087668
0.91063553,0.91655713
0.68805575,0.68643981
0.77464920,0.61396575
0.68010771,0.78740156
0.87003946,0.83333802
0.51518935,0.77130038
0.90005213,0.94031703
0.83016711,0.91185915
0.87879622,0.83411217
0.49931762,0.89218092
0.78166312,0.73265839
0.94651866,0.94374889
0.89128256,0.89110535
0.56244564,0.51438850
0.60430628,0.74140918
0.70184469,0.72272569
0.21111880,0.25613412
0.88459003,0.91926461
0.62949163,0.67595762
0.27748290,0.35258478
0.69776040,0.75138831
0.92207617,0.97033179
0.76816672,0.56723893
0.20932816,0.06769641
0.89076602,0.90299064
0.60434991,0.75866234
0.47195801,0.55458927
0.59679061,0.64275974
0.77591974,0.78007442
0.92399555,0.93749142
0.19590528,0.33064476
0.21756418,0.13935617
0.73069382,0.76309842
0.81388843,0.70236617
0.64595968,0.82342285
0.90790850,0.96078664
0.70600486,0.61427450
0.67915106,0.86798906
0.77049130,0.94516754
0.77403915,0.86344659
0.85833347,0.78021848
0.89646119,0.88256192
0.89570963,0.92800957
0.64250869,0.70984000
0.13647467,0.19401021
0.91090530,0.93364310
0.79590851,0.85556608
0.85530829,0.82829678
0.75256878,0.86018974
0.90612549,0.93216723
0.83023769,0.83884478
0.79468662,0.91721135
0.84843636,0.85417455
0.50642622,0.44195944
0.73635280,0.63091153
0.92960089,0.92968750
0.94565868,0.98076922
0.95164406,0.93113101
0.94612730,0.93695152
0.64073652,0.59340662
0.66075838,0.75494677
0.55266529,0.56511414
0.71656692,0.59271789
0.68930370,0.57225901
0.66544062,0.63688868
0.69697356,0.85099202
0.47102422,0.51166642
0.82989049,0.86235178
0.88257807,0.71102273
0.68454283,0.74606460
0.73750645,0.90601236
0.65116680,0.82942766
0.89538455,0.95560515
0.21565722,0.17277816
0.43917686,0.41530049
0.27654532,0.35408485
0.78222758,0.86810982
0.86787903,0.87404394
0.83650762,0.84020394
0.86909640,0.88895178
0.84707659,0.88835049
0.76370597,0.75410956
0.12442500,0.19355844
0.73128057,0.70774949
0.80734450,0.79755753
0.96818775,0.94196790
0.64549971,0.53551751
0.76530349,0.69441104
0.84797001,0.74720901
0.49389309,0.80436713
0.88122654,0.90191597
0.65961134,0.81031436
0.42345047,0.57670254
0.48511338,0.37342286
0.91150630,0.90213126
0.85577178,0.91887301
0.14164360,0.21821387
0.86474800,0.84253246
0.85529488,0.91629750
0.66084284,0.85547787
0.29394746,0.17727028
0.78002083,0.76651859
0.75797909,0.61042839
0.36092710,0.57232702
0.71139538,0.77196455
0.47577479,0.31979588
0.92694414,0.94718504
0.85884780,0.82682014
0.74371475,0.79161072
0.88800222,0.92636448
0.86113679,0.87543857
0.64681137,0.73408186
0.86169362,0.91348845
0.86067975,0.83029968
0.54270190,0.54387695
0.44526550,0.09005424
0.90775740,0.93725491
0.88137811,0.89542693
0.83056611,0.90824288
0.79048586,0.68916667
0.73397452,0.75555056
0.88664669,0.88198572
0.82254642,0.78076386
0.80251169,0.90701753
0.85719538,0.81612223
0.87558019,0.93109173
0.80266118,0.63605124
0.17195199,0.22940685
0.73911536,0.68094826
0.13134959,0.09789793
0.54852873,0.55041182
0.83888745,0.66631186
0.51011384,0.38241181
0.49404982,0.58136481
0.19584088,0.14239281
0.43152413,0.41961285
0.75461775,0.67160743
0.91112673,0.81496948
0.91262203,0.94230771
0.51271397,0.54797554
0.13337085,0.22549520
0.93167728,0.88494551
0.80196470,0.87281960
0.82281703,0.79909480
0.93681532,0.97513658
0.82296264,0.87907219
0.87706935,0.82881582
0.35585570,0.28370300
0.62828243,0.50191200
0.56287885,0.55876905
0.74952465,0.84394497
0.80389154,0.86643320
0.87654030,0.88522571
0.90951878,0.92619932
0.72058457,0.62764049
0.88712841,0.83414376
0.72413737,0.59026688
0.84541899,0.88969105
0.85662532,0.87930161
0.69524944,0.64108753
0.75066561,0.69405240
0.71029669,0.44936466
0.55128717,0.65328610
0.45414904,0.35587573
0.84730607,0.92472613
0.80923742,0.89193571
0.90836185,0.91976273
0.64335865,0.56158555
0.88162684,0.93181819
0.79921252,0.93839288
0.88161176,0.89677179
0.56545210,0.61343890
0.68766141,0.64621210
0.82200879,0.93771851
0.70726377,0.64251715
0.85981476,0.80676502
0.89740431,0.92940140
0.19310825,0.56573516
0.71120530,0.83414179
0.76240736,0.61239034
0.93441546,0.94537038
0.65027863,0.89517760
0.85136360,0.84082633
0.96692055,0.95478034
0.77361906,0.82629454
0.90550005,0.90221554
0.71128500,0.71525139
0.50686538,0.65284371
0.73497963,0.88858747
0.59805495,0.34324324
0.87893873,0.92129201
0.27631998,0.52965587
0.78950667,0.85662329
0.63081282,0.62984276
0.68781394,0.84014910
0.62814021,0.67456281
0.82006502,0.81367642
0.82410318,0.87737381
0.83588541,0.71979111
0.69483018,0.60012245
0.80478829,0.80896324
0.65730864,0.79903263
0.87375391,0.84898800
0.79937595,0.89979094
0.57571566,0.54217803
0.88573223,0.87184513
0.36039293,0.35023639
0.91633362,0.86972600
0.92145932,0.93309766
0.76774925,0.42963848
0.94725049,0.95238096
0.90998733,0.90292448
0.52717376,0.59359169
0.89084488,0.84764689
0.91635180,0.93941593
0.51729584,0.54642147
0.48703110,0.46075755
0.87428474,0.78745866
0.93171030,0.88140428
0.88622779,0.85532874
0.80367595,0.87586004
0.46269915,0.41097781
0.54923612,0.81294906
0.66356844,0.69873011
0.79650927,0.76341772
0.54342133,0.41939652
0.95088094,0.93331707
0.35904154,0.38063678
0.72998089,0.81461120
0.88525218,0.86356544
0.81768698,0.81888497
0.81872213,0.70126402
0.87918830,0.84600532
0.75770336,0.71799242
0.56121248,0.80576766
0.09384858,0.11573371
0.06042904,0.14471753
0.30082849,0.27370870
0.15274051,0.21802193
0.84585857,0.86745286
0.87485141,0.91761792
0.55196184,0.55567831
0.28802311,0.08684523
0.93954992,0.90174997
0.85298383,0.97752810
0.81625414,0.50587827
0.90732253,0.95787656
0.77870303,0.82811010
0.62855703,0.58943623
0.81154311,0.84034121
0.57396430,0.72468823
0.56624520,0.41787943
0.66572547,0.67524695
0.82386220,0.88715434
0.77421367,0.85143358
0.76158643,0.76572299
0.83305502,0.73267573
0.58730084,0.41130349
0.47346929,0.41253459
0.43209770,0.42333701
0.81508130,0.80225331
0.34333372,0.37073177
0.91269511,0.89083129
0.92219096,0.92635638
0.84593987,0.90638530
0.96251291,0.92786336
0.86252630,0.88932884
0.92105347,0.87222224
0.85129553,0.76081729
0.88959247,0.84429973
0.80674475,0.86156839
0.45524359,0.45977011
0.90851325,0.87298405
0.56426626,0.47832707
0.46430662,0.52225542
0.78208578,0.79806578
0.83497965,0.88583738
0.80106330,0.87263954
0.59718657,0.70811111
0.85422176,0.81082720
0.74436820,0.75315470
0.42809618,0.55298787
0.89990091,0.86960250
0.87559354,0.89337331
0.30001950,0.29517210
0.35315052,0.38227704
0.89309651,0.94754153
0.85839528,0.89941752
0.73060143,0.72067940
0.84414762,0.92671192
0.64813083,0.72892541
0.43132538,0.40477979
0.52752966,0.49698871
0.58569407,0.22254266
0.85935998,0.91021466
0.65608722,0.75062531
0.87451315,0.89143640
0.91114545,0.92778337
0.91886783,0.84831065
0.84465426,0.81224483
0.66070634,0.76156652
0.86561400,0.82895660
0.54171455,0.54846936
0.92867225,0.93164825
0.61813188,0.79267889
0.31059995,0.17075326
0.49118394,0.27600297
0.94293457,0.93757331
0.88701236,0.71526593
0.69950771,0.66985452
0.54516643,0.41604635
0.83293450,0.81719166
0.14515932,0.21320389
0.58231574,0.72617304
0.95826823,0.94099051
0.74606359,0.75108284
0.52500916,0.46733695
0.06127688,0.10089324
0.97507793,0.94463146
0.74377912,0.74892473
0.84197021,0.84465814
0.50312436,0.58803153
0.79771924,0.78171647
0.80824775,0.86781013
0.38584384,0.48348597
0.81250542,0.89264327
0.54726726,0.50515997
0.88885105,0.91790068
0.33200473,0.32206389
0.80837345,0.85796642
0.63771737,0.50573266
0.20684737,0.20284900
0.91472286,0.87166619
0.89487010,0.93390751
0.92888343,0.99810249
0.61120093,0.66365343
0.55411679,0.42079458
0.78058529,0.71060944
0.88895106,0.93063945
0.71149611,0.73101854
0.86389732,0.95595813
0.84716392,0.61693120
0.65529692,0.85039145
0.96481752,0.96496212
0.30124438,0.24882154
0.90861833,0.92705601
0.84926826,0.88428366
0.45579228,0.38980940
0.76463270,0.93256634
0.90659535,0.83937222
0.76348454,0.72542518
0.79579550,0.67465597
0.65885800,0.82082480
0.88462603,0.90278625
0.91157365,0.89822596
0.75116181,0.68520772
0.52256280,0.38532355
0.56120086,0.48704740
0.87766594,0.83126938
0.21974833,0.18162036
0.92633742,0.90208477
0.83560503,0.77817488
0.88706815,0.97225618
0.12678951,0.19789402
0.88277143,0.89963681
0.94063252,0.94377440
0.83016562,0.85839826
0.57481891,0.61078435
0.38166663,0.61413044
0.93594986,0.93711191
0.88777310,0.76545084
0.95756769,0.97058821
0.34754616,0.36443609
0.30007103,0.36312521
0.82222295,0.76708263
0.55334055,0.52937502
0.90099269,0.79024607
0.88858098,0.89081454
0.85987735,0.86110950
0.58555251,0.75369942
0.36673751,0.35006940
0.95892316,0.94548410
0.79367095,0.66498518
0.83995241,0.81830639
0.83061874,0.82892108
0.73187029,0.88184768
0.35166952,0.27616072
0.89209598,0.79850364
0.84444648,0.89065719
0.85128438,0.93086231
0.87644476,0.72998244
0.88345712,0.84679800
0.44493240,0.21632653
0.23660524,0.33326069
0.23669006,0.19183815
0.52667081,0.48743087
0.90241528,0.94407952
0.86821884,0.89401984
0.87097669,0.81552893
0.86193937,0.92807019
0.90144157,0.78325993
0.77282923,0.86732459
0.83350819,0.77313966
0.83161318,0.77454948
0.71249336,0.74046820
0.83924675,0.85392076
0.78041965,0.83129698
0.78640610,0.83756614
0.93790835,0.93528140
0.84305942,0.88186926
0.78747773,0.79381973
0.78932351,0.69688696
0.95452964,0.91922879
0.85088378,0.92652273
0.90504885,0.84664577
0.75208211,0.76540387
0.79258037,0.89585638
0.92513907,0.93859649
0.26748794,0.32080314
0.79599339,0.77245408
0.90990996,0.91573280
0.61817557,0.64191377
0.69168824,0.85057473
0.10118642,0.14787246
0.91938204,0.84416056
0.76733619,0.79087746
0.87251431,0.89317387
0.65820694,0.64391613
0.87216103,0.88299233
0.55103111,0.43194795
0.74317330,0.67963105
0.79721236,0.65176547
0.80156034,0.82643163
0.74468082,0.75226355
0.81060433,0.75716102
0.54959100,0.44025022
0.79063994,0.60747039
0.84492522,0.78223419
0.87838829,0.86879975
0.83121240,0.76255196
0.89055794,0.88927275
0.91780204,0.96808511
0.59795910,0.54241073
0.81575215,0.75661653
0.33510298,0.09863760
0.52497035,0.55715907
0.77204180,0.73624593
0.81760263,0.79540890
0.64676154,0.71696526
0.53849983,0.59149587
0.91326475,0.93978560
0.85629189,0.96419412
0.63763881,0.69525450
0.84588844,0.49738893
0.77734989,0.76723981
0.96247870,0.95720690
0.89444065,0.90099812
0.87808198,0.95794469
0.18401141,0.30288059
0.64803958,0.71082675
0.84065145,0.86419159
0.70087069,0.65958905
0.92468029,0.85815513
0.61985177,0.74333793
0.64489287,0.66988039
0.62501448,0.71070814
0.71079451,0.94148535
0.58627421,0.81313258
0.81881249,0.79290372
0.73722363,0.64735752
0.83527571,0.79436970
0.88444620,0.87596530
0.89873332,0.87224531
0.92124212,0.95764995
0.36277628,0.36092472
0.70370048,0.62922239
0.93318033,0.92874461
0.77417487,0.74860299
0.55051994,0.70526314
0.84124488,0.89749998
0.24994962,0.37449864
0.94767320,0.95026022
0.67059571,0.32028005
0.51422554,0.64425415
0.89761049,0.96162230
0.84778148,0.76695514
0.74485701,0.77394414
0.47748727,0.63053328
0.87701672,0.95596242
0.74650919,0.76823986
0.79975015,0.75105363
0.35960752,0.32566988
0.80935651,0.68333334
0.58678859,0.69332433
0.04896191,0.08037448
0.75355351,0.89220911
0.90441847,0.96814519
0.85976654,0.84479272
0.80516219,0.79338527
0.86467999,0.94954646
0.48561215,0.43284315
0.89718240,0.69583505
0.92753655,0.89440757
0.37898132,0.36039910
0.22109677,0.35332921
0.79335183,0.68539518
0.69635081,0.74256802
0.64890331,0.48081312
0.65773898,0.53971231
0.89636511,0.72615498
0.94900388,0.92392248
0.92356521,0.96382010
0.51824421,0.73432392
0.85118890,0.86331171
0.81941062,0.78166544
0.87769365,0.89899069
0.73386490,0.76608050
0.84182489,0.86064786
0.62571257,0.82148719
0.55343366,0.58672035
0.93640459,0.93351567
0.24567488,0.42465344
0.48662686,0.68576086
0.47295052,0.52576363
0.82157391,0.70784760
0.78897762,0.53574198
0.90983719,0.91157508
0.84487885,0.74523485
0.94222116,0.91091871
0.79272664,0.82977635
0.60183120,0.81792766
0.88543224,0.88826263
0.68582356,0.72435689
0.73300236,0.75868577
0.56766814,0.67637467
0.79374129,0.99567723
0.94999856,0.92606348
0.56288290,0.57397401
0.91412568,0.90356058
0.80563855,0.71961153
0.76303595,0.79880536
0.55273372,0.50130612
0.91220707,0.93789756
0.87100089,0.95311296
0.82537031,0.81991476
0.79686087,0.72814614
0.70959711,0.71362889
0.77105319,0.83389235
0.83028579,0.83451200
0.90690333,0.78860199
0.78202242,0.73657191
0.84992993,0.84061986
0.86684489,0.94540530
0.82746577,0.80648643
0.23901540,0.31366667
0.83341360,0.84796661
0.72291714,0.73351729
0.49363866,0.54718840
0.91807640,0.88162988
0.76352191,0.81057250
0.87911814,0.92400765
0.60042953,0.57354552
0.86202371,0.87233663
0.44907963,0.50428438
0.37953153,0.13711420
0.33450970,0.32454872
0.82422364,0.89262384
0.96951854,0.96363014
0.13549459,0.19509904
0.94218856,0.99425286
0.71425021,0.72651094
0.65598118,0.60988230
0.55767632,0.60228240
0.87503737,0.88930732
0.91875762,0.86408865
0.65693814,0.34537953
0.86848295,0.84377444
0.96948731,0.90561378
0.12605308,0.13695097
0.37076995,0.50378859
0.78999829,0.74292064
0.87600106,0.79004449
0.13223903,0.24258862
0.73022187,0.86763489
0.92441589,0.94272786
0.91691124,0.87228262
0.88025665,0.93089473
0.71683919,0.82659674
0.72255522,0.56715345
0.50160998,0.43750000
0.44733840,0.64929664
0.85065269,0.87730443
0.78992033,0.87369418
0.96486479,0.93460876
0.72238886,0.83190787
0.93395758,0.93884945
0.90522504,0.93355179
0.85692292,0.68113589
0.89509302,0.92294228
0.90085322,0.92998475
0.62674004,0.72939563
0.90555030,0.81197727
0.92222780,0.93533128
0.73057896,0.66155618
0.83389878,0.83815289
0.67058754,0.64594233
0.56463397,0.42381462
0.37769994,0.33714616
0.18954071,0.19290447
0.86559319,0.88418782
0.65994138,0.52502614
0.27853721,0.22745098
0.89052522,0.81343281
0.35634938,0.29205781
0.91615117,0.87623543
0.60738122,0.67069441
0.74786454,0.84294069
0.94192129,0.93773043
0.80089372,0.81463414
0.89897537,0.94401836
0.91596538,0.86678141
0.85666025,0.87521613
0.48837292,0.57271230
0.47263417,0.53940362
0.61344248,0.71821153
0.87698746,0.91012084
0.53475571,0.47917229
0.87684631,0.98165137
0.83706707,0.91362369
0.86174029,0.85909718
0.64031398,0.54266471
0.84680843,0.91173846
0.90142131,0.90658933
0.95120406,0.86791629
0.94775575,0.95744681
0.78095895,0.58418125
0.78596759,0.82290292
0.89417022,0.87208658
0.77778083,0.74011052
0.47711417,0.60045093
0.87088662,0.83905226
0.67577827,0.65093398
0.88543820,0.90899503
0.65505600,0.69546163
0.30126625,0.74472129
0.84305042,0.88727701
0.69044644,0.73769182
0.69609469,0.73922074
0.64314508,0.76217532
0.94525725,0.93277627
0.74263227,0.83050299
0.91839641,0.90052283
0.14450654,0.21194558
0.30124289,0.17284226
0.87895834,0.77059960
0.86714023,0.91963649
0.85511124,0.89316058
0.88385874,0.86691087
0.91646332,0.93498981
0.81052297,0.82219505
0.55083603,0.58228850
0.78619772,0.70582694
0.96873885,0.95121115
0.77067614,0.86135387
0.51672208,0.56164718
0.27127442,0.30777812
0.85841560,0.91045171
0.87752205,0.89441824
0.85348356,0.84645456
0.79992545,0.94160479
0.92391217,0.91924030
0.90496486,0.90334094
0.64535975,0.61994076
0.64570731,0.40143004
0.74992460,0.81551468
0.66321242,0.78577238
0.23539670,0.20197700
0.76827216,0.66645622
0.58356506,0.78876680
0.87559682,0.89681494
0.97150755,0.90065694
0.84330821,0.84817350
0.68277222,0.47467282
0.80390525,0.79190505
0.27905896,0.28224444
0.50774348,0.76277483
0.85461789,0.91742486
0.84361053,0.83657098
0.81982207,0.82361144
0.77909935,0.68787706
0.73846209,0.91034049
0.93994629,0.96686637
0.66758734,0.61069554
0.86142415,0.83503401
0.71522999,0.69078428
0.89774340,0.91370666
0.84516633,0.84787780
0.91840976,0.90089047
0.78100652,0.82089055
0.90905648,0.80405194
0.87878507,0.93518662
0.97005886,0.97240955
0.84219903,0.84013987
0.84016407,0.87225527
0.92837203,0.92179430
0.90154332,0.92888987
0.22159392,0.45072746
0.86904418,0.85822284
0.91958612,0.85104918
0.64188337,0.76822382
0.87216711,0.82194221
0.65961134,0.59787560
0.86528969,0.84872788
0.78426409,0.83742207
0.28722468,0.34439981
0.92881823,0.93610096
0.29490009,0.26666668
0.73636639,0.62235463
0.46430424,0.60673052
0.33433983,0.18010005
0.85656101,0.84380031
0.85482973,0.92732280
0.82022834,0.83649731
0.74733418,0.90593380
0.63354284,0.70613438
0.92653400,0.92788690
0.36521137,0.48370764
0.86130726,0.81176519
0.57284778,0.77148271
0.92041105,0.96093750
0.92422754,0.90387791
0.88821274,0.84759659
0.79716825,0.89461780
0.92584288,0.94208241
0.91866535,0.95119363
0.93302214,0.90923703
0.90222818,0.98130840
0.61673725,0.56146836
0.88629907,0.91173589
0.63444597,0.50154185
0.65478688,0.58893472
0.09962733,0.14646147
0.58945239,0.50424671
0.37278479,0.41088435
0.33368215,0.29401568
0.46343309,0.48030955
0.20805100,0.07546584
0.77588373,0.74223316
0.77163208,0.87124062
0.91050112,0.91920114
0.69098514,0.74406934
0.94733727,0.92366052
0.66937077,0.64682537
0.65999883,0.60321188
0.55578583,0.37818581
0.58940649,0.62571734
0.89138407,0.91259533
0.73215199,0.72680253
0.74858367,0.66029036
0.89059329,0.87170118
0.82086170,0.76955587
0.87378055,0.93319839
0.69877994,0.85587108
0.52785629,0.58505511
0.85098183,0.96349204
0.57918715,0.61569321
0.64938527,0.69259226
0.47753331,0.66327536
0.91929990,0.91928649
0.94361669,0.95802468
0.95148611,0.90012270
0.94550240,0.90114379
0.36109176,0.20503296
0.24169949,0.35523197
0.36993912,0.26745707
0.89616221,0.90437460
0.77228016,0.63581181
0.63689244,0.61104149
0.86777586,0.93285304
0.48326284,0.81210190
0.45128128,0.47129482
0.80037272,0.81258750
0.43525478,0.45364729
0.90802437,0.98169702
0.73078537,0.78268450
0.40012074,0.61704546
0.92286801,0.88990861
0.88998485,0.97045207
0.55789542,0.70130837
0.89798552,0.89285284
0.48581150,0.62724870
0.67852777,0.56385195
0.36277527,0.25637975
0.72015822,0.79500234
0.77488697,0.69508725
0.54756296,0.63013417
0.88987708,0.98334062
0.51020402,0.69055158
0.83274496,0.92383808
0.86058217,0.94218361
0.90626740,0.86891854
0.89261532,0.86367422
0.67925894,0.51754659
0.66075343,0.78297937
0.91406751,0.93371862
0.90568924,0.90143776
0.83783448,0.91566491
0.28068808,0.30468205
0.57133299,0.56979698
0.29283702,0.23250675
0.91380095,0.86995327
0.33745781,0.41469720
0.95330191,0.93900478
0.38546982,0.43546876
0.74630845,0.77786911
0.60490716,0.69936556
0.89216602,0.95305806
0.86193907,0.76403230
0.85773104,0.80402207
0.71097678,0.75223839
0.80684125,0.83078456
0.85994828,0.78764856
0.95652187,0.95811826
0.56261909,0.65855736
0.94716430,0.91666669
0.05465920,0.07999019
0.77014351,0.76587898
0.84112781,0.61953080
0.80357820,0.75495642
0.89639854,0.95080733
0.67955923,0.77038592
0.77010816,0.80060756
0.61874330,0.74267250
0.80596298,0.79971099
0.84146261,0.91238075
0.19365035,0.22217397
0.91456342,0.87666112
0.65745592,0.74300504
0.55693477,0.45698714
0.35564917,0.36278734
0.49190941,0.37106428
0.61609137,0.71309465
0.37676498,0.44977465
0.69730651,0.59016037
0.90123367,0.91565895
0.92151004,0.91120613
0.84114873,0.91013020
0.89888674,0.89345205
0.80895489,0.80820620
0.60957152,0.86757928
0.82879454,0.91666669
0.78512305,0.85315496
0.92293108,0.87983447
0.42985860,0.49665090
0.93256277,0.95381582
0.87562388,0.90521133
0.69086492,0.67910516
0.56234407,0.40959081
0.20029286,0.20271671
0.49766988,0.68091470
0.72237182,0.68552852
0.94845581,0.96753246
0.16183254,0.10126051
0.86558253,0.80754149
0.95414424,0.93436402
0.78977871,0.74362189
0.81641746,0.82724601
0.65235263,0.79828215
0.78305310,0.69347245
0.81564128,0.82698303
0.95286715,0.93198323
0.61868799,0.51811862
0.59820926,0.70439917
0.87742293,0.92944145
0.79739451,0.90636706
0.83970463,0.71667582
0.66791141,0.42832315
0.83443487,0.89857936
0.81350332,0.86661679
0.95246840,0.92589283
0.44419754,0.25634059
0.74617708,0.83868378
0.86308759,0.78827751
0.94820315,0.92849410
0.94146979,0.89989805
0.79663748,0.76666665
0.49286479,0.55991811
0.37765530,0.28589076
0.82191539,0.88310915
0.50110805,0.55888957
0.93708301,0.89850473
0.46590582,0.27880543
0.91214293,0.92014730
0.73264551,0.73731178
0.59761930,0.52108461
0.77538681,0.83567995
0.37542343,0.32528889
0.92484736,0.96169591
0.53316581,0.77822578
0.48023167,0.58068180
0.92977411,0.87170529
0.82139850,0.71845239
0.90608114,0.87380368
0.78554022,0.76607144
0.91288638,0.95326221
0.95092177,0.89258462
0.29426706,0.34081885
0.56526321,0.59745753
0.58720434,0.68646055
0.85070169,0.82647961
0.90943199,0.90271491
0.89514059,0.91725850
0.84944779,0.88718826
0.84578961,0.87114435
0.70734084,0.60120356
0.76181203,0.46852174
0.59548426,0.73190427
0.58381075,0.39402726
0.72830611,0.62926930
0.42556500,0.49691918
0.94546705,0.98701298
0.87173390,0.89826065
0.79372257,0.85449898
0.86885220,0.90821499
0.72521400,0.75923043
0.70253855,0.70555204
0.85715455,0.94282120
0.82475972,0.77347064
0.84304440,0.67157787
0.88552147,0.70553362
0.67960995,0.81201661
0.91500473,0.88078886
0.78684157,0.83578432
0.95778722,0.94103128
0.72958773,0.53107768
0.57910824,0.52988833
0.32053381,0.20009609
0.38058344,0.39013493
0.76348871,0.78663665
0.91153699,0.89193547
0.54479420,0.44416144
0.76701820,0.93978345
0.80381393,0.81386513
0.30691442,0.33039546
0.78992534,0.65399677
0.80724698,0.75515068
0.94926143,0.96022224
0.84633034,0.87657964
0.82407093,0.84198749
0.77425480,0.86983937
0.69392240,0.78114754
0.60576457,0.78111744
0.65855771,0.56970626
0.86561221,0.92520034
0.79254931,0.79707003
0.84540892,0.89074498
0.93418318,0.84968865
0.71721971,0.76813245
0.75639296,0.90280050
0.87747449,0.94572371
0.74352854,0.82553840
0.60465008,0.65357143
0.87831295,0.95462906
0.69752562,0.66510111
0.87992346,0.79662228
0.92682326,0.90443242
0.75609505,0.84760690
0.76548171,0.83841294
0.53985494,0.67039657
0.80066341,0.83207256
0.78265250,0.81657487
0.66336161,0.77877766
0.26439524,0.31129807
0.51886308,0.68655598
0.45734698,0.59858119
0.10049971,0.17453220
0.84161752,0.93983346
0.90067232,0.93475556
0.77864528,0.75798655
0.69288689,0.70731276
0.68197536,0.71174288
0.54347354,0.35124078
0.91050667,0.91406113
0.74915969,0.76807600
0.80232120,0.76313525
0.27050093,0.31278375
0.38455176,0.44432133
0.85727549,0.90317613
0.66964215,0.79202557
0.89630163,0.93099362
0.71266520,0.70170403
0.49435738,0.54166949
0.73889846,0.85633147
0.91726226,0.90139705
0.75874275,0.75012022
0.81026107,0.80881226
0.72776306,0.82235855
0.56435174,0.60790813
0.80842990,0.74700153
0.91716623,0.96954507
0.89892536,0.91812015
0.83796942,0.84948391
0.04357881,0.08566161
0.90945327,0.12643468
0.73267579,0.85046059
0.89444894,0.90807289
0.93710470,0.93888801
0.65186065,0.60186297
0.94301641,0.91981262
0.70215762,0.69896704
0.78444862,0.66550720
0.75726813,0.77146763
0.71909827,0.90429294
0.68026090,0.79958069
0.31314248,0.40756464
0.60757738,0.39721471
0.37674868,0.17623153
0.62534344,0.73163074
0.89945233,0.89707863
0.92913008,0.56689388
0.75646734,0.87054497
0.80898708,0.88084084
0.94001138,0.91818798
0.88248497,0.94163120
0.95935017,0.86440676
0.80117691,0.87353730
0.29456541,0.56899458
0.38767165,0.49455270
0.66185832,0.61777139
0.58740634,0.52595538
0.74613029,0.94755542
0.42313340,0.36901370
0.89718711,0.87933469
0.86861503,0.87507808
0.92702210,0.91969991
0.94087052,0.97183162
0.78447336,0.69854492
0.91283214,0.90601087
0.86847782,0.91934985
0.77246314,0.76273364
0.83754939,0.86068255
0.86293364,0.91656953
0.76422852,0.60021871
0.92497039,0.85117328
0.82094705,0.86987966
0.80198258,0.84303600
0.70936525,0.77068216
0.55456167,0.79150760
0.95795000,0.97414732
0.85653853,0.88803732
0.93176723,0.90785474
0.62494564,0.71074456
0.76458830,0.83252627
0.58482820,0.63190854
0.87645793,0.88191229
0.19072597,0.20976952
0.87628245,0.95288247
0.92884243,0.92028987
0.45709985,0.49156144
0.76871240,0.83364457
0.87650198,0.87213224
0.91286176,0.88528138
0.71546561,0.58817035
0.38175002,0.31286803
0.53762347,0.62922794
0.62043869,0.61418188
0.58266383,0.24347527
0.11598478,0.11873738
0.75864953,0.76134181
0.44559407,0.39613393
0.63986361,0.82008451
0.80549312,0.80440974
0.39807284,0.33329469
0.84965360,0.92367554
0.90476602,0.89866668
0.61552560,0.70171762
0.34720835,0.42954203
0.72460288,0.80566639
0.82149434,0.83036262
0.93349308,0.92585701
0.82483310,0.74073303
0.69754541,0.80979818
0.86355007,0.86962384
0.55033791,0.62326616
0.79875904,0.63095152
0.88992089,0.89482588
0.72553742,0.83699787
0.52719975,0.49342829
0.82335782,0.91283423
0.80749416,0.80642664
0.56946772,0.62330812
0.91355544,0.89504141
0.92612553,0.89152396
0.80827129,0.92405063
0.29427856,0.32725823
0.48015741,0.39709273
0.85919416,0.93515384
0.89303601,0.88094622
0.85922039,0.85957152
0.30838716,0.27339184
0.89161944,0.86980635
0.81574565,0.79888940
0.35362646,0.42548537
0.90472078,0.86160082
0.46695191,0.54627961
0.70075345,0.43585798
0.66022885,0.50837368
0.87118500,0.85884035
0.90631461,0.88307792
0.30067882,0.45987770
0.83164018,0.91107064
0.16567308,0.24315847
0.79920155,0.90119338
0.85072362,0.90645260
0.69920111,0.72031248
0.87001985,0.87706041
0.76081449,0.80713564
0.86431426,0.85912198
0.78259546,0.72882140
0.82918686,0.99019605
0.80484343,0.83900726
0.55945027,0.32135075
0.52213174,0.39172241
0.61930537,0.67829460
0.35995090,0.37510505
0.89090270,0.83604652
0.87722832,0.85988456
0.68618673,0.65158045
0.23331304,0.31108308
0.57329410,0.50334930
0.77607650,0.85481507
0.78668201,0.79130161
0.81984133,0.84695125
0.67555964,0.61887354
0.19757941,0.14263675
0.65490085,0.48690495
0.85905486,0.86300260
0.31292450,0.26383927
0.49065140,0.53753352
0.75456184,0.62433434
0.59114152,0.45224568
0.91539156,0.95352924
0.91157693,0.80819237
0.73326153,0.69459707
0.59862375,0.67878431
0.93898976,0.89837396
0.96615756,0.95400435
0.88484055,0.91041696
0.76984107,0.75858337
0.76593548,0.82003665
0.73154682,0.70340455
0.69819641,0.48337805
0.41765025,0.37991992
0.78897339,0.86611974
0.68387836,0.58784384
0.65971506,0.75064933
0.88865525,0.90627605
0.60319030,0.65292746
0.91365856,0.91074139
0.71391374,0.76752019
0.80475861,0.87040246
0.71629643,0.61211991
0.52611524,0.43487820
0.81487978,0.90623552
0.94143200,0.89944851
0.81337714,0.84052944
0.31134847,0.26004007
0.62657553,0.84988815
0.63382924,0.53417081
0.79604018,0.83466578
0.65167296,0.52981442
0.85452360,0.86218321
0.72050345,0.81845027
0.86300749,0.86103523
0.37327957,0.51631916
0.67515612,0.83559859
0.56870198,0.18303572
0.71243465,0.93627453
0.90530592,0.83944249
0.77517933,0.84463322
0.12369112,0.09526616
0.94040477,0.93244487
0.77723759,0.77100843
0.88197047,0.94883019
0.94693154,0.92723972
0.80491126,0.68794161
0.92243135,0.86485237
0.95306093,0.92160589
0.86077785,0.89840817
0.75136483,0.92906165
0.81820792,0.75259233
0.77384740,0.61574060
0.69230396,0.59257960
0.90900844,0.79675978
0.65101105,0.59789425
0.91813564,0.93469661
0.77354139,0.54686409
0.95268393,0.93159062
0.63703626,0.70015490
0.70240563,0.86223722
0.81835407,0.90609950
0.89416611,0.94830412
0.85621440,0.94938821
0.39507851,0.35658288
0.80227214,0.71201617
0.45590895,0.45272169
0.80272168,0.82881021
0.42278719,0.37209436
0.84655839,0.92400002
0.63179988,0.68304229
0.80795610,0.71880341
0.95259213,0.88179296
0.77578855,0.76571894
0.74005723,0.77197582
0.46495363,0.57446116
0.14238347,0.32542616
0.78388625,0.65605420
0.67947799,0.61134416
0.53304321,0.58115762
0.83896005,0.81293952
0.75060409,0.60676390
0.85411233,0.82358974
0.79919481,0.85777777
0.32395563,0.27318868
0.52059907,0.81480813
0.78848505,0.87839675
0.39459351,0.29782945
0.19640557,0.04680178
0.05884058,0.06657046
0.84779537,0.90623760
0.80352122,0.81647158
0.82671940,0.58619440
0.87319762,0.92981434
0.92641294,0.95986170
0.65356445,0.74702710
0.56305635,0.64082605
0.83142704,0.76300967
0.86312443,0.83017105
0.90839791,0.84848541
0.80180585,0.79630065
0.84926671,0.79869944
0.59040856,0.59406590
0.78586912,0.79819822
0.84324497,0.81499010
0.93203038,0.91630435
0.36817285,0.34444845
