Predicted Score,Actual Score
0.84440339,0.97402596
0.77307433,0.73417723
0.36921540,0.12823969
0.80656010,0.81259978
0.86735451,0.89496130
0.58383012,0.47500202
0.88794410,0.90291262
0.88195693,0.96124291
0.89295030,0.89341539
0.86038786,0.88575649
0.68781602,0.89799571
0.88430518,0.90173441
0.86075163,0.87073731
0.86873817,0.92330921
0.46895915,0.56876683
0.83520812,0.75344354
0.95826429,0.95312500
0.91656625,0.91624480
0.75562406,0.69825709
0.50159913,0.67295039
0.91009641,0.92591548
0.69390500,0.83874792
0.61774486,0.67183489
0.90244550,0.87838751
0.82959032,0.85806680
0.43706325,0.67744184
0.67174911,0.64183676
0.82435358,0.90314204
0.63845325,0.39795625
0.15820734,0.23219927
0.64152229,0.73923182
0.53669423,0.62878650
0.88593709,0.79866892
0.95441419,0.93340164
0.78174454,0.76762378
0.88511330,0.87750590
0.63910675,0.70610350
0.90970510,0.87274390
0.81795669,0.77471316
0.75224179,0.74017882
0.58289260,0.53162020
0.85486221,0.85185730
0.83508378,0.82243454
0.95056880,0.96494067
0.78749937,0.68949252
0.75968087,0.84601575
0.77397466,0.66256118
0.93985265,0.96178091
0.87740105,0.89498997
0.55418617,0.60363024
0.95810390,0.95655042
0.60013545,0.52236116
0.69367760,0.77376813
0.90049702,0.95441693
0.79498643,0.69354075
0.43078977,0.63580692
0.84868181,0.84415495
0.59354717,0.40421757
0.62988222,0.71092772
0.49284226,0.48772570
0.89168823,0.92003518
0.58294892,0.80931371
0.78865248,0.81769353
0.49862805,0.58732945
0.83790308,0.93263525
0.97967988,0.92334527
0.82069522,0.86228913
0.41758701,0.61061680
0.93035764,0.94150591
0.90177017,0.93775851
0.81282109,0.77325583
0.73121345,0.75315696
0.96207666,0.94875002
0.92908835,0.91922528
0.05811587,0.08555707
0.89540035,0.91582203
0.76920688,0.45671695
0.90244663,0.90770239
0.81548762,0.85985541
0.64276475,0.62730861
0.70977223,0.72826087
0.89623070,0.88688642
0.62727541,0.71479058
0.45765492,0.36846665
0.73538870,0.65540588
0.61161596,0.68428475
0.82984692,0.84891218
0.84758192,0.55244505
0.80856007,0.35617423
0.56464350,0.50777072
0.82012892,0.85436708
0.80470216,0.79423076
0.86151344,0.89748764
0.69964933,0.83244783
0.96387380,0.92120171
0.78974128,0.88900036
0.77933329,0.84893095
0.39450637,0.26438427
0.92408997,0.93618190
0.59117776,0.71952027
0.63616538,0.70891517
0.90056336,0.93338555
0.82047862,0.81782299
0.76279783,0.82515365
0.95637012,0.93354863
0.80057681,0.76575905
0.79929179,0.78066832
0.79013723,0.81996006
0.43963996,0.70684522
0.59080321,0.62531328
0.90198642,0.92056233
0.87262326,0.89564049
0.75322539,0.75606227
0.86823702,0.79218322
0.76681042,0.74072599
0.94744736,0.98071426
0.89792669,0.92811561
0.93140274,0.87471670
0.95308977,0.91462636
0.88955194,0.82258064
0.52808273,0.39279380
0.87115169,0.88937986
0.91168737,0.90602368
0.71166611,0.81310177
0.46494925,0.55831259
0.88355035,0.94914424
0.94794554,0.95865506
0.92766976,0.91876382
0.58023834,0.50917327
0.37763286,0.36498562
0.48812810,0.61657834
0.89892691,0.79741937
0.95309138,0.95239449
0.40427849,0.28675476
0.18486191,0.07518037
0.76267612,0.71153843
0.89983922,0.92348027
0.91020870,0.92421323
0.73903179,0.56428504
0.87426996,0.82616764
0.29842609,0.34419924
0.75781518,0.81334132
0.53749549,0.65832502
0.49149600,0.43220028
0.86319238,0.90905404
0.83890080,0.79105079
0.52039623,0.55054945
0.76935607,0.62651515
0.77802855,0.86879802
0.86327553,0.97530866
0.83743691,0.87283242
0.53352678,0.56747156
0.91543162,0.94212097
0.71266532,0.66474348
0.80363458,0.92114174
0.60166728,0.53451371
0.46073857,0.53433007
0.34358618,0.26161468
0.71705008,0.76617503
0.45707676,0.26211971
0.74862152,0.85384059
0.66890389,0.83106786
0.45285949,0.52025586
0.47541508,0.45982206
0.76788938,0.66571146
0.75280267,0.65996927
0.70371640,0.55469769
0.42914900,0.49744070
0.84254980,0.82678950
0.85665202,0.86687738
0.47451204,0.50203669
0.64675570,0.82179201
0.74063617,0.83482140
0.87635034,0.87538403
0.56269038,0.42339361
0.90114069,0.87560409
0.90479326,0.96667218
0.92323273,0.91998285
0.61180890,0.57792211
0.13804969,0.11602031
0.30912891,0.44695711
0.89283317,0.90727723
0.36500913,0.21682203
0.72842640,0.73896211
0.24136139,0.08269231
0.92388153,0.89456820
0.44962129,0.54569191
0.40164727,0.53317410
0.86070985,0.80749857
0.85819894,0.91145813
0.74273992,0.55948716
0.88363409,0.80233300
0.85765404,0.88644528
0.64375788,0.62116641
0.95711583,0.95716840
0.78219384,0.88170350
0.91640157,0.87957662
0.88971418,0.89387870
0.42680117,0.40693602
0.83185476,0.89572513
0.89721525,0.91693234
0.82712865,0.84765124
0.50435925,0.76251251
0.91357714,0.91515762
0.95395249,0.87500000
0.89759654,0.89019877
0.76279932,0.61056477
0.59332943,0.82854885
0.85998619,0.78734589
0.76455534,0.78923386
0.80491757,0.88581467
0.19449702,0.16648623
0.64133841,0.67439586
0.57309580,0.60586655
0.31048566,0.21057090
0.97831845,0.97528487
0.61893129,0.77255833
0.78970414,0.81333578
0.49862897,0.40319654
0.33592299,0.18734229
0.87029743,0.93949294
0.84588581,0.83993411
0.74810159,0.81172067
0.92955041,0.84017092
0.90870792,0.92468828
0.90631670,0.88304842
0.75352120,0.66082203
0.88581914,0.88372952
0.82766366,0.83225191
0.95341861,0.95003641
0.79594803,0.72066885
0.81143582,0.86759102
0.95120335,0.95790040
0.83910584,0.90465409
0.84424746,0.89721519
0.69958031,0.70557100
0.71898496,0.69692564
0.93900597,0.92170662
0.73619026,0.82425898
0.79777318,0.87733400
0.77604061,0.73381919
0.87616318,0.93076921
0.41368759,0.24927424
0.73978227,0.52957636
0.82004261,0.82738793
0.70556659,0.86590999
0.96525037,0.92802405
0.88663632,0.90368575
0.53990412,0.54557669
0.60967785,0.62063390
0.75949055,0.79854780
0.84445143,0.74737102
0.25374770,0.12833922
0.88578033,0.79881155
0.37231749,0.35335454
0.93423069,0.93185782
0.57763392,0.59370100
0.65936112,0.77021104
0.57388008,0.52511907
0.48100871,0.30528343
0.77405643,0.80870020
0.59018326,0.34392732
0.88731831,0.89617443
0.48310405,0.35266176
0.02767637,0.07075887
0.94912899,0.87498575
0.82769656,0.88172841
0.14138603,0.12780370
0.91294861,0.90276414
0.80702633,0.83361101
0.79116094,0.88522983
0.94248158,0.95717955
0.59431100,0.46015915
0.77484131,0.38126567
0.28644717,0.25172111
0.80314934,0.80265307
0.82693303,0.76514375
0.47875154,0.07320361
0.80277020,0.89524198
0.69306564,0.73342174
0.85711247,0.80329156
0.87249970,0.85264045
0.79926640,0.78269428
0.87680578,0.87559807
0.83856761,0.90807718
0.29910108,0.36312518
0.90875322,0.80876142
0.42441121,0.25291896
0.84838200,0.86300600
0.74403936,0.79727256
0.52510190,0.61340129
0.93420750,0.89284766
0.93648255,0.91649079
0.52337772,0.55881286
0.53245038,0.54536289
0.72248197,0.75468165
0.94937068,0.94361734
0.70400548,0.59260988
0.64108992,0.64701778
0.79612011,0.71809447
0.87502116,0.93402511
0.63144368,0.58740681
0.35876393,0.41599599
0.19795473,0.14241019
0.84607309,0.67805189
0.92575431,0.80217671
0.77304339,0.66494596
0.91178441,0.95568520
0.67697936,0.61684728
0.90837806,0.88004929
0.84660947,0.88933253
0.77373594,0.82872027
0.73417139,0.80215055
0.88153780,0.80901641
0.80402714,0.82661730
0.10504317,0.11900791
0.82288295,0.87948585
0.77561116,0.80047262
0.67062974,0.46851847
0.50278187,0.57297772
0.82800955,0.71595830
0.53443861,0.74690306
0.79788345,0.73192525
0.74651468,0.75357145
0.55068576,0.57308745
0.51845497,0.62363571
0.68136877,0.65479439
0.91305351,0.93142426
0.64137381,0.83667612
0.88900334,0.89990115
0.71865797,0.67989606
0.92956805,0.94007879
0.91023296,0.91771734
0.93570691,0.91071504
0.91023922,0.92906648
0.96504843,0.91549295
0.78055924,0.66958934
0.47632256,0.41143456
0.73592287,0.88174874
0.82733601,0.85992599
0.77751279,0.13107717
0.87460238,0.89474386
0.81181967,0.68202478
0.95643997,0.94682842
0.73198509,0.63246292
0.87081844,0.62972188
0.48180962,0.37559256
0.84118676,0.80065358
0.95310903,0.92087841
0.20663123,0.36875001
0.92706031,0.91927636
0.50299227,0.46600592
0.55625385,0.61411488
0.92058760,0.89916748
0.91277933,0.92163610
0.90474027,0.93200552
0.54611015,0.61390060
0.86765695,0.65883905
0.91731852,0.67633200
0.83070642,0.86915255
0.17242204,0.15155677
0.52621025,0.49106583
0.63630295,0.69213933
0.23125573,0.24906784
0.51736945,0.54263598
0.76132327,0.77467996
0.74722290,0.68409622
0.26659077,0.29139313
0.50388849,0.51904726
0.57565707,0.38562462
0.85151851,0.84973544
0.92237353,0.95088142
0.94019008,0.94298244
0.90977699,0.86500758
0.89542133,0.90359151
0.90765744,0.87472767
0.72313470,0.46424896
0.95268989,0.95084935
0.89985698,0.77117878
0.74176431,0.58342171
0.89160740,0.91828686
0.76337165,0.80697674
0.72909337,0.71942645
0.92774487,0.93650794
0.59154606,0.57005721
0.50547242,0.51761085
0.79797155,0.75609297
0.57590097,0.45612457
0.76218122,0.73582870
0.54573816,0.38604474
0.84625864,0.90181994
0.79139900,0.73497599
0.85296690,0.88957173
0.34290430,0.34808046
0.89100176,0.92061257
0.89319217,0.90839982
0.51500452,0.55831069
0.64847761,0.72351193
0.91046238,0.93805766
0.64928865,0.64244634
0.67885244,0.32544324
0.79450232,0.73041230
0.42695427,0.34453544
0.52374136,0.50486070
0.86168766,0.78953445
0.87853730,0.94339621
0.43081057,0.30385977
0.71957815,0.64590788
0.88838696,0.85407209
0.88015318,0.91231942
0.75514930,0.18738404
0.54666567,0.45740741
0.86977053,0.96041739
0.57869500,0.72167873
0.55992639,0.42158175
0.91020995,0.91804773
0.76662046,0.78965688
0.55485040,0.52184761
0.81875312,0.87190974
0.96456528,0.94274896
0.81724131,0.80571985
0.92490047,0.07899183
0.80101430,0.60848868
0.87771338,0.89148116
0.48111758,0.51343048
0.95197463,0.92359877
0.70060229,0.79474926
0.71076924,0.88637221
0.88675010,0.98275864
0.90207332,0.89629233
0.80542773,0.89764708
0.80787587,0.84450263
0.68157995,0.61614585
0.20892607,0.17829013
0.85289013,0.92699409
0.77389783,0.81618500
0.56969440,0.53220779
0.81624389,0.92192829
0.39901251,0.33106670
0.47294748,0.44288188
0.54758584,0.56109023
0.53729188,0.43951538
0.93094182,0.92528480
0.88005126,0.93086082
0.35139129,0.26050326
0.56571269,0.56626183
0.43511575,0.36328125
0.90435821,0.92448813
0.78941673,0.82105064
0.47598386,0.68381846
0.77372986,0.82598782
0.49617332,0.50071144
0.89303339,0.94360578
0.78842235,0.90516317
0.57994682,0.72879392
0.82266706,0.76458818
0.86393631,0.88809526
0.94188440,0.92989480
0.93132776,0.98217809
0.75454229,0.86826700
0.87208390,0.56681240
0.85171378,0.85920775
0.67357421,0.57705969
0.97360796,0.88157892
0.67039967,0.78612471
0.85776436,0.94624126
0.56994420,0.54118794
0.67045903,0.63134241
0.54437661,0.87279165
0.43981546,0.31614673
0.81879508,0.86965811
0.88770312,0.88306868
0.86933470,0.92385060
0.62925601,0.76888734
0.81582570,0.84614265
0.72937977,0.72766995
0.14759596,0.11512188
0.96306545,0.93403876
0.86485577,0.82826018
0.85705227,0.87306368
0.82676280,0.87089950
0.74020010,0.75645971
0.86764705,0.85018182
0.76885241,0.66416782
0.71527141,0.75797015
0.45095873,0.25341764
0.47850332,0.61868542
0.87679005,0.93299794
0.64438272,0.53369093
0.41834083,0.50543553
0.90613574,0.94818151
0.77239591,0.89948452
0.89359301,0.88830614
0.69066834,0.55795473
0.79888809,0.71386105
0.73201609,0.76758122
0.82133090,0.75173992
0.68368316,0.67453843
0.15182033,0.15517631
0.08369467,0.08621617
0.85796571,0.87846482
0.76587743,0.77368772
0.39613512,0.32831958
0.49302307,0.69556928
0.78084326,0.85143918
0.75121641,0.96383566
0.76167190,0.91259277
0.60332799,0.42557567
0.94067031,0.88128066
0.60910398,0.73436350
0.77731532,0.75521260
0.96113199,0.94178456
0.83490986,0.83820224
0.75085074,0.90534252
0.92319268,0.90604395
0.67117381,0.54397857
0.31269804,0.34042621
0.75396413,0.74213564
0.53243375,0.46721312
0.78590167,0.83787876
0.78590375,0.77691257
0.57523465,0.78463358
0.68707609,0.54062980
0.54574931,0.56309479
0.88187951,0.90254986
0.55957764,0.81804323
0.81703544,0.88422751
0.75421643,0.82250792
0.53101176,0.68953943
0.91279054,0.90570074
0.96292257,0.94573575
0.95919508,0.98872048
0.36566967,0.28900936
0.87017322,0.79104477
0.93025357,0.93850523
0.94101048,0.89795154
0.86610162,0.83737725
0.69458205,0.74095714
0.38608557,0.33032396
0.42388204,0.34530908
0.80307788,0.80003738
0.63035393,0.74438637
0.84804451,0.86483365
0.56503612,0.16271827
0.30997449,0.27488452
0.83840036,0.97891808
0.77083081,0.81934381
0.82220364,0.87059790
0.69134611,0.53162599
0.78633988,0.89136720
0.72941703,0.78222442
0.72931135,0.87974375
0.26398858,0.17347129
0.87325901,0.78741497
0.43321344,0.57768714
0.80162024,0.66176468
0.77825457,0.37600806
0.75691670,0.90059763
0.95190245,1.00000000
0.63900691,0.75333333
0.49249685,0.51879370
0.79378623,0.87455761
0.80513531,0.88170165
0.25080147,0.33645615
0.83433783,0.78451216
0.88617438,0.87897205
0.51580012,0.37231278
0.57167929,0.65100884
0.85566854,0.98514849
0.36670330,0.34342417
0.89794803,0.94150341
0.84763670,0.86278194
0.83052504,0.73398250
0.41135275,0.18351649
0.92000890,0.17508772
0.65252954,0.54235989
0.80324972,0.88377446
0.91226047,0.88747102
0.88268131,0.68725389
0.93074912,0.94704670
0.72979510,0.76789868
0.90583682,0.90375656
0.59707803,0.38664913
0.70045656,0.58123970
0.94109625,0.94471526
0.61286896,0.58785385
0.27185225,0.13317041
0.77933574,0.82111031
0.77448183,0.81927550
0.61308306,0.50737178
0.41046503,0.35793820
0.89467692,0.94668913
0.68974406,0.78106236
0.73244756,0.76445186
0.78262407,0.94601381
0.86235708,0.90634274
0.67984706,0.68380833
0.92702943,0.90094048
0.35137928,0.20601732
0.62457722,0.57549256
0.42642051,0.40170914
0.63322151,0.56870341
0.82449764,0.70322567
0.35984418,0.56885648
0.96195716,0.95232815
0.84322155,0.97230917
0.92615455,0.90798736
0.54490870,0.50279957
0.88810420,0.93726468
0.45381495,0.47462690
0.85970986,0.98611641
0.83107746,0.84835601
0.49785370,0.45559782
0.80317450,0.90083504
0.84509146,0.91296166
0.95971304,0.94327378
0.39677539,0.16424765
0.51357830,0.55503821
0.86119336,0.91661292
0.45668444,0.45925885
0.41955993,0.29532996
0.89535290,0.87887806
0.91112286,0.90586281
0.35800466,0.17696486
0.67901748,0.82478631
0.85957211,0.86314261
0.77330095,0.76869750
0.59782714,0.53705597
0.81816757,0.92538112
0.47226703,0.56055903
0.87643534,0.88629723
0.61180019,0.75627935
0.93424404,0.93670887
0.84338140,0.82308888
0.62760514,0.40456834
0.85791284,0.91089743
0.63269472,0.78777778
0.92211378,0.92911357
0.81942320,0.69113922
0.90713102,0.90190220
0.66596222,0.63666749
0.89121062,0.85641026
0.38125765,0.17829363
0.81923783,0.69058317
0.08225413,0.15327817
0.89954484,0.90101820
0.89294231,0.91109407
0.95868033,0.95047361
0.96170330,0.92647058
0.52615172,0.68912905
0.93394780,0.92720586
0.39264339,0.42086020
0.35471588,0.27375650
0.91038609,0.86971354
0.88203233,0.89973330
0.77746284,0.79886061
0.35252586,0.43711844
0.87748140,0.98076922
0.32880226,0.10615226
0.82022280,0.83466554
0.74294966,0.88856828
0.81158859,0.94647890
0.43998823,0.43639743
0.68469924,0.55140448
0.84634477,0.87530923
0.76133388,0.78524160
0.88173759,0.91887212
0.93408507,0.96458089
0.68464899,0.73625642
0.74303150,0.62658280
0.80058277,0.84385967
0.83905703,0.15565036
0.94639164,0.95704174
0.89513052,0.89234298
0.41712919,0.52842444
0.88704735,0.87819541
0.93660510,0.88687754
0.70486951,0.73830181
0.51615477,0.52949911
0.72289068,0.71129984
0.71376324,0.86401820
0.80722451,0.84465569
0.36989874,0.62325048
0.78799325,0.70629656
0.95979685,0.96345747
0.84224933,0.85711020
0.59947181,0.42282653
0.92582035,0.83812600
0.75783831,0.91418177
0.59023196,0.53076196
0.78321624,0.76756668
0.46054006,0.48365700
0.80493844,0.84386742
0.89937121,0.87472898
0.62028366,0.43295455
0.67252266,0.15256086
0.42192006,0.56848830
0.48069915,0.46316090
0.66440588,0.84844136
0.55652559,0.58766234
0.91082668,0.93451458
0.93556362,0.94434857
0.72936171,0.87548947
0.92228156,0.66451401
0.92192543,0.93750000
0.81301802,0.87782383
0.81061494,0.77662879
0.49765587,0.52112883
0.82519424,0.74080932
0.41841203,0.35436183
0.92875963,0.90838045
0.90438581,0.86874288
0.41272104,0.40221879
0.75741863,0.68074971
0.79073209,0.27570876
0.58729148,0.65938246
0.61112905,0.75972068
0.62888843,0.72567880
0.92660850,0.92263740
0.85486597,0.90852314
0.73864728,0.77347380
0.87713611,0.90735614
0.39454246,0.39060232
0.93316329,0.93160450
0.86844164,0.93575215
0.89483160,0.95952332
0.88699341,0.92662084
0.20830585,0.13453953
0.68375987,0.80454558
0.92905444,0.97752655
0.84960437,0.84678727
0.76684833,0.82333183
0.90620047,0.93022865
0.73935992,0.61199600
0.71239120,0.77859968
0.63007331,0.80725890
0.78608727,0.83139491
0.83162242,0.83583742
0.85236216,0.87042934
0.60185522,0.70664060
0.49178830,0.36685368
0.78690732,0.74097306
0.75786328,0.79255486
0.86543018,0.84913212
0.83695203,0.71875864
0.73832208,0.67011690
0.65018427,0.32683048
0.78472257,0.55766112
0.82482588,0.85989255
0.24927063,0.19367094
0.91203558,0.93538404
0.89926833,0.90991825
0.83360630,0.68539327
0.90926522,0.91759419
0.68604994,0.72106284
0.40474516,0.32704347
0.92616051,0.93608046
0.78502852,0.86502969
0.89952302,0.95979702
0.77881408,0.84799147
0.38513559,0.37755728
0.95833772,0.95145708
0.60692191,0.56290847
0.86421406,0.91645712
0.92559934,0.95285410
0.71042943,0.62650567
0.36314383,0.32072335
0.95068181,0.89240617
0.45311153,0.35028657
0.61119223,0.71653408
0.91257334,0.88588905
0.45802245,0.26666120
0.65582371,0.74499589
0.86362153,0.83351606
0.87195581,0.96326405
0.79128706,0.90768588
0.87513965,0.94939309
0.79498261,0.85437626
0.86502880,0.95850748
0.41106662,0.54287916
0.37468982,0.36428204
0.89797598,0.88704598
0.48236433,0.43425927
0.89247310,0.94929725
0.68233919,0.71067512
0.81388116,0.63700873
0.75278240,0.86472732
0.74222898,0.71541029
0.78333706,0.63905811
0.81777000,0.80315578
0.93523896,0.88850272
0.71707702,0.66753322
0.49423802,0.44647831
0.72151494,0.62124932
0.78273022,0.87901765
0.81240636,0.78030300
0.42635727,0.52420342
0.83006567,0.92205089
0.79354358,0.78166133
0.81761920,0.73881441
0.86208713,0.84031099
0.48185965,0.63799721
0.92679185,0.94316679
0.95592719,0.93215811
0.89997619,0.89567053
0.85732991,0.25329894
0.64340067,0.86700290
0.89638275,0.95950282
0.92481077,0.88489062
0.81108642,0.86976236
0.81091005,0.76693648
0.64120644,0.30950662
0.84371251,0.72567809
0.92682934,0.97021693
0.29602671,0.21486366
0.82986277,0.78550839
0.92765909,0.93685639
0.67532277,0.49767870
0.74198210,0.69782382
0.40730557,0.25678471
0.85049003,0.86602592
0.62292951,0.55377764
0.72405219,0.62692308
0.52241462,0.46017650
0.95661569,0.92502511
0.90340394,0.88770777
0.75447911,0.82881659
0.68209922,0.50868225
0.84774768,0.92674989
0.51666260,0.36921552
0.93098050,0.90374178
0.91841060,0.88365299
0.63514590,0.72280091
0.56022710,0.36578321
0.73754483,0.84963846
0.96353579,0.95857555
0.84168482,0.91486543
0.80178207,0.82511932
0.51748812,0.54123598
0.86477679,0.87810737
0.83364022,0.88048673
0.84273821,0.86632097
0.92518538,0.89029562
0.87626284,0.92037600
0.45121837,0.57556325
0.68505299,0.68744832
0.92253143,0.90070903
0.62560850,0.65185744
0.79818177,0.84777701
0.26832595,0.32695955
0.91321731,0.99002868
0.68146825,0.69989926
0.80542153,0.71813726
0.84271944,0.61200142
0.68004668,0.49263832
0.91603392,0.94070256
0.96954340,0.96220237
0.75440991,0.85051167
0.94010073,0.91666669
0.85025513,0.77461988
0.30820996,0.46426493
0.27593786,0.17483173
0.93895602,0.88480097
0.80784506,0.83754009
0.76372987,0.84317225
0.82431275,0.83602023
0.10637407,0.11402626
0.93700504,0.95478034
0.93127948,0.91940153
0.97497863,0.97209769
0.87199575,0.88014835
0.58413070,0.51186508
0.81629139,0.92653054
0.95325828,0.96006495
0.71541262,0.67934263
0.80534691,0.71043456
0.91219229,0.92495000
0.61175597,0.35361624
0.50119680,0.50788003
0.95938498,0.98148149
0.59788156,0.68704647
0.83685297,0.86311477
0.43195492,0.52732795
0.82312739,0.88892710
0.93219912,0.95763242
0.80931646,0.80791467
0.85982329,0.83319384
0.85663730,0.81443512
0.63645941,0.68139619
0.61074615,0.74045002
0.72095251,0.80992734
0.80665570,0.87623996
0.48200983,0.67512143
0.69746703,0.60962784
0.84592640,0.94444442
0.86057043,0.91606665
0.46741045,0.35512239
0.91069132,0.90430218
0.96673441,0.92204130
0.56093603,0.55746180
0.48539060,0.49128383
0.92068970,0.89216524
0.94894218,0.95149255
0.92439753,0.98148149
0.73485893,0.94337589
0.90011883,0.80992484
0.89903569,0.90847337
0.82359737,0.92484701
0.61693895,0.26357070
0.06428534,0.08537281
0.91247720,0.93373901
0.85901535,0.87512636
0.93988413,0.91501004
0.82721871,0.95940173
0.95344520,0.91044438
0.55884761,0.59308600
0.85631227,0.90087485
0.70326036,0.61900586
0.78263617,0.82157707
0.46798900,0.52896458
0.79819703,0.73947090
0.68712413,0.79045957
0.48556301,0.54188710
0.81794441,0.87981242
0.57779884,0.65378422
0.49672204,0.61596203
0.95570999,0.94051993
0.69838321,0.74266541
0.64340836,0.64204597
0.86358958,0.88051951
0.91170889,0.89543957
0.83420891,0.81695253
0.68917233,0.91156465
0.81390798,0.64776045
0.89583617,0.92656809
0.86322755,0.93346846
0.70099032,0.92307693
0.89046627,0.91433054
0.84781820,0.88171500
0.65363330,0.78515816
0.34144697,0.21394357
0.77675104,0.71412039
0.43515372,0.37766421
0.88000470,0.86475295
0.25157925,0.16192956
0.55757809,0.68831170
0.86271071,0.87214881
0.85326207,0.77392119
0.25927028,0.17979489
0.72733992,0.87428027
0.41855854,0.35305768
0.78434712,0.92311543
0.94979376,0.97734177
0.54364115,0.44297516
0.55165380,0.58479846
0.76368982,0.77450913
0.93790054,0.91695273
0.92362797,0.95487177
0.92860109,0.94533968
0.79368627,0.80533808
0.85820264,0.94351768
0.94173908,0.93783897
0.87756062,0.89982951
0.67587674,0.69699663
0.54153359,0.49800220
0.27021891,0.21694674
0.55214047,0.17383404
0.87620187,0.82614231
0.74305844,0.87852186
0.78060710,0.92970103
0.88847345,0.92205727
0.85854274,0.79311341
0.50926346,0.51911014
0.69418699,0.67791635
0.79865628,0.69121093
0.66925526,0.77200490
0.93043000,0.96604937
0.45859978,0.38564792
0.75380206,0.81436181
0.59370118,0.62727273
0.37903687,0.46962860
0.86469764,0.94494885
0.63827944,0.77758312
0.47939998,0.64672607
0.65379214,0.74681777
0.90703571,0.90649003
0.78443569,0.69499135
0.65101206,0.55331343
0.48498937,0.52941179
0.18228388,0.12279566
0.55073804,0.20196499
0.75999188,0.66119969
0.79848802,0.80784112
0.67852139,0.62730896
0.90973932,0.92794609
0.88857722,0.84856158
0.42377803,0.30643708
0.54314023,0.55393302
0.89658958,0.93758202
0.46517754,0.32155719
0.76864058,0.81454670
0.92198688,0.89606696
0.49096096,0.36516562
0.94455129,0.93428081
0.39418867,0.23690413
0.89788240,0.84717596
0.86437452,0.91078752
0.80610389,0.90155697
0.92116040,0.91223651
0.15376672,0.26881394
0.68223470,0.84800750
0.52997798,0.42078146
0.93804026,0.92582595
0.59545493,0.61574668
0.82614684,0.91927910
0.89215428,0.95104164
0.75472665,0.85549217
0.60351217,0.62375444
0.89903724,0.93637651
0.85083920,0.89367819
0.93758398,0.98437500
0.61236364,0.53379685
0.76653558,0.80090910
0.55354196,0.51022112
0.94117808,0.90876842
0.79220045,0.91176468
0.83183092,0.95534998
0.97138357,0.93555743
0.88889408,0.86466682
0.96715873,0.95430315
0.86504430,0.93287402
0.66753960,0.78593373
0.60772473,0.69455785
0.93512094,0.91957241
0.91083252,0.94464284
0.91058385,0.93530023
0.94373292,0.90274012
0.51339084,0.45755017
0.56289268,0.56770021
0.39671114,0.36953107
0.81353277,0.85556936
0.69902545,0.62952900
0.87051845,0.92032969
0.84088588,0.78991342
0.86571437,0.79022276
0.94925517,0.93898064
0.43160707,0.61570078
0.59867167,0.61032093
0.84628588,0.80869693
0.58906412,0.52065676
0.90991932,0.88971859
0.65561682,0.76950121
0.54994899,0.74825537
0.93491948,0.92996031
0.85817850,0.85084409
0.87831891,0.92322910
0.79122823,0.86068684
0.78398675,0.82627243
0.88905656,0.87418145
0.20478460,0.38190293
0.70239937,0.70674533
0.56136191,0.45081618
0.08856261,0.19908528
0.91912949,0.93265975
0.23469375,0.13550466
0.86489624,0.82801121
0.77534801,0.82499671
0.81081158,0.82292283
0.92241573,0.61613685
0.55702847,0.41865605
0.74289614,0.85303593
0.75800157,0.72537714
0.93391401,0.90746534
0.54882830,0.65970802
0.74850374,0.79149979
0.45668206,0.51734716
0.71742868,0.70596415
0.77824652,0.86146969
0.56684184,0.59412861
0.81516320,0.90554196
0.67252344,0.31699321
0.76010054,0.79235536
0.83204001,0.96315634
0.92777514,0.95144135
0.65021843,0.69962430
0.91437244,0.93211806
0.75428295,0.79020721
0.28197202,0.13364494
0.83319581,0.89458221
0.78196603,0.70245183
0.79556197,0.88117242
0.74078572,0.81967878
0.55850893,0.45043087
0.92167222,0.92016530
0.78508145,0.74292898
0.83627838,0.86784792
0.53833538,0.48134920
0.31618524,0.38352272
0.92891902,0.90179396
0.49414450,0.62159163
0.68579298,0.82353109
0.81193632,0.74484628
0.60247737,0.46226159
0.89282018,0.94724113
0.66083097,0.64109588
0.42265037,0.63318902
0.85003227,0.87730807
0.58418083,0.54174799
0.30163872,0.26134872
0.35244671,0.39796156
0.92567933,0.96515346
0.83646160,0.84253895
0.86814344,0.89035964
0.77860105,0.68880910
0.68771911,0.80264014
0.88388318,0.94652826
0.51206374,0.40216938
0.51392162,0.32936326
0.90654957,0.88440251
0.85297722,0.91058183
0.90434712,0.95819235
0.87731838,0.80141354
0.80640393,0.81881869
0.30815795,0.33966598
0.86326283,0.83845812
0.64066201,0.72067273
0.80759281,0.71464974
0.90740478,0.94552267
0.74915463,0.82677245
0.91028494,0.89366513
0.44229865,0.44353002
0.89347368,0.86284196
0.81253296,0.90117520
0.68559718,0.67239612
0.48425278,0.45512497
0.40036190,0.41031593
0.79894018,0.85483080
0.08870750,0.12402173
0.88721639,0.87717927
0.70814633,0.76724756
0.74384260,0.74839228
0.94135505,0.95609128
0.86342835,0.87540984
0.90916073,0.89596272
0.92335141,0.78938752
0.79875499,0.86691177
0.75756025,0.85494852
0.59434670,0.39591315
0.90079486,0.92033941
0.86990070,0.88691229
0.63305348,0.17861831
0.77054626,0.77333140
0.76312339,0.77242583
0.75321406,0.90382445
0.93103927,0.96130955
0.80384266,0.90178835
0.89811355,0.86821795
0.39649147,0.51038188
0.54370922,0.52354044
0.64357781,0.39061904
0.81188244,0.78983051
0.92178595,0.90608150
0.83463502,0.86151963
0.31196126,0.16620064
0.88079149,0.81705415
0.21366201,0.14033276
0.83906293,0.94849259
0.86830908,0.93695247
0.91276211,0.90225464
0.60206836,0.68723565
0.64777189,0.70983922
0.92403281,0.93921524
0.96349305,0.97331643
0.76897359,0.94247788
0.93846804,0.94023150
0.91598862,0.89014053
0.64750582,0.58158690
0.93513471,0.95213675
0.90547866,0.96273726
0.48721659,0.29339823
0.96813184,0.94588178
0.62037224,0.35537711
0.92127156,0.90648854
0.92951179,0.92760080
0.59533244,0.61439639
0.49544796,0.61636692
0.86054611,0.82331884
0.95001924,0.95866567
0.85738343,0.87172282
0.41177714,0.44508946
0.51046544,0.71611089
0.64098358,0.74423760
0.74865371,0.72952181
0.48582432,0.41164085
0.82267332,0.82517481
0.90721303,0.94793499
0.72199541,0.72894895
0.77573478,0.77467930
0.79448229,0.75584644
0.71637100,0.86081523
0.81936717,0.79092300
0.86374414,0.95771295
0.30850351,0.23065026
0.59730834,0.40575597
0.93732017,0.91637313
0.86241210,0.85944188
0.90343773,0.82319373
0.92072666,0.87709641
0.82410705,0.85654885
0.84782416,0.81987131
0.60666156,0.75668681
0.83102310,0.96326727
0.86691719,0.90877980
0.77013654,0.78017247
0.76181316,0.89659327
0.86774546,0.45434865
0.85683197,0.93550819
0.45002821,0.33236539
0.67042571,0.67126918
0.88238710,0.86809969
0.81347603,0.76524013
0.94691145,0.95311350
0.73471701,0.70298028
0.79151630,0.63070697
0.54906911,0.38904256
0.58712876,0.67159504
0.90889132,0.89412314
0.55442822,0.78604466
0.93348861,0.89639795
0.81566918,0.90183181
0.81883597,0.77594239
0.46276742,0.66692740
0.87233502,0.92419624
0.46968389,0.43101856
0.78432328,0.73391855
0.96247357,0.93786341
0.82783651,0.92271572
0.86580533,0.86316317
0.71925795,0.74612027
0.83078647,0.84178931
0.86568671,0.94119513
0.84118533,0.89251560
0.86995310,0.08616666
0.82003957,0.94889951
0.82283753,0.85838568
0.73894507,0.78195721
0.62552500,0.50961137
0.89146733,0.91318637
0.39274085,0.58032495
0.79436088,0.72058821
0.88923132,0.87648863
0.74675286,0.89723504
0.86386234,0.97198546
0.50876892,0.53174502
0.72093236,0.74054253
0.91405469,0.89807105
0.90216303,0.87314165
0.57970130,0.49803987
0.84168237,0.91567296
0.76887357,0.70998877
0.75046462,0.79656887
0.71795607,0.76658165
0.93621361,0.92745882
0.87990272,0.94270670
0.93559128,0.88472223
0.51676846,0.91358906
0.91897863,0.94486678
0.91682345,0.89864576
0.82102507,0.91669101
0.81831139,0.86409551
0.89080912,0.93267393
0.55146533,0.75018275
0.69839931,0.74797732
0.90348697,0.87692684
0.43396488,0.45611110
0.80761003,0.88962030
0.76026648,0.73376626
0.85159010,0.87730265
0.65106469,0.65064371
0.30764243,0.24327958
0.86446112,0.90283960
0.83065838,0.89793319
0.95869553,0.90713865
0.87008357,0.86267680
0.75962967,0.83767259
0.66386408,0.75043857
0.50480288,0.29342574
0.64782727,0.37517300
0.42616999,0.27144331
0.48077035,0.53353494
0.94709373,0.93888563
0.54258597,0.53177083
0.49196318,0.55553466
0.80788821,0.83362466
0.90863252,0.80975300
0.68721747,0.73159635
0.45237419,0.41099244
0.89658689,0.85301232
0.41764304,0.22399463
0.82610375,0.84236497
0.89255786,0.83059180
0.73152256,0.70978802
0.77757716,0.90175575
0.77502149,0.88496017
0.88101029,0.88146681
0.86516023,0.92958516
0.85147256,0.92494768
0.86919898,0.89472997
0.83093816,0.79526842
0.58819187,0.55668980
0.42362759,0.60080689
0.87793386,0.89541948
0.81987017,0.90695620
0.60384780,0.64195281
0.93491614,0.89309132
0.89255476,0.92199475
0.45193264,0.46343273
0.62661368,0.48762295
0.46903339,0.37766227
0.71309006,0.84082973
0.75315917,0.82466567
0.59826934,0.78476727
0.69864911,0.57847667
0.73050183,0.86685240
0.42317742,0.48266807
0.91810501,0.92900878
0.94748569,0.94202763
0.58602977,0.53758651
0.88647288,0.95274055
0.88368648,0.81160688
0.60805643,0.54689425
0.59733820,0.43769249
0.92246753,0.95743710
0.36964616,0.26628786
0.93691778,0.71685928
0.88155770,0.92110193
0.93803620,0.89462847
0.84835207,0.94512832
0.51528913,0.53698891
0.79215300,0.89818394
0.70372087,0.66532636
0.80664307,0.80210078
0.23731014,0.13075037
0.93877298,0.95270759
0.93120557,0.86370462
0.40996510,0.49028674
0.89336073,0.86971426
0.52879530,0.28106725
0.66055632,0.62579632
0.54608530,0.70767403
0.52681750,0.49142787
0.85139191,0.87161088
0.75612712,0.81364524
0.87846571,0.82076824
0.79542863,0.76398718
0.84032482,0.70944595
0.68438148,0.81606609
0.73538017,0.77454114
0.57492685,0.51892120
0.34619540,0.33438757
0.93077660,0.87753981
0.95336956,0.93807071
0.75261599,0.81902450
0.84641540,0.83854169
0.78850734,0.73578578
0.26346019,0.24476069
0.52498072,0.53281617
0.81619102,0.92047477
0.83587855,0.82710451
0.78143018,0.90542126
0.36306864,0.51606286
0.79101312,0.73391616
0.92981535,0.93402922
0.40065697,0.65666670
0.91018361,0.89485359
0.49767494,0.31634554
0.74761373,0.93243587
0.49314457,0.64970696
0.90729338,0.90725738
0.81805575,0.71543360
0.43581259,0.75549358
0.95996732,0.93879426
0.77940649,0.80238050
0.60364980,0.59600776
0.60495442,0.65135133
0.76850319,0.74812269
0.91101855,0.94710082
0.85732657,0.95040262
0.50521392,0.41656491
0.75252277,0.83460188
0.54771692,0.65000886
0.53505909,0.59144676
0.50204808,0.40970385
0.91498131,0.91748369
0.87353152,0.89698690
0.24695154,0.38408521
0.89139611,0.82805753
0.80196333,0.79830301
0.91464108,0.90281177
0.78746295,0.87611806
0.92581767,0.87324220
0.92044669,0.88167590
0.88189936,0.97204489
0.95596606,0.93010205
0.91533411,0.95964092
0.90714037,0.73860455
0.44271705,0.49867678
0.57858497,0.50132352
0.62582099,0.69505018
0.76449704,0.84510601
0.88064152,0.95837182
0.91950589,0.92829204
0.78011906,0.83752120
0.92877084,0.98404253
0.88691419,0.90488315
0.88472342,0.95265329
0.92444825,0.89866310
0.43809089,0.48596954
0.46756709,0.47469667
0.69513464,0.64932239
0.77347791,0.91496086
0.78987741,0.90919358
0.91743940,0.93144357
0.86271745,0.94767022
0.52850282,0.59418839
0.72158450,0.81429839
0.85858423,0.87630820
0.72452235,0.86969548
0.89188641,0.90734369
0.34296101,0.23983876
0.96359575,0.95225853
0.78756243,0.74336976
0.39063287,0.20974027
0.86744481,0.85911715
0.88551801,0.92190522
0.61052030,0.63594991
0.89484364,0.87459141
0.96055681,0.91888404
0.91359615,0.87656248
0.75234032,0.72008377
0.88735378,0.91064250
0.87463403,0.91873574
0.82735682,0.88412184
0.89367938,0.96045852
0.55416352,0.59251827
0.95009220,0.98125660
0.65843117,0.71476805
0.94860470,0.91274738
0.90722895,0.93771875
0.84602153,0.90582424
0.81031847,0.86909419
0.57810509,0.66639233
0.41778213,0.56607145
0.87969595,0.86414915
0.54669875,0.73283887
0.82672888,0.72567838
0.85960257,0.80612981
0.81850433,0.76363367
0.89301157,0.92203224
0.76820821,0.30417153
0.18836653,0.24640717
0.84894282,0.94013160
0.53493410,0.61984944
0.74426579,0.85978144
0.83522308,0.75075912
0.79666853,0.77610731
0.84694445,0.94225049
0.41587794,0.43986452
0.56230086,0.64820087
0.58805573,0.65961528
0.85997629,0.82529610
0.05621126,0.13065517
0.31167045,0.27115142
0.84676844,0.85416496
0.91331220,0.90534735
0.91178954,0.94278848
0.78869015,0.72029686
0.82217288,0.92424244
0.73259270,0.91895717
0.78512013,0.66417360
0.41890895,0.32791984
0.91530699,0.90549296
0.82452446,0.95789301
0.87750798,0.89080381
0.65877467,0.77852327
0.94108105,0.99382716
0.91925335,0.88186079
0.56119001,0.88710868
0.95553738,0.92620957
0.66317469,0.68692023
0.88713646,0.89170754
0.75663447,0.75865537
0.85681081,0.88659948
0.87356716,0.90233785
0.75991905,0.59161586
0.78127855,0.84202844
0.49377945,0.40008104
0.40283722,0.19608384
0.10345324,0.38803819
0.74791443,0.83664083
0.95697695,0.93995357
0.14538889,0.17202541
0.90601647,0.94480026
0.83968586,0.91060805
0.96760285,0.95128202
0.70085961,0.72880971
0.78763062,0.64410317
0.60014981,0.59747022
0.87754095,0.89400923
0.90918875,0.96926028
0.31900212,0.28936982
0.91643792,0.90047210
0.86647332,0.88663781
0.76914299,0.65250051
0.45876414,0.68346667
0.64765728,0.69276422
0.88898820,0.90303099
0.80021310,0.76921195
0.47281042,0.57899725
0.96069467,0.97542685
0.92236316,0.94569963
0.93261904,0.87832510
0.83094531,0.77567565
0.85131264,0.85220218
0.92911774,0.93093783
0.46033421,0.53888887
0.70134395,0.67654282
0.31340384,0.30169028
0.68048918,0.73221946
0.85336840,0.88268322
0.60880154,0.53039193
0.91763067,0.82138282
0.93509769,0.95707542
0.78185570,0.80100870
0.49612820,0.16196567
0.48310810,0.46990740
0.71410978,0.93861771
0.35002589,0.36217457
0.85511118,0.80709219
0.82563090,0.86199093
0.85528922,0.90178287
0.70345813,0.80542874
0.79796928,0.80751878
0.94523787,0.80104631
0.85990852,0.88718373
0.65041137,0.69739503
0.96465588,0.97984850
0.46808875,0.36426768
0.88666975,0.88705528
0.58882684,0.36864805
0.56147468,0.66977620
0.82754892,0.88403136
0.78534502,0.76571822
0.38928229,0.37886363
0.58137220,0.65493828
0.38936165,0.43489569
0.82132351,0.73532635
0.84051162,0.81124872
0.85314125,0.99519229
0.86002004,0.84344262
0.80204117,0.78308499
0.83802795,0.86333960
0.78606689,0.90753543
0.79792297,0.72476077
0.81154323,0.92074680
0.58295614,0.35370290
0.96567619,0.95396715
0.84879684,0.87761462
0.71778810,0.81144160
0.94290751,0.95044720
0.89012146,0.93787879
0.92769217,0.85638297
0.77472579,0.85987854
0.90767813,0.82632869
0.87596822,0.89242089
0.76824498,0.82250887
0.76316327,0.81279546
0.91462344,0.94034493
0.79544961,0.77992052
0.70876575,0.76553100
0.69065434,0.68906206
0.81850505,0.82355517
0.35691333,0.35938177
0.89336193,0.87345409
0.90673351,0.88898343
0.89085901,0.89636159
0.93270057,0.92429376
0.78119093,0.67505187
0.47837272,0.44651172
0.81857288,0.88253027
0.97577864,0.97088867
0.84010053,0.86081493
0.91141230,0.93382460
0.56401354,0.54484087
0.63312697,0.75259417
0.72982216,0.80454546
0.87633920,0.84909785
0.91354084,0.95265228
0.85235852,0.92188805
0.65538931,0.46306127
0.93016958,0.91840661
0.72860962,0.68427199
0.96128714,0.94943053
0.83225131,0.92813319
0.48565421,0.37271520
0.74016541,0.75953388
0.93818915,0.89450550
0.79009885,0.85920537
0.68820643,0.73107523
0.79602069,0.83104122
0.92409652,0.91353768
0.93833542,0.97617865
0.91359246,0.89562041
0.20229951,0.41411451
0.90098351,0.91535169
0.83495247,0.87848437
0.59041381,0.77436620
0.80485713,0.89726198
0.89897257,0.91848284
0.41683739,0.40602154
0.91629177,0.95445096
0.89628440,0.78282315
0.61965519,0.79333568
0.68789923,0.73695797
0.77240705,0.74194068
0.87393016,0.88089836
0.59911835,0.70376295
0.79934895,0.79222780
0.50960696,0.53284085
0.70439607,0.69232672
0.68878996,0.87362635
0.87869990,0.93315899
0.86736083,0.89847904
0.96407837,0.95048326
0.79747951,0.82544190
0.52309501,0.45111784
0.84478283,0.76526254
0.67897516,0.66666669
0.95038956,0.97847730
0.86862224,0.94832075
0.73659796,0.86359763
0.86163455,0.93086141
0.85586023,0.87737757
0.85462862,0.73550689
0.68447465,0.51974297
0.91152936,0.90886420
0.83465844,0.38720176
0.89650828,0.91401410
0.58778948,0.48355031
0.64493597,0.62408209
0.44995016,0.48662463
0.94519120,0.86647338
0.83696032,0.95473486
0.73796034,0.71931773
0.94816315,0.95317155
0.58949941,0.61325783
0.51041663,0.48577949
0.80843633,0.71954024
0.93648493,0.93052202
0.65720189,0.66256094
0.91261685,0.88869721
0.82329470,0.87507844
0.82322335,0.81792372
0.87103862,0.86819649
0.76853913,0.86218625
0.85767275,0.88602632
0.95783472,0.91711634
0.57174987,0.63773948
0.92670131,0.89752495
0.93437922,0.93743151
0.61391461,0.49827948
0.73204321,0.88587773
0.74331766,0.77601486
0.80834842,0.85811526
0.74347055,0.85945159
0.78344822,0.70968443
0.56118059,0.61327791
0.90177971,0.92292207
0.86835313,0.82941765
0.76329601,0.66451561
0.82056516,0.92823392
0.81843030,0.71632773
0.89244235,0.94417560
0.71353942,0.68505210
0.94668370,0.91002417
0.92698634,0.91359538
0.76216465,0.85673094
0.60661238,0.70807981
0.78192675,0.76070392
0.19743299,0.13729459
0.64476657,0.68835652
0.71711427,0.72137666
0.65495789,0.82629925
0.91198224,0.86523712
0.56295413,0.59538245
0.09882703,0.15473181
0.88813227,0.73120302
0.62342155,0.72034764
0.69101393,0.81581563
0.45957148,0.49250498
0.92000437,0.92217743
0.84007949,0.81998229
0.84410143,0.74506533
0.60374093,0.66413325
0.52715790,0.50783974
0.91982961,0.94408256
0.51581085,0.37030447
0.75647742,0.87927926
0.60480815,0.53091592
0.89583576,0.95057774
0.80321139,0.80528605
0.42377737,0.37589082
0.90900737,0.83684266
0.90323889,0.97540987
0.49653903,0.62377995
0.60373211,0.48037428
0.44445482,0.46269619
0.90495795,0.93457288
0.88318306,0.80866539
0.86395603,0.89903843
0.80083156,0.84958625
0.69932413,0.61506706
0.88692111,0.76880431
0.87450737,0.90974027
0.76737118,0.79691225
0.70532596,0.87143034
0.76618129,0.76363635
0.44909781,0.40563783
0.74387062,0.74708658
0.83959067,0.97692186
0.32408455,0.42828083
0.83491552,0.92113245
0.85926265,0.83368820
0.94632810,0.85752261
0.80252105,0.89205337
0.62618375,0.55848861
0.88754487,0.92058164
0.93456399,0.86682916
0.80752355,0.86542338
0.56575912,0.34309050
0.18795767,0.10223510
0.85632575,0.85050559
0.75156122,0.79062480
0.89281154,0.92328155
0.92190915,0.97340423
0.47369373,0.40775433
0.72815210,0.75948274
0.73620260,0.78137255
0.81608349,0.88627803
0.83201438,0.81695038
0.80143154,0.75612265
0.23468062,0.15788215
0.78589988,0.92603093
0.79125702,0.62210047
0.47313201,0.33476782
0.84127468,0.83544338
0.85071641,0.88758588
0.88777095,0.78805077
0.42264262,0.49801278
0.50326866,0.60709095
0.76917452,0.84692925
0.78548193,0.72917205
0.81677854,0.90947235
0.91646886,0.91117525
0.96738827,0.93593907
0.33289564,0.60444576
0.59695983,0.73260748
0.75608301,0.66800827
0.89571381,0.90116984
0.64554447,0.66688097
0.92267990,0.94407284
0.77843237,0.83050269
0.96117127,0.96413970
0.30439821,0.30929348
0.87696743,0.93405366
0.78962493,0.84988165
0.86469913,0.85200143
0.17570823,0.11235981
0.83403069,0.70359343
0.80472594,0.69242609
0.84884262,0.85500002
0.69395530,0.71504486
0.58739632,0.56811988
0.70484751,0.84428191
0.73261392,0.45439693
0.72256386,0.62743056
0.33761302,0.29696268
0.84111243,0.85932982
0.85670727,0.85385585
0.66980672,0.52152991
0.41501525,0.50629544
0.88043547,0.92316020
0.89501590,0.88298571
0.88617849,0.92222607
0.87607068,0.85558599
0.70105809,0.43593705
0.90525138,0.99253732
0.24483909,0.19189817
0.55846685,0.55577368
0.89736718,0.92915082
0.17376535,0.17149614
0.95172298,0.90909094
0.42730078,0.48133001
0.24292806,0.26531985
0.42544919,0.34279943
0.73261750,0.94318181
0.13277125,0.16805555
0.94666052,0.92390758
0.94687212,0.90907645
0.87751371,0.90473849
0.84571284,0.60401648
0.97643596,0.94725490
0.56889921,0.51886147
0.85324460,0.90454543
0.88113743,0.89266211
0.64822698,0.63306081
0.81184590,0.80605441
0.55053699,0.49109986
0.95233905,0.93343937
0.80183977,0.82869685
0.85888249,0.76971161
0.58411795,0.75072098
0.57334310,0.59973037
0.90344328,0.93272662
0.18939874,0.16096221
0.65262967,0.83236551
0.20329519,0.14895315
0.76480860,0.74707866
0.51315302,0.32226485
0.52303475,0.56694961
0.89166170,0.89686990
0.90329403,0.94380414
0.57337767,0.72198862
0.36613187,0.33630988
0.64990073,0.79918033
0.70994967,0.80353743
0.79952252,0.77578127
0.82407433,0.85983205
0.68298846,0.79289818
0.92130995,0.17597333
0.34088767,0.27355328
0.62659788,0.70210099
0.86895460,0.90981239
0.86421013,0.80974191
0.88994169,0.94101930
0.81407893,0.74400544
0.60448301,0.47822964
0.90717322,0.88957387
0.87304533,0.91254580
0.69109851,0.81035084
0.93179196,0.91257709
0.54337227,0.41389197
0.75401354,0.85481483
0.70824093,0.49117348
0.87940431,0.91156292
0.44033358,0.41237518
0.82211256,0.73316973
0.84324229,0.90417427
0.80337536,0.84203482
0.87471265,0.87100881
0.76774448,0.64989978
0.75657469,0.66030031
0.70332646,0.84235799
0.48741654,0.53175914
0.41228387,0.42613587
0.78000069,0.74045897
0.85248244,0.92179739
0.82082176,0.83363283
0.82889551,0.74972790
0.92274225,0.93267393
0.97366905,0.90011698
0.68266267,0.80131948
0.49462759,0.68642855
0.71571285,0.81843573
0.67480862,0.70556027
0.68863249,0.86710781
0.71877342,0.88317168
0.92795116,0.53268218
0.68793106,0.71708071
0.46745443,0.49782473
0.75225502,0.63613039
0.91658241,0.95715326
0.93212795,0.94849253
0.43480825,0.43774909
0.87998950,0.80915117
0.87524456,0.92648935
0.89089638,0.90317327
0.91147530,0.88832200
0.94839370,0.94523060
0.92100483,0.90917122
0.51846975,0.51725292
0.81029016,0.93333334
0.94731128,0.95148885
0.27930060,0.49638805
0.80341840,0.88987964
0.51375169,0.52429187
0.80233145,0.76684982
0.93648410,0.92035741
0.70345873,0.60529757
0.62724644,0.59092259
0.68820244,0.57391024
0.83297193,0.77398944
0.74384022,0.80154157
0.85752219,0.90063465
0.89482599,0.94029009
0.86408836,0.82723516
0.41458178,0.32289064
0.61560470,0.58769631
0.50939560,0.56708324
0.86151487,0.88732040
0.90326905,0.83375001
0.79873902,0.83192021
0.88815331,0.87247783
0.70748746,0.75191194
0.60131669,0.54102367
0.58771306,0.58003098
0.43557400,0.43387705
0.91402769,0.89318383
0.93845803,0.97521418
0.92127389,0.92824352
0.88888550,0.85440701
0.40351495,0.24134728
0.56675375,0.46230251
0.83632165,0.95507568
0.88778478,0.90797651
0.86257946,0.87545484
0.63770735,0.55882353
0.21677235,0.41450471
0.93314856,0.94064313
0.79216623,0.79514021
0.61859918,0.62104017
0.72814047,0.74635702
0.69112998,0.74321967
0.64857155,0.64693373
0.58244520,0.64818114
0.75057727,0.81084216
0.84263849,0.94846493
0.88077676,0.85275441
0.29885599,0.16919251
0.54614210,0.73777807
0.80219626,0.60520834
0.85887361,0.72881877
0.27393728,0.13987172
0.69759917,0.74972749
0.52387077,0.57779288
0.83544856,0.91396326
0.51368439,0.49417111
0.90020192,0.90073121
0.57186174,0.68355483
0.33412758,0.45858580
0.61265433,0.59835202
0.52300060,0.60581255
0.54712737,0.27689710
0.72296190,0.88675213
0.83735067,0.89387077
0.87749773,0.86072850
0.79847860,0.90895396
0.23332620,0.12685186
0.94259489,0.94719952
0.92120135,0.80947930
0.80076635,0.87093079
0.69917232,0.53754151
0.53956890,0.48074982
0.79365826,0.70175231
0.73125315,0.80138272
0.36029777,0.18914123
0.83216619,0.89991969
0.83453298,0.90664697
0.90482390,0.92192310
0.75209093,0.70954633
0.61801165,0.64516598
0.88802028,0.93934959
0.69769901,0.68070573
0.90478879,0.78901410
0.32439399,0.25915682
0.95682847,0.93755049
0.66696668,0.78349674
0.48943201,0.30113637
0.73672587,0.79827219
0.59911120,0.70221823
0.88948411,0.96412265
0.18101884,0.30938494
0.26027736,0.24587674
0.87378013,0.91239721
0.49981838,0.43103448
0.83314735,0.65319914
0.85162246,0.91233766
0.57918614,0.55924815
0.67908871,0.89297050
0.91472375,0.92712766
0.64939743,0.65528846
0.85466397,0.91641706
0.82922274,0.91049892
0.76501328,0.72620887
0.75632769,0.92000842
0.89487505,0.90261990
0.87091082,0.94229674
0.67231131,0.74520206
0.68635243,0.70211607
0.92522103,0.98922598
0.73308337,0.69567865
0.81069010,0.91332501
0.94304150,0.97619045
0.89297897,0.91140813
0.93232602,0.97933853
0.87520885,0.92179483
0.83127016,0.83434474
0.49328688,0.43875387
0.26142436,0.12598751
0.88830578,0.80515140
0.91814923,0.78235292
0.88850373,0.89587718
0.89496088,0.92665416
0.65128523,0.64506000
0.78764230,0.73887980
0.92990530,0.92082554
0.77579975,0.89070284
0.83524251,0.66290534
0.89555353,0.94156039
0.70790428,0.53559911
0.79018104,0.70679015
0.84222734,0.87731093
0.91109604,0.91074419
0.48021683,0.52660644
0.74386942,0.69846857
0.97121441,0.92421627
0.83846217,0.86835557
0.62869793,0.50482512
0.84611779,0.82318991
0.40911546,0.30889091
0.54131824,0.55752653
0.35546359,0.31595987
0.54843372,0.83333331
0.32346481,0.33849600
0.70221001,0.79298246
0.83252579,0.71165258
0.50583124,0.31763548
0.57703501,0.39099726
0.71782500,0.73548859
0.26770329,0.34459993
0.82996178,0.88075078
0.77345407,0.85386860
0.80980086,0.84730196
0.83746022,0.84439600
0.79375654,0.89345825
0.78262383,0.78287286
0.83899522,0.90166646
0.43171334,0.49553746
0.88207126,0.90880620
0.86686212,0.84768492
0.71643561,0.83387977
0.86257052,0.75215387
0.79658628,0.76766616
0.62419033,0.53104299
0.72019213,0.81340581
0.67515057,0.75326777
0.61620301,0.51244235
0.29901528,0.34693033
0.80750036,0.79598188
0.95090264,0.90986842
0.41984749,0.45630932
0.89798772,0.89654469
0.66821772,0.68593282
0.53308260,0.60692453
0.80872267,0.84840775
0.48204961,0.35541871
0.66787034,0.63192332
0.68483728,0.77879041
0.33534247,0.39656276
0.94219661,0.94523376
0.68043345,0.63374132
0.87520772,0.98275864
0.81637532,0.85287970
0.28377783,0.18073878
0.55897129,0.67013109
0.86060739,0.95277780
0.89824849,0.70886618
0.88076216,0.94090909
0.26410288,0.37231132
0.75733489,0.79828602
0.83103096,0.78862488
0.14818831,0.14017177
0.77335745,0.86554027
0.95575458,0.95667285
0.79144979,0.84633219
0.90804964,0.96923077
0.87962139,0.89775115
0.65420562,0.64714241
0.85923481,0.83513546
0.55918747,0.72588235
0.83257800,0.84754902
0.57634151,0.71759260
0.57897139,0.70015180
0.86932254,0.75465667
0.30940378,0.41527238
0.83541471,0.85904509
0.82610482,0.74544257
0.65758806,0.70368671
0.90729821,0.96376812
0.93147534,0.99275362
0.83261740,0.82435900
0.53740823,0.59803253
0.81551123,0.82986039
0.61833161,0.63351828
0.76324892,0.81027752
0.92174911,0.95262128
0.55099869,0.80894148
0.88862354,0.85415053
0.62439263,0.22454269
0.67089093,0.83595204
0.78879654,0.70385230
0.84115827,0.85160822
0.26868662,0.13069455
0.90462321,0.95625663
0.49899364,0.44530153
0.63806832,0.84039712
0.36574855,0.43346915
0.80757302,0.89800197
0.92425209,0.90875059
0.81633234,0.82030994
0.83956730,0.79763937
0.35868120,0.24452288
0.81863987,0.83806610
0.58107865,0.65213674
0.69055790,0.57287008
0.86786270,0.92304611
0.83370245,0.94978607
0.56924647,0.64651471
0.90519941,0.86218202
0.93731380,0.91463667
0.75448585,0.84729153
0.71690059,0.75903976
0.45881012,0.45269471
0.86964482,0.92181176
0.97433144,0.95691174
0.78375542,0.79957718
0.64751244,0.87323833
0.84438598,0.62049538
0.77089441,0.83840066
0.92770392,0.94470590
0.86884570,0.63815278
0.82000005,0.81925821
0.73259753,0.76926482
0.87002665,0.93142217
0.68593669,0.64008701
0.77515399,0.83216071
0.87758934,0.93350875
0.75819314,0.83468765
0.92474848,0.91225690
0.90135217,0.79963523
0.92909765,0.94897085
0.76331413,0.75115359
0.72463226,0.66969699
0.90791440,0.94510549
0.46104130,0.46856546
0.52248782,0.56722486
0.75049859,0.79981911
0.75128454,0.91211033
0.88721585,0.90170288
0.92467874,0.96798378
0.73059660,0.67013174
0.88220179,0.88219142
0.85587257,0.91038436
0.76576138,0.79298246
0.89933854,0.86638868
0.12813075,0.12465912
0.65668064,0.90974259
0.41764423,0.39943701
0.57604617,0.46200973
0.67475784,0.82783753
0.83136487,0.82958025
0.94546723,0.94356018
0.46744511,0.33618388
0.76006436,0.73583418
0.54291356,0.55495280
0.61173999,0.50611144
0.66961527,0.84291822
0.93542355,0.88362384
0.46692327,0.53967869
0.22449020,0.29709384
0.76286930,0.68652040
0.85124612,0.87947094
0.70431256,0.68962061
0.64094943,0.60175437
0.70579505,0.59613425
0.58143461,0.54225522
0.74953109,0.88332212
0.89116353,0.87752408
0.89044988,0.89441079
0.04506665,0.06378902
0.77423215,0.90164453
0.34276527,0.46296296
0.72488338,0.67128801
0.63014549,0.57127637
0.84732604,0.79508626
0.90737468,0.93096691
0.88771760,0.91537356
0.92447710,0.95516568
0.70482117,0.74644977
0.91263753,0.96847826
0.49614775,0.55499166
0.71165884,0.75261503
0.51109654,0.42450452
0.93230796,0.89535546
0.96284193,0.90532106
0.86202419,0.81703997
0.73364574,0.85103798
0.88287884,0.90310782
0.93933100,0.97872341
0.81572282,0.96459067
0.80341864,0.76291794
0.84727329,0.74279559
0.93674660,0.89090663
0.45855564,0.53643906
0.81261629,0.84706134
0.63224238,0.53568822
0.89374810,0.89027262
0.94815576,0.87522280
0.69453812,0.68735337
0.93813109,0.90734500
0.53358656,0.59587657
0.74874902,0.49330035
0.75158590,0.60518789
0.93127638,0.87993860
0.79374796,0.88662660
0.65541661,0.59807694
0.90642041,0.85897189
0.71258688,0.78093833
0.22445939,0.22644928
0.89160228,0.84770489
0.52881747,0.81561995
0.48324853,0.42962953
0.83257824,0.94712073
0.86036158,0.77471656
0.78660452,0.76811635
0.43660623,0.48900464
0.87476683,0.75165170
0.77028906,0.88255924
0.84069073,0.90447593
0.75637192,0.82797444
0.38844636,0.30609041
0.56404489,0.59229332
0.73514998,0.74305391
0.82303846,0.82886869
0.93670517,0.94409192
0.67946470,0.78591627
0.81558228,0.71623808
0.62453592,0.47535211
0.89847231,0.94798648
0.42760980,0.36237374
0.71214551,0.83224422
0.90018249,0.83307701
0.67791277,0.65434241
0.54878229,0.55239666
0.92730421,0.93473929
0.87000561,0.93723059
0.93436372,0.93569988
0.89072627,0.87917340
0.84676945,0.88735884
0.86746150,0.88899755
0.50575566,0.74898958
0.50088668,0.68114477
0.73449361,0.58571428
0.53461313,0.48970768
0.91569793,0.86167032
0.43600693,0.29080674
0.86946988,0.93277830
0.77539980,0.81553400
0.79398721,0.77173913
0.74637705,0.73167789
0.69477201,0.81875646
0.95774841,0.94533569
0.43677321,0.52331150
0.78212875,0.82278323
0.84054619,0.89532495
0.96017694,0.93501192
0.78571308,0.94000000
0.86607414,0.93757176
0.31706193,0.28643617
0.49344537,0.38437003
0.73946780,0.86175376
0.58056563,0.66428620
0.25941482,0.42257217
0.45841143,0.65077490
0.86132598,0.91923076
0.62871110,0.67142022
0.69116217,0.48139769
0.85669065,0.85357428
0.39310700,0.56810105
0.87357426,0.87248802
0.80109602,0.95862800
0.75064689,0.82238585
0.67010683,0.62078261
0.88007182,0.80750889
0.86210382,0.83243144
0.92827404,0.85847986
0.96886402,0.91971737
0.59425169,0.69436836
0.88164824,0.75966048
0.50090474,0.41319931
0.83053666,0.88292122
0.75588387,0.74175900
0.76289409,0.85444778
0.58072019,0.65708536
0.91972697,0.91202533
0.71198833,0.79289150
0.27779615,0.11148074
0.52770793,0.49401122
0.79142874,0.76232862
0.94462246,0.92849016
0.31125546,0.19169508
0.20877251,0.14660482
0.75193000,0.88060230
0.69877559,0.71151268
0.41513771,0.26976076
0.77725822,0.87049526
0.79451692,0.64069766
0.58623344,0.70906752
0.33068767,0.20999916
0.86037022,0.90540540
0.54294199,0.58448458
0.48479873,0.59448087
0.92348582,0.73690474
0.51540768,0.68911612
0.88325590,0.86158252
0.64401835,0.79910553
0.89981776,0.88239187
0.85693163,0.90231508
0.61723232,0.49682686
0.60109270,0.33763418
0.83876336,0.95539623
0.65721399,0.42209944
0.69477540,0.84276849
0.79077643,0.83121246
0.30198315,0.33246276
0.82664609,0.87292683
0.86591905,0.81089091
0.83828986,0.82630205
0.88756120,0.78991252
0.75521380,0.86705172
0.68484265,0.61377645
0.29898760,0.34832197
0.94664162,0.91766828
0.52127707,0.32575008
0.54730242,0.60423815
0.80704057,0.88158941
0.79735529,0.90737563
0.77763486,0.83232540
0.65319091,0.83195084
0.74560159,0.73680902
0.87566060,0.98660505
0.36893889,0.62205803
0.67851090,0.69734889
0.85370755,0.88779718
0.74491042,0.91158903
0.85997844,0.74469572
0.92183304,0.94096643
0.62725657,0.72543061
0.74772263,0.79676998
0.92632455,0.95966935
0.80380434,0.87531143
0.50598788,0.58723468
0.50933284,0.42238268
0.84114105,0.81438857
0.51017296,0.61333448
0.76545489,0.45584652
0.63196963,0.72169811
0.90872151,0.82912940
0.90565872,0.90630299
0.78458601,0.85919821
0.91339082,0.89294875
0.36311609,0.35851455
0.52233881,0.50331545
0.90928108,0.76369637
0.59205264,0.51747334
0.91796315,0.96570659
0.37743139,0.37821880
0.94871110,0.94701755
0.49605268,0.36748573
0.64561188,0.48774403
0.87098616,0.91049600
0.90085834,0.88741851
0.90366185,0.98275864
0.96316451,0.98849702
0.97317016,0.90976351
0.40593800,0.24929525
0.47346565,0.50047541
0.92462373,0.89817476
0.93225294,0.85895091
0.91545188,0.82343489
0.14860305,0.09733385
0.56283844,0.56538570
0.71411240,0.69834185
0.76589954,0.88496679
0.55376387,0.64710796
0.91370684,0.93648565
0.58655781,0.71581823
0.79826725,0.78080195
0.35057801,0.42770770
0.92806882,0.91392887
0.93084383,0.90552974
0.92260778,0.91573662
0.60328156,0.68036401
0.92476285,0.89907104
0.51224643,0.44020849
0.76129842,0.65571481
0.89367014,0.94130152
0.78857678,0.80382884
0.71275723,0.71913344
0.11977008,0.16865297
0.49456349,0.14304200
0.20346664,0.21486166
0.34450611,0.31148237
0.83142459,0.91949451
0.92781013,0.96001065
0.86356151,0.95454544
0.82468683,0.66906595
0.80404133,0.85357368
0.52836096,0.67364585
0.75949496,0.79618436
0.73264271,0.84451681
0.44371498,0.44881848
0.89802885,0.85982561
0.79827583,0.79611725
0.33700651,0.24394307
0.68269831,0.81831789
0.42709234,0.41585678
0.83451539,0.87915879
0.40405098,0.40451533
0.64362681,0.72263235
0.84030265,0.94221395
0.75732976,0.75266081
0.83268434,0.91873604
0.61411303,0.74833596
0.87969148,0.85856056
0.69473588,0.81048852
0.86665440,0.89603448
0.22581007,0.26633644
0.85506409,0.81332099
0.74594581,0.70573384
0.94425136,0.97651005
0.82050389,0.91983503
0.94198328,0.91829187
0.39136308,0.35841557
0.95197535,0.91055554
0.57667476,0.74782741
0.96697199,0.94044352
0.94414675,0.96733141
0.88311726,0.92955494
0.78224248,0.83844447
0.81767762,0.58614844
0.79904830,0.88006818
0.92149454,0.92288601
0.37125206,0.26272455
0.85564846,0.83190924
0.61714804,0.72027773
0.84155732,0.93526757
0.76781410,0.68704498
0.22941138,0.15570776
0.74994493,0.65136182
0.87211442,0.92125106
0.83605266,0.79162019
0.77343231,0.85636902
0.86995167,0.88357931
0.80141062,0.88174993
0.73439723,0.79741377
0.58438271,0.64639425
0.52436125,0.53909063
0.66706634,0.62573582
0.83634692,0.87221742
0.73943108,0.79562014
0.62182987,0.78673470
0.80178845,0.82393950
0.40962413,0.43288681
0.43097314,0.25553018
0.87576437,0.87876654
0.91092581,0.76957691
0.89460832,0.74898672
0.64819640,0.41086957
0.40917820,0.34485158
0.49971086,0.53546131
0.81568116,0.96666664
0.94388562,0.95023924
0.72399431,0.87311041
0.91139251,0.91178250
0.83913034,0.83515948
0.60399467,0.58434588
0.95953399,0.89346659
0.98200089,0.98982012
0.94100261,0.87994564
0.86813104,0.76127243
0.87256300,0.85837102
0.96055341,0.91895425
0.27108839,0.24012481
0.76461905,0.84508663
0.88393390,0.87620687
0.75360012,0.54030800
0.79226506,0.76951873
0.89426595,0.97838503
0.90804249,0.80167454
0.73273289,0.57442808
0.67830551,0.77140731
0.88288593,0.81005025
0.80190104,0.85648358
0.89465594,0.86341697
0.85721189,0.77339107
0.89109892,0.87987375
0.19044700,0.11469042
0.87284923,0.88720489
0.93664366,0.93778312
0.71640497,0.69335526
0.90921652,0.93119937
0.83918756,0.89935899
0.90418315,0.88697916
0.69366926,0.75230956
0.75917000,0.73787737
0.94252002,0.95592654
0.71089250,0.60129112
0.91119868,0.97611338
0.90985978,0.90174145
0.87635386,0.89140624
0.50106633,0.66635603
0.73070425,0.80292118
0.81322944,0.74788964
0.94562125,0.85470283
0.73378628,0.35770595
0.59605169,0.59154373
0.82338607,0.82882243
0.88836873,0.90482342
0.76669836,0.59700030
0.89163756,0.89153439
0.94218272,0.97311831
0.62935072,0.53575748
0.25317490,0.15808170
0.79992938,0.71256495
0.83125341,0.87203765
0.67922735,0.49895087
0.69286275,0.56250000
0.58776993,0.52228165
0.74482405,0.83328664
0.72812372,0.80661660
0.92236441,0.93434107
0.55190653,0.64884073
0.70584744,0.75838923
0.01169225,0.04953431
0.89661521,0.85798162
0.86009228,0.80806857
0.91186863,0.93983078
0.51665735,0.50126493
0.87058192,0.88039112
0.88537270,0.94798410
0.80629188,0.87687516
0.63389647,0.58634460
0.84717363,0.91057914
0.49864006,0.48184818
0.54386985,0.33665380
0.86357850,0.85242832
0.92038649,0.90735292
0.39989334,0.40943256
0.43501967,0.44473892
0.81559181,0.81955886
0.81609946,0.83082032
0.92913419,0.91540599
0.37819251,0.37155995
0.30144241,0.13041443
0.69454509,0.67618191
0.88647091,0.93599880
0.93615019,0.85991228
0.96178818,0.94861281
0.84807986,0.77751720
0.78529167,0.61105484
0.83786887,0.89774948
0.71237993,0.34511524
0.93166494,0.87132150
0.89813155,0.94743907
0.58252525,0.61226863
0.77787554,0.80778700
0.95984769,0.93322879
0.95584148,0.97222221
0.34844938,0.42358845
0.91596627,0.92842150
0.85482359,0.87963533
0.90089673,0.93257427
0.91022807,0.84153783
0.87810946,0.93129760
0.62325913,0.68185139
0.84258783,0.94208270
0.65660459,0.69028759
0.90748245,0.85408163
0.54011542,0.73607951
0.89093649,0.88519126
0.55109644,0.50528187
0.70655590,0.84792101
0.83048707,0.75366879
0.56906539,0.50658047
0.79145396,0.64404887
0.86531585,0.89263630
0.53096491,0.49252614
0.76855791,0.65751696
0.69692647,0.58521760
0.63677067,0.70898658
0.97045523,0.94868690
0.71565092,0.79000568
0.77466810,0.87812442
0.92108548,0.90679687
0.85740364,0.93229169
0.56019926,0.40523237
0.71925950,0.86327744
0.88226819,0.69556737
0.68997711,0.80346686
0.65544862,0.67167324
0.91940558,0.82744044
0.73631018,0.75187397
0.43477148,0.57973754
0.91155851,0.96288943
0.86533135,0.96245849
0.93738240,0.97161305
0.91625291,0.92712247
0.86555940,0.83955443
0.56454492,0.59445947
0.72198910,0.79835540
0.83813936,0.85104710
0.87538046,0.85698450
0.67868716,0.75783801
0.56329256,0.68147451
0.74994540,0.68763447
0.85655272,0.86583000
0.84565437,0.83552742
0.91853458,0.92595226
0.77037024,0.80328435
0.76614952,0.76440734
0.65982193,0.48274773
0.66012806,0.85425282
0.27728426,0.35217968
0.85510260,0.95604396
0.64619744,0.57052928
0.84488672,0.65849674
0.96366972,0.97115386
0.61898977,0.51422232
0.90029806,0.94842172
0.90431476,0.86075163
0.91528296,0.97244149
0.89131969,0.88086736
0.01895502,0.04580267
0.71958047,0.71991873
0.80669296,0.90789473
0.93940085,0.83249384
0.90486598,0.88196427
0.88249207,0.86628664
0.84949970,0.91282797
0.87918562,0.91710097
0.81580412,0.81452864
0.74861282,0.67801344
0.79874444,0.47775811
0.85266322,0.80510753
0.62784451,0.67446810
0.89756858,0.84147245
0.94740951,0.93378329
0.85557795,0.84296876
0.76802623,0.73563290
0.52430499,0.43004099
0.09948200,0.11223690
0.51035839,0.57947791
0.93263292,0.94054466
0.94324297,0.93813747
0.95628810,0.86860120
0.55081385,0.62798101
0.94103444,0.95646960
0.49701717,0.47371379
0.71000171,0.94417387
0.89928281,0.96932012
0.65123081,0.56598759
0.77248204,0.80576950
0.38260952,0.33701411
0.72896421,0.69234240
0.90860379,0.84282053
0.33771294,0.26069599
0.48678675,0.73901176
0.83903080,0.93899584
0.75791943,0.60856491
0.20393988,0.14977884
0.82091248,0.89643747
0.91171086,0.84919506
0.77973628,0.78197366
0.80562598,0.84337187
0.69373727,0.62717295
0.62117469,0.77907377
0.82966745,0.85116220
0.53808415,0.62323946
0.68741584,0.65485609
0.98095083,0.97540987
0.91232872,0.86293226
0.71871781,0.81600612
0.53982276,0.47790524
0.93977952,0.95002931
0.95980209,0.94913703
0.55242771,0.58176565
0.85805392,0.90195483
0.70787442,0.50837183
0.53481281,0.54774100
0.48696008,0.57565135
0.62186211,0.80611110
0.50991911,0.39445871
0.86219454,0.96013117
0.12747809,0.19643602
0.96125543,0.96178591
0.51306397,0.24278516
0.93089277,0.96150458
0.83244735,0.83796620
0.87481612,0.92015117
0.85676712,0.94868141
0.68480778,0.59982920
0.79640430,0.76569235
0.87093180,0.88745636
0.91042995,0.95939767
0.35361013,0.34010842
0.75961280,0.80897957
0.77865672,0.89536291
0.43509313,0.32583460
0.80387789,0.71392745
0.95416528,0.95888788
0.87964326,0.88028204
0.87576866,0.88586742
0.76599270,0.68154299
0.91986352,0.94550353
0.86312693,0.94453758
0.75611335,0.73705500
0.92078197,0.90509939
0.36203977,0.17494252
0.73035687,0.87989235
0.58996785,0.68179667
0.61940670,0.79959714
0.66590124,0.59616596
0.87450367,0.84470910
0.91335064,0.99497414
0.31674907,0.26573077
0.94024384,0.96437126
0.88795364,0.87511498
0.78376257,0.63227510
0.75697649,0.80413121
0.88587415,0.87317926
0.79877353,0.71612072
0.84884149,0.87742949
0.69357198,0.84252799
0.89047354,0.88625824
0.62014067,0.70597845
0.82216918,0.82569063
0.28651077,0.28093535
0.44009390,0.45139080
0.75306559,0.85651290
0.26782408,0.25443321
0.89505082,0.87771767
0.86392695,0.92113006
0.84327930,0.78771532
0.52970862,0.56883347
0.79132169,0.68409812
0.55560231,0.51866502
0.84723401,0.89704436
0.82957798,0.64072943
0.89276898,0.97974503
0.77834624,0.83071285
0.82510197,0.84090102
0.38945284,0.29403645
0.77306676,0.77840394
0.70348781,0.76021636
0.70890325,0.78524214
0.85056645,0.89633226
0.93383282,0.94120151
0.78193271,0.87318563
0.81863511,0.82413101
0.88597381,0.95733041
0.87210912,0.90329397
0.20864199,0.11286988
0.43239310,0.44786826
0.69423980,0.70078200
0.71868509,0.70576924
0.65826106,0.77261633
0.75413865,0.51436228
0.64266926,0.64331055
0.57129568,0.77381706
0.83974558,0.94997269
0.78193837,0.57921028
0.87770319,0.96609181
0.76947629,0.83745748
0.82372528,0.87462234
0.88970870,0.86753249
0.84673125,0.90942913
0.87905109,0.92438066
0.85560542,0.81891280
0.87051690,0.91215152
0.79326659,0.70312828
0.82577246,0.81175274
0.88386893,0.87305474
0.89428771,0.89770633
0.59091723,0.50900257
0.41336158,0.54919863
0.85528886,0.99425286
0.87986130,0.90091950
0.85518533,0.80878663
0.79992843,0.83850265
0.74122953,0.74399853
0.91807127,0.92098033
0.49946222,0.62598270
0.85957783,0.76550871
0.92636353,0.87920874
0.20834488,0.25909430
0.79548067,0.76881856
0.94714665,0.92859668
0.76352429,0.71317309
0.68375415,0.77956986
0.72325987,0.86996698
0.61832577,0.45161444
0.89137578,0.98084825
0.86874205,0.84113801
0.84308875,0.84279549
0.85489434,0.70817608
0.35645264,0.44838309
0.81803209,0.85638946
0.75590086,0.99642855
0.91744775,0.95770979
0.84263426,0.87345171
0.68569326,0.73427027
0.84722149,0.84351897
0.90110421,0.92926937
0.93409705,0.92618775
0.49328399,0.45971575
0.92364842,0.90075141
0.83564639,0.82073301
0.87830514,0.90561372
0.86868519,0.84722221
0.83677095,0.92095351
0.93106192,0.88191885
0.11908977,0.07497706
0.28628829,0.14390244
0.89017135,0.84716874
0.94147813,0.88255036
0.75423568,0.85113996
0.90349364,0.94928300
0.76570725,0.73880899
0.51308465,0.62105978
0.78076780,0.81262982
0.63060969,0.55583185
0.87035829,0.88450295
0.49900633,0.43947282
0.89679098,0.93605608
0.71209240,0.74731505
0.52181143,0.60952902
0.57395577,0.71591765
0.90395719,0.90945148
0.53886986,0.61156446
0.63931519,0.66399556
0.81199467,0.82773900
0.61142027,0.99888641
0.81963909,0.80901307
0.77499902,0.83635467
0.71593690,0.62672049
0.65407568,0.62334055
0.87951112,0.80335766
0.67137045,0.57727122
0.67213148,0.69110304
0.76779163,0.87603253
0.50609076,0.62082064
0.69468194,0.60234964
0.31372249,0.31594202
0.41404638,0.45400271
0.63294858,0.73377436
0.64391714,0.54876393
0.46297678,0.67029285
0.82589191,0.89851618
0.85480350,0.70219976
0.72069436,0.79977137
0.78267431,0.75698471
0.80596918,0.80296588
0.90492076,0.98493630
0.57063335,0.73153740
0.88329542,0.91952467
0.83597118,0.74732560
0.22972715,0.27417654
0.75352556,0.90460300
0.56417888,0.61332309
0.77958053,0.90574151
0.91847646,0.93852460
0.42361212,0.41883275
0.46102509,0.45576829
0.53100371,0.40355298
0.90158474,0.90396249
0.85712737,0.87063295
0.29768646,0.24686849
0.93346608,0.90374649
0.90179086,0.80468750
0.82082933,0.92537314
0.79296374,0.82373244
0.90003347,0.90890688
0.37560183,0.41073257
0.90798122,0.92492646
0.85752660,0.89233661
0.78287029,0.75138891
0.87343812,0.78554803
0.71807194,0.68115872
0.53736955,0.59684193
0.80334628,0.34331059
0.95409477,0.95993030
0.88875139,0.75191104
0.85201317,0.92942840
0.04001915,0.05887888
0.84261602,0.86328375
0.93814760,0.92137265
0.94471127,0.94824338
0.93927461,0.92727274
0.41412640,0.44329169
0.21306592,0.16621801
0.79779249,0.81493509
0.74393660,0.77093369
0.63193953,0.36946368
0.93396872,0.94431466
0.78006363,0.86139697
0.55721366,0.71845347
0.48806077,0.42334017
0.84930640,0.88576943
0.91449928,0.98041666
0.83447969,0.89055043
0.43441489,0.45699394
0.45829982,0.43135002
0.72020984,0.56313431
0.63615680,0.65316665
0.81710505,0.88094515
0.79173666,0.81349206
0.64863068,0.69447440
0.51458734,0.53202736
0.35115132,0.19074610
0.56164044,0.62072283
0.74423671,0.62310362
0.20478900,0.17857143
0.93314999,0.93130344
0.40205571,0.26686859
0.45639721,0.41347429
0.58949035,0.34925410
0.96287173,0.92120683
0.64058107,0.71532255
0.75991321,0.91563803
0.37553886,0.36190981
0.59698302,0.68842268
0.69153434,0.75373417
0.92656869,0.91406190
0.68094283,0.61812866
0.87757796,0.88348532
0.96148711,0.96102065
0.74967933,0.76305968
0.83359694,0.93243456
0.78281152,0.88182276
0.76044482,0.68118411
0.77028525,0.86943781
0.92888230,0.93299937
0.58426225,0.82679921
0.82453638,0.90753287
0.69483268,0.56599897
0.78423727,0.58724594
0.93074435,0.93863815
0.86710817,0.78259116
0.87738669,0.85712564
0.91679406,0.94747758
0.95441043,0.93136072
0.27841473,0.38836405
0.67245495,0.83414632
0.84075528,0.81010693
0.83566350,0.73488325
0.67618412,0.91078430
0.88665879,0.95604217
0.49535388,0.61352813
0.45721906,0.28458738
0.64854771,0.64388865
0.38556451,0.31385612
0.69802654,0.58470148
0.93125230,0.90445155
0.71221811,0.73867559
0.87844855,0.86246496
0.25812247,0.37729108
0.81456214,0.66213691
0.77292681,0.78770852
0.40111563,0.38212597
0.23019344,0.21620715
0.59068173,0.44405919
0.86651725,0.88106066
0.78146702,0.77390367
0.82283640,0.82036614
0.84977806,0.80996716
0.89242858,0.85842067
0.91429490,0.90472430
0.77464235,0.40315506
0.67357540,0.60859418
0.75516385,0.73751736
0.75339586,0.73597103
0.85610062,0.80103737
0.84067184,0.83284163
0.24256282,0.27266225
0.69395697,0.60189211
0.67785978,0.84333014
0.94453597,0.97828609
0.84235412,0.78776121
0.82349801,0.74959815
0.72226322,0.84598929
0.77688318,0.80587584
0.79104245,0.72466218
0.82014370,0.88078433
0.92780071,0.93350166
0.56337225,0.39687431
0.59097379,0.53868902
0.46667615,0.39282146
0.42022377,0.46381423
0.87205780,0.91736388
0.77700281,0.81108958
0.73203236,0.69661492
0.57620305,0.62597948
0.91928017,0.80019981
0.51100367,0.47633147
0.75560695,0.84880120
0.85504055,0.83789790
0.57384163,0.67357653
0.78597713,0.72186613
0.58068818,0.51307732
0.68164337,0.77973855
0.29319015,0.34047765
0.49957561,0.55808079
0.47471461,0.41156632
0.46708265,0.51598209
0.91782016,0.89465147
0.75972897,0.84753376
0.62770468,0.70289034
0.94256699,0.94705653
0.84044546,0.92244416
0.93754017,0.94948977
0.75500631,0.63704205
0.84857154,0.88767505
0.45731503,0.44295454
0.85624236,0.91778165
0.93998724,0.96724421
0.90183240,0.71548676
0.59021139,0.70466030
0.92421001,0.96487606
0.64798290,0.69793046
0.83978993,0.83635980
0.96381950,0.95140678
0.72270930,0.73388773
0.33942446,0.30173033
0.92185575,0.91107738
0.84170765,0.84156317
0.73090369,0.68461519
0.82215387,0.82612556
0.91211981,0.90076631
0.59601372,0.57860386
0.93851590,0.89237136
0.85540843,0.80948132
0.81319898,0.63861454
0.41487244,0.38626665
0.61028790,0.52671957
0.78584570,0.87913013
0.94537389,0.95767272
0.83533633,0.86352932
0.55030382,0.33011273
0.88011336,0.94629246
0.95613497,0.93036580
0.95040756,0.91126776
0.92034125,0.97853369
0.53740126,0.64231008
0.84441942,0.78312474
0.94522285,0.96205503
0.90353006,0.91715837
0.79481894,0.68434751
0.87042820,0.88573885
0.87505680,0.89452815
0.29785016,0.26408178
0.51194888,0.52276689
0.87632507,0.91676831
0.56129748,0.59834677
0.87756896,0.62980771
0.84134823,0.84498233
0.96789652,0.97385532
0.69940531,0.71306640
0.74981695,0.85761565
0.40934232,0.26958776
0.88983095,0.88651258
0.93701637,0.97886825
0.86013240,0.88575268
0.79466373,0.81904554
0.80117208,0.85631067
0.90336651,0.78633600
0.43072134,0.53611565
0.53263557,0.52867132
0.79792559,0.58175290
0.90858024,0.74276859
0.27451101,0.16462965
0.87810445,0.93084574
0.88087189,0.92125493
0.71451110,0.86562502
0.50754881,0.52665967
0.69227833,0.76739419
0.80895019,0.86697251
0.91560608,0.90608108
0.18596609,0.21021059
0.75457305,0.71524066
0.77250195,0.82290912
0.66448706,0.77031821
0.74228823,0.79810995
0.75000232,0.51792771
0.56351811,0.67713457
0.65680021,0.73488283
0.84245175,0.88671398
0.90124226,0.86932921
0.45656523,0.45771959
0.61102909,0.53966188
0.82513970,0.88286805
0.82078218,0.80708271
0.74650913,0.92190522
0.84352106,0.70137870
0.70022863,0.84829384
0.90276319,0.83466822
0.81282991,0.71924812
0.88145739,0.93329918
0.55128616,0.76857030
0.55925000,0.55803180
0.92331523,0.88090771
0.89293671,0.84025007
0.94570214,0.91762823
0.88380867,0.86246240
0.55254805,0.51923591
0.55599815,0.53985041
0.47840032,0.41860464
0.90092623,0.74591571
0.73950076,0.71431565
0.80666572,0.85822320
0.82045609,0.86392111
0.84144878,0.84782684
0.48393780,0.31394839
0.69221514,0.64767081
0.53225714,0.60114735
0.78663355,0.80974412
0.34624571,0.37164414
0.54395264,0.46460047
0.82497036,0.84319019
0.33121699,0.16497388
0.94085652,0.94478381
0.59695274,0.60501510
0.74942625,0.81430602
0.86418658,0.85963488
0.53967786,0.52581948
0.72759736,0.90674686
0.61948192,0.59478402
0.74144995,0.84960896
0.72712958,0.80011517
0.23531197,0.29427531
0.85002130,0.88049716
0.90604854,0.94305301
0.67050695,0.88107681
0.78098273,0.66533875
0.92923123,0.92313504
0.59592003,0.73524374
0.88907617,0.86621511
0.95020187,0.93106729
0.61137033,0.47980279
0.89492565,0.83803141
0.90698928,0.86684155
0.83317810,0.88924634
0.74141616,0.68040210
0.79029846,0.81234568
0.33932704,0.34900808
0.85654843,0.93970716
0.88343710,0.92941880
0.73611891,0.80512625
0.85268563,0.91325521
0.86212897,0.74869227
0.42657861,0.21674128
0.78523940,0.95140427
0.76310492,0.76357943
0.67337036,0.73503256
0.87134582,0.93443501
0.55681717,0.43088040
0.51409221,0.61491698
0.15796097,0.20233637
0.73702401,0.93137479
0.79573363,0.88597447
0.80007905,0.82273108
0.94454753,0.95281094
0.92690861,0.95226735
0.78472322,0.78538090
0.91709363,0.94541657
0.90939993,0.90407228
0.58910048,0.57378972
0.87195653,0.81096095
0.91510117,0.94468367
0.85729593,0.91102755
0.69504714,0.65889424
0.50019538,0.55896705
0.25395286,0.25727087
0.50325084,0.55153459
0.61192518,0.56407166
0.54369974,0.62411201
0.55984104,0.44689736
0.69141191,0.89418244
0.72982359,0.74401551
0.92930382,0.91926515
0.41862920,0.48811969
0.70923781,0.60936344
0.86954218,0.96453899
0.87362367,0.94567049
0.43484983,0.58518744
0.68146509,0.85896105
0.88037413,0.92436975
0.70829356,0.76619637
0.49679101,0.37865728
0.68947655,0.53696579
0.85867566,0.68268484
0.60809845,0.54181010
0.82087612,0.86332214
0.50363153,0.63521641
0.80305994,0.87784016
0.87499565,0.94144881
0.62063736,0.56423545
0.90115583,0.88804388
0.84376222,0.90700543
0.93983352,0.95015210
0.50357300,0.62058789
0.69847339,0.79883087
0.80283600,0.92123985
0.27854696,0.29284340
0.54137349,0.65918279
0.95005679,0.95156682
0.75213981,0.83087158
0.67151433,0.55090457
0.90300816,0.89478815
0.72511578,0.71079355
0.27551553,0.29572579
0.85129982,0.90395570
0.75834668,0.70062238
0.45921546,0.42544800
0.16733707,0.13499986
0.50057667,0.59261674
0.76703858,0.83686870
0.66706938,0.71431649
0.77923381,0.80535322
0.51741433,0.44080490
0.66110742,0.68046820
0.89340246,0.88211900
0.84913260,0.92337251
0.76643306,0.90806741
0.55192435,0.42550504
0.80694872,0.81607956
0.71146458,0.75267017
0.45989016,0.54109889
0.52520812,0.64185476
0.59171325,0.78316742
0.80678791,0.83877629
0.81935114,0.80120999
0.88631743,0.89555258
0.84448576,0.88730419
0.74022311,0.89329320
0.92141247,0.86925638
0.91146225,0.90426528
0.41519558,0.32794622
0.57092911,0.72307694
0.72175652,0.78880227
0.55173475,0.69225228
0.73500663,0.49802372
0.90257239,0.94826311
0.69459671,0.65071899
0.75704819,0.69458610
0.86534959,0.91751724
0.67025602,0.60509634
0.73988742,0.72117525
0.61240339,0.51230520
0.88371217,0.83057493
0.85713810,0.62790275
0.65739918,0.72464728
0.70217007,0.60357124
0.86884564,0.57811230
0.55705297,0.76451755
0.65176117,0.65460360
0.88955957,0.91930300
0.71322888,0.41803375
0.79909521,0.91481394
0.62500322,0.57398993
0.44562030,0.30924433
0.62658805,0.72230905
0.54593176,0.49731249
0.83180702,0.73707688
0.84495795,0.87325001
0.73642659,0.81795913
0.69857353,0.80513459
0.89632642,0.90945530
0.46818212,0.66351891
0.83601761,0.83636242
0.81265754,0.81954020
0.93992513,0.93428570
0.66299701,0.72480237
0.97370005,0.95489550
0.85392982,0.97859430
0.63647795,0.76543307
0.87843049,0.88159877
0.65591985,0.66364735
0.68828493,0.66201407
0.88417941,0.81898528
0.94768947,0.90554053
0.91466254,0.90113240
0.28744084,0.20370160
0.46156612,0.31864753
0.27248228,0.22531345
0.46381950,0.56835264
0.75576967,0.89218456
0.90935206,0.91149521
0.44861293,0.43312377
0.74571580,0.41225928
0.74188548,0.85576922
0.88677597,0.72041112
0.78231841,0.84452683
0.82489908,0.82641959
0.83822477,0.87013572
0.62199503,0.40221089
0.85110772,0.93004912
0.82656485,0.94750637
0.52867728,0.42811745
0.95680445,0.95471442
0.85058546,0.91122085
0.42694944,0.51083529
0.47991583,0.27325070
0.60352564,0.48874459
0.49239483,0.53219175
0.88492888,0.91258496
0.40975842,0.51421547
0.41257620,0.16824375
0.90833688,0.95793831
0.84163374,0.87224317
0.30776492,0.35857671
0.78061652,0.88580358
0.66429234,0.65312827
0.47691268,0.45671040
0.78426367,0.84324133
0.90836412,0.91488916
0.53458166,0.43936557
0.96041232,0.96191794
0.39518443,0.36642864
0.95758092,0.90795249
0.91351181,0.92329091
0.83791035,0.82083333
0.96923000,0.94758064
0.46375108,0.37408519
0.88535184,0.87000698
0.78551155,0.88083166
0.88566989,0.88705063
0.69003594,0.59842324
0.68317574,0.60643572
0.83857608,0.83627653
0.43490073,0.39646974
0.96331990,0.90601200
0.64842802,0.48900181
0.89157820,0.87262613
0.65973079,0.70908070
0.82638973,0.75484210
0.74807125,0.77926588
0.64079124,0.75887817
0.50297773,0.24975027
0.50911027,0.61219209
0.92788678,0.95826328
0.94773370,0.96291733
0.58678663,0.49350649
0.85427481,0.75180954
0.59518391,0.55396414
0.93744016,0.92468077
0.82185596,0.89616227
0.88380146,0.87778515
0.88271254,0.94268423
0.42555243,0.69172472
0.93494368,0.92317021
0.67335248,0.62751853
0.70311481,0.68234134
0.66780579,0.72234392
0.44660366,0.52153915
0.52111256,0.48065290
0.87121928,0.90427721
0.93464023,0.92455280
0.84858841,0.86911076
0.61004269,0.60090137
0.71560836,0.78461540
0.86846340,0.94017917
0.87304676,0.89266616
0.88728869,0.92072195
0.89039743,0.86983883
0.51565725,0.66580093
0.87160987,0.77782387
0.80364287,0.91726822
0.87951976,0.89858943
0.63541645,0.89878005
0.47012764,0.56363636
0.83007753,0.79968596
0.70528418,0.68719727
0.87085253,0.85790408
0.89691287,0.90293932
0.85631359,0.95863920
0.48249623,0.36549816
0.91043788,0.90652174
0.83156472,0.81130463
0.86713457,0.69390404
0.86072600,0.86177069
0.78131276,0.66614151
0.09149294,0.10867411
0.81837434,0.83432090
0.34237349,0.27899492
0.91818482,0.93369395
0.66205072,0.76367360
0.50653845,0.52248341
0.67755908,0.70664138
0.47418374,0.47202370
0.73204172,0.72612965
0.93924159,0.89943314
0.38480705,0.55499828
0.83862197,0.89636755
0.83885944,0.75809509
0.70070118,0.63974792
0.73413622,0.78104293
0.84147722,0.88610148
0.93128324,0.93431371
0.77870578,0.83934772
0.65717542,0.71283698
0.88284343,0.89842480
0.58878857,0.54730159
0.63590616,0.43214285
0.54755414,0.35497200
0.56418628,0.52035463
0.25814039,0.16419658
0.31705168,0.40966952
0.76068461,0.61902410
0.58352834,0.72706509
0.88386536,0.90523183
0.81360984,0.81309521
0.67871338,0.62879652
0.77323711,0.82935148
0.60281092,0.72596747
0.84758407,0.78171802
0.69229811,0.76299530
0.84292048,0.91868389
0.22712484,0.25794923
0.92846185,0.94805503
0.71024764,0.54948288
0.92977256,0.96323186
0.71208781,0.70808846
0.81260109,0.74844444
0.84823912,0.82007611
0.82709163,0.84158826
0.88397390,0.90366298
0.82571834,0.79571223
0.88524610,0.80758429
0.69659156,0.79464287
0.32684016,0.39908019
0.79703832,0.73734641
0.30929223,0.07455605
0.32667169,0.17020099
0.89346433,0.93589354
0.53289926,0.63321871
0.77777630,0.80233514
0.66780031,0.67605603
0.93051451,0.91330028
0.77431339,0.71992844
0.95350522,0.91117382
0.50661397,0.47939801
0.83284700,0.85910517
0.61093062,0.56120360
0.65640551,0.99609375
0.82652736,0.82705593
0.32068694,0.31308284
0.90809506,0.71998125
0.60396266,0.61743915
0.79896945,0.79744208
0.84206969,0.80658859
0.82477838,0.86582166
0.81611478,0.94588816
0.62866062,0.67820317
0.85520113,0.86383486
0.71751165,0.55416667
0.70063436,0.64915603
0.77914268,0.77142859
0.67886627,0.55404264
0.70372885,0.72441417
0.79141408,0.84533483
0.56909961,0.71924734
0.82085228,0.87103897
0.78641450,0.86925709
0.87095761,0.89299560
0.86012012,0.85965991
0.94601655,0.96687371
0.88453698,0.87602341
0.77122569,0.78267020
0.77421021,0.90069497
0.90901220,0.88417375
0.69183666,0.69139767
0.83846378,0.81770831
0.67375678,0.67526495
0.44684952,0.52850091
0.78875631,0.81791282
0.68721670,0.61894262
0.84556103,0.91690284
0.50207615,0.49491447
0.75211245,0.82243747
0.75283182,0.62001604
0.76761800,0.76807755
0.56017959,0.42000598
0.65384150,0.63359320
0.82457018,0.92971718
0.78969133,0.57530427
0.82191551,0.80952382
0.90627879,0.92160279
0.87054902,0.84482759
0.83953178,0.84970713
0.63536447,0.28383347
0.92564523,0.88441843
0.68300724,0.69579417
0.34256202,0.22469424
0.89143205,0.82103914
0.83565837,0.75675434
0.72957939,0.65243727
0.88172126,0.88136077
0.72527891,0.85177046
0.86685324,0.89009333
0.91965550,0.81751615
0.35392466,0.26774266
0.65419269,0.70526057
0.75866020,0.83430231
0.56566310,0.62772018
0.83273089,0.85244316
0.58771074,0.57725251
0.40319330,0.29824492
0.55814332,0.61118960
0.84957135,0.93584907
0.87103575,0.93856561
0.51223636,0.36630476
0.52035052,0.58595842
0.43686625,0.38987574
0.83407569,0.87111205
0.81879252,0.83429378
0.91821313,0.41153699
0.91791034,0.95909977
0.93307167,0.92901236
0.51895678,0.61069566
0.87411761,0.89789295
0.70953345,0.74303269
0.87695271,0.85485041
0.92452955,0.88345087
0.36918765,0.27619258
0.82854319,0.95724529
0.85457176,0.83617675
0.43721190,0.49744982
0.94971752,0.94597828
0.85119450,0.87699610
0.91183335,0.94724703
0.88741547,0.90196633
0.86159468,0.92557651
0.71621680,0.73717207
0.54976183,0.69321382
0.95926124,0.94005603
0.90069908,0.88258708
0.91968131,0.90425348
0.91071939,0.88550907
0.42729512,0.45869714
0.87246203,0.88097888
0.29508829,0.25123823
0.95025867,0.92153847
0.90523940,0.94516450
0.62628978,0.57412654
0.88406926,0.87704951
0.93873066,0.96241832
0.79180980,0.82477778
0.34972620,0.29932868
0.83063245,0.69225293
0.47705534,0.97664815
0.84185636,0.90223086
0.53177845,0.60148513
0.67294729,0.79319382
0.83811641,0.78682846
0.75423002,0.89248890
0.64068609,0.35644263
0.74720120,0.80514705
0.81508934,0.84663057
0.60503972,0.65003949
0.86619908,0.64214063
0.67901367,0.59708977
0.42666927,0.20019954
0.86378533,0.88225627
0.25321001,0.15344574
0.91105044,0.92121214
0.81702656,0.67571312
0.83290172,0.76544768
0.93582314,0.97370946
0.85531241,0.84361732
0.75062013,0.82224995
0.46038657,0.37674493
0.86892939,0.90007275
0.87173659,0.89105046
0.88857430,0.96345901
0.89723307,0.87839490
0.73566884,0.71089637
0.91647375,0.89089328
0.73148423,0.75335133
0.91253871,0.89259034
0.15854338,0.06829837
0.86468863,0.94404960
0.92356002,0.96098900
0.43824244,0.62072366
0.67200774,0.48020723
0.69085324,0.81188536
0.85892743,0.89475161
0.90168917,0.88479143
0.88721555,0.85508496
0.89210367,0.92049551
0.64665753,0.63504386
0.83500916,0.84325689
0.93201101,0.86173087
0.74413031,0.84849393
0.51167893,0.45001563
0.86408341,0.87728935
0.93205303,0.88124722
0.56649184,0.52454460
0.57357758,0.55092359
0.90994656,0.90826315
0.78485841,0.78231227
0.77775764,0.89741707
0.84227699,0.86492676
0.48938096,0.15921940
0.41905874,0.29984215
0.61765444,0.43859890
0.95718765,0.99230766
0.76627409,0.84102565
0.28251225,0.17442191
0.60669011,0.70329672
0.42856300,0.40908498
0.46573994,0.40095246
0.48459232,0.48571542
0.55329418,0.49918452
0.93945187,0.88721877
0.41137213,0.08909262
0.82212937,0.82946324
0.80098999,0.75512242
0.93009800,0.92004907
0.91143245,0.88721830
0.59933805,0.53965944
0.96612817,0.94276226
0.86739570,0.85317880
0.75639272,0.90883893
0.60096568,0.61259478
0.35789624,0.41220814
0.61976826,0.76328313
0.94916767,0.94481438
0.72790271,0.82163745
0.76203406,0.79190278
0.11614357,0.14329004
0.63728541,0.54568022
0.84189111,0.91237390
0.67202711,0.64533132
0.91904861,0.89040375
0.20026046,0.23491916
0.78771198,0.70512819
0.93661118,0.87333721
0.62362635,0.50275481
0.59392756,0.41492388
0.67606413,0.83216679
0.86338252,0.84765434
0.84142464,0.87943816
0.95922065,0.91746032
0.75971079,0.84982634
0.80569088,0.68396997
0.77041948,0.84090906
0.77381897,0.70183557
0.64520949,0.77616769
0.90687388,0.94641560
0.55221480,0.61118776
0.59553748,0.68366092
0.39375362,0.45492229
0.86204571,0.80246884
0.65618205,0.71277618
0.80877781,0.86717635
0.71123427,0.76205230
0.96148086,0.96383440
0.41846067,0.43993151
0.37777054,0.38756835
0.94470775,0.91624326
0.35847121,0.31154683
0.76881957,0.91513997
0.93366361,0.96767455
0.26853153,0.18740541
0.72482967,0.66513056
0.32491279,0.25474322
0.95542514,0.94279474
0.87626010,0.81180859
0.94265062,0.94845963
0.91240352,0.97481686
0.32534528,0.18055958
0.46761510,0.19880952
0.29672736,0.38651857
0.70928252,0.80794996
0.76580232,0.82167602
0.92748290,0.96399838
0.79315734,0.84096026
0.78623581,0.85861164
0.76422751,0.65253198
0.39953470,0.45501372
0.45775601,0.42889556
0.90244502,0.92932373
0.61875451,0.59381235
0.86734378,0.91048646
0.91506493,0.92507005
0.92701787,0.88690591
0.18470418,0.23253667
0.91553885,0.92717087
0.75416332,0.90045935
0.88166243,0.93431395
0.77479351,0.90154886
0.73918754,0.88411397
0.39475176,0.43741089
0.83623141,0.83839709
0.88070548,0.91226202
0.24846289,0.31578946
0.40081096,0.40491804
0.80503738,0.93180543
0.91488397,0.88696444
0.91268289,0.93975824
0.93060833,0.95710742
0.89519733,0.93605047
0.91105866,0.91082805
0.61377704,0.60890597
0.84956062,0.90525424
0.86140531,0.90705884
0.83164620,0.75723577
0.87210226,0.76311040
0.89419132,0.83497620
0.79681391,0.93640012
0.89372706,0.89069539
0.79982090,0.81720781
0.71316206,0.63918066
0.61538357,0.91938615
0.69432294,0.87966478
0.74981028,0.02964612
0.91385382,0.90822428
0.70552731,0.71300256
0.52497017,0.57531393
0.81086540,0.88143426
0.81555134,0.85934305
0.67450762,0.64706433
0.87583727,0.96249998
0.83446276,0.92266011
0.78533727,0.83189654
0.79919058,0.77686781
0.63116848,0.59934556
0.79535037,0.76567739
0.77783167,0.84105265
0.91056716,0.91954386
0.14630249,0.12743473
0.79535848,0.62894773
0.72062021,0.41752899
0.53971690,0.50101358
0.72425997,0.78430188
0.75479001,0.68559217
0.51874322,0.60607475
0.86722898,0.88823915
0.85672086,0.84758389
0.76644957,0.75931394
0.18105245,0.23200859
0.45357680,0.38606334
0.96408349,0.89179516
0.87632948,0.94080716
0.62856174,0.46410990
0.66545790,0.65484893
0.84162182,0.31590417
0.33596620,0.24041301
0.88773412,0.94095367
0.87235212,0.87500000
0.35796618,0.61891466
0.94175404,0.92870259
0.26379615,0.27204525
0.62254858,0.45376888
0.69026035,0.57336152
0.89871949,0.87294120
0.77115041,0.85196078
0.88912761,0.85354626
0.88511562,0.97498119
0.57244849,0.42754343
0.88018221,0.94963878
0.46028847,0.45171499
0.92364311,0.96791446
0.90750510,0.86007518
0.88916099,0.83196211
0.87571007,0.85797906
0.82026178,0.91861320
0.52907848,0.35621205
0.84574687,0.85198003
0.78016835,0.79217917
0.34821409,0.17416899
0.93141204,0.91427881
0.78552872,0.87962961
0.74082541,0.47461370
0.80988991,0.92484587
0.95451921,0.91949022
0.69824487,0.60943729
0.52802277,0.77308971
0.89242238,0.87145025
0.53726810,0.55161566
0.62045270,0.63959783
0.34430781,0.34424084
0.66298890,0.69670886
0.60650146,0.71045119
0.82272762,0.73442084
0.42120782,0.45881557
0.64139396,0.66664827
0.82707703,0.93217814
0.91062546,0.81453234
0.69821316,0.75454545
0.72867543,1.00000000
0.81058741,0.93357509
0.70882916,0.71567297
0.63024569,0.84580421
0.72174793,0.80489445
0.66476345,0.77475005
0.81904179,0.74435073
0.90966475,0.88111013
0.39066088,0.25292870
0.89689869,0.93983138
0.85309279,0.94122696
0.84541667,0.85635376
0.88914216,0.80575335
0.73925525,0.85893720
0.65337098,0.93557674
0.85339600,0.90379173
0.36390004,0.14004968
0.92615879,0.83660132
0.92386997,0.93454885
0.44444996,0.26287934
0.86721408,0.91712707
0.57071680,0.65285587
0.74186867,0.76490575
0.63174963,0.58143669
0.34056503,0.12236842
0.84081703,0.93267488
0.84950715,0.95400006
0.80016619,0.85818166
0.92979449,0.91877991
0.76884395,0.72395557
0.59814715,0.80206394
0.09316155,0.10837964
0.47589657,0.16903889
0.92436695,0.91320348
0.79646558,0.68061656
0.92848176,0.93670887
0.47567782,0.37096778
0.89937389,0.87613404
0.90502089,0.90014768
0.71811163,0.89949495
0.94008386,0.91311008
0.72369808,0.51841706
0.87548918,0.89685607
0.80733222,0.86471170
0.78527039,0.83123648
0.29507533,0.25009397
0.90587616,0.92673993
0.89934266,0.89891565
0.80371517,0.84587008
0.96016234,0.90423000
0.77156454,0.73255002
0.94774354,0.92189580
0.93907028,0.88496912
0.87276858,0.71860522
0.75711304,0.74341798
0.93306285,0.92109185
0.75343806,0.99761903
0.45232385,0.46135831
0.78826100,0.71771282
0.92718297,0.87048554
0.69978827,0.72692442
0.59960157,0.57671326
0.73021424,0.88399357
0.35130730,0.40305534
0.91064763,0.88357663
0.88858145,0.94397849
0.45383775,0.66152561
0.63962454,0.75018382
0.92043531,0.93260264
0.65202367,0.85270655
0.59255123,0.55598551
0.70696902,0.68247974
0.88950437,0.90051502
0.90050024,0.96181631
0.83869708,0.95810419
0.84308416,0.88069820
0.77821314,0.83784002
0.77437943,0.88187933
0.72349793,0.54209012
0.61265934,0.77091575
0.82309467,0.81152558
0.77210271,0.61299437
0.91142398,0.87382627
0.71377730,0.62929517
0.91918194,0.88459653
0.90565789,0.97421932
0.26890659,0.30498749
0.38806900,0.23558581
0.85980707,0.89388430
0.78969991,0.64270473
0.25791812,0.35376799
0.92849201,0.95362890
0.84545600,0.95308578
0.39888579,0.49136579
0.96368563,0.96046054
0.72325689,0.69312167
0.92879283,0.94805765
0.83419847,0.81778711
0.82853532,0.84878772
0.77822453,0.85112309
0.78934401,0.73909897
0.84265602,0.89631337
0.70303655,0.54158878
0.28829733,0.11928131
0.89304888,0.79812777
0.78404200,0.79585254
0.75709802,0.81701428
0.86856890,0.83949620
0.78707331,0.89025772
0.64883363,0.65752423
0.74734396,0.75183153
0.86570626,0.84598374
0.87586868,0.89336401
0.93028617,0.92591268
0.78608239,0.20265526
0.95083386,0.91118538
0.89947671,0.87318838
0.39225182,0.39870444
0.85593778,0.95628518
0.95486540,0.93480587
0.88733774,0.68611109
0.79027385,0.80030638
0.57843351,0.58126551
0.90533531,0.89695305
0.62844932,0.67022020
0.54565442,0.55239910
0.75365001,0.85537314
0.87890744,0.94570857
0.92415637,0.87090105
0.43787071,0.34116378
0.90323138,0.91170633
0.76824278,0.75524253
0.77172095,0.78257108
0.81776553,0.71781015
0.54399455,0.55659592
0.36959514,0.23622312
0.90878016,0.90851682
0.67554641,0.69989014
0.85407805,0.82449800
0.48490039,0.36360854
0.74606860,0.74996972
0.89059758,0.98918617
0.44927281,0.58207434
0.82364768,0.79490948
0.89788085,0.89624220
0.51670432,0.72093529
0.41296938,0.47539854
0.73702246,0.71786344
0.47563860,0.30410188
0.93970191,0.92258757
0.87516701,0.85097408
0.85912526,0.97181028
0.90551072,0.97244811
0.60909277,0.74257195
0.89515436,0.83984154
0.95454139,0.95610476
0.90914428,0.89228970
0.89758092,0.95104462
0.44772246,0.48661110
0.70394379,0.23532061
0.92830759,0.94193619
0.84609252,0.94814813
0.77139390,0.76838869
0.85174638,0.91721088
0.77789158,0.71718627
0.85954535,0.87530082
0.77795100,0.80126286
0.89834297,0.87911576
0.90651453,0.87978101
0.68859333,0.76279688
0.54402006,0.59722221
0.78481042,0.77453446
0.80811554,0.83986402
0.36330557,0.33316183
0.90406126,0.92045456
0.21139072,0.16410257
0.85841674,0.87043571
0.95114928,0.94557279
0.96197027,0.89435160
0.87947494,0.87352216
0.75973886,0.78661382
0.89528239,0.93115294
0.44770268,0.33930302
0.93474203,0.96018147
0.92206740,0.88915795
0.59719849,0.62549937
0.40591756,0.42995441
0.87825924,0.86061025
0.86735678,0.82341480
0.71061939,0.61313039
0.90597969,0.85261708
0.91163951,0.93497360
0.95622432,0.93336874
0.89145458,0.92636108
0.76685482,0.70151520
0.43103370,0.43657759
0.89329243,0.89725381
0.88151014,0.89741272
0.77616227,0.92162603
0.93251806,0.96660280
0.87257028,0.87866646
0.88530141,0.92998105
0.88063163,0.94204807
0.36088350,0.40268132
0.96529204,0.96721530
0.97112566,0.82956123
0.92191428,0.93272763
0.41212389,0.28030348
0.79975748,0.84774113
0.63479382,0.66428322
0.85083699,0.85773218
0.84174776,0.83218777
0.74108487,0.67524999
0.91739094,0.86763257
0.63013977,0.45857561
0.66706294,0.55131948
0.62234259,0.57006878
0.85596645,0.91356343
0.26965556,0.35344827
0.80730975,0.68637580
0.82066911,0.85277158
0.50307155,0.51030177
0.93339711,0.86988801
0.91808683,0.89293605
0.51821846,0.51675773
0.91897893,0.91071427
0.91679490,0.91369045
0.78619987,0.76848835
0.09346431,0.12009080
0.35612097,0.33951929
0.61370242,0.57617915
0.82207596,0.73087358
0.87878048,0.89735472
0.55019349,0.20103613
0.39602470,0.39131579
0.93253893,0.91408473
0.82418293,0.85691029
0.92094266,0.91631782
0.73828441,0.77734041
0.73964381,0.56578946
0.86966735,0.90342987
0.89953321,0.80230767
0.49033707,0.64375412
0.92654312,0.93873984
0.78358150,0.73178452
0.86365449,0.90988481
0.36188707,0.25153777
0.88568467,0.86816931
0.65408713,0.52582270
0.81161362,0.84114772
0.92992985,0.93597382
0.06728724,0.05177786
0.91675150,0.94183105
0.87637115,0.83697361
0.85771984,0.88469118
0.71744102,0.21718000
0.15079118,0.13375518
0.80962884,0.88863069
0.88924932,0.89505064
0.93727064,0.93717951
0.93152398,0.96428573
0.42855328,0.42815128
0.56189382,0.82392406
0.60254478,0.71136653
0.66962785,0.72151899
0.45961803,0.29105273
0.93719590,0.88285232
0.92678183,0.95917141
0.87350327,0.88766891
0.82725668,0.75831223
0.94345295,0.94079292
0.44647706,0.27233332
0.81445223,0.92894202
0.83208644,0.74482477
0.57695115,0.68835163
0.55235523,0.69626689
0.79688764,0.76337951
0.47282049,0.52755839
0.31061891,0.48439011
0.83835745,0.81957686
0.61948615,0.64755809
0.75893468,0.69263530
0.92272061,0.93752217
0.48332861,0.59006566
0.69543225,0.81194216
0.69671541,0.55855328
0.83565021,0.92853534
0.49528661,0.31734344
0.89298451,0.92831528
0.74187982,0.72871143
0.93566674,0.90732759
0.94794971,0.91167587
0.89829236,0.89145327
0.61250502,0.60457516
0.61621684,0.55800653
0.53360885,0.51890302
0.90415013,0.91044778
0.72785974,0.80315363
0.92944950,0.93414629
0.36558092,0.30079299
0.92386508,0.86599702
0.83650219,0.84880590
0.40976405,0.32693663
0.70846713,0.79857057
0.57004291,0.81092477
0.90836114,0.92455530
0.52387804,0.51497561
0.76708817,0.89615589
0.55617887,0.40874887
0.90459073,0.89347422
0.82487637,0.88959527
0.84820700,0.89362514
0.84051985,0.94016254
0.91006929,0.70615774
0.69397461,0.74715853
0.77768052,0.77799922
0.43443871,0.38993159
0.78569150,0.88015294
0.70977759,0.73414218
0.85560501,0.91260988
0.69533539,0.58093786
0.51633650,0.32032537
0.86701030,0.91386050
0.88784891,0.83528072
0.88905966,0.90238804
0.76739722,0.86159825
0.56940389,0.55233061
0.63560545,0.84287149
0.86567533,0.95948678
0.71889788,0.78245258
0.75329518,0.85784400
0.85106689,0.82536179
0.45454511,0.40037879
0.43880430,0.37431037
0.86970282,0.82199389
0.92582238,0.53693014
0.87579793,0.78574461
0.30920491,0.22848853
0.88403165,0.82250047
0.70105946,0.73024690
0.88645387,0.89206827
0.84142590,0.92170960
0.56409734,0.44967532
0.81645930,0.92603070
0.54477525,0.51326311
0.58166397,0.78067976
0.83370441,0.88254195
0.65855980,0.77216905
0.82194632,0.94628650
0.85177398,0.84378111
0.88473260,0.84498900
0.59270334,0.65070677
0.84023726,0.87078249
0.89253014,0.88635421
0.84291190,0.87408596
0.71017343,0.68906432
0.55252218,0.49958915
0.91294837,0.91602910
0.85052103,0.84021819
0.73910737,0.78692722
0.60175788,0.58999157
0.85342735,0.84815788
0.76485574,0.84443849
0.75295448,0.78091633
0.74342638,0.84737122
0.24539390,0.17152122
0.55517673,0.54855615
0.95080703,0.94437683
0.94625366,0.92429012
0.70790285,0.55621076
0.75064451,0.81466025
0.87605447,0.80726790
0.84952718,0.78682929
0.91448766,0.94617754
0.89114052,0.88148147
0.54100788,0.67054486
0.69318831,0.85064381
0.87450081,0.92771083
0.76467687,0.75047678
0.96961302,0.95686454
0.83524418,0.87358367
0.30115572,0.23834726
0.65079576,0.77629673
0.84971285,0.89035308
0.97202772,0.97187579
0.92506766,0.90651137
0.75721657,0.90096408
0.54399067,0.53995329
0.93846476,0.98958331
0.83444989,0.76987988
0.92444980,0.91929823
0.65916711,0.66241825
0.70745319,0.64942288
0.91422242,0.89044762
0.59888482,0.67610937
0.68404788,0.72676283
0.80664331,0.76720375
0.81192541,0.83216292
0.89495504,0.90534341
0.87058669,0.96796197
0.87793094,0.87003565
0.65373170,0.63031000
0.90615320,0.92950636
0.84644949,0.88743019
0.85951263,0.87090665
0.74051416,0.70694989
0.92123842,0.97563297
0.81152725,0.79623288
0.88612801,0.88405353
0.53105557,0.49265650
0.89836884,0.99444443
0.81979859,0.79036933
0.78042662,0.70986301
0.93644845,0.92288488
0.44588056,0.30756614
0.58351731,0.68696600
0.79771286,0.86625421
0.41855854,0.35050800
0.54760605,0.46106213
0.59039420,0.44303864
0.91467798,0.87660164
0.83858776,0.83545738
0.93320626,0.85069126
0.80228370,0.81162632
0.44456807,0.57950193
0.68093157,0.73750222
0.94231224,0.95530301
0.96236122,0.95363468
0.31187388,0.32808661
0.56230360,0.55121565
0.85378444,0.92689967
0.89536649,0.90217435
0.94054461,0.88427126
0.60563403,0.65315610
0.85847360,0.87675571
0.79668242,0.66503936
0.03839224,0.11494103
0.56361234,0.67119473
0.79252875,0.79233122
0.56512189,0.66094005
0.81491107,0.93963963
0.66584367,0.69750714
0.74728805,0.85764241
0.52207869,0.52840298
0.65768194,0.73471564
0.85094827,0.89596272
0.59445006,0.35766375
0.65141630,0.63896549
0.53303534,0.40296757
0.88928878,0.88704634
0.37938455,0.45070335
0.70326275,0.83443046
0.59177375,0.47934622
0.77202404,0.67756408
0.95003623,0.93684494
0.61225152,0.56713766
0.74562234,0.90593648
0.67360723,0.70142967
0.50691885,0.50965667
0.72736812,0.88671875
0.54729158,0.52885211
0.89761555,0.83463115
0.66040707,0.34641609
0.93933249,0.82876712
0.91896105,0.91406453
0.40027940,0.30129331
0.36250052,0.63616073
0.59590733,0.04845155
0.79957497,0.88600469
0.65455437,0.61904764
0.51179373,0.45204136
0.84096211,0.81475151
0.58259356,0.90451390
0.27691308,0.22177146
0.27465904,0.29945654
0.75112438,0.68983757
0.94816393,0.91415662
0.87675977,0.87006044
0.58892488,0.80337584
0.94795656,0.96874243
0.87985373,0.88009894
0.77410203,0.85188872
0.96580052,0.93316805
0.91321206,0.90077287
0.72137392,0.80911100
0.19588926,0.11408894
0.84160197,0.85279375
0.91866356,0.93032849
0.88084078,0.91492677
0.78891355,0.90733528
0.76355046,0.81771487
0.84118271,0.91498768
0.93144268,0.95652425
0.97789598,0.90646917
0.61369419,0.64652777
0.77307844,0.58315706
0.93517923,0.85891318
0.74221414,0.69257730
0.86487836,0.94185799
0.82000345,0.88832200
0.78621304,0.85598040
0.78857946,0.78168249
0.84290946,0.90263158
0.68859440,0.83303654
0.90631706,0.91967493
0.73348260,0.71624804
0.88762277,0.80990237
0.93920124,0.90912700
0.72260755,0.80256462
0.57749677,0.59552443
0.28078285,0.23681186
0.51886654,0.50253379
0.61197448,0.54191619
0.26533556,0.18189681
0.39229935,0.42438155
0.71995467,0.72044647
0.78667164,0.91439730
0.91358191,0.91684574
0.92868006,0.92506206
0.28624189,0.24160588
0.34770453,0.27595365
0.89872563,0.85697168
0.63309330,0.66573411
0.80616963,0.89220566
0.66731125,0.47112080
0.63855261,0.48271435
0.81766450,0.77254188
0.87170064,0.96651059
0.82304460,0.72334933
0.94935328,0.64689296
0.40055940,0.72345650
0.12982492,0.18042041
0.69919676,0.60098600
0.71947247,0.49399674
0.67849135,0.71402138
0.91925490,0.94178361
0.57900774,0.29500368
0.89471042,0.90296113
0.23049401,0.05136472
0.89880008,0.94964486
0.37977120,0.47654912
0.54080147,0.55289757
0.85685652,0.81119543
0.80427873,0.90784472
0.92847478,0.89685374
0.80905616,0.67636144
0.70075327,0.40288460
0.55441827,0.42986614
0.95502919,0.98393756
0.45144701,0.61065215
0.76372898,0.65012896
0.92506409,0.95646000
0.53693336,0.50420672
0.94013739,0.87978321
0.97720122,0.92094803
0.73709160,0.66511738
0.53471702,0.60660034
0.42321917,0.44250327
0.88163149,0.89464885
0.96150225,0.92523944
0.91317588,0.94815439
0.67877233,0.88486564
0.79501575,0.83461541
0.75281173,0.87142307
0.72902858,0.83375567
0.62347049,0.56789601
0.79953992,0.84102881
0.87463176,0.85782647
0.77301067,0.67394406
0.92584056,0.95129144
0.77349442,0.59579164
0.91914994,0.87803340
0.84841049,0.86035794
0.67194617,0.66070873
0.81726778,0.82681078
0.74540502,0.67062145
0.56796294,0.58097559
0.50585860,0.39346027
0.32103986,0.34014612
0.31353509,0.21975319
0.74220008,0.59207392
0.77786994,0.87201297
0.62768805,0.78771836
0.60815597,0.70762616
0.75052613,0.67272651
0.88745511,0.87387979
0.84889233,0.96345621
0.48683736,0.42077038
0.36189625,0.15829608
0.94997138,0.91199678
0.91285491,0.95495719
0.33801317,0.35403588
0.63802367,0.66532016
0.86007369,0.92055923
0.58795285,0.91490322
0.96728492,0.97001278
0.85515177,0.88018858
0.85140884,0.93117476
0.97293425,0.95382863
0.82374030,0.86244410
0.66766977,0.73442101
0.90919179,0.91228068
0.73922515,0.93927830
0.51831555,0.46267676
0.70081186,0.70179617
0.89577264,0.91501409
0.92154121,0.91996789
0.54410696,0.54710144
0.44608799,0.31135127
0.88797694,0.93886197
0.86734456,0.90465760
0.88218325,0.94040430
0.65525597,0.66389376
0.83016819,0.82772726
0.93518883,0.91983473
0.40123597,0.39805523
0.83856845,0.87549829
0.60031158,0.66744733
0.89512551,0.79849559
0.82951599,0.85115749
0.68583709,0.81344086
0.84020942,0.87896824
0.75274181,0.66121429
0.61250544,0.55836362
0.71137840,0.51431823
0.91534764,0.87147808
0.96251488,0.91590399
0.88127482,0.90799302
0.89972186,0.85250485
0.89236903,0.96512985
0.89337879,0.95205468
0.89861357,0.91211528
0.59387732,0.65570402
0.70002878,0.75059289
0.85222167,0.72716153
0.73777252,0.57137841
0.80416811,0.76650643
0.92604816,0.91661173
0.58030182,0.76482922
0.70584071,0.74185425
0.50418878,0.31294981
0.97087795,0.96527582
0.80289471,0.85145080
0.88187468,0.80889010
0.63183278,0.76749974
0.60961688,0.41971815
0.89611894,0.84762043
0.65822357,0.87377679
0.15278560,0.40974379
0.54181945,0.66561794
0.85380077,0.82890910
0.80316538,0.86212122
0.66461527,0.68294156
0.19589344,0.31551424
0.69163305,0.72432435
0.85908401,0.87636930
0.82370430,0.89229268
0.33110058,0.70499414
0.95171821,0.94096440
0.80130333,0.69155443
0.39158145,0.42263299
0.82543045,0.78516775
0.86461163,0.73881149
0.52511603,0.26188931
0.72912604,0.92157781
0.62947661,0.71014494
0.59034961,0.63020581
0.36268386,0.46329337
0.61329108,0.48507112
0.53402799,0.77320921
0.49490348,0.51368695
0.97927034,0.95154363
0.65081012,0.82196611
0.40665507,0.31492946
0.76958019,0.86184406
0.88538522,0.91306508
0.77502465,0.81522924
0.38796726,0.29763985
0.87720859,0.91791171
0.89047593,0.84123367
0.89737320,0.86639059
0.66344362,0.70728254
0.46477333,0.50532764
0.82796538,0.75413793
0.76610631,0.79802209
0.49681413,0.06908450
0.44915473,0.46709225
0.54125327,0.48625547
0.83920556,0.91732252
0.91061360,0.91885495
0.52294028,0.35408440
0.82425195,0.91003817
0.67615551,0.76037735
0.65491259,0.57758534
0.95679182,0.90748078
0.96484303,0.92078489
0.61881107,0.43711427
0.88995934,0.89867485
0.51497108,0.58305603
0.73145908,0.66135561
0.55410296,0.60321182
0.70246750,0.78839141
0.86825341,0.87336266
0.93581802,0.91758722
0.91162795,0.82968795
0.92441899,0.94885772
0.74793333,0.74861449
0.92160326,0.87827450
0.84550905,0.85758328
0.74982679,0.82503259
0.71445006,0.79437703
0.74632168,0.77544993
0.78225982,0.96475953
0.92466438,0.88080531
0.94549668,0.93811256
0.53512412,0.53290743
0.94486958,0.88905644
0.80115765,0.82162529
0.86160487,0.82956201
0.59160113,0.54464805
0.80456764,0.85636365
0.93656826,0.93567741
0.54924786,0.62207139
0.71701515,0.75282866
0.78367305,0.83056438
0.56789875,0.60219049
0.64667428,0.59485096
0.78868407,0.92739350
0.27200943,0.36347941
0.88741076,0.93956929
0.70495158,0.58518565
0.29490215,0.31247404
0.82818794,0.84383649
0.59672308,0.60194921
0.81373769,0.90385151
0.91304964,0.91632074
0.76022995,0.79541570
0.85621160,0.92923933
0.82648313,0.87799019
0.84882259,0.91084057
0.44663656,0.60825026
0.64442009,0.80930573
0.52708066,0.44092557
0.92955786,0.93097347
0.87324065,0.94509882
0.86885887,0.82213134
0.71367037,0.79500026
0.77116984,0.73055553
0.61119121,0.65812683
0.83297038,0.89912975
0.82125264,0.60179102
0.71120864,0.67281604
0.78349000,0.68463725
0.86681938,0.98814118
0.40451840,0.46337771
0.61575180,0.68644661
0.79283237,0.84266508
0.79151767,0.79233730
0.78832668,0.84904999
0.47886485,0.62392473
0.85703266,0.87537408
0.86510593,0.86046410
0.83917439,0.92244172
0.70485777,0.12338441
0.84220690,0.92666966
0.95282644,0.89816177
0.87815529,0.92510438
0.85293317,0.78233039
0.78721565,0.88588852
0.78483009,0.63951617
0.93743151,0.89922249
0.47307459,0.43105555
0.36843741,0.26039925
0.62491941,0.57132524
0.40737686,0.52865130
0.31338903,0.34113720
0.93061262,0.85555959
0.68691069,0.68694735
0.90002382,0.94155842
0.57070607,0.67960298
0.94657540,0.98026317
0.60415798,0.71152312
0.76802158,0.11945333
0.90920985,0.91170597
0.91039765,0.94761902
0.92511338,0.87409574
0.54682952,0.63698959
0.90440619,0.91972297
0.67688167,0.60412472
0.22696327,0.17510287
0.50689095,0.65124583
0.95079398,0.94237727
0.89393866,0.81131107
0.88432652,0.85678673
0.80736029,0.89682353
0.65531373,0.68675578
0.74080223,0.69969225
0.84882104,0.89197922
0.93334842,0.93751657
0.50678736,0.52735651
0.70398444,0.67539680
0.76614392,0.81089741
0.95749754,0.93118787
0.38048172,0.23821059
0.80376774,0.88850033
0.38172519,0.29759315
0.91188186,0.98387098
0.70327711,0.68531996
0.95202494,0.90717655
0.68755883,0.63645130
0.64413035,0.63410997
0.64183789,0.56390709
0.40467530,0.38640112
0.53536844,0.59971195
0.72652256,0.81190509
0.77825272,0.77822804
0.93323535,0.94847524
0.54687363,0.50519210
0.90655047,0.93418801
0.94039959,0.94858783
0.84966379,0.86462289
0.89421105,0.93756014
0.85968387,0.81495655
0.38487262,0.48136434
0.56801641,0.37597519
0.60373753,0.70359051
0.57957870,0.62592953
0.59308976,0.51125449
0.55374116,0.54233509
0.91257226,0.87815273
0.38324419,0.49069935
0.77573240,0.90702724
0.96832556,0.93976974
0.86927599,0.93013632
0.80798805,0.91496599
0.55418015,0.46256721
0.73278034,0.81667751
0.56526721,0.61455625
0.89381361,0.86431748
0.88699716,0.92088908
0.97630322,0.95627242
0.31966114,0.35047990
0.39341828,0.27582550
0.92503923,0.89698404
0.54454541,0.49309525
0.46682343,0.59674865
0.79621083,0.90041858
0.89463788,0.84657222
0.70827723,0.74964249
0.72496551,0.84259510
0.92790252,0.92773968
0.88612390,0.86005497
0.44067657,0.43663746
0.49287429,0.65562260
0.84736085,0.77084839
0.84318388,0.88929200
0.51214111,0.56137246
0.94543177,0.95222330
0.79428190,0.93880033
0.80073559,0.61130273
0.69727129,0.66463548
0.73481297,0.57126212
0.71999645,0.81140125
0.88156635,0.87110692
0.60581571,0.51611155
0.79069275,0.82379520
0.86144108,0.92742449
0.77656049,0.86062193
0.92855614,0.87861025
0.72708482,0.76460183
0.64652491,0.62398291
0.82978857,0.88543117
0.77492929,0.65755576
0.45345056,0.71240228
0.86191142,0.88966560
0.72192782,0.61563998
0.37380987,0.27041593
0.83260852,0.82627690
0.29653215,0.36762342
0.42764810,0.70276552
0.79450005,0.76733917
0.55489051,0.50571364
0.88625592,0.89392662
0.82372826,0.70371163
0.88754648,0.92180008
0.89321178,0.95222223
0.96172601,0.97394812
0.82376492,0.87787205
0.32680112,0.26346931
0.76087272,0.60044956
0.86543941,0.88773692
0.92617440,0.94300526
0.67881411,0.65546620
0.85254371,0.88994503
0.91536456,0.94645202
0.70953870,0.85202897
0.79512870,0.84666324
0.95754683,0.92938083
0.58124405,0.65601927
0.55607706,0.79284823
0.77266246,0.86666667
0.51654649,0.49213353
0.90935373,0.90919971
0.41942167,0.37278584
0.58310163,0.61247760
0.93823403,0.98069954
0.93443269,0.89074618
0.81818724,0.92161173
0.76664871,0.78991175
0.55292332,0.50117564
0.88231951,0.92743641
0.87868786,0.93714100
0.59620172,0.62839681
0.85104686,0.86453646
0.56754833,0.51834238
0.64018255,0.51592159
0.87739587,0.91337049
0.66616565,0.84103644
0.30019653,0.26368701
0.94680566,0.94897270
0.78383905,0.86834514
0.87551856,0.83479828
0.42463189,0.32072389
0.90385455,0.91436714
0.81710666,0.92822248
0.84033877,0.66482651
0.78796297,0.87753588
0.95163745,0.95978361
0.82615244,0.88037038
0.68438309,0.82229638
0.81097347,0.81553066
0.86640191,0.90870708
0.26186621,0.22173683
0.85505319,0.81991667
0.83880877,0.88727701
0.87304842,0.97264469
0.86032045,0.88453460
0.45551175,0.39998743
0.77315003,0.72426903
0.45080605,0.37020344
0.65534544,0.62159497
0.84655583,0.80033547
0.82317114,0.87703180
0.80066502,0.72613961
0.95491844,0.91932911
0.86286509,0.80875707
0.85288703,0.96621388
0.70776802,0.73590565
0.49008292,0.53175282
0.88588923,0.95569479
0.53002328,0.85787910
0.88467640,0.91462767
0.87071836,0.84964156
0.87606966,0.92041367
0.71130079,0.43037850
0.66096586,0.65663856
0.27820429,0.34939492
0.95474887,0.91933256
0.67631674,0.79794973
0.86068678,0.24443860
0.19188437,0.19908604
0.86957848,0.92154646
0.68675572,0.79469872
0.59388512,0.67562401
0.78587526,0.79151249
0.74278492,0.66866726
0.79954672,0.84853733
0.52676451,0.66561460
0.64837831,0.81181318
0.19554062,0.16883211
0.76448923,0.69151980
0.94071102,0.94042695
0.72969306,0.57627106
0.46153149,0.52826089
0.92572141,0.93764573
0.90443504,0.87558526
0.36858693,0.41945186
0.56410515,0.40059206
0.92695612,0.93563622
0.88366759,0.81188291
0.28995126,0.14387700
0.51942784,0.67460316
0.79461354,0.75912517
0.73344791,0.69298339
0.89372087,0.92375308
0.84930903,0.94433659
0.67413437,0.33902389
0.90355724,0.88370687
0.61959505,0.60963219
0.70288599,0.91833335
0.56040639,0.58405799
0.66639477,0.75930297
0.91844577,0.87258023
0.89464992,0.93895632
0.43621546,0.43178505
0.45933419,0.38442686
0.47145498,0.56603146
0.68471837,0.71205699
0.34208599,0.32590580
0.93064874,0.88000000
0.11526565,0.09435582
0.94162071,0.93921590
0.85602450,0.94690579
0.83817482,0.86420643
0.79333794,0.86055839
0.89663166,0.82858294
0.87593216,0.91889256
0.89079022,0.79470009
0.49339309,0.47681984
0.91820389,0.91692543
0.79421997,0.76311851
0.63845426,0.53652096
0.58471411,0.43902439
0.94204104,0.92598152
0.28761828,0.14750355
0.32927179,0.12500930
0.86341602,0.94349796
0.86861771,0.90295762
0.94973809,0.93720138
0.94555807,0.90058959
0.23198655,0.21902834
0.51438272,0.37369376
0.62651688,0.24889717
0.90340221,0.96393663
0.84145051,0.78216499
0.75198579,0.79706925
0.21153241,0.23380351
0.84015483,0.80832392
0.84208584,0.81209868
0.69789588,0.72360629
0.90644968,0.93560302
0.51509422,0.42252624
0.76873481,0.76539201
0.88664055,0.97972971
0.87160480,0.96800590
0.74445951,0.77814007
0.69972849,0.67242688
0.70491165,0.55221295
0.75467336,0.48824480
0.08276438,0.07052541
0.90162355,0.89690268
0.93530923,0.92507643
0.43332380,0.54578048
0.91379917,0.91136366
0.93165481,0.91526860
0.77029443,0.88864428
0.45905131,0.31234205
0.74778044,0.68848288
0.93444020,0.90304595
0.54400897,0.56129384
0.85281509,0.84524548
0.44102445,0.30743930
0.38689122,0.52422714
0.76496303,0.71524698
0.57572341,0.64460522
0.82180917,0.90030444
0.96580786,0.94745803
0.87540245,0.88062829
0.90420830,0.92783791
0.88798124,0.92027003
0.24340041,0.17943431
0.75714213,0.95145631
0.94244629,0.93441278
0.75280118,0.68503690
0.90229678,0.87123710
0.80579323,0.88809526
0.70542198,0.69953054
0.78207791,0.81813127
0.38401303,0.37159628
0.49306908,0.29625952
0.39717072,0.28532243
0.88798869,0.85054159
0.61536610,0.92562938
0.82453489,0.87106997
0.84125262,0.84478593
0.81264150,0.73150969
0.85720044,0.92903388
0.80581290,0.76272196
0.08399094,0.08568238
0.64332873,0.76789194
0.71164137,0.81197923
0.52430326,0.48532185
0.76778865,0.79078865
0.65615737,0.65116352
0.91432709,0.96470785
0.52288336,0.55118233
0.79382926,0.78396225
0.84413379,0.77738202
0.71703780,0.86583269
0.70563090,0.84166664
0.83642447,0.70324481
0.95612419,0.94711012
0.69406778,0.85160482
0.94556004,0.93683344
0.70057696,0.58848786
0.83011669,0.88028342
0.94320780,0.84917581
0.57216984,0.70565295
0.60234040,0.41524440
0.40395349,0.54964250
0.71093953,0.69148803
0.85126966,0.95602828
0.85615647,0.83180285
0.75943804,0.79387879
0.38273546,0.47865498
0.72775114,0.90606135
0.93531603,0.95982093
0.89109510,0.81467670
0.88853669,0.78690267
0.34405205,0.17064413
0.82728028,0.84632868
0.89794350,0.93790323
0.82006598,0.85245901
0.75000530,0.47078872
0.93582249,0.84759617
0.56303716,0.76904571
0.71840864,0.67385155
0.72482473,0.73476619
0.78061539,0.88548368
0.62317699,0.70113432
0.79546493,0.84885603
0.91157544,0.90338469
0.84723300,0.82758075
0.55735779,0.52502859
0.67287481,0.65216792
0.65405983,0.62694097
0.82645690,0.83595008
0.84789592,0.93602693
0.89715111,0.83276290
0.88529247,0.85947710
0.75172865,0.79183537
0.91371953,0.95738298
0.52347785,0.66735572
0.52406216,0.64438772
0.70304239,0.56597847
0.75130761,0.64929682
0.57473803,0.61122042
0.71923912,0.66178775
0.70919681,0.65776700
0.88828951,0.89681071
0.77592897,0.76346344
0.85050505,0.95932311
0.95266730,0.92198241
0.40445650,0.48826945
0.06623041,0.10680799
0.55677503,0.68948412
0.31374669,0.29136214
0.89500564,0.97972971
0.81724626,0.80772376
0.75394762,0.76360542
0.87007219,0.84191996
0.80162454,0.77688491
0.64891553,0.78312802
0.91139984,0.84217387
0.90125042,0.90997022
0.91660863,0.90726715
0.93532455,0.93198651
0.89745378,0.81842673
0.81066144,0.79706222
0.75401002,0.80172646
0.37872025,0.31707820
0.88145858,0.95548791
0.70899493,0.86841512
0.85218966,0.84227818
0.90320182,0.84136605
0.82161784,0.84452415
0.87562001,0.83379704
0.71055138,0.80149972
0.48589805,0.48747450
0.94712806,0.98148149
0.83563876,0.87855417
0.76754594,0.64632630
0.08670159,0.13333993
0.59110987,0.59449309
0.73079354,0.80787051
0.48231369,0.39782366
0.85233390,0.89029396
0.82446742,0.83938628
0.51151097,0.47833067
0.68359077,0.68499780
0.57070154,0.60607290
0.89307559,0.93123323
0.93700558,0.86792201
0.89122444,0.88176209
0.57098812,0.62249100
0.86721605,0.87446427
0.80474508,0.85988402
0.71635377,0.83945477
0.86378825,0.92678893
0.61295176,0.45893669
0.75842988,0.76620084
0.66438627,0.65751547
0.90267134,0.86638761
0.88640076,0.93196636
0.78716588,0.91527689
0.45860559,0.43201447
0.61448002,0.69329590
0.81883752,0.82569033
0.88424635,0.90167713
0.88835478,0.93781269
0.75921869,0.99166667
0.07043861,0.07119388
0.86758095,0.91083103
0.80571568,0.85227573
0.27808502,0.22015037
0.43847489,0.33580360
0.70371723,0.71583664
0.76424497,0.69845706
0.90281230,0.93265718
0.79700392,0.74616790
0.38129327,0.17975725
0.50896090,0.64841282
0.56248087,0.58648145
0.86364639,0.76639825
0.51473665,0.58259737
0.67612606,0.57789510
0.65131128,0.73101193
0.89418203,0.88887489
0.87727410,0.92653334
0.89402032,0.77204609
0.92060077,0.94158655
0.79705483,0.73460716
0.90066195,0.85845518
0.92076123,0.96074772
0.79211169,0.76332963
0.93343025,0.92130870
0.65506715,0.63106823
0.73405039,0.86904764
0.80886322,0.62137681
0.73590463,0.69717968
0.63772494,0.62352329
0.92150736,0.19285475
0.76235235,0.93114913
0.57442337,0.67452687
0.92673492,0.93856800
0.45129099,0.34905660
0.79307169,0.75569052
0.80127347,0.56770831
0.85358411,0.92663145
0.86646098,0.94022715
0.71185750,0.67264873
0.92697108,0.88423645
0.77787566,0.86261904
0.67658108,0.60852438
0.67440909,0.53065002
0.67963189,0.68030012
0.52469128,0.47194296
0.95900339,0.93220341
0.89333719,0.89097673
0.77901125,0.66884613
0.85882813,0.88850945
0.77807999,0.88932097
0.31189540,0.16695653
0.53972822,0.61830258
0.65057868,0.67327338
0.71979380,0.85753751
0.61064297,0.53779238
0.70487142,0.86649662
0.91432071,0.89299858
0.89227742,0.96202534
0.67938113,0.57181078
0.57465708,0.60144925
0.90593904,0.85056043
0.79719692,0.78023899
0.95495445,0.91588992
0.31839189,0.28081399
0.71642578,0.75372505
0.71768200,0.80725032
0.68055588,0.72609496
0.92919016,0.98553824
0.83465010,0.78690523
0.74964976,0.88962543
0.18037772,0.12251612
0.93214422,0.96561623
0.76156390,0.81306690
0.92207491,0.93226063
0.83732915,0.90780938
0.77882439,0.95410550
0.41581613,0.50064051
0.80593830,0.17005523
0.74069279,0.67373949
0.87262821,0.94060165
0.88055593,0.84559554
0.26349112,0.26626548
0.95284009,0.94038880
0.83082169,0.93379462
0.85632485,0.86828297
0.87405568,0.93649572
0.91261327,0.87033379
0.46580270,0.30239484
0.56413114,0.75320405
0.61082977,0.64618421
0.86246347,0.80412138
0.73048896,0.84704185
0.96494085,0.96123320
0.93807185,0.99000001
0.77012169,0.79330862
0.82056713,0.84130782
0.57648474,0.56824267
0.89839816,0.93353629
0.94571507,0.94065863
0.79792106,0.83396387
0.94119769,0.86737651
0.92690265,0.93076921
0.89379579,0.81203127
0.87785321,0.91948223
0.91854757,0.96731538
0.67729032,0.66242820
0.56045341,0.50470990
0.96158797,0.95643938
0.60165179,0.72128850
0.84198809,0.84586579
0.74945647,0.76629037
0.88315845,0.91518635
0.83059990,0.65751314
0.82178670,0.86267960
0.97112525,0.92284340
0.78483170,0.71982896
0.45523244,0.44666255
0.79456651,0.80244207
0.49623543,0.55172747
0.85159391,0.89200079
0.72265041,0.57812291
0.66788727,0.70387191
0.61696452,0.35829931
0.85792178,0.78926712
0.54009390,0.62279826
0.67309898,0.63501704
0.91801125,0.95910424
0.66193402,0.80791867
0.51403701,0.37608716
0.78096151,0.60309088
0.34912133,0.67371470
0.84126818,0.80536258
0.79486066,0.70601851
0.81997752,0.77915603
0.54778790,0.49406329
0.70287770,0.89151007
0.93504828,0.94268775
0.74436420,0.73738050
0.87604809,0.92052633
0.87340468,0.83014584
0.62668222,0.46121386
0.87543619,0.83173078
0.84424776,0.88455808
0.70059347,0.66780853
0.89662123,0.95223755
0.87280840,0.83463120
0.77967674,0.56047386
0.72865486,0.71757340
0.35943606,0.27852824
0.15606649,0.19048506
0.59642333,0.73409849
0.89489341,0.93607050
0.75401294,0.67824072
0.39251828,0.52498394
0.64699078,0.47280738
0.76704717,0.77034056
0.72047883,0.58825344
0.57706863,0.51538432
0.57989705,0.48177847
0.54464960,0.58467114
0.90670842,0.90775782
0.96251911,0.92439532
0.62800843,0.67871708
0.63194931,0.68213701
0.70213127,0.80082154
0.53480005,0.75862384
0.49938604,0.33779141
0.92895782,0.98343235
0.88834459,0.88749582
0.72857231,0.73438913
0.76175225,0.72330016
0.56574762,0.67253858
0.78687245,0.87918276
0.31079757,0.28183806
0.92799461,0.97442567
0.77828056,0.69661677
0.89420921,0.94012767
0.90523362,0.92631358
0.84581715,0.88204587
0.89764017,0.93467259
0.33614296,0.41041511
0.87910759,0.91388887
0.86062866,0.84910339
0.85884643,0.96799505
0.84089267,0.92860109
0.71956080,0.83098817
0.88766038,0.93587887
0.93858582,0.96623707
0.84429741,0.91050261
0.72453952,0.90038919
0.71229821,0.86312574
0.83330888,0.82508343
0.90254503,0.88796860
0.51555908,0.39896694
0.26490343,0.33061740
0.77739662,0.88319206
0.46227160,0.41717896
0.51565421,0.55536669
0.96642661,0.90886855
0.84558761,0.57984751
0.94494015,0.90169120
0.83373755,0.81267005
0.88066489,0.94749999
0.86405456,0.84824699
0.93840492,0.91906285
0.82334405,0.81047422
0.95302564,0.97802615
0.71501851,0.91478366
0.49946395,0.44305736
0.69581264,0.78115833
0.90923256,0.94915253
0.74390405,0.87132651
0.66711468,0.69052649
0.70931131,0.76175255
0.69418013,0.71315020
0.56890017,0.58285314
0.60489506,0.52807713
0.93566287,0.98107141
0.58971155,0.65546507
0.39212549,0.44111520
0.62503421,0.56628370
0.61414063,0.73233843
0.94160843,0.96042806
0.69408983,0.55050504
0.68983918,0.66516650
0.86806691,0.86129528
0.85269719,0.82908076
0.75465596,0.74611723
0.63268882,0.76525813
0.78950632,0.90927100
0.59470803,0.60400087
0.72649270,0.94416016
0.74924177,0.66264325
0.85582829,0.09637783
0.96412468,0.96862489
0.61866194,0.80731523
0.91641831,0.92791831
0.57832545,0.55941457
0.64146554,0.60825813
0.80987847,0.86800700
0.91570693,0.97567004
0.72683322,0.66535783
0.76173627,0.72670645
0.87090135,0.86571139
0.92651105,0.91038311
0.79479182,0.59109044
0.76034313,0.82247573
0.48194924,0.45888653
0.93834317,0.91079795
0.41884658,0.49548846
0.89331770,0.89794171
0.12729341,0.11910129
0.96864915,0.89069951
0.11695556,0.15725546
0.86676365,0.96538460
0.92907643,0.94564301
0.70260882,0.71695369
0.84595120,0.62296212
0.53727275,0.53124499
0.69480419,0.65715879
0.79604214,0.66834688
0.46437955,0.21868169
0.58481157,0.55416667
0.56373322,0.43706784
0.82842612,0.80063033
0.91399723,0.90268874
0.69301301,0.60752630
0.42571756,0.61615503
0.42149916,0.37033582
0.53400052,0.61427045
0.92095751,0.97887844
0.95169961,0.90608376
0.58649915,0.56728727
0.96377188,0.97202671
0.44358876,0.35575166
0.89148837,0.92224234
0.70413035,0.63843971
0.40160283,0.30286923
0.88368416,0.91054130
0.74392426,0.68342865
0.43246257,0.28797027
0.26608014,0.20291358
0.88310128,0.86948252
0.67557251,0.91682285
0.84669065,0.78800392
0.90313959,0.87119436
0.59173352,0.43287298
0.59836680,0.70836127
0.18900335,0.32228628
0.83456594,0.86419630
0.23824126,0.16025908
0.67712885,0.74384892
0.84902334,0.81542057
0.57313907,0.58880627
0.85274595,0.76590323
0.94798571,0.99206346
0.72072148,0.77681589
0.60700083,0.50917512
0.80681854,0.85952008
0.77504432,0.63465470
0.92581540,0.88424534
0.81918371,0.63328665
0.94518524,0.94574910
0.18850511,0.11811777
0.95238221,0.91740221
0.89240187,0.90386921
0.94748008,0.94970340
0.91811383,0.87843370
0.41190681,0.39732978
0.86426079,0.84708250
0.76434046,0.80015755
0.61660171,0.55821848
0.93081641,0.39024442
0.74678034,0.84693062
0.73402584,0.69758278
0.85239840,0.93098426
0.87146384,0.82907850
0.87437510,0.99166667
0.93782216,0.97223514
0.24694441,0.24435264
0.39773455,0.42901236
0.89066947,0.82156307
0.25677821,0.35357124
0.88859099,0.92150867
0.71026462,0.56147814
0.39045292,0.23245470
0.55873758,0.48848704
0.95929897,0.92389894
0.96205217,0.95277780
0.66633534,0.76972771
0.73006320,0.67172754
0.85712671,0.84837419
0.83460206,0.82475513
0.49096856,0.23030707
0.85173303,0.82152689
0.72120154,0.76228070
0.31824604,0.28620270
0.70629025,0.66100800
0.73332083,0.86522591
0.46996003,0.36501867
0.89200425,0.94780713
0.61097729,0.69999999
0.88327217,0.85361654
0.81431955,0.97650141
0.51548898,0.64468789
0.49959007,0.61029834
0.83156842,0.73559529
0.91836786,0.93532604
0.82808542,0.70510715
0.92814183,0.90939397
0.90449953,0.91705018
0.81337273,0.85875821
0.23281424,0.34002978
0.74127573,0.95213205
0.92545825,0.98165137
0.42488226,0.30604681
0.32119596,0.25812802
0.72395062,0.82496858
0.63506949,0.51854765
0.77812445,0.76430041
0.93965232,0.93725395
0.30475381,0.33801779
0.59380454,0.63362235
0.55554676,0.50731504
0.61530721,0.62807781
0.78433996,0.87558323
0.79864746,0.94364434
0.87997317,0.75039101
0.76627016,0.74451780
0.91349083,0.86319327
0.54611528,0.38241962
0.71231651,0.81843013
0.94064659,0.86405939
0.76235867,0.86405599
0.38034523,0.43701848
0.90988338,0.87335420
0.58330101,0.50978321
0.84832805,0.81202036
0.89046264,0.88600940
0.54780298,0.50539047
0.74705780,0.85573643
0.89910102,0.91987669
0.87480658,0.88797641
0.74131852,0.70683777
0.87007600,0.79020047
0.81864429,0.73596215
0.90376979,0.94090211
0.90561259,0.94067794
0.95101082,0.95086616
0.66284835,0.59285712
0.83373600,0.86079091
0.63838661,0.49104384
0.82859385,0.81961870
0.74994266,0.82330829
0.82797527,0.87552047
0.67327899,0.78884101
0.80640191,0.79976088
0.78343374,0.82835734
0.80287421,0.71350086
0.81475985,0.86343962
0.68344021,0.59022194
0.71733165,0.72376144
0.93251598,0.77212322
0.91207814,0.87821120
0.58572745,0.67949569
0.88871056,0.92183858
0.77999169,0.56200981
0.51631898,0.54360116
0.53043455,0.48100710
0.66907382,0.50808626
0.63998681,0.63141090
0.92542332,0.97427428
0.74800396,0.64895022
0.91363734,0.92226720
0.85665751,0.91636389
0.67610449,0.70371795
0.18775319,0.17081459
0.69211859,0.66695982
0.75894123,0.71938390
0.95518839,0.90761811
0.58939940,0.71532935
0.83347607,0.88697839
0.81091464,0.82639384
0.90359247,0.94949025
0.92066014,0.96667588
0.78790390,0.86410254
0.73606348,0.78773451
0.77348429,0.77489179
0.10540619,0.21120690
0.80695188,0.79312551
0.76379114,0.70562029
0.93223971,0.87896007
0.80954075,0.91606569
0.90105766,0.90378344
0.75440282,0.90067273
0.94599664,0.91130340
0.81525421,0.84284276
0.78737116,0.87324744
0.94159567,0.93165481
0.51141387,0.54390246
0.89525574,0.85810858
0.87434894,0.89733505
0.61566681,0.70793337
0.88238680,0.95843238
0.40282035,0.05111977
0.65365541,0.58055115
0.64799285,0.60134947
0.23292530,0.17964554
0.84445208,0.98333335
0.33941442,0.27774772
0.88291097,0.93567622
0.39643371,0.21625404
0.21704532,0.15141453
0.83010495,0.85147029
0.90826219,0.92382288
0.78616345,0.73685557
0.80745041,0.71868426
0.38979489,0.44562212
0.66422212,0.66638315
0.84081483,0.86071163
0.71863073,0.67451662
0.13263671,0.13947834
0.21818773,0.26940882
0.92741525,0.95736259
0.96039492,0.94181597
0.92255795,0.99242425
0.83906722,0.92092192
0.69236070,0.66526419
0.91809356,0.95984846
0.68806988,0.69779003
0.45989892,0.38681319
0.34331366,0.32338411
0.80325305,0.80857682
0.44112667,0.53040332
0.88189292,0.86771774
0.95158058,0.87664849
0.16790612,0.18619974
0.55083776,0.49730280
0.80929118,0.88230950
0.77581412,0.72491962
0.64411682,0.67751479
0.60273224,0.62500000
0.53877252,0.64033121
0.81248140,0.90594268
0.74477381,0.68416995
0.35161480,0.33631256
0.82449991,0.84237599
0.55887669,0.70284545
0.85351366,0.87696075
0.62135553,0.81707221
0.93922353,0.98026657
0.93999434,0.93594086
0.76964700,0.68148047
0.79024142,0.85499483
0.58525646,0.55622739
0.51743686,0.65000129
0.38788459,0.44748220
0.30578747,0.29259095
0.43605465,0.36457625
0.89576834,0.95988846
0.94045907,0.90913469
0.89280671,0.94531852
0.71888882,0.73246604
0.75101048,0.83462989
0.70572001,0.71052945
0.89366138,0.94230771
0.68831307,0.66252059
0.89572549,0.90287155
0.74888402,0.75985974
0.52215731,0.46171406
0.50372905,0.31956398
0.85973603,0.85933375
0.54957157,0.76866412
0.88699752,0.94714755
0.85015708,0.87915987
0.94136858,0.93169492
0.87185377,0.86261386
0.40208369,0.19632471
0.86729330,0.90105909
0.64065027,0.72031099
0.69698662,0.76688313
0.92627329,0.96012962
0.92384005,0.86866605
0.83569878,0.90585440
0.86245072,0.93271685
0.80461770,0.88478261
0.87296903,0.86176914
0.54306179,0.51347333
0.91922820,0.93015492
0.53388309,0.68921834
0.62671959,0.79513890
0.46958578,0.59012729
0.53691196,0.62888986
0.93499357,0.89901131
0.83488506,0.76649535
0.80048436,0.82911712
0.83732647,0.88514960
0.81359452,0.89969790
0.79587495,0.76841235
0.85579407,0.84677452
0.60583490,0.64934814
0.86420560,0.76868510
0.52063835,0.61119562
0.93640673,0.97107846
0.59698361,0.63371974
0.84448093,0.89817280
0.48577097,0.68898940
0.82611942,0.81780916
0.27947930,0.25656238
0.70765626,0.84428668
0.87063181,0.85637277
0.74887305,0.81129110
0.86966515,0.89091057
0.18171892,0.20130895
0.95443529,0.94965976
0.91189182,0.91128057
0.88883179,0.81745720
0.56036180,0.54087633
0.78798664,0.84246558
0.83492953,0.78334731
0.51419246,0.60525763
0.85286814,0.62561375
0.91093427,0.90607119
0.95547044,0.91905630
0.84150887,0.85009265
0.95183820,0.96336478
0.61400801,0.71349239
0.02409532,0.11315766
0.49140421,0.39373800
0.17413652,0.18446052
0.70604020,0.75481474
0.95408702,0.97979796
0.83852029,0.89345986
0.84111869,0.82663476
0.76046669,0.29397160
0.69157290,0.62876254
0.40960240,0.28677204
0.84782928,0.73443598
0.94377285,0.95912063
0.71231520,0.83815354
0.84623748,0.94038206
0.35174596,0.37639332
0.89024144,0.86912143
0.68879098,0.66216218
0.44556445,0.42071429
0.84726799,0.90442324
0.79824960,0.81430185
0.78010958,0.84434795
0.32615444,0.38420847
0.72532105,0.65241379
0.25631484,0.28744543
0.93484777,0.89842528
0.34401327,0.22208612
0.79773396,0.88827115
0.89659715,0.92057413
0.92626172,0.93169284
0.68487805,0.71136886
0.72725999,0.72549576
0.89026201,0.82310528
0.68931365,0.82157713
0.85306978,0.91352737
0.89713377,0.83189255
0.59492588,0.50598788
0.41796494,0.52617741
0.82125539,0.89521056
0.52384824,0.47556207
0.90403366,0.90490377
0.54312932,0.65470612
0.62382174,0.77047533
0.93622375,0.94232351
0.93842947,0.92753059
0.88318092,0.89827532
0.53069305,0.48258558
0.95231688,0.93193859
0.49516127,0.52693659
0.75568748,0.74553573
0.72290260,0.66983384
0.55346453,0.59997392
0.88978875,0.89775598
0.47361541,0.62719846
0.77259016,0.81560630
0.80369627,0.70691872
0.10958381,0.06146450
0.81636584,0.73465145
0.67870545,0.85437572
0.55367237,0.60141242
0.93053287,0.92879355
0.62676561,0.55277306
0.64649522,0.42435005
0.50327832,0.61499906
0.49803874,0.56885421
0.59379154,0.73046875
0.93943167,0.99295777
0.89700568,0.94686663
0.51255882,0.84868419
0.89772296,0.87420022
0.90219015,0.84413356
0.73005134,0.71263474
0.91281664,0.96101540
0.83168739,0.67569047
0.78072548,0.76929212
0.81529772,0.80854803
0.84368718,0.70490855
0.45987383,0.46597019
0.84302562,0.84792453
0.75807309,0.80308068
0.87650806,0.97528517
0.90763277,0.85825270
0.64526969,0.81442559
0.93106055,0.98765433
0.77900952,0.87371445
0.92689097,0.89968103
0.97238952,0.96111113
0.91645873,0.88765866
0.84123057,0.90612924
0.42648375,0.47920039
0.83909619,0.86153930
0.80115551,0.73372692
0.76786786,0.86213523
0.59983742,0.48991859
0.78218931,0.81857145
0.92209953,0.95981508
0.89822417,0.93555748
0.75293833,0.75470591
0.86048776,0.99586779
0.33332542,0.15128127
0.84722376,0.93831909
0.69667071,0.65180963
0.77443528,0.73469114
0.67508656,0.73667657
0.94924587,0.95084673
0.49424309,0.45411944
0.79927117,0.82596397
0.94478476,0.91558367
0.84041399,0.87270057
0.75205338,0.79986250
0.92772096,0.92148459
0.93815565,0.92151356
0.40908593,0.49974844
0.94200468,0.84275365
0.83715469,0.85395765
0.82105333,0.81715631
0.56471920,0.60693753
0.92417866,0.95842308
0.68513626,0.32973275
0.97061431,0.95446908
0.91375619,0.95598608
0.72885484,0.78623497
0.53025931,0.52014506
0.89186913,0.83970904
0.51519358,0.63051218
0.86011672,0.88158399
0.60510695,0.61583138
0.90418625,0.95565987
0.78291774,0.75523072
0.84559536,0.67953658
0.58010215,0.53720492
0.84891742,0.94218749
0.79870391,0.66828531
0.92427981,0.89803207
0.73675007,0.72039056
0.94480938,0.95181960
0.51416337,0.57788283
0.20929986,0.19792528
0.82401639,0.86498845
0.88130713,0.83672267
0.87565309,0.96998775
0.33860084,0.35605732
0.53222030,0.77120531
0.59445488,0.59340554
0.83877820,0.92227584
0.66957724,0.70291263
0.67763120,0.47399795
0.79109091,0.82838124
0.89798915,0.96343940
0.63203168,0.73905796
0.86968011,0.80588073
0.38449746,0.68041873
0.52353299,0.52807361
0.85535711,0.84815532
0.60636628,0.61597735
0.96436787,0.92333215
0.35780439,0.36546922
0.88208055,0.70270622
0.58965975,0.30880341
0.93552870,0.96578383
0.52969623,0.78835350
0.81005841,0.90789402
0.89492726,0.94718617
0.91875100,0.95959967
0.86195678,0.87348652
0.68775779,0.84302080
0.34095934,0.25022730
0.86834472,0.92284918
0.20116283,0.31365532
0.39155352,0.27681780
0.91543263,0.95272404
0.37288231,0.23379037
0.47697008,0.17387006
0.92835909,0.94375002
0.83050346,0.80404592
0.80463129,0.89114791
0.87563574,0.94414365
0.84300232,0.81688803
0.41818038,0.26702121
0.89088660,0.86121500
0.88649493,0.93752176
0.56815755,0.60269165
0.87838000,0.83144921
0.76919109,0.76140672
0.51678908,0.25086823
0.58045590,0.78410792
0.77092540,0.85786331
0.52330410,0.29281345
0.65998352,0.70345747
0.79279214,0.90486759
0.46930254,0.47359255
0.51501876,0.75320292
0.86225182,0.88372147
0.95105398,0.96178764
0.73383158,0.80204189
0.13657209,0.21891502
0.80575466,0.88470757
0.96916950,0.95590001
0.56984985,0.72039109
0.05681697,0.13315079
0.87043875,0.88758594
0.85559642,0.86063218
0.81764728,0.73494339
0.94946629,0.92040634
0.88249940,0.91938025
0.44508699,0.26233122
0.42398775,0.35845995
0.40309611,0.29174992
0.63512152,0.74594754
0.80235243,0.86434209
0.81203771,0.68731707
0.83453161,0.73861116
0.71687287,0.79933137
0.88879097,0.87618434
0.85878778,0.91233575
0.91116977,0.90985346
0.90028054,0.95246643
0.77200669,0.88553327
0.34182882,0.30136934
0.61909878,0.69969070
0.62143362,0.59131038
0.69955695,0.92737734
0.95914102,0.90550238
0.36076510,0.32065657
0.19250661,0.12341198
0.37490660,0.63449591
0.62005568,0.56483519
0.82134777,0.79153407
0.72245532,0.75685716
0.87427485,0.85959321
0.65700728,0.32328284
0.94472861,0.97483182
0.83095634,0.93755800
0.84526259,0.75008893
0.47170359,0.54827785
0.70789117,0.77899390
0.77582920,0.86642855
0.88872033,0.85757929
0.77484906,0.80524760
0.90075338,0.89142627
0.79738325,0.85637563
0.63185793,0.55213892
0.78672850,0.79657477
0.80558622,0.93150687
0.59467238,0.64687014
0.83114880,0.81788236
0.89021498,0.93490839
0.54934609,0.60836816
0.74867082,0.75797695
0.48014081,0.37491038
0.84065002,0.84554595
0.85012031,0.94024563
0.87076658,0.89032346
0.95257092,0.94315207
0.63462430,0.70266181
0.34483975,0.17724867
0.87085986,0.95757121
0.79766142,0.66002661
0.91837633,0.89160919
0.69072014,0.71016461
0.69320977,0.17304045
0.65880513,0.63766545
0.61138910,0.65249920
0.76411688,0.79832476
0.86150610,0.75634831
0.90317518,0.93308949
0.89941174,0.91925669
0.81130034,0.61354744
0.73999768,0.71067053
0.52789849,0.49853435
0.91466194,0.96987951
0.42596141,0.47457367
0.68399566,0.46507189
0.93890321,0.95709866
0.88298506,0.84032446
0.80697209,0.79147798
0.31973794,0.22571428
0.51006162,0.62316215
0.84250855,0.94026083
0.94520199,0.95509452
0.88562310,0.91946626
0.88812488,0.86271608
0.68990779,0.67736185
0.32914931,0.29299012
0.90350437,0.93160981
0.91145790,0.84429461
0.92193049,0.93079340
0.94615871,0.92286462
0.40631583,0.27491388
0.53987563,0.47344095
0.22835933,0.27841941
0.52509034,0.48061144
0.92572594,0.93051064
0.73610443,0.75789320
0.84178054,0.94412440
0.75377160,0.77607644
0.50960994,0.72667122
0.67341495,0.69301343
0.16935639,0.17293985
0.85867059,0.96814185
0.87446380,0.82575756
0.66969717,0.72635400
0.63936961,0.86697614
0.64481348,0.31173092
0.27620620,0.39001819
0.41397125,0.16899768
0.86672091,0.85553277
0.56771177,0.81164742
0.24915227,0.16834933
0.45119506,0.42169273
0.83620459,0.80127829
0.89363211,0.89919740
0.71432376,0.79312229
0.64466661,0.57057905
0.89265627,0.88174176
0.73454612,0.85781008
0.62371439,0.64401621
0.76822799,0.83227658
0.88274831,0.95726961
0.91495204,0.91936576
0.77824593,0.83569002
0.64862192,0.68053460
0.88706064,0.80092055
0.88459229,0.79621947
0.75798750,0.63051528
0.39804730,0.36483938
0.86787921,0.93216443
0.59705871,0.86294699
0.85870248,0.85502547
0.67573327,0.61018181
0.53148299,0.49695927
0.41906399,0.32577950
0.78926468,0.82228351
0.74832994,0.87309384
0.90596825,0.95283973
0.32343298,0.26299021
0.79269218,0.89971167
0.56359923,0.33002645
0.81744969,0.84373164
0.98158145,0.92684191
0.80828303,0.87118959
0.52494621,0.69461000
0.88755971,0.88480371
0.79883677,0.77288473
0.54151320,0.62577182
0.82798487,0.84312797
0.80200016,0.85797119
0.74130857,0.82330436
0.74006599,0.95151877
0.83027697,0.69807410
0.74849153,0.72405922
0.67899835,0.77265352
0.80819023,0.67525947
0.62860554,0.83003324
0.56004149,0.62389106
0.78083706,0.75815243
0.38698196,0.28270778
0.83318144,0.77167141
0.66081983,0.65917218
0.86432076,0.93516433
0.82151318,0.93100321
0.92270809,0.87618065
0.75299376,0.81323248
0.53627247,0.52777779
0.69336462,0.84273905
0.86192542,0.92441005
0.69548655,0.58058608
0.89499754,0.92202109
0.92190236,0.92261904
0.82868534,0.92895114
0.88027370,0.97321427
0.90653598,0.94377512
0.76235265,0.76018411
0.79179388,0.67623830
0.70948583,0.89098436
0.90110511,0.91602188
0.18335953,0.17230944
0.53308636,0.32973078
0.62543249,0.81386065
0.29849181,0.27668396
0.89145744,0.87431556
0.67460531,0.56918818
0.67455846,0.42682275
0.73471379,0.63289338
0.81751609,0.77915019
0.79413033,0.60599780
0.85925907,0.88887203
0.90891850,0.87887549
0.86893839,0.86881334
0.84124064,0.84907150
0.86332238,0.91576087
0.46118656,0.28926456
0.60017174,0.47911146
0.58168542,0.72467917
0.66245145,0.25419217
0.41374218,0.47933921
0.74213082,0.79894364
0.92637283,0.92743337
0.72729200,0.64779776
0.91393864,0.84539419
0.80850649,0.91399813
0.85131884,0.87271202
0.76772124,0.89002138
0.75058120,0.66373658
0.96017748,0.95114291
0.84808844,0.88769233
0.90978134,0.90360600
0.94002295,0.90453696
0.87153465,0.87023139
0.62642366,0.56904960
0.24102204,0.16021530
0.63079542,0.58776891
0.62281716,0.71616167
0.70434606,0.37820470
0.59322017,0.65054834
0.51125968,0.50625002
0.91903502,0.94345587
0.43380538,0.17151481
0.49513239,0.46443731
0.91000265,0.88044626
0.78244787,0.88876408
0.25660408,0.11137762
0.70706135,0.82759631
0.42073375,0.33913177
0.34528682,0.40757680
0.64488572,0.59522474
0.90609229,0.82589042
0.94820493,0.89339018
0.88886583,0.93048781
0.84823895,0.87427169
0.75729722,0.87892240
0.91202569,0.87680632
0.59409893,0.65094632
0.86034894,0.92667466
0.90032160,0.82291138
0.95043802,0.93553358
0.72164017,0.88555944
0.94302416,0.91696113
0.80163521,0.72555214
0.31968156,0.28170526
0.25014052,0.37861234
0.74814731,0.80787998
0.85180199,0.75822806
0.71824616,0.76342481
0.91087377,0.92787415
0.35237718,0.25668153
0.77995551,0.90701222
0.49048436,0.44807673
0.82531387,0.81018358
0.94591439,0.91454196
0.46908003,0.38902196
0.59254271,0.68171883
0.82265538,0.94202447
0.82766402,0.88461536
0.55987865,0.61678380
0.79437453,0.81605130
0.88955539,0.85770750
0.69985324,0.76175278
0.92061299,0.84337181
0.78308487,0.74940479
0.47832230,0.31749630
0.89776814,0.93988925
0.52390265,0.40856928
0.56680262,0.61964816
0.83709186,0.84441388
0.29812226,0.26264372
0.63757706,0.81456357
0.90046620,0.94091511
0.94092351,0.94483697
0.70696872,0.77436751
0.69912010,0.73497641
0.87865216,0.92367995
0.72930413,0.77442616
0.95424265,0.94002044
0.64595461,0.63948178
0.42165971,0.29001552
0.51356947,0.47703418
0.39843512,0.46399826
0.44987452,0.37721276
0.88092762,0.78236324
0.86572242,0.92214078
0.38403624,0.27103627
0.55829298,0.76398522
0.72460973,0.67205632
0.79808122,0.83523494
0.65822852,0.64715928
0.59540540,0.51620871
0.46764433,0.32157460
0.39667222,0.45544040
0.87145388,0.87108934
0.88243586,0.89443016
0.82094955,0.83858269
0.60552889,0.57860529
0.84701627,0.88908589
0.90942794,0.89660627
0.92009354,0.92574090
0.61410421,0.54323483
0.69199985,0.60007393
0.86814815,0.91481650
0.77341348,0.81704611
0.71162885,0.58841795
0.82593548,0.88918424
0.92745715,0.91494471
0.71622288,0.68860352
0.54972845,0.52295959
0.82523000,0.88658679
0.93741214,0.94576925
0.70909125,0.49879763
0.93616015,0.90279007
0.86303753,0.88721806
0.76912248,0.81605262
0.76617008,0.87434340
0.82440299,0.90211141
0.87402892,0.77503872
0.66267562,0.71505392
0.91044664,0.88430274
0.83036059,0.92897898
0.87820029,0.90256023
0.41084591,0.40279752
0.73953778,0.84916544
0.82321042,0.83684731
0.63026160,0.70334005
0.70335263,0.87882924
0.87943929,0.87598771
0.32273233,0.31770834
0.52099574,0.28206921
0.86160564,0.89248365
0.77045232,0.85238957
0.03801019,0.05983176
0.88380146,0.85267913
0.73432666,0.77992070
0.80652463,0.86928755
0.91678035,0.96528614
0.76469159,0.71977520
0.94063705,0.96238422
0.87382555,0.85739511
0.83277297,0.78503537
0.74715662,0.79966629
0.88099110,0.93440080
0.94218814,0.92379886
0.87505132,0.98342597
0.35433355,0.20089869
0.94508815,0.90116090
0.73110747,0.69155842
0.78993732,0.78557223
0.90118706,0.89515465
0.84960896,0.93720782
0.81036299,0.92423284
0.95690584,0.90575522
0.23656115,0.13828705
0.88133073,0.86878383
0.52074873,0.60396838
0.97273713,0.96349204
0.64093792,0.51846373
0.87900865,0.93656617
0.94047701,0.89278406
0.79851389,0.87902308
0.33980599,0.30046332
0.83184010,0.53138095
0.96331549,0.87888008
0.51228517,0.75535089
0.96746707,0.93247199
0.66990823,0.79126173
0.67178428,0.76397306
0.37304857,0.49263170
0.76597577,0.87048954
0.34327301,0.31396824
0.79602557,0.84852940
0.76356012,0.83923560
0.76773494,0.77722436
0.66742784,0.54607058
0.38329306,0.39491045
0.41926807,0.36439809
0.94368887,0.92298979
0.47345951,0.35971594
0.83567357,0.66836733
0.69048065,0.82934022
0.76848930,0.74916667
0.66866469,0.56794870
0.24410567,0.26325795
0.44616145,0.32736620
0.50532836,0.47069946
0.89318550,0.84627378
0.32416841,0.24463277
0.86291856,0.89110482
0.71052265,0.88505620
0.97356772,0.94174266
0.34166515,0.41137549
0.78570920,0.91608393
0.85055035,0.79931033
0.60657716,0.51875001
0.87257445,0.91388160
0.91292912,0.92925030
0.80607879,0.78833914
0.83001631,0.79221088
0.38824883,0.35390970
0.77071565,0.81076223
0.82879722,0.05911645
0.92119229,0.91886663
0.55692595,0.56222737
0.58036941,0.68636763
0.87243187,0.95931786
0.47596407,0.32346126
0.81512803,0.78118002
0.61619216,0.85876667
0.88518512,0.88779765
0.54169488,0.71874297
0.61887366,0.53004801
0.93309045,0.95449668
0.81210351,0.79494876
0.87652361,0.87537640
0.82334954,0.86697876
0.93259251,0.93665755
0.88234299,0.90814400
0.63618457,0.65395433
0.86548299,0.89931768
0.34657627,0.18908121
0.68195754,0.82154208
0.53845501,0.69164246
0.90667111,0.93209720
0.32147709,0.35555893
0.92288893,0.80653161
0.70289713,0.85493028
0.49244341,0.38282001
0.51059830,0.19711182
0.88122320,0.95179147
0.29484376,0.12941177
0.41312489,0.31220102
0.48565483,0.44861254
0.64674050,0.58635527
0.50119889,0.44241595
0.69315243,0.79017901
0.65914005,0.73001599
0.67483026,0.71861422
0.66819566,0.73753810
0.76504093,0.71454597
0.92888087,0.92307693
0.82102913,0.80853629
0.79910100,0.81911242
0.54183680,0.61310273
0.51067346,0.16138309
0.67456573,0.91361284
0.86192924,0.93801761
0.81979990,0.73944688
0.90212601,0.95026594
0.82052904,0.68241286
0.45742324,0.29026577
0.95104718,0.90825266
0.68727660,0.56674302
0.86313117,0.83006382
0.45014751,0.37950405
0.21104766,0.24927419
0.57705158,0.66252685
0.21386205,0.16204339
0.94398868,0.93233085
0.31749469,0.31582168
0.57764542,0.54292929
0.62553376,0.50508738
0.72702944,0.72426468
0.96784991,0.96746254
0.51174653,0.65416348
0.78368658,0.73229450
0.76833546,0.83696705
0.75197601,0.91287881
0.77695996,0.78899848
0.70865107,0.67014772
0.57254547,0.66860127
0.94671863,0.98486894
0.85186237,0.91407204
0.82764018,0.79912353
0.87570256,0.90790600
0.66892052,0.70644838
0.84176826,0.91641748
0.77039659,0.84031063
0.63534766,0.87734169
0.42433348,0.62949657
0.84744173,0.94938821
0.87238145,0.82608330
0.83800107,0.94702840
0.44116691,0.63105524
0.92296833,0.88569623
0.71865034,0.77464294
0.55106652,0.74545455
0.97335750,0.98336834
0.92269176,0.91069108
0.96027607,0.89937484
0.87597847,0.78953713
0.77501464,0.76818180
0.75931275,0.57471848
0.95280647,0.93378985
0.40742248,0.52639496
0.78925377,0.76866150
0.82330739,0.89826912
0.88302356,0.84943604
0.82969624,0.81756449
0.22100893,0.24496280
0.83519655,0.76861268
0.89137149,0.85765803
0.94287491,0.90140927
0.84998351,0.84456784
0.87875515,0.91470444
0.89482743,0.92037565
0.86408991,0.85377020
0.90519279,0.79467213
0.89498514,0.94008398
0.81516129,0.65170592
0.79814577,0.91676092
0.67987955,0.90826541
0.62963313,0.60053039
0.80201232,0.76889235
0.77624929,0.65831244
0.88518667,0.86602229
0.88086188,0.93534577
0.79171842,0.86279762
0.80919540,0.94604290
0.57562637,0.39957401
0.27720150,0.24195077
0.72249603,0.93266457
0.76242816,0.80518061
0.67986006,0.72062546
0.83360714,0.78055555
0.54504269,0.56966841
0.95588404,0.92892653
0.86237359,0.95193678
0.52938157,0.38558289
0.78250664,0.90510201
0.88824987,0.89741594
0.44846842,0.37056318
0.92411351,0.89875025
0.89982617,0.86353403
0.85824353,0.83863795
0.84023398,0.93527162
0.74135274,0.75619966
0.86883616,0.92960197
0.45543122,0.44396770
0.64803725,0.70168668
0.63076490,0.83679587
0.74584216,0.69344342
0.89874142,0.89650995
0.68352330,0.60600597
0.91829538,0.99450552
0.50359327,0.51262629
0.95616907,0.95794207
0.90575594,0.94287515
0.79945898,0.83426428
0.95503390,0.86212325
0.87043965,0.94481504
0.69954139,0.85546035
0.60474509,0.60193843
0.87309647,0.86465520
0.70386553,0.69813317
0.61157984,0.64303428
0.49699065,0.53717440
0.53307486,0.84272724
0.62426710,0.54914093
0.68589735,0.78872246
0.88735801,0.90750098
0.95380163,0.96502912
0.61057961,0.54791605
0.25627095,0.28604645
0.90379161,0.88689107
0.78127801,0.63084817
0.72768199,0.81448370
0.73553419,0.84798652
0.78630966,0.81720990
0.65412706,0.61100036
0.56900513,0.37871712
0.92250061,0.93508095
0.87868637,0.95268255
0.55698800,0.63884330
0.92277676,0.91655874
0.30740947,0.18856642
0.64139491,0.43263334
0.45864752,0.22155657
0.87831396,0.89042938
0.55608904,0.45910111
0.77918518,0.73458838
0.91206396,0.89012313
0.77796203,0.83894086
0.94730777,0.95038587
0.82535899,0.79125559
0.74794644,0.82203388
0.84837788,0.82721812
0.80687529,0.92786938
0.33873898,0.23721561
0.69632196,0.80576110
0.80893451,0.80829614
0.40668094,0.37508041
0.30451164,0.39418384
0.83724344,0.93737882
0.72856188,0.72736418
0.94971561,0.94878781
0.95219105,0.96307963
0.38388154,0.23443674
0.93222010,0.95625705
0.47307894,0.32948253
0.36105815,0.33280957
0.83499140,0.92866290
0.68490827,0.59002978
0.89688140,0.86577785
0.83056915,0.67957091
0.39369994,0.37083334
0.36319724,0.30060565
0.89999342,0.88114440
0.82422876,0.86221063
0.86468869,0.92929351
0.92023939,0.94755554
0.81194645,0.93284994
0.84399033,0.79547930
0.94027472,0.59764564
0.28450891,0.18849500
0.67590469,0.45049426
0.55158955,0.73779058
0.82197982,0.74086756
0.87227416,0.90647060
0.81924832,0.87305856
0.82413846,0.78616065
0.83867276,0.81487179
0.85064143,0.88617051
0.75618911,0.94964349
0.86751336,0.88360649
0.81662780,0.69574910
0.83834046,0.92451078
0.79421121,0.87648630
0.79625493,0.66000003
0.84295249,0.86680472
0.90183145,0.92136472
0.87761176,0.98305082
0.80997843,0.85917401
0.85661221,0.85643667
0.94855630,0.97607863
0.79212624,0.86778843
0.20041987,0.11444855
0.60045719,0.66009390
0.56309640,0.31722808
0.58536911,0.52303976
0.75878882,0.81928641
0.91197848,0.92797798
0.47257060,0.52903360
0.85318536,0.57935721
0.89993352,0.84517330
0.67529929,0.61519480
0.90229678,0.92339206
0.56087506,0.37234765
0.39162725,0.34595588
0.97395444,0.97681099
0.83077961,0.92441779
0.40669596,0.26586309
0.91937518,0.93525636
0.69603753,0.87356466
0.74670762,0.76463962
0.85851371,0.83113098
0.87005937,0.81653941
0.86184651,0.74366540
0.35614452,0.74915254
0.28725341,0.15166023
0.88828838,0.93917751
0.81236833,0.57265884
0.71992624,0.72574067
0.80188906,0.96226418
0.63760978,0.53176051
0.92594594,0.91369045
0.83614248,0.91626227
0.85179871,0.78528452
0.76370817,0.89729768
0.72500640,0.58861798
0.58078116,0.73949623
0.53557271,0.33631712
0.73825741,0.65859860
0.95101923,0.94795454
0.89310759,0.90801525
0.84508622,0.82967067
0.32443970,0.30645886
0.49072546,0.50251269
0.74873608,0.57917917
0.95118576,0.94779015
0.41881561,0.41248873
0.52192938,0.48412770
0.86481833,0.84244376
0.89265031,0.96799999
0.72480160,0.70853096
0.30249250,0.34913969
0.63980895,0.74974638
0.45211360,0.58547497
0.85802621,0.89215314
0.71273893,0.78218085
0.90504044,0.93565577
0.80655569,0.78867966
0.90642864,0.96692306
0.32452333,0.26499084
0.12425051,0.19875507
0.93834054,0.89975178
0.66357833,0.64754456
0.94247860,0.95454317
0.49409193,0.42990908
0.83538824,0.87952393
0.69790977,0.80987573
0.74060601,0.68158633
0.86544919,0.96209157
0.59316111,0.77735543
0.86840147,0.91145277
0.90760440,0.89309311
0.44927791,0.53292096
0.92781961,0.96157050
0.79755872,0.87500000
0.77816933,0.82282609
0.80202216,0.91638511
0.63706887,0.58630854
0.90340483,0.93979931
0.77471721,0.59177703
0.78005248,0.89854771
0.73180598,0.72432882
0.70562410,0.63698202
0.88532478,0.93027323
0.66538984,0.56061918
0.79225570,0.77020580
0.46233794,0.42132545
0.87853050,0.94683260
0.88325596,0.90500355
0.93770283,0.94230771
0.70348740,0.65608561
0.53355259,0.74019837
0.78178918,0.70291167
0.28090554,0.44576421
0.57913131,0.90727490
0.86144674,0.94602466
0.43023723,0.33775628
0.90476817,0.95109040
0.89898682,0.91905427
0.56938630,0.50566500
0.81836772,0.90048444
0.58252931,0.59053195
0.94120950,0.97306174
0.62668252,0.75476748
0.47570610,0.33456340
0.91266829,0.96128732
0.86714572,0.81549895
0.84320331,0.85439688
0.77435851,0.85401893
0.80111897,0.85075760
0.95226240,0.95165145
0.95995587,0.92686504
0.39849681,0.48505858
0.96079040,0.95390511
0.78748024,0.80599838
0.83730477,0.90769231
0.73949760,0.79080892
0.87239295,0.90397990
0.52186686,0.36405113
0.87958145,0.87470949
0.81399035,0.93694389
0.69338214,0.79691780
0.75558990,0.78330952
0.89652157,0.96805274
0.74388379,0.76921332
0.93119276,0.93607086
0.73084325,0.72216403
0.85209614,0.94570917
0.70611060,0.78358960
0.11065316,0.22785492
0.21191454,0.30344516
0.93332171,0.97201425
0.93409467,0.92996705
0.46372688,0.49853569
0.71246737,0.71849275
0.84375697,0.95070422
0.86468452,0.88003707
0.76133513,0.83245796
0.77967882,0.69407368
0.97474968,0.97383201
0.83918417,0.84758884
0.93132478,0.91683120
0.92338771,0.84386200
0.90955108,0.90087718
0.69379646,0.79504013
0.85619199,0.90407240
0.91882592,0.88486165
0.49969345,0.47393841
0.85830921,0.81459248
0.77939731,0.65215379
0.71974194,0.70029688
0.86902934,0.76731455
0.67003256,0.65735173
0.80354774,0.87525922
0.46860340,0.51220894
0.83003151,0.79191267
0.89110029,0.83404255
0.95624512,0.95983928
0.47436360,0.36042839
0.80324644,0.80392855
0.84332687,0.85172158
0.70356578,0.72687620
0.85615385,0.92983389
0.94630963,0.95673680
0.89487916,0.95630878
0.85663497,0.97462410
0.93860376,0.89845413
0.78909004,0.79668605
0.91987503,0.88697374
0.81426877,0.86759579
0.67352891,0.88792294
0.92690676,0.93200159
0.93353599,0.93097031
0.86354142,0.85191262
0.40666565,0.43764684
0.92465591,0.95304269
0.95942426,0.92646158
0.39929312,0.39971015
0.77596146,0.67215383
0.31872472,0.25180703
0.78672093,0.81518060
0.90370566,0.86124969
0.84586781,0.81611842
0.74488300,0.84769130
0.59781349,0.50645941
0.04991995,0.08762792
0.30130216,0.21655035
0.87376201,0.88651985
0.64988977,0.83152914
0.85005510,0.82580411
0.55364597,0.56879222
0.58373815,0.51782811
0.95347357,0.92928571
0.62897235,0.61852694
0.77283531,0.87166262
0.58952081,0.56360048
0.84299928,0.86212993
0.79553801,0.78719491
0.30426848,0.27508554
0.83727765,0.04841315
0.76179874,0.80169010
0.67661810,0.68397969
0.93002200,0.91978264
0.88583392,0.94484937
0.37734300,0.38727298
0.84218109,0.90857321
0.82558203,0.89265734
0.02186166,0.06653640
0.84029788,0.89169848
0.82381094,0.90864319
0.96824509,0.94609249
0.90736061,0.90433514
0.57491112,0.75037980
0.64834231,0.76231754
0.79523009,0.80713177
0.49829718,0.62611806
0.39233473,0.40342155
0.85416782,0.91816008
0.87584245,0.88266206
0.45391592,0.33628988
0.42262557,0.30961546
0.94276434,0.87369770
0.89924955,0.84653473
0.75562584,0.76207525
0.37943062,0.72625697
0.81990606,0.83388489
0.69387251,0.68317592
0.69914585,0.86365926
0.86867744,0.74751997
0.86490214,0.92639738
0.83803165,0.96173269
0.85554838,0.93501294
0.27609730,0.25788260
0.88951051,0.88248795
0.17043173,0.27713567
0.37890074,0.23388544
0.71620494,0.88203245
0.62432045,0.22875798
0.63497424,0.45881549
0.41828322,0.37987551
0.74911451,0.68915665
0.54648715,0.52350962
0.84595770,0.90397918
0.75910306,0.75808090
0.88002437,0.92827880
0.57170826,0.66389322
0.88541448,0.74797606
0.60081893,0.61400348
0.81639063,0.87679505
0.86609161,0.85100001
0.73972821,0.76419407
0.58536071,0.70871383
0.43048227,0.37168610
0.29883581,0.25433421
0.47246125,0.55558765
0.35887054,0.37943745
0.70344895,0.70826066
0.64895946,0.68231523
0.87623549,0.83614987
0.67665350,0.66354609
0.58397573,0.56455427
0.91106427,0.91570240
0.83925825,0.94852942
0.69346297,0.87019229
0.63243401,0.67060351
0.86847025,0.87860221
0.50310057,0.43408552
0.93041277,0.90430224
0.60113090,0.47454759
0.52919978,0.51738435
0.51589143,0.49768543
0.89769423,0.91897058
0.60819930,0.75338256
0.37713304,0.33257172
0.86596805,0.89344037
0.90348142,0.91629022
0.70911509,0.73072940
0.80409890,0.88801169
0.37518492,0.32324985
0.85034460,0.94017380
0.42118716,0.62384528
0.77579618,0.81833214
0.84479713,0.89733124
0.83999705,0.93570572
0.70466954,0.80914003
0.58763438,0.67290825
0.62548304,0.72541469
0.92277879,0.97580647
0.74511790,0.73941207
0.93368989,0.92059553
0.89261174,0.89386451
0.93595749,0.90226364
0.88042665,0.93188852
0.80989748,0.92187917
0.89509171,0.82926828
0.94803917,0.90646851
0.41206744,0.59047621
0.76733410,0.65952832
0.80198795,0.79450709
0.71402740,0.90077573
0.48033428,0.55291277
0.65419668,0.79394019
0.94824362,0.94914114
0.74351919,0.85851353
0.60999000,0.66111636
0.56557423,0.68265980
0.74324238,0.79583335
0.90841562,0.91269839
0.61371469,0.28492424
0.68872064,0.65308434
0.56159145,0.60615385
0.80696523,0.82792622
0.82529730,0.82487172
0.72475994,0.79496950
0.67672265,0.73055607
0.78684169,0.87011999
0.94486737,0.92416620
0.77673632,0.74605095
0.90620196,0.91570044
0.73022634,0.91728526
0.95266503,0.96706986
0.16687945,0.23533912
0.53857481,0.62380713
0.97223681,0.96905977
0.92462963,0.78756368
0.92191064,0.89470923
0.75371718,0.71027851
0.85060322,0.89061230
0.96584618,0.91687191
0.96457934,0.93857831
0.78582132,0.83492053
0.70321262,0.50351262
0.44923696,0.45799181
0.70393896,0.71102941
0.77261066,0.54235274
0.87829006,0.90381426
0.77146339,0.85565293
0.95000428,0.86322647
0.21108417,0.17943865
0.88182372,0.91248631
0.55189532,0.66569257
0.72150254,0.79492009
0.89781970,0.85245121
0.68715900,0.81559318
0.41367432,0.41204482
0.72153789,0.82869667
0.55206126,0.57735616
0.72182751,0.94763815
0.73608172,0.52567416
0.38206804,0.27283254
0.86406130,0.77820754
0.84253526,0.80371416
0.73078209,0.64583331
0.75932133,0.69887793
0.59209085,0.70807451
0.75349969,0.92517263
0.47546235,0.36639267
0.93030947,0.92623454
0.55443311,0.75976318
0.94247359,0.94687277
0.62501258,0.66178685
0.80356950,0.86329669
0.88320941,0.96053946
0.91708726,0.96490383
0.80210721,0.76452470
0.01221298,0.04907224
0.65448272,0.73474181
0.86139190,0.84605688
0.84790492,0.80925405
0.83927792,0.83467120
0.78185344,0.87336600
0.74307549,0.80581552
0.50016207,0.29188052
0.63704312,0.90178400
0.91029394,0.96808511
0.88638568,0.90359366
0.86918944,0.94184738
0.41574931,0.37508628
0.51657003,0.57276696
0.42006814,0.31777900
0.84497672,0.72867787
0.44329402,0.45838079
0.92365712,0.96690059
0.56965774,0.76967627
0.91831708,0.84325379
0.68541950,0.77817506
0.69199818,0.78527069
0.86602050,0.88919914
0.67811257,0.47211823
0.77666914,0.81373334
0.85757416,0.92434543
0.87933630,0.90702969
0.37802348,0.36060503
0.72019166,0.79690802
0.87609243,0.90548658
0.91730398,0.74968606
0.83513993,0.85537040
0.92112553,0.94372815
0.49157453,0.63958174
0.29574552,0.29538941
0.76735878,0.87087911
0.84595531,0.78552634
0.80680096,0.80993885
0.60751337,0.64122051
0.52473921,0.90967745
0.88303506,0.94041324
0.58977294,0.66906327
0.92920095,0.85280538
0.77730322,0.77713078
0.85294408,0.90087938
0.57959604,0.36320755
0.45707482,0.80348140
0.46270680,0.45288461
0.64329231,0.80483484
0.75141120,0.66613168
0.53529215,0.45424199
0.85591125,0.80536550
0.52440035,0.58970314
0.93169516,0.86410403
0.91038966,0.93724263
0.80730015,0.79350895
0.95413476,0.94241124
0.69403613,0.09493448
0.67168093,0.70093668
0.90881914,0.91849816
0.57742918,0.77214825
0.93323398,0.91477275
0.19817024,0.19832759
0.83992076,0.77344030
0.90464437,0.81774193
0.66389996,0.74101347
0.81964505,0.79667425
0.47241899,0.39893100
0.80462104,0.75262189
0.97179115,0.97436619
0.54176986,0.58208001
0.91676039,0.85481483
0.73995066,0.65468109
0.83671564,0.92648536
0.65016800,0.74169868
0.94041860,0.96470946
0.16189098,0.14268395
0.89248341,0.85882354
0.93360656,0.96330440
0.78090215,0.82924050
0.77891839,0.77595627
0.51761019,0.44452891
0.80253363,0.84760499
0.84058499,0.63616735
0.77992857,0.75533837
0.81786412,0.77235162
0.95596957,0.92451161
0.46825314,0.52540648
0.79838157,0.87541831
0.80099905,0.86324370
0.90018857,0.92401743
0.89848977,0.79488355
0.77275300,0.81569493
0.91542685,0.91648656
0.58815664,0.78724122
0.75954479,0.81261754
0.93251389,0.89749157
0.81149024,0.54038197
0.57069886,0.41161060
0.37979713,0.27785650
0.86661547,0.83435541
0.90371919,0.93596226
0.63728356,0.66906357
0.25043935,0.09331770
0.55621243,0.70543820
0.74546623,0.39207914
0.63154399,0.66717333
0.77485168,0.76567328
0.83453315,0.87568682
0.95898181,0.93506479
0.72399002,0.70934904
0.92567641,0.90208632
0.44561085,0.35040271
0.76745015,0.85967463
0.87728930,0.82354587
0.78477502,0.61100799
0.58615053,0.69261646
0.94164205,0.92561406
0.64686263,0.67673612
0.90332222,0.86098039
0.94351733,0.97058821
0.80501193,0.73329091
0.48156998,0.55677921
0.62634838,0.68556148
0.96039790,0.90425187
0.93405515,0.93237972
0.88577378,0.92176437
0.71869296,0.75551468
0.91753042,0.94066691
0.87380975,0.91112089
0.81121302,0.79359227
0.58608282,0.65434331
0.55855197,0.66588682
0.82554501,0.88086140
0.84736770,0.86908519
0.91058761,0.92590219
0.44170347,0.27918723
0.72793519,0.75859374
0.54596770,0.60708481
0.77060860,0.88536286
0.70554209,0.82017541
0.86735344,0.85367477
0.49055293,0.29310322
0.81538004,0.75720918
0.79138750,0.84809572
0.86575067,0.90018588
0.79791027,0.90471417
0.81765896,0.83271801
0.87515599,0.92495608
0.84901732,0.80089670
0.53881633,0.62819201
0.78377593,0.87680167
0.27357110,0.18476626
0.56020844,0.65500969
0.89306730,0.86213160
0.94488132,0.88749844
0.73360014,0.68462902
0.80550158,0.60758698
0.47131503,0.44687781
0.57131004,0.54361302
0.85814840,0.89737171
0.39424604,0.33808678
0.92845750,0.93352044
0.77574694,0.88174605
0.69842130,0.67734772
0.56311983,0.60252136
0.43918753,0.47512907
0.70584559,0.71401262
0.83403301,0.85995477
0.73105794,0.70470148
0.47582498,0.72416669
0.92753631,0.92451495
0.86955547,0.89092827
0.63984430,0.48940939
0.93946207,0.85253119
0.84996879,0.72226584
0.79121047,0.82371795
0.75171995,0.72313339
0.60606939,0.69491524
0.43441391,0.28302512
0.85380095,0.66316849
0.78921336,0.78918386
0.84624439,0.86122358
0.64277327,0.61486304
0.94301987,0.93851012
0.81463122,0.86617076
0.31420127,0.21854033
0.91036999,0.86709678
0.56240273,0.44594145
0.62797576,0.70934421
0.81465775,0.57563108
0.75005919,0.84181809
0.85129929,0.89143956
0.35739210,0.33776334
0.92610323,0.88076925
0.58769435,0.62833571
0.73260087,0.65507013
0.55610853,0.54255599
0.88286138,0.94780439
0.87806129,0.84815168
0.89279848,0.96512538
0.89767116,0.94533569
0.24886435,0.13820100
0.59701419,0.63128549
0.92117679,0.87087184
0.76165426,0.77670741
0.64085221,0.57333332
0.62259948,0.73601484
0.72149342,0.60244495
0.92726678,0.93458170
0.59917611,0.74855393
0.80300164,0.85432756
0.92919099,0.90358436
0.45358676,0.36324245
0.90348965,0.90914899
0.39282754,0.23429488
0.67299289,0.67422217
0.85186642,0.91130614
0.84804708,0.86633402
0.51033002,0.45963559
0.83401418,0.93364704
0.88186032,0.90337920
0.78368336,0.88635087
0.85837871,0.86596137
0.12319747,0.14238474
0.68753552,0.67353058
0.72383761,0.65959710
0.78508031,0.68902355
0.93396538,0.94130772
0.93644607,0.93890327
0.73413736,0.83010000
0.81015861,0.76870990
0.75638342,0.78508079
0.34518287,0.20129573
0.74440253,0.73593277
0.61555302,0.69652408
0.90379268,0.89276779
0.96317470,0.95815170
0.79858184,0.85358393
0.80903322,0.95081967
0.72414607,0.87386876
0.94216514,0.92785192
0.84876639,0.82240474
0.55227387,0.51847291
0.57865733,0.54570955
0.89948732,0.91483933
0.93783659,0.96159512
0.90525025,0.91969699
0.80710053,0.77557325
0.94558066,0.94213098
0.58851916,0.59547079
0.62524432,0.63316905
0.79800874,0.85747862
0.83603185,0.88942462
0.79387671,0.76581365
0.86623567,0.92413795
0.88380975,0.86388087
0.73727649,0.90184408
0.91815346,0.94159889
0.61463940,0.47769994
0.50209332,0.51582682
0.73623079,0.65855271
0.66816169,0.55837613
0.68544596,0.86041665
0.90198934,0.81261653
0.55493629,0.64788085
0.89575285,0.90757883
0.56843156,0.68867254
0.23226684,0.27033615
0.87939578,0.86742425
0.89339495,0.95296687
0.86793667,0.87668997
0.60223383,0.70405483
0.89620692,0.90872830
0.30569419,0.26891235
0.50460786,0.28844616
0.93157983,0.93867528
0.89771384,0.95836520
0.91944790,0.85400099
0.53991365,0.64777327
0.86592931,0.94413793
0.26394814,0.58318377
0.81133598,0.87031418
0.84541667,0.90730679
0.85844338,0.89260840
0.90654212,0.85858172
0.54852366,0.44202900
0.35909620,0.22620282
0.90791488,0.93948317
0.87045264,0.95407110
0.83202958,0.85167789
0.37604621,0.31044713
0.54735047,0.53255486
0.51066613,0.65804696
0.49810866,0.71916008
0.87080336,0.82708436
0.82503343,0.90111095
0.83605492,0.88809043
0.51897365,0.61163920
0.46131209,0.29148528
0.88462025,0.84470338
0.71254504,0.76190341
0.66735190,0.67272520
0.89337367,0.96080023
0.80996311,0.93525702
0.86883599,0.96389180
0.66718400,0.64065313
0.80355603,0.72689146
0.87123322,0.77282280
0.53652012,0.57794201
0.16532190,0.35547245
0.79241550,0.93001091
0.83898419,0.76111454
0.46585479,0.52020627
0.36956683,0.17866541
0.61682010,0.69835669
0.70207232,0.33899325
0.67083848,0.67985255
0.95289582,0.92778361
0.20226887,0.10347844
0.85371935,0.86087668
0.90442455,0.91655713
0.52848774,0.68643981
0.68882573,0.61396575
0.67024738,0.78740156
0.84405637,0.83333802
0.53553903,0.77130038
0.91406846,0.94031703
0.83283424,0.91185915
0.90393472,0.83411217
0.48364586,0.89218092
0.69765580,0.73265839
0.94555432,0.94374889
0.89544636,0.89110535
0.44747719,0.51438850
0.64636618,0.74140918
0.58661377,0.72272569
0.34696969,0.25613412
0.85234296,0.91926461
0.61404085,0.67595762
0.30725890,0.35258478
0.69216639,0.75138831
0.92714339,0.97033179
0.68715078,0.56723893
0.19618459,0.06769641
0.83043092,0.90299064
0.58975369,0.75866234
0.45946446,0.55458927
0.51852876,0.64275974
0.76029855,0.78007442
0.89953071,0.93749142
0.26719719,0.33064476
0.20891672,0.13935617
0.72345710,0.76309842
0.83109629,0.70236617
0.76776326,0.82342285
0.87919003,0.96078664
0.78764623,0.61427450
0.71028310,0.86798906
0.83229005,0.94516754
0.77678531,0.86344659
0.90230083,0.78021848
0.86207491,0.88256192
0.86859298,0.92800957
0.57247239,0.70984000
0.21772984,0.19401021
0.90684813,0.93364310
0.84956127,0.85556608
0.83475924,0.82829678
0.79842144,0.86018974
0.88575721,0.93216723
0.84966737,0.83884478
0.89322895,0.91721135
0.79941267,0.85417455
0.49875358,0.44195944
0.78416109,0.63091153
0.91697389,0.92968750
0.94186842,0.98076922
0.95383090,0.93113101
0.96110058,0.93695152
0.57763511,0.59340662
0.76902801,0.75494677
0.61296809,0.56511414
0.64412612,0.59271789
0.59429294,0.57225901
0.65272129,0.63688868
0.62801373,0.85099202
0.48230165,0.51166642
0.81107336,0.86235178
0.90490025,0.71102273
0.74806565,0.74606460
0.59029430,0.90601236
0.75419742,0.82942766
0.90676391,0.95560515
0.27789274,0.17277816
0.40043890,0.41530049
0.27163485,0.35408485
0.76609588,0.86810982
0.85145503,0.87404394
0.84556246,0.84020394
0.91822881,0.88895178
0.85113925,0.88835049
0.69159085,0.75410956
0.26625317,0.19355844
0.70132798,0.70774949
0.84929299,0.79755753
0.96621990,0.94196790
0.58165580,0.53551751
0.73707825,0.69441104
0.80141503,0.74720901
0.50135481,0.80436713
0.82496101,0.90191597
0.66011190,0.81031436
0.34732503,0.57670254
0.49341062,0.37342286
0.85799724,0.90213126
0.80767596,0.91887301
0.25632259,0.21821387
0.86139667,0.84253246
0.84228855,0.91629750
0.69462508,0.85547787
0.38706541,0.17727028
0.68919295,0.76651859
0.71413749,0.61042839
0.40911010,0.57232702
0.68623120,0.77196455
0.52875495,0.31979588
0.91928208,0.94718504
0.85824180,0.82682014
0.82510024,0.79161072
0.93521965,0.92636448
0.89185113,0.87543857
0.71994901,0.73408186
0.88420177,0.91348845
0.76477772,0.83029968
0.57273734,0.54387695
0.46999335,0.09005424
0.93517870,0.93725491
0.87605423,0.89542693
0.89084500,0.90824288
0.69380409,0.68916667
0.77369738,0.75555056
0.88151491,0.88198572
0.83105832,0.78076386
0.76688284,0.90701753
0.90039814,0.81612223
0.90267330,0.93109173
0.77572733,0.63605124
0.19387642,0.22940685
0.74209988,0.68094826
0.15400542,0.09789793
0.63577062,0.55041182
0.80233270,0.66631186
0.50058866,0.38241181
0.54127502,0.58136481
0.16715854,0.14239281
0.42498577,0.41961285
0.75192875,0.67160743
0.87349826,0.81496948
0.89914536,0.94230771
0.53609681,0.54797554
0.19175394,0.22549520
0.91722363,0.88494551
0.86196738,0.87281960
0.87465584,0.79909480
0.91433901,0.97513658
0.84505069,0.87907219
0.87420338,0.82881582
0.34114605,0.28370300
0.60509163,0.50191200
0.48179922,0.55876905
0.76310939,0.84394497
0.81147301,0.86643320
0.86703575,0.88522571
0.92038894,0.92619932
0.60019708,0.62764049
0.85688156,0.83414376
0.67440677,0.59026688
0.84452707,0.88969105
0.85098392,0.87930161
0.59570944,0.64108753
0.74146861,0.69405240
0.71688485,0.44936466
0.59948152,0.65328610
0.42591280,0.35587573
0.86053896,0.92472613
0.86091679,0.89193571
0.90573108,0.91976273
0.64119345,0.56158555
0.82057631,0.93181819
0.84319949,0.93839288
0.88074601,0.89677179
0.53316373,0.61343890
0.74694371,0.64621210
0.86605495,0.93771851
0.66663808,0.64251715
0.88776052,0.80676502
0.85941774,0.92940140
0.26252824,0.56573516
0.78024662,0.83414179
0.74593621,0.61239034
0.95752853,0.94537038
0.73292702,0.89517760
0.83110213,0.84082633
0.94975001,0.95478034
0.77071029,0.82629454
0.92751974,0.90221554
0.77531862,0.71525139
0.60477149,0.65284371
0.69370246,0.88858747
0.65804803,0.34324324
0.88828552,0.92129201
0.44405243,0.52965587
0.74752837,0.85662329
0.66505682,0.62984276
0.70611185,0.84014910
0.65889150,0.67456281
0.78766090,0.81367642
0.78430003,0.87737381
0.74985230,0.71979111
0.75595587,0.60012245
0.72756290,0.80896324
0.68950337,0.79903263
0.83037388,0.84898800
0.79018813,0.89979094
0.57926250,0.54217803
0.86148238,0.87184513
0.41235700,0.35023639
0.92311913,0.86972600
0.93857366,0.93309766
0.80252475,0.42963848
0.95273435,0.95238096
0.85208672,0.90292448
0.54951185,0.59359169
0.88982511,0.84764689
0.91589659,0.93941593
0.66692054,0.54642147
0.49148333,0.46075755
0.84272009,0.78745866
0.92866367,0.88140428
0.85296690,0.85532874
0.84811622,0.87586004
0.45994604,0.41097781
0.59111637,0.81294906
0.57494897,0.69873011
0.75039065,0.76341772
0.41766560,0.41939652
0.96086127,0.93331707
0.42076710,0.38063678
0.78297317,0.81461120
0.84992564,0.86356544
0.77464432,0.81888497
0.79340947,0.70126402
0.84987843,0.84600532
0.73657590,0.71799242
0.55825824,0.80576766
0.10711046,0.11573371
0.18225551,0.14471753
0.32487234,0.27370870
0.37477556,0.21802193
0.86597472,0.86745286
0.89318520,0.91761792
0.48449033,0.55567831
0.28351742,0.08684523
0.91146839,0.90174997
0.79746336,0.97752810
0.81452852,0.50587827
0.92872417,0.95787656
0.80862457,0.82811010
0.71383703,0.58943623
0.82696629,0.84034121
0.55778486,0.72468823
0.51242304,0.41787943
0.55845994,0.67524695
0.85489345,0.88715434
0.77133960,0.85143358
0.66274685,0.76572299
0.86633611,0.73267573
0.51531792,0.41130349
0.44555706,0.41253459
0.50125986,0.42333701
0.70229888,0.80225331
0.36221880,0.37073177
0.85921359,0.89083129
0.92216736,0.92635638
0.84967846,0.90638530
0.96371412,0.92786336
0.89640641,0.88932884
0.89455277,0.87222224
0.86359173,0.76081729
0.89840251,0.84429973
0.82998812,0.86156839
0.53772885,0.45977011
0.93083382,0.87298405
0.66960567,0.47832707
0.46749610,0.52225542
0.65602100,0.79806578
0.86388320,0.88583738
0.77185285,0.87263954
0.50881267,0.70811111
0.88480294,0.81082720
0.76029122,0.75315470
0.52191067,0.55298787
0.86189902,0.86960250
0.84501165,0.89337331
0.37786835,0.29517210
0.28271711,0.38227704
0.90734667,0.94754153
0.83308810,0.89941752
0.65916097,0.72067940
0.81784666,0.92671192
0.70278943,0.72892541
0.43682349,0.40477979
0.43255886,0.49698871
0.45520225,0.22254266
0.86175293,0.91021466
0.71353614,0.75062531
0.94929141,0.89143640
0.88788784,0.92778337
0.91268444,0.84831065
0.80856127,0.81224483
0.62403744,0.76156652
0.87721455,0.82895660
0.49635220,0.54846936
0.91325742,0.93164825
0.64341301,0.79267889
0.39032984,0.17075326
0.48203498,0.27600297
0.95054078,0.93757331
0.86340249,0.71526593
0.68990105,0.66985452
0.53533560,0.41604635
0.83754474,0.81719166
0.21229118,0.21320389
0.63445562,0.72617304
0.94460267,0.94099051
0.77014577,0.75108284
0.52735573,0.46733695
0.10428365,0.10089324
0.97793531,0.94463146
0.66159040,0.74892473
0.83193833,0.84465814
0.48334616,0.58803153
0.73113644,0.78171647
0.84246063,0.86781013
0.43321460,0.48348597
0.85959643,0.89264327
0.55975419,0.50515997
0.92975163,0.91790068
0.38516647,0.32206389
0.81745994,0.85796642
0.69725966,0.50573266
0.24016450,0.20284900
0.91651362,0.87166619
0.91050309,0.93390751
0.89012641,0.99810249
0.59814084,0.66365343
0.63169843,0.42079458
0.77583116,0.71060944
0.82783258,0.93063945
0.71298695,0.73101854
0.83316314,0.95595813
0.75153285,0.61693120
0.66715699,0.85039145
0.94899487,0.96496212
0.41548669,0.24882154
0.81287527,0.92705601
0.83182800,0.88428366
0.42143199,0.38980940
0.75707889,0.93256634
0.89520824,0.83937222
0.66024023,0.72542518
0.79167980,0.67465597
0.64192474,0.82082480
0.91182774,0.90278625
0.90508592,0.89822596
0.71866047,0.68520772
0.58887619,0.38532355
0.68076724,0.48704740
0.84807342,0.83126938
0.34811229,0.18162036
0.94045061,0.90208477
0.85065097,0.77817488
0.87304932,0.97225618
0.22034870,0.19789402
0.83903164,0.89963681
0.95062846,0.94377440
0.87753397,0.85839826
0.65597218,0.61078435
0.53777659,0.61413044
0.93467665,0.93711191
0.87536347,0.76545084
0.94715434,0.97058821
0.44786125,0.36443609
0.44941336,0.36312521
0.82534981,0.76708263
0.51041830,0.52937502
0.90161967,0.79024607
0.87943918,0.89081454
0.81471920,0.86110950
0.61015743,0.75369942
0.37404057,0.35006940
0.97166145,0.94548410
0.84471732,0.66498518
0.80889201,0.81830639
0.83458865,0.82892108
0.81237864,0.88184768
0.33673924,0.27616072
0.84725839,0.79850364
0.92710149,0.89065719
0.87430096,0.93086231
0.88810420,0.72998244
0.87490278,0.84679800
0.43132341,0.21632653
0.26250431,0.33326069
0.33568686,0.19183815
0.59837461,0.48743087
0.90828395,0.94407952
0.92744970,0.89401984
0.87204880,0.81552893
0.79959804,0.92807019
0.83918095,0.78325993
0.76683855,0.86732459
0.68458021,0.77313966
0.81989515,0.77454948
0.67076999,0.74046820
0.89515674,0.85392076
0.68612206,0.83129698
0.89422172,0.83756614
0.93913615,0.93528140
0.88986933,0.88186926
0.79603356,0.79381973
0.67793435,0.69688696
0.94782913,0.91922879
0.81931180,0.92652273
0.86844903,0.84664577
0.67246741,0.76540387
0.77863550,0.89585638
0.90786469,0.93859649
0.36409742,0.32080314
0.82678658,0.77245408
0.90288210,0.91573280
0.66880757,0.64191377
0.69791400,0.85057473
0.14652428,0.14787246
0.86604214,0.84416056
0.78564626,0.79087746
0.80944628,0.89317387
0.67499310,0.64391613
0.88983709,0.88299233
0.52770489,0.43194795
0.67640048,0.67963105
0.67196667,0.65176547
0.79310876,0.82643163
0.77816987,0.75226355
0.81278408,0.75716102
0.54449511,0.44025022
0.61962742,0.60747039
0.87483108,0.78223419
0.86414844,0.86879975
0.74356830,0.76255196
0.89508808,0.88927275
0.95445073,0.96808511
0.48673540,0.54241073
0.77863044,0.75661653
0.32862478,0.09863760
0.51308137,0.55715907
0.80494267,0.73624593
0.84699631,0.79540890
0.65112805,0.71696526
0.61763006,0.59149587
0.93500179,0.93978560
0.84744197,0.96419412
0.59752893,0.69525450
0.83623517,0.49738893
0.83833164,0.76723981
0.95197928,0.95720690
0.87910581,0.90099812
0.89951676,0.95794469
0.24197675,0.30288059
0.59758103,0.71082675
0.82265222,0.86419159
0.63198507,0.65958905
0.91264820,0.85815513
0.63769609,0.74333793
0.60802978,0.66988039
0.54513842,0.71070814
0.79567629,0.94148535
0.57485819,0.81313258
0.81893730,0.79290372
0.79079282,0.64735752
0.83755255,0.79436970
0.88411230,0.87596530
0.90038383,0.87224531
0.86618704,0.95764995
0.35327369,0.36092472
0.69866568,0.62922239
0.93081445,0.92874461
0.75582510,0.74860299
0.66388631,0.70526314
0.80682361,0.89749998
0.36413440,0.37449864
0.94073170,0.95026022
0.50046843,0.32028005
0.58230948,0.64425415
0.88389963,0.96162230
0.82252902,0.76695514
0.71922022,0.77394414
0.39179683,0.63053328
0.89106834,0.95596242
0.82162368,0.76823986
0.71769798,0.75105363
0.31395465,0.32566988
0.75294262,0.68333334
0.56300282,0.69332433
0.06677210,0.08037448
0.75233710,0.89220911
0.87987280,0.96814519
0.85154724,0.84479272
0.75326449,0.79338527
0.81164342,0.94954646
0.51236075,0.43284315
0.84871763,0.69583505
0.91264760,0.89440757
0.39380437,0.36039910
0.29538959,0.35332921
0.77216673,0.68539518
0.66163379,0.74256802
0.57664913,0.48081312
0.61679369,0.53971231
0.88880128,0.72615498
0.96176857,0.92392248
0.90705580,0.96382010
0.66502678,0.73432392
0.84281379,0.86331171
0.77469575,0.78166544
0.87077278,0.89899069
0.72843438,0.76608050
0.79601228,0.86064786
0.73717993,0.82148719
0.46019039,0.58672035
0.91609854,0.93351567
0.29184881,0.42465344
0.50428337,0.68576086
0.48623601,0.52576363
0.81673247,0.70784760
0.65839106,0.53574198
0.87091249,0.91157508
0.83137625,0.74523485
0.92163312,0.91091871
0.83072108,0.82977635
0.59987485,0.81792766
0.88898402,0.88826263
0.67980075,0.72435689
0.75877154,0.75868577
0.66311926,0.67637467
0.73954600,0.99567723
0.95091230,0.92606348
0.68463945,0.57397401
0.83847362,0.90356058
0.80531436,0.71961153
0.67733002,0.79880536
0.48117310,0.50130612
0.90623659,0.93789756
0.86897677,0.95311296
0.71784514,0.81991476
0.73939210,0.72814614
0.67673016,0.71362889
0.77273393,0.83389235
0.83820438,0.83451200
0.85957688,0.78860199
0.75805914,0.73657191
0.85188085,0.84061986
0.81253481,0.94540530
0.78769761,0.80648643
0.29363272,0.31366667
0.81399739,0.84796661
0.72999412,0.73351729
0.50570875,0.54718840
0.90243036,0.88162988
0.66535842,0.81057250
0.90397978,0.92400765
0.51356441,0.57354552
0.89846325,0.87233663
0.40720743,0.50428438
0.37018785,0.13711420
0.32195324,0.32454872
0.85185951,0.89262384
0.96347171,0.96363014
0.22651799,0.19509904
0.92555636,0.99425286
0.59969276,0.72651094
0.69454604,0.60988230
0.68701619,0.60228240
0.79045224,0.88930732
0.92522120,0.86408865
0.46846879,0.34537953
0.80924898,0.84377444
0.95185471,0.90561378
0.20608951,0.13695097
0.40604109,0.50378859
0.81683683,0.74292064
0.87337935,0.79004449
0.30247313,0.24258862
0.62612879,0.86763489
0.95500648,0.94272786
0.91176558,0.87228262
0.88929194,0.93089473
0.76295930,0.82659674
0.80423719,0.56715345
0.48824859,0.43750000
0.55585152,0.64929664
0.83666706,0.87730443
0.81221914,0.87369418
0.95966101,0.93460876
0.80684811,0.83190787
0.91662169,0.93884945
0.90391445,0.93355179
0.85307628,0.68113589
0.85407680,0.92294228
0.81214112,0.92998475
0.56097549,0.72939563
0.92455363,0.81197727
0.88797206,0.93533128
0.67784727,0.66155618
0.86604351,0.83815289
0.60081708,0.64594233
0.40921456,0.42381462
0.44265953,0.33714616
0.23987195,0.19290447
0.80709267,0.88418782
0.63011616,0.52502614
0.29104358,0.22745098
0.89539784,0.81343281
0.37165815,0.29205781
0.88518256,0.87623543
0.65193290,0.67069441
0.77616280,0.84294069
0.87543517,0.93773043
0.82295132,0.81463414
0.89329594,0.94401836
0.92215914,0.86678141
0.82604754,0.87521613
0.76486140,0.57271230
0.47700858,0.53940362
0.65646571,0.71821153
0.80380052,0.91012084
0.46246988,0.47917229
0.86396861,0.98165137
0.74839616,0.91362369
0.84844160,0.85909718
0.52254218,0.54266471
0.84349871,0.91173846
0.89534003,0.90658933
0.91169304,0.86791629
0.94664812,0.95744681
0.79267377,0.58418125
0.73850244,0.82290292
0.93602538,0.87208658
0.73817921,0.74011052
0.47013429,0.60045093
0.88319248,0.83905226
0.67423189,0.65093398
0.86649990,0.90899503
0.57659590,0.69546163
0.41792503,0.74472129
0.78357249,0.88727701
0.68841350,0.73769182
0.60473961,0.73922074
0.65790880,0.76217532
0.91819036,0.93277627
0.79124373,0.83050299
0.90592986,0.90052283
0.21271732,0.21194558
0.25300467,0.17284226
0.84090781,0.77059960
0.81787926,0.91963649
0.84339738,0.89316058
0.90293902,0.86691087
0.87648046,0.93498981
0.85765845,0.82219505
0.56316948,0.58228850
0.75013322,0.70582694
0.96685898,0.95121115
0.78663898,0.86135387
0.48597068,0.56164718
0.36875448,0.30777812
0.86633801,0.91045171
0.88002253,0.89441824
0.82950759,0.84645456
0.81237715,0.94160479
0.93920732,0.91924030
0.86759746,0.90334094
0.55984116,0.61994076
0.59872448,0.40143004
0.74473840,0.81551468
0.61894745,0.78577238
0.31816557,0.20197700
0.78562719,0.66645622
0.56274164,0.78876680
0.87867403,0.89681494
0.96191633,0.90065694
0.82664156,0.84817350
0.65515125,0.47467282
0.74207425,0.79190505
0.43184203,0.28224444
0.44099116,0.76277483
0.86409658,0.91742486
0.78610063,0.83657098
0.79728132,0.82361144
0.82122314,0.68787706
0.72113991,0.91034049
0.91402000,0.96686637
0.71076995,0.61069554
0.93001324,0.83503401
0.67437476,0.69078428
0.86766940,0.91370666
0.87056577,0.84787780
0.87714171,0.90089047
0.85321563,0.82089055
0.87658095,0.80405194
0.91902000,0.93518662
0.96813411,0.97240955
0.82477319,0.84013987
0.84763253,0.87225527
0.92953187,0.92179430
0.86574298,0.92888987
0.32118967,0.45072746
0.86185813,0.85822284
0.86500740,0.85104918
0.78289330,0.76822382
0.88359010,0.82194221
0.75238436,0.59787560
0.83756757,0.84872788
0.75049335,0.83742207
0.32555184,0.34439981
0.96105558,0.93610096
0.37277684,0.26666668
0.61194390,0.62235463
0.51614398,0.60673052
0.33742547,0.18010005
0.87324572,0.84380031
0.85303593,0.92732280
0.84148026,0.83649731
0.71859020,0.90593380
0.59940004,0.70613438
0.92607176,0.92788690
0.42238727,0.48370764
0.79066265,0.81176519
0.62421435,0.77148271
0.89576077,0.96093750
0.91300660,0.90387791
0.89642048,0.84759659
0.85431474,0.89461780
0.89580631,0.94208241
0.91639847,0.95119363
0.91961342,0.90923703
0.90839124,0.98130840
0.61538345,0.56146836
0.89660448,0.91173589
0.66437811,0.50154185
0.68565500,0.58893472
0.21736740,0.14646147
0.47243890,0.50424671
0.63025677,0.41088435
0.40382716,0.29401568
0.42225376,0.48030955
0.24645215,0.07546584
0.74088782,0.74223316
0.73523659,0.87124062
0.93841594,0.91920114
0.79517347,0.74406934
0.95220250,0.92366052
0.75060141,0.64682537
0.63672584,0.60321188
0.43602934,0.37818581
0.67973512,0.62571734
0.86918366,0.91259533
0.71177119,0.72680253
0.65418398,0.66029036
0.85854131,0.87170118
0.76842207,0.76955587
0.91071945,0.93319839
0.64554912,0.85587108
0.50828791,0.58505511
0.87537444,0.96349204
0.59486479,0.61569321
0.61044753,0.69259226
0.61294979,0.66327536
0.92529339,0.91928649
0.93575996,0.95802468
0.95001656,0.90012270
0.96660697,0.90114379
0.47886589,0.20503296
0.26995993,0.35523197
0.44845706,0.26745707
0.85299355,0.90437460
0.77590096,0.63581181
0.62299150,0.61104149
0.86521435,0.93285304
0.42722964,0.81210190
0.53673971,0.47129482
0.81612313,0.81258750
0.45783648,0.45364729
0.92895794,0.98169702
0.71936542,0.78268450
0.59870273,0.61704546
0.92722386,0.88990861
0.87417072,0.97045207
0.70745409,0.70130837
0.91353518,0.89285284
0.52835435,0.62724870
0.62031710,0.56385195
0.36845496,0.25637975
0.63647830,0.79500234
0.75051969,0.69508725
0.72212088,0.63013417
0.90503448,0.98334062
0.54067385,0.69055158
0.83414054,0.92383808
0.87216085,0.94218361
0.85957724,0.86891854
0.84931701,0.86367422
0.57647377,0.51754659
0.56674993,0.78297937
0.93743396,0.93371862
0.90907139,0.90143776
0.81150943,0.91566491
0.51521492,0.30468205
0.54214966,0.56979698
0.28455818,0.23250675
0.91097754,0.86995327
0.40262511,0.41469720
0.95284432,0.93900478
0.51257312,0.43546876
0.74915045,0.77786911
0.56767046,0.69936556
0.91079879,0.95305806
0.85631824,0.76403230
0.79803795,0.80402207
0.75546473,0.75223839
0.81108940,0.83078456
0.85667276,0.78764856
0.95895845,0.95811826
0.71795553,0.65855736
0.89736217,0.91666669
0.08497137,0.07999019
0.83410513,0.76587898
0.80261832,0.61953080
0.79214126,0.75495642
0.91896105,0.95080733
0.72578228,0.77038592
0.68110085,0.80060756
0.61729038,0.74267250
0.78319871,0.79971099
0.81635368,0.91238075
0.21036303,0.22217397
0.92951828,0.87666112
0.68201572,0.74300504
0.52835137,0.45698714
0.32320121,0.36278734
0.47406587,0.37106428
0.56260687,0.71309465
0.48356572,0.44977465
0.68127859,0.59016037
0.87675858,0.91565895
0.91650951,0.91120613
0.85438323,0.91013020
0.91741163,0.89345205
0.74988544,0.80820620
0.63344747,0.86757928
0.83152491,0.91666669
0.86693293,0.85315496
0.93109673,0.87983447
0.46990600,0.49665090
0.93260741,0.95381582
0.89328963,0.90521133
0.73102432,0.67910516
0.59283686,0.40959081
0.29963014,0.20271671
0.56357157,0.68091470
0.68484861,0.68552852
0.94535464,0.96753246
0.26455396,0.10126051
0.79973823,0.80754149
0.94277805,0.93436402
0.82424968,0.74362189
0.82338881,0.82724601
0.70883447,0.79828215
0.79323488,0.69347245
0.82567120,0.82698303
0.97367674,0.93198323
0.63017005,0.51811862
0.78849548,0.70439917
0.86696720,0.92944145
0.84108067,0.90636706
0.70890945,0.71667582
0.54033428,0.42832315
0.88497043,0.89857936
0.85738021,0.86661679
0.95396507,0.92589283
0.43685529,0.25634059
0.65372950,0.83868378
0.82396412,0.78827751
0.94900602,0.92849410
0.94668299,0.89989805
0.76443672,0.76666665
0.53319651,0.55991811
0.44554088,0.28589076
0.83664793,0.88310915
0.55672002,0.55888957
0.93904001,0.89850473
0.60595602,0.27880543
0.88390887,0.92014730
0.76443398,0.73731178
0.63471729,0.52108461
0.77343088,0.83567995
0.37212792,0.32528889
0.91730958,0.96169591
0.63346392,0.77822578
0.57138610,0.58068180
0.93882388,0.87170529
0.75948340,0.71845239
0.92120701,0.87380368
0.72055542,0.76607144
0.93054825,0.95326221
0.94914198,0.89258462
0.35058901,0.34081885
0.56535202,0.59745753
0.70594710,0.68646055
0.80984730,0.82647961
0.85478091,0.90271491
0.87342083,0.91725850
0.82246655,0.88718826
0.78373814,0.87114435
0.73777264,0.60120356
0.70769221,0.46852174
0.59680367,0.73190427
0.52262068,0.39402726
0.67506361,0.62926930
0.48299384,0.49691918
0.94905251,0.98701298
0.86882746,0.89826065
0.85064393,0.85449898
0.88088179,0.90821499
0.73163480,0.75923043
0.73391569,0.70555204
0.85221189,0.94282120
0.81588167,0.77347064
0.84848225,0.67157787
0.88138461,0.70553362
0.74188632,0.81201661
0.94545466,0.88078886
0.76579463,0.83578432
0.96042883,0.94103128
0.69579470,0.53107768
0.56174660,0.52988833
0.28987831,0.20009609
0.38161179,0.39013493
0.79937404,0.78663665
0.93800300,0.89193547
0.66866410,0.44416144
0.78816646,0.93978345
0.69947630,0.81386513
0.27381647,0.33039546
0.77214956,0.65399677
0.75382298,0.75515068
0.92227376,0.96022224
0.79726416,0.87657964
0.80001527,0.84198749
0.73885226,0.86983937
0.71059465,0.78114754
0.59466410,0.78111744
0.59684438,0.56970626
0.87387216,0.92520034
0.81165659,0.79707003
0.83601516,0.89074498
0.93109602,0.84968865
0.76428467,0.76813245
0.77203995,0.90280050
0.87001222,0.94572371
0.83325905,0.82553840
0.59207487,0.65357143
0.84563023,0.95462906
0.60271806,0.66510111
0.87566966,0.79662228
0.93822545,0.90443242
0.77584654,0.84760690
0.80628121,0.83841294
0.55375266,0.67039657
0.79932690,0.83207256
0.76831448,0.81657487
0.63776815,0.77877766
0.31031406,0.31129807
0.54763258,0.68655598
0.55722666,0.59858119
0.14100768,0.17453220
0.87991607,0.93983346
0.90379250,0.93475556
0.73033887,0.75798655
0.73954880,0.70731276
0.75609809,0.71174288
0.54233319,0.35124078
0.88129342,0.91406113
0.76106596,0.76807600
0.73984969,0.76313525
0.32729250,0.31278375
0.45912829,0.44432133
0.83139604,0.90317613
0.69400382,0.79202557
0.87394422,0.93099362
0.66550928,0.70170403
0.44603553,0.54166949
0.69838941,0.85633147
0.88231933,0.90139705
0.74015921,0.75012022
0.80505317,0.80881226
0.69397259,0.82235855
0.61181140,0.60790813
0.71873313,0.74700153
0.91542083,0.96954507
0.89095986,0.91812015
0.83131653,0.84948391
0.04524548,0.08566161
0.92482257,0.12643468
0.67993981,0.85046059
0.89655346,0.90807289
0.93177706,0.93888801
0.61514342,0.60186297
0.93762237,0.91981262
0.59023845,0.69896704
0.70180625,0.66550720
0.74631423,0.77146763
0.78909755,0.90429294
0.64248139,0.79958069
0.45053604,0.40756464
0.63521522,0.39721471
0.31795672,0.17623153
0.74185264,0.73163074
0.90669441,0.89707863
0.74835181,0.56689388
0.72684520,0.87054497
0.86566687,0.88084084
0.92981666,0.91818798
0.88646400,0.94163120
0.95793957,0.86440676
0.83437181,0.87353730
0.45888174,0.56899458
0.49029598,0.49455270
0.56429613,0.61777139
0.55582821,0.52595538
0.88629985,0.94755542
0.45941287,0.36901370
0.89342153,0.87933469
0.85450977,0.87507808
0.89293957,0.91969991
0.94067866,0.97183162
0.72300863,0.69854492
0.94629616,0.90601087
0.90124840,0.91934985
0.79194236,0.76273364
0.79474080,0.86068255
0.86658770,0.91656953
0.73528129,0.60021871
0.89850229,0.85117328
0.82364279,0.86987966
0.80815619,0.84303600
0.61727107,0.77068216
0.61707067,0.79150760
0.96937883,0.97414732
0.83935487,0.88803732
0.90505421,0.90785474
0.69256467,0.71074456
0.74994159,0.83252627
0.50097525,0.63190854
0.85035634,0.88191229
0.24931215,0.20976952
0.83275288,0.95288247
0.93075055,0.92028987
0.52090782,0.49156144
0.83271396,0.83364457
0.84882712,0.87213224
0.84761935,0.88528138
0.78488880,0.58817035
0.38987005,0.31286803
0.47211301,0.62922794
0.56215197,0.61418188
0.66278917,0.24347527
0.11366738,0.11873738
0.76241869,0.76134181
0.48574936,0.39613393
0.63655597,0.82008451
0.78933722,0.80440974
0.39822191,0.33329469
0.79860133,0.92367554
0.89266515,0.89866668
0.55653089,0.70171762
0.53867525,0.42954203
0.74586499,0.80566639
0.77430612,0.83036262
0.95174944,0.92585701
0.82866949,0.74073303
0.74667668,0.80979818
0.89134943,0.86962384
0.70590746,0.62326616
0.76009488,0.63095152
0.87872893,0.89482588
0.70621085,0.83699787
0.47055709,0.49342829
0.82565445,0.91283423
0.87165546,0.80642664
0.50318891,0.62330812
0.87861222,0.89504141
0.89608717,0.89152396
0.78467470,0.92405063
0.28256142,0.32725823
0.42580479,0.39709273
0.88132942,0.93515384
0.89155936,0.88094622
0.83583909,0.85957152
0.30926627,0.27339184
0.85979879,0.86980635
0.85705364,0.79888940
0.45539939,0.42548537
0.86055291,0.86160082
0.40010321,0.54627961
0.78788912,0.43585798
0.64203382,0.50837368
0.90142608,0.85884035
0.91948622,0.88307792
0.34886745,0.45987770
0.89188534,0.91107064
0.25532255,0.24315847
0.84016442,0.90119338
0.75279951,0.90645260
0.65530390,0.72031248
0.87738371,0.87706041
0.83984441,0.80713564
0.77973503,0.85912198
0.69174045,0.72882140
0.86938578,0.99019605
0.79679155,0.83900726
0.52511549,0.32135075
0.56256896,0.39172241
0.66846508,0.67829460
0.42421794,0.37510505
0.87571198,0.83604652
0.85045093,0.85988456
0.50676161,0.65158045
0.27188453,0.31108308
0.49139154,0.50334930
0.85323334,0.85481507
0.75221795,0.79130161
0.77146006,0.84695125
0.66430426,0.61887354
0.27686515,0.14263675
0.62582427,0.48690495
0.79288858,0.86300260
0.33021542,0.26383927
0.42680240,0.53753352
0.81055719,0.62433434
0.58895850,0.45224568
0.89522678,0.95352924
0.89588058,0.80819237
0.63192505,0.69459707
0.53290290,0.67878431
0.93107742,0.89837396
0.95791245,0.95400435
0.86878914,0.91041696
0.79964691,0.75858337
0.79863399,0.82003665
0.71986324,0.70340455
0.72688276,0.48337805
0.49525040,0.37991992
0.71385843,0.86611974
0.70864344,0.58784384
0.71708024,0.75064933
0.87466735,0.90627605
0.57972914,0.65292746
0.92499596,0.91074139
0.67522174,0.76752019
0.78475457,0.87040246
0.65564841,0.61211991
0.46454012,0.43487820
0.85651922,0.90623552
0.95032370,0.89944851
0.80097020,0.84052944
0.37224042,0.26004007
0.68912280,0.84988815
0.62640232,0.53417081
0.75816000,0.83466578
0.72540158,0.52981442
0.82206106,0.86218321
0.76054120,0.81845027
0.85293794,0.86103523
0.51059121,0.51631916
0.73291463,0.83559859
0.84108329,0.18303572
0.69684863,0.93627453
0.90387380,0.83944249
0.87421668,0.84463322
0.15498456,0.09526616
0.95117366,0.93244487
0.75729519,0.77100843
0.86082447,0.94883019
0.94477457,0.92723972
0.80305827,0.68794161
0.86926174,0.86485237
0.95981693,0.92160589
0.88856685,0.89840817
0.75972855,0.92906165
0.81735200,0.75259233
0.76544547,0.61574060
0.69562739,0.59257960
0.88300514,0.79675978
0.74789363,0.59789425
0.92632896,0.93469661
0.75549984,0.54686409
0.95090562,0.93159062
0.64452422,0.70015490
0.79710567,0.86223722
0.82834888,0.90609950
0.87694973,0.94830412
0.88426006,0.94938821
0.40047053,0.35658288
0.85111427,0.71201617
0.40381899,0.45272169
0.75253582,0.82881021
0.43292707,0.37209436
0.82096267,0.92400002
0.74803054,0.68304229
0.78461182,0.71880341
0.94381225,0.88179296
0.75200659,0.76571894
0.66351604,0.77197582
0.48694810,0.57446116
0.16491655,0.32542616
0.74528068,0.65605420
0.55204761,0.61134416
0.39005998,0.58115762
0.86819851,0.81293952
0.71245795,0.60676390
0.88145387,0.82358974
0.76828414,0.85777777
0.40448204,0.27318868
0.53172374,0.81480813
0.80016989,0.87839675
0.39298984,0.29782945
0.26482973,0.04680178
0.08651623,0.06657046
0.80916077,0.90623760
0.77297449,0.81647158
0.74009913,0.58619440
0.83559006,0.92981434
0.91989177,0.95986170
0.63823020,0.74702710
0.49772981,0.64082605
0.80589533,0.76300967
0.87825537,0.83017105
0.93601316,0.84848541
0.77202362,0.79630065
0.86116278,0.79869944
0.52628070,0.59406590
0.71014661,0.79819822
0.80236435,0.81499010
0.93021756,0.91630435
0.54744941,0.34444845
