Predicted Score,Actual Score
0.86297423,0.97402596
0.79344529,0.73417723
0.44360718,0.12823969
0.86245668,0.81259978
0.88793081,0.89496130
0.59483820,0.47500202
0.91115749,0.90291262
0.89344531,0.96124291
0.90114748,0.89341539
0.90551883,0.88575649
0.81718260,0.89799571
0.88182241,0.90173441
0.87692267,0.87073731
0.90473580,0.92330921
0.51630831,0.56876683
0.78175575,0.75344354
0.93340743,0.95312500
0.91812581,0.91624480
0.78908306,0.69825709
0.55597460,0.67295039
0.93408537,0.92591548
0.71521986,0.83874792
0.70686638,0.67183489
0.89050502,0.87838751
0.83640701,0.85806680
0.56408465,0.67744184
0.59958023,0.64183676
0.88356209,0.90314204
0.56997025,0.39795625
0.11908454,0.23219927
0.64347297,0.73923182
0.65750372,0.62878650
0.89476538,0.79866892
0.95704645,0.93340164
0.73154414,0.76762378
0.88350564,0.87750590
0.64009356,0.70610350
0.91762888,0.87274390
0.83801991,0.77471316
0.77116543,0.74017882
0.62683040,0.53162020
0.84247047,0.85185730
0.86717814,0.82243454
0.92619741,0.96494067
0.80759370,0.68949252
0.82735068,0.84601575
0.78648382,0.66256118
0.93608302,0.96178091
0.86878616,0.89498997
0.52060807,0.60363024
0.94089955,0.95655042
0.60376948,0.52236116
0.73060006,0.77376813
0.91447449,0.95441693
0.73123246,0.69354075
0.48117396,0.63580692
0.87769097,0.84415495
0.58316183,0.40421757
0.68769795,0.71092772
0.44449949,0.48772570
0.89119184,0.92003518
0.75278050,0.80931371
0.78131610,0.81769353
0.53749269,0.58732945
0.89550328,0.93263525
0.94917518,0.92334527
0.88734734,0.86228913
0.52200162,0.61061680
0.94544584,0.94150591
0.91108984,0.93775851
0.77703661,0.77325583
0.59455073,0.75315696
0.95401663,0.94875002
0.90007246,0.91922528
0.06326085,0.08555707
0.91178548,0.91582203
0.71519732,0.45671695
0.89924157,0.90770239
0.85021919,0.85985541
0.71558797,0.62730861
0.72802055,0.72826087
0.90768737,0.88688642
0.65795374,0.71479058
0.36170864,0.36846665
0.59428161,0.65540588
0.67864001,0.68428475
0.86170846,0.84891218
0.85834575,0.55244505
0.85078400,0.35617423
0.65025604,0.50777072
0.86328548,0.85436708
0.75544447,0.79423076
0.80941540,0.89748764
0.71751249,0.83244783
0.96196634,0.92120171
0.81308866,0.88900036
0.77320927,0.84893095
0.38793018,0.26438427
0.90283895,0.93618190
0.67638183,0.71952027
0.68832070,0.70891517
0.88458997,0.93338555
0.80138469,0.81782299
0.79709029,0.82515365
0.94765949,0.93354863
0.76437235,0.76575905
0.72004944,0.78066832
0.80551195,0.81996006
0.44177875,0.70684522
0.65820605,0.62531328
0.92662191,0.92056233
0.87825251,0.89564049
0.78344899,0.75606227
0.87645119,0.79218322
0.84625018,0.74072599
0.94103122,0.98071426
0.90857112,0.92811561
0.90025467,0.87471670
0.93714702,0.91462636
0.87471390,0.82258064
0.41315567,0.39279380
0.91661716,0.88937986
0.89789736,0.90602368
0.77190626,0.81310177
0.33746114,0.55831259
0.89270723,0.94914424
0.93968147,0.95865506
0.91939682,0.91876382
0.60504580,0.50917327
0.34344560,0.36498562
0.54114056,0.61657834
0.89871705,0.79741937
0.93928468,0.95239449
0.42359439,0.28675476
0.06503540,0.07518037
0.63709903,0.71153843
0.90295023,0.92348027
0.94805318,0.92421323
0.76213747,0.56428504
0.87092072,0.82616764
0.43256408,0.34419924
0.68952489,0.81334132
0.52138436,0.65832502
0.62000185,0.43220028
0.90621781,0.90905404
0.87444997,0.79105079
0.54360014,0.55054945
0.80567831,0.62651515
0.81934673,0.86879802
0.89635783,0.97530866
0.75876075,0.87283242
0.54962319,0.56747156
0.90334678,0.94212097
0.64375710,0.66474348
0.86214960,0.92114174
0.60668367,0.53451371
0.41149998,0.53433007
0.40291986,0.26161468
0.77351815,0.76617503
0.35265523,0.26211971
0.78517741,0.85384059
0.71124655,0.83106786
0.38920942,0.52025586
0.53509527,0.45982206
0.73383778,0.66571146
0.57134801,0.65996927
0.69027549,0.55469769
0.30955729,0.49744070
0.85264170,0.82678950
0.88804239,0.86687738
0.35326689,0.50203669
0.73005354,0.82179201
0.77288622,0.83482140
0.90707725,0.87538403
0.67748123,0.42339361
0.89444041,0.87560409
0.85834187,0.96667218
0.93922961,0.91998285
0.70775557,0.57792211
0.14309183,0.11602031
0.28507021,0.44695711
0.91398388,0.90727723
0.30183825,0.21682203
0.61804038,0.73896211
0.21188340,0.08269231
0.93810856,0.89456820
0.45540178,0.54569191
0.34955522,0.53317410
0.90076554,0.80749857
0.92742538,0.91145813
0.75366718,0.55948716
0.80978709,0.80233300
0.88720983,0.88644528
0.61708099,0.62116641
0.93639588,0.95716840
0.82188880,0.88170350
0.90803242,0.87957662
0.90199417,0.89387870
0.40390635,0.40693602
0.86794645,0.89572513
0.88661492,0.91693234
0.85927641,0.84765124
0.59977567,0.76251251
0.90858036,0.91515762
0.93008894,0.87500000
0.92321503,0.89019877
0.85945773,0.61056477
0.64390969,0.82854885
0.87823009,0.78734589
0.81253523,0.78923386
0.85780543,0.88581467
0.09129249,0.16648623
0.54598045,0.67439586
0.60513687,0.60586655
0.28650212,0.21057090
0.96528250,0.97528487
0.64774674,0.77255833
0.86997384,0.81333578
0.45287070,0.40319654
0.25126529,0.18734229
0.89293772,0.93949294
0.86889267,0.83993411
0.71691573,0.81172067
0.91298443,0.84017092
0.92359662,0.92468828
0.93865144,0.88304842
0.81283462,0.66082203
0.91054523,0.88372952
0.89655989,0.83225191
0.94017541,0.95003641
0.82138354,0.72066885
0.86147696,0.86759102
0.95040995,0.95790040
0.87813634,0.90465409
0.83381605,0.89721519
0.72104806,0.70557100
0.78168237,0.69692564
0.91038769,0.92170662
0.73740250,0.82425898
0.84233457,0.87733400
0.81706232,0.73381919
0.82328534,0.93076921
0.24853261,0.24927424
0.84370613,0.52957636
0.87196124,0.82738793
0.75889641,0.86590999
0.94169325,0.92802405
0.86458611,0.90368575
0.62903631,0.54557669
0.69114703,0.62063390
0.72713780,0.79854780
0.88641232,0.74737102
0.16246921,0.12833922
0.86994535,0.79881155
0.49257994,0.35335454
0.93260616,0.93185782
0.60040015,0.59370100
0.65060407,0.77021104
0.53940630,0.52511907
0.47471297,0.30528343
0.79617077,0.80870020
0.50509888,0.34392732
0.83428556,0.89617443
0.29963940,0.35266176
0.04648956,0.07075887
0.93591362,0.87498575
0.84321922,0.88172841
0.15219848,0.12780370
0.92414790,0.90276414
0.77798849,0.83361101
0.84235775,0.88522983
0.94033015,0.95717955
0.59657091,0.46015915
0.52660954,0.38126567
0.34075835,0.25172111
0.84322214,0.80265307
0.82871753,0.76514375
0.45932454,0.07320361
0.83708167,0.89524198
0.70574856,0.73342174
0.88803840,0.80329156
0.85300064,0.85264045
0.84423774,0.78269428
0.87293124,0.87559807
0.88584161,0.90807718
0.35411969,0.36312518
0.90833932,0.80876142
0.27029437,0.25291896
0.88056386,0.86300600
0.78169912,0.79727256
0.62093073,0.61340129
0.91333026,0.89284766
0.93214661,0.91649079
0.61761796,0.55881286
0.41663048,0.54536289
0.83521509,0.75468165
0.91879010,0.94361734
0.68309456,0.59260988
0.60158104,0.64701778
0.79993111,0.71809447
0.91208023,0.93402511
0.65277678,0.58740681
0.42054433,0.41599599
0.15230069,0.14241019
0.81787646,0.67805189
0.92494965,0.80217671
0.78141981,0.66494596
0.92463821,0.95568520
0.62474787,0.61684728
0.92805576,0.88004929
0.81815869,0.88933253
0.87536931,0.82872027
0.80540138,0.80215055
0.85860634,0.80901641
0.81511211,0.82661730
0.11345793,0.11900791
0.88719136,0.87948585
0.72529566,0.80047262
0.74547857,0.46851847
0.50343245,0.57297772
0.88534451,0.71595830
0.45479593,0.74690306
0.76172179,0.73192525
0.73990029,0.75357145
0.48292476,0.57308745
0.60466063,0.62363571
0.76272178,0.65479439
0.92864776,0.93142426
0.69793874,0.83667612
0.91245347,0.89990115
0.65249139,0.67989606
0.93385160,0.94007879
0.82252175,0.91771734
0.90059727,0.91071504
0.88123417,0.92906648
0.94798869,0.91549295
0.79868442,0.66958934
0.50338006,0.41143456
0.74367964,0.88174874
0.86109346,0.85992599
0.61761725,0.13107717
0.87707090,0.89474386
0.82518893,0.68202478
0.94586658,0.94682842
0.73250002,0.63246292
0.87159687,0.62972188
0.61794764,0.37559256
0.78490758,0.80065358
0.94638562,0.92087841
0.20894611,0.36875001
0.92850316,0.91927636
0.54451156,0.46600592
0.64289808,0.61411488
0.92100859,0.89916748
0.91521889,0.92163610
0.91794324,0.93200552
0.71774858,0.61390060
0.83198142,0.65883905
0.92162728,0.67633200
0.84699005,0.86915255
0.07762430,0.15155677
0.57675439,0.49106583
0.68109608,0.69213933
0.24049136,0.24906784
0.40174186,0.54263598
0.73996586,0.77467996
0.70084459,0.68409622
0.25260684,0.29139313
0.49331167,0.51904726
0.44764006,0.38562462
0.88203341,0.84973544
0.92082715,0.95088142
0.93729413,0.94298244
0.93114096,0.86500758
0.88680434,0.90359151
0.88915640,0.87472767
0.74875575,0.46424896
0.94296360,0.95084935
0.83786637,0.77117878
0.71231800,0.58342171
0.89355141,0.91828686
0.80781114,0.80697674
0.84417266,0.71942645
0.89110929,0.93650794
0.58950734,0.57005721
0.54216295,0.51761085
0.83168674,0.75609297
0.55019957,0.45612457
0.85243905,0.73582870
0.55629188,0.38604474
0.91800296,0.90181994
0.74945426,0.73497599
0.87010723,0.88957173
0.23232503,0.34808046
0.91311514,0.92061257
0.90080601,0.90839982
0.50580764,0.55831069
0.62587482,0.72351193
0.91487879,0.93805766
0.63976747,0.64244634
0.71460396,0.32544324
0.82354271,0.73041230
0.49894893,0.34453544
0.57109982,0.50486070
0.82264549,0.78953445
0.82729930,0.94339621
0.29619893,0.30385977
0.62602496,0.64590788
0.89356732,0.85407209
0.89138752,0.91231942
0.66536564,0.18738404
0.43157464,0.45740741
0.89817446,0.96041739
0.57349080,0.72167873
0.56690401,0.42158175
0.89880246,0.91804773
0.75535506,0.78965688
0.36296031,0.52184761
0.75926441,0.87190974
0.95855695,0.94274896
0.87890965,0.80571985
0.87981588,0.07899183
0.84436983,0.60848868
0.75131571,0.89148116
0.46223605,0.51343048
0.94305784,0.92359877
0.57428914,0.79474926
0.75384367,0.88637221
0.89842021,0.98275864
0.89424175,0.89629233
0.87184191,0.89764708
0.84609079,0.84450263
0.60838568,0.61614585
0.13491856,0.17829013
0.90611404,0.92699409
0.79516017,0.81618500
0.55758208,0.53220779
0.86219347,0.92192829
0.31305373,0.33106670
0.51916331,0.44288188
0.64511377,0.56109023
0.60665983,0.43951538
0.92257041,0.92528480
0.90395069,0.93086082
0.33872792,0.26050326
0.53581083,0.56626183
0.33928192,0.36328125
0.91008782,0.92448813
0.77024585,0.82105064
0.66952378,0.68381846
0.69636029,0.82598782
0.58361673,0.50071144
0.90778607,0.94360578
0.79758257,0.90516317
0.61379212,0.72879392
0.77188385,0.76458818
0.84334421,0.88809526
0.91758823,0.92989480
0.90586776,0.98217809
0.74534881,0.86826700
0.85314500,0.56681240
0.84291387,0.85920775
0.64025497,0.57705969
0.94603384,0.88157892
0.69667643,0.78612471
0.88680071,0.94624126
0.55982918,0.54118794
0.70345879,0.63134241
0.53540730,0.87279165
0.49312022,0.31614673
0.88964033,0.86965811
0.87360424,0.88306868
0.90100008,0.92385060
0.69847816,0.76888734
0.84873772,0.84614265
0.80378312,0.72766995
0.11382512,0.11512188
0.94597584,0.93403876
0.88614845,0.82826018
0.90704519,0.87306368
0.83803171,0.87089950
0.72174013,0.75645971
0.87224114,0.85018182
0.85900694,0.66416782
0.63672608,0.75797015
0.47269920,0.25341764
0.47440770,0.61868542
0.89547533,0.93299794
0.68180573,0.53369093
0.37037313,0.50543553
0.89185596,0.94818151
0.73031694,0.89948452
0.89102602,0.88830614
0.75844049,0.55795473
0.80914664,0.71386105
0.70425284,0.76758122
0.82528996,0.75173992
0.80590367,0.67453843
0.14262639,0.15517631
0.07432902,0.08621617
0.91008389,0.87846482
0.69603312,0.77368772
0.27413100,0.32831958
0.54489779,0.69556928
0.78214175,0.85143918
0.86807871,0.96383566
0.80514222,0.91259277
0.46737984,0.42557567
0.93934500,0.88128066
0.63355213,0.73436350
0.81698251,0.75521260
0.95144308,0.94178456
0.84831476,0.83820224
0.79052240,0.90534252
0.88378137,0.90604395
0.66189057,0.54397857
0.29770291,0.34042621
0.70600832,0.74213564
0.30924532,0.46721312
0.70754182,0.83787876
0.83172268,0.77691257
0.68461311,0.78463358
0.76696682,0.54062980
0.52616495,0.56309479
0.91882265,0.90254986
0.70852411,0.81804323
0.87187624,0.88422751
0.85547733,0.82250792
0.56848663,0.68953943
0.90105736,0.90570074
0.93286049,0.94573575
0.95115644,0.98872048
0.26604444,0.28900936
0.87938458,0.79104477
0.93354118,0.93850523
0.91779584,0.89795154
0.81348020,0.83737725
0.74741536,0.74095714
0.32242697,0.33032396
0.37889987,0.34530908
0.82738161,0.80003738
0.61810124,0.74438637
0.90579939,0.86483365
0.55493259,0.16271827
0.29266638,0.27488452
0.87975472,0.97891808
0.76193851,0.81934381
0.82519287,0.87059790
0.76628041,0.53162599
0.82019776,0.89136720
0.71162784,0.78222442
0.83431393,0.87974375
0.12593518,0.17347129
0.88198185,0.78741497
0.35736483,0.57768714
0.83472025,0.66176468
0.75502700,0.37600806
0.79942840,0.90059763
0.93616277,1.00000000
0.69470078,0.75333333
0.40290850,0.51879370
0.79827338,0.87455761
0.82714659,0.88170165
0.29341799,0.33645615
0.88905448,0.78451216
0.90193498,0.87897205
0.39931849,0.37231278
0.59737408,0.65100884
0.86606103,0.98514849
0.40443492,0.34342417
0.92062467,0.94150341
0.85120863,0.86278194
0.63431829,0.73398250
0.41802600,0.18351649
0.91186893,0.17508772
0.59500331,0.54235989
0.79595560,0.88377446
0.91346049,0.88747102
0.85909683,0.68725389
0.89777869,0.94704670
0.74581063,0.76789868
0.89732808,0.90375656
0.54419947,0.38664913
0.78049660,0.58123970
0.94774002,0.94471526
0.48181483,0.58785385
0.15841545,0.13317041
0.80393666,0.82111031
0.78709483,0.81927550
0.74392754,0.50737178
0.37980881,0.35793820
0.90346527,0.94668913
0.73944223,0.78106236
0.58046794,0.76445186
0.81192172,0.94601381
0.89065629,0.90634274
0.64121550,0.68380833
0.91043925,0.90094048
0.39099407,0.20601732
0.75238311,0.57549256
0.34760320,0.40170914
0.61539561,0.56870341
0.83502853,0.70322567
0.33325872,0.56885648
0.94690216,0.95232815
0.85639733,0.97230917
0.91540796,0.90798736
0.52714479,0.50279957
0.90471756,0.93726468
0.49342489,0.47462690
0.91307133,0.98611641
0.82860845,0.84835601
0.50724506,0.45559782
0.86675900,0.90083504
0.83141375,0.91296166
0.89972639,0.94327378
0.34122103,0.16424765
0.51204246,0.55503821
0.88049012,0.91661292
0.44860142,0.45925885
0.38187996,0.29532996
0.91716903,0.87887806
0.90061355,0.90586281
0.21865591,0.17696486
0.58110183,0.82478631
0.86781436,0.86314261
0.81001478,0.76869750
0.50092548,0.53705597
0.88377476,0.92538112
0.43752548,0.56055903
0.89694846,0.88629723
0.68332350,0.75627935
0.94617385,0.93670887
0.73794281,0.82308888
0.45406115,0.40456834
0.85423636,0.91089743
0.63366824,0.78777778
0.87824649,0.92911357
0.78034723,0.69113922
0.87166017,0.90190220
0.65807861,0.63666749
0.89401472,0.85641026
0.40539223,0.17829363
0.85744447,0.69058317
0.09437340,0.15327817
0.90069270,0.90101820
0.87545145,0.91109407
0.95129275,0.95047361
0.92923748,0.92647058
0.52840155,0.68912905
0.91132134,0.92720586
0.53031254,0.42086020
0.29479045,0.27375650
0.91065788,0.86971354
0.83330733,0.89973330
0.78063512,0.79886061
0.34414953,0.43711844
0.89264804,0.98076922
0.13702792,0.10615226
0.82609874,0.83466554
0.82758987,0.88856828
0.87023151,0.94647890
0.44815919,0.43639743
0.63783711,0.55140448
0.86299169,0.87530923
0.81062031,0.78524160
0.88177013,0.91887212
0.92334634,0.96458089
0.65200084,0.73625642
0.75508475,0.62658280
0.83194613,0.84385967
0.80782115,0.15565036
0.94098759,0.95704174
0.92363608,0.89234298
0.37384284,0.52842444
0.90390003,0.87819541
0.93757141,0.88687754
0.67403126,0.73830181
0.50950867,0.52949911
0.70707381,0.71129984
0.84673786,0.86401820
0.87235647,0.84465569
0.29106346,0.62325048
0.86858714,0.70629656
0.94626850,0.96345747
0.82959425,0.85711020
0.53283608,0.42282653
0.92022145,0.83812600
0.75103933,0.91418177
0.69833291,0.53076196
0.72058678,0.76756668
0.51910186,0.48365700
0.82790482,0.84386742
0.86309814,0.87472898
0.58225185,0.43295455
0.72997659,0.15256086
0.41632181,0.56848830
0.57073325,0.46316090
0.79182214,0.84844136
0.57947600,0.58766234
0.89822751,0.93451458
0.94789112,0.94434857
0.78917646,0.87548947
0.89938730,0.66451401
0.91871858,0.93750000
0.86882520,0.87782383
0.85094506,0.77662879
0.46391389,0.52112883
0.79675215,0.74080932
0.34337112,0.35436183
0.91668868,0.90838045
0.89182705,0.86874288
0.29378608,0.40221879
0.83840263,0.68074971
0.80190223,0.27570876
0.65382046,0.65938246
0.51915741,0.75972068
0.73844486,0.72567880
0.93955141,0.92263740
0.89885253,0.90852314
0.79662669,0.77347380
0.81472749,0.90735614
0.37713668,0.39060232
0.93396509,0.93160450
0.89530772,0.93575215
0.91743457,0.95952332
0.92324227,0.92662084
0.12914242,0.13453953
0.66289252,0.80454558
0.94563097,0.97752655
0.83825314,0.84678727
0.79197806,0.82333183
0.89875048,0.93022865
0.76512712,0.61199600
0.71845478,0.77859968
0.70372242,0.80725890
0.84051770,0.83139491
0.82856619,0.83583742
0.83699608,0.87042934
0.50736177,0.70664060
0.43176070,0.36685368
0.76229918,0.74097306
0.78571641,0.79255486
0.86498612,0.84913212
0.85679877,0.71875864
0.67624766,0.67011690
0.69336414,0.32683048
0.77691561,0.55766112
0.77764159,0.85989255
0.20961212,0.19367094
0.90135878,0.93538404
0.92117012,0.90991825
0.81861800,0.68539327
0.91140616,0.91759419
0.78327066,0.72106284
0.36397246,0.32704347
0.92278779,0.93608046
0.76605731,0.86502969
0.91107488,0.95979702
0.88837105,0.84799147
0.30520043,0.37755728
0.95161241,0.95145708
0.50008827,0.56290847
0.85296941,0.91645712
0.87188023,0.95285410
0.64083409,0.62650567
0.41976595,0.32072335
0.89525086,0.89240617
0.36660278,0.35028657
0.52051783,0.71653408
0.92033482,0.88588905
0.32821149,0.26666120
0.76308382,0.74499589
0.85795915,0.83351606
0.88423878,0.96326405
0.86059779,0.90768588
0.89707398,0.94939309
0.81535935,0.85437626
0.89695537,0.95850748
0.47704211,0.54287916
0.34060186,0.36428204
0.90551728,0.88704598
0.60430431,0.43425927
0.91352093,0.94929725
0.60300046,0.71067512
0.83719856,0.63700873
0.81332225,0.86472732
0.65502971,0.71541029
0.82035148,0.63905811
0.84984118,0.80315578
0.89544535,0.88850272
0.77816480,0.66753322
0.40465081,0.44647831
0.60512918,0.62124932
0.82379395,0.87901765
0.84681708,0.78030300
0.39662501,0.52420342
0.85421270,0.92205089
0.78017199,0.78166133
0.85495472,0.73881441
0.90245062,0.84031099
0.62041330,0.63799721
0.93153596,0.94316679
0.92031211,0.93215811
0.90418100,0.89567053
0.87057263,0.25329894
0.73611981,0.86700290
0.90401679,0.95950282
0.92878658,0.88489062
0.82395846,0.86976236
0.82498682,0.76693648
0.56617427,0.30950662
0.82923275,0.72567809
0.93106842,0.97021693
0.26276109,0.21486366
0.90667051,0.78550839
0.94721776,0.93685639
0.69724774,0.49767870
0.70577133,0.69782382
0.25179932,0.25678471
0.90110683,0.86602592
0.68212259,0.55377764
0.78633696,0.62692308
0.56524312,0.46017650
0.94911343,0.92502511
0.89610648,0.88770777
0.80229998,0.82881659
0.70259815,0.50868225
0.90863544,0.92674989
0.39162385,0.36921552
0.93717778,0.90374178
0.91309685,0.88365299
0.71101069,0.72280091
0.44058856,0.36578321
0.71816725,0.84963846
0.95838404,0.95857555
0.88605773,0.91486543
0.73384136,0.82511932
0.45719427,0.54123598
0.86458945,0.87810737
0.81092668,0.88048673
0.86306298,0.86632097
0.90568918,0.89029562
0.91351688,0.92037600
0.43826076,0.57556325
0.67267710,0.68744832
0.93109488,0.90070903
0.55172080,0.65185744
0.85217327,0.84777701
0.28212056,0.32695955
0.92372334,0.99002868
0.69779170,0.69989926
0.86968774,0.71813726
0.86122370,0.61200142
0.85410506,0.49263832
0.92503035,0.94070256
0.96375871,0.96220237
0.75361133,0.85051167
0.95334762,0.91666669
0.85460800,0.77461988
0.31433120,0.46426493
0.21080062,0.17483173
0.94130075,0.88480097
0.79801047,0.83754009
0.72659856,0.84317225
0.80631769,0.83602023
0.12501712,0.11402626
0.92714757,0.95478034
0.92128557,0.91940153
0.96003705,0.97209769
0.88422853,0.88014835
0.64744288,0.51186508
0.88604236,0.92653054
0.93845499,0.96006495
0.74170035,0.67934263
0.82749301,0.71043456
0.93685549,0.92495000
0.75038171,0.35361624
0.54373151,0.50788003
0.95828170,0.98148149
0.65535724,0.68704647
0.85982591,0.86311477
0.48699161,0.52732795
0.85701102,0.88892710
0.91395104,0.95763242
0.78617185,0.80791467
0.77645946,0.83319384
0.83532834,0.81443512
0.58476645,0.68139619
0.68748790,0.74045002
0.64849359,0.80992734
0.84110302,0.87623996
0.49481192,0.67512143
0.73595977,0.60962784
0.86319655,0.94444442
0.85825926,0.91606665
0.45794535,0.35512239
0.93285382,0.90430218
0.94624293,0.92204130
0.60909206,0.55746180
0.43289396,0.49128383
0.91076684,0.89216524
0.93580192,0.95149255
0.90727419,0.98148149
0.76166791,0.94337589
0.83803809,0.80992484
0.89114517,0.90847337
0.87937105,0.92484701
0.35316029,0.26357070
0.08250286,0.08537281
0.90849870,0.93373901
0.77425218,0.87512636
0.92702615,0.91501004
0.78426814,0.95940173
0.94037390,0.91044438
0.57737708,0.59308600
0.88650042,0.90087485
0.70683491,0.61900586
0.81517279,0.82157707
0.48108855,0.52896458
0.81194520,0.73947090
0.70364183,0.79045957
0.60888356,0.54188710
0.85719579,0.87981242
0.61642867,0.65378422
0.48725522,0.61596203
0.95899290,0.94051993
0.59016103,0.74266541
0.66994542,0.64204597
0.80238593,0.88051951
0.89661902,0.89543957
0.73267114,0.81695253
0.86341101,0.91156465
0.83407402,0.64776045
0.92734540,0.92656809
0.91177201,0.93346846
0.78212428,0.92307693
0.89954180,0.91433054
0.88958645,0.88171500
0.71109271,0.78515816
0.27896738,0.21394357
0.81278479,0.71412039
0.40323663,0.37766421
0.90522993,0.86475295
0.26105949,0.16192956
0.55685318,0.68831170
0.84491080,0.87214881
0.85329682,0.77392119
0.19336775,0.17979489
0.69149792,0.87428027
0.28289160,0.35305768
0.84616333,0.92311543
0.92911893,0.97734177
0.48494837,0.44297516
0.58241373,0.58479846
0.79153550,0.77450913
0.93549126,0.91695273
0.93611354,0.95487177
0.90190059,0.94533968
0.77402025,0.80533808
0.83951008,0.94351768
0.93110180,0.93783897
0.92394149,0.89982951
0.81071496,0.69699663
0.51155025,0.49800220
0.25283596,0.21694674
0.64699942,0.17383404
0.88760430,0.82614231
0.78167570,0.87852186
0.81719357,0.92970103
0.86172533,0.92205727
0.75507069,0.79311341
0.37230325,0.51911014
0.74379539,0.67791635
0.76340497,0.69121093
0.74282056,0.77200490
0.93825346,0.96604937
0.47480452,0.38564792
0.77911139,0.81436181
0.63798350,0.62727273
0.35046828,0.46962860
0.88701993,0.94494885
0.65837330,0.77758312
0.75150299,0.64672607
0.59245199,0.74681777
0.91458458,0.90649003
0.75032294,0.69499135
0.73996443,0.55331343
0.55457920,0.52941179
0.16959804,0.12279566
0.51293558,0.20196499
0.73808372,0.66119969
0.83741057,0.80784112
0.75099194,0.62730896
0.92307425,0.92794609
0.87642252,0.84856158
0.39967784,0.30643708
0.59600353,0.55393302
0.94569510,0.93758202
0.43304169,0.32155719
0.85626507,0.81454670
0.92317635,0.89606696
0.52168685,0.36516562
0.94931328,0.93428081
0.42409369,0.23690413
0.92047805,0.84717596
0.87396771,0.91078752
0.78048074,0.90155697
0.85497224,0.91223651
0.10626485,0.26881394
0.73816150,0.84800750
0.60688871,0.42078146
0.92460591,0.92582595
0.67656875,0.61574668
0.85973120,0.91927910
0.89224535,0.95104164
0.72794241,0.85549217
0.62742960,0.62375444
0.92782533,0.93637651
0.88662237,0.89367819
0.92339402,0.98437500
0.70720106,0.53379685
0.79795152,0.80090910
0.54243547,0.51022112
0.91914207,0.90876842
0.77062607,0.91176468
0.87041718,0.95534998
0.95099759,0.93555743
0.82655293,0.86466682
0.96128881,0.95430315
0.83125234,0.93287402
0.59370297,0.78593373
0.53635490,0.69455785
0.89071274,0.91957241
0.90497345,0.94464284
0.91908586,0.93530023
0.92156720,0.90274012
0.68879080,0.45755017
0.64143819,0.56770021
0.37528357,0.36953107
0.85154903,0.85556936
0.66530555,0.62952900
0.88957834,0.92032969
0.83996797,0.78991342
0.84855634,0.79022276
0.94953895,0.93898064
0.48819217,0.61570078
0.73699510,0.61032093
0.80042243,0.80869693
0.60475844,0.52065676
0.88552421,0.88971859
0.64441365,0.76950121
0.65437359,0.74825537
0.92466664,0.92996031
0.86889488,0.85084409
0.89999926,0.92322910
0.78408366,0.86068684
0.73587620,0.82627243
0.85517794,0.87418145
0.19147563,0.38190293
0.71188033,0.70674533
0.62089497,0.45081618
0.12420548,0.19908528
0.89578784,0.93265975
0.20631176,0.13550466
0.88386202,0.82801121
0.85048026,0.82499671
0.83405113,0.82292283
0.88222426,0.61613685
0.54510206,0.41865605
0.76431906,0.85303593
0.74721348,0.72537714
0.91706759,0.90746534
0.48827013,0.65970802
0.77386659,0.79149979
0.60564423,0.51734716
0.72683954,0.70596415
0.68133360,0.86146969
0.64113277,0.59412861
0.88715953,0.90554196
0.70728189,0.31699321
0.74458569,0.79235536
0.83643329,0.96315634
0.91112536,0.95144135
0.72742599,0.69962430
0.91905820,0.93211806
0.83325100,0.79020721
0.49218243,0.13364494
0.88564909,0.89458221
0.74318027,0.70245183
0.76824385,0.88117242
0.70313245,0.81967878
0.50014061,0.45043087
0.91913170,0.92016530
0.75529814,0.74292898
0.81055069,0.86784792
0.40815571,0.48134920
0.29265085,0.38352272
0.94689286,0.90179396
0.53362036,0.62159163
0.73918152,0.82353109
0.79300076,0.74484628
0.59120995,0.46226159
0.91391140,0.94724113
0.56099248,0.64109588
0.43669596,0.63318902
0.86344099,0.87730807
0.57789445,0.54174799
0.25364426,0.26134872
0.29066473,0.39796156
0.93601799,0.96515346
0.83638012,0.84253895
0.88432080,0.89035964
0.73850596,0.68880910
0.73278284,0.80264014
0.87750572,0.94652826
0.53930825,0.40216938
0.43973979,0.32936326
0.87239015,0.88440251
0.75448883,0.91058183
0.87431806,0.95819235
0.88156617,0.80141354
0.88093096,0.81881869
0.26343670,0.33966598
0.90190923,0.83845812
0.66360122,0.72067273
0.86008978,0.71464974
0.89440250,0.94552267
0.76035643,0.82677245
0.91344374,0.89366513
0.49037755,0.44353002
0.90044630,0.86284196
0.79787254,0.90117520
0.74841720,0.67239612
0.41107944,0.45512497
0.35636055,0.41031593
0.75994033,0.85483080
0.10124079,0.12402173
0.91602552,0.87717927
0.71634632,0.76724756
0.72974122,0.74839228
0.92858303,0.95609128
0.85394973,0.87540984
0.90075064,0.89596272
0.87975323,0.78938752
0.84957927,0.86691177
0.83637768,0.85494852
0.57569069,0.39591315
0.91380537,0.92033941
0.93047088,0.88691229
0.50306046,0.17861831
0.83094448,0.77333140
0.85476196,0.77242583
0.78986055,0.90382445
0.93509686,0.96130955
0.82738006,0.90178835
0.88871455,0.86821795
0.39813873,0.51038188
0.49358758,0.52354044
0.55649197,0.39061904
0.75507832,0.78983051
0.93249959,0.90608150
0.85337120,0.86151963
0.18947254,0.16620064
0.85089803,0.81705415
0.31584629,0.14033276
0.84758115,0.94849259
0.88721132,0.93695247
0.91616225,0.90225464
0.64893645,0.68723565
0.53570199,0.70983922
0.91133159,0.93921524
0.94736391,0.97331643
0.78276688,0.94247788
0.91340047,0.94023150
0.91064185,0.89014053
0.61635333,0.58158690
0.93973351,0.95213675
0.92360681,0.96273726
0.53437448,0.29339823
0.95441049,0.94588178
0.57426441,0.35537711
0.87238300,0.90648854
0.91076189,0.92760080
0.66446787,0.61439639
0.63207984,0.61636692
0.86745739,0.82331884
0.94156682,0.95866567
0.87504512,0.87172282
0.31221199,0.44508946
0.64704841,0.71611089
0.65874988,0.74423760
0.73032159,0.72952181
0.42936689,0.41164085
0.85901082,0.82517481
0.89854831,0.94793499
0.76369947,0.72894895
0.77742219,0.77467930
0.65162522,0.75584644
0.74908793,0.86081523
0.85810572,0.79092300
0.74747479,0.95771295
0.27484742,0.23065026
0.65490764,0.40575597
0.93678617,0.91637313
0.88905358,0.85944188
0.89240396,0.82319373
0.90239298,0.87709641
0.75482804,0.85654885
0.89814413,0.81987131
0.71748012,0.75668681
0.84552276,0.96326727
0.88715345,0.90877980
0.78633785,0.78017247
0.77393407,0.89659327
0.88786858,0.45434865
0.83725744,0.93550819
0.45537966,0.33236539
0.75687087,0.67126918
0.89788854,0.86809969
0.76168489,0.76524013
0.94168961,0.95311350
0.67090070,0.70298028
0.75432211,0.63070697
0.49374744,0.38904256
0.65683550,0.67159504
0.90745586,0.89412314
0.53437752,0.78604466
0.91266978,0.89639795
0.77565795,0.90183181
0.75065321,0.77594239
0.48836032,0.66692740
0.87831408,0.92419624
0.42881668,0.43101856
0.75434631,0.73391855
0.96027321,0.93786341
0.87058556,0.92271572
0.90277863,0.86316317
0.65308326,0.74612027
0.82685578,0.84178931
0.88907516,0.94119513
0.83359289,0.89251560
0.89080620,0.08616666
0.90930688,0.94889951
0.72680593,0.85838568
0.79185486,0.78195721
0.50125760,0.50961137
0.90253502,0.91318637
0.46189785,0.58032495
0.69651300,0.72058821
0.84354109,0.87648863
0.73466384,0.89723504
0.90828234,0.97198546
0.44114080,0.53174502
0.79138505,0.74054253
0.88691390,0.89807105
0.89073545,0.87314165
0.66430414,0.49803987
0.84520900,0.91567296
0.80324429,0.70998877
0.83715117,0.79656887
0.78303164,0.76658165
0.93587315,0.92745882
0.89899737,0.94270670
0.92469811,0.88472223
0.55310392,0.91358906
0.92247558,0.94486678
0.90535992,0.89864576
0.86357713,0.91669101
0.80418807,0.86409551
0.91417325,0.93267393
0.60540527,0.75018275
0.72360224,0.74797732
0.94257128,0.87692684
0.51616979,0.45611110
0.83605605,0.88962030
0.77897859,0.73376626
0.86500615,0.87730265
0.70636791,0.65064371
0.26900449,0.24327958
0.89109933,0.90283960
0.87703711,0.89793319
0.94595212,0.90713865
0.90290165,0.86267680
0.70349509,0.83767259
0.69036835,0.75043857
0.42518166,0.29342574
0.62881678,0.37517300
0.47859013,0.27144331
0.46415499,0.53353494
0.92958111,0.93888563
0.53432357,0.53177083
0.53520846,0.55553466
0.82261020,0.83362466
0.92425799,0.80975300
0.73431867,0.73159635
0.63031787,0.41099244
0.89866024,0.85301232
0.40102607,0.22399463
0.89506000,0.84236497
0.89252228,0.83059180
0.75862318,0.70978802
0.84652847,0.90175575
0.84253401,0.88496017
0.87903261,0.88146681
0.90725052,0.92958516
0.88501877,0.92494768
0.84120017,0.89472997
0.81710410,0.79526842
0.59864312,0.55668980
0.56597096,0.60080689
0.80858433,0.89541948
0.87782645,0.90695620
0.62771052,0.64195281
0.92970139,0.89309132
0.91115338,0.92199475
0.56215841,0.46343273
0.59147859,0.48762295
0.35069755,0.37766227
0.75544602,0.84082973
0.77941442,0.82466567
0.66213000,0.78476727
0.71391487,0.57847667
0.74168122,0.86685240
0.37616962,0.48266807
0.92457652,0.92900878
0.93188947,0.94202763
0.68815577,0.53758651
0.92152095,0.95274055
0.83935541,0.81160688
0.65895241,0.54689425
0.51133543,0.43769249
0.92633581,0.95743710
0.25014067,0.26628786
0.91105342,0.71685928
0.88727850,0.92110193
0.94062620,0.89462847
0.86041003,0.94512832
0.49881050,0.53698891
0.80242646,0.89818394
0.73262364,0.66532636
0.82050866,0.80210078
0.15881006,0.13075037
0.93996555,0.95270759
0.91746479,0.86370462
0.32040584,0.49028674
0.89342296,0.86971426
0.50852209,0.28106725
0.69961530,0.62579632
0.59114659,0.70767403
0.62310541,0.49142787
0.87812227,0.87161088
0.80867076,0.81364524
0.87991011,0.82076824
0.87462658,0.76398718
0.84647870,0.70944595
0.68698186,0.81606609
0.67851859,0.77454114
0.57674402,0.51892120
0.35381308,0.33438757
0.85466152,0.87753981
0.95150578,0.93807071
0.70543242,0.81902450
0.84473741,0.83854169
0.82504648,0.73578578
0.16613895,0.24476069
0.52660114,0.53281617
0.85032392,0.92047477
0.85422087,0.82710451
0.79713470,0.90542126
0.34052107,0.51606286
0.77558100,0.73391616
0.93007547,0.93402922
0.29720458,0.65666670
0.90486878,0.89485359
0.63228470,0.31634554
0.85028738,0.93243587
0.60112923,0.64970696
0.87877846,0.90725738
0.77823895,0.71543360
0.51886773,0.75549358
0.96327078,0.93879426
0.73803324,0.80238050
0.73974949,0.59600776
0.70355511,0.65135133
0.81698966,0.74812269
0.91236186,0.94710082
0.83912235,0.95040262
0.47090936,0.41656491
0.80779898,0.83460188
0.60305291,0.65000886
0.49077857,0.59144676
0.56441146,0.40970385
0.92669487,0.91748369
0.90968949,0.89698690
0.20458333,0.38408521
0.89325929,0.82805753
0.81297314,0.79830301
0.94692159,0.90281177
0.88716167,0.87611806
0.93537027,0.87324220
0.88688576,0.88167590
0.92018521,0.97204489
0.95874923,0.93010205
0.92101556,0.95964092
0.87910253,0.73860455
0.34217390,0.49867678
0.36940345,0.50132352
0.63980687,0.69505018
0.70043308,0.84510601
0.90100378,0.95837182
0.91687882,0.92829204
0.85191494,0.83752120
0.94498241,0.98404253
0.87931830,0.90488315
0.90462381,0.95265329
0.90087658,0.89866310
0.31396842,0.48596954
0.46502891,0.47469667
0.69383073,0.64932239
0.79264057,0.91496086
0.85485810,0.90919358
0.89878190,0.93144357
0.89567709,0.94767022
0.59774995,0.59418839
0.85509986,0.81429839
0.90222824,0.87630820
0.82962888,0.86969548
0.87333256,0.90734369
0.26241249,0.23983876
0.94545805,0.95225853
0.76008368,0.74336976
0.31792665,0.20974027
0.86534131,0.85911715
0.90619820,0.92190522
0.63549888,0.63594991
0.90153217,0.87459141
0.94619507,0.91888404
0.90919590,0.87656248
0.76412326,0.72008377
0.92065358,0.91064250
0.92899364,0.91873574
0.79517418,0.88412184
0.89023888,0.96045852
0.57106113,0.59251827
0.95290363,0.98125660
0.74934274,0.71476805
0.95527607,0.91274738
0.92844993,0.93771875
0.75238568,0.90582424
0.86978376,0.86909419
0.54079974,0.66639233
0.44337654,0.56607145
0.83845037,0.86414915
0.52010387,0.73283887
0.77249193,0.72567838
0.86675775,0.80612981
0.83261931,0.76363367
0.88244206,0.92203224
0.57702750,0.30417153
0.16180854,0.24640717
0.86075586,0.94013160
0.68036145,0.61984944
0.81494778,0.85978144
0.87997037,0.75075912
0.84989715,0.77610731
0.92049247,0.94225049
0.31308055,0.43986452
0.54431266,0.64820087
0.67284083,0.65961528
0.84899241,0.82529610
0.06028125,0.13065517
0.31133023,0.27115142
0.87594843,0.85416496
0.91735703,0.90534735
0.93140954,0.94278848
0.78064787,0.72029686
0.82857943,0.92424244
0.74842060,0.91895717
0.79427445,0.66417360
0.27586034,0.32791984
0.89852625,0.90549296
0.91029286,0.95789301
0.89236760,0.89080381
0.60012478,0.77852327
0.92915219,0.99382716
0.89814734,0.88186079
0.73259616,0.88710868
0.93977445,0.92620957
0.59903359,0.68692023
0.90295607,0.89170754
0.71043056,0.75865537
0.89106292,0.88659948
0.84644902,0.90233785
0.70559150,0.59161586
0.82608223,0.84202844
0.49031162,0.40008104
0.27559012,0.19608384
0.20816524,0.38803819
0.79718441,0.83664083
0.96029127,0.93995357
0.19922802,0.17202541
0.89719313,0.94480026
0.78945762,0.91060805
0.94351619,0.95128202
0.81284577,0.72880971
0.71064860,0.64410317
0.58569980,0.59747022
0.88307405,0.89400923
0.91848689,0.96926028
0.33150232,0.28936982
0.89929205,0.90047210
0.90333664,0.88663781
0.80444574,0.65250051
0.45665658,0.68346667
0.74867761,0.69276422
0.89112890,0.90303099
0.82892191,0.76921195
0.44666508,0.57899725
0.96595675,0.97542685
0.90972686,0.94569963
0.92395586,0.87832510
0.83267438,0.77567565
0.89354086,0.85220218
0.93366176,0.93093783
0.41937277,0.53888887
0.65652215,0.67654282
0.18709885,0.30169028
0.67246431,0.73221946
0.88946599,0.88268322
0.57377589,0.53039193
0.90929598,0.82138282
0.92412847,0.95707542
0.81526017,0.80100870
0.59597087,0.16196567
0.43622938,0.46990740
0.76038963,0.93861771
0.32406253,0.36217457
0.89049715,0.80709219
0.83463776,0.86199093
0.88605279,0.90178287
0.74487656,0.80542874
0.83248645,0.80751878
0.92847496,0.80104631
0.85997057,0.88718373
0.68415445,0.69739503
0.94867325,0.97984850
0.47358221,0.36426768
0.87695402,0.88705528
0.58937573,0.36864805
0.74546331,0.66977620
0.86874253,0.88403136
0.75017381,0.76571822
0.30145574,0.37886363
0.57479119,0.65493828
0.40825987,0.43489569
0.79939514,0.73532635
0.85989845,0.81124872
0.87201887,0.99519229
0.89604104,0.84344262
0.82025874,0.78308499
0.88012731,0.86333960
0.85451525,0.90753543
0.83599687,0.72476077
0.84486872,0.92074680
0.56098527,0.35370290
0.94397187,0.95396715
0.87877220,0.87761462
0.76367486,0.81144160
0.95210284,0.95044720
0.91041219,0.93787879
0.89950997,0.85638297
0.80263913,0.85987854
0.89861244,0.82632869
0.89790004,0.89242089
0.84617454,0.82250887
0.79785794,0.81279546
0.84330654,0.94034493
0.78614730,0.77992052
0.77818608,0.76553100
0.77359891,0.68906206
0.84927720,0.82355517
0.47277629,0.35938177
0.89766127,0.87345409
0.86271930,0.88898343
0.86192578,0.89636159
0.93265074,0.92429376
0.80677378,0.67505187
0.37879717,0.44651172
0.85776937,0.88253027
0.95916975,0.97088867
0.87593138,0.86081493
0.90345931,0.93382460
0.61484492,0.54484087
0.58930057,0.75259417
0.82811928,0.80454546
0.84720665,0.84909785
0.91055983,0.95265228
0.84963983,0.92188805
0.51804554,0.46306127
0.92220426,0.91840661
0.76553482,0.68427199
0.96449882,0.94943053
0.87685728,0.92813319
0.36916813,0.37271520
0.79685348,0.75953388
0.93616694,0.89450550
0.76408213,0.85920537
0.70984238,0.73107523
0.84925717,0.83104122
0.92261487,0.91353768
0.92757142,0.97617865
0.91056311,0.89562041
0.17700167,0.41411451
0.90635419,0.91535169
0.84723496,0.87848437
0.64531201,0.77436620
0.79529428,0.89726198
0.87697053,0.91848284
0.42726412,0.40602154
0.90553075,0.95445096
0.91960132,0.78282315
0.63591170,0.79333568
0.60911757,0.73695797
0.68032593,0.74194068
0.85595787,0.88089836
0.70744431,0.70376295
0.86700571,0.79222780
0.42101359,0.53284085
0.76450831,0.69232672
0.79487509,0.87362635
0.90478188,0.93315899
0.89376640,0.89847904
0.93825543,0.95048326
0.78480393,0.82544190
0.57978958,0.45111784
0.82508850,0.76526254
0.70530796,0.66666669
0.93518257,0.97847730
0.85518533,0.94832075
0.85045248,0.86359763
0.89151949,0.93086141
0.86934996,0.87737757
0.81492913,0.73550689
0.77454633,0.51974297
0.90782177,0.90886420
0.91416144,0.38720176
0.90847957,0.91401410
0.48122481,0.48355031
0.64589071,0.62408209
0.48629025,0.48662463
0.92203391,0.86647338
0.87442076,0.95473486
0.73246932,0.71931773
0.91709203,0.95317155
0.54768258,0.61325783
0.53811687,0.48577949
0.65409452,0.71954024
0.94339150,0.93052202
0.54368263,0.66256094
0.90334022,0.88869721
0.84609848,0.87507844
0.87087935,0.81792372
0.86847341,0.86819649
0.80661529,0.86218625
0.88008797,0.88602632
0.94431609,0.91711634
0.58923703,0.63773948
0.93087232,0.89752495
0.93298632,0.93743151
0.56345689,0.49827948
0.81117052,0.88587773
0.77271688,0.77601486
0.80005717,0.85811526
0.75189978,0.85945159
0.81743199,0.70968443
0.52680147,0.61327791
0.88435560,0.92292207
0.83567977,0.82941765
0.67139494,0.66451561
0.84745306,0.92823392
0.85367721,0.71632773
0.90070677,0.94417560
0.74178398,0.68505210
0.92031646,0.91002417
0.91928583,0.91359538
0.77683288,0.85673094
0.64856505,0.70807981
0.79133183,0.76070392
0.15386070,0.13729459
0.77396554,0.68835652
0.68149388,0.72137666
0.73395622,0.82629925
0.89102441,0.86523712
0.52260935,0.59538245
0.08131262,0.15473181
0.87675053,0.73120302
0.60886806,0.72034764
0.78657228,0.81581563
0.47764489,0.49250498
0.92802423,0.92217743
0.79688603,0.81998229
0.83205384,0.74506533
0.61948055,0.66413325
0.44198823,0.50783974
0.93472040,0.94408256
0.52620572,0.37030447
0.76915520,0.87927926
0.44271562,0.53091592
0.90730757,0.95057774
0.84191221,0.80528605
0.43363580,0.37589082
0.88582116,0.83684266
0.91078186,0.97540987
0.52687019,0.62377995
0.66751707,0.48037428
0.50111365,0.46269619
0.92088455,0.93457288
0.87493372,0.80866539
0.76744145,0.89903843
0.75668997,0.84958625
0.74315912,0.61506706
0.85631037,0.76880431
0.87984210,0.90974027
0.80797976,0.79691225
0.37714389,0.87143034
0.82031423,0.76363635
0.40035343,0.40563783
0.87941217,0.74708658
0.85394365,0.97692186
0.21286251,0.42828083
0.92037296,0.92113245
0.85579407,0.83368820
0.92605221,0.85752261
0.85690689,0.89205337
0.65007401,0.55848861
0.89700514,0.92058164
0.94073212,0.86682916
0.79846472,0.86542338
0.60916376,0.34309050
0.16819528,0.10223510
0.84985268,0.85050559
0.70714772,0.79062480
0.88309765,0.92328155
0.90789062,0.97340423
0.53007674,0.40775433
0.81628901,0.75948274
0.73165685,0.78137255
0.87333626,0.88627803
0.75061375,0.81695038
0.83401912,0.75612265
0.16789377,0.15788215
0.82052052,0.92603093
0.68511349,0.62210047
0.38721013,0.33476782
0.88276988,0.83544338
0.88097751,0.88758588
0.89083129,0.78805077
0.46043801,0.49801278
0.64432156,0.60709095
0.74313003,0.84692925
0.81161970,0.72917205
0.87556481,0.90947235
0.91338688,0.91117525
0.93885463,0.93593907
0.32558331,0.60444576
0.63621223,0.73260748
0.68979996,0.66800827
0.86201715,0.90116984
0.66751295,0.66688097
0.91824865,0.94407284
0.82288677,0.83050269
0.92887080,0.96413970
0.33683562,0.30929348
0.89334691,0.93405366
0.79065639,0.84988165
0.80196834,0.85200143
0.16950199,0.11235981
0.81201398,0.70359343
0.83389604,0.69242609
0.83081520,0.85500002
0.63494217,0.71504486
0.51658446,0.56811988
0.79012978,0.84428191
0.71358907,0.45439693
0.78268135,0.62743056
0.23370153,0.29696268
0.89226586,0.85932982
0.83132929,0.85385585
0.66733980,0.52152991
0.40615427,0.50629544
0.90664119,0.92316020
0.87871188,0.88298571
0.88723594,0.92222607
0.86841291,0.85558599
0.83850855,0.43593705
0.91804123,0.99253732
0.21156769,0.19189817
0.57838446,0.55577368
0.89900541,0.92915082
0.11557077,0.17149614
0.91966808,0.90909094
0.42361265,0.48133001
0.20212235,0.26531985
0.24815965,0.34279943
0.82133818,0.94318181
0.12965126,0.16805555
0.92552114,0.92390758
0.92985874,0.90907645
0.90029997,0.90473849
0.81871557,0.60401648
0.94750988,0.94725490
0.58025008,0.51886147
0.86694866,0.90454543
0.87957042,0.89266211
0.67256016,0.63306081
0.78355426,0.80605441
0.57026315,0.49109986
0.94529557,0.93343937
0.84155518,0.82869685
0.87129074,0.76971161
0.71394658,0.75072098
0.57719374,0.59973037
0.89716977,0.93272662
0.18688907,0.16096221
0.81014925,0.83236551
0.14210540,0.14895315
0.78833401,0.74707866
0.44291317,0.32226485
0.47313201,0.56694961
0.89901179,0.89686990
0.94344723,0.94380414
0.54944730,0.72198862
0.30060288,0.33630988
0.56939048,0.79918033
0.80585510,0.80353743
0.85511881,0.77578127
0.86675137,0.85983205
0.52621955,0.79289818
0.90939510,0.17597333
0.26754719,0.27355328
0.77009183,0.70210099
0.89659661,0.90981239
0.86686307,0.80974191
0.91267335,0.94101930
0.82043272,0.74400544
0.68110758,0.47822964
0.90008473,0.88957387
0.88301283,0.91254580
0.68732148,0.81035084
0.93638492,0.91257709
0.35197708,0.41389197
0.78566605,0.85481483
0.70440090,0.49117348
0.90814912,0.91156292
0.48474461,0.41237518
0.84587103,0.73316973
0.91126549,0.90417427
0.81508863,0.84203482
0.89600027,0.87100881
0.66526759,0.64989978
0.78672516,0.66030031
0.79453343,0.84235799
0.45288092,0.53175914
0.38971335,0.42613587
0.74830210,0.74045897
0.88079196,0.92179739
0.84647441,0.83363283
0.78494173,0.74972790
0.92274159,0.93267393
0.95726186,0.90011698
0.81297493,0.80131948
0.55446082,0.68642855
0.74515927,0.81843573
0.66120857,0.70556027
0.71490073,0.86710781
0.72512466,0.88317168
0.93063343,0.53268218
0.79060888,0.71708071
0.38802785,0.49782473
0.74771988,0.63613039
0.90329158,0.95715326
0.92305619,0.94849253
0.36695784,0.43774909
0.92217439,0.80915117
0.87740320,0.92648935
0.90185189,0.90317327
0.91242933,0.88832200
0.93204933,0.94523060
0.85179603,0.90917122
0.34357372,0.51725292
0.85699952,0.93333334
0.94762599,0.95148885
0.37949622,0.49638805
0.71594954,0.88987964
0.58519512,0.52429187
0.80776685,0.76684982
0.91768497,0.92035741
0.72833890,0.60529757
0.62625045,0.59092259
0.62436002,0.57391024
0.71660048,0.77398944
0.79361248,0.80154157
0.82930684,0.90063465
0.89996296,0.94029009
0.77452374,0.82723516
0.33664387,0.32289064
0.47695383,0.58769631
0.53226852,0.56708324
0.89082307,0.88732040
0.91377288,0.83375001
0.85059148,0.83192021
0.90116084,0.87247783
0.69829291,0.75191194
0.62324232,0.54102367
0.68902457,0.58003098
0.40827793,0.43387705
0.90843767,0.89318383
0.91498446,0.97521418
0.91209215,0.92824352
0.91201735,0.85440701
0.39023781,0.24134728
0.67577404,0.46230251
0.81288874,0.95507568
0.90861654,0.90797651
0.83062196,0.87545484
0.70139098,0.55882353
0.23266236,0.41450471
0.93978339,0.94064313
0.79215717,0.79514021
0.74873847,0.62104017
0.71990556,0.74635702
0.60969090,0.74321967
0.77550155,0.64693373
0.62813425,0.64818114
0.70732409,0.81084216
0.87779796,0.94846493
0.85542387,0.85275441
0.26357514,0.16919251
0.67624980,0.73777807
0.76555431,0.60520834
0.86990851,0.72881877
0.31993607,0.13987172
0.75700331,0.74972749
0.52319479,0.57779288
0.88222712,0.91396326
0.36070353,0.49417111
0.93027616,0.90073121
0.58262908,0.68355483
0.25284904,0.45858580
0.53553414,0.59835202
0.46718752,0.60581255
0.57150406,0.27689710
0.71701795,0.88675213
0.88390875,0.89387077
0.89324152,0.86072850
0.86445028,0.90895396
0.16639285,0.12685186
0.91494077,0.94719952
0.86034745,0.80947930
0.72584110,0.87093079
0.63595837,0.53754151
0.56694555,0.48074982
0.82237887,0.70175231
0.70700759,0.80138272
0.53973287,0.18914123
0.81193429,0.89991969
0.82069552,0.90664697
0.92576891,0.92192310
0.74242896,0.70954633
0.66173357,0.64516598
0.87894261,0.93934959
0.65315437,0.68070573
0.81688017,0.78901410
0.24427857,0.25915682
0.93810308,0.93755049
0.73560411,0.78349674
0.42356563,0.30113637
0.77156752,0.79827219
0.67873949,0.70221823
0.90055704,0.96412265
0.29622978,0.30938494
0.19445235,0.24587674
0.87053061,0.91239721
0.51295060,0.43103448
0.83004290,0.65319914
0.87867433,0.91233766
0.61266625,0.55924815
0.73894221,0.89297050
0.91128111,0.92712766
0.52172852,0.65528846
0.91616547,0.91641706
0.76156658,0.91049892
0.77806765,0.72620887
0.87461251,0.92000842
0.89748353,0.90261990
0.89192998,0.94229674
0.77420235,0.74520206
0.61689639,0.70211607
0.89994937,0.98922598
0.79838520,0.69567865
0.78504592,0.91332501
0.93196982,0.97619045
0.90853792,0.91140813
0.92131186,0.97933853
0.86482197,0.92179483
0.82708973,0.83434474
0.43609801,0.43875387
0.22826084,0.12598751
0.89685637,0.80515140
0.91191447,0.78235292
0.89045626,0.89587718
0.90731275,0.92665416
0.74724180,0.64506000
0.78537160,0.73887980
0.90025908,0.92082554
0.82130462,0.89070284
0.83560544,0.66290534
0.91566193,0.94156039
0.72171050,0.53559911
0.79932964,0.70679015
0.88287467,0.87731093
0.89351535,0.91074419
0.48686439,0.52660644
0.75253350,0.69846857
0.96817553,0.92421627
0.87724590,0.86835557
0.60316283,0.50482512
0.81342334,0.82318991
0.39405587,0.30889091
0.66657436,0.55752653
0.43373454,0.31595987
0.44652206,0.83333331
0.36746866,0.33849600
0.72273827,0.79298246
0.84737599,0.71165258
0.48553154,0.31763548
0.55408579,0.39099726
0.69976258,0.73548859
0.28326020,0.34459993
0.86209291,0.88075078
0.75870156,0.85386860
0.86825126,0.84730196
0.88996291,0.84439600
0.83744133,0.89345825
0.77306539,0.78287286
0.87761772,0.90166646
0.42185599,0.49553746
0.88061398,0.90880620
0.88110936,0.84768492
0.77394295,0.83387977
0.88806361,0.75215387
0.81900358,0.76766616
0.70807123,0.53104299
0.71900541,0.81340581
0.73395318,0.75326777
0.68767345,0.51244235
0.20769225,0.34693033
0.87046176,0.79598188
0.91916996,0.90986842
0.50215334,0.45630932
0.90832180,0.89654469
0.73921716,0.68593282
0.62806833,0.60692453
0.83967066,0.84840775
0.50746638,0.35541871
0.68192089,0.63192332
0.70207274,0.77879041
0.32832050,0.39656276
0.94071734,0.94523376
0.67344475,0.63374132
0.89584553,0.98275864
0.84448034,0.85287970
0.24449754,0.18073878
0.67878938,0.67013109
0.88330108,0.95277780
0.80758017,0.70886618
0.87859040,0.94090909
0.31136921,0.37231132
0.76911771,0.79828602
0.84122235,0.78862488
0.10605303,0.14017177
0.60741276,0.86554027
0.96088952,0.95667285
0.83983266,0.84633219
0.88503295,0.96923077
0.86439860,0.89775115
0.72193497,0.64714241
0.88897264,0.83513546
0.56218636,0.72588235
0.81976348,0.84754902
0.56657690,0.71759260
0.59805232,0.70015180
0.84542400,0.75465667
0.34195480,0.41527238
0.87045538,0.85904509
0.86848295,0.74544257
0.69583511,0.70368671
0.91894102,0.96376812
0.90511805,0.99275362
0.86449140,0.82435900
0.56418610,0.59803253
0.79337275,0.82986039
0.50052553,0.63351828
0.85372680,0.81027752
0.91331953,0.95262128
0.65500015,0.80894148
0.89420348,0.85415053
0.67875987,0.22454269
0.74154174,0.83595204
0.82011139,0.70385230
0.82696646,0.85160822
0.16308016,0.13069455
0.92271250,0.95625663
0.52185512,0.44530153
0.62260246,0.84039712
0.30182660,0.43346915
0.81684309,0.89800197
0.92942852,0.90875059
0.84184778,0.82030994
0.84619522,0.79763937
0.35962403,0.24452288
0.76902896,0.83806610
0.63623971,0.65213674
0.66761863,0.57287008
0.88835609,0.92304611
0.83409339,0.94978607
0.61990952,0.64651471
0.87909156,0.86218202
0.89979047,0.91463667
0.79434663,0.84729153
0.75883478,0.75903976
0.39661008,0.45269471
0.91040105,0.92181176
0.96845597,0.95691174
0.83250058,0.79957718
0.72885758,0.87323833
0.85449970,0.62049538
0.80218828,0.83840066
0.91840202,0.94470590
0.87708312,0.63815278
0.87331593,0.81925821
0.73456252,0.76926482
0.89048564,0.93142217
0.71908659,0.64008701
0.84271032,0.83216071
0.87867785,0.93350875
0.76438522,0.83468765
0.94143504,0.91225690
0.86938804,0.79963523
0.91579151,0.94897085
0.61522645,0.75115359
0.72176069,0.66969699
0.92413980,0.94510549
0.38986731,0.46856546
0.58930176,0.56722486
0.76527613,0.79981911
0.79399550,0.91211033
0.87306911,0.90170288
0.91099900,0.96798378
0.72619861,0.67013174
0.87492085,0.88219142
0.88142186,0.91038436
0.80900198,0.79298246
0.90115041,0.86638868
0.13679062,0.12465912
0.73272675,0.90974259
0.35729104,0.39943701
0.54858965,0.46200973
0.70323825,0.82783753
0.78741693,0.82958025
0.94590777,0.94356018
0.31486651,0.33618388
0.80562538,0.73583418
0.48827833,0.55495280
0.58681589,0.50611144
0.69832379,0.84291822
0.92196530,0.88362384
0.42892447,0.53967869
0.22364867,0.29709384
0.72134864,0.68652040
0.87783062,0.87947094
0.67214483,0.68962061
0.64283329,0.60175437
0.65487224,0.59613425
0.70355821,0.54225522
0.77401996,0.88332212
0.88551354,0.87752408
0.90685064,0.89441079
0.08358666,0.06378902
0.80685502,0.90164453
0.28820658,0.46296296
0.65133852,0.67128801
0.60261261,0.57127637
0.79787385,0.79508626
0.87056935,0.93096691
0.91452265,0.91537356
0.88422638,0.95516568
0.79102594,0.74644977
0.92768735,0.96847826
0.52144873,0.55499166
0.67178679,0.75261503
0.64690733,0.42450452
0.90175402,0.89535546
0.93893880,0.90532106
0.86476821,0.81703997
0.77091467,0.85103798
0.84037375,0.90310782
0.95043296,0.97872341
0.81013596,0.96459067
0.83276957,0.76291794
0.87135142,0.74279559
0.86594141,0.89090663
0.45512557,0.53643906
0.80525905,0.84706134
0.62048024,0.53568822
0.92417121,0.89027262
0.93608117,0.87522280
0.78910840,0.68735337
0.92064673,0.90734500
0.68327600,0.59587657
0.70797694,0.49330035
0.76363480,0.60518789
0.91337264,0.87993860
0.83820069,0.88662660
0.61827052,0.59807694
0.86721689,0.85897189
0.78422517,0.78093833
0.24056932,0.22644928
0.86733508,0.84770489
0.64325899,0.81561995
0.54833448,0.42962953
0.82636696,0.94712073
0.87039948,0.77471656
0.82426012,0.76811635
0.31673813,0.48900464
0.86549610,0.75165170
0.77596831,0.88255924
0.82782799,0.90447593
0.77405477,0.82797444
0.28462198,0.30609041
0.65367121,0.59229332
0.80878073,0.74305391
0.81325251,0.82886869
0.93951297,0.94409192
0.73515743,0.78591627
0.79371440,0.71623808
0.66357529,0.47535211
0.91179860,0.94798648
0.45411095,0.36237374
0.62231481,0.83224422
0.88534749,0.83307701
0.63017708,0.65434241
0.36928114,0.55239666
0.93150532,0.93473929
0.90694135,0.93723059
0.94272780,0.93569988
0.89001298,0.87917340
0.89501226,0.88735884
0.90722549,0.88899755
0.52465498,0.74898958
0.58361119,0.68114477
0.73580873,0.58571428
0.56406271,0.48970768
0.87261683,0.86167032
0.34412974,0.29080674
0.80273825,0.93277830
0.83193868,0.81553400
0.87131780,0.77173913
0.81691045,0.73167789
0.76809353,0.81875646
0.94970816,0.94533569
0.53734666,0.52331150
0.83083141,0.82278323
0.83934134,0.89532495
0.94483650,0.93501192
0.79505926,0.94000000
0.89985245,0.93757176
0.29876393,0.28643617
0.42003912,0.38437003
0.81112480,0.86175376
0.53135318,0.66428620
0.38065448,0.42257217
0.66190094,0.65077490
0.83564192,0.91923076
0.72561413,0.67142022
0.73536593,0.48139769
0.87130594,0.85357428
0.48874068,0.56810105
0.92092669,0.87248802
0.81580716,0.95862800
0.83918899,0.82238585
0.69926023,0.62078261
0.88373941,0.80750889
0.84315187,0.83243144
0.94407910,0.85847986
0.96065474,0.91971737
0.71016210,0.69436836
0.89798129,0.75966048
0.42588970,0.41319931
0.83569300,0.88292122
0.78256029,0.74175900
0.82876796,0.85444778
0.63467276,0.65708536
0.90147382,0.91202533
0.70749831,0.79289150
0.20271058,0.11148074
0.59966582,0.49401122
0.78103411,0.76232862
0.88796329,0.92849016
0.22943467,0.19169508
0.14855567,0.14660482
0.76570964,0.88060230
0.66447693,0.71151268
0.39069736,0.26976076
0.86972356,0.87049526
0.80572683,0.64069766
0.61542886,0.70906752
0.26606485,0.20999916
0.86286724,0.90540540
0.59193474,0.58448458
0.40785214,0.59448087
0.87628329,0.73690474
0.51693434,0.68911612
0.82599908,0.86158252
0.68455005,0.79910553
0.89777428,0.88239187
0.78003138,0.90231508
0.43735966,0.49682686
0.41736037,0.33763418
0.85509819,0.95539623
0.52253890,0.42209944
0.77281559,0.84276849
0.81547016,0.83121246
0.35844028,0.33246276
0.87702662,0.87292683
0.86211783,0.81089091
0.87437922,0.82630205
0.93627143,0.78991252
0.82705867,0.86705172
0.70950377,0.61377645
0.28703389,0.34832197
0.93441170,0.91766828
0.32670274,0.32575008
0.55493885,0.60423815
0.81116956,0.88158941
0.83464319,0.90737563
0.80206829,0.83232540
0.74907899,0.83195084
0.80740291,0.73680902
0.88966954,0.98660505
0.41983372,0.62205803
0.60447270,0.69734889
0.85776985,0.88779718
0.83753651,0.91158903
0.81058341,0.74469572
0.92718625,0.94096643
0.64881927,0.72543061
0.72203934,0.79676998
0.91657370,0.95966935
0.80351853,0.87531143
0.45895299,0.58723468
0.51939726,0.42238268
0.87824500,0.81438857
0.70460922,0.61333448
0.81786156,0.45584652
0.73305470,0.72169811
0.91971517,0.82912940
0.91051269,0.90630299
0.84543532,0.85919821
0.91417670,0.89294875
0.40935826,0.35851455
0.45569476,0.50331545
0.86474591,0.76369637
0.67419308,0.51747334
0.92830414,0.96570659
0.32924214,0.37821880
0.92949378,0.94701755
0.37808165,0.36748573
0.51854897,0.48774403
0.91620767,0.91049600
0.90676177,0.88741851
0.88524210,0.98275864
0.95030379,0.98849702
0.96639162,0.90976351
0.30337629,0.24929525
0.58385652,0.50047541
0.94531763,0.89817476
0.92775065,0.85895091
0.91109157,0.82343489
0.08747139,0.09733385
0.62926769,0.56538570
0.77651036,0.69834185
0.86750495,0.88496679
0.58676660,0.64710796
0.93322188,0.93648565
0.69929135,0.71581823
0.87482524,0.78080195
0.32036254,0.42770770
0.90195596,0.91392887
0.92391318,0.90552974
0.90884721,0.91573662
0.54423696,0.68036401
0.88069421,0.89907104
0.53990477,0.44020849
0.77338564,0.65571481
0.89701211,0.94130152
0.79537153,0.80382884
0.76425177,0.71913344
0.10737003,0.16865297
0.47939116,0.14304200
0.17770667,0.21486166
0.33773381,0.31148237
0.86524630,0.91949451
0.94342172,0.96001065
0.88454330,0.95454544
0.80834502,0.66906595
0.84659147,0.85357368
0.62260252,0.67364585
0.80581993,0.79618436
0.67538929,0.84451681
0.43623140,0.44881848
0.94518173,0.85982561
0.88155603,0.79611725
0.23348443,0.24394307
0.69264930,0.81831789
0.36443764,0.41585678
0.86096644,0.87915879
0.46793067,0.40451533
0.76512563,0.72263235
0.88045037,0.94221395
0.80513936,0.75266081
0.85505652,0.91873604
0.61523813,0.74833596
0.87333518,0.85856056
0.71867609,0.81048852
0.85302579,0.89603448
0.18507199,0.26633644
0.88749349,0.81332099
0.65007079,0.70573384
0.94111216,0.97651005
0.83384115,0.91983503
0.93959665,0.91829187
0.42672211,0.35841557
0.92718410,0.91055554
0.64694262,0.74782741
0.94539577,0.94044352
0.94110245,0.96733141
0.88755077,0.92955494
0.80179149,0.83844447
0.84746629,0.58614844
0.88696754,0.88006818
0.93674201,0.92288601
0.29109499,0.26272455
0.88903314,0.83190924
0.73941642,0.72027773
0.79156554,0.93526757
0.80328846,0.68704498
0.19587827,0.15570776
0.77485979,0.65136182
0.91464859,0.92125106
0.86142755,0.79162019
0.81184524,0.85636902
0.88011026,0.88357931
0.81730998,0.88174993
0.75451410,0.79741377
0.65679866,0.64639425
0.52132910,0.53909063
0.69164234,0.62573582
0.82941836,0.87221742
0.77194399,0.79562014
0.68894708,0.78673470
0.75670236,0.82393950
0.32936797,0.43288681
0.34050575,0.25553018
0.87859040,0.87876654
0.90627605,0.76957691
0.85937053,0.74898672
0.77048546,0.41086957
0.45616382,0.34485158
0.51668972,0.53546131
0.84738189,0.96666664
0.92346954,0.95023924
0.81599659,0.87311041
0.93412542,0.91178250
0.84451205,0.83515948
0.66105336,0.58434588
0.93897152,0.89346659
0.96541470,0.98982012
0.86456543,0.87994564
0.90773147,0.76127243
0.90564829,0.85837102
0.94000095,0.91895425
0.20409583,0.24012481
0.77094698,0.84508663
0.89550191,0.87620687
0.67628759,0.54030800
0.83108097,0.76951873
0.93541074,0.97838503
0.85257244,0.80167454
0.71187907,0.57442808
0.58976609,0.77140731
0.87850243,0.81005025
0.71340716,0.85648358
0.90553546,0.86341697
0.90036637,0.77339107
0.89594871,0.87987375
0.14378802,0.11469042
0.86885542,0.88720489
0.93903613,0.93778312
0.61557817,0.69335526
0.93939596,0.93119937
0.86508864,0.89935899
0.92268729,0.88697916
0.80114889,0.75230956
0.83914745,0.73787737
0.92794287,0.95592654
0.79388183,0.60129112
0.93580550,0.97611338
0.92712063,0.90174145
0.84502083,0.89140624
0.47430980,0.66635603
0.71214330,0.80292118
0.82109559,0.74788964
0.93556774,0.85470283
0.52365983,0.35770595
0.68443823,0.59154373
0.85111052,0.82882243
0.88223314,0.90482342
0.80349672,0.59700030
0.88316864,0.89153439
0.93731320,0.97311831
0.69942403,0.53575748
0.16702783,0.15808170
0.81176621,0.71256495
0.85262591,0.87203765
0.66129518,0.49895087
0.66112733,0.56250000
0.56888378,0.52228165
0.77335465,0.83328664
0.86074412,0.80661660
0.90914792,0.93434107
0.61476344,0.64884073
0.73327917,0.75838923
0.02397321,0.04953431
0.86705709,0.85798162
0.85841304,0.80806857
0.93176615,0.93983078
0.43454394,0.50126493
0.85492569,0.88039112
0.89722538,0.94798410
0.81113797,0.87687516
0.60200959,0.58634460
0.89922023,0.91057914
0.57716590,0.48184818
0.49828842,0.33665380
0.85390300,0.85242832
0.89234900,0.90735292
0.38411894,0.40943256
0.44805703,0.44473892
0.87312722,0.81955886
0.84084982,0.83082032
0.89245707,0.91540599
0.29423791,0.37155995
0.19158706,0.13041443
0.77730745,0.67618191
0.87694347,0.93599880
0.90451062,0.85991228
0.94552797,0.94861281
0.86791623,0.77751720
0.78994471,0.61105484
0.84420842,0.89774948
0.74867427,0.34511524
0.91962218,0.87132150
0.91636425,0.94743907
0.55462068,0.61226863
0.79087543,0.80778700
0.94932878,0.93322879
0.94501060,0.97222221
0.25457063,0.42358845
0.92536461,0.92842150
0.86220837,0.87963533
0.90378869,0.93257427
0.89069486,0.84153783
0.89670277,0.93129760
0.68395394,0.68185139
0.83961999,0.94208270
0.76346397,0.69028759
0.91236019,0.85408163
0.49330261,0.73607951
0.91746449,0.88519126
0.49734366,0.50528187
0.75072920,0.84792101
0.84347486,0.75366879
0.55366826,0.50658047
0.80582017,0.64404887
0.84104043,0.89263630
0.43977261,0.49252614
0.78894585,0.65751696
0.70613194,0.58521760
0.73223728,0.70898658
0.93580079,0.94868690
0.77438992,0.79000568
0.74431032,0.87812442
0.91782677,0.90679687
0.86857206,0.93229169
0.42717692,0.40523237
0.85115212,0.86327744
0.85003215,0.69556737
0.73396206,0.80346686
0.67773759,0.67167324
0.93326867,0.82744044
0.67045146,0.75187397
0.46874174,0.57973754
0.90687901,0.96288943
0.83638126,0.96245849
0.91579157,0.97161305
0.78387582,0.92712247
0.87657279,0.83955443
0.46651253,0.59445947
0.70811838,0.79835540
0.84632754,0.85104710
0.90752429,0.85698450
0.68551081,0.75783801
0.77241701,0.68147451
0.59733623,0.68763447
0.89623719,0.86583000
0.86676770,0.83552742
0.91526055,0.92595226
0.78022444,0.80328435
0.72292739,0.76440734
0.68985450,0.48274773
0.79002607,0.85425282
0.21563296,0.35217968
0.84849948,0.95604396
0.64820522,0.57052928
0.87675560,0.65849674
0.95497453,0.97115386
0.69207668,0.51422232
0.90211147,0.94842172
0.92870885,0.86075163
0.90667677,0.97244149
0.89669013,0.88086736
0.02917023,0.04580267
0.75905311,0.71991873
0.84817904,0.90789473
0.91986847,0.83249384
0.93134129,0.88196427
0.90378881,0.86628664
0.89292121,0.91282797
0.91693920,0.91710097
0.82035989,0.81452864
0.79710203,0.67801344
0.83914334,0.47775811
0.85470700,0.80510753
0.53491110,0.67446810
0.91328156,0.84147245
0.94715363,0.93378329
0.86713654,0.84296876
0.84599781,0.73563290
0.50781339,0.43004099
0.07848930,0.11223690
0.60427427,0.57947791
0.91816407,0.94054466
0.94705737,0.93813747
0.95319349,0.86860120
0.66409475,0.62798101
0.94911426,0.95646960
0.49117368,0.47371379
0.76307076,0.94417387
0.92828888,0.96932012
0.69183457,0.56598759
0.75499237,0.80576950
0.28352121,0.33701411
0.77274829,0.69234240
0.89505893,0.84282053
0.35232911,0.26069599
0.53168577,0.73901176
0.87121433,0.93899584
0.76404870,0.60856491
0.20809752,0.14977884
0.83995306,0.89643747
0.83458173,0.84919506
0.85146970,0.78197366
0.83167183,0.84337187
0.75541091,0.62717295
0.64155060,0.77907377
0.89603692,0.85116220
0.54541183,0.62323946
0.56560749,0.65485609
0.93516952,0.97540987
0.89562547,0.86293226
0.74876243,0.81600612
0.48150191,0.47790524
0.91700757,0.95002931
0.95257622,0.94913703
0.60569644,0.58176565
0.87195987,0.90195483
0.62861270,0.50837183
0.53338283,0.54774100
0.49094591,0.57565135
0.71236825,0.80611110
0.40456015,0.39445871
0.86782157,0.96013117
0.06863232,0.19643602
0.94354993,0.96178591
0.53798032,0.24278516
0.93728435,0.96150458
0.87742323,0.83796620
0.89464867,0.92015117
0.87249905,0.94868141
0.66175687,0.59982920
0.85714465,0.76569235
0.87960583,0.88745636
0.92601043,0.95939767
0.27024835,0.34010842
0.73485374,0.80897957
0.73986316,0.89536291
0.35106939,0.32583460
0.83262104,0.71392745
0.94501489,0.95888788
0.90651059,0.88028204
0.89112186,0.88586742
0.81895030,0.68154299
0.89231586,0.94550353
0.90163660,0.94453758
0.82062215,0.73705500
0.90604228,0.90509939
0.26936138,0.17494252
0.77855080,0.87989235
0.55801958,0.68179667
0.62672967,0.79959714
0.75156325,0.59616596
0.88110733,0.84470910
0.91709709,0.99497414
0.21920106,0.26573077
0.91623241,0.96437126
0.84860033,0.87511498
0.73174107,0.63227510
0.81044233,0.80413121
0.90780151,0.87317926
0.79051781,0.71612072
0.87499267,0.87742949
0.62842119,0.84252799
0.91133696,0.88625824
0.78948349,0.70597845
0.88588959,0.82569063
0.35511070,0.28093535
0.41263002,0.45139080
0.83030581,0.85651290
0.12495768,0.25443321
0.88164890,0.87771767
0.91094148,0.92113006
0.84119350,0.78771532
0.59645128,0.56883347
0.77705556,0.68409812
0.58960348,0.51866502
0.86489356,0.89704436
0.81383985,0.64072943
0.92093903,0.97974503
0.83754736,0.83071285
0.86543089,0.84090102
0.30325121,0.29403645
0.80293572,0.77840394
0.69666368,0.76021636
0.74124187,0.78524214
0.88734281,0.89633226
0.93330115,0.94120151
0.82042503,0.87318563
0.83702838,0.82413101
0.91676712,0.95733041
0.89859396,0.90329397
0.21995465,0.11286988
0.42549428,0.44786826
0.69230264,0.70078200
0.59560311,0.70576924
0.65623838,0.77261633
0.72064906,0.51436228
0.72621500,0.64331055
0.68705648,0.77381706
0.82482094,0.94997269
0.82136071,0.57921028
0.89681733,0.96609181
0.81523180,0.83745748
0.87494630,0.87462234
0.87348813,0.86753249
0.81118697,0.90942913
0.87499803,0.92438066
0.84092200,0.81891280
0.88145316,0.91215152
0.88746464,0.70312828
0.86935574,0.81175274
0.88564163,0.87305474
0.89703053,0.89770633
0.60755390,0.50900257
0.37216163,0.54919863
0.86062729,0.99425286
0.90067911,0.90091950
0.86579859,0.80878663
0.83226818,0.83850265
0.79193151,0.74399853
0.92725396,0.92098033
0.40634656,0.62598270
0.86958009,0.76550871
0.93206871,0.87920874
0.21016179,0.25909430
0.82044804,0.76881856
0.94148386,0.92859668
0.80386561,0.71317309
0.65279675,0.77956986
0.84235376,0.86996698
0.68776500,0.45161444
0.85840601,0.98084825
0.88493156,0.84113801
0.87179279,0.84279549
0.74817044,0.70817608
0.40382996,0.44838309
0.76085293,0.85638946
0.80888516,0.99642855
0.92704505,0.95770979
0.86981100,0.87345171
0.76789272,0.73427027
0.88279599,0.84351897
0.91829222,0.92926937
0.94351757,0.92618775
0.44062093,0.45971575
0.92376882,0.90075141
0.84466177,0.82073301
0.92213613,0.90561372
0.88334173,0.84722221
0.86277723,0.92095351
0.92149979,0.88191885
0.08599718,0.07497706
0.34086502,0.14390244
0.88451439,0.84716874
0.90947855,0.88255036
0.80622381,0.85113996
0.91516525,0.94928300
0.78512585,0.73880899
0.65033555,0.62105978
0.85713816,0.81262982
0.58169085,0.55583185
0.87675750,0.88450295
0.47090465,0.43947282
0.90213037,0.93605608
0.69923741,0.74731505
0.53414232,0.60952902
0.70236725,0.71591765
0.91336250,0.90945148
0.60761458,0.61156446
0.56544602,0.66399556
0.81762385,0.82773900
0.74738759,0.99888641
0.85006618,0.80901307
0.80107468,0.83635467
0.63212663,0.62672049
0.66628057,0.62334055
0.90229326,0.80335766
0.60777706,0.57727122
0.65465343,0.69110304
0.81254858,0.87603253
0.45305216,0.62082064
0.67432529,0.60234964
0.26945874,0.31594202
0.37759343,0.45400271
0.62439090,0.73377436
0.66818714,0.54876393
0.53231108,0.67029285
0.77821076,0.89851618
0.86636513,0.70219976
0.80158293,0.79977137
0.83203048,0.75698471
0.80486035,0.80296588
0.91336858,0.98493630
0.57424927,0.73153740
0.91218913,0.91952467
0.85696101,0.74732560
0.20670618,0.27417654
0.73821509,0.90460300
0.59850788,0.61332309
0.82225460,0.90574151
0.93247712,0.93852460
0.43128291,0.41883275
0.48247024,0.45576829
0.50917107,0.40355298
0.91765016,0.90396249
0.81558239,0.87063295
0.29874280,0.24686849
0.94505012,0.90374649
0.89705712,0.80468750
0.80241781,0.92537314
0.82967812,0.82373244
0.91786402,0.90890688
0.42514142,0.41073257
0.91924065,0.92492646
0.87453884,0.89233661
0.84972006,0.75138891
0.90936822,0.78554803
0.72817838,0.68115872
0.56736660,0.59684193
0.75707239,0.34331059
0.94711852,0.95993030
0.90397191,0.75191104
0.86029470,0.92942840
0.05565574,0.05887888
0.81327099,0.86328375
0.93702376,0.92137265
0.93009388,0.94824338
0.87551713,0.92727274
0.41099498,0.44329169
0.19565299,0.16621801
0.82728362,0.81493509
0.71947932,0.77093369
0.55740142,0.36946368
0.91314793,0.94431466
0.85429394,0.86139697
0.71337247,0.71845347
0.49803856,0.42334017
0.81629008,0.88576943
0.90512800,0.98041666
0.88859409,0.89055043
0.37952542,0.45699394
0.49673933,0.43135002
0.65209037,0.56313431
0.69717509,0.65316665
0.82558054,0.88094515
0.71204913,0.81349206
0.68476993,0.69447440
0.57098126,0.53202736
0.34244952,0.19074610
0.70101506,0.62072283
0.72245532,0.62310362
0.07370372,0.17857143
0.91472846,0.93130344
0.25765258,0.26686859
0.41251323,0.41347429
0.45478442,0.34925410
0.96025729,0.92120683
0.62702477,0.71532255
0.83532423,0.91563803
0.28148153,0.36190981
0.59224862,0.68842268
0.60016561,0.75373417
0.92068833,0.91406190
0.75660425,0.61812866
0.87053972,0.88348532
0.93301558,0.96102065
0.72204405,0.76305968
0.83787310,0.93243456
0.74078709,0.88182276
0.82088619,0.68118411
0.77882302,0.86943781
0.93277109,0.93299937
0.56762272,0.82679921
0.87177962,0.90753287
0.66865450,0.56599897
0.81254423,0.58724594
0.92620099,0.93863815
0.88101137,0.78259116
0.86702120,0.85712564
0.94820839,0.94747758
0.94924831,0.93136072
0.25064105,0.38836405
0.70367855,0.83414632
0.81864089,0.81010693
0.87765455,0.73488325
0.75154376,0.91078430
0.85505188,0.95604217
0.45264837,0.61352813
0.43216622,0.28458738
0.64064509,0.64388865
0.16945866,0.31385612
0.70282918,0.58470148
0.90237421,0.90445155
0.67580605,0.73867559
0.89129990,0.86246496
0.33783209,0.37729108
0.85620940,0.66213691
0.80633450,0.78770852
0.37214240,0.38212597
0.24930219,0.21620715
0.60277587,0.44405919
0.87287420,0.88106066
0.79614925,0.77390367
0.76739413,0.82036614
0.87375909,0.80996716
0.87005371,0.85842067
0.94092911,0.90472430
0.85382617,0.40315506
0.74279118,0.60859418
0.83987677,0.73751736
0.76777178,0.73597103
0.86835390,0.80103737
0.86591548,0.83284163
0.24434078,0.27266225
0.66220003,0.60189211
0.61131823,0.84333014
0.95988774,0.97828609
0.85639489,0.78776121
0.79227096,0.74959815
0.63742435,0.84598929
0.80806184,0.80587584
0.78620034,0.72466218
0.81230271,0.88078433
0.86128592,0.93350166
0.55444592,0.39687431
0.57368177,0.53868902
0.41775662,0.39282146
0.32250729,0.46381423
0.84951240,0.91736388
0.81698257,0.81108958
0.74962014,0.69661492
0.71781421,0.62597948
0.91697466,0.80019981
0.67139208,0.47633147
0.79797953,0.84880120
0.87625569,0.83789790
0.54022878,0.67357653
0.84445709,0.72186613
0.42467326,0.51307732
0.80446887,0.77973855
0.23678599,0.34047765
0.48599347,0.55808079
0.46280965,0.41156632
0.42028716,0.51598209
0.92087960,0.89465147
0.85865337,0.84753376
0.70197868,0.70289034
0.94704467,0.94705653
0.87039548,0.92244416
0.93694311,0.94948977
0.71828789,0.63704205
0.88124061,0.88767505
0.29440114,0.44295454
0.89356524,0.91778165
0.94011986,0.96724421
0.84707975,0.71548676
0.49083278,0.70466030
0.92986274,0.96487606
0.72700942,0.69793046
0.79281527,0.83635980
0.94938058,0.95140678
0.75034809,0.73388773
0.27319041,0.30173033
0.91432238,0.91107738
0.87230062,0.84156317
0.67843509,0.68461519
0.80528408,0.82612556
0.91044843,0.90076631
0.64381546,0.57860386
0.91242915,0.89237136
0.88180441,0.80948132
0.77343869,0.63861454
0.26263267,0.38626665
0.49571064,0.52671957
0.84125417,0.87913013
0.92749554,0.95767272
0.89428365,0.86352932
0.40702561,0.33011273
0.87814009,0.94629246
0.92713588,0.93036580
0.89044350,0.91126776
0.90498281,0.97853369
0.61804843,0.64231008
0.85394973,0.78312474
0.93696213,0.96205503
0.90791833,0.91715837
0.71084946,0.68434751
0.88236791,0.88573885
0.89643687,0.89452815
0.29273173,0.26408178
0.55489534,0.52276689
0.87382400,0.91676831
0.66758603,0.59834677
0.84656596,0.62980771
0.88438880,0.84498233
0.94009978,0.97385532
0.63289297,0.71306640
0.81799042,0.85761565
0.33421516,0.26958776
0.89172751,0.88651258
0.90646327,0.97886825
0.87877071,0.88575268
0.80741715,0.81904554
0.84961540,0.85631067
0.90498829,0.78633600
0.39601791,0.53611565
0.52752364,0.52867132
0.80040699,0.58175290
0.83617657,0.74276859
0.16469441,0.16462965
0.89149368,0.93084574
0.89293414,0.92125493
0.79566920,0.86562502
0.51245081,0.52665967
0.79343253,0.76739419
0.80691910,0.86697251
0.90299320,0.90608108
0.25753218,0.21021059
0.78979170,0.71524066
0.83101225,0.82290912
0.67351413,0.77031821
0.77178204,0.79810995
0.69940561,0.51792771
0.53407973,0.67713457
0.80093729,0.73488283
0.88853967,0.88671398
0.92545438,0.86932921
0.35555211,0.45771959
0.63236612,0.53966188
0.86246431,0.88286805
0.83660692,0.80708271
0.71487904,0.92190522
0.84574485,0.70137870
0.78302097,0.84829384
0.87212932,0.83466822
0.77495062,0.71924812
0.86811543,0.93329918
0.54214919,0.76857030
0.55751479,0.55803180
0.91792226,0.88090771
0.83489823,0.84025007
0.93350881,0.91762823
0.89166409,0.86246240
0.60885674,0.51923591
0.53912616,0.53985041
0.47299734,0.41860464
0.87391472,0.74591571
0.69799310,0.71431565
0.86690086,0.85822320
0.83810902,0.86392111
0.88153893,0.84782684
0.31787166,0.31394839
0.66678905,0.64767081
0.50591207,0.60114735
0.79877865,0.80974412
0.41430449,0.37164414
0.41952252,0.46460047
0.84993738,0.84319019
0.17924882,0.16497388
0.93077272,0.94478381
0.52782041,0.60501510
0.83165097,0.81430602
0.90699333,0.85963488
0.59201193,0.52581948
0.78850192,0.90674686
0.75383306,0.59478402
0.77583730,0.84960896
0.76124626,0.80011517
0.26193807,0.29427531
0.85005629,0.88049716
0.92004359,0.94305301
0.80952287,0.88107681
0.83432502,0.66533875
0.93409222,0.92313504
0.63193554,0.73524374
0.87739486,0.86621511
0.94357222,0.93106729
0.61064744,0.47980279
0.89133531,0.83803141
0.91531563,0.86684155
0.87788975,0.88924634
0.76832956,0.68040210
0.47227004,0.81234568
0.28599522,0.34900808
0.89663821,0.93970716
0.92573595,0.92941880
0.81887722,0.80512625
0.83832234,0.91325521
0.87123829,0.74869227
0.41092756,0.21674128
0.85938072,0.95140427
0.78061301,0.76357943
0.75874144,0.73503256
0.92042297,0.93443501
0.34923908,0.43088040
0.59710687,0.61491698
0.19890365,0.20233637
0.84013736,0.93137479
0.82554978,0.88597447
0.83761644,0.82273108
0.93548071,0.95281094
0.91848975,0.95226735
0.84917670,0.78538090
0.92010474,0.94541657
0.92234826,0.90407228
0.59764701,0.57378972
0.86329925,0.81096095
0.88843369,0.94468367
0.80678785,0.91102755
0.77934158,0.65889424
0.40161577,0.55896705
0.28527120,0.25727087
0.48634282,0.55153459
0.56249273,0.56407166
0.54601866,0.62411201
0.53473043,0.44689736
0.79614764,0.89418244
0.76156402,0.74401551
0.89452082,0.91926515
0.53409606,0.48811969
0.71104169,0.60936344
0.88901764,0.96453899
0.86899692,0.94567049
0.49606583,0.58518744
0.73278826,0.85896105
0.88164157,0.92436975
0.74937171,0.76619637
0.46445397,0.37865728
0.72703701,0.53696579
0.78444141,0.68268484
0.56573772,0.54181010
0.85397369,0.86332214
0.42977831,0.63521641
0.87614030,0.87784016
0.84493029,0.94144881
0.63589418,0.56423545
0.91045052,0.88804388
0.70191365,0.90700543
0.90335971,0.95015210
0.57272130,0.62058789
0.69965786,0.79883087
0.77276695,0.92123985
0.23591927,0.29284340
0.51055121,0.65918279
0.95733166,0.95156682
0.81675309,0.83087158
0.64414406,0.55090457
0.93529409,0.89478815
0.72613186,0.71079355
0.32471353,0.29572579
0.86095667,0.90395570
0.74925828,0.70062238
0.46571699,0.42544800
0.11154798,0.13499986
0.48325717,0.59261674
0.79341912,0.83686870
0.79704911,0.71431649
0.85522205,0.80535322
0.48539057,0.44080490
0.70426941,0.68046820
0.89677948,0.88211900
0.90743893,0.92337251
0.86303544,0.90806741
0.54571319,0.42550504
0.81191623,0.81607956
0.76645416,0.75267017
0.54928052,0.54109889
0.42644924,0.64185476
0.59538299,0.78316742
0.87153900,0.83877629
0.80691862,0.80120999
0.90064961,0.89555258
0.90618008,0.88730419
0.67155516,0.89329320
0.90840274,0.86925638
0.91561228,0.90426528
0.34746733,0.32794622
0.63503557,0.72307694
0.72867757,0.78880227
0.58608520,0.69225228
0.68831301,0.49802372
0.88600510,0.94826311
0.76850367,0.65071899
0.80675316,0.69458610
0.87937200,0.91751724
0.66765010,0.60509634
0.80366242,0.72117525
0.62240779,0.51230520
0.88250071,0.83057493
0.82719159,0.62790275
0.61850548,0.72464728
0.73105586,0.60357124
0.86484355,0.57811230
0.62302792,0.76451755
0.59288871,0.65460360
0.90885627,0.91930300
0.70676064,0.41803375
0.84551054,0.91481394
0.55805802,0.57398993
0.27959809,0.30924433
0.75497574,0.72230905
0.52121216,0.49731249
0.86085558,0.73707688
0.90046793,0.87325001
0.74767154,0.81795913
0.82504630,0.80513459
0.87353808,0.90945530
0.52642441,0.66351891
0.87511963,0.83636242
0.81668407,0.81954020
0.93997777,0.93428570
0.71280235,0.72480237
0.96068257,0.95489550
0.91746330,0.97859430
0.70584965,0.76543307
0.87783021,0.88159877
0.73018974,0.66364735
0.62342596,0.66201407
0.83889151,0.81898528
0.94761604,0.90554053
0.89826179,0.90113240
0.28857157,0.20370160
0.39322847,0.31864753
0.24941747,0.22531345
0.51928568,0.56835264
0.83956361,0.89218456
0.92364067,0.91149521
0.53792804,0.43312377
0.66369772,0.41225928
0.82414401,0.85576922
0.89287436,0.72041112
0.78259957,0.84452683
0.83469075,0.82641959
0.86042988,0.87013572
0.63451010,0.40221089
0.90029138,0.93004912
0.86975545,0.94750637
0.50845873,0.42811745
0.95786947,0.95471442
0.88538206,0.91122085
0.49041814,0.51083529
0.43030387,0.27325070
0.70025861,0.48874459
0.61956924,0.53219175
0.90452760,0.91258496
0.35653341,0.51421547
0.17763844,0.16824375
0.90447426,0.95793831
0.87419927,0.87224317
0.64294547,0.35857671
0.83775473,0.88580358
0.68816054,0.65312827
0.48972505,0.45671040
0.80235672,0.84324133
0.93728817,0.91488916
0.58890516,0.43936557
0.94441909,0.96191794
0.50273597,0.36642864
0.93744034,0.90795249
0.89377218,0.92329091
0.84487200,0.82083333
0.94736916,0.94758064
0.42015752,0.37408519
0.86646926,0.87000698
0.85726386,0.88083166
0.87003779,0.88705063
0.72672796,0.59842324
0.64567244,0.60643572
0.85155302,0.83627653
0.39520118,0.39646974
0.95413899,0.90601200
0.61696059,0.48900181
0.90286666,0.87262613
0.67433047,0.70908070
0.80569857,0.75484210
0.72255975,0.77926588
0.73627192,0.75887817
0.48493060,0.24975027
0.49957585,0.61219209
0.92681724,0.95826328
0.94949961,0.96291733
0.56124818,0.49350649
0.89065528,0.75180954
0.76542544,0.55396414
0.89375889,0.92468077
0.88846958,0.89616227
0.91768730,0.87778515
0.90878344,0.94268423
0.42451942,0.69172472
0.93331915,0.92317021
0.73099989,0.62751853
0.76516032,0.68234134
0.62863588,0.72234392
0.45304194,0.52153915
0.61526978,0.48065290
0.89950973,0.90427721
0.91545910,0.92455280
0.84784609,0.86911076
0.66228932,0.60090137
0.71162289,0.78461540
0.90051842,0.94017917
0.84763092,0.89266616
0.87843609,0.92072195
0.89945394,0.86983883
0.64255852,0.66580093
0.87728792,0.77782387
0.87410688,0.91726822
0.87167811,0.89858943
0.65103543,0.89878005
0.64503759,0.56363636
0.85186225,0.79968596
0.64996660,0.68719727
0.88849694,0.85790408
0.88593972,0.90293932
0.88439137,0.95863920
0.42483550,0.36549816
0.89666879,0.90652174
0.79148114,0.81130463
0.84888846,0.69390404
0.91160148,0.86177069
0.72891849,0.66614151
0.08792639,0.10867411
0.84066164,0.83432090
0.27225381,0.27899492
0.91432106,0.93369395
0.75275850,0.76367360
0.50332606,0.52248341
0.64829141,0.70664138
0.41497564,0.47202370
0.74260855,0.72612965
0.93651652,0.89943314
0.35532951,0.55499828
0.86770082,0.89636755
0.83315766,0.75809509
0.65698910,0.63974792
0.82129455,0.78104293
0.85242963,0.88610148
0.93620843,0.93431371
0.79061735,0.83934772
0.77228063,0.71283698
0.91050816,0.89842480
0.67720157,0.54730159
0.72575319,0.43214285
0.71939415,0.35497200
0.59103566,0.52035463
0.22003695,0.16419658
0.30583662,0.40966952
0.76779789,0.61902410
0.60151297,0.72706509
0.87732869,0.90523183
0.89419568,0.81309521
0.64659512,0.62879652
0.84024972,0.82935148
0.57661068,0.72596747
0.88605434,0.78171802
0.65134174,0.76299530
0.90243751,0.91868389
0.21347223,0.25794923
0.90983337,0.94805503
0.72200203,0.54948288
0.93930912,0.96323186
0.67845619,0.70808846
0.83378440,0.74844444
0.88335115,0.82007611
0.86946690,0.84158826
0.89794666,0.90366298
0.75256050,0.79571223
0.87642908,0.80758429
0.74863553,0.79464287
0.21553944,0.39908019
0.78371030,0.73734641
0.26550627,0.07455605
0.29282561,0.17020099
0.89498752,0.93589354
0.53499055,0.63321871
0.79261172,0.80233514
0.72304004,0.67605603
0.93132323,0.91330028
0.76616740,0.71992844
0.93716258,0.91117382
0.59176552,0.47939801
0.88370901,0.85910517
0.56037670,0.56120360
0.69720250,0.99609375
0.82311010,0.82705593
0.28965837,0.31308284
0.89852446,0.71998125
0.71170199,0.61743915
0.81132895,0.79744208
0.79505146,0.80658859
0.82645893,0.86582166
0.89012372,0.94588816
0.59453434,0.67820317
0.86652547,0.86383486
0.78119129,0.55416667
0.79435199,0.64915603
0.76014781,0.77142859
0.71932250,0.55404264
0.64959234,0.72441417
0.81306648,0.84533483
0.69865745,0.71924734
0.86166370,0.87103897
0.84179664,0.86925709
0.89095730,0.89299560
0.86779237,0.85965991
0.93120980,0.96687371
0.91227883,0.87602341
0.77245772,0.78267020
0.83341652,0.90069497
0.93380731,0.88417375
0.76210928,0.69139767
0.83194119,0.81770831
0.70930338,0.67526495
0.40779996,0.52850091
0.86913234,0.81791282
0.64023834,0.61894262
0.87054688,0.91690284
0.49155638,0.49491447
0.78431445,0.82243747
0.74091339,0.62001604
0.84372675,0.76807755
0.56596524,0.42000598
0.56197983,0.63359320
0.85998541,0.92971718
0.79000098,0.57530427
0.83582449,0.80952382
0.91319615,0.92160279
0.90119308,0.84482759
0.85026842,0.84970713
0.51667708,0.28383347
0.92499024,0.88441843
0.53754395,0.69579417
0.32443625,0.22469424
0.87120396,0.82103914
0.78526944,0.75675434
0.69484383,0.65243727
0.84945297,0.88136077
0.74699152,0.85177046
0.86191380,0.89009333
0.92259616,0.81751615
0.40477395,0.26774266
0.62811661,0.70526057
0.76781118,0.83430231
0.57622272,0.62772018
0.89542288,0.85244316
0.62343544,0.57725251
0.27904758,0.29824492
0.56170219,0.61118960
0.88725644,0.93584907
0.90242857,0.93856561
0.47227198,0.36630476
0.63656229,0.58595842
0.36204144,0.38987574
0.80251408,0.87111205
0.87023884,0.83429378
0.91862047,0.41153699
0.91323495,0.95909977
0.90846413,0.92901236
0.62457436,0.61069566
0.90823919,0.89789295
0.68532717,0.74303269
0.91593647,0.85485041
0.94373029,0.88345087
0.25730580,0.27619258
0.85637504,0.95724529
0.86075163,0.83617675
0.40439087,0.49744982
0.92817795,0.94597828
0.84460801,0.87699610
0.89011431,0.94724703
0.89225382,0.90196633
0.88380522,0.92557651
0.64104998,0.73717207
0.66934532,0.69321382
0.92683536,0.94005603
0.88879341,0.88258708
0.90754569,0.90425348
0.93380898,0.88550907
0.49063200,0.45869714
0.89978451,0.88097888
0.19285131,0.25123823
0.93432927,0.92153847
0.83685493,0.94516450
0.63760889,0.57412654
0.89010048,0.87704951
0.92849398,0.96241832
0.71828419,0.82477778
0.34299669,0.29932868
0.77325279,0.69225293
0.57630223,0.97664815
0.88818818,0.90223086
0.54920053,0.60148513
0.71425843,0.79319382
0.81645334,0.78682846
0.73085856,0.89248890
0.56690800,0.35644263
0.71439296,0.80514705
0.84153849,0.84663057
0.63669211,0.65003949
0.82997149,0.64214063
0.60908043,0.59708977
0.44717729,0.20019954
0.90679544,0.88225627
0.21783228,0.15344574
0.89699537,0.92121214
0.84705889,0.67571312
0.84471238,0.76544768
0.89154845,0.97370946
0.85319149,0.84361732
0.76678079,0.82224995
0.52736759,0.37674493
0.85342902,0.90007275
0.85880876,0.89105046
0.93712783,0.96345901
0.88173825,0.87839490
0.77562815,0.71089637
0.90252703,0.89089328
0.62046391,0.75335133
0.92105478,0.89259034
0.09409028,0.06829837
0.90911776,0.94404960
0.93219370,0.96098900
0.50365984,0.62072366
0.69680953,0.48020723
0.68802214,0.81188536
0.88989013,0.89475161
0.91079324,0.88479143
0.88449490,0.85508496
0.92460138,0.92049551
0.66790962,0.63504386
0.89216429,0.84325689
0.94501913,0.86173087
0.76362151,0.84849393
0.63930321,0.45001563
0.83466494,0.87728935
0.93020117,0.88124722
0.57950795,0.52454460
0.53820944,0.55092359
0.87447774,0.90826315
0.77427983,0.78231227
0.89912599,0.89741707
0.87521607,0.86492676
0.52986139,0.15921940
0.47637558,0.29984215
0.55134660,0.43859890
0.95197010,0.99230766
0.82983279,0.84102565
0.21623236,0.17442191
0.57344019,0.70329672
0.41549361,0.40908498
0.50003999,0.40095246
0.45219940,0.48571542
0.50377506,0.49918452
0.93828350,0.88721877
0.32871094,0.08909262
0.84621644,0.82946324
0.82946867,0.75512242
0.92409378,0.92004907
0.92546445,0.88721830
0.54788262,0.53965944
0.94722813,0.94276226
0.86519885,0.85317880
0.78300971,0.90883893
0.76306599,0.61259478
0.21212071,0.41220814
0.72983879,0.76328313
0.86996859,0.94481438
0.81240124,0.82163745
0.80642712,0.79190278
0.12966965,0.14329004
0.70637685,0.54568022
0.84314322,0.91237390
0.77852648,0.64533132
0.92263669,0.89040375
0.18478814,0.23491916
0.85800344,0.70512819
0.93789911,0.87333721
0.67816353,0.50275481
0.25286281,0.41492388
0.68720704,0.83216679
0.90275210,0.84765434
0.87035167,0.87943816
0.92759520,0.91746032
0.81835538,0.84982634
0.83188182,0.68396997
0.76678598,0.84090906
0.79502773,0.70183557
0.73327070,0.77616769
0.87797368,0.94641560
0.61214620,0.61118776
0.53794217,0.68366092
0.32720265,0.45492229
0.87355489,0.80246884
0.67543769,0.71277618
0.82549661,0.86717635
0.67584497,0.76205230
0.95130396,0.96383440
0.42959386,0.43993151
0.34193426,0.38756835
0.93421167,0.91624326
0.34710848,0.31154683
0.86523497,0.91513997
0.93908167,0.96767455
0.18986954,0.18740541
0.74441153,0.66513056
0.32432017,0.25474322
0.93292785,0.94279474
0.83751792,0.81180859
0.94315404,0.94845963
0.92107928,0.97481686
0.37930426,0.18055958
0.39286378,0.19880952
0.22206485,0.38651857
0.75510716,0.80794996
0.77172118,0.82167602
0.93826199,0.96399838
0.79318869,0.84096026
0.80354983,0.85861164
0.77244097,0.65253198
0.43112811,0.45501372
0.41817042,0.42889556
0.91328412,0.92932373
0.69417077,0.59381235
0.92165935,0.91048646
0.91785920,0.92507005
0.95310694,0.88690591
0.16625763,0.23253667
0.91455823,0.92717087
0.83651906,0.90045935
0.85432196,0.93431395
0.79851007,0.90154886
0.77464217,0.88411397
0.34127128,0.43741089
0.88564777,0.83839709
0.91761482,0.91226202
0.32044581,0.31578946
0.42791039,0.40491804
0.88778317,0.93180543
0.90420353,0.88696444
0.92053437,0.93975824
0.89270699,0.95710742
0.91523248,0.93605047
0.90564704,0.91082805
0.61165178,0.60890597
0.89390820,0.90525424
0.89176995,0.90705884
0.88842553,0.75723577
0.86928475,0.76311040
0.92037368,0.83497620
0.80900192,0.93640012
0.91122311,0.89069539
0.79531121,0.81720781
0.61811453,0.63918066
0.76249427,0.91938615
0.67729622,0.87966478
0.74047273,0.02964612
0.87516654,0.90822428
0.66330051,0.71300256
0.51595432,0.57531393
0.81061035,0.88143426
0.80777234,0.85934305
0.73515719,0.64706433
0.82611942,0.96249998
0.85906005,0.92266011
0.80189312,0.83189654
0.80510509,0.77686781
0.72468919,0.59934556
0.72678834,0.76567739
0.81161624,0.84105265
0.92376161,0.91954386
0.12324319,0.12743473
0.80393672,0.62894773
0.78839511,0.41752899
0.49196285,0.50101358
0.70195448,0.78430188
0.77488965,0.68559217
0.66682106,0.60607475
0.87739909,0.88823915
0.86531824,0.84758389
0.80660319,0.75931394
0.13739918,0.23200859
0.33042252,0.38606334
0.94877440,0.89179516
0.91075802,0.94080716
0.56899101,0.46410990
0.75368667,0.65484893
0.74904758,0.31590417
0.32088986,0.24041301
0.92386800,0.94095367
0.80998284,0.87500000
0.44718981,0.61891466
0.91286701,0.92870259
0.23287256,0.27204525
0.63322651,0.45376888
0.76776463,0.57336152
0.92610162,0.87294120
0.76739317,0.85196078
0.86996692,0.85354626
0.89546579,0.97498119
0.57085395,0.42754343
0.89877868,0.94963878
0.36575732,0.45171499
0.91653055,0.96791446
0.90555489,0.86007518
0.90131027,0.83196211
0.89761162,0.85797906
0.82943213,0.91861320
0.55767524,0.35621205
0.86847806,0.85198003
0.78179741,0.79217917
0.41891554,0.17416899
0.93676752,0.91427881
0.81012034,0.87962961
0.76581156,0.47461370
0.85683358,0.92484587
0.93940091,0.91949022
0.52506936,0.60943729
0.66873211,0.77308971
0.88108605,0.87145025
0.48396260,0.55161566
0.68434983,0.63959783
0.36972493,0.34424084
0.73083103,0.69670886
0.54414862,0.71045119
0.76468790,0.73442084
0.28610921,0.45881557
0.65035409,0.66664827
0.85394877,0.93217814
0.92557067,0.81453234
0.55234450,0.75454545
0.75906342,1.00000000
0.81993401,0.93357509
0.72264576,0.71567297
0.76063365,0.84580421
0.71487153,0.80489445
0.67126691,0.77475005
0.83856487,0.74435073
0.89710736,0.88111013
0.31227872,0.25292870
0.87121129,0.93983138
0.88404423,0.94122696
0.88675141,0.85635376
0.90114379,0.80575335
0.75084376,0.85893720
0.69714540,0.93557674
0.88513017,0.90379173
0.37320334,0.14004968
0.92887771,0.83660132
0.92709625,0.93454885
0.42469010,0.26287934
0.85235977,0.91712707
0.56507105,0.65285587
0.76869535,0.76490575
0.64519453,0.58143669
0.24035493,0.12236842
0.85940278,0.93267488
0.90094823,0.95400006
0.84533775,0.85818166
0.92690963,0.91877991
0.78867519,0.72395557
0.74223143,0.80206394
0.06418481,0.10837964
0.46269268,0.16903889
0.92463505,0.91320348
0.80170405,0.68061656
0.89781058,0.93670887
0.41879976,0.37096778
0.88353556,0.87613404
0.93294424,0.90014768
0.69332820,0.89949495
0.92357886,0.91311008
0.76798850,0.51841706
0.89853722,0.89685607
0.82547343,0.86471170
0.80878615,0.83123648
0.23640092,0.25009397
0.92000788,0.92673993
0.91986996,0.89891565
0.80036098,0.84587008
0.94045252,0.90423000
0.75914824,0.73255002
0.91695780,0.92189580
0.94578087,0.88496912
0.80339730,0.71860522
0.77302325,0.74341798
0.94700807,0.92109185
0.74632299,0.99761903
0.41003740,0.46135831
0.73343700,0.71771282
0.93662184,0.87048554
0.74857855,0.72692442
0.48953739,0.57671326
0.65880412,0.88399357
0.27806008,0.40305534
0.88626301,0.88357663
0.90589732,0.94397849
0.45117721,0.66152561
0.60992128,0.75018382
0.91166681,0.93260264
0.81504595,0.85270655
0.73197520,0.55598551
0.55717158,0.68247974
0.89305466,0.90051502
0.90480477,0.96181631
0.83265454,0.95810419
0.87353587,0.88069820
0.85669655,0.83784002
0.79869920,0.88187933
0.75398999,0.54209012
0.63948411,0.77091575
0.80915284,0.81152558
0.64734185,0.61299437
0.92068875,0.87382627
0.70889926,0.62929517
0.91068417,0.88459653
0.91982508,0.97421932
0.21610776,0.30498749
0.26889101,0.23558581
0.72684681,0.89388430
0.76292384,0.64270473
0.20268236,0.35376799
0.90987587,0.95362890
0.90145195,0.95308578
0.32305941,0.49136579
0.95242167,0.96046054
0.76462561,0.69312167
0.93080509,0.94805765
0.85633838,0.81778711
0.82456756,0.84878772
0.83515203,0.85112309
0.80065191,0.73909897
0.84102821,0.89631337
0.78000474,0.54158878
0.15208979,0.11928131
0.87346274,0.79812777
0.79588872,0.79585254
0.73502511,0.81701428
0.84662741,0.83949620
0.81020027,0.89025772
0.61431396,0.65752423
0.85173947,0.75183153
0.91729701,0.84598374
0.87698048,0.89336401
0.91290718,0.92591268
0.81756604,0.20265526
0.92054987,0.91118538
0.87881321,0.87318838
0.34965760,0.39870444
0.90567195,0.95628518
0.94082844,0.93480587
0.89736015,0.68611109
0.74933660,0.80030638
0.65641147,0.58126551
0.90926778,0.89695305
0.61298114,0.67022020
0.55814725,0.55239910
0.79576260,0.85537314
0.86431682,0.94570857
0.91112012,0.87090105
0.40886748,0.34116378
0.93288094,0.91170633
0.80725294,0.75524253
0.71967924,0.78257108
0.85976750,0.71781015
0.60287374,0.55659592
0.26417568,0.23622312
0.91734529,0.90851682
0.68874747,0.69989014
0.87027240,0.82449800
0.60912716,0.36360854
0.76340097,0.74996972
0.88095134,0.98918617
0.42194444,0.58207434
0.73652363,0.79490948
0.91100019,0.89624220
0.55093324,0.72093529
0.44371289,0.47539854
0.75882047,0.71786344
0.44172460,0.30410188
0.91568142,0.92258757
0.85559869,0.85097408
0.88530862,0.97181028
0.91860729,0.97244811
0.65365052,0.74257195
0.89819407,0.83984154
0.93144369,0.95610476
0.93396765,0.89228970
0.90302038,0.95104462
0.44238201,0.48661110
0.76803982,0.23532061
0.93158746,0.94193619
0.82040673,0.94814813
0.71659327,0.76838869
0.86977065,0.91721088
0.80876797,0.71718627
0.86011720,0.87530082
0.74816656,0.80126286
0.84123772,0.87911576
0.88365567,0.87978101
0.70809823,0.76279688
0.73015428,0.59722221
0.85531586,0.77453446
0.87020040,0.83986402
0.24759051,0.33316183
0.91605020,0.92045456
0.16053241,0.16410257
0.88093281,0.87043571
0.94078487,0.94557279
0.95037395,0.89435160
0.89523518,0.87352216
0.84428561,0.78661382
0.88133097,0.93115294
0.46200407,0.33930302
0.92368919,0.96018147
0.91609216,0.88915795
0.51095378,0.62549937
0.35573041,0.42995441
0.89241081,0.86061025
0.77697301,0.82341480
0.70026410,0.61313039
0.91266203,0.85261708
0.91149563,0.93497360
0.94098139,0.93336874
0.90713280,0.92636108
0.81723654,0.70151520
0.47296092,0.43657759
0.90659839,0.89725381
0.86652493,0.89741272
0.80112684,0.92162603
0.93378425,0.96660280
0.86615330,0.87866646
0.86729020,0.92998105
0.85248756,0.94204807
0.45015544,0.40268132
0.94704306,0.96721530
0.93676168,0.82956123
0.91474742,0.93272763
0.36583635,0.28030348
0.83930868,0.84774113
0.67524308,0.66428322
0.88569856,0.85773218
0.89687037,0.83218777
0.74380833,0.67524999
0.90365940,0.86763257
0.67187178,0.45857561
0.63522118,0.55131948
0.68250006,0.57006878
0.89326596,0.91356343
0.26621044,0.35344827
0.77503949,0.68637580
0.78879547,0.85277158
0.45134315,0.51030177
0.92106479,0.86988801
0.89761269,0.89293605
0.59609449,0.51675773
0.91670519,0.91071427
0.90966767,0.91369045
0.83233011,0.76848835
0.12825996,0.12009080
0.30152312,0.33951929
0.55088389,0.57617915
0.85395992,0.73087358
0.86769176,0.89735472
0.74250674,0.20103613
0.32237744,0.39131579
0.91993099,0.91408473
0.86144716,0.85691029
0.93236643,0.91631782
0.79383916,0.77734041
0.74754328,0.56578946
0.91518426,0.90342987
0.88871342,0.80230767
0.49838096,0.64375412
0.89718336,0.93873984
0.78370595,0.73178452
0.90046418,0.90988481
0.26655889,0.25153777
0.88184214,0.86816931
0.59246624,0.52582270
0.81652039,0.84114772
0.93665946,0.93597382
0.11016503,0.05177786
0.93445510,0.94183105
0.86662722,0.83697361
0.91082448,0.88469118
0.76867467,0.21718000
0.16196822,0.13375518
0.85141218,0.88863069
0.88253182,0.89505064
0.91172338,0.93717951
0.88968343,0.96428573
0.49074829,0.42815128
0.60233659,0.82392406
0.63876355,0.71136653
0.78094387,0.72151899
0.36473343,0.29105273
0.91101158,0.88285232
0.92065287,0.95917141
0.90773797,0.88766891
0.75751239,0.75831223
0.93577147,0.94079292
0.34518126,0.27233332
0.85988915,0.92894202
0.83285701,0.74482477
0.73264778,0.68835163
0.57841170,0.69626689
0.73404831,0.76337951
0.56337982,0.52755839
0.26728967,0.48439011
0.82761037,0.81957686
0.72456223,0.64755809
0.81837696,0.69263530
0.93488395,0.93752217
0.54822695,0.59006566
0.80362898,0.81194216
0.74437004,0.55855328
0.83429140,0.92853534
0.41555607,0.31734344
0.92207211,0.92831528
0.65462428,0.72871143
0.94182444,0.90732759
0.94070661,0.91167587
0.87914634,0.89145327
0.60961223,0.60457516
0.54500359,0.55800653
0.54558671,0.51890302
0.89946795,0.91044778
0.74758005,0.80315363
0.90343195,0.93414629
0.37087336,0.30079299
0.93819594,0.86599702
0.81919897,0.84880590
0.39819339,0.32693663
0.75009650,0.79857057
0.66193271,0.81092477
0.92867303,0.92455530
0.49982584,0.51497561
0.69435865,0.89615589
0.63314265,0.40874887
0.90935498,0.89347422
0.88059139,0.88959527
0.87745470,0.89362514
0.87526244,0.94016254
0.91290677,0.70615774
0.74347883,0.74715853
0.85267639,0.77799922
0.35442972,0.38993159
0.69827068,0.88015294
0.73095191,0.73414218
0.90066224,0.91260988
0.67850578,0.58093786
0.64566857,0.32032537
0.88634056,0.91386050
0.86441034,0.83528072
0.90614533,0.90238804
0.78915626,0.86159825
0.55787349,0.55233061
0.63253021,0.84287149
0.82971799,0.95948678
0.70160127,0.78245258
0.83336848,0.85784400
0.83384198,0.82536179
0.40105656,0.40037879
0.36671990,0.37431037
0.84634179,0.82199389
0.93305939,0.53693014
0.82312167,0.78574461
0.22889945,0.22848853
0.87531698,0.82250047
0.75122583,0.73024690
0.88391751,0.89206827
0.85967815,0.92170960
0.48824888,0.44967532
0.75845742,0.92603070
0.54416800,0.51326311
0.71654868,0.78067976
0.80018407,0.88254195
0.63684088,0.77216905
0.88568687,0.94628650
0.87963253,0.84378111
0.87480330,0.84498900
0.63090283,0.65070677
0.83751124,0.87078249
0.89463741,0.88635421
0.89627939,0.87408596
0.65848166,0.68906432
0.54032183,0.49958915
0.92541355,0.91602910
0.84072542,0.84021819
0.84406078,0.78692722
0.74147773,0.58999157
0.87877786,0.84815788
0.83894336,0.84443849
0.74690652,0.78091633
0.76488888,0.84737122
0.22641693,0.17152122
0.55655414,0.54855615
0.94359940,0.94437683
0.94301564,0.92429012
0.71495986,0.55621076
0.82691061,0.81466025
0.86940968,0.80726790
0.83964646,0.78682929
0.92617279,0.94617754
0.84864634,0.88148147
0.49422875,0.67054486
0.72501427,0.85064381
0.87804425,0.92771083
0.88301760,0.75047678
0.95719343,0.95686454
0.79053992,0.87358367
0.19363314,0.23834726
0.68033177,0.77629673
0.85984886,0.89035308
0.94174999,0.97187579
0.90813035,0.90651137
0.82417303,0.90096408
0.56870687,0.53995329
0.93984973,0.98958331
0.78066242,0.76987988
0.93277305,0.91929823
0.65886527,0.66241825
0.75020576,0.64942288
0.92546296,0.89044762
0.59779131,0.67610937
0.77022254,0.72676283
0.80803049,0.76720375
0.82744896,0.83216292
0.92360866,0.90534341
0.90730339,0.96796197
0.86431575,0.87003565
0.62835330,0.63031000
0.93437099,0.92950636
0.85778737,0.88743019
0.90059602,0.87090665
0.85183400,0.70694989
0.90166944,0.97563297
0.83876276,0.79623288
0.90759760,0.88405353
0.31821081,0.49265650
0.92297572,0.99444443
0.83890963,0.79036933
0.80190772,0.70986301
0.93642265,0.92288488
0.40055311,0.30756614
0.51904911,0.68696600
0.85832071,0.86625421
0.41056487,0.35050800
0.49006540,0.46106213
0.65584791,0.44303864
0.90973258,0.87660164
0.81023306,0.83545738
0.86454272,0.85069126
0.84084737,0.81162632
0.45675367,0.57950193
0.62392938,0.73750222
0.94139004,0.95530301
0.95378500,0.95363468
0.35291460,0.32808661
0.55366480,0.55121565
0.90377480,0.92689967
0.89438170,0.90217435
0.91657972,0.88427126
0.71559864,0.65315610
0.86722809,0.87675571
0.77365321,0.66503936
0.06088657,0.11494103
0.72671568,0.67119473
0.77004915,0.79233122
0.52445829,0.66094005
0.80184156,0.93963963
0.66886002,0.69750714
0.79982901,0.85764241
0.50893825,0.52840298
0.66291451,0.73471564
0.87167639,0.89596272
0.65263081,0.35766375
0.69038504,0.63896549
0.36979192,0.40296757
0.86182678,0.88704634
0.49588060,0.45070335
0.71604431,0.83443046
0.49154195,0.47934622
0.70148057,0.67756408
0.90135896,0.93684494
0.51591432,0.56713766
0.81360924,0.90593648
0.67430025,0.70142967
0.42922342,0.50965667
0.81425881,0.88671875
0.59960419,0.52885211
0.91440332,0.83463115
0.27872291,0.34641609
0.93039018,0.82876712
0.90010017,0.91406453
0.37328997,0.30129331
0.34107354,0.63616073
0.33241600,0.04845155
0.81965578,0.88600469
0.56905186,0.61904764
0.54397988,0.45204136
0.83187687,0.81475151
0.72576290,0.90451390
0.22151773,0.22177146
0.19196129,0.29945654
0.78603595,0.68983757
0.91591501,0.91415662
0.88832581,0.87006044
0.68785441,0.80337584
0.92924780,0.96874243
0.87291622,0.88009894
0.78804159,0.85188872
0.95531082,0.93316805
0.92085713,0.90077287
0.77472931,0.80911100
0.14291719,0.11408894
0.85878098,0.85279375
0.91595441,0.93032849
0.88530022,0.91492677
0.78039080,0.90733528
0.79526669,0.81771487
0.86774814,0.91498768
0.90493184,0.95652425
0.95233279,0.90646917
0.60737193,0.64652777
0.78390521,0.58315706
0.92116666,0.85891318
0.72721589,0.69257730
0.88519949,0.94185799
0.85624725,0.88832200
0.77209896,0.85598040
0.81174046,0.78168249
0.87103164,0.90263158
0.81772906,0.83303654
0.89207625,0.91967493
0.81722820,0.71624804
0.87754953,0.80990237
0.92787778,0.90912700
0.82008260,0.80256462
0.63876545,0.59552443
0.27192569,0.23681186
0.59267777,0.50253379
0.56418687,0.54191619
0.20141873,0.18189681
0.44865641,0.42438155
0.76561290,0.72044647
0.87547308,0.91439730
0.91627204,0.91684574
0.93607646,0.92506206
0.23317365,0.24160588
0.34267607,0.27595365
0.92991006,0.85697168
0.66076785,0.66573411
0.81904155,0.89220566
0.63241971,0.47112080
0.68513477,0.48271435
0.75765872,0.77254188
0.87833798,0.96651059
0.86237234,0.72334933
0.92532891,0.64689296
0.28741556,0.72345650
0.17085105,0.18042041
0.83994156,0.60098600
0.74402452,0.49399674
0.71140099,0.71402138
0.91989744,0.94178361
0.47861660,0.29500368
0.87023854,0.90296113
0.14293186,0.05136472
0.90094054,0.94964486
0.35769269,0.47654912
0.46950939,0.55289757
0.85725254,0.81119543
0.70723313,0.90784472
0.91712594,0.89685374
0.82830268,0.67636144
0.69438690,0.40288460
0.42400506,0.42986614
0.95749676,0.98393756
0.60863370,0.61065215
0.72430515,0.65012896
0.91414076,0.95646000
0.51431483,0.50420672
0.92521071,0.87978321
0.96249151,0.92094803
0.77698898,0.66511738
0.64000720,0.60660034
0.27705625,0.44250327
0.90227467,0.89464885
0.95026124,0.92523944
0.94540375,0.94815439
0.79250360,0.88486564
0.80418181,0.83461541
0.84439927,0.87142307
0.78618366,0.83375567
0.65314281,0.56789601
0.74596691,0.84102881
0.89092135,0.85782647
0.68644845,0.67394406
0.90618169,0.95129144
0.76270443,0.59579164
0.92071229,0.87803340
0.85148233,0.86035794
0.75393581,0.66070873
0.72388256,0.82681078
0.76877940,0.67062145
0.50853401,0.58097559
0.42176268,0.39346027
0.19104522,0.34014612
0.34290504,0.21975319
0.76726747,0.59207392
0.78862393,0.87201297
0.78336877,0.78771836
0.76195443,0.70762616
0.75043333,0.67272651
0.82313520,0.87387979
0.88804114,0.96345621
0.44772643,0.42077038
0.45353860,0.15829608
0.92470014,0.91199678
0.93065733,0.95495719
0.35558015,0.35403588
0.51563406,0.66532016
0.89474255,0.92055923
0.68806082,0.91490322
0.94120300,0.97001278
0.89007670,0.88018858
0.87783557,0.93117476
0.95824903,0.95382863
0.86584198,0.86244410
0.77413762,0.73442101
0.91572154,0.91228068
0.77645707,0.93927830
0.55236316,0.46267676
0.64082938,0.70179617
0.92429107,0.91501409
0.93612713,0.91996789
0.59595233,0.54710144
0.38506490,0.31135127
0.90168780,0.93886197
0.88973308,0.90465760
0.89203852,0.94040430
0.63686591,0.66389376
0.84415007,0.82772726
0.92206770,0.91983473
0.39396319,0.39805523
0.88148600,0.87549829
0.64210719,0.66744733
0.90892637,0.79849559
0.85994244,0.85115749
0.77738225,0.81344086
0.87687057,0.87896824
0.85736376,0.66121429
0.74806446,0.55836362
0.65908438,0.51431823
0.88803148,0.87147808
0.93301880,0.91590399
0.88006169,0.90799302
0.92557037,0.85250485
0.92094785,0.96512985
0.92378551,0.95205468
0.87654805,0.91211528
0.63329923,0.65570402
0.68911344,0.75059289
0.80657023,0.72716153
0.78818250,0.57137841
0.77491444,0.76650643
0.93279660,0.91661173
0.66319293,0.76482922
0.76124918,0.74185425
0.28487030,0.31294981
0.94122010,0.96527582
0.85461861,0.85145080
0.86112875,0.80889010
0.64279860,0.76749974
0.53193504,0.41971815
0.89073217,0.84762043
0.77032387,0.87377679
0.23469637,0.40974379
0.55679685,0.66561794
0.88570541,0.82890910
0.84026641,0.86212122
0.75204492,0.68294156
0.18310179,0.31551424
0.80116856,0.72432435
0.88770181,0.87636930
0.88905358,0.89229268
0.42656291,0.70499414
0.95495498,0.94096440
0.81646800,0.69155443
0.42672944,0.42263299
0.83936745,0.78516775
0.88062507,0.73881149
0.62923241,0.26188931
0.81778240,0.92157781
0.68595511,0.71014494
0.69141030,0.63020581
0.30915242,0.46329337
0.63583434,0.48507112
0.60950780,0.77320921
0.55242258,0.51368695
0.95882791,0.95154363
0.57590699,0.82196611
0.30322120,0.31492946
0.84521598,0.86184406
0.89393687,0.91306508
0.75806350,0.81522924
0.33354688,0.29763985
0.89665008,0.91791171
0.88743067,0.84123367
0.89723200,0.86639059
0.67014551,0.70728254
0.42998648,0.50532764
0.83073545,0.75413793
0.81048501,0.79802209
0.40402094,0.06908450
0.35913888,0.46709225
0.54269975,0.48625547
0.80462080,0.91732252
0.90492201,0.91885495
0.53880370,0.35408440
0.87003279,0.91003817
0.73769599,0.76037735
0.65595239,0.57758534
0.94757539,0.90748078
0.94826037,0.92078489
0.63497519,0.43711427
0.89275211,0.89867485
0.49888751,0.58305603
0.72117448,0.66135561
0.55914754,0.60321182
0.71677166,0.78839141
0.88596743,0.87336266
0.91772223,0.91758722
0.92187876,0.82968795
0.93309933,0.94885772
0.76086193,0.74861449
0.94647843,0.87827450
0.84166718,0.85758328
0.75502938,0.82503259
0.77285922,0.79437703
0.81625736,0.77544993
0.77245915,0.96475953
0.94757015,0.88080531
0.91332787,0.93811256
0.53572237,0.53290743
0.93881369,0.88905644
0.84993488,0.82162529
0.86709166,0.82956201
0.61913037,0.54464805
0.73951000,0.85636365
0.92374647,0.93567741
0.59659767,0.62207139
0.73682517,0.75282866
0.80400974,0.83056438
0.56495780,0.60219049
0.68152726,0.59485096
0.84206986,0.92739350
0.35205063,0.36347941
0.85901451,0.93956929
0.69068611,0.58518565
0.32774690,0.31247404
0.89310372,0.84383649
0.51830524,0.60194921
0.85499012,0.90385151
0.90392494,0.91632074
0.81970257,0.79541570
0.87413341,0.92923933
0.88669294,0.87799019
0.88121015,0.91084057
0.58000827,0.60825026
0.77068436,0.80930573
0.44534606,0.44092557
0.91804701,0.93097347
0.87921268,0.94509882
0.77609140,0.82213134
0.67859268,0.79500026
0.77537870,0.73055553
0.66427624,0.65812683
0.81782317,0.89912975
0.84426343,0.60179102
0.76269281,0.67281604
0.80987287,0.68463725
0.90193218,0.98814118
0.39206892,0.46337771
0.57958990,0.68644661
0.80920851,0.84266508
0.78606784,0.79233730
0.79657471,0.84904999
0.44649097,0.62392473
0.88928175,0.87537408
0.86960083,0.86046410
0.85970926,0.92244172
0.63624310,0.12338441
0.85195655,0.92666966
0.92899454,0.89816177
0.91169214,0.92510438
0.79882163,0.78233039
0.85062504,0.88588852
0.69309688,0.63951617
0.85691005,0.89922249
0.48324186,0.43105555
0.31063384,0.26039925
0.69751912,0.57132524
0.38957229,0.52865130
0.30831388,0.34113720
0.92022580,0.85555959
0.71936089,0.68694735
0.88196212,0.94155842
0.47917083,0.67960298
0.93800944,0.98026317
0.58441323,0.71152312
0.77592719,0.11945333
0.90155292,0.91170597
0.94007838,0.94761902
0.90283740,0.87409574
0.60850918,0.63698959
0.90168428,0.91972297
0.74813974,0.60412472
0.16095741,0.17510287
0.64224273,0.65124583
0.94105518,0.94237727
0.86994624,0.81131107
0.90398926,0.85678673
0.87606704,0.89682353
0.73608357,0.68675578
0.80359226,0.69969225
0.87184787,0.89197922
0.91876066,0.93751657
0.49143490,0.52735651
0.71203679,0.67539680
0.84855348,0.81089741
0.95461732,0.93118787
0.30023283,0.23821059
0.83502388,0.88850033
0.24992171,0.29759315
0.91456282,0.98387098
0.84338278,0.68531996
0.93892419,0.90717655
0.71159708,0.63645130
0.74988359,0.63410997
0.66830695,0.56390709
0.38164499,0.38640112
0.59529799,0.59971195
0.73987037,0.81190509
0.57806808,0.77822804
0.93262506,0.94847524
0.54482269,0.50519210
0.90317714,0.93418801
0.93299079,0.94858783
0.86977917,0.86462289
0.91092557,0.93756014
0.88120335,0.81495655
0.41242230,0.48136434
0.58480275,0.37597519
0.60780305,0.70359051
0.59765404,0.62592953
0.53085387,0.51125449
0.56736606,0.54233509
0.92484349,0.87815273
0.42088506,0.49069935
0.80456293,0.90702724
0.94072682,0.93976974
0.90768248,0.93013632
0.85242200,0.91496599
0.50830382,0.46256721
0.68437618,0.81667751
0.58876485,0.61455625
0.85655624,0.86431748
0.91744322,0.92088908
0.95773804,0.95627242
0.36016011,0.35047990
0.37288669,0.27582550
0.90483689,0.89698404
0.48939002,0.49309525
0.54210466,0.59674865
0.82908213,0.90041858
0.89452600,0.84657222
0.76329064,0.74964249
0.73885298,0.84259510
0.93929935,0.92773968
0.92218560,0.86005497
0.50338423,0.43663746
0.52112013,0.65562260
0.79627740,0.77084839
0.87872422,0.88929200
0.80224389,0.56137246
0.75640261,0.95222330
0.78319961,0.93880033
0.78648233,0.61130273
0.77469403,0.66463548
0.61802089,0.57126212
0.73545337,0.81140125
0.91044748,0.87110692
0.60017365,0.51611155
0.75344414,0.82379520
0.88251078,0.92742449
0.73137432,0.86062193
0.93478703,0.87861025
0.79733467,0.76460183
0.62340987,0.62398291
0.87196207,0.88543117
0.81814855,0.65755576
0.67989111,0.71240228
0.87841815,0.88966560
0.66769445,0.61563998
0.26413700,0.27041593
0.89567721,0.82627690
0.47076353,0.36762342
0.48836088,0.70276552
0.71234590,0.76733917
0.53628385,0.50571364
0.90809190,0.89392662
0.82429689,0.70371163
0.87633616,0.92180008
0.89658326,0.95222223
0.94450480,0.97394812
0.85179377,0.87787205
0.32822567,0.26346931
0.83196747,0.60044956
0.91238737,0.88773692
0.94457477,0.94300526
0.71833509,0.65546620
0.80188566,0.88994503
0.90403491,0.94645202
0.81629163,0.85202897
0.84308058,0.84666324
0.94614065,0.92938083
0.62914246,0.65601927
0.64200413,0.79284823
0.77271467,0.86666667
0.52465773,0.49213353
0.90506583,0.90919971
0.41470623,0.37278584
0.66712928,0.61247760
0.92838407,0.98069954
0.92276567,0.89074618
0.82912636,0.92161173
0.79683900,0.78991175
0.56586540,0.50117564
0.89579207,0.92743641
0.91434878,0.93714100
0.59103930,0.62839681
0.87721270,0.86453646
0.62923998,0.51834238
0.60770392,0.51592159
0.87772202,0.91337049
0.82050729,0.84103644
0.23170884,0.26368701
0.92198706,0.94897270
0.80179799,0.86834514
0.82210469,0.83479828
0.40278143,0.32072389
0.88828039,0.91436714
0.85516274,0.92822248
0.81465763,0.66482651
0.78236228,0.87753588
0.94777876,0.95978361
0.88264012,0.88037038
0.72914034,0.82229638
0.86506748,0.81553066
0.90160763,0.90870708
0.25307575,0.22173683
0.80341226,0.81991667
0.86541271,0.88727701
0.89519471,0.97264469
0.88913667,0.88453460
0.44674107,0.39998743
0.75976032,0.72426903
0.35102162,0.37020344
0.58885968,0.62159497
0.84888554,0.80033547
0.83327281,0.87703180
0.80671048,0.72613961
0.94127953,0.91932911
0.76328582,0.80875707
0.86294013,0.96621388
0.73814434,0.73590565
0.59899795,0.53175282
0.88124925,0.95569479
0.66678631,0.85787910
0.90178037,0.91462767
0.87331927,0.84964156
0.90975153,0.92041367
0.64438206,0.43037850
0.69308013,0.65663856
0.24888586,0.34939492
0.96108603,0.91933256
0.76761883,0.79794973
0.90926421,0.24443860
0.13789266,0.19908604
0.87866014,0.92154646
0.67981672,0.79469872
0.67745429,0.67562401
0.76285356,0.79151249
0.74313855,0.66866726
0.84237695,0.84853733
0.60894126,0.66561460
0.64132601,0.81181318
0.15014505,0.16883211
0.72868359,0.69151980
0.93097013,0.94042695
0.58544129,0.57627106
0.33636138,0.52826089
0.93442690,0.93764573
0.89066356,0.87558526
0.40724111,0.41945186
0.50374687,0.40059206
0.93822324,0.93563622
0.84953761,0.81188291
0.21816534,0.14387700
0.55295032,0.67460316
0.74842954,0.75912517
0.78502417,0.69298339
0.92350167,0.92375308
0.88856393,0.94433659
0.68270123,0.33902389
0.90827674,0.88370687
0.60718775,0.60963219
0.81681424,0.91833335
0.47911620,0.58405799
0.74300784,0.75930297
0.91425031,0.87258023
0.92346179,0.93895632
0.47949171,0.43178505
0.49276808,0.38442686
0.48348328,0.56603146
0.68242311,0.71205699
0.40433565,0.32590580
0.91825294,0.88000000
0.18044534,0.09435582
0.95134455,0.93921590
0.87007707,0.94690579
0.89607847,0.86420643
0.79996794,0.86055839
0.89590526,0.82858294
0.88752890,0.91889256
0.89273286,0.79470009
0.50862032,0.47681984
0.90214318,0.91692543
0.83714163,0.76311851
0.58089316,0.53652096
0.54971397,0.43902439
0.93169105,0.92598152
0.31408414,0.14750355
0.26445842,0.12500930
0.85924625,0.94349796
0.86565435,0.90295762
0.93093431,0.93720138
0.94102889,0.90058959
0.21185823,0.21902834
0.42892447,0.37369376
0.54731870,0.24889717
0.91017538,0.96393663
0.65670729,0.78216499
0.80396384,0.79706925
0.20675676,0.23380351
0.86213511,0.80832392
0.79661614,0.81209868
0.74098384,0.72360629
0.91252738,0.93560302
0.43449131,0.42252624
0.81300497,0.76539201
0.89799398,0.97972971
0.91030145,0.96800590
0.78037602,0.77814007
0.73141724,0.67242688
0.72069418,0.55221295
0.72416145,0.48824480
0.03410333,0.07052541
0.91043776,0.89690268
0.92719793,0.92507643
0.43787676,0.54578048
0.90973735,0.91136366
0.92958754,0.91526860
0.80387300,0.88864428
0.26594496,0.31234205
0.70025158,0.68848288
0.92885464,0.90304595
0.56827837,0.56129384
0.87815344,0.84524548
0.39409801,0.30743930
0.39996254,0.52422714
0.79282707,0.71524698
0.63177043,0.64460522
0.82720041,0.90030444
0.95631015,0.94745803
0.86876851,0.88062829
0.89473373,0.92783791
0.90368247,0.92027003
0.17263167,0.17943431
0.82669485,0.95145631
0.91521072,0.93441278
0.63813972,0.68503690
0.91203225,0.87123710
0.88629109,0.88809526
0.67136121,0.69953054
0.69513601,0.81813127
0.25010598,0.37159628
0.42998391,0.29625952
0.30966818,0.28532243
0.88158804,0.85054159
0.75484228,0.92562938
0.81501555,0.87106997
0.90490592,0.84478593
0.61132056,0.73150969
0.91302389,0.92903388
0.86408448,0.76272196
0.09733932,0.08568238
0.78809237,0.76789194
0.59182572,0.81197923
0.49652910,0.48532185
0.74582773,0.79078865
0.63650203,0.65116352
0.90274364,0.96470785
0.47542387,0.55118233
0.80491620,0.78396225
0.87640667,0.77738202
0.84506780,0.86583269
0.80507934,0.84166664
0.79711312,0.70324481
0.93525118,0.94711012
0.72966373,0.85160482
0.92653900,0.93683344
0.69672650,0.58848786
0.80735219,0.88028342
0.92820364,0.84917581
0.60977119,0.70565295
0.37407768,0.41524440
0.35962766,0.54964250
0.66078317,0.69148803
0.87907940,0.95602828
0.86027271,0.83180285
0.73884726,0.79387879
0.53941107,0.47865498
0.66526371,0.90606135
0.94498241,0.95982093
0.85634828,0.81467670
0.89102894,0.78690267
0.41577363,0.17064413
0.83342099,0.84632868
0.90525979,0.93790323
0.86737365,0.85245901
0.79327434,0.47078872
0.90085280,0.84759617
0.64134812,0.76904571
0.80927485,0.67385155
0.77167022,0.73476619
0.82022017,0.88548368
0.63188034,0.70113432
0.82951689,0.84885603
0.87931722,0.90338469
0.86058253,0.82758075
0.67297482,0.52502859
0.69995850,0.65216792
0.60929662,0.62694097
0.82151556,0.83595008
0.85208428,0.93602693
0.91142219,0.83276290
0.88715750,0.85947710
0.78720856,0.79183537
0.90724021,0.95738298
0.50725460,0.66735572
0.48017901,0.64438772
0.70449984,0.56597847
0.79099518,0.64929682
0.55955738,0.61122042
0.72503322,0.66178775
0.77243620,0.65776700
0.87289327,0.89681071
0.77497375,0.76346344
0.88347197,0.95932311
0.92618686,0.92198241
0.40414736,0.48826945
0.07866110,0.10680799
0.65935189,0.68948412
0.33830702,0.29136214
0.88575017,0.97972971
0.79286480,0.80772376
0.74272782,0.76360542
0.87070340,0.84191996
0.82835519,0.77688491
0.71413904,0.78312802
0.89061892,0.84217387
0.87013143,0.90997022
0.92390722,0.90726715
0.92558324,0.93198651
0.91642600,0.81842673
0.87016714,0.79706222
0.84230626,0.80172646
0.30543876,0.31707820
0.91234934,0.95548791
0.80900979,0.86841512
0.85301054,0.84227818
0.89739609,0.84136605
0.84769177,0.84452415
0.87645239,0.83379704
0.70735925,0.80149972
0.42657119,0.48747450
0.94829315,0.98148149
0.86216527,0.87855417
0.70106453,0.64632630
0.11186874,0.13333993
0.74663520,0.59449309
0.76444834,0.80787051
0.46695876,0.39782366
0.85238147,0.89029396
0.83986932,0.83938628
0.39643547,0.47833067
0.77687281,0.68499780
0.56366158,0.60607290
0.90578628,0.93123323
0.92975461,0.86792201
0.90667886,0.88176209
0.49625275,0.62249100
0.85931456,0.87446427
0.85190094,0.85988402
0.67217743,0.83945477
0.88285768,0.92678893
0.64408106,0.45893669
0.76506525,0.76620084
0.68845999,0.65751547
0.90069497,0.86638761
0.93510842,0.93196636
0.73104626,0.91527689
0.44571435,0.43201447
0.75331199,0.69329590
0.82423460,0.82569033
0.93074423,0.90167713
0.89535213,0.93781269
0.75081241,0.99166667
0.10289066,0.07119388
0.85507733,0.91083103
0.82798290,0.85227573
0.30598333,0.22015037
0.43408817,0.33580360
0.78731769,0.71583664
0.74485505,0.69845706
0.91083390,0.93265718
0.79110307,0.74616790
0.29329500,0.17975725
0.41692457,0.64841282
0.51307094,0.58648145
0.81534535,0.76639825
0.54952711,0.58259737
0.69760829,0.57789510
0.68145555,0.73101193
0.90806550,0.88887489
0.90234017,0.92653334
0.86352044,0.77204609
0.93469250,0.94158655
0.79537135,0.73460716
0.91600507,0.85845518
0.93256760,0.96074772
0.78490996,0.76332963
0.91610003,0.92130870
0.75984317,0.63106823
0.78913873,0.86904764
0.75692856,0.62137681
0.72018546,0.69717968
0.64259899,0.62352329
0.92834407,0.19285475
0.74433655,0.93114913
0.60839343,0.67452687
0.92640293,0.93856800
0.42024374,0.34905660
0.81544971,0.75569052
0.73556495,0.56770831
0.83196944,0.92663145
0.87720788,0.94022715
0.68240660,0.67264873
0.91584170,0.88423645
0.77948630,0.86261904
0.72068006,0.60852438
0.77343273,0.53065002
0.69488180,0.68030012
0.52064693,0.47194296
0.94262201,0.93220341
0.92154026,0.89097673
0.81691557,0.66884613
0.89579099,0.88850945
0.84063578,0.88932097
0.22843373,0.16695653
0.50323033,0.61830258
0.78069425,0.67327338
0.72423470,0.85753751
0.57805562,0.53779238
0.80217350,0.86649662
0.92008138,0.89299858
0.91643548,0.96202534
0.72631657,0.57181078
0.52668637,0.60144925
0.91547388,0.85056043
0.86098820,0.78023899
0.93587762,0.91588992
0.36878037,0.28081399
0.68992198,0.75372505
0.76404190,0.80725032
0.74957234,0.72609496
0.93920827,0.98553824
0.79812527,0.78690523
0.78965378,0.88962543
0.14829227,0.12251612
0.93770784,0.96561623
0.77663314,0.81306690
0.93054980,0.93226063
0.83478123,0.90780938
0.82252914,0.95410550
0.43919548,0.50064051
0.87272573,0.17005523
0.76381087,0.67373949
0.83955848,0.94060165
0.85164231,0.84559554
0.26216581,0.26626548
0.93251258,0.94038880
0.84496111,0.93379462
0.86636519,0.86828297
0.87783593,0.93649572
0.93140161,0.87033379
0.43988156,0.30239484
0.47186106,0.75320405
0.68432534,0.64618421
0.83878446,0.80412138
0.77549917,0.84704185
0.94241053,0.96123320
0.93123090,0.99000001
0.74756438,0.79330862
0.86234063,0.84130782
0.61525398,0.56824267
0.90057176,0.93353629
0.91778862,0.94065863
0.76336759,0.83396387
0.94424540,0.86737651
0.92996317,0.93076921
0.82873386,0.81203127
0.91920382,0.91948223
0.93320137,0.96731538
0.65222543,0.66242820
0.57830906,0.50470990
0.94185585,0.95643938
0.67208117,0.72128850
0.90169728,0.84586579
0.69304192,0.76629037
0.87791979,0.91518635
0.83572102,0.65751314
0.77800345,0.86267960
0.95413607,0.92284340
0.78617394,0.71982896
0.55941588,0.44666255
0.79014170,0.80244207
0.39593300,0.55172747
0.88590962,0.89200079
0.62803161,0.57812291
0.73017055,0.70387191
0.64398766,0.35829931
0.85069680,0.78926712
0.51612908,0.62279826
0.65091252,0.63501704
0.91806012,0.95910424
0.63509291,0.80791867
0.49045333,0.37608716
0.81341606,0.60309088
0.37228048,0.67371470
0.89947015,0.80536258
0.77230728,0.70601851
0.86716676,0.77915603
0.47789654,0.49406329
0.77870923,0.89151007
0.94306368,0.94268775
0.77402550,0.73738050
0.89425367,0.92052633
0.89955950,0.83014584
0.63057625,0.46121386
0.88010377,0.83173078
0.81685060,0.88455808
0.69540715,0.66780853
0.83914953,0.95223755
0.87224591,0.83463120
0.66339809,0.56047386
0.83477157,0.71757340
0.34032658,0.27852824
0.10497415,0.19048506
0.71068317,0.73409849
0.90168023,0.93607050
0.75946647,0.67824072
0.22846073,0.52498394
0.65286791,0.47280738
0.85867614,0.77034056
0.72672057,0.58825344
0.61151123,0.51538432
0.61628717,0.48177847
0.51298380,0.58467114
0.91967928,0.90775782
0.94417363,0.92439532
0.75324917,0.67871708
0.61075574,0.68213701
0.62604034,0.80082154
0.67742431,0.75862384
0.46493271,0.33779141
0.91983253,0.98343235
0.83743793,0.88749582
0.71689373,0.73438913
0.78582484,0.72330016
0.56514609,0.67253858
0.83261538,0.87918276
0.35069701,0.28183806
0.94548237,0.97442567
0.70827663,0.69661677
0.92363924,0.94012767
0.92560375,0.92631358
0.87240833,0.88204587
0.92173785,0.93467259
0.37197077,0.41041511
0.86190200,0.91388887
0.87274712,0.84910339
0.86872709,0.96799505
0.83208871,0.92860109
0.78088242,0.83098817
0.89930189,0.93587887
0.94007629,0.96623707
0.88860160,0.91050261
0.69052100,0.90038919
0.70992780,0.86312574
0.85833585,0.82508343
0.87618536,0.88796860
0.56179273,0.39896694
0.35133734,0.33061740
0.73260480,0.88319206
0.29287514,0.41717896
0.47417429,0.55536669
0.94750679,0.90886855
0.88959825,0.57984751
0.93882710,0.90169120
0.79143703,0.81267005
0.91469854,0.94749999
0.87484092,0.84824699
0.89545840,0.91906285
0.83527315,0.81047422
0.93190759,0.97802615
0.78257376,0.91478366
0.50100303,0.44305736
0.72553337,0.78115833
0.92604887,0.94915253
0.76530695,0.87132651
0.60199547,0.69052649
0.81879163,0.76175255
0.64314330,0.71315020
0.51274806,0.58285314
0.53953803,0.52807713
0.92655885,0.98107141
0.66318518,0.65546507
0.46584237,0.44111520
0.59473503,0.56628370
0.61366135,0.73233843
0.93358886,0.96042806
0.52787423,0.55050504
0.66428065,0.66516650
0.90748197,0.86129528
0.84485888,0.82908076
0.75910395,0.74611723
0.63922971,0.76525813
0.81099397,0.90927100
0.66234910,0.60400087
0.67988336,0.94416016
0.85249442,0.66264325
0.87247217,0.09637783
0.95347399,0.96862489
0.54939532,0.80731523
0.93285644,0.92791831
0.58478802,0.55941457
0.73465943,0.60825813
0.88677299,0.86800700
0.88199747,0.97567004
0.68291110,0.66535783
0.71764833,0.72670645
0.83879101,0.86571139
0.89607483,0.91038311
0.80103999,0.59109044
0.80978000,0.82247573
0.41797051,0.45888653
0.92402852,0.91079795
0.44482446,0.49548846
0.91489148,0.89794171
0.10883959,0.11910129
0.97009879,0.89069951
0.15366749,0.15725546
0.89092296,0.96538460
0.93171692,0.94564301
0.70788825,0.71695369
0.84338236,0.62296212
0.47804126,0.53124499
0.59770823,0.65715879
0.81144577,0.66834688
0.52057904,0.21868169
0.52236003,0.55416667
0.61739010,0.43706784
0.80942625,0.80063033
0.92783141,0.90268874
0.69695586,0.60752630
0.51643831,0.61615503
0.29357293,0.37033582
0.49830869,0.61427045
0.91265231,0.97887844
0.92311496,0.90608376
0.52662498,0.56728727
0.94274402,0.97202671
0.44331056,0.35575166
0.90826517,0.92224234
0.65742475,0.63843971
0.33940977,0.30286923
0.83874959,0.91054130
0.73074085,0.68342865
0.38723308,0.28797027
0.23824266,0.20291358
0.86798084,0.86948252
0.67009294,0.91682285
0.86147690,0.78800392
0.91235244,0.87119436
0.65429455,0.43287298
0.65133071,0.70836127
0.16323617,0.32228628
0.87093490,0.86419630
0.19425875,0.16025908
0.69185007,0.74384892
0.85578448,0.81542057
0.65670127,0.58880627
0.84149772,0.76590323
0.94559449,0.99206346
0.76133150,0.77681589
0.64360362,0.50917512
0.83493793,0.85952008
0.72265911,0.63465470
0.89400786,0.88424534
0.79752386,0.63328665
0.93523830,0.94574910
0.13361587,0.11811777
0.94759750,0.91740221
0.88934064,0.90386921
0.92476213,0.94970340
0.86784923,0.87843370
0.36555338,0.39732978
0.84372604,0.84708250
0.77123624,0.80015755
0.56128579,0.55821848
0.91189760,0.39024442
0.78689998,0.84693062
0.74014789,0.69758278
0.85985601,0.93098426
0.89134383,0.82907850
0.90627098,0.99166667
0.93132168,0.97223514
0.23784244,0.24435264
0.33558431,0.42901236
0.92005837,0.82156307
0.26626873,0.35357124
0.85986614,0.92150867
0.80790466,0.56147814
0.27548513,0.23245470
0.52374035,0.48848704
0.95783842,0.92389894
0.95167667,0.95277780
0.73291612,0.76972771
0.76071960,0.67172754
0.83635658,0.84837419
0.86188293,0.82475513
0.41195571,0.23030707
0.84612417,0.82152689
0.79287720,0.76228070
0.33836940,0.28620270
0.71585119,0.66100800
0.71715671,0.86522591
0.46407318,0.36501867
0.89771509,0.94780713
0.60875458,0.69999999
0.86783206,0.85361654
0.84744996,0.97650141
0.71591842,0.64468789
0.47318774,0.61029834
0.86444938,0.73559529
0.91482812,0.93532604
0.86657649,0.70510715
0.90554798,0.90939397
0.87817144,0.91705018
0.84520191,0.85875821
0.19065963,0.34002978
0.76695544,0.95213205
0.91968483,0.98165137
0.45353860,0.30604681
0.29807881,0.25812802
0.76676971,0.82496858
0.69193119,0.51854765
0.77268893,0.76430041
0.89490694,0.93725395
0.29385859,0.33801779
0.54278231,0.63362235
0.56739229,0.50731504
0.65488625,0.62807781
0.77783728,0.87558323
0.85511124,0.94364434
0.89027226,0.75039101
0.75063938,0.74451780
0.93605620,0.86319327
0.48389259,0.38241962
0.70094931,0.81843013
0.94010419,0.86405939
0.77678776,0.86405599
0.36458385,0.43701848
0.91073847,0.87335420
0.55391783,0.50978321
0.90351802,0.81202036
0.89430445,0.88600940
0.56256455,0.50539047
0.81276375,0.85573643
0.90205586,0.91987669
0.86777955,0.88797641
0.65866029,0.70683777
0.87066162,0.79020047
0.79928052,0.73596215
0.89842808,0.94090211
0.90891063,0.94067794
0.94956231,0.95086616
0.65981030,0.59285712
0.87765914,0.86079091
0.54947311,0.49104384
0.85458422,0.81961870
0.82854575,0.82330829
0.87345564,0.87552047
0.75747484,0.78884101
0.82969189,0.79976088
0.74048251,0.82835734
0.86116922,0.71350086
0.85508639,0.86343962
0.64377254,0.59022194
0.63313651,0.72376144
0.91122103,0.77212322
0.83228844,0.87821120
0.58222258,0.67949569
0.88743359,0.92183858
0.73034489,0.56200981
0.55072713,0.54360116
0.51307994,0.48100710
0.57045549,0.50808626
0.67874503,0.63141090
0.90075058,0.97427428
0.76779193,0.64895022
0.92345083,0.92226720
0.89870477,0.91636389
0.74954087,0.70371795
0.19669873,0.17081459
0.72017425,0.66695982
0.72341502,0.71938390
0.94029969,0.90761811
0.75984752,0.71532935
0.82867426,0.88697839
0.83161050,0.82639384
0.87688947,0.94949025
0.90474594,0.96667588
0.81320387,0.86410254
0.75135803,0.78773451
0.73451400,0.77489179
0.13622443,0.21120690
0.84323668,0.79312551
0.77282363,0.70562029
0.94838226,0.87896007
0.80660081,0.91606569
0.91904509,0.90378344
0.77737164,0.90067273
0.92806923,0.91130340
0.86052400,0.84284276
0.83565176,0.87324744
0.93604147,0.93165481
0.43154019,0.54390246
0.88118386,0.85810858
0.91045910,0.89733505
0.74140668,0.70793337
0.90381998,0.95843238
0.22243577,0.05111977
0.58012867,0.58055115
0.64878619,0.60134947
0.13959673,0.17964554
0.89479506,0.98333335
0.28184021,0.27774772
0.91108751,0.93567622
0.39123318,0.21625404
0.19564682,0.15141453
0.80471689,0.85147029
0.86524892,0.92382288
0.83964032,0.73685557
0.81964207,0.71868426
0.45649764,0.44562212
0.72502357,0.66638315
0.83947712,0.86071163
0.78215152,0.67451662
0.05122712,0.13947834
0.23017077,0.26940882
0.93505639,0.95736259
0.92553705,0.94181597
0.94353336,0.99242425
0.83199304,0.92092192
0.59874696,0.66526419
0.91170186,0.95984846
0.71992576,0.69779003
0.47003323,0.38681319
0.23611280,0.32338411
0.77629566,0.80857682
0.41305661,0.53040332
0.88465804,0.86771774
0.94916677,0.87664849
0.13956170,0.18619974
0.46788713,0.49730280
0.85537583,0.88230950
0.85906041,0.72491962
0.67837572,0.67751479
0.63630575,0.62500000
0.49404609,0.64033121
0.88291109,0.90594268
0.72760403,0.68416995
0.31072879,0.33631256
0.79494035,0.84237599
0.54699647,0.70284545
0.87266606,0.87696075
0.68671864,0.81707221
0.92600143,0.98026657
0.95773363,0.93594086
0.77134800,0.68148047
0.87554795,0.85499483
0.59009707,0.55622739
0.46159151,0.65000129
0.44990534,0.44748220
0.28865775,0.29259095
0.33861402,0.36457625
0.91825044,0.95988846
0.92291641,0.90913469
0.92113239,0.94531852
0.73387802,0.73246604
0.77899414,0.83462989
0.79432917,0.71052945
0.89859843,0.94230771
0.62494940,0.66252059
0.86482739,0.90287155
0.73814541,0.75985974
0.39391729,0.46171406
0.47874531,0.31956398
0.83791298,0.85933375
0.58030379,0.76866412
0.92614609,0.94714755
0.83405209,0.87915987
0.92934889,0.93169492
0.84698981,0.86261386
0.40754104,0.19632471
0.84412521,0.90105909
0.62355632,0.72031099
0.67250627,0.76688313
0.93277377,0.96012962
0.90681303,0.86866605
0.86722380,0.90585440
0.86226898,0.93271685
0.81657022,0.88478261
0.91629618,0.86176914
0.52461565,0.51347333
0.92810565,0.93015492
0.69509566,0.68921834
0.62838519,0.79513890
0.61660278,0.59012729
0.49396643,0.62888986
0.93553007,0.89901131
0.77110034,0.76649535
0.75872314,0.82911712
0.88252378,0.88514960
0.79248852,0.89969790
0.71405482,0.76841235
0.84881431,0.84677452
0.62644732,0.64934814
0.84921855,0.76868510
0.51772285,0.61119562
0.94515532,0.97107846
0.62619901,0.63371974
0.81025642,0.89817280
0.54829502,0.68898940
0.83725160,0.81780916
0.28623956,0.25656238
0.80416209,0.84428668
0.85652441,0.85637277
0.79133457,0.81129110
0.87874490,0.89091057
0.17268044,0.20130895
0.95067018,0.94965976
0.92472035,0.91128057
0.88676089,0.81745720
0.62523496,0.54087633
0.76587659,0.84246558
0.81675333,0.78334731
0.40914366,0.60525763
0.83194321,0.62561375
0.92882901,0.90607119
0.94531244,0.91905630
0.87955362,0.85009265
0.93808025,0.96336478
0.71174151,0.71349239
0.03870311,0.11315766
0.44815758,0.39373800
0.12826140,0.18446052
0.77011311,0.75481474
0.89278388,0.97979796
0.84824151,0.89345986
0.86046094,0.82663476
0.72670865,0.29397160
0.68594885,0.62876254
0.43523094,0.28677204
0.79390407,0.73443598
0.94347119,0.95912063
0.79949450,0.83815354
0.89292949,0.94038206
0.26846242,0.37639332
0.92886555,0.86912143
0.58418852,0.66216218
0.35439637,0.42071429
0.84396434,0.90442324
0.83597237,0.81430185
0.86594158,0.84434795
0.51533729,0.38420847
0.79599798,0.65241379
0.20677224,0.28744543
0.90268350,0.89842528
0.29564744,0.22208612
0.85364681,0.88827115
0.90766782,0.92057413
0.92272007,0.93169284
0.62401372,0.71136886
0.80954504,0.72549576
0.87733352,0.82310528
0.74545175,0.82157713
0.89961040,0.91352737
0.88371712,0.83189255
0.65023756,0.50598788
0.41582602,0.52617741
0.83524334,0.89521056
0.53861576,0.47556207
0.89874482,0.90490377
0.46780521,0.65470612
0.66948962,0.77047533
0.94045496,0.94232351
0.94006550,0.92753059
0.89556855,0.89827532
0.54171050,0.48258558
0.93383330,0.93193859
0.51588261,0.52693659
0.84379292,0.74553573
0.76445669,0.66983384
0.67242670,0.59997392
0.89744377,0.89775598
0.57829779,0.62719846
0.82896203,0.81560630
0.81009519,0.70691872
0.04693097,0.06146450
0.77662897,0.73465145
0.68337399,0.85437572
0.60150993,0.60141242
0.93473029,0.92879355
0.59015471,0.55277306
0.64853817,0.42435005
0.65327299,0.61499906
0.40952206,0.56885421
0.63306415,0.73046875
0.92946941,0.99295777
0.92379856,0.94686663
0.56989950,0.84868419
0.87325126,0.87420022
0.91972679,0.84413356
0.73048109,0.71263474
0.89163518,0.96101540
0.81170464,0.67569047
0.80409074,0.76929212
0.85497904,0.80854803
0.83789688,0.70490855
0.38080856,0.46597019
0.83886552,0.84792453
0.82152158,0.80308068
0.87784833,0.97528517
0.90280360,0.85825270
0.62798405,0.81442559
0.87541920,0.98765433
0.82400143,0.87371445
0.90796590,0.89968103
0.94867408,0.96111113
0.90934408,0.88765866
0.85979605,0.90612924
0.34450716,0.47920039
0.87302333,0.86153930
0.77831185,0.73372692
0.85620296,0.86213523
0.52777028,0.48991859
0.83410919,0.81857145
0.93767989,0.95981508
0.91287082,0.93555748
0.76731884,0.75470591
0.85158914,0.99586779
0.22636537,0.15128127
0.85556477,0.93831909
0.68551862,0.65180963
0.72793609,0.73469114
0.71522707,0.73667657
0.91228360,0.95084673
0.56041515,0.45411944
0.81034821,0.82596397
0.93222302,0.91558367
0.86384624,0.87270057
0.74544930,0.79986250
0.89952207,0.92148459
0.93906641,0.92151356
0.39983478,0.49974844
0.91741955,0.84275365
0.82709450,0.85395765
0.86141133,0.81715631
0.48238081,0.60693753
0.91321743,0.95842308
0.37986067,0.32973275
0.94723016,0.95446908
0.89303058,0.95598608
0.81986088,0.78623497
0.48780251,0.52014506
0.88897228,0.83970904
0.62215084,0.63051218
0.87965959,0.88158399
0.68630826,0.61583138
0.91228050,0.95565987
0.83749402,0.75523072
0.81559229,0.67953658
0.53021413,0.53720492
0.87537599,0.94218749
0.76807398,0.66828531
0.91217482,0.89803207
0.82064390,0.72039056
0.93646288,0.95181960
0.61623824,0.57788283
0.15277149,0.19792528
0.83754897,0.86498845
0.87220246,0.83672267
0.87585169,0.96998775
0.26061046,0.35605732
0.62605298,0.77120531
0.49774453,0.59340554
0.86481518,0.92227584
0.71576190,0.70291263
0.73734879,0.47399795
0.86524588,0.82838124
0.89044005,0.96343940
0.47951141,0.73905796
0.88737184,0.80588073
0.27571240,0.68041873
0.49513987,0.52807361
0.82690048,0.84815532
0.57157189,0.61597735
0.95067263,0.92333215
0.40176803,0.36546922
0.87688708,0.70270622
0.62722355,0.30880341
0.94678897,0.96578383
0.65135789,0.78835350
0.83173901,0.90789402
0.89477938,0.94718617
0.88013095,0.95959967
0.87388909,0.87348652
0.65221107,0.84302080
0.22499743,0.25022730
0.86371577,0.92284918
0.27581096,0.31365532
0.49974543,0.27681780
0.93046498,0.95272404
0.33646879,0.23379037
0.34379867,0.17387006
0.92680895,0.94375002
0.87231892,0.80404592
0.84529495,0.89114791
0.82317662,0.94414365
0.85900664,0.81688803
0.42025483,0.26702121
0.83829635,0.86121500
0.91604149,0.93752176
0.57861328,0.60269165
0.85037774,0.83144921
0.70515746,0.76140672
0.60537040,0.25086823
0.75488025,0.78410792
0.81411529,0.85786331
0.48022011,0.29281345
0.70089364,0.70345747
0.80466813,0.90486759
0.53721303,0.47359255
0.63251674,0.75320292
0.88513607,0.88372147
0.93872166,0.96178764
0.72174412,0.80204189
0.12093449,0.21891502
0.82934988,0.88470757
0.93786132,0.95590001
0.69708896,0.72039109
0.04705263,0.13315079
0.90736210,0.88758594
0.88658381,0.86063218
0.84354550,0.73494339
0.93227506,0.92040634
0.87290698,0.91938025
0.43412095,0.26233122
0.34789407,0.35845995
0.43054113,0.29174992
0.65453398,0.74594754
0.83224231,0.86434209
0.85152769,0.68731707
0.77894878,0.73861116
0.77241915,0.79933137
0.86339974,0.87618434
0.87883967,0.91233575
0.91008854,0.90985346
0.88561481,0.95246643
0.75277823,0.88553327
0.36504772,0.30136934
0.66700715,0.69969070
0.36485970,0.59131038
0.75979990,0.92737734
0.95458537,0.90550238
0.33345774,0.32065657
0.10116302,0.12341198
0.40881702,0.63449591
0.67064577,0.56483519
0.81758320,0.79153407
0.78428328,0.75685716
0.89308488,0.85959321
0.63129145,0.32328284
0.93682390,0.97483182
0.85513258,0.93755800
0.88810968,0.75008893
0.53223574,0.54827785
0.77880323,0.77899390
0.81869650,0.86642855
0.86482698,0.85757929
0.83489239,0.80524760
0.91672367,0.89142627
0.75258601,0.85637563
0.60595846,0.55213892
0.81965762,0.79657477
0.74105161,0.93150687
0.66971695,0.64687014
0.82919890,0.81788236
0.88765424,0.93490839
0.67229676,0.60836816
0.76834798,0.75797695
0.50682801,0.37491038
0.88681853,0.84554595
0.79634404,0.94024563
0.90554005,0.89032346
0.95081097,0.94315207
0.65479207,0.70266181
0.37177950,0.17724867
0.88658911,0.95757121
0.72670937,0.66002661
0.89967465,0.89160919
0.78460503,0.71016461
0.40757018,0.17304045
0.76140785,0.63766545
0.70780563,0.65249920
0.76424325,0.79832476
0.86465037,0.75634831
0.90739751,0.93308949
0.89795601,0.91925669
0.81624264,0.61354744
0.78311735,0.71067053
0.47320420,0.49853435
0.93717420,0.96987951
0.42116758,0.47457367
0.67153591,0.46507189
0.93380255,0.95709866
0.90609652,0.84032446
0.76769155,0.79147798
0.21518168,0.22571428
0.58006716,0.62316215
0.87275285,0.94026083
0.93209201,0.95509452
0.89536715,0.91946626
0.89993632,0.86271608
0.71534759,0.67736185
0.33447480,0.29299012
0.90741825,0.93160981
0.92437106,0.84429461
0.90684879,0.93079340
0.94079334,0.92286462
0.36008844,0.27491388
0.43051991,0.47344095
0.15881439,0.27841941
0.52806747,0.48061144
0.89892906,0.93051064
0.76774168,0.75789320
0.88607562,0.94412440
0.83500743,0.77607644
0.48190272,0.72667122
0.62033629,0.69301343
0.13173832,0.17293985
0.87357235,0.96814185
0.82480645,0.82575756
0.74409562,0.72635400
0.63933027,0.86697614
0.68866158,0.31173092
0.27890065,0.39001819
0.36256716,0.16899768
0.83872467,0.85553277
0.73784560,0.81164742
0.19356467,0.16834933
0.43028495,0.42169273
0.79706103,0.80127829
0.86661392,0.89919740
0.72397584,0.79312229
0.66525233,0.57057905
0.90356863,0.88174176
0.77052701,0.85781008
0.66189998,0.64401621
0.70843565,0.83227658
0.89679086,0.95726961
0.89934462,0.91936576
0.79222697,0.83569002
0.75380111,0.68053460
0.89607292,0.80092055
0.91034019,0.79621947
0.81590730,0.63051528
0.31385279,0.36483938
0.86698544,0.93216443
0.66578698,0.86294699
0.90031540,0.85502547
0.53260487,0.61018181
0.56094724,0.49695927
0.41214094,0.32577950
0.83340895,0.82228351
0.85994899,0.87309384
0.90552521,0.95283973
0.28697199,0.26299021
0.65908802,0.89971167
0.50595897,0.33002645
0.77420956,0.84373164
0.96702230,0.92684191
0.78609830,0.87118959
0.64372593,0.69461000
0.88448405,0.88480371
0.87096834,0.77288473
0.53385216,0.62577182
0.84755397,0.84312797
0.83428460,0.85797119
0.81759655,0.82330436
0.82354236,0.95151877
0.82044154,0.69807410
0.84693736,0.72405922
0.78088677,0.77265352
0.82096606,0.67525947
0.81173319,0.83003324
0.50544661,0.62389106
0.77013010,0.75815243
0.36409974,0.28270778
0.79102653,0.77167141
0.69824582,0.65917218
0.81801850,0.93516433
0.87976599,0.93100321
0.92125684,0.87618065
0.82017690,0.81323248
0.56626028,0.52777779
0.49652401,0.84273905
0.90653884,0.92441005
0.66814595,0.58058608
0.92038196,0.92202109
0.93529099,0.92261904
0.78990692,0.92895114
0.90049094,0.97321427
0.94230795,0.94377512
0.75458902,0.76018411
0.85981870,0.67623830
0.80364645,0.89098436
0.93005019,0.91602188
0.17977211,0.17230944
0.60089308,0.32973078
0.67796290,0.81386065
0.37149879,0.27668396
0.89554572,0.87431556
0.80356377,0.56918818
0.55055285,0.42682275
0.80143523,0.63289338
0.84186953,0.77915019
0.81354523,0.60599780
0.90554750,0.88887203
0.91362470,0.87887549
0.85276490,0.86881334
0.86386496,0.84907150
0.85392219,0.91576087
0.41371363,0.28926456
0.71214557,0.47911146
0.50391257,0.72467917
0.47935298,0.25419217
0.42912591,0.47933921
0.76941341,0.79894364
0.92585015,0.92743337
0.78740644,0.64779776
0.88773769,0.84539419
0.89529902,0.91399813
0.89879292,0.87271202
0.87587714,0.89002138
0.74439621,0.66373658
0.93505555,0.95114291
0.84478986,0.88769233
0.91598320,0.90360600
0.93453419,0.90453696
0.88596052,0.87023139
0.50959229,0.56904960
0.24576816,0.16021530
0.68839276,0.58776891
0.66571945,0.71616167
0.61306137,0.37820470
0.70408815,0.65054834
0.52370518,0.50625002
0.88575739,0.94345587
0.30744380,0.17151481
0.53382599,0.46443731
0.92958444,0.88044626
0.74402237,0.88876408
0.18053958,0.11137762
0.79080045,0.82759631
0.47290626,0.33913177
0.36236790,0.40757680
0.58956516,0.59522474
0.91220391,0.82589042
0.92781776,0.89339018
0.91440469,0.93048781
0.87139791,0.87427169
0.84647840,0.87892240
0.89441830,0.87680632
0.64192384,0.65094632
0.88755357,0.92667466
0.89299297,0.82291138
0.93616754,0.93553358
0.70108932,0.88555944
0.95338774,0.91696113
0.88260019,0.72555214
0.23161715,0.28170526
0.35450447,0.37861234
0.64545679,0.80787998
0.89333427,0.75822806
0.80170161,0.76342481
0.91883028,0.92787415
0.15230413,0.25668153
0.73631197,0.90701222
0.39599645,0.44807673
0.79589921,0.81018358
0.94557744,0.91454196
0.48268601,0.38902196
0.65056592,0.68171883
0.86746979,0.94202447
0.87428319,0.88461536
0.59007072,0.61678380
0.86100376,0.81605130
0.89193881,0.85770750
0.68740672,0.76175278
0.90438145,0.84337181
0.81488103,0.74940479
0.44586426,0.31749630
0.90202975,0.93988925
0.50611246,0.40856928
0.52170694,0.61964816
0.85089499,0.84441388
0.27943259,0.26264372
0.71862257,0.81456357
0.92202282,0.94091511
0.92064774,0.94483697
0.68147314,0.77436751
0.80891943,0.73497641
0.86069065,0.92367995
0.77013445,0.77442616
0.92596787,0.94002044
0.61697638,0.63948178
0.45404920,0.29001552
0.53608727,0.47703418
0.34547156,0.46399826
0.39624053,0.37721276
0.82405943,0.78236324
0.86458302,0.92214078
0.34285054,0.27103627
0.50167084,0.76398522
0.76113063,0.67205632
0.83802873,0.83523494
0.69554609,0.64715928
0.62015367,0.51620871
0.50314659,0.32157460
0.42223352,0.45544040
0.86027205,0.87108934
0.89394957,0.89443016
0.85115469,0.83858269
0.63121116,0.57860529
0.78019834,0.88908589
0.88772708,0.89660627
0.92353469,0.92574090
0.60984939,0.54323483
0.53550237,0.60007393
0.88516206,0.91481650
0.74700773,0.81704611
0.66158116,0.58841795
0.84882653,0.88918424
0.90129453,0.91494471
0.62937105,0.68860352
0.45586842,0.52295959
0.89047241,0.88658679
0.92477918,0.94576925
0.63924670,0.49879763
0.91821343,0.90279007
0.85592633,0.88721806
0.79865319,0.81605262
0.79823011,0.87434340
0.83836818,0.90211141
0.86288083,0.77503872
0.71306038,0.71505392
0.90598243,0.88430274
0.82147849,0.92897898
0.88449454,0.90256023
0.40466347,0.40279752
0.78845614,0.84916544
0.80379641,0.83684731
0.67545265,0.70334005
0.80376565,0.87882924
0.87127012,0.87598771
0.27961010,0.31770834
0.51893890,0.28206921
0.85282904,0.89248365
0.80108005,0.85238957
0.07008213,0.05983176
0.90291047,0.85267913
0.72792703,0.77992070
0.83572233,0.86928755
0.87098110,0.96528614
0.77139235,0.71977520
0.94849354,0.96238422
0.88604820,0.85739511
0.85320139,0.78503537
0.67077136,0.79966629
0.89081204,0.93440080
0.91184676,0.92379886
0.89828581,0.98342597
0.26466584,0.20089869
0.91076261,0.90116090
0.69145203,0.69155842
0.72592413,0.78557223
0.88089871,0.89515465
0.87843305,0.93720782
0.81812525,0.92423284
0.94896525,0.90575522
0.19592737,0.13828705
0.89744693,0.86878383
0.45221683,0.60396838
0.94753224,0.96349204
0.76619208,0.51846373
0.87123239,0.93656617
0.90311998,0.89278406
0.81354111,0.87902308
0.19887611,0.30046332
0.81359661,0.53138095
0.94097316,0.87888008
0.64720196,0.75535089
0.94253355,0.93247199
0.78307998,0.79126173
0.75623351,0.76397306
0.31903300,0.49263170
0.79427481,0.87048954
0.28166798,0.31396824
0.85716057,0.84852940
0.80713397,0.83923560
0.83315909,0.77722436
0.69269890,0.54607058
0.37214866,0.39491045
0.26907721,0.36439809
0.95150352,0.92298979
0.49974003,0.35971594
0.87602019,0.66836733
0.75407720,0.82934022
0.74029702,0.74916667
0.54561818,0.56794870
0.22008432,0.26325795
0.27116284,0.32736620
0.61136550,0.47069946
0.88530916,0.84627378
0.21559289,0.24463277
0.88540775,0.89110482
0.82474375,0.88505620
0.95784771,0.94174266
0.28659663,0.41137549
0.78720671,0.91608393
0.86837673,0.79931033
0.57675761,0.51875001
0.90479344,0.91388160
0.92982727,0.92925030
0.81376100,0.78833914
0.87257844,0.79221088
0.39687714,0.35390970
0.84297818,0.81076223
0.79103321,0.05911645
0.92797875,0.91886663
0.52050662,0.56222737
0.58013618,0.68636763
0.82695699,0.95931786
0.45778102,0.32346126
0.79275322,0.78118002
0.67808640,0.85876667
0.89147824,0.88779765
0.55713987,0.71874297
0.53460473,0.53004801
0.93523854,0.95449668
0.74617553,0.79494876
0.91780567,0.87537640
0.79787832,0.86697876
0.92510778,0.93665755
0.90250605,0.90814400
0.62049747,0.65395433
0.86133111,0.89931768
0.35639599,0.18908121
0.72590041,0.82154208
0.53475672,0.69164246
0.89449406,0.93209720
0.33212730,0.35555893
0.94251490,0.80653161
0.70911473,0.85493028
0.54268163,0.38282001
0.61912769,0.19711182
0.90367842,0.95179147
0.29781249,0.12941177
0.35147119,0.31220102
0.51434892,0.44861254
0.57365102,0.58635527
0.50162393,0.44241595
0.74849927,0.79017901
0.61389756,0.73001599
0.70060575,0.71861422
0.69237560,0.73753810
0.63191497,0.71454597
0.90065867,0.92307693
0.85082173,0.80853629
0.84594327,0.81911242
0.53821892,0.61310273
0.53299874,0.16138309
0.78441912,0.91361284
0.91172403,0.93801761
0.79543722,0.73944688
0.91372764,0.95026594
0.69972646,0.68241286
0.49979028,0.29026577
0.94879192,0.90825266
0.68095863,0.56674302
0.89428580,0.83006382
0.33171818,0.37950405
0.20484053,0.24927419
0.50392985,0.66252685
0.16450559,0.16204339
0.91691905,0.93233085
0.38213393,0.31582168
0.71223795,0.54292929
0.46631202,0.50508738
0.81884533,0.72426468
0.95395964,0.96746254
0.59460843,0.65416348
0.81958163,0.73229450
0.86352944,0.83696705
0.75607318,0.91287881
0.82257080,0.78899848
0.73517579,0.67014772
0.67587364,0.66860127
0.94578373,0.98486894
0.88766205,0.91407204
0.82574409,0.79912353
0.90209502,0.90790600
0.73860162,0.70644838
0.88634694,0.91641748
0.75784546,0.84031063
0.87762779,0.87734169
0.62216544,0.62949657
0.88016951,0.94938821
0.88761795,0.82608330
0.88227952,0.94702840
0.65566653,0.63105524
0.90506953,0.88569623
0.84501308,0.77464294
0.61898303,0.74545455
0.94755876,0.98336834
0.89492041,0.91069108
0.95497507,0.89937484
0.87510383,0.78953713
0.74237734,0.76818180
0.67622507,0.57471848
0.94926345,0.93378985
0.44022551,0.52639496
0.78774661,0.76866150
0.86302394,0.89826912
0.90531099,0.84943604
0.89530855,0.81756449
0.23232466,0.24496280
0.88117093,0.76861268
0.85605538,0.85765803
0.92228490,0.90140927
0.87240624,0.84456784
0.83463901,0.91470444
0.90720332,0.92037565
0.89492232,0.85377020
0.85818672,0.79467213
0.91649610,0.94008398
0.80256104,0.65170592
0.87876296,0.91676092
0.66908395,0.90826541
0.66996866,0.60053039
0.68690729,0.76889235
0.67452222,0.65831244
0.90905917,0.86602229
0.89727849,0.93534577
0.77807480,0.86279762
0.87642992,0.94604290
0.62315607,0.39957401
0.17094968,0.24195077
0.80456239,0.93266457
0.81299829,0.80518061
0.73881662,0.72062546
0.76390731,0.78055555
0.51519769,0.56966841
0.93378240,0.92892653
0.87862748,0.95193678
0.47814301,0.38558289
0.83693635,0.90510201
0.84667474,0.89741594
0.47205424,0.37056318
0.91747212,0.89875025
0.87305343,0.86353403
0.84677815,0.83863795
0.88210714,0.93527162
0.67377573,0.75619966
0.90081859,0.92960197
0.44319350,0.44396770
0.70881605,0.70168668
0.60334760,0.83679587
0.71748924,0.69344342
0.88670641,0.89650995
0.73416197,0.60600597
0.92685318,0.99450552
0.54332030,0.51262629
0.94558138,0.95794207
0.89615560,0.94287515
0.87753767,0.83426428
0.90097982,0.86212325
0.85833365,0.94481504
0.70068073,0.85546035
0.50835949,0.60193843
0.89656508,0.86465520
0.77363116,0.69813317
0.58135664,0.64303428
0.50139582,0.53717440
0.66485614,0.84272724
0.55061632,0.54914093
0.70521981,0.78872246
0.89912605,0.90750098
0.93322414,0.96502912
0.72023350,0.54791605
0.14335044,0.28604645
0.90286177,0.88689107
0.79408139,0.63084817
0.69367617,0.81448370
0.76252294,0.84798652
0.78579777,0.81720990
0.56880659,0.61100036
0.55668497,0.37871712
0.91349232,0.93508095
0.78241855,0.95268255
0.72862649,0.63884330
0.93164313,0.91655874
0.22580758,0.18856642
0.73022735,0.43263334
0.47446266,0.22155657
0.93764174,0.89042938
0.53688651,0.45910111
0.85732150,0.73458838
0.93426597,0.89012313
0.77028978,0.83894086
0.93774760,0.95038587
0.82499695,0.79125559
0.79942912,0.82203388
0.83107358,0.82721812
0.85354310,0.92786938
0.27786553,0.23721561
0.70973855,0.80576110
0.82878405,0.80829614
0.38963187,0.37508041
0.29786757,0.39418384
0.87476802,0.93737882
0.83745205,0.72736418
0.92330182,0.94878781
0.94370174,0.96307963
0.25447783,0.23443674
0.95460296,0.95625705
0.39116177,0.32948253
0.32943630,0.33280957
0.86735409,0.92866290
0.63323337,0.59002978
0.86160511,0.86577785
0.72399002,0.67957091
0.35201591,0.37083334
0.27823883,0.30060565
0.88939273,0.88114440
0.83298939,0.86221063
0.86713225,0.92929351
0.93668908,0.94755554
0.83470380,0.93284994
0.88364547,0.79547930
0.92989749,0.59764564
0.23865142,0.18849500
0.57461131,0.45049426
0.44851029,0.73779058
0.80914849,0.74086756
0.89930952,0.90647060
0.83134353,0.87305856
0.85588533,0.78616065
0.88174814,0.81487179
0.85814714,0.88617051
0.72875738,0.94964349
0.90793949,0.88360649
0.79378629,0.69574910
0.86178309,0.92451078
0.81370795,0.87648630
0.75826937,0.66000003
0.85745680,0.86680472
0.89053339,0.92136472
0.88098049,0.98305082
0.74925339,0.85917401
0.85294992,0.85643667
0.93651235,0.97607863
0.84101683,0.86778843
0.14701779,0.11444855
0.60340178,0.66009390
0.55891854,0.31722808
0.55604297,0.52303976
0.77962399,0.81928641
0.92452741,0.92797798
0.46864423,0.52903360
0.58998650,0.57935721
0.91741931,0.84517330
0.66629452,0.61519480
0.90286374,0.92339206
0.52520335,0.37234765
0.30182591,0.34595588
0.95742607,0.97681099
0.84460598,0.92441779
0.34261939,0.26586309
0.93189752,0.93525636
0.78539532,0.87356466
0.73218727,0.76463962
0.86198938,0.83113098
0.82745785,0.81653941
0.83733851,0.74366540
0.22093759,0.74915254
0.23733990,0.15166023
0.86144954,0.93917751
0.81653416,0.57265884
0.77818418,0.72574067
0.86827445,0.96226418
0.69288146,0.53176051
0.90716547,0.91369045
0.75196058,0.91626227
0.83344316,0.78528452
0.77001274,0.89729768
0.77054191,0.58861798
0.38730043,0.73949623
0.62438726,0.33631712
0.74117702,0.65859860
0.94298255,0.94795454
0.92268783,0.90801525
0.84603184,0.82967067
0.36627272,0.30645886
0.36074790,0.50251269
0.79576612,0.57917917
0.93090785,0.94779015
0.41266760,0.41248873
0.48016405,0.48412770
0.88381618,0.84244376
0.93066698,0.96799999
0.73618037,0.70853096
0.42033520,0.34913969
0.73762608,0.74974638
0.53452164,0.58547497
0.84100062,0.89215314
0.81931472,0.78218085
0.92127591,0.93565577
0.85849309,0.78867966
0.91799510,0.96692306
0.27099246,0.26499084
0.16089568,0.19875507
0.91064030,0.89975178
0.68288642,0.64754456
0.91960931,0.95454317
0.61313182,0.42990908
0.88197637,0.87952393
0.70931911,0.80987573
0.76008928,0.68158633
0.91602761,0.96209157
0.72755677,0.77735543
0.90512657,0.91145277
0.80847001,0.89309311
0.33410612,0.53292096
0.92519224,0.96157050
0.79885542,0.87500000
0.78457665,0.82282609
0.78391826,0.91638511
0.42504689,0.58630854
0.92645937,0.93979931
0.78438753,0.59177703
0.78473985,0.89854771
0.81323218,0.72432882
0.71555299,0.63698202
0.89813560,0.93027323
0.64253098,0.56061918
0.79731584,0.77020580
0.59679103,0.42132545
0.88308078,0.94683260
0.91547281,0.90500355
0.93051404,0.94230771
0.76963979,0.65608561
0.73075432,0.74019837
0.74073189,0.70291167
0.40333775,0.44576421
0.64813310,0.90727490
0.81613147,0.94602466
0.37602380,0.33775628
0.89543730,0.95109040
0.90374410,0.91905427
0.57432592,0.50566500
0.87387389,0.90048444
0.61288786,0.59053195
0.94857752,0.97306174
0.73100889,0.75476748
0.38845938,0.33456340
0.92867285,0.96128732
0.87061608,0.81549895
0.84714091,0.85439688
0.74732381,0.85401893
0.86241519,0.85075760
0.93400031,0.95165145
0.93398088,0.92686504
0.31461486,0.48505858
0.94941992,0.95390511
0.82044238,0.80599838
0.85058248,0.90769231
0.78515434,0.79080892
0.87247878,0.90397990
0.63217545,0.36405113
0.85813487,0.87470949
0.86603779,0.93694389
0.59356725,0.79691780
0.87037104,0.78330952
0.89817452,0.96805274
0.64402807,0.76921332
0.91319138,0.93607086
0.75266165,0.72216403
0.83087397,0.94570917
0.77369797,0.78358960
0.08579666,0.22785492
0.18855351,0.30344516
0.90695518,0.97201425
0.94334567,0.92996705
0.35237223,0.49853569
0.79901373,0.71849275
0.82875437,0.95070422
0.87863457,0.88003707
0.74318314,0.83245796
0.78561920,0.69407368
0.95407391,0.97383201
0.86354989,0.84758884
0.92274344,0.91683120
0.93000275,0.84386200
0.92048562,0.90087718
0.64765352,0.79504013
0.90064919,0.90407240
0.92732704,0.88486165
0.54161006,0.47393841
0.85875928,0.81459248
0.64559680,0.65215379
0.73761219,0.70029688
0.84702826,0.76731455
0.73144490,0.65735173
0.87481904,0.87525922
0.47376135,0.51220894
0.87616074,0.79191267
0.91664129,0.83404255
0.94165230,0.95983928
0.31184071,0.36042839
0.87729549,0.80392855
0.89077735,0.85172158
0.61218804,0.72687620
0.89781290,0.92983389
0.93445414,0.95673680
0.87760204,0.95630878
0.90602261,0.97462410
0.93745953,0.89845413
0.84050232,0.79668605
0.92981762,0.88697374
0.83439326,0.86759579
0.72755975,0.88792294
0.92383534,0.93200159
0.93123418,0.93097031
0.90760213,0.85191262
0.43349358,0.43764684
0.92014796,0.95304269
0.94754446,0.92646158
0.38570625,0.39971015
0.78305876,0.67215383
0.19641247,0.25180703
0.80062211,0.81518060
0.89433992,0.86124969
0.83215374,0.81611842
0.73812443,0.84769130
0.59901273,0.50645941
0.04048261,0.08762792
0.25747985,0.21655035
0.88988644,0.88651985
0.78927064,0.83152914
0.87608904,0.82580411
0.66112608,0.56879222
0.58141863,0.51782811
0.93660909,0.92928571
0.70474124,0.61852694
0.85172224,0.87166262
0.62820637,0.56360048
0.91606832,0.86212993
0.81023079,0.78719491
0.27238250,0.27508554
0.79170728,0.04841315
0.76387876,0.80169010
0.57622480,0.68397969
0.94010538,0.91978264
0.85742772,0.94484937
0.42603645,0.38727298
0.79203010,0.90857321
0.81698781,0.89265734
0.05707464,0.06653640
0.88106817,0.89169848
0.84397376,0.90864319
0.95041716,0.94609249
0.88314098,0.90433514
0.48965707,0.75037980
0.71434319,0.76231754
0.82190853,0.80713177
0.49430808,0.62611806
0.36970949,0.40342155
0.82769227,0.91816008
0.87443793,0.88266206
0.43346593,0.33628988
0.28601858,0.30961546
0.94862354,0.87369770
0.82891333,0.84653473
0.76375121,0.76207525
0.37339318,0.72625697
0.72875005,0.83388489
0.62022257,0.68317592
0.70047647,0.86365926
0.85192275,0.74751997
0.91635722,0.92639738
0.85573572,0.96173269
0.89131957,0.93501294
0.23854998,0.25788260
0.90204829,0.88248795
0.22190404,0.27713567
0.29658189,0.23388544
0.66865283,0.88203245
0.56452781,0.22875798
0.59282351,0.45881549
0.36961120,0.37987551
0.78847206,0.68915665
0.63608801,0.52350962
0.90851957,0.90397918
0.75399518,0.75808090
0.79435694,0.92827880
0.72762662,0.66389322
0.90953797,0.74797606
0.48553097,0.61400348
0.83034325,0.87679505
0.87708926,0.85100001
0.81401169,0.76419407
0.63043362,0.70871383
0.31700042,0.37168610
0.34269816,0.25433421
0.37561390,0.55558765
0.32323861,0.37943745
0.73732620,0.70826066
0.74001610,0.68231523
0.88408369,0.83614987
0.59474462,0.66354609
0.51640803,0.56455427
0.90035284,0.91570240
0.84486550,0.94852942
0.73080003,0.87019229
0.71153361,0.67060351
0.87853825,0.87860221
0.40669760,0.43408552
0.90641493,0.90430224
0.64587682,0.47454759
0.49185356,0.51738435
0.48650539,0.49768543
0.88969618,0.91897058
0.64540911,0.75338256
0.26548767,0.33257172
0.82290387,0.89344037
0.90024352,0.91629022
0.70281744,0.73072940
0.84088993,0.88801169
0.35357633,0.32324985
0.84045792,0.94017380
0.49258485,0.62384528
0.70911348,0.81833214
0.86518329,0.89733124
0.87513900,0.93570572
0.76949936,0.80914003
0.72927451,0.67290825
0.65908313,0.72541469
0.92474014,0.97580647
0.81140280,0.73941207
0.92600369,0.92059553
0.89788067,0.89386451
0.93591404,0.90226364
0.85271823,0.93188852
0.87958950,0.92187917
0.88854146,0.82926828
0.94428813,0.90646851
0.72989571,0.59047621
0.68950987,0.65952832
0.82545698,0.79450709
0.77049220,0.90077573
0.42760065,0.55291277
0.71614629,0.79394019
0.93602777,0.94914114
0.79740161,0.85851353
0.62402147,0.66111636
0.61924374,0.68265980
0.77034736,0.79583335
0.92535514,0.91269839
0.67078298,0.28492424
0.72354954,0.65308434
0.41185352,0.60615385
0.88026404,0.82792622
0.84827745,0.82487172
0.80134439,0.79496950
0.82284671,0.73055607
0.84255403,0.87011999
0.91280109,0.92416620
0.82989478,0.74605095
0.93094885,0.91570044
0.79236346,0.91728526
0.93239069,0.96706986
0.19614697,0.23533912
0.56031209,0.62380713
0.96241498,0.96905977
0.91386092,0.78756368
0.91480756,0.89470923
0.70069808,0.71027851
0.84137887,0.89061230
0.95427102,0.91687191
0.95266277,0.93857831
0.84404671,0.83492053
0.76835376,0.50351262
0.52517682,0.45799181
0.70036840,0.71102941
0.73050344,0.54235274
0.86448675,0.90381426
0.81595898,0.85565293
0.92894721,0.86322647
0.21401188,0.17943865
0.89279777,0.91248631
0.61412781,0.66569257
0.78928286,0.79492009
0.93430752,0.85245121
0.81379241,0.81559318
0.32340303,0.41204482
0.75334162,0.82869667
0.64567465,0.57735616
0.76998377,0.94763815
0.82044142,0.52567416
0.35777915,0.27283254
0.83908165,0.77820754
0.86913657,0.80371416
0.72238678,0.64583331
0.75601912,0.69887793
0.52890772,0.70807451
0.83953393,0.92517263
0.41520560,0.36639267
0.92617214,0.92623454
0.64837056,0.75976318
0.93148142,0.94687277
0.56348354,0.66178685
0.82650286,0.86329669
0.89154792,0.96053946
0.90905493,0.96490383
0.86604208,0.76452470
0.03434506,0.04907224
0.70924580,0.73474181
0.83897984,0.84605688
0.81840885,0.80925405
0.87523443,0.83467120
0.78723735,0.87336600
0.74182492,0.80581552
0.32593632,0.29188052
0.86008483,0.90178400
0.91368622,0.96808511
0.91126341,0.90359366
0.88327926,0.94184738
0.39105573,0.37508628
0.68317318,0.57276696
0.40374210,0.31777900
0.67277312,0.72867787
0.49843174,0.45838079
0.90913934,0.96690059
0.70003635,0.76967627
0.90959078,0.84325379
0.69706786,0.77817506
0.68252873,0.78527069
0.89082378,0.88919914
0.58582473,0.47211823
0.76860780,0.81373334
0.87138563,0.92434543
0.83041966,0.90702969
0.35278830,0.36060503
0.76072180,0.79690802
0.90337884,0.90548658
0.88618147,0.74968606
0.80277002,0.85537040
0.93701595,0.94372815
0.64481425,0.63958174
0.24775974,0.29538941
0.84047222,0.87087911
0.83843338,0.78552634
0.84510458,0.80993885
0.69476545,0.64122051
0.62346601,0.90967745
0.92806315,0.94041324
0.70647043,0.66906327
0.92966759,0.85280538
0.82034391,0.77713078
0.89374161,0.90087938
0.41905358,0.36320755
0.51659226,0.80348140
0.45920566,0.45288461
0.58559489,0.80483484
0.73715872,0.66613168
0.48012558,0.45424199
0.87931198,0.80536550
0.54012513,0.58970314
0.91841543,0.86410403
0.89881593,0.93724263
0.79715163,0.79350895
0.95610207,0.94241124
0.46762830,0.09493448
0.66984689,0.70093668
0.88178521,0.91849816
0.59680438,0.77214825
0.92795032,0.91477275
0.12273903,0.19832759
0.80979311,0.77344030
0.90941483,0.81774193
0.61290258,0.74101347
0.82662678,0.79667425
0.42409879,0.39893100
0.72534031,0.75262189
0.95606279,0.97436619
0.55170429,0.58208001
0.91609484,0.85481483
0.74419421,0.65468109
0.88205522,0.92648536
0.62721127,0.74169868
0.93677527,0.96470946
0.22465546,0.14268395
0.89374828,0.85882354
0.92602444,0.96330440
0.80559599,0.82924050
0.87435979,0.77595627
0.54490376,0.44452891
0.82864493,0.84760499
0.45791835,0.63616735
0.84688699,0.75533837
0.87243700,0.77235162
0.93637496,0.92451161
0.57590538,0.52540648
0.79322207,0.87541831
0.82423729,0.86324370
0.89840966,0.92401743
0.91677052,0.79488355
0.72619724,0.81569493
0.91652602,0.91648656
0.54814517,0.78724122
0.74395174,0.81261754
0.91056401,0.89749157
0.75172150,0.54038197
0.61056215,0.41161060
0.35222176,0.27785650
0.85854447,0.83435541
0.89763141,0.93596226
0.52225989,0.66906357
0.17371473,0.09331770
0.65287447,0.70543820
0.60600197,0.39207914
0.58568817,0.66717333
0.81129384,0.76567328
0.86132747,0.87568682
0.96019650,0.93506479
0.72227639,0.70934904
0.87800884,0.90208632
0.34874645,0.35040271
0.77743649,0.85967463
0.88186455,0.82354587
0.76586372,0.61100799
0.57822794,0.69261646
0.92862123,0.92561406
0.64421242,0.67673612
0.92226356,0.86098039
0.93362486,0.97058821
0.82413679,0.73329091
0.51074326,0.55677921
0.65696877,0.68556148
0.94494152,0.90425187
0.91321337,0.93237972
0.88086355,0.92176437
0.71280372,0.75551468
0.91773748,0.94066691
0.86928689,0.91112089
0.82702339,0.79359227
0.56778300,0.65434331
0.61796844,0.66588682
0.83015430,0.88086140
0.86803800,0.86908519
0.91770947,0.92590219
0.34599298,0.27918723
0.71148038,0.75859374
0.45985132,0.60708481
0.81992370,0.88536286
0.81016761,0.82017541
0.84072787,0.85367477
0.41150376,0.29310322
0.84811562,0.75720918
0.84840727,0.84809572
0.89493346,0.90018588
0.81355941,0.90471417
0.82219428,0.83271801
0.87682092,0.92495608
0.84613067,0.80089670
0.63596445,0.62819201
0.80627269,0.87680167
0.29503572,0.18476626
0.61316305,0.65500969
0.89114416,0.86213160
0.90171677,0.88749844
0.78277534,0.68462902
0.80113876,0.60758698
0.49244618,0.44687781
0.59604144,0.54361302
0.80003172,0.89737171
0.24846274,0.33808678
0.91691130,0.93352044
0.87518364,0.88174605
0.75889033,0.67734772
0.44446501,0.60252136
0.50195211,0.47512907
0.71284837,0.71401262
0.87335002,0.85995477
0.71077055,0.70470148
0.47783372,0.72416669
0.91502792,0.92451495
0.91057414,0.89092827
0.64404207,0.48940939
0.94498426,0.85253119
0.77333689,0.72226584
0.82403600,0.82371795
0.73259479,0.72313339
0.64049101,0.69491524
0.41390905,0.28302512
0.83277535,0.66316849
0.80614561,0.78918386
0.85116100,0.86122358
0.69319272,0.61486304
0.94647694,0.93851012
0.83795273,0.86617076
0.22308710,0.21854033
0.85472769,0.86709678
0.66534889,0.44594145
0.63328165,0.70934421
0.77052122,0.57563108
0.71645123,0.84181809
0.86540270,0.89143956
0.24888074,0.33776334
0.90029705,0.88076925
0.50869423,0.62833571
0.70220000,0.65507013
0.53418982,0.54255599
0.92174101,0.94780439
0.90328944,0.84815168
0.90331823,0.96512538
0.89195192,0.94533569
0.10477630,0.13820100
0.51850885,0.63128549
0.88668442,0.87087184
0.77151972,0.77670741
0.69824749,0.57333332
0.71500605,0.73601484
0.59006953,0.60244495
0.92750299,0.93458170
0.76782119,0.74855393
0.82499963,0.85432756
0.93456417,0.90358436
0.47759971,0.36324245
0.91570663,0.90914899
0.48611560,0.23429488
0.64208853,0.67422217
0.82901818,0.91130614
0.86317194,0.86633402
0.49285072,0.45963559
0.82878852,0.93364704
0.88580251,0.90337920
0.86089790,0.88635087
0.82903498,0.86596137
0.09498036,0.14238474
0.76131010,0.67353058
0.78338349,0.65959710
0.76634312,0.68902355
0.94583333,0.94130772
0.91258758,0.93890327
0.79217446,0.83010000
0.86341876,0.76870990
0.68087369,0.78508079
0.35727486,0.20129573
0.75728774,0.73593277
0.54719025,0.69652408
0.90734589,0.89276779
0.92930132,0.95815170
0.79570568,0.85358393
0.86820453,0.95081967
0.72634184,0.87386876
0.92111510,0.92785192
0.87139893,0.82240474
0.53289777,0.51847291
0.58462334,0.54570955
0.89991868,0.91483933
0.92174381,0.96159512
0.92310280,0.91969699
0.87874633,0.77557325
0.94064116,0.94213098
0.55540890,0.59547079
0.67904091,0.63316905
0.86074764,0.85747862
0.86338001,0.88942462
0.75973159,0.76581365
0.89274502,0.92413795
0.90525752,0.86388087
0.85713631,0.90184408
0.90503681,0.94159889
0.46005017,0.47769994
0.46122128,0.51582682
0.75144476,0.65855271
0.64154011,0.55837613
0.65663880,0.86041665
0.85941774,0.81261653
0.66644907,0.64788085
0.88018793,0.90757883
0.55403870,0.68867254
0.24457769,0.27033615
0.88723320,0.86742425
0.89040095,0.95296687
0.82759053,0.87668997
0.64891273,0.70405483
0.90582258,0.90872830
0.35722756,0.26891235
0.37334302,0.28844616
0.90900666,0.93867528
0.92834407,0.95836520
0.92941612,0.85400099
0.57052869,0.64777327
0.91069496,0.94413793
0.18375225,0.58318377
0.89082968,0.87031418
0.91198218,0.90730679
0.85779786,0.89260840
0.86516315,0.85858172
0.60867977,0.44202900
0.34336692,0.22620282
0.93789446,0.93948317
0.90467167,0.95407110
0.84559256,0.85167789
0.43755725,0.31044713
0.45725286,0.53255486
0.62410808,0.65804696
0.50506884,0.71916008
0.87146544,0.82708436
0.84540218,0.90111095
0.88725150,0.88809043
0.51281464,0.61163920
0.45993367,0.29148528
0.87897539,0.84470338
0.73427874,0.76190341
0.62259477,0.67272520
0.91106111,0.96080023
0.83674854,0.93525702
0.90346342,0.96389180
0.71028042,0.64065313
0.72468698,0.72689146
0.86263043,0.77282280
0.50878131,0.57794201
0.12484531,0.35547245
0.82526463,0.93001091
0.85454649,0.76111454
0.42765698,0.52020627
0.14909573,0.17866541
0.72845280,0.69835669
0.70626259,0.33899325
0.59554368,0.67985255
0.94315064,0.92778361
0.14964150,0.10347844
0.82744569,0.86087668
0.90080810,0.91655713
0.58111060,0.68643981
0.67301285,0.61396575
0.64377439,0.78740156
0.83434439,0.83333802
0.59192228,0.77130038
0.88486689,0.94031703
0.80333060,0.91185915
0.87297189,0.83411217
0.49124974,0.89218092
0.61629248,0.73265839
0.93628293,0.94374889
0.90619165,0.89110535
0.61960059,0.51438850
0.64069521,0.74140918
0.67933333,0.72272569
0.26238546,0.25613412
0.87313056,0.91926461
0.57624227,0.67595762
0.36048514,0.35258478
0.75838423,0.75138831
0.92999470,0.97033179
0.74213219,0.56723893
0.18144850,0.06769641
0.86805683,0.90299064
0.67912537,0.75866234
0.48055470,0.55458927
0.62797564,0.64275974
0.76006734,0.78007442
0.88491619,0.93749142
0.19804850,0.33064476
0.17234695,0.13935617
0.73367691,0.76309842
0.83604097,0.70236617
0.81946868,0.82342285
0.90285116,0.96078664
0.72656578,0.61427450
0.72775060,0.86798906
0.86877596,0.94516754
0.82324356,0.86344659
0.91017532,0.78021848
0.89204717,0.88256192
0.90480155,0.92800957
0.69317305,0.70984000
0.15580066,0.19401021
0.93577021,0.93364310
0.81143779,0.85556608
0.88025153,0.82829678
0.79763681,0.86018974
0.90122145,0.93216723
0.84128183,0.83884478
0.82120889,0.91721135
0.85657161,0.85417455
0.58522207,0.44195944
0.82542688,0.63091153
0.90690446,0.92968750
0.92884940,0.98076922
0.93087596,0.93113101
0.94273883,0.93695152
0.68159592,0.59340662
0.66998404,0.75494677
0.63351971,0.56511414
0.69319552,0.59271789
0.56433398,0.57225901
0.60944444,0.63688868
0.74694395,0.85099202
0.37851012,0.51166642
0.85751766,0.86235178
0.88260090,0.71102273
0.77963924,0.74606460
0.68191683,0.90601236
0.79101992,0.82942766
0.91984034,0.95560515
0.22966656,0.17277816
0.48402098,0.41530049
0.26058188,0.35408485
0.82789320,0.86810982
0.90041828,0.87404394
0.84859377,0.84020394
0.90278453,0.88895178
0.85633665,0.88835049
0.67671633,0.75410956
0.26353025,0.19355844
0.72791946,0.70774949
0.78567493,0.79755753
0.96089166,0.94196790
0.68696582,0.53551751
0.73915005,0.69441104
0.81786966,0.74720901
0.54030389,0.80436713
0.79155874,0.90191597
0.78743374,0.81031436
0.36455342,0.57670254
0.44227949,0.37342286
0.91313618,0.90213126
0.87622881,0.91887301
0.19704066,0.21821387
0.87933326,0.84253246
0.80855083,0.91629750
0.78131753,0.85547787
0.35416177,0.17727028
0.80959088,0.76651859
0.76405358,0.61042839
0.36689359,0.57232702
0.73237431,0.77196455
0.33255786,0.31979588
0.89542651,0.94718504
0.89042562,0.82682014
0.77254158,0.79161072
0.90312558,0.92636448
0.88650525,0.87543857
0.73646694,0.73408186
0.86810392,0.91348845
0.84016752,0.83029968
0.59396362,0.54387695
0.37745777,0.09005424
0.88569504,0.93725491
0.89003354,0.89542693
0.87654626,0.90824288
0.82360345,0.68916667
0.82972372,0.75555056
0.85489494,0.88198572
0.83406615,0.78076386
0.76754850,0.90701753
0.90084827,0.81612223
0.88099456,0.93109173
0.78491163,0.63605124
0.12313078,0.22940685
0.67618316,0.68094826
0.18096784,0.09789793
0.60926098,0.55041182
0.84289229,0.66631186
0.48727745,0.38241181
0.58319420,0.58136481
0.16855188,0.14239281
0.41077641,0.41961285
0.76874673,0.67160743
0.88130569,0.81496948
0.93018198,0.94230771
0.54479128,0.54797554
0.16401136,0.22549520
0.90626991,0.88494551
0.87379658,0.87281960
0.88759857,0.79909480
0.93499619,0.97513658
0.80194348,0.87907219
0.85763496,0.82881582
0.35399652,0.28370300
0.60340279,0.50191200
0.51345772,0.55876905
0.83789468,0.84394497
0.81699979,0.86643320
0.84311467,0.88522571
0.90481102,0.92619932
0.69346076,0.62764049
0.86981589,0.83414376
0.78111643,0.59026688
0.87643683,0.88969105
0.88158756,0.87930161
0.65594864,0.64108753
0.81755298,0.69405240
0.74368083,0.44936466
0.54050493,0.65328610
0.42470786,0.35587573
0.84883022,0.92472613
0.88632405,0.89193571
0.86229700,0.91976273
0.66834807,0.56158555
0.87732482,0.93181819
0.85367584,0.93839288
0.89136726,0.89677179
0.59241545,0.61343890
0.68970400,0.64621210
0.84463930,0.93771851
0.67022532,0.64251715
0.90180326,0.80676502
0.85045314,0.92940140
0.21378733,0.56573516
0.74902558,0.83414179
0.75571102,0.61239034
0.94885021,0.94537038
0.74304056,0.89517760
0.85664159,0.84082633
0.95385337,0.95478034
0.81545717,0.82629454
0.89405400,0.90221554
0.69338870,0.71525139
0.65280181,0.65284371
0.71746182,0.88858747
0.32634124,0.34324324
0.90015787,0.92129201
0.31677833,0.52965587
0.72892284,0.85662329
0.66984308,0.62984276
0.73301095,0.84014910
0.68859410,0.67456281
0.81976807,0.81367642
0.84347546,0.87737381
0.84236884,0.71979111
0.74767238,0.60012245
0.77405620,0.80896324
0.66399574,0.79903263
0.86982977,0.84898800
0.87300807,0.89979094
0.61840880,0.54217803
0.90261084,0.87184513
0.33145136,0.35023639
0.91517586,0.86972600
0.92197794,0.93309766
0.83148348,0.42963848
0.93817800,0.95238096
0.91366810,0.90292448
0.46216524,0.59359169
0.91423392,0.84764689
0.90613955,0.93941593
0.65937793,0.54642147
0.53529310,0.46075755
0.88120979,0.78745866
0.93095124,0.88140428
0.88589483,0.85532874
0.85581011,0.87586004
0.41988429,0.41097781
0.53881848,0.81294906
0.65397209,0.69873011
0.80557615,0.76341772
0.41723722,0.41939652
0.93802685,0.93331707
0.40063041,0.38063678
0.74753124,0.81461120
0.89784461,0.86356544
0.85420191,0.81888497
0.79719627,0.70126402
0.86463577,0.84600532
0.79952937,0.71799242
0.61941677,0.80576766
0.11961738,0.11573371
0.09564478,0.14471753
0.20891283,0.27370870
0.19246611,0.21802193
0.87171692,0.86745286
0.86139500,0.91761792
0.52605927,0.55567831
0.23409331,0.08684523
0.91717601,0.90174997
0.87440318,0.97752810
0.76363266,0.50587827
0.89591205,0.95787656
0.85351330,0.82811010
0.68236196,0.58943623
0.77246243,0.84034121
0.60959435,0.72468823
0.62032133,0.41787943
0.59613383,0.67524695
0.87375128,0.88715434
0.83414656,0.85143358
0.83272249,0.76572299
0.88097143,0.73267573
0.55655813,0.41130349
0.47326478,0.41253459
0.47280848,0.42333701
0.77737921,0.80225331
0.38164604,0.37073177
0.92661494,0.89083129
0.93693632,0.92635638
0.85443699,0.90638530
0.95590180,0.92786336
0.90460134,0.88932884
0.87954432,0.87222224
0.85379446,0.76081729
0.90943044,0.84429973
0.66324240,0.86156839
0.52191466,0.45977011
0.92329764,0.87298405
0.59016740,0.47832707
0.51853859,0.52225542
0.69589943,0.79806578
0.87061101,0.88583738
0.85619771,0.87263954
0.65324718,0.70811111
0.87661505,0.81082720
0.73995227,0.75315470
0.55172712,0.55298787
0.90616006,0.86960250
0.84358019,0.89337331
0.25668186,0.29517210
0.38524824,0.38227704
0.90662491,0.94754153
0.86617726,0.89941752
0.73058933,0.72067940
0.84685272,0.92671192
0.69815439,0.72892541
0.49338883,0.40477979
0.51633787,0.49698871
0.58416426,0.22254266
0.84124410,0.91021466
0.60066277,0.75062531
0.89245707,0.89143640
0.90682214,0.92778337
0.90387714,0.84831065
0.83253378,0.81224483
0.70892954,0.76156652
0.84557116,0.82895660
0.60185957,0.54846936
0.90506923,0.93164825
0.67028600,0.79267889
0.29420066,0.17075326
0.46859503,0.27600297
0.94408739,0.93757331
0.85295945,0.71526593
0.66710448,0.66985452
0.56308722,0.41604635
0.88813931,0.81719166
0.23129885,0.21320389
0.67808914,0.72617304
0.94353950,0.94099051
0.77784854,0.75108284
0.45997024,0.46733695
0.10323395,0.10089324
0.96817565,0.94463146
0.75890666,0.74892473
0.85879165,0.84465814
0.52357137,0.58803153
0.78359193,0.78171647
0.79779911,0.86781013
0.34096107,0.48348597
0.82218444,0.89264327
0.47734636,0.50515997
0.92116457,0.91790068
0.37378126,0.32206389
0.82491511,0.85796642
0.69474560,0.50573266
0.24572289,0.20284900
0.89382845,0.87166619
0.90538663,0.93390751
0.89842284,0.99810249
0.66913372,0.66365343
0.61238128,0.42079458
0.74189395,0.71060944
0.86487877,0.93063945
0.79165506,0.73101854
0.82053447,0.95595813
0.77856559,0.61693120
0.59954947,0.85039145
0.93938768,0.96496212
0.35441390,0.24882154
0.88692844,0.92705601
0.81611311,0.88428366
0.34465274,0.38980940
0.83329731,0.93256634
0.89071608,0.83937222
0.80007517,0.72542518
0.82175183,0.67465597
0.67299652,0.82082480
0.90263706,0.90278625
0.88404894,0.89822596
0.80109072,0.68520772
0.66140300,0.38532355
0.61701214,0.48704740
0.87832713,0.83126938
0.25751626,0.18162036
0.91433185,0.90208477
0.89585847,0.77817488
0.85691762,0.97225618
0.12575467,0.19789402
0.86234844,0.89963681
0.94614065,0.94377440
0.85952616,0.85839826
0.62785929,0.61078435
0.49251592,0.61413044
0.90868825,0.93711191
0.84231752,0.76545084
0.93254513,0.97058821
0.34428537,0.36443609
0.38207236,0.36312521
0.87893540,0.76708263
0.48222220,0.52937502
0.89715832,0.79024607
0.90756893,0.89081454
0.85950947,0.86110950
0.62788373,0.75369942
0.40661338,0.35006940
0.95454812,0.94548410
0.77438867,0.66498518
0.82549316,0.81830639
0.82447976,0.82892108
0.85271764,0.88184768
0.29351458,0.27616072
0.88030154,0.79850364
0.87887776,0.89065719
0.86564910,0.93086231
0.90644568,0.72998244
0.82299614,0.84679800
0.61728281,0.21632653
0.27745834,0.33326069
0.19468762,0.19183815
0.55997199,0.48743087
0.91887879,0.94407952
0.88265598,0.89401984
0.86533725,0.81552893
0.87002647,0.92807019
0.89071190,0.78325993
0.82621330,0.86732459
0.79483533,0.77313966
0.80576414,0.77454948
0.70989686,0.74046820
0.88147640,0.85392076
0.78931898,0.83129698
0.84776729,0.83756614
0.93382680,0.93528140
0.87853217,0.88186926
0.73805165,0.79381973
0.79052955,0.69688696
0.95551646,0.91922879
0.91528010,0.92652273
0.87757885,0.84664577
0.74644279,0.76540387
0.82648128,0.89585638
0.92071557,0.93859649
0.28578216,0.32080314
0.83402395,0.77245408
0.91684991,0.91573280
0.62076145,0.64191377
0.70932007,0.85057473
0.09705357,0.14787246
0.89567631,0.84416056
0.77735358,0.79087746
0.79776770,0.89317387
0.70668167,0.64391613
0.84482014,0.88299233
0.43806088,0.43194795
0.62992686,0.67963105
0.74567050,0.65176547
0.81167030,0.82643163
0.79772168,0.75226355
0.80380648,0.75716102
0.52642143,0.44025022
0.76810288,0.60747039
0.90561992,0.78223419
0.88862777,0.86879975
0.82488477,0.76255196
0.90331477,0.88927275
0.93069756,0.96808511
0.54556596,0.54241073
0.84094238,0.75661653
0.30599719,0.09863760
0.50696188,0.55715907
0.78848380,0.73624593
0.83213902,0.79540890
0.67013681,0.71696526
0.53397858,0.59149587
0.91741192,0.93978560
0.87340677,0.96419412
0.66799831,0.69525450
0.83222693,0.49738893
0.84136748,0.76723981
0.94430268,0.95720690
0.88954806,0.90099812
0.90442610,0.95794469
0.17789054,0.30288059
0.67621559,0.71082675
0.85759312,0.86419159
0.74526137,0.65958905
0.89693302,0.85815513
0.71709520,0.74333793
0.62620562,0.66988039
0.58120584,0.71070814
0.71833384,0.94148535
0.58432579,0.81313258
0.82259172,0.79290372
0.81570607,0.64735752
0.86656338,0.79436970
0.90006632,0.87596530
0.91797429,0.87224531
0.89967102,0.95764995
0.43150175,0.36092472
0.74243617,0.62922239
0.91751152,0.92874461
0.66436082,0.74860299
0.66088867,0.70526314
0.85420668,0.89749998
0.40568215,0.37449864
0.92485362,0.95026022
0.64970279,0.32028005
0.58006406,0.64425415
0.90969968,0.96162230
0.82799095,0.76695514
0.77701277,0.77394414
0.44612870,0.63053328
0.89499438,0.95596242
0.84837341,0.76823986
0.78663296,0.75105363
0.36660364,0.32566988
0.81382698,0.68333334
0.65487611,0.69332433
0.07726709,0.08037448
0.75136065,0.89220911
0.89536297,0.96814519
0.88648725,0.84479272
0.81350553,0.79338527
0.86709821,0.94954646
0.45595053,0.43284315
0.85668182,0.69583505
0.93629098,0.89440757
0.29662853,0.36039910
0.13963693,0.35332921
0.79351962,0.68539518
0.71969354,0.74256802
0.60336620,0.48081312
0.70383561,0.53971231
0.81251919,0.72615498
0.95325708,0.92392248
0.91631049,0.96382010
0.59372228,0.73432392
0.87902337,0.86331171
0.82400233,0.78166544
0.86499202,0.89899069
0.69838756,0.76608050
0.84634608,0.86064786
0.70050973,0.82148719
0.56394511,0.58672035
0.93796569,0.93351567
0.34205729,0.42465344
0.48584396,0.68576086
0.57386374,0.52576363
0.79945791,0.70784760
0.82904148,0.53574198
0.90470171,0.91157508
0.86396539,0.74523485
0.92420048,0.91091871
0.82368189,0.82977635
0.56508303,0.81792766
0.87557596,0.88826263
0.76080179,0.72435689
0.78158927,0.75868577
0.53687310,0.67637467
0.78074872,0.99567723
0.93534052,0.92606348
0.60345972,0.57397401
0.86427665,0.90356058
0.82519394,0.71961153
0.72449839,0.79880536
0.53337985,0.50130612
0.88987803,0.93789756
0.88803089,0.95311296
0.82053101,0.81991476
0.81319475,0.72814614
0.76665866,0.71362889
0.81323069,0.83389235
0.79843378,0.83451200
0.89643478,0.78860199
0.82057655,0.73657191
0.88364321,0.84061986
0.86091328,0.94540530
0.79316860,0.80648643
0.26201287,0.31366667
0.87319630,0.84796661
0.71308309,0.73351729
0.48408175,0.54718840
0.87887722,0.88162988
0.76320410,0.81057250
0.88190824,0.92400765
0.67464668,0.57354552
0.90160096,0.87233663
0.47106645,0.50428438
0.48160487,0.13711420
0.30193970,0.32454872
0.83662826,0.89262384
0.95317066,0.96363014
0.21904841,0.19509904
0.92875808,0.99425286
0.63817203,0.72651094
0.61956328,0.60988230
0.71301103,0.60228240
0.88249236,0.88930732
0.92090112,0.86408865
0.48238757,0.34537953
0.79356027,0.84377444
0.94843876,0.90561378
0.20565608,0.13695097
0.18476056,0.50378859
0.83288831,0.74292064
0.88150632,0.79004449
0.29540363,0.24258862
0.76488155,0.86763489
0.89395660,0.94272786
0.90916914,0.87228262
0.93281621,0.93089473
0.80428690,0.82659674
0.77000552,0.56715345
0.56092584,0.43750000
0.50712335,0.64929664
0.84337944,0.87730443
0.81771064,0.87369418
0.94167972,0.93460876
0.82205158,0.83190787
0.91652936,0.93884945
0.90316373,0.93355179
0.88267958,0.68113589
0.83652371,0.92294228
0.90416807,0.92998475
0.72679693,0.72939563
0.91794747,0.81197727
0.93566048,0.93533128
0.69422394,0.66155618
0.85547149,0.83815289
0.70748204,0.64594233
0.47421980,0.42381462
0.42064336,0.33714616
0.24520892,0.19290447
0.85813671,0.88418782
0.68675822,0.52502614
0.23375738,0.22745098
0.85741186,0.81343281
0.37144136,0.29205781
0.92214739,0.87623543
0.63340449,0.67069441
0.78175312,0.84294069
0.90319240,0.93773043
0.89547944,0.81463414
0.92606646,0.94401836
0.91281587,0.86678141
0.82712620,0.87521613
0.40127933,0.57271230
0.57961214,0.53940362
0.64142400,0.71821153
0.87916404,0.91012084
0.54406184,0.47917229
0.89522362,0.98165137
0.82945585,0.91362369
0.88314521,0.85909718
0.68196261,0.54266471
0.87452227,0.91173846
0.89613152,0.90658933
0.90615475,0.86791629
0.93245858,0.95744681
0.79073656,0.58418125
0.81758755,0.82290292
0.89186001,0.87208658
0.78854543,0.74011052
0.52780312,0.60045093
0.87432396,0.83905226
0.65153658,0.65093398
0.88973582,0.90899503
0.71014476,0.69546163
0.33796778,0.74472129
0.82361907,0.88727701
0.80792278,0.73769182
0.71620351,0.73922074
0.71977180,0.76217532
0.93829197,0.93277627
0.81561720,0.83050299
0.91804022,0.90052283
0.15342845,0.21194558
0.19419299,0.17284226
0.89068806,0.77059960
0.88140523,0.91963649
0.85461295,0.89316058
0.86542386,0.86691087
0.92573786,0.93498981
0.84202325,0.82219505
0.62125355,0.58228850
0.82911867,0.70582694
0.94832212,0.95121115
0.80734247,0.86135387
0.45667380,0.56164718
0.29640514,0.30777812
0.84206069,0.91045171
0.89128041,0.89441824
0.86520898,0.84645456
0.81140590,0.94160479
0.92381418,0.91924030
0.92568099,0.90334094
0.75444221,0.61994076
0.65531719,0.40143004
0.84027296,0.81551468
0.66592318,0.78577238
0.29725793,0.20197700
0.79992110,0.66645622
0.48230270,0.78876680
0.88608485,0.89681494
0.94848007,0.90065694
0.80550700,0.84817350
0.71364230,0.47467282
0.79567444,0.79190505
0.27839267,0.28224444
0.61983162,0.76277483
0.89033401,0.91742486
0.77942145,0.83657098
0.78426433,0.82361144
0.86694926,0.68787706
0.77252913,0.91034049
0.94085091,0.96686637
0.68789357,0.61069554
0.91336203,0.83503401
0.59684110,0.69078428
0.89712322,0.91370666
0.84298432,0.84787780
0.85923761,0.90089047
0.79455286,0.82089055
0.90689671,0.80405194
0.89937776,0.93518662
0.95868051,0.97240955
0.82288152,0.84013987
0.88593489,0.87225527
0.91386139,0.92179430
0.88303035,0.92888987
0.25322351,0.45072746
0.85736126,0.85822284
0.91384947,0.85104918
0.67432588,0.76822382
0.90270072,0.82194221
0.70437121,0.59787560
0.85654032,0.84872788
0.77595562,0.83742207
0.32765469,0.34439981
0.94751894,0.93610096
0.29975322,0.26666668
0.64812279,0.62235463
0.54693753,0.60673052
0.17377228,0.18010005
0.87895447,0.84380031
0.86144745,0.92732280
0.83044153,0.83649731
0.81430334,0.90593380
0.68322557,0.70613438
0.91289055,0.92788690
0.41693446,0.48370764
0.82805902,0.81176519
0.59254688,0.77148271
0.87217456,0.96093750
0.91925430,0.90387791
0.85702521,0.84759659
0.79716706,0.89461780
0.93174338,0.94208241
0.91705769,0.95119363
0.92563868,0.90923703
0.90844494,0.98130840
0.50677055,0.56146836
0.91893607,0.91173589
0.51186901,0.50154185
0.74146676,0.58893472
0.12480329,0.14646147
0.51888561,0.50424671
0.43622294,0.41088435
0.42867285,0.29401568
0.37715301,0.48030955
0.24568248,0.07546584
0.60082060,0.74223316
0.76600963,0.87124062
0.92258674,0.91920114
0.71281368,0.74406934
0.93421024,0.92366052
0.65119469,0.64682537
0.56176782,0.60321188
0.53606975,0.37818581
0.56072485,0.62571734
0.88072795,0.91259533
0.78097355,0.72680253
0.68525845,0.66029036
0.87758273,0.87170118
0.80913186,0.76955587
0.90614015,0.93319839
0.73124444,0.85587108
0.51951313,0.58505511
0.87871981,0.96349204
0.56119096,0.61569321
0.75740021,0.69259226
0.65539378,0.66327536
0.91118997,0.91928649
0.93407309,0.95802468
0.93365604,0.90012270
0.94133931,0.90114379
0.31526580,0.20503296
0.22241765,0.35523197
0.37340173,0.26745707
0.85927492,0.90437460
0.77468115,0.63581181
0.66852450,0.61104149
0.90308756,0.93285304
0.56530786,0.81210190
0.45463133,0.47129482
0.85198408,0.81258750
0.48008227,0.45364729
0.88590717,0.98169702
0.77425152,0.78268450
0.52452517,0.61704546
0.91237170,0.88990861
0.89994031,0.97045207
0.69317114,0.70130837
0.90786773,0.89285284
0.57905310,0.62724870
0.69895500,0.56385195
0.42654276,0.25637975
0.69301784,0.79500234
0.76514924,0.69508725
0.53757530,0.63013417
0.87661427,0.98334062
0.51681387,0.69055158
0.87392622,0.92383808
0.90045100,0.94218361
0.89651716,0.86891854
0.85082382,0.86367422
0.59213424,0.51754659
0.66771042,0.78297937
0.92762864,0.93371862
0.92611569,0.90143776
0.84757996,0.91566491
0.40409997,0.30468205
0.56163031,0.56979698
0.38686782,0.23250675
0.91631430,0.86995327
0.40933374,0.41469720
0.93761867,0.93900478
0.50732446,0.43546876
0.76092350,0.77786911
0.58512729,0.69936556
0.91714650,0.95305806
0.84437370,0.76403230
0.85505265,0.80402207
0.78416300,0.75223839
0.85915774,0.83078456
0.86615884,0.78764856
0.94807464,0.95811826
0.56358331,0.65855736
0.90487838,0.91666669
0.06359257,0.07999019
0.84066671,0.76587898
0.81386459,0.61953080
0.83868283,0.75495642
0.89241087,0.95080733
0.81777847,0.77038592
0.80290949,0.80060756
0.64649105,0.74267250
0.82003212,0.79971099
0.84156543,0.91238075
0.20894420,0.22217397
0.93207812,0.87666112
0.68454129,0.74300504
0.64280528,0.45698714
0.30747515,0.36278734
0.47879198,0.37106428
0.47827387,0.71309465
0.40444809,0.44977465
0.71817827,0.59016037
0.88417631,0.91565895
0.90754908,0.91120613
0.87843442,0.91013020
0.92837942,0.89345205
0.79099554,0.80820620
0.70506358,0.86757928
0.83768773,0.91666669
0.80651277,0.85315496
0.93130833,0.87983447
0.43619326,0.49665090
0.93214732,0.95381582
0.85895354,0.90521133
0.77770573,0.67910516
0.64605701,0.40959081
0.17254145,0.20271671
0.53587925,0.68091470
0.80242747,0.68552852
0.95640314,0.96753246
0.17597362,0.10126051
0.88759357,0.80754149
0.93723726,0.93436402
0.83289808,0.74362189
0.84726596,0.82724601
0.69422758,0.79828215
0.84649038,0.69347245
0.78963733,0.82698303
0.95125169,0.93198323
0.50746745,0.51811862
0.68769532,0.70439917
0.87106448,0.92944145
0.86238748,0.90636706
0.80133164,0.71667582
0.60849559,0.42832315
0.86269754,0.89857936
0.88402015,0.86661679
0.95217907,0.92589283
0.46248779,0.25634059
0.79191679,0.83868378
0.84162021,0.78827751
0.92878813,0.92849410
0.91380209,0.89989805
0.84588480,0.76666665
0.58245164,0.55991811
0.40950873,0.28589076
0.87338626,0.88310915
0.45012623,0.55888957
0.91128844,0.89850473
0.49960566,0.27880543
0.93712282,0.92014730
0.73871630,0.73731178
0.55408180,0.52108461
0.71547586,0.83567995
0.28546131,0.32528889
0.91569543,0.96169591
0.56457525,0.77822578
0.50813860,0.58068180
0.93486518,0.87170529
0.81930834,0.71845239
0.92533296,0.87380368
0.78459567,0.76607144
0.92084110,0.95326221
0.92847580,0.89258462
0.41124970,0.34081885
0.55090886,0.59745753
0.60584652,0.68646055
0.86756051,0.82647961
0.90984529,0.90271491
0.89735067,0.91725850
0.84847850,0.88718826
0.84931797,0.87114435
0.66723812,0.60120356
0.79566926,0.46852174
0.67970628,0.73190427
0.45946234,0.39402726
0.68861747,0.62926930
0.48179665,0.49691918
0.93139035,0.98701298
0.86624789,0.89826065
0.76989883,0.85449898
0.88846636,0.90821499
0.76555103,0.75923043
0.74811232,0.70555204
0.86567491,0.94282120
0.81389189,0.77347064
0.80278260,0.67157787
0.91910380,0.70553362
0.67602748,0.81201661
0.93456858,0.88078886
0.76515204,0.83578432
0.95326859,0.94103128
0.76110005,0.53107768
0.55686063,0.52988833
0.22649029,0.20009609
0.36372322,0.39013493
0.77437615,0.78663665
0.93155777,0.89193547
0.69612157,0.44416144
0.84003657,0.93978345
0.81454980,0.81386513
0.21883287,0.33039546
0.77789044,0.65399677
0.74447918,0.75515068
0.91909683,0.96022224
0.85118574,0.87657964
0.86853898,0.84198749
0.81597453,0.86983937
0.74311084,0.78114754
0.59591013,0.78111744
0.68338728,0.56970626
0.86283749,0.92520034
0.78711450,0.79707003
0.83485001,0.89074498
0.93111944,0.84968865
0.79858369,0.76813245
0.72099984,0.90280050
0.88053143,0.94572371
0.82824910,0.82553840
0.50557280,0.65357143
0.85663527,0.95462906
0.69139910,0.66510111
0.88647151,0.79662228
0.93004626,0.90443242
0.71697652,0.84760690
0.75825846,0.83841294
0.53367996,0.67039657
0.80212861,0.83207256
0.82365417,0.81657487
0.74561584,0.77877766
0.25637874,0.31129807
0.54386306,0.68655598
0.41592574,0.59858119
0.10000665,0.17453220
0.76309800,0.93983346
0.77950513,0.93475556
0.74924445,0.75798655
0.71676493,0.70731276
0.72898442,0.71174288
0.49185255,0.35124078
0.88031101,0.91406113
0.60057575,0.76807600
0.82522273,0.76313525
0.35929468,0.31278375
0.47928241,0.44432133
0.86724681,0.90317613
0.77053481,0.79202557
0.89142370,0.93099362
0.67515713,0.70170403
0.46672288,0.54166949
0.82491583,0.85633147
0.89263141,0.90139705
0.75335580,0.75012022
0.79303670,0.80881226
0.78804958,0.82235855
0.60483217,0.60790813
0.82272309,0.74700153
0.92317206,0.96954507
0.87952965,0.91812015
0.79993731,0.84948391
0.05969349,0.08566161
0.87579209,0.12643468
0.55428833,0.85046059
0.86831409,0.90807289
0.93499970,0.93888801
0.66548800,0.60186297
0.91477466,0.91981262
0.69005537,0.69896704
0.77138543,0.66550720
0.77265465,0.77146763
0.74819285,0.90429294
0.66011190,0.79958069
0.42233488,0.40756464
0.60578722,0.39721471
0.29557362,0.17623153
0.66323864,0.73163074
0.90189028,0.89707863
0.93607146,0.56689388
0.75693601,0.87054497
0.84616661,0.88084084
0.90195274,0.91818798
0.91518712,0.94163120
0.94561315,0.86440676
0.83850986,0.87353730
0.48923391,0.56899458
0.48683217,0.49455270
0.62723422,0.61777139
0.49718013,0.52595538
0.86556494,0.94755542
0.33920020,0.36901370
0.87277675,0.87933469
0.87111038,0.87507808
0.90305364,0.91969991
0.93508935,0.97183162
0.82653761,0.69854492
0.92717886,0.90601087
0.88879019,0.91934985
0.73166221,0.76273364
0.87718445,0.86068255
0.85327882,0.91656953
0.66355407,0.60021871
0.86869085,0.85117328
0.78118402,0.86987966
0.84332681,0.84303600
0.65775776,0.77068216
0.65653646,0.79150760
0.96286732,0.97414732
0.83419621,0.88803732
0.90652323,0.90785474
0.45696494,0.71074456
0.81048375,0.83252627
0.52385587,0.63190854
0.84678090,0.88191229
0.18720657,0.20976952
0.89307332,0.95288247
0.92133665,0.92028987
0.43547028,0.49156144
0.82932234,0.83364457
0.83108330,0.87213224
0.89858586,0.88528138
0.67911106,0.58817035
0.37272114,0.31286803
0.52096575,0.62922794
0.48848122,0.61418188
0.57199556,0.24347527
0.11727464,0.11873738
0.80541945,0.76134181
0.36833197,0.39613393
0.61954337,0.82008451
0.83818835,0.80440974
0.40390620,0.33329469
0.85262007,0.92367554
0.91278172,0.89866668
0.64436966,0.70171762
0.45664266,0.42954203
0.68368733,0.80566639
0.83171916,0.83036262
0.94476306,0.92585701
0.71870321,0.74073303
0.75192094,0.80979818
0.86714578,0.86962384
0.68049049,0.62326616
0.76982474,0.63095152
0.83916539,0.89482588
0.77502894,0.83699787
0.46638912,0.49342829
0.84417659,0.91283423
0.87993860,0.80642664
0.44578049,0.62330812
0.87859583,0.89504141
0.87366098,0.89152396
0.79966742,0.92405063
0.24431784,0.32725823
0.50163859,0.39709273
0.88841045,0.93515384
0.89360368,0.88094622
0.85216844,0.85957152
0.32319903,0.27339184
0.88241827,0.86980635
0.81026733,0.79888940
0.33448285,0.42548537
0.86490285,0.86160082
0.38761309,0.54627961
0.65319240,0.43585798
0.70552236,0.50837368
0.87638652,0.85884035
0.91702205,0.88307792
0.30538940,0.45987770
0.91764152,0.91107064
0.23926872,0.24315847
0.86863196,0.90119338
0.77634728,0.90645260
0.59637862,0.72031248
0.86285114,0.87706041
0.82295620,0.80713564
0.85257721,0.85912198
0.69686294,0.72882140
0.91089332,0.99019605
0.83198959,0.83900726
0.54140329,0.32135075
0.46062323,0.39172241
0.69333619,0.67829460
0.48056147,0.37510505
0.89389908,0.83604652
0.87582654,0.85988456
0.56945741,0.65158045
0.30103216,0.31108308
0.61610734,0.50334930
0.82249892,0.85481507
0.79585814,0.79130161
0.80088967,0.84695125
0.70925868,0.61887354
0.21371479,0.14263675
0.61489791,0.48690495
0.85106975,0.86300260
0.26830086,0.26383927
0.34291798,0.53753352
0.77999657,0.62433434
0.61190689,0.45224568
0.90195477,0.95352924
0.91931313,0.80819237
0.65989006,0.69459707
0.50022936,0.67878431
0.92473483,0.89837396
0.94326824,0.95400435
0.86760151,0.91041696
0.81925344,0.75858337
0.85522485,0.82003665
0.69401598,0.70340455
0.60379988,0.48337805
0.43685493,0.37991992
0.67723805,0.86611974
0.69106126,0.58784384
0.63267159,0.75064933
0.87315631,0.90627605
0.63005137,0.65292746
0.91277188,0.91074139
0.56395042,0.76752019
0.79528534,0.87040246
0.69787109,0.61211991
0.43167490,0.43487820
0.86758417,0.90623552
0.92487085,0.89944851
0.82067072,0.84052944
0.42226869,0.26004007
0.72782731,0.84988815
0.53252149,0.53417081
0.86928904,0.83466578
0.68292308,0.52981442
0.82493460,0.86218321
0.74523604,0.81845027
0.88697720,0.86103523
0.45125693,0.51631916
0.67362285,0.83559859
0.71071905,0.18303572
0.67254835,0.93627453
0.90524721,0.83944249
0.88156974,0.84463322
0.14136101,0.09526616
0.94398218,0.93244487
0.83021599,0.77100843
0.88594508,0.94883019
0.93427736,0.92723972
0.82072318,0.68794161
0.89485031,0.86485237
0.94175869,0.92160589
0.86775494,0.89840817
0.80988842,0.92906165
0.83265120,0.75259233
0.67042512,0.61574060
0.72866434,0.59257960
0.92373049,0.79675978
0.66833860,0.59789425
0.92556179,0.93469661
0.79943687,0.54686409
0.95128036,0.93159062
0.74022555,0.70015490
0.75969201,0.86223722
0.79956329,0.90609950
0.89996403,0.94830412
0.84947699,0.94938821
0.34278861,0.35658288
0.75153345,0.71201617
0.50892496,0.45272169
0.79967892,0.82881021
0.42929742,0.37209436
0.85074389,0.92400002
0.72795814,0.68304229
0.82040000,0.71880341
0.94052780,0.88179296
0.79006243,0.76571894
0.73355705,0.77197582
0.51604652,0.57446116
0.19985077,0.32542616
0.75607383,0.65605420
0.48147765,0.61134416
0.59169573,0.58115762
0.89105439,0.81293952
0.76071572,0.60676390
0.87949628,0.82358974
0.79488820,0.85777777
0.29697967,0.27318868
0.57654363,0.81480813
0.78466111,0.87839675
0.36125550,0.29782945
0.26583856,0.04680178
0.07013576,0.06657046
0.83085525,0.90623760
0.81348622,0.81647158
0.75700277,0.58619440
0.89829445,0.92981434
0.92821944,0.95986170
0.79159826,0.74702710
0.52498525,0.64082605
0.86103082,0.76300967
0.84016055,0.83017105
0.88507444,0.84848541
0.77379560,0.79630065
0.87408000,0.79869944
0.57781655,0.59406590
0.74690956,0.79819822
0.82672882,0.81499010
0.94226336,0.91630435
0.51630664,0.34444845
