Predicted Score,Actual Score
0.85732037,0.97402596
0.77591413,0.73417723
0.44892669,0.12823969
0.82950413,0.81259978
0.87706989,0.89496130
0.57929766,0.47500202
0.89440775,0.90291262
0.89613074,0.96124291
0.90361738,0.89341539
0.88940263,0.88575649
0.78934842,0.89799571
0.87534463,0.90173441
0.86739999,0.87073731
0.91412020,0.92330921
0.53990799,0.56876683
0.79384154,0.75344354
0.94221926,0.95312500
0.92446536,0.91624480
0.79085195,0.69825709
0.54164332,0.67295039
0.92791891,0.92591548
0.72005576,0.83874792
0.71195519,0.67183489
0.89059907,0.87838751
0.84455830,0.85806680
0.57455587,0.67744184
0.60533583,0.64183676
0.89128095,0.90314204
0.52731109,0.39795625
0.15471455,0.23219927
0.66385120,0.73923182
0.67989779,0.62878650
0.89698255,0.79866892
0.95681757,0.93340164
0.77813309,0.76762378
0.87981737,0.87750590
0.60988104,0.70610350
0.91494966,0.87274390
0.83309150,0.77471316
0.78968239,0.74017882
0.58095306,0.53162020
0.82125992,0.85185730
0.86312336,0.82243454
0.92160529,0.96494067
0.82532650,0.68949252
0.83670926,0.84601575
0.78663927,0.66256118
0.93867791,0.96178091
0.87703753,0.89498997
0.60564101,0.60363024
0.94840586,0.95655042
0.61029005,0.52236116
0.73499936,0.77376813
0.91332811,0.95441693
0.76289797,0.69354075
0.46972615,0.63580692
0.90360731,0.84415495
0.54089665,0.40421757
0.64957374,0.71092772
0.41284463,0.48772570
0.88621932,0.92003518
0.77420110,0.80931371
0.82705021,0.81769353
0.59263080,0.58732945
0.90057504,0.93263525
0.95027548,0.92334527
0.87182313,0.86228913
0.56897926,0.61061680
0.93549293,0.94150591
0.92046481,0.93775851
0.78581941,0.77325583
0.59803319,0.75315696
0.95894629,0.94875002
0.91211104,0.91922528
0.06318912,0.08555707
0.92047882,0.91582203
0.73310757,0.45671695
0.90481758,0.90770239
0.85375750,0.85985541
0.71675414,0.62730861
0.71794546,0.72826087
0.90652502,0.88688642
0.68532354,0.71479058
0.38986668,0.36846665
0.67342991,0.65540588
0.66713494,0.68428475
0.85666949,0.84891218
0.89435118,0.55244505
0.85530776,0.35617423
0.66778934,0.50777072
0.82776558,0.85436708
0.75029266,0.79423076
0.84013224,0.89748764
0.74393106,0.83244783
0.96536672,0.92120171
0.76918846,0.88900036
0.77673459,0.84893095
0.43876433,0.26438427
0.90543497,0.93618190
0.65112489,0.71952027
0.73084104,0.70891517
0.86886388,0.93338555
0.78458726,0.81782299
0.81290174,0.82515365
0.95771027,0.93354863
0.78617883,0.76575905
0.69621009,0.78066832
0.79922736,0.81996006
0.49999070,0.70684522
0.66855276,0.62531328
0.90802920,0.92056233
0.86139178,0.89564049
0.77810711,0.75606227
0.87602586,0.79218322
0.85274035,0.74072599
0.94468403,0.98071426
0.90357757,0.92811561
0.88976884,0.87471670
0.93936825,0.91462636
0.86766428,0.82258064
0.37927631,0.39279380
0.91096514,0.88937986
0.89719141,0.90602368
0.78074086,0.81310177
0.37607452,0.55831259
0.88233608,0.94914424
0.94100124,0.95865506
0.90732551,0.91876382
0.64953178,0.50917327
0.34099516,0.36498562
0.47624218,0.61657834
0.92208159,0.79741937
0.94297355,0.95239449
0.43317828,0.28675476
0.07987773,0.07518037
0.70182711,0.71153843
0.89789957,0.92348027
0.95784628,0.92421323
0.74514478,0.56428504
0.87721801,0.82616764
0.39673153,0.34419924
0.67258418,0.81334132
0.52987063,0.65832502
0.60061526,0.43220028
0.90189689,0.90905404
0.88682866,0.79105079
0.55723244,0.55054945
0.76108742,0.62651515
0.82586408,0.86879802
0.88509703,0.97530866
0.70469517,0.87283242
0.49269447,0.56747156
0.91575933,0.94212097
0.58211768,0.66474348
0.86013716,0.92114174
0.64546937,0.53451371
0.44681582,0.53433007
0.39810717,0.26161468
0.75955725,0.76617503
0.38270649,0.26211971
0.72421604,0.85384059
0.63295442,0.83106786
0.43504530,0.52025586
0.56356889,0.45982206
0.76215023,0.66571146
0.49647802,0.65996927
0.68399507,0.55469769
0.37984020,0.49744070
0.86982179,0.82678950
0.90765595,0.86687738
0.38744929,0.50203669
0.74925888,0.82179201
0.73707968,0.83482140
0.92565423,0.87538403
0.68668252,0.42339361
0.89740509,0.87560409
0.83180380,0.96667218
0.93977612,0.91998285
0.67436534,0.57792211
0.15863180,0.11602031
0.32080290,0.44695711
0.91141319,0.90727723
0.27222431,0.21682203
0.59429526,0.73896211
0.23436689,0.08269231
0.94560087,0.89456820
0.49646005,0.54569191
0.36340424,0.53317410
0.91593289,0.80749857
0.93406159,0.91145813
0.79276597,0.55948716
0.84284538,0.80233300
0.89988112,0.88644528
0.63563991,0.62116641
0.93454814,0.95716840
0.82253408,0.88170350
0.89300686,0.87957662
0.89435023,0.89387870
0.39862320,0.40693602
0.88371921,0.89572513
0.88710248,0.91693234
0.87428975,0.84765124
0.65458912,0.76251251
0.90613437,0.91515762
0.93582696,0.87500000
0.92703378,0.89019877
0.78463763,0.61056477
0.64487779,0.82854885
0.89252633,0.78734589
0.84529328,0.78923386
0.86366743,0.88581467
0.10258547,0.16648623
0.56998986,0.67439586
0.58212298,0.60586655
0.30816332,0.21057090
0.96541756,0.97528487
0.65145099,0.77255833
0.86620373,0.81333578
0.54643434,0.40319654
0.22522409,0.18734229
0.89757860,0.93949294
0.88894022,0.83993411
0.78231478,0.81172067
0.93393147,0.84017092
0.92434627,0.92468828
0.94578898,0.88304842
0.80891383,0.66082203
0.91311616,0.88372952
0.90815181,0.83225191
0.93753368,0.95003641
0.81691933,0.72066885
0.87485266,0.86759102
0.94663984,0.95790040
0.88542289,0.90465409
0.82845318,0.89721519
0.67992151,0.70557100
0.79101777,0.69692564
0.90833861,0.92170662
0.75075424,0.82425898
0.87148148,0.87733400
0.83705580,0.73381919
0.84243584,0.93076921
0.27033651,0.24927424
0.83052492,0.52957636
0.89464515,0.82738793
0.76282543,0.86590999
0.94377244,0.92802405
0.87407303,0.90368575
0.64669269,0.54557669
0.68380654,0.62063390
0.74003047,0.79854780
0.90367734,0.74737102
0.16192298,0.12833922
0.87821996,0.79881155
0.46537191,0.35335454
0.93512458,0.93185782
0.61465907,0.59370100
0.64839441,0.77021104
0.49834538,0.52511907
0.51712054,0.30528343
0.79509300,0.80870020
0.52566379,0.34392732
0.83117503,0.89617443
0.33534059,0.35266176
0.04640450,0.07075887
0.93988395,0.87498575
0.81939340,0.88172841
0.13907918,0.12780370
0.91775185,0.90276414
0.77884591,0.83361101
0.87103164,0.88522983
0.93841606,0.95717955
0.62799370,0.46015915
0.51581097,0.38126567
0.27939177,0.25172111
0.85034806,0.80265307
0.82301134,0.76514375
0.50739235,0.07320361
0.81453043,0.89524198
0.75081199,0.73342174
0.87532383,0.80329156
0.86296266,0.85264045
0.83043271,0.78269428
0.88353795,0.87559807
0.90096116,0.90807718
0.34212473,0.36312518
0.91597897,0.80876142
0.31924412,0.25291896
0.87322193,0.86300600
0.78590941,0.79727256
0.65097702,0.61340129
0.91130036,0.89284766
0.93183106,0.91649079
0.62147713,0.55881286
0.52131855,0.54536289
0.84412032,0.75468165
0.92738837,0.94361734
0.69977641,0.59260988
0.59503943,0.64701778
0.79931325,0.71809447
0.91702276,0.93402511
0.64962393,0.58740681
0.44165426,0.41599599
0.14326665,0.14241019
0.78811800,0.67805189
0.92396814,0.80217671
0.80473644,0.66494596
0.92514509,0.95568520
0.61781985,0.61684728
0.92744434,0.88004929
0.82221258,0.88933253
0.86652654,0.82872027
0.81569409,0.80215055
0.85154009,0.80901641
0.81187248,0.82661730
0.14370763,0.11900791
0.89691216,0.87948585
0.75652105,0.80047262
0.76329041,0.46851847
0.53917766,0.57297772
0.89428461,0.71595830
0.39584911,0.74690306
0.80774862,0.73192525
0.73719716,0.75357145
0.51692516,0.57308745
0.61153591,0.62363571
0.77166581,0.65479439
0.93714356,0.93142426
0.69844103,0.83667612
0.91447926,0.89990115
0.66038907,0.67989606
0.93122137,0.94007879
0.84809947,0.91771734
0.88953531,0.91071504
0.88206589,0.92906648
0.94667828,0.91549295
0.78680241,0.66958934
0.56112289,0.41143456
0.78466249,0.88174874
0.86681837,0.85992599
0.58829224,0.13107717
0.87473154,0.89474386
0.81379473,0.68202478
0.95008445,0.94682842
0.75892591,0.63246292
0.85439301,0.62972188
0.63537443,0.37559256
0.77613854,0.80065358
0.94633824,0.92087841
0.23226418,0.36875001
0.93582112,0.91927636
0.50904220,0.46600592
0.64098048,0.61411488
0.93239349,0.89916748
0.91263044,0.92163610
0.89491802,0.93200552
0.67888415,0.61390060
0.83887911,0.65883905
0.91802895,0.67633200
0.84690744,0.86915255
0.06618661,0.15155677
0.58040851,0.49106583
0.71031469,0.69213933
0.24744496,0.24906784
0.43954733,0.54263598
0.75541395,0.77467996
0.75132000,0.68409622
0.27804273,0.29139313
0.46033514,0.51904726
0.50446087,0.38562462
0.87303531,0.84973544
0.92130095,0.95088142
0.93458879,0.94298244
0.93473989,0.86500758
0.87555677,0.90359151
0.88868296,0.87472767
0.78419608,0.46424896
0.93997419,0.95084935
0.85372108,0.77117878
0.74432528,0.58342171
0.90013766,0.91828686
0.81139505,0.80697674
0.84503043,0.71942645
0.89311922,0.93650794
0.57841313,0.57005721
0.55050582,0.51761085
0.83196992,0.75609297
0.57323825,0.45612457
0.88439465,0.73582870
0.54177672,0.38604474
0.92517859,0.90181994
0.80853641,0.73497599
0.82957995,0.88957173
0.28578764,0.34808046
0.89709163,0.92061257
0.89351058,0.90839982
0.58607030,0.55831069
0.66650301,0.72351193
0.90628791,0.93805766
0.70617718,0.64244634
0.68400192,0.32544324
0.79917186,0.73041230
0.52255416,0.34453544
0.57414776,0.50486070
0.82886791,0.78953445
0.83020449,0.94339621
0.30058202,0.30385977
0.68195254,0.64590788
0.89363956,0.85407209
0.89841837,0.91231942
0.60823500,0.18738404
0.42224160,0.45740741
0.90558094,0.96041739
0.61590016,0.72167873
0.58500177,0.42158175
0.88085580,0.91804773
0.78205812,0.78965688
0.44425815,0.52184761
0.78008926,0.87190974
0.96236670,0.94274896
0.86871850,0.80571985
0.88871580,0.07899183
0.88891667,0.60848868
0.67430145,0.89148116
0.49290210,0.51343048
0.94747120,0.92359877
0.55805540,0.79474926
0.76275432,0.88637221
0.88700008,0.98275864
0.90253299,0.89629233
0.85146779,0.89764708
0.81896311,0.84450263
0.60977966,0.61614585
0.11252199,0.17829013
0.90574539,0.92699409
0.76960957,0.81618500
0.56552470,0.53220779
0.85624236,0.92192829
0.27661407,0.33106670
0.53676289,0.44288188
0.64162439,0.56109023
0.65229452,0.43951538
0.91049170,0.92528480
0.90505427,0.93086082
0.37038532,0.26050326
0.53048426,0.56626183
0.36193895,0.36328125
0.90021497,0.92448813
0.80561519,0.82105064
0.69851273,0.68381846
0.68459672,0.82598782
0.52855498,0.50071144
0.90110683,0.94360578
0.82612211,0.90516317
0.57799286,0.72879392
0.73568851,0.76458818
0.85462165,0.88809526
0.92352432,0.92989480
0.93157840,0.98217809
0.70493877,0.86826700
0.86376274,0.56681240
0.81774068,0.85920775
0.63421977,0.57705969
0.95181131,0.88157892
0.74356258,0.78612471
0.89644873,0.94624126
0.53227037,0.54118794
0.62886274,0.63134241
0.59749734,0.87279165
0.47929579,0.31614673
0.88069493,0.86965811
0.86719733,0.88306868
0.90044695,0.92385060
0.72896934,0.76888734
0.84322518,0.84614265
0.81889546,0.72766995
0.11729570,0.11512188
0.94958657,0.93403876
0.88715512,0.82826018
0.89424306,0.87306368
0.85767061,0.87089950
0.74125475,0.75645971
0.88283163,0.85018182
0.87612355,0.66416782
0.64193159,0.75797015
0.44082189,0.25341764
0.51303750,0.61868542
0.88794345,0.93299794
0.68274879,0.53369093
0.40226021,0.50543553
0.90885824,0.94818151
0.74742889,0.89948452
0.89075267,0.88830614
0.78132629,0.55795473
0.80320346,0.71386105
0.72536975,0.76758122
0.80560356,0.75173992
0.84102827,0.67453843
0.12811513,0.15517631
0.06997940,0.08621617
0.89679968,0.87846482
0.68351734,0.77368772
0.24169853,0.32831958
0.58940893,0.69556928
0.76483214,0.85143918
0.87747908,0.96383566
0.77584738,0.91259277
0.55495769,0.42557567
0.93041772,0.88128066
0.63554573,0.73436350
0.83368337,0.75521260
0.95342880,0.94178456
0.86807859,0.83820224
0.78107589,0.90534252
0.89257175,0.90604395
0.70338994,0.54397857
0.32655954,0.34042621
0.72976589,0.74213564
0.35694546,0.46721312
0.76021737,0.83787876
0.80506831,0.77691257
0.71235275,0.78463358
0.78083068,0.54062980
0.54907078,0.56309479
0.92685390,0.90254986
0.72193354,0.81804323
0.86251032,0.88422751
0.87007004,0.82250792
0.56789392,0.68953943
0.90229434,0.90570074
0.94160116,0.94573575
0.95168763,0.98872048
0.25970912,0.28900936
0.88458306,0.79104477
0.93353581,0.93850523
0.92403799,0.89795154
0.83940548,0.83737725
0.71824402,0.74095714
0.33879301,0.33032396
0.34886238,0.34530908
0.85082167,0.80003738
0.70693201,0.74438637
0.88322997,0.86483365
0.58038270,0.16271827
0.26996297,0.27488452
0.87602180,0.97891808
0.74906147,0.81934381
0.83500975,0.87059790
0.77341533,0.53162599
0.82433796,0.89136720
0.69534564,0.78222442
0.80063260,0.87974375
0.12446687,0.17347129
0.89252710,0.78741497
0.38253319,0.57768714
0.82908767,0.66176468
0.78317285,0.37600806
0.75418419,0.90059763
0.93914151,1.00000000
0.70653862,0.75333333
0.46891627,0.51879370
0.79749370,0.87455761
0.83525443,0.88170165
0.29345399,0.33645615
0.88972920,0.78451216
0.89835018,0.87897205
0.43248591,0.37231278
0.58336997,0.65100884
0.88021111,0.98514849
0.41942307,0.34342417
0.92023641,0.94150341
0.82547611,0.86278194
0.61433744,0.73398250
0.36454418,0.18351649
0.90948188,0.17508772
0.57272440,0.54235989
0.79886347,0.88377446
0.90986723,0.88747102
0.86686218,0.68725389
0.89116579,0.94704670
0.74374312,0.76789868
0.90270197,0.90375656
0.56704640,0.38664913
0.78065401,0.58123970
0.95316815,0.94471526
0.46788159,0.58785385
0.16728024,0.13317041
0.81744951,0.82111031
0.83712023,0.81927550
0.73706836,0.50737178
0.38587523,0.35793820
0.90140766,0.94668913
0.69108081,0.78106236
0.66480184,0.76445186
0.80288851,0.94601381
0.87681389,0.90634274
0.67293173,0.68380833
0.92315745,0.90094048
0.41858828,0.20601732
0.73774499,0.57549256
0.41666421,0.40170914
0.56569541,0.56870341
0.83993870,0.70322567
0.35270199,0.56885648
0.95136786,0.95232815
0.86461413,0.97230917
0.92800760,0.90798736
0.52542734,0.50279957
0.90125328,0.93726468
0.43077469,0.47462690
0.90949404,0.98611641
0.80153179,0.84835601
0.55198115,0.45559782
0.87644625,0.90083504
0.85259813,0.91296166
0.90810525,0.94327378
0.38661125,0.16424765
0.47348469,0.55503821
0.87386465,0.91661292
0.46704632,0.45925885
0.42753184,0.29532996
0.90493399,0.87887806
0.88413393,0.90586281
0.22505635,0.17696486
0.61314195,0.82478631
0.87584436,0.86314261
0.82362747,0.76869750
0.51325792,0.53705597
0.87511206,0.92538112
0.49362290,0.56055903
0.89304751,0.88629723
0.61124241,0.75627935
0.94033921,0.93670887
0.71045446,0.82308888
0.52490723,0.40456834
0.84810376,0.91089743
0.62500089,0.78777778
0.89045125,0.92911357
0.79866642,0.69113922
0.89384818,0.90190220
0.68162423,0.63666749
0.90415418,0.85641026
0.36628604,0.17829363
0.86968422,0.69058317
0.08328051,0.15327817
0.90508670,0.90101820
0.87048447,0.91109407
0.95405549,0.95047361
0.92896390,0.92647058
0.54550290,0.68912905
0.92102486,0.92720586
0.51353920,0.42086020
0.30970111,0.27375650
0.91194439,0.86971354
0.80790746,0.89973330
0.80207145,0.79886061
0.33310664,0.43711844
0.89157045,0.98076922
0.12237568,0.10615226
0.84060007,0.83466554
0.82835054,0.88856828
0.84887248,0.94647890
0.50975698,0.43639743
0.66746682,0.55140448
0.86224717,0.87530923
0.83924711,0.78524160
0.88695318,0.91887212
0.92690754,0.96458089
0.65075117,0.73625642
0.76994723,0.62658280
0.84315747,0.84385967
0.81610948,0.15565036
0.94155633,0.95704174
0.92328262,0.89234298
0.34749913,0.52842444
0.88656038,0.87819541
0.92966735,0.88687754
0.73809999,0.73830181
0.52766114,0.52949911
0.73926163,0.71129984
0.85805303,0.86401820
0.80554825,0.84465569
0.29067406,0.62325048
0.86419761,0.70629656
0.94669461,0.96345747
0.82367504,0.85711020
0.52437621,0.42282653
0.90078926,0.83812600
0.77398127,0.91418177
0.70315981,0.53076196
0.71255076,0.76756668
0.52920616,0.48365700
0.81406599,0.84386742
0.86771894,0.87472898
0.63469315,0.43295455
0.76571614,0.15256086
0.38856217,0.56848830
0.51279789,0.46316090
0.77617520,0.84844136
0.60742432,0.58766234
0.90211952,0.93451458
0.94952929,0.94434857
0.77875304,0.87548947
0.91134113,0.66451401
0.90977246,0.93750000
0.85247803,0.87782383
0.84313887,0.77662879
0.44390380,0.52112883
0.83008873,0.74080932
0.30238950,0.35436183
0.91680652,0.90838045
0.90047365,0.86874288
0.24532659,0.40221879
0.84448242,0.68074971
0.80311793,0.27570876
0.63257468,0.65938246
0.57222742,0.75972068
0.75945181,0.72567880
0.93331808,0.92263740
0.90905601,0.90852314
0.75362277,0.77347380
0.86154121,0.90735614
0.44213748,0.39060232
0.92074424,0.93160450
0.89491326,0.93575215
0.92985946,0.95952332
0.92046851,0.92662084
0.14932838,0.13453953
0.68152344,0.80454558
0.94486946,0.97752655
0.81577849,0.84678727
0.81842154,0.82333183
0.90526235,0.93022865
0.77336955,0.61199600
0.68023807,0.77859968
0.73427051,0.80725890
0.84099406,0.83139491
0.84850806,0.83583742
0.85443169,0.87042934
0.53873706,0.70664060
0.40243393,0.36685368
0.73418653,0.74097306
0.74173260,0.79255486
0.86877316,0.84913212
0.84277052,0.71875864
0.68249482,0.67011690
0.64804608,0.32683048
0.76017916,0.55766112
0.79551399,0.85989255
0.22985511,0.19367094
0.88208324,0.93538404
0.91994262,0.90991825
0.81296557,0.68539327
0.90911198,0.91759419
0.79278433,0.72106284
0.37617412,0.32704347
0.93018663,0.93608046
0.76545316,0.86502969
0.91154355,0.95979702
0.86533976,0.84799147
0.36512071,0.37755728
0.94828737,0.95145708
0.48926175,0.56290847
0.84544086,0.91645712
0.86051178,0.95285410
0.70259935,0.62650567
0.38396391,0.32072335
0.90118283,0.89240617
0.47140190,0.35028657
0.52717859,0.71653408
0.91822863,0.88588905
0.31862316,0.26666120
0.77271825,0.74499589
0.85316074,0.83351606
0.87770569,0.96326405
0.84716272,0.90768588
0.90977514,0.94939309
0.83453190,0.85437626
0.88816452,0.95850748
0.48524213,0.54287916
0.31168437,0.36428204
0.90916950,0.88704598
0.61921608,0.43425927
0.92518806,0.94929725
0.61914605,0.71067512
0.85043395,0.63700873
0.81301403,0.86472732
0.69471699,0.71541029
0.78921777,0.63905811
0.87096888,0.80315578
0.89508444,0.88850272
0.77678055,0.66753322
0.42861414,0.44647831
0.70354038,0.62124932
0.80049008,0.87901765
0.81795025,0.78030300
0.42401999,0.52420342
0.86078131,0.92205089
0.74701023,0.78166133
0.86425340,0.73881441
0.88378191,0.84031099
0.62753052,0.63799721
0.92578822,0.94316679
0.92386204,0.93215811
0.90496016,0.89567053
0.86467034,0.25329894
0.74966347,0.86700290
0.90365112,0.95950282
0.92718172,0.88489062
0.82770264,0.86976236
0.79429477,0.76693648
0.57431942,0.30950662
0.81375200,0.72567809
0.93213457,0.97021693
0.28197762,0.21486366
0.90703863,0.78550839
0.93995810,0.93685639
0.66328579,0.49767870
0.73831570,0.69782382
0.28846467,0.25678471
0.90248382,0.86602592
0.70193124,0.55377764
0.81634319,0.62692308
0.55726790,0.46017650
0.94769454,0.92502511
0.90817136,0.88770777
0.73374379,0.82881659
0.70498550,0.50868225
0.90625155,0.92674989
0.37839156,0.36921552
0.94022840,0.90374178
0.92380577,0.88365299
0.73282969,0.72280091
0.41281983,0.36578321
0.76039380,0.84963846
0.95736933,0.95857555
0.89509326,0.91486543
0.80593497,0.82511932
0.49310613,0.54123598
0.88753903,0.87810737
0.84796971,0.88048673
0.85669541,0.86632097
0.92560273,0.89029562
0.89469850,0.92037600
0.47795138,0.57556325
0.67571115,0.68744832
0.92592639,0.90070903
0.62194681,0.65185744
0.85214013,0.84777701
0.29166505,0.32695955
0.92940706,0.99002868
0.73531735,0.69989926
0.87922561,0.71813726
0.87997663,0.61200142
0.82273024,0.49263832
0.92738158,0.94070256
0.96733344,0.96220237
0.78314030,0.85051167
0.96122700,0.91666669
0.84489864,0.77461988
0.32701856,0.46426493
0.18678546,0.17483173
0.93622869,0.88480097
0.81807691,0.83754009
0.76116967,0.84317225
0.78889686,0.83602023
0.11740673,0.11402626
0.92622179,0.95478034
0.93038255,0.91940153
0.95895582,0.97209769
0.88491851,0.88014835
0.64185959,0.51186508
0.85236675,0.92653054
0.94228739,0.96006495
0.75125587,0.67934263
0.84476370,0.71043456
0.93730760,0.92495000
0.75540096,0.35361624
0.57574290,0.50788003
0.95223308,0.98148149
0.66207635,0.68704647
0.85529339,0.86311477
0.49754000,0.52732795
0.84646732,0.88892710
0.92608809,0.95763242
0.84451652,0.80791467
0.78881961,0.83319384
0.86935943,0.81443512
0.63600457,0.68139619
0.72648442,0.74045002
0.66680479,0.80992734
0.83508205,0.87623996
0.53800917,0.67512143
0.72732306,0.60962784
0.87348139,0.94444442
0.86052883,0.91606665
0.41241065,0.35512239
0.93672913,0.90430218
0.95582479,0.92204130
0.57454383,0.55746180
0.45620227,0.49128383
0.90086585,0.89216524
0.93628311,0.95149255
0.91387355,0.98148149
0.79330128,0.94337589
0.87247056,0.80992484
0.88725102,0.90847337
0.89429104,0.92484701
0.37621137,0.26357070
0.09156120,0.08537281
0.91769934,0.93373901
0.77007502,0.87512636
0.93655807,0.91501004
0.77886283,0.95940173
0.93958384,0.91044438
0.58113718,0.59308600
0.88592440,0.90087485
0.72519755,0.61900586
0.81016767,0.82157707
0.50628853,0.52896458
0.82029569,0.73947090
0.72074127,0.79045957
0.60178745,0.54188710
0.82760757,0.87981242
0.64136928,0.65378422
0.48903435,0.61596203
0.95958173,0.94051993
0.67867810,0.74266541
0.62798578,0.64204597
0.81316328,0.88051951
0.88376302,0.89543957
0.74639910,0.81695253
0.85680163,0.91156465
0.86094666,0.64776045
0.91971922,0.92656809
0.90998030,0.93346846
0.76292437,0.92307693
0.88491863,0.91433054
0.89309639,0.88171500
0.71348339,0.78515816
0.26595229,0.21394357
0.82353985,0.71412039
0.45403469,0.37766421
0.91691202,0.86475295
0.24186690,0.16192956
0.61291236,0.68831170
0.85424417,0.87214881
0.85480523,0.77392119
0.25380650,0.17979489
0.59387016,0.87428027
0.31567964,0.35305768
0.82993764,0.92311543
0.93656600,0.97734177
0.45526305,0.44297516
0.63146001,0.58479846
0.80664068,0.77450913
0.94858688,0.91695273
0.93688786,0.95487177
0.90630817,0.94533968
0.78534061,0.80533808
0.84413326,0.94351768
0.94170272,0.93783897
0.92103016,0.89982951
0.79123026,0.69699663
0.53315187,0.49800220
0.25740293,0.21694674
0.63720244,0.17383404
0.89784479,0.82614231
0.81262517,0.87852186
0.83799917,0.92970103
0.84994406,0.92205727
0.72529024,0.79311341
0.37531236,0.51911014
0.74174780,0.67791635
0.74945784,0.69121093
0.76748753,0.77200490
0.93447328,0.96604937
0.56444252,0.38564792
0.77729887,0.81436181
0.60608393,0.62727273
0.33129811,0.46962860
0.88359326,0.94494885
0.64913952,0.77758312
0.71654856,0.64672607
0.60849994,0.74681777
0.89794582,0.90649003
0.75711572,0.69499135
0.74300563,0.55331343
0.54560089,0.52941179
0.18852417,0.12279566
0.45376125,0.20196499
0.68260998,0.66119969
0.81466872,0.80784112
0.79109257,0.62730896
0.92046386,0.92794609
0.86305839,0.84856158
0.41405922,0.30643708
0.60991937,0.55393302
0.94727361,0.93758202
0.44927406,0.32155719
0.82013512,0.81454670
0.92640996,0.89606696
0.53601968,0.36516562
0.93112755,0.93428081
0.46477357,0.23690413
0.91051567,0.84717596
0.87731636,0.91078752
0.79721355,0.90155697
0.84412950,0.91223651
0.11809469,0.26881394
0.77772862,0.84800750
0.61396897,0.42078146
0.93274349,0.92582595
0.72071302,0.61574668
0.83618569,0.91927910
0.90652972,0.95104164
0.72815919,0.85549217
0.62249851,0.62375444
0.92738724,0.93637651
0.89712137,0.89367819
0.92163092,0.98437500
0.66820782,0.53379685
0.77277416,0.80090910
0.55240524,0.51022112
0.92798567,0.90876842
0.78290153,0.91176468
0.88185143,0.95534998
0.95103639,0.93555743
0.83998215,0.86466682
0.96312481,0.95430315
0.85154051,0.93287402
0.64450848,0.78593373
0.54284650,0.69455785
0.90614700,0.91957241
0.90947872,0.94464284
0.91398668,0.93530023
0.92029887,0.90274012
0.69923443,0.45755017
0.61610144,0.56770021
0.46448764,0.36953107
0.85007423,0.85556936
0.62315875,0.62952900
0.88165772,0.92032969
0.84014285,0.78991342
0.86185175,0.79022276
0.95337385,0.93898064
0.50845379,0.61570078
0.76965910,0.61032093
0.74089950,0.80869693
0.63678312,0.52065676
0.89360875,0.88971859
0.68880051,0.76950121
0.67552036,0.74825537
0.92607993,0.92996031
0.88857853,0.85084409
0.90466517,0.92322910
0.78571570,0.86068684
0.67627829,0.82627243
0.85467970,0.87418145
0.16525489,0.38190293
0.70977193,0.70674533
0.57744008,0.45081618
0.11242663,0.19908528
0.89776427,0.93265975
0.24153207,0.13550466
0.89340132,0.82801121
0.85863799,0.82499671
0.85203773,0.82292283
0.91066945,0.61613685
0.58620262,0.41865605
0.80512249,0.85303593
0.76185852,0.72537714
0.89535886,0.90746534
0.44034243,0.65970802
0.78289729,0.79149979
0.57070035,0.51734716
0.74499172,0.70596415
0.73494506,0.86146969
0.58185852,0.59412861
0.89463162,0.90554196
0.72175753,0.31699321
0.70949394,0.79235536
0.84252661,0.96315634
0.90486783,0.95144135
0.73296189,0.69962430
0.90839708,0.93211806
0.80456549,0.79020721
0.40739992,0.13364494
0.88600028,0.89458221
0.76371878,0.70245183
0.78069836,0.88117242
0.73584914,0.81967878
0.52345288,0.45043087
0.91841322,0.92016530
0.77815890,0.74292898
0.82664740,0.86784792
0.46478814,0.48134920
0.29406422,0.38352272
0.95396161,0.90179396
0.52198768,0.62159163
0.74518615,0.82353109
0.78117114,0.74484628
0.60279667,0.46226159
0.92164642,0.94724113
0.61042225,0.64109588
0.43133241,0.63318902
0.87221003,0.87730807
0.55631465,0.54174799
0.33511361,0.26134872
0.31679302,0.39796156
0.94507879,0.96515346
0.86417061,0.84253895
0.88665271,0.89035964
0.75712317,0.68880910
0.76543701,0.80264014
0.88184232,0.94652826
0.58364463,0.40216938
0.47081459,0.32936326
0.86747998,0.88440251
0.72662079,0.91058183
0.87484467,0.95819235
0.87289190,0.80141354
0.89348501,0.81881869
0.23125494,0.33966598
0.90563864,0.83845812
0.70545435,0.72067273
0.88213164,0.71464974
0.89107400,0.94552267
0.79765159,0.82677245
0.91404563,0.89366513
0.41000107,0.44353002
0.88863504,0.86284196
0.82814455,0.90117520
0.76159924,0.67239612
0.41135132,0.45512497
0.36615047,0.41031593
0.76580381,0.85483080
0.09415838,0.12402173
0.91111743,0.87717927
0.73276794,0.76724756
0.70108801,0.74839228
0.92848587,0.95609128
0.88598293,0.87540984
0.89517415,0.89596272
0.89365935,0.78938752
0.83735090,0.86691177
0.82705772,0.85494852
0.59974265,0.39591315
0.90874982,0.92033941
0.93396914,0.88691229
0.48924139,0.17861831
0.83322603,0.77333140
0.84756160,0.77242583
0.79592705,0.90382445
0.93947971,0.96130955
0.85608119,0.90178835
0.88842404,0.86821795
0.38808218,0.51038188
0.44916129,0.52354044
0.64102364,0.39061904
0.78342515,0.78983051
0.92312169,0.90608150
0.84405810,0.86151963
0.19657092,0.16620064
0.86746079,0.81705415
0.28951961,0.14033276
0.84025913,0.94849259
0.88854784,0.93695247
0.91528887,0.90225464
0.68409914,0.68723565
0.57043076,0.70983922
0.90750700,0.93921524
0.94752055,0.97331643
0.83003610,0.94247788
0.90466642,0.94023150
0.91522944,0.89014053
0.63568103,0.58158690
0.93646938,0.95213675
0.91618019,0.96273726
0.45547715,0.29339823
0.95986229,0.94588178
0.54597944,0.35537711
0.89472616,0.90648854
0.92696524,0.92760080
0.67491680,0.61439639
0.63157916,0.61636692
0.84990293,0.82331884
0.94153374,0.95866567
0.89103907,0.87172282
0.35580778,0.44508946
0.65074128,0.71611089
0.66734844,0.74423760
0.73192042,0.72952181
0.49735510,0.41164085
0.86239046,0.82517481
0.91152555,0.94793499
0.79633695,0.72894895
0.80066544,0.77467930
0.65937811,0.75584644
0.78195596,0.86081523
0.84212959,0.79092300
0.83405465,0.95771295
0.27439544,0.23065026
0.64738208,0.40575597
0.94221288,0.91637313
0.87272894,0.85944188
0.88615274,0.82319373
0.89900255,0.87709641
0.71551985,0.85654885
0.90717053,0.81987131
0.70986187,0.75668681
0.85364354,0.96326727
0.88538927,0.90877980
0.80214798,0.78017247
0.75157815,0.89659327
0.88398039,0.45434865
0.85038394,0.93550819
0.46864769,0.33236539
0.75966537,0.67126918
0.89470088,0.86809969
0.78204381,0.76524013
0.94566965,0.95311350
0.73318112,0.70298028
0.78717566,0.63070697
0.54211062,0.38904256
0.67099738,0.67159504
0.92471778,0.89412314
0.41644391,0.78604466
0.90399754,0.89639795
0.81400746,0.90183181
0.72051829,0.77594239
0.47203270,0.66692740
0.86982518,0.92419624
0.40807045,0.43101856
0.76911920,0.73391855
0.96002871,0.93786341
0.85943621,0.92271572
0.88504976,0.86316317
0.69053787,0.74612027
0.83451325,0.84178931
0.88651514,0.94119513
0.80455798,0.89251560
0.88225919,0.08616666
0.91959083,0.94889951
0.74510193,0.85838568
0.77724600,0.78195721
0.52813774,0.50961137
0.91131002,0.91318637
0.46078199,0.58032495
0.69356215,0.72058821
0.79091430,0.87648863
0.72078168,0.89723504
0.89919287,0.97198546
0.47975180,0.53174502
0.79660529,0.74054253
0.89347976,0.89807105
0.89055985,0.87314165
0.67548859,0.49803987
0.84133351,0.91567296
0.78256547,0.70998877
0.82846540,0.79656887
0.79189157,0.76658165
0.93774635,0.92745882
0.88460106,0.94270670
0.92080873,0.88472223
0.51684171,0.91358906
0.93038499,0.94486678
0.90731865,0.89864576
0.85397714,0.91669101
0.80438977,0.86409551
0.92208689,0.93267393
0.62415922,0.75018275
0.74923837,0.74797732
0.94818866,0.87692684
0.46026382,0.45611110
0.84145570,0.88962030
0.79007494,0.73376626
0.85057986,0.87730265
0.71664709,0.65064371
0.23551200,0.24327958
0.87726885,0.90283960
0.87343895,0.89793319
0.94338375,0.90713865
0.90062195,0.86267680
0.77253312,0.83767259
0.62770545,0.75043857
0.41958401,0.29342574
0.65188456,0.37517300
0.48454523,0.27144331
0.45818964,0.53353494
0.93997180,0.93888563
0.57908779,0.53177083
0.46056128,0.55553466
0.80980140,0.83362466
0.92242128,0.80975300
0.72488374,0.73159635
0.59886110,0.41099244
0.90968782,0.85301232
0.39116088,0.22399463
0.89183736,0.84236497
0.91077375,0.83059180
0.77925980,0.70978802
0.86363488,0.90175575
0.82614863,0.88496017
0.87450373,0.88146681
0.89900494,0.92958516
0.88942820,0.92494768
0.85443509,0.89472997
0.80679834,0.79526842
0.58668017,0.55668980
0.47652516,0.60080689
0.80729693,0.89541948
0.87222499,0.90695620
0.67180634,0.64195281
0.92493719,0.89309132
0.91363257,0.92199475
0.54058844,0.46343273
0.53576666,0.48762295
0.45357332,0.37766227
0.71885604,0.84082973
0.76059926,0.82466567
0.65821511,0.78476727
0.66005743,0.57847667
0.74023241,0.86685240
0.30751321,0.48266807
0.90975046,0.92900878
0.93707824,0.94202763
0.69132453,0.53758651
0.91698980,0.95274055
0.86366516,0.81160688
0.65724850,0.54689425
0.53988993,0.43769249
0.92980546,0.95743710
0.31019849,0.26628786
0.91653472,0.71685928
0.88846892,0.92110193
0.94155478,0.89462847
0.85896426,0.94512832
0.43921363,0.53698891
0.81692886,0.89818394
0.75555032,0.66532636
0.81097400,0.80210078
0.17526542,0.13075037
0.93088180,0.95270759
0.90972257,0.86370462
0.33376613,0.49028674
0.88028538,0.86971426
0.44527662,0.28106725
0.68942004,0.62579632
0.52547467,0.70767403
0.62876922,0.49142787
0.87902725,0.87161088
0.79553515,0.81364524
0.89021462,0.82076824
0.87288946,0.76398718
0.86345804,0.70944595
0.70804185,0.81606609
0.71097118,0.77454114
0.58602154,0.51892120
0.38947979,0.33438757
0.84895420,0.87753981
0.94577426,0.93807071
0.64987236,0.81902450
0.83033919,0.83854169
0.83281893,0.73578578
0.17442417,0.24476069
0.49391013,0.53281617
0.84476143,0.92047477
0.87787408,0.82710451
0.79475117,0.90542126
0.36915612,0.51606286
0.79632139,0.73391616
0.92585003,0.93402922
0.27010626,0.65666670
0.90665424,0.89485359
0.59027201,0.31634554
0.85290968,0.93243587
0.64119697,0.64970696
0.89413249,0.90725738
0.79263198,0.71543360
0.51929754,0.75549358
0.96286422,0.93879426
0.77845365,0.80238050
0.71975267,0.59600776
0.68722266,0.65135133
0.84196168,0.74812269
0.91106242,0.94710082
0.81886816,0.95040262
0.51465380,0.41656491
0.82444012,0.83460188
0.63080931,0.65000886
0.48171875,0.59144676
0.62504202,0.40970385
0.93346971,0.91748369
0.90802783,0.89698690
0.23166548,0.38408521
0.91119945,0.82805753
0.80905849,0.79830301
0.95041746,0.90281177
0.87422657,0.87611806
0.93419117,0.87324220
0.88394362,0.88167590
0.92981368,0.97204489
0.95568943,0.93010205
0.91625744,0.95964092
0.89027232,0.73860455
0.38043633,0.49867678
0.35141832,0.50132352
0.67879111,0.69505018
0.69437212,0.84510601
0.89876336,0.95837182
0.91957754,0.92829204
0.83734769,0.83752120
0.94621974,0.98404253
0.88801783,0.90488315
0.90631843,0.95265329
0.90054548,0.89866310
0.38151380,0.48596954
0.45093840,0.47469667
0.76248950,0.64932239
0.78016013,0.91496086
0.85711348,0.90919358
0.89656663,0.93144357
0.89800233,0.94767022
0.63030070,0.59418839
0.84735185,0.81429839
0.89439303,0.87630820
0.82791966,0.86969548
0.87090296,0.90734369
0.29043534,0.23983876
0.95025027,0.95225853
0.72302395,0.74336976
0.28513899,0.20974027
0.86557913,0.85911715
0.91780889,0.92190522
0.64778709,0.63594991
0.88370532,0.87459141
0.94711798,0.91888404
0.90744978,0.87656248
0.77847522,0.72008377
0.91897804,0.91064250
0.92290169,0.91873574
0.83445537,0.88412184
0.87708497,0.96045852
0.56448948,0.59251827
0.95021737,0.98125660
0.72968262,0.71476805
0.95076197,0.91274738
0.92527288,0.93771875
0.78175223,0.90582424
0.86606926,0.86909419
0.57488388,0.66639233
0.51643980,0.56607145
0.85191417,0.86414915
0.55317837,0.73283887
0.76918674,0.72567838
0.87287325,0.80612981
0.80938071,0.76363367
0.89296216,0.92203224
0.58801889,0.30417153
0.16782437,0.24640717
0.85834324,0.94013160
0.65238190,0.61984944
0.80899620,0.85978144
0.83571935,0.75075912
0.83843285,0.77610731
0.91802323,0.94225049
0.37537664,0.43986452
0.54245943,0.64820087
0.66075623,0.65961528
0.84937954,0.82529610
0.05881818,0.13065517
0.30986068,0.27115142
0.88229966,0.85416496
0.92231619,0.90534735
0.92539436,0.94278848
0.80169892,0.72029686
0.83753550,0.92424244
0.77407736,0.91895717
0.77593386,0.66417360
0.28539014,0.32791984
0.89929843,0.90549296
0.90344363,0.95789301
0.90171599,0.89080381
0.59470117,0.77852327
0.93292844,0.99382716
0.89168721,0.88186079
0.71925640,0.88710868
0.94458711,0.92620957
0.62280887,0.68692023
0.91198611,0.89170754
0.70190048,0.75865537
0.88598883,0.88659948
0.86245614,0.90233785
0.69627333,0.59161586
0.84539640,0.84202844
0.43750194,0.40008104
0.30961427,0.19608384
0.19128643,0.38803819
0.77597213,0.83664083
0.96177882,0.93995357
0.21034059,0.17202541
0.90535849,0.94480026
0.77704531,0.91060805
0.94641775,0.95128202
0.80347031,0.72880971
0.66391939,0.64410317
0.60106188,0.59747022
0.87169635,0.89400923
0.92976218,0.96926028
0.35726154,0.28936982
0.90748018,0.90047210
0.87876582,0.88663781
0.82450658,0.65250051
0.50827229,0.68346667
0.71131498,0.69276422
0.87268323,0.90303099
0.81883943,0.76921195
0.42589566,0.57899725
0.96783465,0.97542685
0.91195363,0.94569963
0.91728562,0.87832510
0.84904021,0.77567565
0.90096939,0.85220218
0.93860513,0.93093783
0.42421603,0.53888887
0.64863366,0.67654282
0.20193353,0.30169028
0.66274726,0.73221946
0.88960302,0.88268322
0.61691874,0.53039193
0.92039287,0.82138282
0.92987788,0.95707542
0.80641639,0.80100870
0.60519284,0.16196567
0.41657177,0.46990740
0.73635447,0.93861771
0.31794131,0.36217457
0.89310050,0.80709219
0.80898345,0.86199093
0.88748693,0.90178287
0.77240282,0.80542874
0.82060194,0.80751878
0.92631024,0.80104631
0.87903178,0.88718373
0.69036078,0.69739503
0.94270056,0.97984850
0.49127269,0.36426768
0.86735839,0.88705528
0.62732947,0.36864805
0.71982926,0.66977620
0.85077024,0.88403136
0.73519331,0.76571822
0.35983878,0.37886363
0.58193946,0.65493828
0.42742521,0.43489569
0.79880422,0.73532635
0.88553709,0.81124872
0.85992473,0.99519229
0.89840060,0.84344262
0.84131747,0.78308499
0.88185787,0.86333960
0.84639388,0.90753543
0.83704656,0.72476077
0.84439695,0.92074680
0.56512332,0.35370290
0.94510478,0.95396715
0.87770689,0.87761462
0.76629049,0.81144160
0.95331526,0.95044720
0.90810597,0.93787879
0.89951336,0.85638297
0.79985565,0.85987854
0.90293175,0.82632869
0.92127889,0.89242089
0.83751100,0.82250887
0.80566257,0.81279546
0.83232313,0.94034493
0.79019284,0.77992052
0.80262893,0.76553100
0.74289590,0.68906206
0.86708307,0.82355517
0.45290086,0.35938177
0.89812964,0.87345409
0.82081914,0.88898343
0.86357361,0.89636159
0.94192195,0.92429376
0.81499690,0.67505187
0.42875627,0.44651172
0.83193791,0.88253027
0.96229517,0.97088867
0.88258970,0.86081493
0.90356684,0.93382460
0.64256817,0.54484087
0.56522369,0.75259417
0.84542894,0.80454546
0.86275846,0.84909785
0.90551418,0.95265228
0.86617923,0.92188805
0.50890362,0.46306127
0.92516023,0.91840661
0.78420591,0.68427199
0.96366298,0.94943053
0.87587124,0.92813319
0.38140431,0.37271520
0.81367290,0.75953388
0.92541856,0.89450550
0.78721553,0.85920537
0.70120716,0.73107523
0.81082624,0.83104122
0.92843008,0.91353768
0.92611635,0.97617865
0.92027646,0.89562041
0.17192419,0.41411451
0.89959264,0.91535169
0.86761475,0.87848437
0.60986549,0.77436620
0.82322931,0.89726198
0.87552518,0.91848284
0.42833531,0.40602154
0.90505821,0.95445096
0.91138321,0.78282315
0.66768789,0.79333568
0.68582308,0.73695797
0.64684796,0.74194068
0.82997179,0.88089836
0.65542006,0.70376295
0.85166812,0.79222780
0.42993087,0.53284085
0.75947475,0.69232672
0.81226164,0.87362635
0.91756010,0.93315899
0.88556302,0.89847904
0.93409765,0.95048326
0.80464512,0.82544190
0.58446765,0.45111784
0.83133107,0.76526254
0.74785733,0.66666669
0.94615442,0.97847730
0.83296686,0.94832075
0.84345639,0.86359763
0.89506590,0.93086141
0.87296158,0.87737757
0.80521375,0.73550689
0.78964001,0.51974297
0.91423708,0.90886420
0.91508663,0.38720176
0.90664876,0.91401410
0.50203788,0.48355031
0.62678808,0.62408209
0.51151639,0.48662463
0.93375820,0.86647338
0.87225997,0.95473486
0.73068732,0.71931773
0.92406064,0.95317155
0.55510616,0.61325783
0.52588755,0.48577949
0.73395962,0.71954024
0.93430966,0.93052202
0.53788257,0.66256094
0.91260016,0.88869721
0.87075853,0.87507844
0.89076185,0.81792372
0.83639771,0.86819649
0.79631615,0.86218625
0.87840325,0.88602632
0.95075959,0.91711634
0.59166986,0.63773948
0.93795186,0.89752495
0.92927480,0.93743151
0.57889968,0.49827948
0.79520392,0.88587773
0.79573625,0.77601486
0.80083233,0.85811526
0.78341138,0.85945159
0.79668969,0.70968443
0.53465676,0.61327791
0.89120787,0.92292207
0.85200018,0.82941765
0.68453479,0.66451561
0.83716267,0.92823392
0.82632291,0.71632773
0.90513194,0.94417560
0.81561077,0.68505210
0.91133380,0.91002417
0.93211818,0.91359538
0.80555487,0.85673094
0.65453285,0.70807981
0.80325836,0.76070392
0.16030207,0.13729459
0.75341195,0.68835652
0.71182656,0.72137666
0.74840981,0.82629925
0.89781290,0.86523712
0.57840979,0.59538245
0.09084655,0.15473181
0.87459731,0.73120302
0.60468709,0.72034764
0.77403420,0.81581563
0.48577356,0.49250498
0.92629510,0.92217743
0.84277624,0.81998229
0.83961421,0.74506533
0.65772617,0.66413325
0.46772498,0.50783974
0.93978751,0.94408256
0.52211452,0.37030447
0.73487306,0.87927926
0.40414527,0.53091592
0.90945667,0.95057774
0.80830425,0.80528605
0.42925519,0.37589082
0.88312012,0.83684266
0.90662867,0.97540987
0.45770234,0.62377995
0.64143002,0.48037428
0.50515312,0.46269619
0.91603559,0.93457288
0.89697194,0.80866539
0.79571974,0.89903843
0.78063393,0.84958625
0.71985102,0.61506706
0.87236047,0.76880431
0.85717118,0.90974027
0.83198303,0.79691225
0.47624907,0.87143034
0.80662113,0.76363635
0.50825661,0.40563783
0.90723157,0.74708658
0.85340047,0.97692186
0.18500930,0.42828083
0.91471159,0.92113245
0.87008202,0.83368820
0.93133777,0.85752261
0.86153281,0.89205337
0.62033367,0.55848861
0.90432292,0.92058164
0.93702453,0.86682916
0.80860794,0.86542338
0.54202724,0.34309050
0.15142573,0.10223510
0.83796233,0.85050559
0.76695830,0.79062480
0.88400394,0.92328155
0.91967613,0.97340423
0.53374147,0.40775433
0.78249371,0.75948274
0.75195861,0.78137255
0.86707634,0.88627803
0.76428568,0.81695038
0.84217769,0.75612265
0.20081432,0.15788215
0.83547860,0.92603093
0.63179672,0.62210047
0.34917116,0.33476782
0.88182431,0.83544338
0.88463497,0.88758588
0.90131992,0.78805077
0.38956481,0.49801278
0.63411486,0.60709095
0.75011635,0.84692925
0.81170774,0.72917205
0.84807795,0.90947235
0.91464859,0.91117525
0.93987435,0.93593907
0.35399398,0.60444576
0.66734737,0.73260748
0.64655203,0.66800827
0.87677902,0.90116984
0.68203801,0.66688097
0.91753721,0.94407284
0.77300555,0.83050269
0.92109203,0.96413970
0.36181089,0.30929348
0.90172392,0.93405366
0.79596663,0.84988165
0.83649892,0.85200143
0.16258588,0.11235981
0.82770973,0.70359343
0.84829861,0.69242609
0.81336331,0.85500002
0.65596658,0.71504486
0.55303240,0.56811988
0.76518017,0.84428191
0.66962320,0.45439693
0.81116807,0.62743056
0.24669936,0.29696268
0.86869311,0.85932982
0.83240205,0.85385585
0.61885989,0.52152991
0.39490616,0.50629544
0.90079236,0.92316020
0.88144600,0.88298571
0.88705033,0.92222607
0.86781216,0.85558599
0.80911922,0.43593705
0.93025130,0.99253732
0.21209577,0.19189817
0.54516917,0.55577368
0.90547907,0.92915082
0.12268458,0.17149614
0.92806739,0.90909094
0.47770795,0.48133001
0.18356398,0.26531985
0.25613517,0.34279943
0.81537634,0.94318181
0.12201989,0.16805555
0.92223752,0.92390758
0.92606688,0.90907645
0.90091926,0.90473849
0.85087311,0.60401648
0.95224994,0.94725490
0.61814749,0.51886147
0.87047940,0.90454543
0.87027681,0.89266211
0.69371575,0.63306081
0.80133539,0.80605441
0.59612477,0.49109986
0.95242047,0.93343937
0.85748619,0.82869685
0.86475003,0.76971161
0.67865264,0.75072098
0.62636673,0.59973037
0.90555620,0.93272662
0.15634023,0.16096221
0.82275224,0.83236551
0.19382282,0.14895315
0.83193380,0.74707866
0.47906378,0.32226485
0.51110470,0.56694961
0.90646219,0.89686990
0.94705802,0.94380414
0.53410399,0.72198862
0.30233407,0.33630988
0.68079567,0.79918033
0.81669140,0.80353743
0.86330229,0.77578127
0.85350722,0.85983205
0.58953315,0.79289818
0.91958266,0.17597333
0.24839346,0.27355328
0.78753775,0.70210099
0.90266913,0.90981239
0.85578167,0.80974191
0.89372402,0.94101930
0.82875276,0.74400544
0.65270990,0.47822964
0.92160082,0.88957387
0.88518631,0.91254580
0.67424244,0.81035084
0.93562376,0.91257709
0.37162346,0.41389197
0.72584283,0.85481483
0.69430059,0.49117348
0.91844606,0.91156292
0.51911652,0.41237518
0.85502577,0.73316973
0.91128182,0.90417427
0.83071142,0.84203482
0.90070790,0.87100881
0.71452516,0.64989978
0.80881929,0.66030031
0.82576305,0.84235799
0.46476692,0.53175914
0.43580151,0.42613587
0.78923756,0.74045897
0.88331664,0.92179739
0.84766912,0.83363283
0.75378448,0.74972790
0.92563725,0.93267393
0.95477092,0.90011698
0.83927774,0.80131948
0.56343049,0.68642855
0.73970407,0.81843573
0.64917940,0.70556027
0.71408290,0.86710781
0.73942411,0.88317168
0.92626125,0.53268218
0.78182828,0.71708071
0.36443353,0.49782473
0.70401454,0.63613039
0.89198798,0.95715326
0.92475635,0.94849253
0.38370404,0.43774909
0.92098927,0.80915117
0.87683320,0.92648935
0.90979332,0.90317327
0.91120946,0.88832200
0.93773824,0.94523060
0.86936390,0.90917122
0.34690475,0.51725292
0.88396204,0.93333334
0.95204085,0.95148885
0.42527270,0.49638805
0.70000362,0.88987964
0.53899771,0.52429187
0.85725421,0.76684982
0.91831398,0.92035741
0.74618268,0.60529757
0.63358247,0.59092259
0.69680345,0.57391024
0.71964508,0.77398944
0.77839983,0.80154157
0.84146440,0.90063465
0.90217161,0.94029009
0.76463705,0.82723516
0.37650052,0.32289064
0.53871411,0.58769631
0.55323994,0.56708324
0.89579558,0.88732040
0.92280108,0.83375001
0.86042935,0.83192021
0.90171564,0.87247783
0.71248895,0.75191194
0.59716827,0.54102367
0.70589942,0.58003098
0.35399020,0.43387705
0.90484619,0.89318383
0.90666676,0.97521418
0.90371102,0.92824352
0.92005450,0.85440701
0.41626537,0.24134728
0.71683323,0.46230251
0.81322819,0.95507568
0.91175854,0.90797651
0.83293569,0.87545484
0.74464488,0.55882353
0.23540293,0.41450471
0.94551998,0.94064313
0.78563064,0.79514021
0.72913843,0.62104017
0.74302351,0.74635702
0.57868701,0.74321967
0.77595943,0.64693373
0.61484253,0.64818114
0.69397515,0.81084216
0.85830551,0.94846493
0.85654765,0.85275441
0.30043530,0.16919251
0.64920956,0.73777807
0.77433753,0.60520834
0.85357410,0.72881877
0.29754505,0.13987172
0.73069024,0.74972749
0.50663710,0.57779288
0.90546346,0.91396326
0.45335308,0.49417111
0.92635626,0.90073121
0.59760374,0.68355483
0.26794028,0.45858580
0.58235681,0.59835202
0.48028907,0.60581255
0.55372649,0.27689710
0.70552880,0.88675213
0.86823553,0.89387077
0.89215189,0.86072850
0.87833226,0.90895396
0.16671526,0.12685186
0.91453499,0.94719952
0.85888475,0.80947930
0.74509573,0.87093079
0.65704191,0.53754151
0.59328675,0.48074982
0.81943798,0.70175231
0.75917768,0.80138272
0.39931583,0.18914123
0.83115906,0.89991969
0.81483412,0.90664697
0.92578101,0.92192310
0.76589179,0.70954633
0.64889777,0.64516598
0.88345712,0.93934959
0.69826132,0.68070573
0.82559407,0.78901410
0.24128126,0.25915682
0.94195950,0.93755049
0.72861928,0.78349674
0.38915011,0.30113637
0.77739543,0.79827219
0.68202168,0.70221823
0.88936037,0.96412265
0.31072426,0.30938494
0.18915935,0.24587674
0.89925522,0.91239721
0.56143051,0.43103448
0.82282555,0.65319914
0.89227062,0.91233766
0.62342143,0.55924815
0.75714219,0.89297050
0.91279095,0.92712766
0.46576777,0.65528846
0.91554183,0.91641706
0.74394238,0.91049892
0.77426225,0.72620887
0.87406379,0.92000842
0.90788925,0.90261990
0.89595938,0.94229674
0.78734589,0.74520206
0.68515044,0.70211607
0.91207904,0.98922598
0.82689822,0.69567865
0.74482507,0.91332501
0.94369304,0.97619045
0.89982563,0.91140813
0.92009223,0.97933853
0.87858164,0.92179483
0.86119998,0.83434474
0.43869829,0.43875387
0.24575169,0.12598751
0.89175743,0.80515140
0.91127896,0.78235292
0.89909756,0.89587718
0.91759413,0.92665416
0.77650094,0.64506000
0.77540350,0.73887980
0.89276105,0.92082554
0.81549358,0.89070284
0.85159349,0.66290534
0.91646022,0.94156039
0.71096629,0.53559911
0.78151596,0.70679015
0.86678392,0.87731093
0.88519865,0.91074419
0.51354057,0.52660644
0.75300837,0.69846857
0.96544725,0.92421627
0.87838471,0.86835557
0.65263164,0.50482512
0.81392664,0.82318991
0.42165136,0.30889091
0.67271006,0.55752653
0.38347283,0.31595987
0.43820471,0.83333331
0.39402354,0.33849600
0.72573066,0.79298246
0.85347182,0.71165258
0.48363292,0.31763548
0.61820930,0.39099726
0.70062995,0.73548859
0.31826177,0.34459993
0.86299056,0.88075078
0.78850293,0.85386860
0.86215627,0.84730196
0.88043189,0.84439600
0.84076566,0.89345825
0.76952285,0.78287286
0.89539069,0.90166646
0.42775691,0.49553746
0.89405435,0.90880620
0.87378997,0.84768492
0.73206526,0.83387977
0.90607232,0.75215387
0.82056898,0.76766616
0.68661058,0.53104299
0.65026832,0.81340581
0.71707445,0.75326777
0.74956775,0.51244235
0.19709551,0.34693033
0.86234152,0.79598188
0.93075919,0.90986842
0.56468505,0.45630932
0.91787046,0.89654469
0.72316831,0.68593282
0.62190562,0.60692453
0.82989258,0.84840775
0.55072767,0.35541871
0.68713194,0.63192332
0.73034704,0.77879041
0.38916993,0.39656276
0.94006503,0.94523376
0.66756839,0.63374132
0.87356102,0.98275864
0.82920051,0.85287970
0.29152730,0.18073878
0.69865686,0.67013109
0.88664299,0.95277780
0.82536268,0.70886618
0.87391037,0.94090909
0.28575867,0.37231132
0.77417690,0.79828602
0.84631056,0.78862488
0.09675327,0.14017177
0.71697021,0.86554027
0.95311779,0.95667285
0.82925981,0.84633219
0.88555759,0.96923077
0.87729502,0.89775115
0.72476500,0.64714241
0.87752491,0.83513546
0.56617320,0.72588235
0.81347334,0.84754902
0.61375839,0.71759260
0.62560230,0.70015180
0.83006936,0.75465667
0.34782568,0.41527238
0.88419527,0.85904509
0.89327806,0.74544257
0.70654470,0.70368671
0.92135274,0.96376812
0.90320826,0.99275362
0.87213838,0.82435900
0.50263268,0.59803253
0.79746616,0.82986039
0.46283415,0.63351828
0.88041103,0.81027752
0.91355079,0.95262128
0.64629233,0.80894148
0.90011662,0.85415053
0.69253355,0.22454269
0.66152632,0.83595204
0.83070439,0.70385230
0.80870444,0.85160822
0.17922282,0.13069455
0.92091548,0.95625663
0.57947475,0.44530153
0.69421399,0.84039712
0.27428055,0.43346915
0.85206759,0.89800197
0.92646194,0.90875059
0.83565891,0.82030994
0.85802621,0.79763937
0.34557864,0.24452288
0.81384712,0.83806610
0.64270020,0.65213674
0.66411400,0.57287008
0.90508378,0.92304611
0.81922656,0.94978607
0.68580717,0.64651471
0.87103736,0.86218202
0.90723348,0.91463667
0.79411972,0.84729153
0.75276035,0.75903976
0.41352111,0.45269471
0.89844728,0.92181176
0.96781576,0.95691174
0.86477083,0.79957718
0.74289870,0.87323833
0.85106403,0.62049538
0.79450291,0.83840066
0.92305708,0.94470590
0.88553542,0.63815278
0.87860209,0.81925821
0.82857764,0.76926482
0.89882666,0.93142217
0.72258478,0.64008701
0.84038162,0.83216071
0.87824142,0.93350875
0.70522517,0.83468765
0.94427228,0.91225690
0.87771183,0.79963523
0.89331323,0.94897085
0.68230218,0.75115359
0.70883578,0.66969699
0.92089224,0.94510549
0.42684948,0.46856546
0.58380705,0.56722486
0.76230389,0.79981911
0.83149606,0.91211033
0.88333029,0.90170288
0.90941530,0.96798378
0.72375846,0.67013174
0.86373514,0.88219142
0.89935476,0.91038436
0.81467253,0.79298246
0.90568709,0.86638868
0.14551608,0.12465912
0.76919293,0.90974259
0.34718156,0.39943701
0.57592469,0.46200973
0.71305984,0.82783753
0.79118139,0.82958025
0.94601071,0.94356018
0.37988901,0.33618388
0.81573987,0.73583418
0.51584226,0.55495280
0.63859868,0.50611144
0.65920532,0.84291822
0.93051594,0.88362384
0.43948746,0.53967869
0.26820654,0.29709384
0.76165807,0.68652040
0.86534566,0.87947094
0.69874227,0.68962061
0.69917548,0.60175437
0.67212272,0.59613425
0.75941420,0.54225522
0.73445302,0.88332212
0.89142227,0.87752408
0.90964264,0.89441079
0.08123767,0.06378902
0.83354658,0.90164453
0.26058301,0.46296296
0.67085302,0.67128801
0.59974349,0.57127637
0.75037140,0.79508626
0.87312257,0.93096691
0.91022480,0.91537356
0.87054980,0.95516568
0.78167802,0.74644977
0.92894155,0.96847826
0.51603311,0.55499166
0.68299848,0.75261503
0.69078422,0.42450452
0.92466003,0.89535546
0.94582534,0.90532106
0.86375332,0.81703997
0.75340915,0.85103798
0.83816469,0.90310782
0.95251173,0.97872341
0.79055476,0.96459067
0.86845100,0.76291794
0.85573816,0.74279559
0.88944393,0.89090663
0.45341200,0.53643906
0.81669766,0.84706134
0.61276251,0.53568822
0.92296159,0.89027262
0.94203526,0.87522280
0.72887868,0.68735337
0.91545331,0.90734500
0.67031974,0.59587657
0.71346521,0.49330035
0.79059088,0.60518789
0.92003965,0.87993860
0.82880533,0.88662660
0.68261391,0.59807694
0.87621886,0.85897189
0.77900529,0.78093833
0.21803226,0.22644928
0.87649763,0.84770489
0.63744354,0.81561995
0.53931457,0.42962953
0.80871302,0.94712073
0.87381423,0.77471656
0.85348004,0.76811635
0.42528945,0.48900464
0.87388909,0.75165170
0.76704991,0.88255924
0.83586049,0.90447593
0.77781022,0.82797444
0.34545612,0.30609041
0.64741474,0.59229332
0.77011073,0.74305391
0.82388830,0.82886869
0.94543773,0.94409192
0.75050962,0.78591627
0.79630047,0.71623808
0.65301996,0.47535211
0.91784424,0.94798648
0.43503466,0.36237374
0.65155965,0.83224422
0.88647878,0.83307701
0.66123682,0.65434241
0.45287088,0.55239666
0.93805516,0.93473929
0.90696889,0.93723059
0.94286186,0.93569988
0.89062417,0.87917340
0.90414327,0.88735884
0.90665424,0.88899755
0.46808591,0.74898958
0.57991856,0.68114477
0.79719478,0.58571428
0.55817729,0.48970768
0.87089962,0.86167032
0.41616756,0.29080674
0.80348527,0.93277830
0.84367925,0.81553400
0.88421261,0.77173913
0.81629825,0.73167789
0.77653629,0.81875646
0.95227146,0.94533569
0.58939695,0.52331150
0.82767993,0.82278323
0.84484440,0.89532495
0.95142722,0.93501192
0.81919962,0.94000000
0.88946176,0.93757176
0.28448889,0.28643617
0.43654546,0.38437003
0.84725815,0.86175376
0.49539146,0.66428620
0.33948562,0.42257217
0.65438974,0.65077490
0.84324908,0.91923076
0.67351604,0.67142022
0.83095330,0.48139769
0.86174709,0.85357428
0.48428163,0.56810105
0.90565580,0.87248802
0.82596630,0.95862800
0.81105745,0.82238585
0.69216251,0.62078261
0.90191048,0.80750889
0.86298674,0.83243144
0.94665402,0.85847986
0.95756090,0.91971737
0.65071428,0.69436836
0.91620809,0.75966048
0.45077801,0.41319931
0.83504051,0.88292122
0.79841548,0.74175900
0.82822573,0.85444778
0.60617208,0.65708536
0.90027773,0.91202533
0.72001261,0.79289150
0.24754597,0.11148074
0.57682180,0.49401122
0.76003760,0.76232862
0.91858226,0.92849016
0.23742113,0.19169508
0.17227644,0.14660482
0.75786835,0.88060230
0.67292231,0.71151268
0.41850007,0.26976076
0.87930459,0.87049526
0.78285545,0.64069766
0.68095368,0.70906752
0.23803222,0.20999916
0.86173648,0.90540540
0.60338759,0.58448458
0.40571678,0.59448087
0.89078093,0.73690474
0.51949495,0.68911612
0.86396074,0.86158252
0.66462749,0.79910553
0.90192074,0.88239187
0.79755831,0.90231508
0.50250065,0.49682686
0.47566861,0.33763418
0.87749624,0.95539623
0.57640624,0.42209944
0.75078154,0.84276849
0.83378547,0.83121246
0.32838517,0.33246276
0.87590456,0.87292683
0.86350888,0.81089091
0.86655575,0.82630205
0.94058520,0.78991252
0.81980830,0.86705172
0.74247229,0.61377645
0.30897319,0.34832197
0.94584209,0.91766828
0.30496523,0.32575008
0.56880170,0.60423815
0.82572210,0.88158941
0.84832412,0.90737563
0.79761648,0.83232540
0.69842547,0.83195084
0.83749199,0.73680902
0.89755815,0.98660505
0.41574630,0.62205803
0.63560075,0.69734889
0.88762635,0.88779718
0.87611055,0.91158903
0.83485317,0.74469572
0.92549735,0.94096643
0.67159951,0.72543061
0.73857987,0.79676998
0.92884386,0.95966935
0.80052060,0.87531143
0.43012238,0.58723468
0.51196635,0.42238268
0.89466101,0.81438857
0.68403369,0.61333448
0.82150835,0.45584652
0.75007188,0.72169811
0.92700899,0.82912940
0.90968311,0.90630299
0.82803649,0.85919821
0.90281826,0.89294875
0.37402490,0.35851455
0.51852977,0.50331545
0.87197131,0.76369637
0.70941681,0.51747334
0.92554146,0.96570659
0.31624973,0.37821880
0.93193054,0.94701755
0.29295501,0.36748573
0.58139026,0.48774403
0.91550964,0.91049600
0.89998579,0.88741851
0.87197691,0.98275864
0.94793612,0.98849702
0.96717227,0.90976351
0.30375785,0.24929525
0.59013265,0.50047541
0.94395244,0.89817476
0.93089503,0.85895091
0.90057212,0.82343489
0.07553002,0.09733385
0.61338204,0.56538570
0.79858476,0.69834185
0.84216917,0.88496679
0.65986806,0.64710796
0.92505014,0.93648565
0.71226835,0.71581823
0.85942203,0.78080195
0.36475390,0.42770770
0.90403277,0.91392887
0.91900796,0.90552974
0.92406189,0.91573662
0.56825817,0.68036401
0.90012568,0.89907104
0.60648006,0.44020849
0.76511741,0.65571481
0.90333992,0.94130152
0.80777806,0.80382884
0.79924774,0.71913344
0.11315760,0.16865297
0.51235664,0.14304200
0.15802167,0.21486166
0.33499280,0.31148237
0.87192017,0.91949451
0.93666410,0.96001065
0.91325015,0.95454544
0.80763727,0.66906595
0.84999168,0.85357368
0.62930375,0.67364585
0.82506496,0.79618436
0.74137855,0.84451681
0.49681184,0.44881848
0.94674283,0.85982561
0.89328730,0.79611725
0.24508238,0.24394307
0.73414910,0.81831789
0.38633820,0.41585678
0.87037688,0.87915879
0.41599771,0.40451533
0.74489719,0.72263235
0.86947817,0.94221395
0.75818449,0.75266081
0.86042345,0.91873604
0.61413527,0.74833596
0.88059527,0.85856056
0.72463250,0.81048852
0.87680000,0.89603448
0.17605302,0.26633644
0.85806215,0.81332099
0.60344255,0.70573384
0.95024025,0.97651005
0.84824991,0.91983503
0.93330532,0.91829187
0.44854090,0.35841557
0.94255960,0.91055554
0.61407918,0.74782741
0.93774664,0.94044352
0.95066231,0.96733141
0.90127152,0.92955494
0.78764009,0.83844447
0.83997285,0.58614844
0.86039275,0.88006818
0.92552632,0.92288601
0.29314187,0.26272455
0.87430638,0.83190924
0.74343985,0.72027773
0.79579598,0.93526757
0.80764920,0.68704498
0.19731759,0.15570776
0.74452186,0.65136182
0.91328931,0.92125106
0.86515343,0.79162019
0.81428117,0.85636902
0.87155718,0.88357931
0.81690127,0.88174993
0.75730705,0.79741377
0.68435907,0.64639425
0.58113617,0.53909063
0.72279423,0.62573582
0.80802041,0.87221742
0.78975433,0.79562014
0.74813330,0.78673470
0.74751908,0.82393950
0.33827484,0.43288681
0.33347961,0.25553018
0.86521792,0.87876654
0.89460421,0.76957691
0.86072642,0.74898672
0.76306427,0.41086957
0.45587412,0.34485158
0.52549344,0.53546131
0.84575737,0.96666664
0.92780828,0.95023924
0.82881194,0.87311041
0.92470241,0.91178250
0.82936132,0.83515948
0.68542641,0.58434588
0.94521689,0.89346659
0.96181321,0.98982012
0.87540412,0.87994564
0.91225165,0.76127243
0.89620006,0.85837102
0.93806165,0.91895425
0.22740324,0.24012481
0.72794914,0.84508663
0.90189886,0.87620687
0.71674132,0.54030800
0.84370822,0.76951873
0.93480456,0.97838503
0.84175140,0.80167454
0.73671275,0.57442808
0.63976270,0.77140731
0.86217034,0.81005025
0.68447578,0.85648358
0.90446287,0.86341697
0.91513920,0.77339107
0.89222318,0.87987375
0.18143621,0.11469042
0.88183349,0.88720489
0.93797880,0.93778312
0.66451967,0.69335526
0.93990964,0.93119937
0.85238016,0.89935899
0.91995120,0.88697916
0.80693543,0.75230956
0.85250074,0.73787737
0.93846709,0.95592654
0.77820212,0.60129112
0.94279915,0.97611338
0.92794305,0.90174145
0.86087847,0.89140624
0.44268209,0.66635603
0.74116725,0.80292118
0.79616606,0.74788964
0.94223553,0.85470283
0.36831868,0.35770595
0.67154807,0.59154373
0.86117649,0.82882243
0.88322341,0.90482342
0.79116392,0.59700030
0.86807120,0.89153439
0.94676578,0.97311831
0.66526002,0.53575748
0.18137984,0.15808170
0.79719031,0.71256495
0.85913897,0.87203765
0.73335350,0.49895087
0.71868098,0.56250000
0.61726439,0.52228165
0.76369470,0.83328664
0.84705341,0.80661660
0.92294341,0.93434107
0.56751376,0.64884073
0.74648672,0.75838923
0.02515086,0.04953431
0.86612439,0.85798162
0.86514813,0.80806857
0.93646270,0.93983078
0.48490477,0.50126493
0.87079501,0.88039112
0.89948869,0.94798410
0.80322832,0.87687516
0.59969783,0.58634460
0.90809995,0.91057914
0.56823832,0.48184818
0.51083726,0.33665380
0.86264139,0.85242832
0.87881160,0.90735292
0.31582379,0.40943256
0.45317891,0.44473892
0.84802765,0.81955886
0.83647132,0.83082032
0.91251808,0.91540599
0.30718887,0.37155995
0.18838301,0.13041443
0.72859633,0.67618191
0.87484896,0.93599880
0.91762376,0.85991228
0.94696748,0.94861281
0.86683941,0.77751720
0.77727622,0.61105484
0.82678151,0.89774948
0.72375894,0.34511524
0.90983057,0.87132150
0.91194052,0.94743907
0.57773465,0.61226863
0.80881023,0.80778700
0.94355267,0.93322879
0.94088966,0.97222221
0.29803729,0.42358845
0.93781954,0.92842150
0.86181128,0.87963533
0.89661741,0.93257427
0.88563967,0.84153783
0.90917987,0.93129760
0.66053528,0.68185139
0.85214090,0.94208270
0.74363768,0.69028759
0.90880597,0.85408163
0.45153508,0.73607951
0.91692293,0.88519126
0.45635578,0.50528187
0.75266540,0.84792101
0.83387840,0.75366879
0.49419743,0.50658047
0.79546094,0.64404887
0.88881713,0.89263630
0.41279107,0.49252614
0.78714585,0.65751696
0.72684276,0.58521760
0.78544575,0.70898658
0.93197954,0.94868690
0.77936155,0.79000568
0.79923701,0.87812442
0.92512381,0.90679687
0.85333765,0.93229169
0.44547331,0.40523237
0.82664156,0.86327744
0.85382652,0.69556737
0.68739754,0.80346686
0.68363291,0.67167324
0.92770046,0.82744044
0.67542261,0.75187397
0.54068029,0.57973754
0.91847181,0.96288943
0.85564470,0.96245849
0.90918362,0.97161305
0.80505788,0.92712247
0.88759744,0.83955443
0.54110777,0.59445947
0.68224716,0.79835540
0.84767818,0.85104710
0.91369778,0.85698450
0.68226624,0.75783801
0.75756007,0.68147451
0.63928956,0.68763447
0.89809859,0.86583000
0.87437314,0.83552742
0.91778642,0.92595226
0.78236163,0.80328435
0.72788399,0.76440734
0.72877878,0.48274773
0.81632459,0.85425282
0.25033173,0.35217968
0.85630351,0.95604396
0.66573578,0.57052928
0.85588253,0.65849674
0.95404309,0.97115386
0.69139910,0.51422232
0.92497498,0.94842172
0.91371369,0.86075163
0.90408629,0.97244149
0.89709443,0.88086736
0.02567770,0.04580267
0.77475524,0.71991873
0.84172606,0.90789473
0.90927267,0.83249384
0.93115079,0.88196427
0.89555329,0.86628664
0.88227099,0.91282797
0.92154837,0.91710097
0.79344904,0.81452864
0.83368945,0.67801344
0.82971799,0.47775811
0.85322535,0.80510753
0.63825142,0.67446810
0.91964012,0.84147245
0.95192826,0.93378329
0.86570174,0.84296876
0.80915421,0.73563290
0.52866852,0.43004099
0.07824009,0.11223690
0.63303417,0.57947791
0.91442484,0.94054466
0.94294047,0.93813747
0.94062430,0.86860120
0.68928427,0.62798101
0.95392287,0.95646960
0.47170651,0.47371379
0.80681515,0.94417387
0.92154515,0.96932012
0.71158874,0.56598759
0.78292519,0.80576950
0.29427952,0.33701411
0.83260298,0.69234240
0.90801084,0.84282053
0.32946000,0.26069599
0.39829844,0.73901176
0.85424775,0.93899584
0.75718629,0.60856491
0.20649955,0.14977884
0.85144663,0.89643747
0.86581838,0.84919506
0.87724888,0.78197366
0.82942802,0.84337187
0.73058081,0.62717295
0.63738865,0.77907377
0.90275753,0.85116220
0.56515104,0.62323946
0.54656553,0.65485609
0.94020230,0.97540987
0.90423012,0.86293226
0.76450586,0.81600612
0.45375723,0.47790524
0.91684127,0.95002931
0.95358372,0.94913703
0.61483294,0.58176565
0.89085287,0.90195483
0.59543937,0.50837183
0.52534610,0.54774100
0.46805155,0.57565135
0.74196386,0.80611110
0.35879442,0.39445871
0.88715935,0.96013117
0.07550390,0.19643602
0.94849402,0.96178591
0.54079503,0.24278516
0.93570203,0.96150458
0.88621479,0.83796620
0.90379584,0.92015117
0.90260911,0.94868141
0.70657843,0.59982920
0.86982900,0.76569235
0.87264538,0.88745636
0.92429841,0.95939767
0.26611269,0.34010842
0.75858814,0.80897957
0.77850062,0.89536291
0.36956123,0.32583460
0.84226602,0.71392745
0.94873601,0.95888788
0.90027869,0.88028204
0.89499545,0.88586742
0.82637167,0.68154299
0.90015447,0.94550353
0.91067803,0.94453758
0.84667552,0.73705500
0.91226888,0.90509939
0.26009342,0.17494252
0.79864997,0.87989235
0.62379658,0.68179667
0.59241927,0.79959714
0.77530146,0.59616596
0.88313305,0.84470910
0.92181677,0.99497414
0.25060388,0.26573077
0.91550338,0.96437126
0.88000584,0.87511498
0.71179307,0.63227510
0.80875945,0.80413121
0.90842694,0.87317926
0.79175186,0.71612072
0.87298036,0.87742949
0.63358629,0.84252799
0.89853472,0.88625824
0.79577744,0.70597845
0.87692952,0.82569063
0.31929556,0.28093535
0.40080327,0.45139080
0.85484296,0.85651290
0.13422710,0.25443321
0.87354672,0.87771767
0.90200204,0.92113006
0.87164158,0.78771532
0.61532146,0.56883347
0.77628392,0.68409812
0.55202943,0.51866502
0.86110604,0.89704436
0.80420309,0.64072943
0.92248124,0.97974503
0.82692659,0.83071285
0.85061640,0.84090102
0.20495616,0.29403645
0.81354380,0.77840394
0.67735016,0.76021636
0.75241208,0.78524214
0.88171977,0.89633226
0.92941189,0.94120151
0.82854497,0.87318563
0.81558949,0.82413101
0.92730349,0.95733041
0.89201516,0.90329397
0.23412871,0.11286988
0.48167914,0.44786826
0.64494574,0.70078200
0.52773863,0.70576924
0.65691745,0.77261633
0.71596467,0.51436228
0.73896784,0.64331055
0.71413088,0.77381706
0.84112579,0.94997269
0.82330978,0.57921028
0.88638783,0.96609181
0.80954868,0.83745748
0.87209177,0.87462234
0.87962276,0.86753249
0.81335205,0.90942913
0.88019288,0.92438066
0.85038882,0.81891280
0.89575964,0.91215152
0.88349599,0.70312828
0.87256920,0.81175274
0.88739371,0.87305474
0.89711988,0.89770633
0.65114164,0.50900257
0.36337173,0.54919863
0.85843170,0.99425286
0.89519602,0.90091950
0.86292881,0.80878663
0.83165675,0.83850265
0.81500953,0.74399853
0.92380708,0.92098033
0.41959229,0.62598270
0.87925887,0.76550871
0.93093473,0.87920874
0.19741112,0.25909430
0.82545930,0.76881856
0.93634993,0.92859668
0.81024754,0.71317309
0.65966940,0.77956986
0.86158961,0.86996698
0.68690354,0.45161444
0.84881204,0.98084825
0.88368630,0.84113801
0.87410653,0.84279549
0.70226634,0.70817608
0.43531179,0.44838309
0.74613678,0.85638946
0.79867136,0.99642855
0.91890597,0.95770979
0.88315004,0.87345171
0.78047591,0.73427027
0.89753968,0.84351897
0.92689627,0.92926937
0.94036692,0.92618775
0.46630025,0.45971575
0.92489094,0.90075141
0.79191768,0.82073301
0.91379380,0.90561372
0.88988370,0.84722221
0.88326484,0.92095351
0.93401319,0.88191885
0.09139214,0.07497706
0.31680685,0.14390244
0.87929887,0.84716874
0.92218351,0.88255036
0.81378436,0.85113996
0.91767365,0.94928300
0.75362247,0.73880899
0.60563213,0.62105978
0.86167991,0.81262982
0.64409757,0.55583185
0.88175642,0.88450295
0.49800935,0.43947282
0.91417444,0.93605608
0.68196100,0.74731505
0.54931450,0.60952902
0.67920256,0.71591765
0.91512036,0.90945148
0.56505793,0.61156446
0.56293714,0.66399556
0.80301338,0.82773900
0.77579904,0.99888641
0.85359251,0.80901307
0.81116897,0.83635467
0.65761483,0.62672049
0.67860615,0.62334055
0.91615474,0.80335766
0.66252267,0.57727122
0.65557659,0.69110304
0.81090611,0.87603253
0.43329543,0.62082064
0.70033354,0.60234964
0.27820748,0.31594202
0.41517317,0.45400271
0.61639094,0.73377436
0.70586556,0.54876393
0.55203545,0.67029285
0.81108111,0.89851618
0.85972619,0.70219976
0.81112629,0.79977137
0.82218081,0.75698471
0.84453249,0.80296588
0.93166673,0.98493630
0.61998457,0.73153740
0.92057467,0.91952467
0.80487859,0.74732560
0.21512243,0.27417654
0.68362421,0.90460300
0.61005962,0.61332309
0.81980550,0.90574151
0.93558139,0.93852460
0.42567277,0.41883275
0.51530010,0.45576829
0.48400700,0.40355298
0.91548365,0.90396249
0.84661436,0.87063295
0.27083570,0.24686849
0.94916284,0.90374649
0.89910382,0.80468750
0.83171254,0.92537314
0.82710040,0.82373244
0.92356509,0.90890688
0.44448730,0.41073257
0.92488664,0.92492646
0.89211631,0.89233661
0.83697701,0.75138891
0.92387700,0.78554803
0.73928016,0.68115872
0.56248480,0.59684193
0.75803995,0.34331059
0.95366573,0.95993030
0.90214026,0.75191104
0.86245817,0.92942840
0.05647932,0.05887888
0.79759228,0.86328375
0.93512011,0.92137265
0.92472911,0.94824338
0.89146018,0.92727274
0.40697667,0.44329169
0.23187858,0.16621801
0.82479799,0.81493509
0.74824995,0.77093369
0.52857858,0.36946368
0.91037971,0.94431466
0.84772134,0.86139697
0.74157363,0.71845347
0.54039961,0.42334017
0.82839328,0.88576943
0.89826810,0.98041666
0.88303518,0.89055043
0.40468073,0.45699394
0.49100614,0.43135002
0.63167268,0.56313431
0.73737103,0.65316665
0.82624191,0.88094515
0.71457851,0.81349206
0.64677644,0.69447440
0.51232159,0.53202736
0.31286851,0.19074610
0.67212212,0.62072283
0.70017648,0.62310362
0.10513785,0.17857143
0.91346842,0.93130344
0.23332234,0.26686859
0.36423793,0.41347429
0.51389402,0.34925410
0.96776181,0.92120683
0.70746154,0.71532255
0.83502090,0.91563803
0.31950301,0.36190981
0.60227966,0.68842268
0.65193194,0.75373417
0.92986161,0.91406190
0.77616113,0.61812866
0.90279388,0.88348532
0.93968213,0.96102065
0.75145513,0.76305968
0.83214438,0.93243456
0.69932371,0.88182276
0.81614774,0.68118411
0.76857549,0.86943781
0.93949372,0.93299937
0.60667157,0.82679921
0.85684317,0.90753287
0.61229992,0.56599897
0.86410004,0.58724594
0.93632138,0.93863815
0.87593371,0.78259116
0.88899863,0.85712564
0.94584239,0.94747758
0.95775849,0.93136072
0.25764161,0.38836405
0.67760724,0.83414632
0.83646333,0.81010693
0.87739575,0.73488325
0.76995987,0.91078430
0.85924393,0.95604217
0.54377741,0.61352813
0.41400895,0.28458738
0.63284189,0.64388865
0.19031002,0.31385612
0.74543929,0.58470148
0.91777265,0.90445155
0.64432722,0.73867559
0.88796014,0.86246496
0.29463091,0.37729108
0.86125845,0.66213691
0.81591547,0.78770852
0.40846667,0.38212597
0.31156641,0.21620715
0.62655604,0.44405919
0.89014840,0.88106066
0.79993457,0.77390367
0.78980803,0.82036614
0.85573977,0.80996716
0.86485434,0.85842067
0.94294220,0.90472430
0.85886270,0.40315506
0.75961274,0.60859418
0.82172924,0.73751736
0.76192546,0.73597103
0.86414123,0.80103737
0.88233250,0.83284163
0.25217929,0.27266225
0.69139892,0.60189211
0.58590919,0.84333014
0.95805216,0.97828609
0.83590269,0.78776121
0.77839929,0.74959815
0.63710916,0.84598929
0.79352528,0.80587584
0.80347019,0.72466218
0.81228197,0.88078433
0.82952732,0.93350166
0.57144117,0.39687431
0.60906035,0.53868902
0.43098271,0.39282146
0.32391140,0.46381423
0.85247272,0.91736388
0.80311066,0.81108958
0.72852600,0.69661492
0.74721736,0.62597948
0.93100882,0.80019981
0.65537280,0.47633147
0.79710138,0.84880120
0.89391619,0.83789790
0.55231369,0.67357653
0.84982497,0.72186613
0.49910966,0.51307732
0.79847640,0.77973855
0.20784637,0.34047765
0.55646688,0.55808079
0.51744002,0.41156632
0.43856138,0.51598209
0.92371982,0.89465147
0.85472143,0.84753376
0.70352942,0.70289034
0.93276876,0.94705653
0.86680394,0.92244416
0.93993807,0.94948977
0.68310392,0.63704205
0.89814466,0.88767505
0.36485884,0.44295454
0.89259017,0.91778165
0.94384080,0.96724421
0.81332463,0.71548676
0.51042747,0.70466030
0.93144006,0.96487606
0.74625611,0.69793046
0.78536850,0.83635980
0.94508028,0.95140678
0.74378419,0.73388773
0.33461604,0.30173033
0.92912543,0.91107738
0.84624922,0.84156317
0.69522280,0.68461519
0.76502055,0.82612556
0.91479599,0.90076631
0.59989083,0.57860386
0.92146254,0.89237136
0.86934960,0.80948132
0.78915006,0.63861454
0.23708962,0.38626665
0.46484709,0.52671957
0.83714199,0.87913013
0.92864078,0.95767272
0.88662106,0.86352932
0.52185518,0.33011273
0.88531393,0.94629246
0.93383354,0.93036580
0.90301883,0.91126776
0.90468293,0.97853369
0.62096310,0.64231008
0.81606025,0.78312474
0.93945229,0.96205503
0.92028373,0.91715837
0.73673022,0.68434751
0.88840330,0.88573885
0.89553416,0.89452815
0.25234076,0.26408178
0.56574064,0.52276689
0.88922954,0.91676831
0.70442581,0.59834677
0.84478521,0.62980771
0.88468540,0.84498233
0.95024413,0.97385532
0.66925943,0.71306640
0.81877911,0.85761565
0.31655085,0.26958776
0.90195441,0.88651258
0.91210800,0.97886825
0.87821501,0.88575268
0.80575931,0.81904554
0.86769599,0.85631067
0.90779334,0.78633600
0.42039862,0.53611565
0.54476178,0.52867132
0.79704130,0.58175290
0.84483939,0.74276859
0.17690526,0.16462965
0.89767712,0.93084574
0.88646579,0.92125493
0.77170634,0.86562502
0.54390633,0.52665967
0.79797953,0.76739419
0.82079303,0.86697251
0.88487399,0.90608108
0.25518286,0.21021059
0.81390297,0.71524066
0.83151156,0.82290912
0.67714119,0.77031821
0.77273595,0.79810995
0.71868640,0.51792771
0.58581001,0.67713457
0.80218607,0.73488283
0.89391166,0.88671398
0.93626714,0.86932921
0.36836568,0.45771959
0.62030137,0.53966188
0.87815094,0.88286805
0.85848647,0.80708271
0.70380998,0.92190522
0.86426830,0.70137870
0.83243942,0.84829384
0.87887353,0.83466822
0.79483676,0.71924812
0.87690884,0.93329918
0.49504793,0.76857030
0.57474005,0.55803180
0.91888219,0.88090771
0.84949529,0.84025007
0.94230753,0.91762823
0.90153146,0.86246240
0.61420751,0.51923591
0.59236974,0.53985041
0.52515346,0.41860464
0.88347656,0.74591571
0.72762835,0.71431565
0.87135178,0.85822320
0.82543349,0.86392111
0.88601166,0.84782684
0.31606394,0.31394839
0.67166424,0.64767081
0.49102336,0.60114735
0.80458510,0.80974412
0.40538585,0.37164414
0.48757693,0.46460047
0.85026592,0.84319019
0.16959241,0.16497388
0.93586373,0.94478381
0.55777603,0.60501510
0.82647026,0.81430602
0.88030761,0.85963488
0.56195533,0.52581948
0.79927349,0.90674686
0.78401870,0.59478402
0.79446656,0.84960896
0.82964098,0.80011517
0.22982836,0.29427531
0.83986121,0.88049716
0.91818619,0.94305301
0.78578866,0.88107681
0.84233385,0.66533875
0.94014615,0.92313504
0.65902573,0.73524374
0.89872187,0.86621511
0.94491076,0.93106729
0.62705147,0.47980279
0.90412205,0.83803141
0.91287476,0.86684155
0.89403909,0.88924634
0.76862425,0.68040210
0.44117767,0.81234568
0.19784789,0.34900808
0.90689468,0.93970716
0.92539781,0.92941880
0.83344948,0.80512625
0.83187652,0.91325521
0.89797550,0.74869227
0.44755015,0.21674128
0.86008847,0.95140427
0.78670275,0.76357943
0.77807915,0.73503256
0.92683709,0.93443501
0.39351580,0.43088040
0.60939062,0.61491698
0.18220684,0.20233637
0.85871202,0.93137479
0.75474232,0.88597447
0.84943491,0.82273108
0.92383254,0.95281094
0.93062311,0.95226735
0.85143763,0.78538090
0.92678231,0.94541657
0.91742766,0.90407228
0.59764349,0.57378972
0.88413298,0.81096095
0.88548487,0.94468367
0.80342019,0.91102755
0.74822485,0.65889424
0.43534666,0.55896705
0.28934270,0.25727087
0.49900597,0.55153459
0.60765100,0.56407166
0.47297955,0.62411201
0.60883695,0.44689736
0.79817158,0.89418244
0.71562189,0.74401551
0.89540625,0.91926515
0.49083629,0.48811969
0.71005332,0.60936344
0.89539886,0.96453899
0.88031214,0.94567049
0.51470262,0.58518744
0.71124148,0.85896105
0.88569635,0.92436975
0.78056800,0.76619637
0.48789346,0.37865728
0.74001259,0.53696579
0.81357330,0.68268484
0.50540483,0.54181010
0.87053466,0.86332214
0.42748481,0.63521641
0.86719948,0.87784016
0.87056005,0.94144881
0.61109227,0.56423545
0.90962517,0.88804388
0.70349675,0.90700543
0.91139323,0.95015210
0.41152513,0.62058789
0.72481328,0.79883087
0.80596060,0.92123985
0.31525254,0.29284340
0.54235929,0.65918279
0.95955861,0.95156682
0.84385246,0.83087158
0.69335878,0.55090457
0.93260807,0.89478815
0.70116591,0.71079355
0.32295358,0.29572579
0.86725426,0.90395570
0.77848727,0.70062238
0.46971813,0.42544800
0.11580622,0.13499986
0.49926111,0.59261674
0.78419644,0.83686870
0.81978530,0.71431649
0.85474545,0.80535322
0.50887913,0.44080490
0.72429973,0.68046820
0.90388423,0.88211900
0.89264387,0.92337251
0.86107755,0.90806741
0.52180243,0.42550504
0.81031102,0.81607956
0.79155749,0.75267017
0.53078556,0.54109889
0.46562693,0.64185476
0.67312902,0.78316742
0.87775868,0.83877629
0.82062995,0.80120999
0.91490024,0.89555258
0.91571283,0.88730419
0.71846813,0.89329320
0.92646039,0.86925638
0.91892749,0.90426528
0.36120981,0.32794622
0.61809903,0.72307694
0.73092651,0.78880227
0.63212198,0.69225228
0.69503969,0.49802372
0.89931113,0.94826311
0.81495726,0.65071899
0.78776145,0.69458610
0.88426191,0.91751724
0.66831177,0.60509634
0.79384029,0.72117525
0.63563305,0.51230520
0.86851108,0.83057493
0.83826011,0.62790275
0.73135138,0.72464728
0.68964046,0.60357124
0.87763298,0.57811230
0.60803670,0.76451755
0.61093533,0.65460360
0.90693122,0.91930300
0.71924847,0.41803375
0.86141789,0.91481394
0.45420054,0.57398993
0.24282429,0.30924433
0.73339164,0.72230905
0.53616452,0.49731249
0.84018916,0.73707688
0.90264511,0.87325001
0.72269434,0.81795913
0.83098149,0.80513459
0.87239200,0.90945530
0.57328421,0.66351891
0.86061049,0.83636242
0.84700662,0.81954020
0.93716311,0.93428570
0.72339821,0.72480237
0.95193887,0.95489550
0.91018254,0.97859430
0.73622924,0.76543307
0.85982680,0.88159877
0.72683954,0.66364735
0.69505644,0.66201407
0.81010270,0.81898528
0.94729114,0.90554053
0.89585280,0.90113240
0.30857432,0.20370160
0.37569311,0.31864753
0.25440341,0.22531345
0.54930276,0.56835264
0.81457520,0.89218456
0.92644733,0.91149521
0.45714968,0.43312377
0.69824618,0.41225928
0.81418133,0.85576922
0.89103764,0.72041112
0.79196942,0.84452683
0.80668676,0.82641959
0.86473334,0.87013572
0.67919225,0.40221089
0.91260642,0.93004912
0.87641555,0.94750637
0.52588248,0.42811745
0.95886767,0.95471442
0.88418931,0.91122085
0.53895980,0.51083529
0.42382276,0.27325070
0.65652728,0.48874459
0.68043113,0.53219175
0.89434785,0.91258496
0.36677110,0.51421547
0.18862782,0.16824375
0.89204979,0.95793831
0.87779486,0.87224317
0.50317824,0.35857671
0.82397538,0.88580358
0.68871015,0.65312827
0.49482664,0.45671040
0.80209619,0.84324133
0.92841703,0.91488916
0.51113033,0.43936557
0.95524126,0.96191794
0.51532966,0.36642864
0.93429649,0.90795249
0.90798146,0.92329091
0.85854441,0.82083333
0.94952089,0.94758064
0.44138247,0.37408519
0.85783625,0.87000698
0.85329187,0.88083166
0.84406185,0.88705063
0.74577165,0.59842324
0.66478831,0.60643572
0.86724055,0.83627653
0.46278119,0.39646974
0.95516688,0.90601200
0.63675678,0.48900181
0.89593220,0.87262613
0.67622524,0.70908070
0.87246865,0.75484210
0.79784769,0.77926588
0.77034223,0.75887817
0.50133294,0.24975027
0.52721137,0.61219209
0.92619628,0.95826328
0.94884098,0.96291733
0.55537325,0.49350649
0.88336498,0.75180954
0.76380557,0.55396414
0.88829440,0.92468077
0.85612017,0.89616227
0.91772676,0.87778515
0.88271219,0.94268423
0.42581603,0.69172472
0.93301302,0.92317021
0.73301351,0.62751853
0.76897001,0.68234134
0.59155583,0.72234392
0.50308359,0.52153915
0.64769536,0.48065290
0.91217840,0.90427721
0.91646403,0.92455280
0.83422309,0.86911076
0.66077888,0.60090137
0.72687036,0.78461540
0.89870673,0.94017917
0.86669970,0.89266616
0.86752629,0.92072195
0.88104665,0.86983883
0.62005788,0.66580093
0.88187754,0.77782387
0.88280720,0.91726822
0.87240422,0.89858943
0.64188093,0.89878005
0.58746469,0.56363636
0.85465020,0.79968596
0.63940781,0.68719727
0.88953692,0.85790408
0.88228881,0.90293932
0.88608235,0.95863920
0.46768257,0.36549816
0.89442843,0.90652174
0.78968102,0.81130463
0.85884386,0.69390404
0.90187478,0.86177069
0.75484490,0.66614151
0.08333344,0.10867411
0.82836556,0.83432090
0.26671121,0.27899492
0.89513242,0.93369395
0.73382211,0.76367360
0.53237754,0.52248341
0.69122416,0.70664138
0.45460925,0.47202370
0.75915354,0.72612965
0.93012863,0.89943314
0.35466522,0.55499828
0.87219375,0.89636755
0.85406071,0.75809509
0.73055905,0.63974792
0.83137125,0.78104293
0.85512328,0.88610148
0.93141073,0.93431371
0.80892813,0.83934772
0.78742880,0.71283698
0.90814734,0.89842480
0.67611158,0.54730159
0.72868687,0.43214285
0.71407551,0.35497200
0.61310005,0.52035463
0.25673997,0.16419658
0.29144743,0.40966952
0.78529572,0.61902410
0.52566612,0.72706509
0.87097073,0.90523183
0.89581639,0.81309521
0.63689625,0.62879652
0.85367942,0.82935148
0.58335268,0.72596747
0.89354312,0.78171802
0.73192674,0.76299530
0.88312525,0.91868389
0.20136538,0.25794923
0.91732210,0.94805503
0.72472137,0.54948288
0.93519753,0.96323186
0.68118358,0.70808846
0.83059812,0.74844444
0.87828046,0.82007611
0.86853331,0.84158826
0.90941799,0.90366298
0.73262006,0.79571223
0.86920530,0.80758429
0.77648860,0.79464287
0.24361359,0.39908019
0.81198651,0.73734641
0.31740215,0.07455605
0.29503855,0.17020099
0.90178210,0.93589354
0.54227012,0.63321871
0.80963111,0.80233514
0.66855198,0.67605603
0.92710435,0.91330028
0.78260720,0.71992844
0.93828988,0.91117382
0.52289969,0.47939801
0.89864820,0.85910517
0.54561335,0.56120360
0.64364862,0.99609375
0.81513262,0.82705593
0.31551653,0.31308284
0.89735717,0.71998125
0.71719807,0.61743915
0.83603877,0.79744208
0.79661858,0.80658859
0.83145493,0.86582166
0.87974429,0.94588816
0.60961670,0.67820317
0.90772969,0.86383486
0.79690868,0.55416667
0.77252787,0.64915603
0.74738884,0.77142859
0.67692536,0.55404264
0.65578389,0.72441417
0.82342458,0.84533483
0.69710994,0.71924734
0.86306262,0.87103897
0.84540075,0.86925709
0.89822447,0.89299560
0.88008392,0.85965991
0.93075997,0.96687371
0.91024357,0.87602341
0.78653073,0.78267020
0.85519826,0.90069497
0.92182016,0.88417375
0.73465616,0.69139767
0.84627128,0.81770831
0.71515673,0.67526495
0.40403411,0.52850091
0.86595893,0.81791282
0.65367150,0.61894262
0.86970299,0.91690284
0.47768727,0.49491447
0.78925890,0.82243747
0.75124115,0.62001604
0.86620313,0.76807755
0.58074379,0.42000598
0.64744014,0.63359320
0.86607772,0.92971718
0.77204525,0.57530427
0.83409494,0.80952382
0.90112919,0.92160279
0.90106189,0.84482759
0.84311777,0.84970713
0.48674273,0.28383347
0.92574072,0.88441843
0.57133657,0.69579417
0.30250627,0.22469424
0.85165912,0.82103914
0.79148835,0.75675434
0.71066165,0.65243727
0.88515341,0.88136077
0.77777261,0.85177046
0.88370401,0.89009333
0.92466205,0.81751615
0.40013814,0.26774266
0.66128623,0.70526057
0.80884254,0.83430231
0.54051870,0.62772018
0.88535315,0.85244316
0.68218368,0.57725251
0.29409021,0.29824492
0.62367189,0.61118960
0.89518780,0.93584907
0.89269221,0.93856561
0.50653452,0.36630476
0.65736204,0.58595842
0.36426696,0.38987574
0.81299961,0.87111205
0.87584120,0.83429378
0.91350603,0.41153699
0.92016411,0.95909977
0.91937661,0.92901236
0.67209309,0.61069566
0.90079254,0.89789295
0.70293850,0.74303269
0.92664707,0.85485041
0.94055504,0.88345087
0.25833878,0.27619258
0.87688178,0.95724529
0.85397738,0.83617675
0.30317730,0.49744982
0.94169343,0.94597828
0.83932477,0.87699610
0.90155810,0.94724703
0.87014836,0.90196633
0.87985742,0.92557651
0.65195203,0.73717207
0.67557669,0.69321382
0.93055022,0.94005603
0.89642596,0.88258708
0.89790642,0.90425348
0.93640906,0.88550907
0.52436215,0.45869714
0.89795995,0.88097888
0.22176404,0.25123823
0.92654347,0.92153847
0.88776529,0.94516450
0.64003670,0.57412654
0.88123423,0.87704951
0.92253315,0.96241832
0.74836397,0.82477778
0.31736720,0.29932868
0.79023659,0.69225293
0.56484741,0.97664815
0.86943096,0.90223086
0.54982299,0.60148513
0.73887408,0.79319382
0.77578801,0.78682846
0.73487031,0.89248890
0.56290030,0.35644263
0.77155733,0.80514705
0.85800284,0.84663057
0.65709919,0.65003949
0.83107758,0.64214063
0.64889681,0.59708977
0.38091624,0.20019954
0.90122849,0.88225627
0.16518636,0.15344574
0.88766217,0.92121214
0.85277265,0.67571312
0.84040380,0.76544768
0.88229293,0.97370946
0.88322669,0.84361732
0.78599823,0.82224995
0.50390416,0.37674493
0.84965760,0.90007275
0.88069975,0.89105046
0.94100976,0.96345901
0.89671564,0.87839490
0.78961933,0.71089637
0.91259581,0.89089328
0.66654116,0.75335133
0.90274346,0.89259034
0.08853927,0.06829837
0.91193616,0.94404960
0.93429941,0.96098900
0.36826813,0.62072366
0.69179863,0.48020723
0.66130453,0.81188536
0.89900011,0.89475161
0.91445893,0.88479143
0.89110959,0.85508496
0.91287458,0.92049551
0.67319006,0.63504386
0.88846809,0.84325689
0.93729484,0.86173087
0.78843665,0.84849393
0.57331556,0.45001563
0.83584464,0.87728935
0.93117851,0.88124722
0.60221684,0.52454460
0.51636791,0.55092359
0.85520792,0.90826315
0.77661246,0.78231227
0.91094470,0.89741707
0.88651580,0.86492676
0.51980847,0.15921940
0.45700049,0.29984215
0.64016306,0.43859890
0.93777841,0.99230766
0.81450498,0.84102565
0.26271653,0.17442191
0.55779219,0.70329672
0.39357701,0.40908498
0.50327092,0.40095246
0.49456945,0.48571542
0.44298947,0.49918452
0.94185555,0.88721877
0.30765820,0.08909262
0.84408790,0.82946324
0.83247131,0.75512242
0.91011411,0.92004907
0.90935302,0.88721830
0.60689920,0.53965944
0.94551170,0.94276226
0.87449634,0.85317880
0.78508955,0.90883893
0.74084496,0.61259478
0.22316626,0.41220814
0.67200381,0.76328313
0.89812839,0.94481438
0.83513385,0.82163745
0.76174951,0.79190278
0.10329837,0.14329004
0.66899997,0.54568022
0.86337084,0.91237390
0.80126297,0.64533132
0.91000825,0.89040375
0.17582957,0.23491916
0.85198909,0.70512819
0.95054615,0.87333721
0.72166604,0.50275481
0.26536360,0.41492388
0.70751274,0.83216679
0.89608669,0.84765434
0.89072186,0.87943816
0.92930627,0.91746032
0.82874727,0.84982634
0.83682990,0.68396997
0.78655314,0.84090906
0.81881708,0.70183557
0.67032039,0.77616769
0.85675770,0.94641560
0.59955329,0.61118776
0.57852662,0.68366092
0.33051220,0.45492229
0.90060258,0.80246884
0.71305299,0.71277618
0.83683264,0.86717635
0.62552124,0.76205230
0.95278102,0.96383440
0.50395864,0.43993151
0.35699049,0.38756835
0.92956144,0.91624326
0.36927333,0.31154683
0.87344706,0.91513997
0.94716513,0.96767455
0.17428626,0.18740541
0.78490442,0.66513056
0.30922738,0.25474322
0.93200254,0.94279474
0.84177613,0.81180859
0.94220185,0.94845963
0.90640020,0.97481686
0.36875033,0.18055958
0.38833028,0.19880952
0.23099735,0.38651857
0.71573919,0.80794996
0.70807874,0.82167602
0.95435590,0.96399838
0.83897817,0.84096026
0.81781274,0.85861164
0.76720947,0.65253198
0.43707445,0.45501372
0.41428921,0.42889556
0.92922443,0.92932373
0.72080654,0.59381235
0.92913550,0.91048646
0.91142738,0.92507005
0.95266652,0.88690591
0.17384563,0.23253667
0.91516227,0.92717087
0.86073238,0.90045935
0.87985075,0.93431395
0.83191788,0.90154886
0.78162450,0.88411397
0.35813349,0.43741089
0.86563426,0.83839709
0.91041404,0.91226202
0.31225789,0.31578946
0.42682949,0.40491804
0.88707399,0.93180543
0.89142811,0.88696444
0.91347229,0.93975824
0.87456274,0.95710742
0.92511183,0.93605047
0.92506808,0.91082805
0.62170297,0.60890597
0.89169121,0.90525424
0.91046286,0.90705884
0.90117496,0.75723577
0.86815912,0.76311040
0.91409582,0.83497620
0.80490011,0.93640012
0.91020089,0.89069539
0.81605864,0.81720781
0.57032639,0.63918066
0.72733587,0.91938615
0.67855537,0.87966478
0.75542676,0.02964612
0.89051402,0.90822428
0.67188090,0.71300256
0.53516376,0.57531393
0.83794844,0.88143426
0.78358632,0.85934305
0.76829112,0.64706433
0.84989524,0.96249998
0.84899205,0.92266011
0.81818336,0.83189654
0.79206932,0.77686781
0.62642461,0.59934556
0.74676555,0.76567739
0.82521230,0.84105265
0.92892796,0.91954386
0.15409833,0.12743473
0.80802381,0.62894773
0.78185821,0.41752899
0.53561473,0.50101358
0.73488873,0.78430188
0.79500741,0.68559217
0.63530302,0.60607475
0.86161476,0.88823915
0.85996699,0.84758389
0.80175060,0.75931394
0.14220931,0.23200859
0.29090294,0.38606334
0.94018024,0.89179516
0.91433126,0.94080716
0.62823659,0.46410990
0.73447794,0.65484893
0.77770025,0.31590417
0.33969161,0.24041301
0.91275138,0.94095367
0.80497372,0.87500000
0.43569204,0.61891466
0.90332431,0.92870259
0.24526823,0.27204525
0.60589361,0.45376888
0.77551723,0.57336152
0.92894125,0.87294120
0.79302979,0.85196078
0.89681065,0.85354626
0.90127677,0.97498119
0.56417137,0.42754343
0.89204961,0.94963878
0.41699547,0.45171499
0.91169524,0.96791446
0.91701156,0.86007518
0.89675081,0.83196211
0.90719664,0.85797906
0.83854800,0.91861320
0.55261964,0.35621205
0.86451495,0.85198003
0.76144743,0.79217917
0.47104400,0.17416899
0.94014794,0.91427881
0.80866086,0.87962961
0.64357668,0.47461370
0.84411365,0.92484587
0.94166988,0.91949022
0.54133934,0.60943729
0.65531164,0.77308971
0.87584603,0.87145025
0.50706136,0.55161566
0.71159673,0.63959783
0.34726390,0.34424084
0.74044001,0.69670886
0.55807424,0.71045119
0.79127592,0.73442084
0.36069015,0.45881557
0.67272907,0.66664827
0.87081033,0.93217814
0.93414408,0.81453234
0.62284893,0.75454545
0.76793253,1.00000000
0.81379515,0.93357509
0.73725253,0.71567297
0.80496418,0.84580421
0.72210580,0.80489445
0.70359612,0.77475005
0.84782124,0.74435073
0.90776056,0.88111013
0.31852081,0.25292870
0.85152346,0.93983138
0.89011562,0.94122696
0.88806230,0.85635376
0.90770239,0.80575335
0.77361810,0.85893720
0.70725590,0.93557674
0.89812231,0.90379173
0.40121698,0.14004968
0.93693191,0.83660132
0.92809027,0.93454885
0.47621363,0.26287934
0.85505730,0.91712707
0.51547265,0.65285587
0.77817094,0.76490575
0.64118451,0.58143669
0.25114343,0.12236842
0.87578058,0.93267488
0.91455603,0.95400006
0.84963173,0.85818166
0.92460519,0.91877991
0.79203284,0.72395557
0.70772940,0.80206394
0.04237594,0.10837964
0.45356408,0.16903889
0.91734660,0.91320348
0.80383992,0.68061656
0.89129478,0.93670887
0.43459687,0.37096778
0.87938237,0.87613404
0.93236530,0.90014768
0.66411388,0.89949495
0.91103303,0.91311008
0.72721559,0.51841706
0.89328814,0.89685607
0.82427317,0.86471170
0.82689399,0.83123648
0.24376993,0.25009397
0.92582399,0.92673993
0.91841137,0.89891565
0.79573715,0.84587008
0.93693978,0.90423000
0.74753386,0.73255002
0.89360160,0.92189580
0.94646412,0.88496912
0.77298713,0.71860522
0.75597125,0.74341798
0.93094236,0.92109185
0.77206552,0.99761903
0.42496300,0.46135831
0.73666680,0.71771282
0.93108517,0.87048554
0.74403065,0.72692442
0.51642263,0.57671326
0.75699735,0.88399357
0.33553299,0.40305534
0.89188087,0.88357663
0.90065247,0.94397849
0.45444158,0.66152561
0.65230000,0.75018382
0.91809899,0.93260264
0.82716143,0.85270655
0.74086303,0.55598551
0.59367788,0.68247974
0.88698083,0.90051502
0.90301961,0.96181631
0.83733410,0.95810419
0.84975976,0.88069820
0.85999870,0.83784002
0.78755397,0.88187933
0.78795475,0.54209012
0.61446214,0.77091575
0.80382597,0.81152558
0.63168007,0.61299437
0.92225748,0.87382627
0.71932590,0.62929517
0.90673578,0.88459653
0.92891318,0.97421932
0.21821150,0.30498749
0.29701620,0.23558581
0.76920348,0.89388430
0.76033527,0.64270473
0.20559233,0.35376799
0.90717930,0.95362890
0.90237004,0.95308578
0.34655210,0.49136579
0.94767457,0.96046054
0.78277105,0.69312167
0.92652869,0.94805765
0.86691707,0.81778711
0.84565812,0.84878772
0.82152468,0.85112309
0.77198142,0.73909897
0.84306765,0.89631337
0.77700412,0.54158878
0.19416822,0.11928131
0.87601340,0.79812777
0.77650237,0.79585254
0.75670409,0.81701428
0.84613192,0.83949620
0.82123148,0.89025772
0.67502522,0.65752423
0.84416962,0.75183153
0.92553556,0.84598374
0.88105083,0.89336401
0.92164993,0.92591268
0.83258116,0.20265526
0.92727172,0.91118538
0.89142907,0.87318838
0.39795214,0.39870444
0.90954167,0.95628518
0.94613039,0.93480587
0.87920743,0.68611109
0.75190395,0.80030638
0.68401390,0.58126551
0.90420628,0.89695305
0.64301354,0.67022020
0.49177781,0.55239910
0.80588686,0.85537314
0.87507755,0.94570857
0.91699934,0.87090105
0.40100235,0.34116378
0.93790907,0.91170633
0.82867563,0.75524253
0.72483295,0.78257108
0.87727714,0.71781015
0.58492136,0.55659592
0.30854964,0.23622312
0.94247329,0.90851682
0.70612520,0.69989014
0.86386681,0.82449800
0.58386856,0.36360854
0.80599213,0.74996972
0.88646269,0.98918617
0.45946577,0.58207434
0.74245787,0.79490948
0.90642124,0.89624220
0.58496749,0.72093529
0.45182571,0.47539854
0.76648259,0.71786344
0.44555432,0.30410188
0.91335028,0.92258757
0.84542763,0.85097408
0.88797879,0.97181028
0.91455793,0.97244811
0.69416153,0.74257195
0.89707196,0.83984154
0.93804562,0.95610476
0.93374610,0.89228970
0.89921939,0.95104462
0.46857050,0.48661110
0.72729987,0.23532061
0.92700660,0.94193619
0.82155550,0.94814813
0.74610770,0.76838869
0.86382657,0.91721088
0.80675095,0.71718627
0.83820206,0.87530082
0.77855933,0.80126286
0.85814840,0.87911576
0.87941456,0.87978101
0.71919656,0.76279688
0.71038264,0.59722221
0.85061562,0.77453446
0.86524302,0.83986402
0.24622402,0.33316183
0.90940195,0.92045456
0.16627233,0.16410257
0.88126528,0.87043571
0.94436276,0.94557279
0.95087254,0.89435160
0.89358276,0.87352216
0.83730769,0.78661382
0.87441021,0.93115294
0.45273006,0.33930302
0.92166585,0.96018147
0.91615915,0.88915795
0.55872703,0.62549937
0.37254971,0.42995441
0.89128351,0.86061025
0.73299336,0.82341480
0.70477736,0.61313039
0.91024029,0.85261708
0.90857220,0.93497360
0.93447578,0.93336874
0.91555822,0.92636108
0.77681321,0.70151520
0.44182277,0.43657759
0.90413064,0.89725381
0.87068170,0.89741272
0.80055648,0.92162603
0.93143356,0.96660280
0.88157135,0.87866646
0.86332190,0.92998105
0.83644539,0.94204807
0.44786519,0.40268132
0.94536006,0.96721530
0.93262619,0.82956123
0.90510684,0.93272763
0.37369326,0.28030348
0.85088319,0.84774113
0.66317761,0.66428322
0.87825531,0.85773218
0.89994097,0.83218777
0.73956794,0.67524999
0.90674567,0.86763257
0.69437820,0.45857561
0.66075569,0.55131948
0.72550023,0.57006878
0.88162333,0.91356343
0.24813260,0.35344827
0.78468579,0.68637580
0.77608788,0.85277158
0.37149334,0.51030177
0.92774439,0.86988801
0.88686210,0.89293605
0.55048192,0.51675773
0.92337483,0.91071427
0.91505653,0.91369045
0.83572191,0.76848835
0.13578871,0.12009080
0.27892300,0.33951929
0.58342934,0.57617915
0.84643835,0.73087358
0.85813171,0.89735472
0.75293416,0.20103613
0.36518666,0.39131579
0.91943753,0.91408473
0.86119646,0.85691029
0.92033511,0.91631782
0.73350036,0.77734041
0.76907361,0.56578946
0.92435730,0.90342987
0.88108319,0.80230767
0.52439547,0.64375412
0.90218014,0.93873984
0.82443613,0.73178452
0.89359623,0.90988481
0.29040247,0.25153777
0.87983221,0.86816931
0.58052260,0.52582270
0.81421310,0.84114772
0.94582093,0.93597382
0.07395284,0.05177786
0.93820161,0.94183105
0.87704122,0.83697361
0.91444814,0.88469118
0.72881186,0.21718000
0.14664336,0.13375518
0.83695906,0.88863069
0.86344260,0.89505064
0.91724616,0.93717951
0.91883951,0.96428573
0.52822685,0.42815128
0.61276776,0.82392406
0.59753847,0.71136653
0.79396147,0.72151899
0.39767206,0.29105273
0.90785408,0.88285232
0.91742343,0.95917141
0.90784556,0.88766891
0.76514643,0.75831223
0.93790048,0.94079292
0.36431471,0.27233332
0.89137113,0.92894202
0.85008436,0.74482477
0.68677139,0.68835163
0.56126368,0.69626689
0.75608426,0.76337951
0.58387011,0.52755839
0.29889724,0.48439011
0.83762437,0.81957686
0.70969105,0.64755809
0.82957387,0.69263530
0.92846328,0.93752217
0.57333207,0.59006566
0.82875478,0.81194216
0.70612383,0.55855328
0.85398036,0.92853534
0.40235713,0.31734344
0.92750955,0.92831528
0.68470556,0.72871143
0.94544345,0.90732759
0.93897897,0.91167587
0.87915355,0.89145327
0.68437099,0.60457516
0.42449042,0.55800653
0.66899389,0.51890302
0.89506036,0.91044778
0.76656055,0.80315363
0.90431690,0.93414629
0.31909904,0.30079299
0.93400800,0.86599702
0.82978135,0.84880590
0.40374032,0.32693663
0.75937945,0.79857057
0.68322867,0.81092477
0.92810351,0.92455530
0.54043865,0.51497561
0.70862550,0.89615589
0.58290964,0.40874887
0.90411979,0.89347422
0.89475644,0.88959527
0.86880666,0.89362514
0.87007308,0.94016254
0.92291176,0.70615774
0.73073518,0.74715853
0.82751995,0.77799922
0.33484590,0.38993159
0.77908474,0.88015294
0.77082098,0.73414218
0.89084840,0.91260988
0.65487552,0.58093786
0.61008328,0.32032537
0.89462614,0.91386050
0.89069420,0.83528072
0.90902019,0.90238804
0.81203955,0.86159825
0.58243704,0.55233061
0.54859513,0.84287149
0.84808791,0.95948678
0.68623346,0.78245258
0.82354814,0.85784400
0.84031278,0.82536179
0.39845905,0.40037879
0.37671554,0.37431037
0.86668152,0.82199389
0.94133711,0.53693014
0.80699003,0.78574461
0.23139736,0.22848853
0.88168085,0.82250047
0.74551231,0.73024690
0.89183843,0.89206827
0.86574775,0.92170960
0.61945951,0.44967532
0.80329430,0.92603070
0.62377179,0.51326311
0.66610467,0.78067976
0.81652492,0.88254195
0.66085351,0.77216905
0.88775790,0.94628650
0.88898891,0.84378111
0.86959678,0.84498900
0.72804868,0.65070677
0.82420820,0.87078249
0.89952135,0.88635421
0.90250462,0.87408596
0.68917114,0.68906432
0.55497646,0.49958915
0.92704135,0.91602910
0.84861863,0.84021819
0.83164006,0.78692722
0.74866104,0.58999157
0.88903284,0.84815788
0.81333739,0.84443849
0.71892637,0.78091633
0.75590086,0.84737122
0.26857191,0.17152122
0.58474398,0.54855615
0.94454396,0.94437683
0.94018573,0.92429012
0.72289300,0.55621076
0.82993668,0.81466025
0.87618452,0.80726790
0.83289361,0.78682929
0.92837512,0.94617754
0.88230062,0.88148147
0.50288153,0.67054486
0.71205705,0.85064381
0.86813992,0.92771083
0.87598974,0.75047678
0.96237200,0.95686454
0.78850299,0.87358367
0.19734643,0.23834726
0.67909127,0.77629673
0.85719734,0.89035308
0.94080293,0.97187579
0.90834570,0.90651137
0.77094340,0.90096408
0.63418925,0.53995329
0.93790591,0.98958331
0.77908784,0.76987988
0.92972887,0.91929823
0.68916070,0.66241825
0.77274817,0.64942288
0.92464083,0.89044762
0.63502955,0.67610937
0.74171233,0.72676283
0.78812242,0.76720375
0.83240193,0.83216292
0.92631084,0.90534341
0.89649618,0.96796197
0.86389738,0.87003565
0.65680701,0.63031000
0.92780828,0.92950636
0.86819988,0.88743019
0.90324426,0.87090665
0.84920120,0.70694989
0.90648717,0.97563297
0.85218036,0.79623288
0.91360015,0.88405353
0.39234883,0.49265650
0.92728114,0.99444443
0.82748729,0.79036933
0.79874068,0.70986301
0.93214595,0.92288488
0.41832411,0.30756614
0.61895621,0.68696600
0.86660528,0.86625421
0.42618108,0.35050800
0.49727178,0.46106213
0.68255574,0.44303864
0.90650541,0.87660164
0.80861378,0.83545738
0.86417216,0.85069126
0.88714737,0.81162632
0.44571051,0.57950193
0.63929832,0.73750222
0.94424200,0.95530301
0.95345742,0.95363468
0.38570532,0.32808661
0.56706142,0.55121565
0.90334880,0.92689967
0.89388669,0.90217435
0.91892290,0.88427126
0.72592664,0.65315610
0.89045739,0.87675571
0.78613889,0.66503936
0.06490006,0.11494103
0.69151497,0.67119473
0.80087614,0.79233122
0.54930317,0.66094005
0.80786699,0.93963963
0.65985304,0.69750714
0.80108219,0.85764241
0.47823286,0.52840298
0.65544051,0.73471564
0.87416881,0.89596272
0.63544196,0.35766375
0.70312232,0.63896549
0.40933576,0.40296757
0.86306202,0.88704634
0.48814386,0.45070335
0.76127845,0.83443046
0.47445333,0.47934622
0.68351769,0.67756408
0.91974765,0.93684494
0.52098686,0.56713766
0.82907259,0.90593648
0.63347971,0.70142967
0.45399013,0.50965667
0.83171916,0.88671875
0.61990118,0.52885211
0.92138237,0.83463115
0.26746631,0.34641609
0.92752630,0.82876712
0.89902020,0.91406453
0.31277081,0.30129331
0.34506583,0.63616073
0.42530802,0.04845155
0.81472933,0.88600469
0.62237757,0.61904764
0.54087913,0.45204136
0.84101188,0.81475151
0.69729394,0.90451390
0.21613695,0.22177146
0.24921747,0.29945654
0.77888018,0.68983757
0.90947974,0.91415662
0.90513396,0.87006044
0.68269086,0.80337584
0.93624341,0.96874243
0.87867767,0.88009894
0.76521856,0.85188872
0.95556009,0.93316805
0.93786132,0.90077287
0.80644286,0.80911100
0.14667836,0.11408894
0.85040593,0.85279375
0.90174854,0.93032849
0.88130862,0.91492677
0.78796113,0.90733528
0.78686810,0.81771487
0.85181338,0.91498768
0.91569513,0.95652425
0.95261526,0.90646917
0.62852132,0.64652777
0.78028107,0.58315706
0.92271399,0.85891318
0.71034253,0.69257730
0.88491386,0.94185799
0.86124182,0.88832200
0.80558032,0.85598040
0.80599314,0.78168249
0.88292623,0.90263158
0.81162304,0.83303654
0.88733935,0.91967493
0.80942369,0.71624804
0.89430124,0.80990237
0.93401188,0.90912700
0.78227139,0.80256462
0.71815115,0.59552443
0.33411196,0.23681186
0.61924005,0.50253379
0.59732240,0.54191619
0.21750490,0.18189681
0.47763115,0.42438155
0.75279659,0.72044647
0.87777311,0.91439730
0.92971885,0.91684574
0.93700325,0.92506206
0.29607856,0.24160588
0.38585901,0.27595365
0.92340618,0.85697168
0.67673379,0.66573411
0.79670191,0.89220566
0.68558186,0.47112080
0.73967850,0.48271435
0.80739576,0.77254188
0.88473910,0.96651059
0.85725200,0.72334933
0.91901612,0.64689296
0.29226914,0.72345650
0.17860736,0.18042041
0.79111594,0.60098600
0.73616642,0.49399674
0.74501193,0.71402138
0.92214245,0.94178361
0.47627270,0.29500368
0.87110358,0.90296113
0.16900010,0.05136472
0.90619791,0.94964486
0.33615112,0.47654912
0.54186529,0.55289757
0.85379314,0.81119543
0.73972756,0.90784472
0.92955786,0.89685374
0.81556213,0.67636144
0.69642991,0.40288460
0.46713799,0.42986614
0.96296138,0.98393756
0.62328535,0.61065215
0.70964259,0.65012896
0.91703111,0.95646000
0.58653754,0.50420672
0.93034911,0.87978321
0.96373582,0.92094803
0.80213630,0.66511738
0.63479555,0.60660034
0.27632308,0.44250327
0.89809954,0.89464885
0.94900441,0.92523944
0.93979263,0.94815439
0.79020709,0.88486564
0.82863718,0.83461541
0.84751332,0.87142307
0.77236950,0.83375567
0.71550155,0.56789601
0.75768250,0.84102881
0.87665313,0.85782647
0.63513750,0.67394406
0.91242915,0.95129144
0.77536249,0.59579164
0.91684556,0.87803340
0.86150634,0.86035794
0.74328208,0.66070873
0.68450028,0.82681078
0.79313511,0.67062145
0.54721385,0.58097559
0.42187762,0.39346027
0.21220350,0.34014612
0.32260618,0.21975319
0.76512241,0.59207392
0.78957742,0.87201297
0.78875679,0.78771836
0.77541411,0.70762616
0.78008866,0.67272651
0.84921139,0.87387979
0.89897674,0.96345621
0.45687166,0.42077038
0.42143956,0.15829608
0.92204726,0.91199678
0.92856389,0.95495719
0.36704925,0.35403588
0.56052321,0.66532016
0.89651179,0.92055923
0.66745168,0.91490322
0.94350725,0.97001278
0.89926648,0.88018858
0.87659311,0.93117476
0.96217322,0.95382863
0.85642731,0.86244410
0.77455336,0.73442101
0.90443152,0.91228068
0.76170027,0.93927830
0.58388549,0.46267676
0.69144464,0.70179617
0.92377067,0.91501409
0.94151598,0.91996789
0.56002486,0.54710144
0.35130975,0.31135127
0.88955963,0.93886197
0.89237612,0.90465760
0.89314699,0.94040430
0.64821798,0.66389376
0.85611999,0.82772726
0.93551397,0.91983473
0.36135691,0.39805523
0.87086046,0.87549829
0.68916190,0.66744733
0.89477986,0.79849559
0.87536895,0.85115749
0.72968048,0.81344086
0.87873220,0.87896824
0.86667436,0.66121429
0.76472944,0.55836362
0.66033190,0.51431823
0.88737482,0.87147808
0.92935950,0.91590399
0.87274665,0.90799302
0.93139201,0.85250485
0.92215705,0.96512985
0.91918802,0.95205468
0.89128011,0.91211528
0.63545722,0.65570402
0.72924185,0.75059289
0.87096906,0.72716153
0.79362619,0.57137841
0.77878648,0.76650643
0.94119275,0.91661173
0.67445463,0.76482922
0.79746091,0.74185425
0.34021378,0.31294981
0.93682915,0.96527582
0.86966252,0.85145080
0.88364118,0.80889010
0.72948760,0.76749974
0.55132109,0.41971815
0.90497792,0.84762043
0.74652147,0.87377679
0.23173562,0.40974379
0.54340941,0.66561794
0.87259769,0.82890910
0.84577465,0.86212122
0.75395745,0.68294156
0.20825274,0.31551424
0.82326603,0.72432435
0.87872171,0.87636930
0.87496674,0.89229268
0.38736594,0.70499414
0.95757663,0.94096440
0.83408266,0.69155443
0.39858618,0.42263299
0.85934246,0.78516775
0.87602985,0.73881149
0.58315921,0.26188931
0.80871683,0.92157781
0.71615154,0.71014494
0.69677746,0.63020581
0.34191990,0.46329337
0.57060438,0.48507112
0.66341585,0.77320921
0.57488102,0.51368695
0.96274966,0.95154363
0.60142910,0.82196611
0.33514386,0.31492946
0.86406165,0.86184406
0.90913731,0.91306508
0.80185628,0.81522924
0.32870764,0.29763985
0.88868904,0.91791171
0.88295132,0.84123367
0.90485942,0.86639059
0.68312556,0.70728254
0.41595477,0.50532764
0.83347011,0.75413793
0.79539013,0.79802209
0.44172138,0.06908450
0.38314211,0.46709225
0.57076526,0.48625547
0.79533881,0.91732252
0.90177339,0.91885495
0.65140975,0.35408440
0.87738073,0.91003817
0.67719328,0.76037735
0.70217574,0.57758534
0.95182920,0.90748078
0.95282495,0.92078489
0.64424360,0.43711427
0.90192384,0.89867485
0.49432570,0.58305603
0.75446904,0.66135561
0.59115642,0.60321182
0.70535356,0.78839141
0.87997103,0.87336266
0.91780347,0.91758722
0.91997409,0.82968795
0.92287654,0.94885772
0.76952797,0.74861449
0.94703269,0.87827450
0.80086917,0.85758328
0.76402599,0.82503259
0.81761968,0.79437703
0.87236112,0.77544993
0.79406536,0.96475953
0.94918042,0.88080531
0.90811020,0.93811256
0.53523904,0.53290743
0.93110353,0.88905644
0.85123104,0.82162529
0.85688889,0.82956201
0.61837262,0.54464805
0.75024217,0.85636365
0.92737544,0.93567741
0.60562968,0.62207139
0.76187378,0.75282866
0.81400710,0.83056438
0.65296000,0.60219049
0.68669152,0.59485096
0.83478403,0.92739350
0.34861916,0.36347941
0.85949063,0.93956929
0.62879109,0.58518565
0.29886723,0.31247404
0.90349311,0.84383649
0.56094700,0.60194921
0.84820670,0.90385151
0.91613144,0.91632074
0.82102805,0.79541570
0.86945754,0.92923933
0.87310201,0.87799019
0.85274309,0.91084057
0.55153143,0.60825026
0.79306734,0.80930573
0.53494900,0.44092557
0.91437232,0.93097347
0.87503219,0.94509882
0.78415853,0.82213134
0.75991416,0.79500026
0.77520615,0.73055553
0.73026514,0.65812683
0.80977011,0.89912975
0.82197613,0.60179102
0.77861589,0.67281604
0.79328126,0.68463725
0.90483630,0.98814118
0.40701094,0.46337771
0.60593861,0.68644661
0.82448727,0.84266508
0.75161332,0.79233730
0.82896894,0.84904999
0.44057533,0.62392473
0.88840425,0.87537408
0.88578296,0.86046410
0.84286577,0.92244172
0.63458669,0.12338441
0.84959948,0.92666966
0.92616123,0.89816177
0.90577197,0.92510438
0.80495018,0.78233039
0.83837813,0.88588852
0.67594671,0.63951617
0.88996989,0.89922249
0.47659647,0.43105555
0.28611127,0.26039925
0.72985542,0.57132524
0.36162999,0.52865130
0.32383856,0.34113720
0.92495906,0.85555959
0.72583312,0.68694735
0.88170868,0.94155842
0.53206807,0.67960298
0.93179840,0.98026317
0.65960002,0.71152312
0.80058384,0.11945333
0.89502895,0.91170597
0.94888788,0.94761902
0.92217571,0.87409574
0.62067366,0.63698959
0.91250199,0.91972297
0.77071637,0.60412472
0.16483021,0.17510287
0.66476983,0.65124583
0.94636065,0.94237727
0.87158698,0.81131107
0.90031224,0.85678673
0.87255138,0.89682353
0.74550372,0.68675578
0.80729717,0.69969225
0.88342744,0.89197922
0.93279034,0.93751657
0.53224021,0.52735651
0.69721591,0.67539680
0.84933847,0.81089741
0.95483267,0.93118787
0.29165179,0.23821059
0.83752966,0.88850033
0.27379328,0.29759315
0.90168709,0.98387098
0.83764070,0.68531996
0.94181681,0.90717655
0.68498850,0.63645130
0.73945868,0.63410997
0.69427168,0.56390709
0.42752638,0.38640112
0.51470625,0.59971195
0.73771638,0.81190509
0.67418510,0.77822804
0.93230003,0.94847524
0.55404693,0.50519210
0.90767610,0.93418801
0.93661809,0.94858783
0.87114310,0.86462289
0.91841882,0.93756014
0.87961847,0.81495655
0.47457454,0.48136434
0.57704335,0.37597519
0.64344847,0.70359051
0.54412854,0.62592953
0.58188343,0.51125449
0.58053952,0.54233509
0.92725807,0.87815273
0.44430080,0.49069935
0.82033050,0.90702724
0.95221102,0.93976974
0.89063537,0.93013632
0.85007799,0.91496599
0.55043906,0.46256721
0.62801224,0.81667751
0.56903625,0.61455625
0.86238831,0.86431748
0.91517866,0.92088908
0.95888734,0.95627242
0.34990832,0.35047990
0.39283466,0.27582550
0.90441597,0.89698404
0.51021016,0.49309525
0.58353883,0.59674865
0.81830698,0.90041858
0.89641112,0.84657222
0.74607366,0.74964249
0.79201907,0.84259510
0.94511104,0.92773968
0.92304730,0.86005497
0.51005542,0.43663746
0.53272742,0.65562260
0.81138831,0.77084839
0.88483924,0.88929200
0.80867243,0.56137246
0.74545616,0.95222330
0.80095196,0.93880033
0.80068159,0.61130273
0.80439019,0.66463548
0.60507506,0.57126212
0.76954585,0.81140125
0.90343916,0.87110692
0.61642343,0.51611155
0.78712302,0.82379520
0.88597256,0.92742449
0.75515801,0.86062193
0.92413682,0.87861025
0.80024093,0.76460183
0.63363004,0.62398291
0.88032323,0.88543117
0.81071800,0.65755576
0.68231636,0.71240228
0.88880205,0.88966560
0.67287534,0.61563998
0.24155539,0.27041593
0.89431858,0.82627690
0.41104576,0.36762342
0.48025823,0.70276552
0.71476543,0.76733917
0.54097301,0.50571364
0.90368110,0.89392662
0.85204321,0.70371163
0.87868631,0.92180008
0.89745635,0.95222223
0.94985980,0.97394812
0.84879023,0.87787205
0.33516350,0.26346931
0.82802242,0.60044956
0.91368651,0.88773692
0.93893743,0.94300526
0.73002118,0.65546620
0.78561991,0.88994503
0.91297543,0.94645202
0.83063138,0.85202897
0.85341936,0.84666324
0.94089168,0.92938083
0.60124075,0.65601927
0.62382656,0.79284823
0.76025558,0.86666667
0.50901455,0.49213353
0.91167253,0.90919971
0.45893863,0.37278584
0.57881343,0.61247760
0.93262124,0.98069954
0.92264479,0.89074618
0.81570774,0.92161173
0.83830917,0.78991175
0.61284870,0.50117564
0.89888984,0.92743641
0.91602510,0.93714100
0.59749502,0.62839681
0.89118993,0.86453646
0.62644488,0.51834238
0.62684059,0.51592159
0.88908237,0.91337049
0.82696611,0.84103644
0.27151197,0.26368701
0.94164342,0.94897270
0.82245159,0.86834514
0.81475204,0.83479828
0.41703206,0.32072389
0.88784891,0.91436714
0.87945682,0.92822248
0.85152876,0.66482651
0.77889246,0.87753588
0.95871001,0.95978361
0.88492095,0.88037038
0.71748722,0.82229638
0.85924828,0.81553066
0.89832890,0.90870708
0.25945234,0.22173683
0.78164220,0.81991667
0.86526132,0.88727701
0.89137232,0.97264469
0.91225690,0.88453460
0.44443935,0.39998743
0.79487050,0.72426903
0.40108547,0.37020344
0.57945704,0.62159497
0.85349482,0.80033547
0.82983017,0.87703180
0.79880756,0.72613961
0.94412595,0.91932911
0.80846703,0.80875707
0.86093986,0.96621388
0.77804524,0.73590565
0.57167530,0.53175282
0.90158051,0.95569479
0.62961841,0.85787910
0.91592938,0.91462767
0.84546214,0.84964156
0.92990118,0.92041367
0.65758657,0.43037850
0.69284964,0.65663856
0.27685699,0.34939492
0.96446991,0.91933256
0.75860763,0.79794973
0.91015488,0.24443860
0.12673636,0.19908604
0.87407362,0.92154646
0.70028049,0.79469872
0.65924895,0.67562401
0.73225492,0.79151249
0.69950300,0.66866726
0.83985811,0.84853733
0.63430572,0.66561460
0.64413828,0.81181318
0.14420296,0.16883211
0.67590219,0.69151980
0.94287598,0.94042695
0.59331751,0.57627106
0.37949282,0.52826089
0.93276131,0.93764573
0.89822465,0.87558526
0.41016358,0.41945186
0.50471503,0.40059206
0.94449568,0.93563622
0.85133445,0.81188291
0.19860545,0.14387700
0.44233811,0.67460316
0.80169106,0.75912517
0.78431785,0.69298339
0.91208291,0.92375308
0.89503634,0.94433659
0.65946233,0.33902389
0.91168791,0.88370687
0.57183152,0.60963219
0.80700308,0.91833335
0.47881615,0.58405799
0.75558031,0.75930297
0.91901410,0.87258023
0.92576146,0.93895632
0.49053973,0.43178505
0.49857992,0.38442686
0.47140083,0.56603146
0.68503779,0.71205699
0.41484061,0.32590580
0.91438884,0.88000000
0.16536039,0.09435582
0.94792688,0.93921590
0.85879266,0.94690579
0.90714812,0.86420643
0.79254669,0.86055839
0.91651952,0.82858294
0.89984673,0.91889256
0.88320047,0.79470009
0.53420341,0.47681984
0.89940351,0.91692543
0.83241194,0.76311851
0.59480321,0.53652096
0.58179206,0.43902439
0.93542856,0.92598152
0.30758348,0.14750355
0.31362361,0.12500930
0.87321043,0.94349796
0.87459821,0.90295762
0.93535072,0.93720138
0.94305837,0.90058959
0.19704790,0.21902834
0.45941031,0.37369376
0.54696476,0.24889717
0.90266532,0.96393663
0.69062108,0.78216499
0.79022217,0.79706925
0.21239546,0.23380351
0.85608959,0.80832392
0.77995557,0.81209868
0.75389707,0.72360629
0.91012812,0.93560302
0.36814165,0.42252624
0.82697463,0.76539201
0.89299232,0.97972971
0.91805971,0.96800590
0.81278718,0.77814007
0.78374392,0.67242688
0.70943439,0.55221295
0.67224604,0.48824480
0.03530508,0.07052541
0.91140658,0.89690268
0.92595625,0.92507643
0.44802871,0.54578048
0.91626596,0.91136366
0.93316317,0.91526860
0.80008996,0.88864428
0.23701641,0.31234205
0.70625067,0.68848288
0.93132901,0.90304595
0.58087450,0.56129384
0.88204336,0.84524548
0.40372071,0.30743930
0.34142238,0.52422714
0.79742396,0.71524698
0.61189920,0.64460522
0.83478928,0.90030444
0.95055997,0.94745803
0.87413186,0.88062829
0.87960958,0.92783791
0.89703017,0.92027003
0.17068891,0.17943431
0.83649606,0.95145631
0.91466057,0.93441278
0.62484485,0.68503690
0.91613567,0.87123710
0.89524609,0.88809526
0.68349886,0.69953054
0.70865250,0.81813127
0.23008378,0.37159628
0.45856348,0.29625952
0.30172548,0.28532243
0.88210088,0.85054159
0.73494428,0.92562938
0.86087978,0.87106997
0.90781802,0.84478593
0.63257152,0.73150969
0.89226294,0.92903388
0.87735915,0.76272196
0.07110059,0.08568238
0.78420961,0.76789194
0.66134268,0.81197923
0.52209735,0.48532185
0.75255805,0.79078865
0.66641784,0.65116352
0.90190351,0.96470785
0.50508630,0.55118233
0.77751327,0.78396225
0.87408906,0.77738202
0.85943991,0.86583269
0.83578759,0.84166664
0.77946413,0.70324481
0.93650323,0.94711012
0.70632374,0.85160482
0.92245787,0.93683344
0.66822225,0.58848786
0.81518966,0.88028342
0.93542325,0.84917581
0.58753759,0.70565295
0.43714783,0.41524440
0.37142617,0.54964250
0.52522492,0.69148803
0.87725443,0.95602828
0.88472426,0.83180285
0.73822862,0.79387879
0.49967536,0.47865498
0.70963770,0.90606135
0.94261932,0.95982093
0.85900110,0.81467670
0.89852482,0.78690267
0.43303329,0.17064413
0.84170330,0.84632868
0.89525372,0.93790323
0.86690170,0.85245901
0.76586330,0.47078872
0.89522439,0.84759617
0.66427410,0.76904571
0.84752417,0.67385155
0.78300738,0.73476619
0.82956487,0.88548368
0.63123167,0.70113432
0.84161270,0.84885603
0.87660736,0.90338469
0.85966223,0.82758075
0.66399872,0.52502859
0.71808362,0.65216792
0.70203042,0.62694097
0.85709763,0.83595008
0.87488973,0.93602693
0.89788491,0.83276290
0.90602046,0.85947710
0.76904577,0.79183537
0.91037101,0.95738298
0.53913897,0.66735572
0.52726889,0.64438772
0.61216897,0.56597847
0.76899189,0.64929682
0.62882280,0.61122042
0.71742958,0.66178775
0.83172363,0.65776700
0.87496400,0.89681071
0.76183170,0.76346344
0.88775808,0.95932311
0.92231297,0.92198241
0.36159369,0.48826945
0.05815699,0.10680799
0.69061452,0.68948412
0.33536273,0.29136214
0.87558025,0.97972971
0.80166906,0.80772376
0.73316318,0.76360542
0.87163985,0.84191996
0.81671518,0.77688491
0.69909877,0.78312802
0.88478804,0.84217387
0.88193297,0.90997022
0.92730534,0.90726715
0.92891502,0.93198651
0.92340469,0.81842673
0.87205720,0.79706222
0.84139562,0.80172646
0.33950028,0.31707820
0.91074342,0.95548791
0.80633539,0.86841512
0.85348129,0.84227818
0.88379163,0.84136605
0.86416674,0.84452415
0.84610718,0.83379704
0.74603879,0.80149972
0.44683611,0.48747450
0.95033616,0.98148149
0.87562907,0.87855417
0.70449120,0.64632630
0.12021057,0.13333993
0.74490023,0.59449309
0.78136683,0.80787051
0.48177475,0.39782366
0.86250323,0.89029396
0.83360237,0.83938628
0.34608170,0.47833067
0.74332142,0.68499780
0.60578972,0.60607290
0.90315926,0.93123323
0.92850506,0.86792201
0.90558583,0.88176209
0.48135427,0.62249100
0.86929291,0.87446427
0.86122644,0.85988402
0.70699620,0.83945477
0.87168336,0.92678893
0.70399398,0.45893669
0.77355295,0.76620084
0.69852901,0.65751547
0.89452654,0.86638761
0.92772377,0.93196636
0.71138030,0.91527689
0.46695399,0.43201447
0.73564249,0.69329590
0.83018297,0.82569033
0.93410486,0.90167713
0.88611424,0.93781269
0.74226314,0.99166667
0.10695775,0.07119388
0.82162178,0.91083103
0.81411290,0.85227573
0.30160451,0.22015037
0.43102106,0.33580360
0.79404914,0.71583664
0.77425247,0.69845706
0.90253013,0.93265718
0.81219804,0.74616790
0.37639344,0.17975725
0.32379130,0.64841282
0.49609491,0.58648145
0.81718260,0.76639825
0.54280460,0.58259737
0.69817746,0.57789510
0.71866930,0.73101193
0.91623563,0.88887489
0.89370763,0.92653334
0.86042351,0.77204609
0.94583708,0.94158655
0.77915680,0.73460716
0.92227381,0.85845518
0.94316274,0.96074772
0.81743962,0.76332963
0.92021215,0.92130870
0.78506106,0.63106823
0.78966469,0.86904764
0.70904166,0.62137681
0.73851156,0.69717968
0.67754179,0.62352329
0.92719340,0.19285475
0.78616267,0.93114913
0.63326794,0.67452687
0.91756594,0.93856800
0.41981691,0.34905660
0.81996357,0.75569052
0.82679570,0.56770831
0.83342826,0.92663145
0.87469476,0.94022715
0.68818694,0.67264873
0.90831602,0.88423645
0.75788492,0.86261904
0.69026029,0.60852438
0.78313625,0.53065002
0.63878489,0.68030012
0.54536533,0.47194296
0.94314766,0.93220341
0.91548675,0.89097673
0.76985526,0.66884613
0.88934541,0.88850945
0.80361849,0.88932097
0.22960189,0.16695653
0.57796371,0.61830258
0.75201857,0.67327338
0.74424756,0.85753751
0.61096400,0.53779238
0.78262472,0.86649662
0.89966244,0.89299858
0.92287695,0.96202534
0.68397951,0.57181078
0.62459683,0.60144925
0.91427463,0.85056043
0.85521531,0.78023899
0.93324220,0.91588992
0.38633645,0.28081399
0.61395359,0.75372505
0.78181827,0.80725032
0.73318273,0.72609496
0.93608838,0.98553824
0.81396115,0.78690523
0.79495227,0.88962543
0.14565852,0.12251612
0.93689704,0.96561623
0.78997821,0.81306690
0.93693674,0.93226063
0.83082360,0.90780938
0.83756787,0.95410550
0.47273707,0.50064051
0.84263545,0.17005523
0.78297961,0.67373949
0.84913516,0.94060165
0.83875787,0.84559554
0.23181409,0.26626548
0.93849581,0.94038880
0.84013593,0.93379462
0.83676952,0.86828297
0.85861039,0.93649572
0.93131858,0.87033379
0.41528425,0.30239484
0.49244294,0.75320405
0.74342477,0.64618421
0.82062864,0.80412138
0.80690306,0.84704185
0.94005519,0.96123320
0.92372406,0.99000001
0.76651043,0.79330862
0.87019646,0.84130782
0.56008106,0.56824267
0.88792127,0.93353629
0.90827078,0.94065863
0.73559028,0.83396387
0.94500417,0.86737651
0.94339079,0.93076921
0.86053580,0.81203127
0.91505253,0.91948223
0.93715954,0.96731538
0.57345682,0.66242820
0.62338853,0.50470990
0.93726206,0.95643938
0.65826130,0.72128850
0.89606142,0.84586579
0.71181864,0.76629037
0.89274395,0.91518635
0.86113685,0.65751314
0.79699582,0.86267960
0.95834869,0.92284340
0.80554885,0.71982896
0.51970267,0.44666255
0.73666346,0.80244207
0.36137044,0.55172747
0.90557086,0.89200079
0.67364460,0.57812291
0.75073594,0.70387191
0.61243778,0.35829931
0.85079551,0.78926712
0.48441920,0.62279826
0.67751050,0.63501704
0.92406136,0.95910424
0.67128891,0.80791867
0.45075557,0.37608716
0.81975275,0.60309088
0.37024531,0.67371470
0.90606272,0.80536258
0.73545468,0.70601851
0.86054897,0.77915603
0.57550532,0.49406329
0.80429572,0.89151007
0.93841237,0.94268775
0.73179674,0.73738050
0.87561309,0.92052633
0.90181214,0.83014584
0.67270023,0.46121386
0.87426549,0.83173078
0.82494998,0.88455808
0.70063752,0.66780853
0.83292747,0.95223755
0.89076853,0.83463120
0.68509519,0.56047386
0.81110066,0.71757340
0.38679096,0.27852824
0.14858858,0.19048506
0.72460574,0.73409849
0.90856856,0.93607050
0.79460317,0.67824072
0.31206313,0.52498394
0.65741193,0.47280738
0.86774266,0.77034056
0.74323684,0.58825344
0.57961380,0.51538432
0.60884273,0.48177847
0.56598818,0.58467114
0.90908456,0.90775782
0.93309426,0.92439532
0.75863981,0.67871708
0.66627735,0.68213701
0.67183971,0.80082154
0.63032502,0.75862384
0.48116967,0.33779141
0.92246044,0.98343235
0.86901629,0.88749582
0.73945224,0.73438913
0.82339376,0.72330016
0.53662419,0.67253858
0.82022744,0.87918276
0.36776605,0.28183806
0.94398290,0.97442567
0.71555102,0.69661677
0.93450809,0.94012767
0.92094153,0.92631358
0.87747550,0.88204587
0.91824901,0.93467259
0.34910077,0.41041511
0.86205590,0.91388887
0.87392473,0.84910339
0.85393834,0.96799505
0.81606328,0.92860109
0.81957692,0.83098817
0.89273429,0.93587887
0.94038939,0.96623707
0.87581348,0.91050261
0.72966069,0.90038919
0.74062628,0.86312574
0.86455745,0.82508343
0.87718374,0.88796860
0.61899573,0.39896694
0.29904804,0.33061740
0.75135165,0.88319206
0.39225113,0.41717896
0.49138331,0.55536669
0.95048326,0.90886855
0.88393962,0.57984751
0.94055259,0.90169120
0.80817449,0.81267005
0.91864747,0.94749999
0.86258245,0.84824699
0.89981544,0.91906285
0.84057736,0.81047422
0.94234222,0.97802615
0.77849931,0.91478366
0.44221538,0.44305736
0.73790640,0.78115833
0.91968453,0.94915253
0.78648549,0.87132651
0.65465146,0.69052649
0.84337038,0.76175255
0.64026171,0.71315020
0.47261196,0.58285314
0.54452330,0.52807713
0.93093246,0.98107141
0.67543054,0.65546507
0.37516296,0.44111520
0.58688027,0.56628370
0.64984715,0.73233843
0.93480068,0.96042806
0.51822621,0.55050504
0.71439415,0.66516650
0.90710080,0.86129528
0.85490108,0.82908076
0.76451695,0.74611723
0.66251653,0.76525813
0.87009722,0.90927100
0.70497561,0.60400087
0.74063301,0.94416016
0.84436506,0.66264325
0.87932819,0.09637783
0.95724100,0.96862489
0.65396696,0.80731523
0.94039613,0.92791831
0.61377406,0.55941457
0.72583961,0.60825813
0.87075353,0.86800700
0.88006461,0.97567004
0.66865689,0.66535783
0.71138352,0.72670645
0.86148196,0.86571139
0.91403943,0.91038311
0.81678420,0.59109044
0.79198688,0.82247573
0.46702886,0.45888653
0.93349028,0.91079795
0.48315001,0.49548846
0.90440387,0.89794171
0.10684846,0.11910129
0.97079921,0.89069951
0.19029069,0.15725546
0.89315915,0.96538460
0.93522042,0.94564301
0.78410548,0.71695369
0.84937239,0.62296212
0.55093992,0.53124499
0.69198251,0.65715879
0.80073732,0.66834688
0.43734637,0.21868169
0.58546072,0.55416667
0.61167938,0.43706784
0.78579473,0.80063033
0.92915165,0.90268874
0.72131872,0.60752630
0.53238034,0.61615503
0.26296309,0.37033582
0.54018021,0.61427045
0.92077565,0.97887844
0.91261762,0.90608376
0.55896211,0.56728727
0.94480604,0.97202671
0.49071902,0.35575166
0.90556931,0.92224234
0.67350769,0.63843971
0.32667205,0.30286923
0.84922808,0.91054130
0.72594118,0.68342865
0.39675021,0.28797027
0.22728886,0.20291358
0.87157446,0.86948252
0.68288183,0.91682285
0.87257910,0.78800392
0.91559207,0.87119436
0.63199234,0.43287298
0.71820915,0.70836127
0.15019111,0.32228628
0.86701179,0.86419630
0.22951727,0.16025908
0.72289473,0.74384892
0.85093063,0.81542057
0.71348333,0.58880627
0.87372321,0.76590323
0.94629937,0.99206346
0.77492040,0.77681589
0.63746762,0.50917512
0.82653517,0.85952008
0.72157669,0.63465470
0.90135759,0.88424534
0.81326675,0.63328665
0.94392854,0.94574910
0.13500482,0.11811777
0.94744289,0.91740221
0.88670284,0.90386921
0.91579211,0.94970340
0.88082385,0.87843370
0.43282530,0.39732978
0.88578415,0.84708250
0.76805264,0.80015755
0.53754556,0.55821848
0.88876617,0.39024442
0.73073792,0.84693062
0.76436663,0.69758278
0.84192526,0.93098426
0.89445305,0.82907850
0.91493118,0.99166667
0.92883879,0.97223514
0.27141714,0.24435264
0.35173172,0.42901236
0.91563886,0.82156307
0.31327820,0.35357124
0.86464292,0.92150867
0.80949867,0.56147814
0.29088512,0.23245470
0.50327635,0.48848704
0.95474648,0.92389894
0.94506097,0.95277780
0.67530930,0.76972771
0.68692911,0.67172754
0.85343361,0.84837419
0.86713028,0.82475513
0.46738634,0.23030707
0.83694267,0.82152689
0.81300175,0.76228070
0.37073046,0.28620270
0.77357960,0.66100800
0.72814608,0.86522591
0.50386149,0.36501867
0.81523663,0.94780713
0.57896680,0.69999999
0.89658910,0.85361654
0.84027034,0.97650141
0.73386317,0.64468789
0.53540814,0.61029834
0.85921806,0.73559529
0.90381968,0.93532604
0.86388147,0.70510715
0.91535199,0.90939397
0.87300014,0.91705018
0.84056884,0.85875821
0.19096011,0.34002978
0.75851542,0.95213205
0.90703958,0.98165137
0.44182831,0.30604681
0.34132925,0.25812802
0.76490629,0.82496858
0.72433555,0.51854765
0.73598516,0.76430041
0.88741070,0.93725395
0.30242848,0.33801779
0.57079053,0.63362235
0.55578744,0.50731504
0.60310227,0.62807781
0.82535136,0.87558323
0.85504133,0.94364434
0.90420049,0.75039101
0.74854690,0.74451780
0.94789112,0.86319327
0.51777720,0.38241962
0.65859121,0.81843013
0.92980140,0.86405939
0.77065194,0.86405599
0.39650485,0.43701848
0.92180055,0.87335420
0.61655271,0.50978321
0.90864176,0.81202036
0.90020972,0.88600940
0.53213072,0.50539047
0.81069523,0.85573643
0.89163232,0.91987669
0.85654491,0.88797641
0.67481840,0.70683777
0.83089173,0.79020047
0.80937308,0.73596215
0.90117568,0.94090211
0.90582913,0.94067794
0.95219851,0.95086616
0.67188919,0.59285712
0.87693763,0.86079091
0.56797707,0.49104384
0.84642565,0.81961870
0.74719673,0.82330829
0.85857052,0.87552047
0.67349303,0.78884101
0.80741745,0.79976088
0.77840245,0.82835734
0.87206864,0.71350086
0.83990663,0.86343962
0.60883707,0.59022194
0.61014259,0.72376144
0.91103572,0.77212322
0.85162896,0.87821120
0.55914974,0.67949569
0.90850645,0.92183858
0.76166749,0.56200981
0.54434627,0.54360116
0.50740862,0.48100710
0.55367506,0.50808626
0.62136918,0.63141090
0.87232584,0.97427428
0.78966379,0.64895022
0.91514093,0.92226720
0.89026099,0.91636389
0.70658511,0.70371795
0.22772452,0.17081459
0.72110283,0.66695982
0.73731798,0.71938390
0.94373113,0.90761811
0.76622957,0.71532935
0.82683629,0.88697839
0.83650351,0.82639384
0.88625795,0.94949025
0.91173726,0.96667588
0.74459010,0.86410254
0.76463634,0.78773451
0.75375378,0.77489179
0.15680282,0.21120690
0.83460796,0.79312551
0.83656651,0.70562029
0.94760770,0.87896007
0.83630019,0.91606569
0.91449964,0.90378344
0.78155732,0.90067273
0.94039118,0.91130340
0.82870167,0.84284276
0.83899456,0.87324744
0.93634862,0.93165481
0.51740974,0.54390246
0.87775785,0.85810858
0.91908133,0.89733505
0.82216179,0.70793337
0.90790677,0.95843238
0.19182676,0.05111977
0.55902123,0.58055115
0.65567011,0.60134947
0.17009184,0.17964554
0.87361085,0.98333335
0.30650836,0.27774772
0.89967513,0.93567622
0.40066758,0.21625404
0.23299724,0.15141453
0.78395456,0.85147029
0.88157469,0.92382288
0.83680642,0.73685557
0.85049474,0.71868426
0.38759974,0.44562212
0.69873190,0.66638315
0.85543430,0.86071163
0.81223691,0.67451662
0.05739443,0.13947834
0.26856247,0.26940882
0.94032371,0.95736259
0.92306459,0.94181597
0.94379205,0.99242425
0.80638850,0.92092192
0.55050355,0.66526419
0.92180318,0.95984846
0.72828096,0.69779003
0.42688257,0.38681319
0.17397943,0.32338411
0.76249361,0.80857682
0.48608962,0.53040332
0.88742381,0.86771774
0.95936489,0.87664849
0.13937169,0.18619974
0.42061329,0.49730280
0.84159076,0.88230950
0.87318289,0.72491962
0.68789488,0.67751479
0.65449685,0.62500000
0.51999986,0.64033121
0.87922800,0.90594268
0.74094415,0.68416995
0.32363015,0.33631256
0.81814688,0.84237599
0.55968404,0.70284545
0.84339100,0.87696075
0.71304709,0.81707221
0.92073989,0.98026657
0.95412242,0.93594086
0.73445243,0.68148047
0.88325447,0.85499483
0.58853835,0.55622739
0.50974661,0.65000129
0.48473150,0.44748220
0.29967484,0.29259095
0.35390204,0.36457625
0.91904539,0.95988846
0.93205065,0.90913469
0.92728215,0.94531852
0.77530932,0.73246604
0.76084530,0.83462989
0.78642601,0.71052945
0.89537644,0.94230771
0.66238040,0.66252059
0.85576463,0.90287155
0.73231524,0.75985974
0.29362315,0.46171406
0.47290289,0.31956398
0.85174185,0.85933375
0.56375629,0.76866412
0.92386377,0.94714755
0.84054619,0.87915987
0.92887890,0.93169492
0.85878634,0.86261386
0.47607738,0.19632471
0.86085522,0.90105909
0.67165428,0.72031099
0.70862758,0.76688313
0.93581277,0.96012962
0.90153402,0.86866605
0.87794113,0.90585440
0.89049369,0.93271685
0.82091957,0.88478261
0.91671121,0.86176914
0.57198542,0.51347333
0.92390436,0.93015492
0.74116528,0.68921834
0.65059638,0.79513890
0.58545411,0.59012729
0.54336512,0.62888986
0.94374132,0.89901131
0.79284233,0.76649535
0.81848079,0.82911712
0.88127220,0.88514960
0.81523591,0.89969790
0.74814582,0.76841235
0.85191250,0.84677452
0.64222336,0.64934814
0.85762179,0.76868510
0.59840047,0.61119562
0.95530057,0.97107846
0.66034353,0.63371974
0.80357361,0.89817280
0.55178398,0.68898940
0.83350635,0.81780916
0.24092950,0.25656238
0.81285137,0.84428668
0.87279987,0.85637277
0.78325164,0.81129110
0.89864767,0.89091057
0.16192396,0.20130895
0.94307226,0.94965976
0.92665887,0.91128057
0.88813674,0.81745720
0.62102699,0.54087633
0.75760090,0.84246558
0.85614812,0.78334731
0.43051368,0.60525763
0.82386929,0.62561375
0.92771941,0.90607119
0.94405240,0.91905630
0.88129181,0.85009265
0.93860906,0.96336478
0.72103292,0.71349239
0.03127348,0.11315766
0.44671285,0.39373800
0.12516707,0.18446052
0.79373580,0.75481474
0.88469875,0.97979796
0.84897137,0.89345986
0.85983050,0.82663476
0.71874279,0.29397160
0.67542946,0.62876254
0.45144176,0.28677204
0.79984546,0.73443598
0.94383049,0.95912063
0.81684399,0.83815354
0.89112872,0.94038206
0.27173609,0.37639332
0.92866802,0.86912143
0.60738105,0.66216218
0.36267194,0.42071429
0.83173573,0.90442324
0.83080202,0.81430185
0.83610874,0.84434795
0.52539390,0.38420847
0.76873183,0.65241379
0.17538415,0.28744543
0.90408319,0.89842528
0.23822707,0.22208612
0.86244410,0.88827115
0.91134667,0.92057413
0.93211645,0.93169284
0.66944730,0.71136886
0.81747216,0.72549576
0.90435547,0.82310528
0.80981994,0.82157713
0.88118768,0.91352737
0.88775516,0.83189255
0.61010873,0.50598788
0.41449231,0.52617741
0.80507296,0.89521056
0.60248595,0.47556207
0.90546262,0.90490377
0.52708632,0.65470612
0.65985984,0.77047533
0.94266689,0.94232351
0.94154072,0.92753059
0.90402323,0.89827532
0.52417052,0.48258558
0.92608666,0.93193859
0.50178617,0.52693659
0.84544802,0.74553573
0.79116076,0.66983384
0.64416134,0.59997392
0.86818153,0.89775598
0.50834608,0.62719846
0.83505446,0.81560630
0.81058609,0.70691872
0.05442979,0.06146450
0.80338985,0.73465145
0.72496074,0.85437572
0.62520099,0.60141242
0.93593067,0.92879355
0.56209779,0.55277306
0.62529087,0.42435005
0.64653498,0.61499906
0.45117363,0.56885421
0.62779254,0.73046875
0.93361622,0.99295777
0.92495555,0.94686663
0.57915753,0.84868419
0.86899197,0.87420022
0.91807967,0.84413356
0.65007108,0.71263474
0.89294589,0.96101540
0.77845132,0.67569047
0.79763126,0.76929212
0.86664659,0.80854803
0.84754902,0.70490855
0.41935852,0.46597019
0.86341834,0.84792453
0.82803547,0.80308068
0.87078643,0.97528517
0.89823359,0.85825270
0.73480260,0.81442559
0.88093263,0.98765433
0.82246107,0.87371445
0.91544181,0.89968103
0.94926763,0.96111113
0.91444147,0.88765866
0.85843337,0.90612924
0.37940896,0.47920039
0.88135237,0.86153930
0.80548394,0.73372692
0.85376775,0.86213523
0.51477903,0.48991859
0.82793719,0.81857145
0.93876278,0.95981508
0.90265602,0.93555748
0.75907016,0.75470591
0.82487851,0.99586779
0.18217072,0.15128127
0.86846906,0.93831909
0.67449856,0.65180963
0.73657703,0.73469114
0.76697373,0.73667657
0.91289109,0.95084673
0.62523806,0.45411944
0.81568587,0.82596397
0.92889148,0.91558367
0.88443476,0.87270057
0.78208232,0.79986250
0.90505451,0.92148459
0.94023019,0.92151356
0.41672698,0.49974844
0.91593850,0.84275365
0.83446616,0.85395765
0.87941629,0.81715631
0.58598363,0.60693753
0.92420852,0.95842308
0.40847072,0.32973275
0.95057082,0.95446908
0.89300591,0.95598608
0.84077400,0.78623497
0.49066871,0.52014506
0.88927281,0.83970904
0.65525699,0.63051218
0.87433392,0.88158399
0.69297171,0.61583138
0.92018682,0.95565987
0.83756226,0.75523072
0.80843127,0.67953658
0.54562932,0.53720492
0.86509454,0.94218749
0.79357475,0.66828531
0.92686898,0.89803207
0.82777721,0.72039056
0.94280273,0.95181960
0.59563142,0.57788283
0.12088115,0.19792528
0.84129947,0.86498845
0.89943147,0.83672267
0.88052541,0.96998775
0.22891429,0.35605732
0.64931601,0.77120531
0.51223654,0.59340554
0.85366422,0.92227584
0.71633762,0.70291263
0.74765939,0.47399795
0.86274004,0.82838124
0.88738155,0.96343940
0.42626774,0.73905796
0.86794692,0.80588073
0.31240752,0.68041873
0.49179366,0.52807361
0.82763135,0.84815532
0.60936987,0.61597735
0.95005882,0.92333215
0.40257096,0.36546922
0.89085966,0.70270622
0.63919044,0.30880341
0.94807011,0.96578383
0.64580655,0.78835350
0.86461723,0.90789402
0.90500939,0.94718617
0.89160800,0.95959967
0.87398064,0.87348652
0.63139164,0.84302080
0.19454673,0.25022730
0.87760806,0.92284918
0.24158427,0.31365532
0.50040585,0.27681780
0.92806965,0.95272404
0.28847328,0.23379037
0.40274855,0.17387006
0.92853922,0.94375002
0.89766723,0.80404592
0.84889084,0.89114791
0.81127650,0.94414365
0.86275816,0.81688803
0.40198848,0.26702121
0.85482502,0.86121500
0.91485888,0.93752176
0.65717804,0.60269165
0.85421622,0.83144921
0.78954756,0.76140672
0.54519629,0.25086823
0.76753765,0.78410792
0.83960140,0.85786331
0.54172754,0.29281345
0.69227105,0.70345747
0.78419828,0.90486759
0.47443733,0.47359255
0.65494871,0.75320292
0.88113189,0.88372147
0.94082230,0.96178764
0.73856372,0.80204189
0.13015735,0.21891502
0.81688482,0.88470757
0.93782634,0.95590001
0.72147793,0.72039109
0.06657299,0.13315079
0.90500277,0.88758594
0.87619203,0.86063218
0.84074795,0.73494339
0.93113768,0.92040634
0.88864112,0.91938025
0.48757619,0.26233122
0.35666847,0.35845995
0.44454175,0.29174992
0.64323986,0.74594754
0.82568145,0.86434209
0.84172875,0.68731707
0.79192483,0.73861116
0.80520433,0.79933137
0.87138551,0.87618434
0.87585694,0.91233575
0.89379686,0.90985346
0.90240043,0.95246643
0.75044543,0.88553327
0.36037493,0.30136934
0.72911012,0.69969070
0.32149890,0.59131038
0.72517449,0.92737734
0.96043849,0.90550238
0.36292854,0.32065657
0.11557590,0.12341198
0.46495745,0.63449591
0.63092071,0.56483519
0.79847741,0.79153407
0.76621765,0.75685716
0.90090686,0.85959321
0.53726047,0.32328284
0.93733609,0.97483182
0.86592245,0.93755800
0.87845063,0.75008893
0.54983693,0.54827785
0.77870721,0.77899390
0.83732241,0.86642855
0.87744796,0.85757929
0.82522202,0.80524760
0.91841149,0.89142627
0.79156500,0.85637563
0.66448754,0.55213892
0.81565279,0.79657477
0.76072747,0.93150687
0.69921559,0.64687014
0.80671126,0.81788236
0.90048569,0.93490839
0.65264243,0.60836816
0.80391371,0.75797695
0.51313412,0.37491038
0.87646163,0.84554595
0.82967138,0.94024563
0.91689485,0.89032346
0.95407856,0.94315207
0.67770153,0.70266181
0.36403781,0.17724867
0.86163723,0.95757121
0.73151469,0.66002661
0.90065277,0.89160919
0.79509050,0.71016461
0.51566458,0.17304045
0.76160425,0.63766545
0.71982110,0.65249920
0.76738065,0.79832476
0.84055191,0.75634831
0.90188819,0.93308949
0.90812021,0.91925669
0.74785137,0.61354744
0.76330823,0.71067053
0.47321668,0.49853435
0.93381774,0.96987951
0.41851482,0.47457367
0.72930729,0.46507189
0.92681754,0.95709866
0.91865951,0.84032446
0.75340611,0.79147798
0.22214797,0.22571428
0.54351890,0.62316215
0.88259655,0.94026083
0.93593842,0.95509452
0.88052267,0.91946626
0.89282990,0.86271608
0.68539143,0.67736185
0.30427071,0.29299012
0.91646212,0.93160981
0.91657680,0.84429461
0.91566426,0.93079340
0.95212740,0.92286462
0.35357279,0.27491388
0.51875603,0.47344095
0.17924453,0.27841941
0.57862180,0.48061144
0.90827733,0.93051064
0.77994978,0.75789320
0.88073868,0.94412440
0.83609366,0.77607644
0.42718813,0.72667122
0.57988816,0.69301343
0.14185488,0.17293985
0.89669472,0.96814185
0.85720760,0.82575756
0.77355927,0.72635400
0.65465045,0.86697614
0.63071841,0.31173092
0.28091767,0.39001819
0.39350769,0.16899768
0.81536508,0.85553277
0.73669612,0.81164742
0.16729613,0.16834933
0.42246270,0.42169273
0.80503482,0.80127829
0.88898611,0.89919740
0.74426657,0.79312229
0.68469954,0.57057905
0.91180176,0.88174176
0.78188413,0.85781008
0.62371689,0.64401621
0.71176779,0.83227658
0.90764642,0.95726961
0.89321053,0.91936576
0.80362684,0.83569002
0.76898962,0.68053460
0.88990474,0.80092055
0.91793936,0.79621947
0.85067600,0.63051528
0.33744207,0.36483938
0.85182422,0.93216443
0.61692029,0.86294699
0.90265095,0.85502547
0.48633367,0.61018181
0.57836550,0.49695927
0.44480434,0.32577950
0.81949770,0.82228351
0.86741704,0.87309384
0.88020676,0.95283973
0.25017312,0.26299021
0.61280775,0.89971167
0.53146476,0.33002645
0.76822805,0.84373164
0.96946365,0.92684191
0.81660300,0.87118959
0.61599547,0.69461000
0.87139148,0.88480371
0.83075559,0.77288473
0.54592764,0.62577182
0.83707249,0.84312797
0.82253087,0.85797119
0.82477248,0.82330436
0.80448520,0.95151877
0.84217966,0.69807410
0.86352640,0.72405922
0.74502057,0.77265352
0.83131266,0.67525947
0.80322224,0.83003324
0.56232548,0.62389106
0.78700519,0.75815243
0.34990236,0.28270778
0.82147282,0.77167141
0.68783605,0.65917218
0.79355818,0.93516433
0.88506538,0.93100321
0.91581959,0.87618065
0.81714922,0.81323248
0.62294573,0.52777779
0.46410105,0.84273905
0.91009623,0.92441005
0.69827741,0.58058608
0.92604178,0.92202109
0.93033844,0.92261904
0.77752376,0.92895114
0.89955175,0.97321427
0.94936454,0.94377512
0.72086227,0.76018411
0.83476329,0.67623830
0.81046027,0.89098436
0.92802674,0.91602188
0.17142294,0.17230944
0.56444877,0.32973078
0.69992995,0.81386065
0.39289379,0.27668396
0.89243537,0.87431556
0.73016936,0.56918818
0.54593760,0.42682275
0.85363334,0.63289338
0.85099137,0.77915019
0.79223979,0.60599780
0.89460450,0.88887203
0.91106516,0.87887549
0.85445297,0.86881334
0.87470520,0.84907150
0.83710921,0.91576087
0.43902072,0.28926456
0.71914667,0.47911146
0.61311251,0.72467917
0.47675672,0.25419217
0.47854462,0.47933921
0.74900973,0.79894364
0.93275511,0.92743337
0.77571368,0.64779776
0.90131974,0.84539419
0.89409208,0.91399813
0.91353828,0.87271202
0.85269493,0.89002138
0.70163822,0.66373658
0.92362380,0.95114291
0.83730590,0.88769233
0.91649598,0.90360600
0.92099494,0.90453696
0.88943940,0.87023139
0.55984569,0.56904960
0.25202274,0.16021530
0.67366832,0.58776891
0.63838822,0.71616167
0.67121953,0.37820470
0.67153037,0.65054834
0.55942798,0.50625002
0.90867835,0.94345587
0.31027690,0.17151481
0.55846715,0.46443731
0.94125533,0.88044626
0.74897295,0.88876408
0.15109730,0.11137762
0.81468678,0.82759631
0.47562394,0.33913177
0.40302825,0.40757680
0.65853071,0.59522474
0.92325741,0.82589042
0.92541414,0.89339018
0.91194040,0.93048781
0.87885767,0.87427169
0.84716582,0.87892240
0.87784886,0.87680632
0.62010342,0.65094632
0.88809782,0.92667466
0.88140607,0.82291138
0.92459673,0.93553358
0.72507054,0.88555944
0.95071489,0.91696113
0.85570359,0.72555214
0.23048837,0.28170526
0.31669155,0.37861234
0.64958149,0.80787998
0.89864862,0.75822806
0.72859722,0.76342481
0.91689217,0.92787415
0.14758262,0.25668153
0.75038302,0.90701222
0.36827224,0.44807673
0.79447579,0.81018358
0.94924015,0.91454196
0.51961988,0.38902196
0.63695526,0.68171883
0.83560526,0.94202447
0.85168719,0.88461536
0.62861460,0.61678380
0.86533582,0.81605130
0.88650173,0.85770750
0.73571271,0.76175278
0.91207594,0.84337181
0.84405929,0.74940479
0.45536834,0.31749630
0.89757353,0.93988925
0.48176467,0.40856928
0.54778677,0.61964816
0.85405296,0.84441388
0.24128158,0.26264372
0.75305659,0.81456357
0.92011011,0.94091511
0.91651028,0.94483697
0.63781220,0.77436751
0.81911463,0.73497641
0.85795659,0.92367995
0.76283145,0.77442616
0.92632222,0.94002044
0.64298654,0.63948178
0.45430198,0.29001552
0.56296515,0.47703418
0.40997627,0.46399826
0.42386380,0.37721276
0.83368927,0.78236324
0.87543035,0.92214078
0.34749675,0.27103627
0.49326172,0.76398522
0.75867671,0.67205632
0.86059731,0.83523494
0.67382675,0.64715928
0.60604954,0.51620871
0.56432182,0.32157460
0.40442148,0.45544040
0.86448091,0.87108934
0.90227717,0.89443016
0.87418538,0.83858269
0.64616835,0.57860529
0.72003794,0.88908589
0.88003004,0.89660627
0.92642492,0.92574090
0.63117003,0.54323483
0.51262105,0.60007393
0.88098657,0.91481650
0.71637440,0.81704611
0.73424464,0.58841795
0.83573264,0.88918424
0.89183271,0.91494471
0.62291038,0.68860352
0.43198448,0.52295959
0.88545412,0.88658679
0.92013091,0.94576925
0.62057936,0.49879763
0.92173797,0.90279007
0.85690290,0.88721806
0.80111164,0.81605262
0.78422332,0.87434340
0.84571022,0.90211141
0.89586717,0.77503872
0.73877317,0.71505392
0.91459394,0.88430274
0.81155097,0.92897898
0.88835102,0.90256023
0.40649846,0.40279752
0.79558921,0.84916544
0.81869704,0.83684731
0.70058310,0.70334005
0.83093518,0.87882924
0.90203220,0.87598771
0.25433832,0.31770834
0.57071298,0.28206921
0.86619371,0.89248365
0.79412806,0.85238957
0.07023964,0.05983176
0.90706974,0.85267913
0.67355114,0.77992070
0.83584088,0.86928755
0.86898434,0.96528614
0.80885726,0.71977520
0.94093907,0.96238422
0.88008863,0.85739511
0.85562068,0.78503537
0.70332819,0.79966629
0.88395131,0.93440080
0.91326982,0.92379886
0.88557863,0.98342597
0.25792226,0.20089869
0.93453944,0.90116090
0.72751260,0.69155842
0.73766887,0.78557223
0.90670282,0.89515465
0.87610912,0.93720782
0.81657720,0.92423284
0.94643390,0.90575522
0.20805398,0.13828705
0.89879555,0.86878383
0.42238733,0.60396838
0.94521606,0.96349204
0.77838540,0.51846373
0.84056091,0.93656617
0.90923208,0.89278406
0.82087511,0.87902308
0.23428997,0.30046332
0.81462228,0.53138095
0.94401723,0.87888008
0.61195296,0.75535089
0.94380057,0.93247199
0.78410393,0.79126173
0.71182227,0.76397306
0.37307149,0.49263170
0.80948937,0.87048954
0.30103278,0.31396824
0.83938760,0.84852940
0.81804597,0.83923560
0.80312616,0.77722436
0.56030500,0.54607058
0.41449717,0.39491045
0.26650313,0.36439809
0.95684636,0.92298979
0.48557708,0.35971594
0.87016344,0.66836733
0.72440308,0.82934022
0.76837605,0.74916667
0.56938696,0.56794870
0.22672585,0.26325795
0.34979242,0.32736620
0.57116652,0.47069946
0.88276440,0.84627378
0.23944926,0.24463277
0.90040308,0.89110482
0.84754199,0.88505620
0.95534563,0.94174266
0.27244642,0.41137549
0.78725129,0.91608393
0.88656521,0.79931033
0.55667949,0.51875001
0.92242461,0.91388160
0.92977619,0.92925030
0.80272341,0.78833914
0.87609655,0.79221088
0.41468123,0.35390970
0.84362268,0.81076223
0.80097300,0.05911645
0.92337590,0.91886663
0.59754443,0.56222737
0.61002117,0.68636763
0.83661842,0.95931786
0.48169464,0.32346126
0.80325216,0.78118002
0.67806429,0.85876667
0.89394194,0.88779765
0.61634958,0.71874297
0.52414906,0.53004801
0.92901278,0.95449668
0.74654740,0.79494876
0.91886026,0.87537640
0.78449053,0.86697876
0.92480844,0.93665755
0.89613360,0.90814400
0.59138644,0.65395433
0.88135201,0.89931768
0.33516797,0.18908121
0.75376666,0.82154208
0.60596341,0.69164246
0.89927304,0.93209720
0.32490158,0.35555893
0.93174970,0.80653161
0.74370849,0.85493028
0.54155773,0.38282001
0.55312502,0.19711182
0.91869098,0.95179147
0.28113371,0.12941177
0.30855897,0.31220102
0.52019137,0.44861254
0.54548532,0.58635527
0.48999658,0.44241595
0.80422664,0.79017901
0.60209638,0.73001599
0.66093761,0.71861422
0.68047851,0.73753810
0.63275731,0.71454597
0.90139186,0.92307693
0.86611295,0.80853629
0.86977506,0.81911242
0.52628636,0.61310273
0.57137293,0.16138309
0.77203971,0.91361284
0.91632801,0.93801761
0.80167150,0.73944688
0.90809989,0.95026594
0.76253748,0.68241286
0.52739638,0.29026577
0.94375557,0.90825266
0.67692190,0.56674302
0.90900362,0.83006382
0.41714296,0.37950405
0.23781520,0.24927419
0.55509228,0.66252685
0.15961611,0.16204339
0.91535020,0.93233085
0.42679289,0.31582168
0.69963574,0.54292929
0.51229203,0.50508738
0.84182817,0.72426468
0.95755434,0.96746254
0.56689256,0.65416348
0.81679016,0.73229450
0.84804863,0.83696705
0.75970685,0.91287881
0.80427492,0.78899848
0.72628897,0.67014772
0.65484536,0.66860127
0.93989384,0.98486894
0.87819284,0.91407204
0.83264410,0.79912353
0.91136521,0.90790600
0.75895041,0.70644838
0.86671245,0.91641748
0.72985715,0.84031063
0.84682405,0.87734169
0.59267706,0.62949657
0.89797992,0.94938821
0.88565660,0.82608330
0.89786953,0.94702840
0.57836092,0.63105524
0.89797938,0.88569623
0.84357125,0.77464294
0.61736786,0.74545455
0.95141447,0.98336834
0.91086239,0.91069108
0.96000016,0.89937484
0.89027971,0.78953713
0.74588579,0.76818180
0.73116541,0.57471848
0.94959408,0.93378985
0.43998131,0.52639496
0.81105000,0.76866150
0.86462313,0.89826912
0.90552747,0.84943604
0.90207809,0.81756449
0.23732062,0.24496280
0.88207990,0.76861268
0.86911315,0.85765803
0.91008151,0.90140927
0.89318997,0.84456784
0.80567569,0.91470444
0.90859282,0.92037565
0.89915287,0.85377020
0.87681937,0.79467213
0.93077707,0.94008398
0.77176213,0.65170592
0.89956683,0.91676092
0.69093543,0.90826541
0.63468391,0.60053039
0.66189599,0.76889235
0.68113691,0.65831244
0.89314187,0.86602229
0.89529932,0.93534577
0.79014343,0.86279762
0.85081208,0.94604290
0.66499889,0.39957401
0.22504584,0.24195077
0.81409907,0.93266457
0.80390501,0.80518061
0.73190075,0.72062546
0.80075061,0.78055555
0.54088682,0.56966841
0.93160427,0.92892653
0.87428498,0.95193678
0.46558210,0.38558289
0.81488746,0.90510201
0.86567652,0.89741594
0.47401845,0.37056318
0.92746198,0.89875025
0.88056278,0.86353403
0.84020394,0.83863795
0.89984423,0.93527162
0.73213434,0.75619966
0.90175635,0.92960197
0.44847769,0.44396770
0.72461879,0.70168668
0.62766337,0.83679587
0.76175153,0.69344342
0.89412183,0.89650995
0.74664170,0.60600597
0.90011036,0.99450552
0.54546636,0.51262629
0.95083815,0.95794207
0.91246361,0.94287515
0.88724124,0.83426428
0.89408827,0.86212325
0.87431043,0.94481504
0.70434409,0.85546035
0.51665139,0.60193843
0.89656788,0.86465520
0.78733152,0.69813317
0.53038764,0.64303428
0.50109357,0.53717440
0.61465102,0.84272724
0.57306200,0.54914093
0.65028030,0.78872246
0.90336007,0.90750098
0.92569089,0.96502912
0.72169715,0.54791605
0.16526248,0.28604645
0.90857702,0.88689107
0.79535735,0.63084817
0.67336482,0.81448370
0.74639255,0.84798652
0.77437419,0.81720990
0.54640800,0.61100036
0.57187635,0.37871712
0.90331507,0.93508095
0.79628479,0.95268255
0.74626100,0.63884330
0.92571467,0.91655874
0.30226558,0.18856642
0.73398685,0.43263334
0.47613937,0.22155657
0.93215156,0.89042938
0.57674217,0.45910111
0.86017877,0.73458838
0.91896850,0.89012313
0.83235729,0.83894086
0.92740345,0.95038587
0.84707379,0.79125559
0.82078046,0.82203388
0.82732278,0.82721812
0.85341561,0.92786938
0.26826328,0.23721561
0.73108578,0.80576110
0.84170508,0.80829614
0.42751491,0.37508041
0.33426839,0.39418384
0.85393924,0.93737882
0.80790627,0.72736418
0.93329161,0.94878781
0.95125347,0.96307963
0.25021699,0.23443674
0.95060831,0.95625705
0.36684245,0.32948253
0.32338989,0.33280957
0.85337359,0.92866290
0.64257300,0.59002978
0.86332077,0.86577785
0.67723972,0.67957091
0.32033902,0.37083334
0.28690261,0.30060565
0.82561666,0.88114440
0.84009308,0.86221063
0.88836646,0.92929351
0.93078089,0.94755554
0.85585481,0.93284994
0.83878714,0.79547930
0.93428522,0.59764564
0.18521062,0.18849500
0.61468989,0.45049426
0.46618405,0.73779058
0.82656276,0.74086756
0.90350747,0.90647060
0.80704504,0.87305856
0.85918641,0.78616065
0.88781774,0.81487179
0.85579896,0.88617051
0.72504085,0.94964349
0.89275122,0.88360649
0.83249199,0.69574910
0.87838125,0.92451078
0.79410475,0.87648630
0.73654020,0.66000003
0.89229065,0.86680472
0.91251493,0.92136472
0.86882418,0.98305082
0.75926226,0.85917401
0.84835398,0.85643667
0.94130880,0.97607863
0.84255236,0.86778843
0.16866054,0.11444855
0.60750616,0.66009390
0.52279782,0.31722808
0.57620841,0.52303976
0.77497053,0.81928641
0.93574756,0.92797798
0.40938962,0.52903360
0.64164269,0.57935721
0.92224211,0.84517330
0.69739354,0.61519480
0.91297364,0.92339206
0.58439207,0.37234765
0.28444123,0.34595588
0.95344204,0.97681099
0.78150725,0.92441779
0.33831319,0.26586309
0.93497097,0.93525636
0.75943279,0.87356466
0.75524336,0.76463962
0.87283266,0.83113098
0.84914482,0.81653941
0.82307822,0.74366540
0.18535657,0.74915254
0.22202685,0.15166023
0.89195514,0.93917751
0.81951815,0.57265884
0.79270250,0.72574067
0.85572773,0.96226418
0.67108065,0.53176051
0.89700538,0.91369045
0.78525889,0.91626227
0.82515085,0.78528452
0.78861964,0.89729768
0.78569055,0.58861798
0.37902901,0.73949623
0.61097854,0.33631712
0.74809998,0.65859860
0.94471169,0.94795454
0.92251372,0.90801525
0.83902049,0.82967067
0.36723569,0.30645886
0.36296454,0.50251269
0.78118265,0.57917917
0.94240493,0.94779015
0.42168912,0.41248873
0.48949096,0.48412770
0.90592694,0.84244376
0.90934753,0.96799999
0.77608734,0.70853096
0.35617167,0.34913969
0.77112234,0.74974638
0.52970660,0.58547497
0.85493654,0.89215314
0.81829047,0.78218085
0.92168742,0.93565577
0.86398327,0.78867966
0.91824841,0.96692306
0.24001330,0.26499084
0.12409820,0.19875507
0.91165799,0.89975178
0.63410240,0.64754456
0.92776209,0.95454317
0.61295468,0.42990908
0.87678379,0.87952393
0.75029427,0.80987573
0.78097725,0.68158633
0.90951097,0.96209157
0.67316180,0.77735543
0.91389000,0.91145277
0.85180396,0.89309311
0.43714678,0.53292096
0.92773658,0.96157050
0.80440170,0.87500000
0.77102011,0.82282609
0.75914848,0.91638511
0.51110703,0.58630854
0.92773104,0.93979931
0.78877157,0.59177703
0.78572285,0.89854771
0.80479628,0.72432882
0.75829446,0.63698202
0.90039062,0.93027323
0.70236021,0.56061918
0.82094693,0.77020580
0.53695738,0.42132545
0.86291933,0.94683260
0.92243952,0.90500355
0.93658018,0.94230771
0.78786880,0.65608561
0.72078121,0.74019837
0.76180673,0.70291167
0.33133927,0.44576421
0.65896791,0.90727490
0.84128797,0.94602466
0.39922020,0.33775628
0.89991438,0.95109040
0.90859216,0.91905427
0.57717294,0.50566500
0.88986313,0.90048444
0.60346973,0.59053195
0.95569164,0.97306174
0.75607771,0.75476748
0.39870131,0.33456340
0.92393732,0.96128732
0.87294501,0.81549895
0.81729299,0.85439688
0.69818759,0.85401893
0.88308311,0.85075760
0.94241887,0.95165145
0.93830532,0.92686504
0.34175226,0.48505858
0.94948792,0.95390511
0.86098289,0.80599838
0.85819614,0.90769231
0.78784388,0.79080892
0.87614077,0.90397990
0.62189680,0.36405113
0.86066866,0.87470949
0.89071578,0.93694389
0.60487932,0.79691780
0.85988748,0.78330952
0.88667512,0.96805274
0.68083787,0.76921332
0.90694869,0.93607086
0.75890648,0.72216403
0.81482142,0.94570917
0.75679708,0.78358960
0.07970437,0.22785492
0.17046826,0.30344516
0.92013168,0.97201425
0.94659156,0.92996705
0.38251591,0.49853569
0.80883712,0.71849275
0.81978834,0.95070422
0.87318736,0.88003707
0.74991530,0.83245796
0.81348717,0.69407368
0.96043968,0.97383201
0.87994277,0.84758884
0.92557412,0.91683120
0.92900121,0.84386200
0.92199445,0.90087718
0.68072927,0.79504013
0.89835912,0.90407240
0.91729093,0.88486165
0.53533471,0.47393841
0.86463684,0.81459248
0.72984719,0.65215379
0.74622792,0.70029688
0.83543545,0.76731455
0.77061272,0.65735173
0.90387666,0.87525922
0.49454063,0.51220894
0.86260998,0.79191267
0.91781157,0.83404255
0.94368327,0.95983928
0.35754797,0.36042839
0.88885027,0.80392855
0.89225590,0.85172158
0.62381560,0.72687620
0.90313709,0.92983389
0.93457866,0.95673680
0.88454789,0.95630878
0.86831260,0.97462410
0.94076061,0.89845413
0.84949452,0.79668605
0.93754292,0.88697374
0.84831262,0.86759579
0.63058233,0.88792294
0.92557526,0.93200159
0.93267584,0.93097031
0.90614885,0.85191262
0.42965102,0.43764684
0.92953074,0.95304269
0.94875771,0.92646158
0.33705238,0.39971015
0.76174098,0.67215383
0.16510905,0.25180703
0.76462311,0.81518060
0.89688957,0.86124969
0.84516293,0.81611842
0.78652096,0.84769130
0.60926932,0.50645941
0.03387127,0.08762792
0.22736768,0.21655035
0.91374815,0.88651985
0.80124891,0.83152914
0.86478055,0.82580411
0.64345670,0.56879222
0.58951443,0.51782811
0.94429713,0.92928571
0.67548561,0.61852694
0.85025966,0.87166262
0.60886115,0.56360048
0.90302479,0.86212993
0.81548667,0.78719491
0.33141515,0.27508554
0.82093489,0.04841315
0.75157434,0.80169010
0.57872522,0.68397969
0.94025373,0.91978264
0.82841635,0.94484937
0.42315882,0.38727298
0.82140619,0.90857321
0.80670041,0.89265734
0.06823081,0.06653640
0.87805849,0.89169848
0.84861648,0.90864319
0.95405883,0.94609249
0.90229452,0.90433514
0.46120709,0.75037980
0.72068554,0.76231754
0.83576870,0.80713177
0.54093206,0.62611806
0.40602264,0.40342155
0.84741205,0.91816008
0.88825750,0.88266206
0.42767364,0.33628988
0.35184687,0.30961546
0.95763516,0.87369770
0.84676689,0.84653473
0.78373301,0.76207525
0.35316971,0.72625697
0.73940974,0.83388489
0.58357060,0.68317592
0.79743332,0.86365926
0.85451275,0.74751997
0.92239839,0.92639738
0.85471612,0.96173269
0.89244992,0.93501294
0.23933600,0.25788260
0.90486217,0.88248795
0.24026211,0.27713567
0.35968494,0.23388544
0.58700943,0.88203245
0.59358251,0.22875798
0.62207127,0.45881549
0.41273525,0.37987551
0.76996899,0.68915665
0.62249482,0.52350962
0.91109782,0.90397918
0.74418682,0.75808090
0.80612606,0.92827880
0.67422706,0.66389322
0.89805675,0.74797606
0.50711727,0.61400348
0.83926028,0.87679505
0.87868077,0.85100001
0.79086989,0.76419407
0.58330709,0.70871383
0.32284376,0.37168610
0.39295009,0.25433421
0.34824085,0.55558765
0.29752716,0.37943745
0.72814959,0.70826066
0.75170147,0.68231523
0.88428456,0.83614987
0.58284026,0.66354609
0.51597244,0.56455427
0.88899601,0.91570240
0.86312699,0.94852942
0.77321690,0.87019229
0.77846283,0.67060351
0.87251246,0.87860221
0.42588961,0.43408552
0.88279456,0.90430224
0.66098088,0.47454759
0.49860179,0.51738435
0.47876620,0.49768543
0.89037234,0.91897058
0.66728574,0.75338256
0.24798408,0.33257172
0.83882743,0.89344037
0.88641971,0.91629022
0.71627730,0.73072940
0.86152440,0.88801169
0.30051053,0.32324985
0.84434021,0.94017380
0.50928575,0.62384528
0.68754327,0.81833214
0.88913751,0.89733124
0.86108345,0.93570572
0.81228906,0.80914003
0.71415532,0.67290825
0.64134550,0.72541469
0.93536210,0.97580647
0.78430384,0.73941207
0.93231434,0.92059553
0.89309335,0.89386451
0.93301696,0.90226364
0.86390454,0.93188852
0.86644745,0.92187917
0.88729024,0.82926828
0.94565427,0.90646851
0.58957100,0.59047621
0.64673001,0.65952832
0.83121806,0.79450709
0.78818309,0.90077573
0.45962337,0.55291277
0.71996468,0.79394019
0.93806952,0.94914114
0.82082939,0.85851353
0.60666436,0.66111636
0.54815596,0.68265980
0.76792771,0.79583335
0.92674810,0.91269839
0.70775318,0.28492424
0.77006078,0.65308434
0.47861236,0.60615385
0.87328607,0.82792622
0.85614246,0.82487172
0.79535931,0.79496950
0.84903127,0.73055607
0.83613914,0.87011999
0.89721137,0.92416620
0.84448534,0.74605095
0.92295867,0.91570044
0.76015174,0.91728526
0.93051279,0.96706986
0.17667335,0.23533912
0.42400688,0.62380713
0.96796745,0.96905977
0.90458280,0.78756368
0.90912944,0.89470923
0.70803142,0.71027851
0.83746809,0.89061230
0.94628507,0.91687191
0.95226955,0.93857831
0.85809392,0.83492053
0.75750148,0.50351262
0.46751341,0.45799181
0.71705109,0.71102941
0.78092247,0.54235274
0.86774200,0.90381426
0.83498216,0.85565293
0.93238354,0.86322647
0.20634149,0.17943865
0.89219564,0.91248631
0.62098193,0.66569257
0.79343128,0.79492009
0.93336451,0.85245121
0.78653985,0.81559318
0.29642943,0.41204482
0.80382663,0.82869667
0.57347089,0.57735616
0.81345385,0.94763815
0.83348018,0.52567416
0.36714977,0.27283254
0.85636997,0.77820754
0.88806021,0.80371416
0.67907500,0.64583331
0.80189085,0.69887793
0.52273661,0.70807451
0.84962863,0.92517263
0.39931977,0.36639267
0.93182456,0.92623454
0.57359928,0.75976318
0.93717003,0.94687277
0.65809286,0.66178685
0.79437590,0.86329669
0.89025116,0.96053946
0.91030312,0.96490383
0.83845717,0.76452470
0.04551775,0.04907224
0.73317224,0.73474181
0.84575379,0.84605688
0.78683007,0.80925405
0.87717080,0.83467120
0.82464385,0.87336600
0.72837359,0.80581552
0.30671549,0.29188052
0.83852774,0.90178400
0.90361112,0.96808511
0.90877110,0.90359366
0.86622894,0.94184738
0.36352965,0.37508628
0.70274699,0.57276696
0.39004233,0.31777900
0.64112246,0.72867787
0.47171330,0.45838079
0.91197866,0.96690059
0.70986795,0.76967627
0.91197604,0.84325379
0.61945266,0.77817506
0.64115715,0.78527069
0.89115608,0.88919914
0.60323226,0.47211823
0.74202454,0.81373334
0.84574473,0.92434543
0.80952382,0.90702969
0.37198719,0.36060503
0.79140753,0.79690802
0.88845545,0.90548658
0.87115586,0.74968606
0.80420184,0.85537040
0.92411196,0.94372815
0.62897313,0.63958174
0.22403732,0.29538941
0.85465044,0.87087911
0.83728629,0.78552634
0.83527386,0.80993885
0.68077034,0.64122051
0.65783727,0.90967745
0.91977024,0.94041324
0.67462456,0.66906327
0.93520749,0.85280538
0.84365672,0.77713078
0.89304185,0.90087938
0.43563750,0.36320755
0.50108939,0.80348140
0.45642781,0.45288461
0.60889637,0.80483484
0.75836951,0.66613168
0.51779592,0.45424199
0.86176056,0.80536550
0.52501839,0.58970314
0.91579509,0.86410403
0.90747452,0.93724263
0.81331348,0.79350895
0.95210516,0.94241124
0.36535099,0.09493448
0.66291273,0.70093668
0.89197683,0.91849816
0.58996701,0.77214825
0.93841028,0.91477275
0.11114088,0.19832759
0.80740345,0.77344030
0.90684205,0.81774193
0.60416418,0.74101347
0.83223057,0.79667425
0.42711437,0.39893100
0.75919509,0.75262189
0.94664240,0.97436619
0.61282301,0.58208001
0.91475737,0.85481483
0.76176798,0.65468109
0.85066032,0.92648536
0.68599629,0.74169868
0.93933856,0.96470946
0.19561154,0.14268395
0.90110952,0.85882354
0.92152774,0.96330440
0.79128212,0.82924050
0.87642372,0.77595627
0.50926596,0.44452891
0.82745254,0.84760499
0.39968714,0.63616735
0.85096025,0.75533837
0.86698860,0.77235162
0.93905675,0.92451161
0.57190466,0.52540648
0.80264115,0.87541831
0.84413582,0.86324370
0.91567415,0.92401743
0.92582911,0.79488355
0.75991344,0.81569493
0.91773236,0.91648656
0.58844441,0.78724122
0.73447102,0.81261754
0.91721720,0.89749157
0.77078068,0.54038197
0.66441917,0.41161060
0.37048316,0.27785650
0.86502600,0.83435541
0.89419615,0.93596226
0.53897965,0.66906357
0.14021489,0.09331770
0.67516410,0.70543820
0.60747117,0.39207914
0.59347373,0.66717333
0.83082366,0.76567328
0.87126917,0.87568682
0.96873617,0.93506479
0.73069131,0.70934904
0.87993270,0.90208632
0.44694495,0.35040271
0.79352361,0.85967463
0.87892687,0.82354587
0.74791420,0.61100799
0.59803975,0.69261646
0.93886977,0.92561406
0.69725996,0.67673612
0.91112304,0.86098039
0.93748027,0.97058821
0.81239790,0.73329091
0.54959607,0.55677921
0.66063100,0.68556148
0.93889070,0.90425187
0.91773647,0.93237972
0.87884694,0.92176437
0.73665100,0.75551468
0.92731774,0.94066691
0.88065213,0.91112089
0.81975579,0.79359227
0.49393973,0.65434331
0.61828047,0.66588682
0.83755112,0.88086140
0.89875555,0.86908519
0.91704714,0.92590219
0.33574286,0.27918723
0.76395684,0.75859374
0.46552730,0.60708481
0.84546453,0.88536286
0.81924015,0.82017541
0.85182232,0.85367477
0.42695937,0.29310322
0.84216261,0.75720918
0.87005341,0.84809572
0.90937859,0.90018588
0.81556618,0.90471417
0.81848097,0.83271801
0.85976052,0.92495608
0.82535064,0.80089670
0.65766138,0.62819201
0.80642253,0.87680167
0.27574331,0.18476626
0.60793251,0.65500969
0.88431948,0.86213160
0.91282946,0.88749844
0.77396977,0.68462902
0.80594689,0.60758698
0.50591660,0.44687781
0.58078963,0.54361302
0.85522676,0.89737171
0.28790426,0.33808678
0.92498934,0.93352044
0.87623107,0.88174605
0.75494176,0.67734772
0.37355706,0.60252136
0.47404921,0.47512907
0.71782035,0.71401262
0.89043164,0.85995477
0.67318034,0.70470148
0.52487355,0.72416669
0.91450709,0.92451495
0.90580857,0.89092827
0.67113626,0.48940939
0.92881215,0.85253119
0.78484201,0.72226584
0.78349227,0.82371795
0.75446415,0.72313339
0.62730527,0.69491524
0.44401497,0.28302512
0.82207155,0.66316849
0.83368874,0.78918386
0.84602767,0.86122358
0.67505765,0.61486304
0.94649667,0.93851012
0.84770703,0.86617076
0.21253516,0.21854033
0.88047910,0.86709678
0.64487296,0.44594145
0.57818550,0.70934421
0.82173556,0.57563108
0.74806088,0.84181809
0.86528963,0.89143956
0.24106328,0.33776334
0.90855527,0.88076925
0.50345057,0.62833571
0.72430563,0.65507013
0.51960218,0.54255599
0.92825520,0.94780439
0.91986513,0.84815168
0.90239429,0.96512538
0.90230286,0.94533569
0.12420462,0.13820100
0.55115968,0.63128549
0.88151789,0.87087184
0.78944975,0.77670741
0.70457667,0.57333332
0.69751018,0.73601484
0.62019229,0.60244495
0.93224210,0.93458170
0.76543045,0.74855393
0.83831656,0.85432756
0.93063045,0.90358436
0.54438359,0.36324245
0.92364383,0.90914899
0.50975782,0.23429488
0.64094454,0.67422217
0.85171419,0.91130614
0.87423486,0.86633402
0.56640536,0.45963559
0.84567797,0.93364704
0.87843502,0.90337920
0.87891185,0.88635087
0.84190530,0.86596137
0.11080816,0.14238474
0.72018045,0.67353058
0.74205834,0.65959710
0.81025082,0.68902355
0.94626105,0.94130772
0.91912633,0.93890327
0.78848296,0.83010000
0.86815363,0.76870990
0.69815356,0.78508079
0.35674533,0.20129573
0.73704654,0.73593277
0.56692082,0.69652408
0.90212929,0.89276779
0.92438233,0.95815170
0.80874193,0.85358393
0.86745363,0.95081967
0.73956400,0.87386876
0.92120987,0.92785192
0.86329073,0.82240474
0.54618454,0.51847291
0.57504475,0.54570955
0.88422358,0.91483933
0.90149426,0.96159512
0.90946168,0.91969699
0.88946193,0.77557325
0.94219553,0.94213098
0.64033687,0.59547079
0.68237102,0.63316905
0.87025714,0.85747862
0.88474447,0.88942462
0.76739675,0.76581365
0.90993983,0.92413795
0.90558279,0.86388087
0.84263736,0.90184408
0.90463561,0.94159889
0.52076495,0.47769994
0.43988588,0.51582682
0.75494105,0.65855271
0.65745389,0.55837613
0.70930856,0.86041665
0.84872311,0.81261653
0.64859438,0.64788085
0.84984791,0.90757883
0.57226384,0.68867254
0.26696911,0.27033615
0.89309376,0.86742425
0.88592309,0.95296687
0.84733117,0.87668997
0.60194802,0.70405483
0.90037709,0.90872830
0.34709364,0.26891235
0.42323580,0.28844616
0.91586828,0.93867528
0.92667145,0.95836520
0.94068581,0.85400099
0.58739477,0.64777327
0.91796076,0.94413793
0.17847249,0.58318377
0.88516784,0.87031418
0.91188568,0.90730679
0.86647725,0.89260840
0.87476343,0.85858172
0.65137321,0.44202900
0.36265138,0.22620282
0.93418485,0.93948317
0.91057098,0.95407110
0.83980727,0.85167789
0.39597654,0.31044713
0.48400375,0.53255486
0.66644984,0.65804696
0.48900849,0.71916008
0.88597220,0.82708436
0.83990592,0.90111095
0.89643747,0.88809043
0.55202031,0.61163920
0.53274697,0.29148528
0.88025951,0.84470338
0.75269109,0.76190341
0.58710289,0.67272520
0.91135383,0.96080023
0.82324958,0.93525702
0.89914745,0.96389180
0.68884867,0.64065313
0.73490185,0.72689146
0.86629283,0.77282280
0.55838162,0.57794201
0.13308871,0.35547245
0.80195969,0.93001091
0.83199650,0.76111454
0.47429010,0.52020627
0.12230648,0.17866541
0.75246811,0.69835669
0.62028795,0.33899325
0.60639030,0.67985255
0.94980848,0.92778361
0.16402122,0.10347844
0.81919968,0.86087668
0.90410149,0.91655713
0.55250239,0.68643981
0.61461020,0.61396575
0.70563161,0.78740156
0.83319038,0.83333802
0.53251618,0.77130038
0.88976783,0.94031703
0.77299541,0.91185915
0.88371563,0.83411217
0.56317294,0.89218092
0.61609340,0.73265839
0.93002194,0.94374889
0.90340853,0.89110535
0.57043743,0.51438850
0.60437804,0.74140918
0.66811258,0.72272569
0.24544193,0.25613412
0.89310050,0.91926461
0.58090764,0.67595762
0.34407875,0.35258478
0.76573867,0.75138831
0.92996109,0.97033179
0.69513530,0.56723893
0.18005592,0.06769641
0.88424659,0.90299064
0.68839836,0.75866234
0.50497848,0.55458927
0.61501229,0.64275974
0.75062668,0.78007442
0.88637024,0.93749142
0.23851493,0.33064476
0.18984009,0.13935617
0.73425734,0.76309842
0.85583407,0.70236617
0.83057702,0.82342285
0.89333189,0.96078664
0.73812735,0.61427450
0.76069111,0.86798906
0.87001228,0.94516754
0.82341653,0.86344659
0.89526528,0.78021848
0.89085633,0.88256192
0.89076120,0.92800957
0.72521031,0.70984000
0.14992182,0.19401021
0.93217862,0.93364310
0.81758791,0.85556608
0.88791060,0.82829678
0.82596374,0.86018974
0.89440608,0.93216723
0.82090491,0.83884478
0.86873710,0.91721135
0.84827530,0.85417455
0.58764380,0.44195944
0.83990312,0.63091153
0.91296369,0.92968750
0.92857444,0.98076922
0.92665160,0.93113101
0.94239378,0.93695152
0.68066895,0.59340662
0.73094583,0.75494677
0.58255541,0.56511414
0.72222656,0.59271789
0.56768620,0.57225901
0.63785070,0.63688868
0.76697373,0.85099202
0.43065253,0.51166642
0.86553550,0.86235178
0.88142073,0.71102273
0.81958938,0.74606460
0.73186672,0.90601236
0.76479894,0.82942766
0.91162002,0.95560515
0.23293345,0.17277816
0.46620175,0.41530049
0.19073789,0.35408485
0.80738145,0.86810982
0.89364767,0.87404394
0.82379419,0.84020394
0.91855246,0.88895178
0.85811800,0.88835049
0.72780502,0.75410956
0.24103029,0.19355844
0.70122176,0.70774949
0.76584107,0.79755753
0.95940518,0.94196790
0.68716580,0.53551751
0.74535608,0.69441104
0.81039971,0.74720901
0.58529407,0.80436713
0.81024081,0.90191597
0.76037765,0.81031436
0.42585430,0.57670254
0.46234030,0.37342286
0.92245150,0.90213126
0.87265831,0.91887301
0.15699635,0.21821387
0.88587010,0.84253246
0.83764297,0.91629750
0.75639254,0.85547787
0.34685004,0.17727028
0.77441663,0.76651859
0.78644365,0.61042839
0.36056742,0.57232702
0.75613767,0.77196455
0.38335478,0.31979588
0.89388961,0.94718504
0.87268919,0.82682014
0.74202025,0.79161072
0.90566522,0.92636448
0.89638054,0.87543857
0.72739393,0.73408186
0.87128639,0.91348845
0.86114430,0.83029968
0.61486161,0.54387695
0.34057385,0.09005424
0.89511913,0.93725491
0.89223433,0.89542693
0.88570833,0.90824288
0.79349643,0.68916667
0.84200984,0.75555056
0.85591412,0.88198572
0.83906883,0.78076386
0.79287589,0.90701753
0.90314525,0.81612223
0.89810407,0.93109173
0.79022700,0.63605124
0.12177970,0.22940685
0.69243252,0.68094826
0.15822247,0.09789793
0.65070331,0.55041182
0.85120314,0.66631186
0.55366939,0.38241181
0.59340698,0.58136481
0.16435041,0.14239281
0.38243365,0.41961285
0.77830356,0.67160743
0.86665934,0.81496948
0.92859757,0.94230771
0.55768639,0.54797554
0.17448968,0.22549520
0.90586942,0.88494551
0.87327480,0.87281960
0.89114261,0.79909480
0.93617916,0.97513658
0.76216143,0.87907219
0.87436628,0.82881582
0.41436791,0.28370300
0.65041983,0.50191200
0.54210740,0.55876905
0.82668108,0.84394497
0.84522396,0.86643320
0.86872655,0.88522571
0.90923733,0.92619932
0.71136457,0.62764049
0.85644317,0.83414376
0.78877538,0.59026688
0.88236916,0.88969105
0.87538236,0.87930161
0.63335967,0.64108753
0.81547248,0.69405240
0.74897760,0.44936466
0.53235465,0.65328610
0.39046291,0.35587573
0.85698962,0.92472613
0.89553636,0.89193571
0.89411688,0.91976273
0.65972638,0.56158555
0.86314803,0.93181819
0.86591369,0.93839288
0.88481450,0.89677179
0.63444620,0.61343890
0.73901862,0.64621210
0.84146124,0.93771851
0.65340090,0.64251715
0.89929044,0.80676502
0.86548513,0.92940140
0.21493621,0.56573516
0.76698965,0.83414179
0.76194483,0.61239034
0.94720942,0.94537038
0.73277277,0.89517760
0.85251981,0.84082633
0.95494223,0.95478034
0.78978693,0.82629454
0.90652454,0.90221554
0.60910797,0.71525139
0.71861804,0.65284371
0.74198389,0.88858747
0.39138851,0.34324324
0.90416211,0.92129201
0.26728192,0.52965587
0.71467978,0.85662329
0.67835903,0.62984276
0.70551234,0.84014910
0.66753376,0.67456281
0.81976497,0.81367642
0.85598117,0.87737381
0.83164537,0.71979111
0.74957478,0.60012245
0.79110926,0.80896324
0.63126844,0.79903263
0.87352353,0.84898800
0.87322074,0.89979094
0.66310847,0.54217803
0.90203083,0.87184513
0.32985756,0.35023639
0.91431761,0.86972600
0.91542006,0.93309766
0.83601642,0.42963848
0.94699287,0.95238096
0.91110587,0.90292448
0.45850903,0.59359169
0.91239727,0.84764689
0.91003627,0.93941593
0.64963973,0.54642147
0.58673519,0.46075755
0.86983150,0.78745866
0.92622983,0.88140428
0.89244139,0.85532874
0.86386895,0.87586004
0.42858708,0.41097781
0.55814105,0.81294906
0.64817744,0.69873011
0.79674560,0.76341772
0.42711574,0.41939652
0.93426037,0.93331707
0.45043585,0.38063678
0.75944531,0.81461120
0.90118921,0.86356544
0.86167866,0.81888497
0.83628023,0.70126402
0.84216452,0.84600532
0.83040917,0.71799242
0.63031918,0.80576766
0.12095254,0.11573371
0.10892951,0.14471753
0.20206101,0.27370870
0.16852905,0.21802193
0.87289089,0.86745286
0.87728006,0.91761792
0.53219253,0.55567831
0.23924819,0.08684523
0.90432227,0.90174997
0.84400558,0.97752810
0.75977534,0.50587827
0.89537472,0.95787656
0.82959425,0.82811010
0.65299207,0.58943623
0.78496283,0.84034121
0.59984618,0.72468823
0.59673786,0.41787943
0.59575123,0.67524695
0.86371255,0.88715434
0.83272451,0.85143358
0.82578546,0.76572299
0.88548738,0.73267573
0.49159348,0.41130349
0.45917565,0.41253459
0.49634591,0.42333701
0.80605614,0.80225331
0.37554702,0.37073177
0.93060309,0.89083129
0.93189961,0.92635638
0.85110205,0.90638530
0.96207279,0.92786336
0.88677371,0.88932884
0.85476691,0.87222224
0.85504454,0.76081729
0.90036470,0.84429973
0.62528038,0.86156839
0.54035443,0.45977011
0.92363876,0.87298405
0.66301101,0.47832707
0.49171105,0.52225542
0.73197198,0.79806578
0.88753855,0.88583738
0.86311668,0.87263954
0.68529052,0.70811111
0.87763965,0.81082720
0.75169343,0.75315470
0.57566559,0.55298787
0.90999019,0.86960250
0.84644169,0.89337331
0.29432204,0.29517210
0.39283830,0.38227704
0.91472220,0.94754153
0.86787868,0.89941752
0.76500505,0.72067940
0.84608722,0.92671192
0.66928881,0.72892541
0.46341190,0.40477979
0.52147526,0.49698871
0.58102936,0.22254266
0.86289632,0.91021466
0.63796520,0.75062531
0.90076959,0.89143640
0.89466137,0.92778337
0.90193212,0.84831065
0.83862948,0.81224483
0.71263194,0.76156652
0.85173959,0.82895660
0.52376086,0.54846936
0.90785879,0.93164825
0.64386696,0.79267889
0.31777146,0.17075326
0.49239236,0.27600297
0.94442874,0.93757331
0.85346973,0.71526593
0.71441847,0.66985452
0.60073125,0.41604635
0.88308334,0.81719166
0.25223142,0.21320389
0.63380116,0.72617304
0.94804102,0.94099051
0.77489889,0.75108284
0.44749448,0.46733695
0.11793566,0.10089324
0.97334176,0.94463146
0.76187640,0.74892473
0.87686288,0.84465814
0.59584659,0.58803153
0.79560208,0.78171647
0.80808240,0.86781013
0.37284935,0.48348597
0.82260019,0.89264327
0.51822156,0.50515997
0.93046635,0.91790068
0.36274004,0.32206389
0.83341247,0.85796642
0.76006401,0.50573266
0.27489528,0.20284900
0.89125669,0.87166619
0.90792501,0.93390751
0.91713750,0.99810249
0.66819811,0.66365343
0.58031672,0.42079458
0.74470574,0.71060944
0.85828733,0.93063945
0.80525565,0.73101854
0.82540637,0.95595813
0.72866595,0.61693120
0.65481108,0.85039145
0.93566406,0.96496212
0.34206283,0.24882154
0.90576291,0.92705601
0.79751855,0.88428366
0.35338128,0.38980940
0.84284407,0.93256634
0.89185023,0.83937222
0.75213915,0.72542518
0.80016780,0.67465597
0.68379968,0.82082480
0.90430576,0.90278625
0.88701349,0.89822596
0.80975014,0.68520772
0.63125896,0.38532355
0.63420010,0.48704740
0.87284464,0.83126938
0.28139237,0.18162036
0.90893960,0.90208477
0.88793904,0.77817488
0.86894447,0.97225618
0.15901464,0.19789402
0.87962693,0.89963681
0.94314957,0.94377440
0.88877457,0.85839826
0.59631741,0.61078435
0.47763550,0.61413044
0.92307109,0.93711191
0.84121537,0.76545084
0.93655771,0.97058821
0.34096405,0.36443609
0.37819755,0.36312521
0.87553447,0.76708263
0.45323426,0.52937502
0.89804369,0.79024607
0.89215291,0.89081454
0.84502894,0.86110950
0.63188672,0.75369942
0.43741015,0.35006940
0.95532638,0.94548410
0.77207106,0.66498518
0.81434619,0.81830639
0.81591338,0.82892108
0.84633130,0.88184768
0.33654210,0.27616072
0.88569605,0.79850364
0.87687218,0.89065719
0.87373817,0.93086231
0.90758395,0.72998244
0.83793271,0.84679800
0.62901431,0.21632653
0.26723805,0.33326069
0.18535312,0.19183815
0.59010965,0.48743087
0.91695780,0.94407952
0.88728321,0.89401984
0.87124318,0.81552893
0.86046660,0.92807019
0.90114892,0.78325993
0.81454951,0.86732459
0.79365122,0.77313966
0.80429524,0.77454948
0.75212407,0.74046820
0.89192754,0.85392076
0.79076368,0.83129698
0.85638702,0.83756614
0.94629222,0.93528140
0.89885813,0.88186926
0.73913598,0.79381973
0.74373424,0.69688696
0.95872611,0.91922879
0.92199880,0.92652273
0.89329505,0.84664577
0.74023247,0.76540387
0.84686399,0.89585638
0.91781092,0.93859649
0.30364725,0.32080314
0.81783307,0.77245408
0.92066139,0.91573280
0.64073855,0.64191377
0.68417162,0.85057473
0.12905812,0.14787246
0.89358580,0.84416056
0.79099154,0.79087746
0.80455029,0.89317387
0.72050369,0.64391613
0.83189553,0.88299233
0.44845811,0.43194795
0.64987785,0.67963105
0.77511597,0.65176547
0.80293822,0.82643163
0.79844683,0.75226355
0.83017749,0.75716102
0.52821189,0.44025022
0.73187286,0.60747039
0.88905525,0.78223419
0.88393736,0.86879975
0.82216090,0.76255196
0.90782017,0.88927275
0.92413121,0.96808511
0.60079688,0.54241073
0.82757002,0.75661653
0.31023824,0.09863760
0.49561694,0.55715907
0.77929926,0.73624593
0.81463033,0.79540890
0.59089530,0.71696526
0.55539757,0.59149587
0.91180927,0.93978560
0.88176918,0.96419412
0.62059695,0.69525450
0.82441986,0.49738893
0.84275264,0.76723981
0.94336921,0.95720690
0.89195818,0.90099812
0.91109002,0.95794469
0.19683559,0.30288059
0.71079534,0.71082675
0.84288764,0.86419159
0.77596563,0.65958905
0.89784914,0.85815513
0.78493178,0.74333793
0.67452443,0.66988039
0.60160226,0.71070814
0.69830948,0.94148535
0.58895040,0.81313258
0.83684850,0.79290372
0.81314629,0.64735752
0.76993364,0.79436970
0.89402843,0.87596530
0.91889638,0.87224531
0.90776134,0.95764995
0.38985154,0.36092472
0.76858556,0.62922239
0.91562587,0.92874461
0.71987325,0.74860299
0.62404168,0.70526314
0.88154250,0.89749998
0.36452359,0.37449864
0.93593580,0.95026022
0.57754445,0.32028005
0.63524836,0.64425415
0.91660863,0.96162230
0.81141233,0.76695514
0.80637664,0.77394414
0.41308948,0.63053328
0.88470972,0.95596242
0.84833115,0.76823986
0.77463090,0.75105363
0.36099809,0.32566988
0.81524581,0.68333334
0.65442908,0.69332433
0.07089414,0.08037448
0.76839483,0.89220911
0.90383995,0.96814519
0.88345319,0.84479272
0.81867123,0.79338527
0.86357075,0.94954646
0.53569955,0.43284315
0.84998280,0.69583505
0.92548048,0.89440757
0.32863989,0.36039910
0.20640622,0.35332921
0.81409514,0.68539518
0.72830778,0.74256802
0.61129951,0.48081312
0.63694870,0.53971231
0.82517225,0.72615498
0.95133656,0.92392248
0.93100208,0.96382010
0.59664595,0.73432392
0.87716383,0.86331171
0.82309037,0.78166544
0.81894469,0.89899069
0.68479908,0.76608050
0.84259748,0.86064786
0.68343496,0.82148719
0.54599500,0.58672035
0.94100034,0.93351567
0.35254827,0.42465344
0.49799997,0.68576086
0.57705736,0.52576363
0.79460889,0.70784760
0.80846602,0.53574198
0.88928026,0.91157508
0.87273914,0.74523485
0.93564910,0.91091871
0.80855310,0.82977635
0.59690237,0.81792766
0.90476352,0.88826263
0.74725330,0.72435689
0.81650966,0.75868577
0.59109169,0.67637467
0.80913544,0.99567723
0.94826949,0.92606348
0.62876827,0.57397401
0.87635982,0.90356058
0.83320147,0.71961153
0.73146594,0.79880536
0.58635759,0.50130612
0.90133542,0.93789756
0.89035141,0.95311296
0.82261592,0.81991476
0.80950540,0.72814614
0.77641195,0.71362889
0.82870650,0.83389235
0.81606913,0.83451200
0.90391004,0.78860199
0.81547296,0.73657191
0.90411705,0.84061986
0.87174422,0.94540530
0.82362616,0.80648643
0.23146433,0.31366667
0.85748792,0.84796661
0.75161558,0.73351729
0.46305606,0.54718840
0.88590473,0.88162988
0.75971085,0.81057250
0.87534618,0.92400765
0.66247267,0.57354552
0.89522916,0.87233663
0.42978632,0.50428438
0.44831091,0.13711420
0.35665751,0.32454872
0.85943067,0.89262384
0.95264208,0.96363014
0.19880238,0.19509904
0.91565752,0.99425286
0.65764946,0.72651094
0.61117584,0.60988230
0.63542622,0.60228240
0.88601935,0.88930732
0.92000669,0.86408865
0.38384885,0.34537953
0.80249691,0.84377444
0.94980741,0.90561378
0.18420538,0.13695097
0.16350313,0.50378859
0.83333373,0.74292064
0.89469522,0.79004449
0.24054609,0.24258862
0.72616076,0.86763489
0.90525502,0.94272786
0.91407782,0.87228262
0.93820101,0.93089473
0.81621701,0.82659674
0.77117240,0.56715345
0.54564214,0.43750000
0.54047692,0.64929664
0.84892672,0.87730443
0.82721251,0.87369418
0.94001287,0.93460876
0.82958412,0.83190787
0.91703731,0.93884945
0.90927607,0.93355179
0.88387460,0.68113589
0.83405483,0.92294228
0.91727144,0.92998475
0.67630547,0.72939563
0.91813111,0.81197727
0.93321675,0.93533128
0.72495836,0.66155618
0.85418808,0.83815289
0.71712714,0.64594233
0.43110594,0.42381462
0.46030825,0.33714616
0.21870542,0.19290447
0.84141785,0.88418782
0.68783277,0.52502614
0.24940193,0.22745098
0.88007683,0.81343281
0.38124123,0.29205781
0.92429090,0.87623543
0.64906174,0.67069441
0.81007516,0.84294069
0.91675878,0.93773043
0.88170332,0.81463414
0.93315947,0.94401836
0.92003107,0.86678141
0.85264289,0.87521613
0.44074145,0.57271230
0.55155182,0.53940362
0.65203977,0.71821153
0.87154323,0.91012084
0.60879201,0.47917229
0.90240490,0.98165137
0.83294570,0.91362369
0.88455123,0.85909718
0.60001063,0.54266471
0.87582296,0.91173846
0.89684850,0.90658933
0.90090609,0.86791629
0.93430316,0.95744681
0.78604871,0.58418125
0.76510817,0.82290292
0.89219105,0.87208658
0.75609666,0.74011052
0.50078601,0.60045093
0.87640393,0.83905226
0.69744235,0.65093398
0.89230138,0.90899503
0.71912456,0.69546163
0.31057391,0.74472129
0.83877593,0.88727701
0.78211176,0.73769182
0.68509364,0.73922074
0.73385638,0.76217532
0.94082391,0.93277627
0.84496439,0.83050299
0.92748535,0.90052283
0.14617544,0.21194558
0.20998108,0.17284226
0.89538515,0.77059960
0.89908528,0.91963649
0.86774403,0.89316058
0.88468474,0.86691087
0.91983801,0.93498981
0.82478589,0.82219505
0.64804792,0.58228850
0.83556432,0.70582694
0.95778167,0.95121115
0.83798158,0.86135387
0.47928873,0.56164718
0.35759348,0.30777812
0.85940003,0.91045171
0.89311123,0.89441824
0.86317480,0.84645456
0.80350322,0.94160479
0.91794425,0.91924030
0.92831415,0.90334094
0.74210793,0.61994076
0.61010021,0.40143004
0.82628214,0.81551468
0.67361099,0.78577238
0.29808870,0.20197700
0.80847734,0.66645622
0.53340638,0.78876680
0.87741703,0.89681494
0.95581728,0.90065694
0.82855171,0.84817350
0.68772274,0.47467282
0.79098499,0.79190505
0.32062295,0.28224444
0.64639628,0.76277483
0.89875501,0.91742486
0.80337691,0.83657098
0.80131441,0.82361144
0.83460683,0.68787706
0.81587410,0.91034049
0.94402957,0.96686637
0.70951146,0.61069554
0.91930705,0.83503401
0.63927853,0.69078428
0.90450174,0.91370666
0.84929514,0.84787780
0.84074879,0.90089047
0.82002395,0.82089055
0.89818925,0.80405194
0.91148520,0.93518662
0.95102948,0.97240955
0.87059402,0.84013987
0.86755347,0.87225527
0.91699821,0.92179430
0.88260657,0.92888987
0.27300212,0.45072746
0.86249048,0.85822284
0.90494174,0.85104918
0.65348452,0.76822382
0.90157926,0.82194221
0.65819544,0.59787560
0.85526812,0.84872788
0.78764695,0.83742207
0.35004073,0.34439981
0.95212209,0.93610096
0.30797705,0.26666668
0.69255310,0.62235463
0.54090577,0.60673052
0.17204292,0.18010005
0.88855904,0.84380031
0.86271858,0.92732280
0.79529190,0.83649731
0.84243178,0.90593380
0.66510886,0.70613438
0.90845913,0.92788690
0.41580796,0.48370764
0.83518034,0.81176519
0.62612683,0.77148271
0.88045472,0.96093750
0.93186337,0.90387791
0.87571436,0.84759659
0.83038217,0.89461780
0.93489540,0.94208241
0.91868776,0.95119363
0.92510551,0.90923703
0.91719413,0.98130840
0.47818586,0.56146836
0.90550274,0.91173589
0.52199751,0.50154185
0.68545145,0.58893472
0.11858484,0.14646147
0.54516947,0.50424671
0.46290734,0.41088435
0.43715739,0.29401568
0.41881630,0.48030955
0.23916072,0.07546584
0.64813215,0.74223316
0.76964206,0.87124062
0.92961264,0.91920114
0.69390440,0.74406934
0.93420863,0.92366052
0.64993870,0.64682537
0.56813818,0.60321188
0.52559775,0.37818581
0.46607530,0.62571734
0.88170308,0.91259533
0.78893274,0.72680253
0.59868914,0.66029036
0.88990182,0.87170118
0.82506537,0.76955587
0.91466433,0.93319839
0.69236606,0.85587108
0.52596116,0.58505511
0.86845380,0.96349204
0.53349918,0.61569321
0.77108294,0.69259226
0.66684425,0.66327536
0.92437381,0.91928649
0.93867964,0.95802468
0.92717272,0.90012270
0.93116027,0.90114379
0.34309754,0.20503296
0.21351300,0.35523197
0.39322186,0.26745707
0.86245877,0.90437460
0.80660319,0.63581181
0.65049028,0.61104149
0.90181988,0.93285304
0.53330135,0.81210190
0.39611012,0.47129482
0.85252649,0.81258750
0.44468009,0.45364729
0.90027088,0.98169702
0.79181647,0.78268450
0.53274792,0.61704546
0.91307300,0.88990861
0.90499818,0.97045207
0.70163465,0.70130837
0.91556948,0.89285284
0.57530379,0.62724870
0.69873869,0.56385195
0.45742708,0.25637975
0.73630387,0.79500234
0.79398799,0.69508725
0.46604103,0.63013417
0.88764983,0.98334062
0.52028769,0.69055158
0.85023922,0.92383808
0.88761979,0.94218361
0.88814914,0.86891854
0.87694824,0.86367422
0.61009985,0.51754659
0.66864389,0.78297937
0.92906564,0.93371862
0.92116082,0.90143776
0.80974376,0.91566491
0.32785511,0.30468205
0.56085849,0.56979698
0.38864398,0.23250675
0.91549414,0.86995327
0.38671306,0.41469720
0.93479228,0.93900478
0.42506212,0.43546876
0.73733085,0.77786911
0.53980488,0.69936556
0.92182708,0.95305806
0.85830599,0.76403230
0.87441862,0.80402207
0.79891717,0.75223839
0.83095640,0.83078456
0.84659207,0.78764856
0.94708526,0.95811826
0.59479469,0.65855736
0.90902764,0.91666669
0.05085845,0.07999019
0.81710982,0.76587898
0.80412549,0.61953080
0.84643370,0.75495642
0.90634626,0.95080733
0.83301294,0.77038592
0.82037050,0.80060756
0.63268590,0.74267250
0.81866050,0.79971099
0.85895491,0.91238075
0.21137133,0.22217397
0.93095261,0.87666112
0.70944500,0.74300504
0.62155813,0.45698714
0.31899998,0.36278734
0.52055460,0.37106428
0.54253733,0.71309465
0.42869729,0.44977465
0.77006418,0.59016037
0.89302081,0.91565895
0.91055548,0.91120613
0.86159474,0.91013020
0.93912053,0.89345205
0.72054130,0.80820620
0.71492159,0.86757928
0.81903332,0.91666669
0.79418671,0.85315496
0.92729783,0.87983447
0.49898532,0.49665090
0.93742841,0.95381582
0.87066633,0.90521133
0.81198823,0.67910516
0.67068738,0.40959081
0.22231121,0.20271671
0.46791354,0.68091470
0.81124324,0.68552852
0.94794685,0.96753246
0.17799114,0.10126051
0.89958602,0.80754149
0.94326687,0.93436402
0.83585709,0.74362189
0.84330988,0.82724601
0.69574142,0.79828215
0.86230248,0.69347245
0.83341014,0.82698303
0.95374936,0.93198323
0.51951504,0.51811862
0.67935002,0.70439917
0.86932886,0.92944145
0.82871532,0.90636706
0.79050940,0.71667582
0.62885642,0.42832315
0.88000077,0.89857936
0.88151854,0.86661679
0.95461482,0.92589283
0.46694225,0.25634059
0.80838758,0.83868378
0.84638715,0.78827751
0.92830747,0.92849410
0.92185462,0.89989805
0.85865206,0.76666665
0.65275258,0.55991811
0.46723035,0.28589076
0.88660860,0.88310915
0.51547295,0.55888957
0.91435748,0.89850473
0.48030570,0.27880543
0.93714195,0.92014730
0.78483468,0.73731178
0.55231279,0.52108461
0.72022629,0.83567995
0.31180009,0.32528889
0.91950458,0.96169591
0.59730893,0.77822578
0.47485209,0.58068180
0.92746651,0.87170529
0.80450791,0.71845239
0.93528599,0.87380368
0.81077152,0.76607144
0.92105085,0.95326221
0.93235677,0.89258462
0.36556995,0.34081885
0.58507508,0.59745753
0.62725967,0.68646055
0.87256336,0.82647961
0.92018300,0.90271491
0.90471727,0.91725850
0.81887877,0.88718826
0.85325146,0.87114435
0.63933897,0.60120356
0.72261363,0.46852174
0.68515337,0.73190427
0.47455391,0.39402726
0.71598577,0.62926930
0.50144625,0.49691918
0.93275571,0.98701298
0.86567187,0.89826065
0.76150513,0.85449898
0.89202410,0.90821499
0.79110616,0.75923043
0.73815107,0.70555204
0.82718563,0.94282120
0.83466977,0.77347064
0.82525545,0.67157787
0.91137254,0.70553362
0.70206785,0.81201661
0.93307644,0.88078886
0.77800763,0.83578432
0.95345956,0.94103128
0.68703413,0.53107768
0.53931791,0.52988833
0.24633959,0.20009609
0.32268265,0.39013493
0.81348240,0.78663665
0.94100374,0.89193547
0.68797863,0.44416144
0.85469943,0.93978345
0.79540795,0.81386513
0.17591855,0.33039546
0.76376128,0.65399677
0.73209417,0.75515068
0.93186307,0.96022224
0.84879714,0.87657964
0.86776292,0.84198749
0.78675431,0.86983937
0.71411896,0.78114754
0.65575367,0.78111744
0.66522527,0.56970626
0.83305109,0.92520034
0.78155100,0.79707003
0.85345942,0.89074498
0.93648779,0.84968865
0.76490051,0.76813245
0.74373186,0.90280050
0.88658816,0.94572371
0.82539433,0.82553840
0.47872683,0.65357143
0.85383117,0.95462906
0.67639101,0.66510111
0.89817870,0.79662228
0.93341476,0.90443242
0.75566143,0.84760690
0.76941901,0.83841294
0.55993575,0.67039657
0.78580809,0.83207256
0.83144951,0.81657487
0.75520074,0.77877766
0.25765741,0.31129807
0.59910977,0.68655598
0.44340196,0.59858119
0.09386504,0.17453220
0.82812524,0.93983346
0.74698699,0.93475556
0.77918178,0.75798655
0.69892567,0.70731276
0.70949745,0.71174288
0.51949149,0.35124078
0.88317442,0.91406113
0.66679949,0.76807600
0.80954367,0.76313525
0.39503843,0.31278375
0.44893461,0.44432133
0.86350918,0.90317613
0.80735290,0.79202557
0.90299296,0.93099362
0.71005756,0.70170403
0.42924449,0.54166949
0.82659733,0.85633147
0.90059131,0.90139705
0.78373754,0.75012022
0.83011317,0.80881226
0.76490533,0.82235855
0.54843295,0.60790813
0.80211359,0.74700153
0.92144847,0.96954507
0.87497813,0.91812015
0.79403889,0.84948391
0.06108744,0.08566161
0.88130277,0.12643468
0.52550340,0.85046059
0.86378014,0.90807289
0.93872458,0.93888801
0.72080749,0.60186297
0.91380227,0.91981262
0.61131233,0.69896704
0.75295717,0.66550720
0.82369131,0.77146763
0.75837082,0.90429294
0.63973534,0.79958069
0.41161597,0.40756464
0.67567754,0.39721471
0.37808987,0.17623153
0.61490446,0.73163074
0.90622002,0.89707863
0.92029709,0.56689388
0.75573874,0.87054497
0.85555470,0.88084084
0.90529269,0.91818798
0.91531074,0.94163120
0.93910229,0.86440676
0.84706545,0.87353730
0.40200701,0.56899458
0.50440222,0.49455270
0.62132710,0.61777139
0.47146156,0.52595538
0.83152795,0.94755542
0.41179851,0.36901370
0.88297319,0.87933469
0.89132553,0.87507808
0.91474253,0.91969991
0.94285870,0.97183162
0.82763201,0.69854492
0.93339050,0.90601087
0.89436489,0.91934985
0.72171813,0.76273364
0.86290640,0.86068255
0.83581257,0.91656953
0.59077173,0.60021871
0.85356647,0.85117328
0.77145165,0.86987966
0.83978581,0.84303600
0.72291404,0.77068216
0.62592524,0.79150760
0.96638250,0.97414732
0.84829968,0.88803732
0.90793425,0.90785474
0.50809032,0.71074456
0.82803649,0.83252627
0.53703094,0.63190854
0.87405390,0.88191229
0.17004836,0.20976952
0.88204408,0.95288247
0.92124629,0.92028987
0.44059545,0.49156144
0.83787096,0.83364457
0.85523838,0.87213224
0.90470517,0.88528138
0.60398614,0.58817035
0.40556619,0.31286803
0.53611964,0.62922794
0.57807082,0.61418188
0.53914845,0.24347527
0.13284948,0.11873738
0.78931993,0.76134181
0.36197674,0.39613393
0.59278238,0.82008451
0.84617454,0.80440974
0.39980036,0.33329469
0.87428182,0.92367554
0.91639256,0.89866668
0.66424155,0.70171762
0.49258760,0.42954203
0.65683585,0.80566639
0.86259854,0.83036262
0.93658072,0.92585701
0.73038095,0.74073303
0.78460521,0.80979818
0.84921849,0.86962384
0.69656104,0.62326616
0.77386469,0.63095152
0.87725848,0.89482588
0.76544338,0.83699787
0.50058365,0.49342829
0.85221279,0.91283423
0.87155318,0.80642664
0.52615750,0.62330812
0.88494736,0.89504141
0.88849199,0.89152396
0.81449497,0.92405063
0.20681524,0.32725823
0.51632357,0.39709273
0.88313985,0.93515384
0.88768566,0.88094622
0.84654146,0.85957152
0.32880276,0.27339184
0.90212250,0.86980635
0.84009778,0.79888940
0.31692204,0.42548537
0.87288010,0.86160082
0.36303940,0.54627961
0.65837866,0.43585798
0.73748690,0.50837368
0.88989747,0.85884035
0.91254032,0.88307792
0.30699906,0.45987770
0.89944458,0.91107064
0.25705820,0.24315847
0.88292593,0.90119338
0.82310236,0.90645260
0.58524525,0.72031248
0.86054081,0.87706041
0.79288387,0.80713564
0.85563302,0.85912198
0.69321090,0.72882140
0.90294331,0.99019605
0.83663869,0.83900726
0.53524560,0.32135075
0.48405078,0.39172241
0.64812279,0.67829460
0.52678668,0.37510505
0.87972778,0.83604652
0.88497865,0.85988456
0.60094535,0.65158045
0.32082060,0.31108308
0.58487695,0.50334930
0.79868329,0.85481507
0.76544356,0.79130161
0.82780957,0.84695125
0.69919163,0.61887354
0.27744764,0.14263675
0.67352289,0.48690495
0.84719628,0.86300260
0.29988784,0.26383927
0.40596187,0.53753352
0.79187191,0.62433434
0.60625893,0.45224568
0.90758562,0.95352924
0.92631757,0.80819237
0.67883146,0.69459707
0.49265361,0.67878431
0.92659777,0.89837396
0.94341803,0.95400435
0.85941792,0.91041696
0.78400046,0.75858337
0.87420255,0.82003665
0.71035922,0.70340455
0.65909427,0.48337805
0.48172295,0.37991992
0.73806596,0.86611974
0.71899921,0.58784384
0.64525181,0.75064933
0.85563344,0.90627605
0.66126823,0.65292746
0.91142619,0.91074139
0.54990196,0.76752019
0.76474631,0.87040246
0.71636802,0.61211991
0.48900050,0.43487820
0.84909141,0.90623552
0.91782975,0.89944851
0.82379496,0.84052944
0.43535697,0.26004007
0.76337546,0.84988815
0.56313062,0.53417081
0.88031566,0.83466578
0.67314065,0.52981442
0.81708080,0.86218321
0.78533483,0.81845027
0.89211136,0.86103523
0.45963103,0.51631916
0.65013492,0.83559859
0.67477375,0.18303572
0.64107966,0.93627453
0.90656871,0.83944249
0.88503963,0.84463322
0.11252849,0.09526616
0.94360429,0.93244487
0.82075834,0.77100843
0.89192897,0.94883019
0.92771316,0.92723972
0.81414646,0.68794161
0.88054031,0.86485237
0.94616115,0.92160589
0.87909919,0.89840817
0.80895376,0.92906165
0.85089809,0.75259233
0.63088793,0.61574060
0.73674673,0.59257960
0.93731928,0.79675978
0.63420248,0.59789425
0.93224394,0.93469661
0.79913676,0.54686409
0.94771367,0.93159062
0.76231277,0.70015490
0.76367056,0.86223722
0.80857903,0.90609950
0.90071130,0.94830412
0.85390204,0.94938821
0.34359685,0.35658288
0.73165476,0.71201617
0.46627572,0.45272169
0.80297506,0.82881021
0.45616293,0.37209436
0.86871737,0.92400002
0.69524503,0.68304229
0.84564126,0.71880341
0.93729210,0.88179296
0.77708429,0.76571894
0.70281988,0.77197582
0.57288742,0.57446116
0.22566575,0.32542616
0.70147848,0.65605420
0.47921747,0.61134416
0.59802520,0.58115762
0.90816367,0.81293952
0.75969744,0.60676390
0.87735051,0.82358974
0.81589466,0.85777777
0.30177727,0.27318868
0.57966763,0.81480813
0.73217309,0.87839675
0.38633555,0.29782945
0.23253100,0.04680178
0.08161642,0.06657046
0.85761660,0.90623760
0.81990397,0.81647158
0.78309870,0.58619440
0.89449632,0.92981434
0.92813462,0.95986170
0.75116819,0.74702710
0.52065188,0.64082605
0.85559863,0.76300967
0.87282342,0.83017105
0.86868554,0.84848541
0.79563725,0.79630065
0.85772580,0.79869944
0.59923971,0.59406590
0.74787807,0.79819822
0.82059371,0.81499010
0.94204897,0.91630435
0.50475121,0.34444845
