Predicted Score,Actual Score
0.86638868,0.97402596
0.78372085,0.73417723
0.57576793,0.12823969
0.82726723,0.81259978
0.88887936,0.89496130
0.50353497,0.47500202
0.88344556,0.90291262
0.90796214,0.96124291
0.88805664,0.89341539
0.90869355,0.88575649
0.84659117,0.89799571
0.89706874,0.90173441
0.87056470,0.87073731
0.90807354,0.92330921
0.49137875,0.56876683
0.76849353,0.75344354
0.92501342,0.95312500
0.91718453,0.91624480
0.75153059,0.69825709
0.52678728,0.67295039
0.92515653,0.92591548
0.73447204,0.83874792
0.76987159,0.67183489
0.89254034,0.87838751
0.79261833,0.85806680
0.51375788,0.67744184
0.69087964,0.64183676
0.84375262,0.90314204
0.63569587,0.39795625
0.11680279,0.23219927
0.78712112,0.73923182
0.60061687,0.62878650
0.86671835,0.79866892
0.95435232,0.93340164
0.82026315,0.76762378
0.88849396,0.87750590
0.68661880,0.70610350
0.91992950,0.87274390
0.80384928,0.77471316
0.77809834,0.74017882
0.67370427,0.53162020
0.80026436,0.85185730
0.86930853,0.82243454
0.91743308,0.96494067
0.75999296,0.68949252
0.79252309,0.84601575
0.79447138,0.66256118
0.94049352,0.96178091
0.85817385,0.89498997
0.41947952,0.60363024
0.94888896,0.95655042
0.58511770,0.52236116
0.77429932,0.77376813
0.89565957,0.95441693
0.72500300,0.69354075
0.48500332,0.63580692
0.84571642,0.84415495
0.56019205,0.40421757
0.70296288,0.71092772
0.54523963,0.48772570
0.88240254,0.92003518
0.72819000,0.80931371
0.77132469,0.81769353
0.41615683,0.58732945
0.87277329,0.93263525
0.94479352,0.92334527
0.86123359,0.86228913
0.69256651,0.61061680
0.91016424,0.94150591
0.93215448,0.93775851
0.76625901,0.77325583
0.63817823,0.75315696
0.95353580,0.94875002
0.91800433,0.91922528
0.05956253,0.08555707
0.87852126,0.91582203
0.74474198,0.45671695
0.90884572,0.90770239
0.82662618,0.85985541
0.64928460,0.62730861
0.66010606,0.72826087
0.88875628,0.88688642
0.67567545,0.71479058
0.44138274,0.36846665
0.74671686,0.65540588
0.59801400,0.68428475
0.85230213,0.84891218
0.84904820,0.55244505
0.83230096,0.35617423
0.56250519,0.50777072
0.81069279,0.85436708
0.68591231,0.79423076
0.80683571,0.89748764
0.76029742,0.83244783
0.96706343,0.92120171
0.81340450,0.88900036
0.78776240,0.84893095
0.37443677,0.26438427
0.89821875,0.93618190
0.67592335,0.71952027
0.69451553,0.70891517
0.85129815,0.93338555
0.80638582,0.81782299
0.80645949,0.82515365
0.93418151,0.93354863
0.74581140,0.76575905
0.78997940,0.78066832
0.79242158,0.81996006
0.34459826,0.70684522
0.69882143,0.62531328
0.91673446,0.92056233
0.86771673,0.89564049
0.75604147,0.75606227
0.86311513,0.79218322
0.77322626,0.74072599
0.95352048,0.98071426
0.90785086,0.92811561
0.89097983,0.87471670
0.93630296,0.91462636
0.85775203,0.82258064
0.48237297,0.39279380
0.84750211,0.88937986
0.88248736,0.90602368
0.78533143,0.81310177
0.42220676,0.55831259
0.87308377,0.94914424
0.95448709,0.95865506
0.94383931,0.91876382
0.60394871,0.50917327
0.33650216,0.36498562
0.52545816,0.61657834
0.89850163,0.79741937
0.94279671,0.95239449
0.37098798,0.28675476
0.06091352,0.07518037
0.75716841,0.71153843
0.90415382,0.92348027
0.95843005,0.92421323
0.79050750,0.56428504
0.85361093,0.82616764
0.34281093,0.34419924
0.59663510,0.81334132
0.57639349,0.65832502
0.55764705,0.43220028
0.87543070,0.90905404
0.84578723,0.79105079
0.50359142,0.55054945
0.76349765,0.62651515
0.77348280,0.86879802
0.88303459,0.97530866
0.77447522,0.87283242
0.51080734,0.56747156
0.92261422,0.94212097
0.69115138,0.66474348
0.85555017,0.92114174
0.61558658,0.53451371
0.60249710,0.53433007
0.31062073,0.26161468
0.70453298,0.76617503
0.49521035,0.26211971
0.72670007,0.85384059
0.64745152,0.83106786
0.52890354,0.52025586
0.53319246,0.45982206
0.73905027,0.66571146
0.68335378,0.65996927
0.62496227,0.55469769
0.40243739,0.49744070
0.80660009,0.82678950
0.90310967,0.86687738
0.36232641,0.50203669
0.65462959,0.82179201
0.75414938,0.83482140
0.85111654,0.87538403
0.67988485,0.42339361
0.90978181,0.87560409
0.84362000,0.96667218
0.93482172,0.91998285
0.64691800,0.57792211
0.14355040,0.11602031
0.32518372,0.44695711
0.89811212,0.90727723
0.35238138,0.21682203
0.60784161,0.73896211
0.14160699,0.08269231
0.92516237,0.89456820
0.31726983,0.54569191
0.37467870,0.53317410
0.90067273,0.80749857
0.89206338,0.91145813
0.75075614,0.55948716
0.81613600,0.80233300
0.87027746,0.88644528
0.57804716,0.62116641
0.93237543,0.95716840
0.88969243,0.88170350
0.92764926,0.87957662
0.90950376,0.89387870
0.47303298,0.40693602
0.88382608,0.89572513
0.88464200,0.91693234
0.76726037,0.84765124
0.55070746,0.76251251
0.89465576,0.91515762
0.93585259,0.87500000
0.91882688,0.89019877
0.81499356,0.61056477
0.59225690,0.82854885
0.87503737,0.78734589
0.78721482,0.78923386
0.84085870,0.88581467
0.10491183,0.16648623
0.63857847,0.67439586
0.60189027,0.60586655
0.30372679,0.21057090
0.96036845,0.97528487
0.61707562,0.77255833
0.85591054,0.81333578
0.53328913,0.40319654
0.17856051,0.18734229
0.89089692,0.93949294
0.82789600,0.83993411
0.78887969,0.81172067
0.90461791,0.84017092
0.89309162,0.92468828
0.94609702,0.88304842
0.78327549,0.66082203
0.91145033,0.88372952
0.89249557,0.83225191
0.93889487,0.95003641
0.79410952,0.72066885
0.82703990,0.86759102
0.94945115,0.95790040
0.85182965,0.90465409
0.84469384,0.89721519
0.69347090,0.70557100
0.71392667,0.69692564
0.92665946,0.92170662
0.71454483,0.82425898
0.85459721,0.87733400
0.67438674,0.73381919
0.86747056,0.93076921
0.42691898,0.24927424
0.78844726,0.52957636
0.84280002,0.82738793
0.74767429,0.86590999
0.95436591,0.92802405
0.90060163,0.90368575
0.56568271,0.54557669
0.61937690,0.62063390
0.72476298,0.79854780
0.84685057,0.74737102
0.23215254,0.12833922
0.85538250,0.79881155
0.44805062,0.35335454
0.93564671,0.93185782
0.64020091,0.59370100
0.65623862,0.77021104
0.49787784,0.52511907
0.41938642,0.30528343
0.74554515,0.80870020
0.56827611,0.34392732
0.87443107,0.89617443
0.44958833,0.35266176
0.01793720,0.07075887
0.93864864,0.87498575
0.78903699,0.88172841
0.12414049,0.12780370
0.91014510,0.90276414
0.75080949,0.83361101
0.78924531,0.88522983
0.92962420,0.95717955
0.65499979,0.46015915
0.62514263,0.38126567
0.23453553,0.25172111
0.77170998,0.80265307
0.84631318,0.76514375
0.60029209,0.07320361
0.78980875,0.89524198
0.69907892,0.73342174
0.87895274,0.80329156
0.83382821,0.85264045
0.72763979,0.78269428
0.84586620,0.87559807
0.89027250,0.90807718
0.42087504,0.36312518
0.89672559,0.80876142
0.30926186,0.25291896
0.85811168,0.86300600
0.81202215,0.79727256
0.56102508,0.61340129
0.90680343,0.89284766
0.93792534,0.91649079
0.52968866,0.55881286
0.45065126,0.54536289
0.78622890,0.75468165
0.91915786,0.94361734
0.72264349,0.59260988
0.62378395,0.64701778
0.83222795,0.71809447
0.90710551,0.93402511
0.61306280,0.58740681
0.38513440,0.41599599
0.10986943,0.14241019
0.81079119,0.67805189
0.93253773,0.80217671
0.78739983,0.66494596
0.89202905,0.95568520
0.60252953,0.61684728
0.91902715,0.88004929
0.79931146,0.88933253
0.81952685,0.82872027
0.81502628,0.80215055
0.80359024,0.80901641
0.83313733,0.82661730
0.12273131,0.11900791
0.84272784,0.87948585
0.77300978,0.80047262
0.63756567,0.46851847
0.53639585,0.57297772
0.85645366,0.71595830
0.58023190,0.74690306
0.70304298,0.73192525
0.71317232,0.75357145
0.48582837,0.57308745
0.66517317,0.62363571
0.72539371,0.65479439
0.92672026,0.93142426
0.74384457,0.83667612
0.91530746,0.89990115
0.62689251,0.67989606
0.90966344,0.94007879
0.89422745,0.91771734
0.91262144,0.91071504
0.88538188,0.92906648
0.93959284,0.91549295
0.78888160,0.66958934
0.38518542,0.41143456
0.75255334,0.88174874
0.86495352,0.85992599
0.56741440,0.13107717
0.89191884,0.89474386
0.76358163,0.68202478
0.93940324,0.94682842
0.68001854,0.63246292
0.86333746,0.62972188
0.53911555,0.37559256
0.84764469,0.80065358
0.95110261,0.92087841
0.21479838,0.36875001
0.93090504,0.91927636
0.53836614,0.46600592
0.62037730,0.61411488
0.93087417,0.89916748
0.89017767,0.92163610
0.87436372,0.93200552
0.64010078,0.61390060
0.81472373,0.65883905
0.91110712,0.67633200
0.80545944,0.86915255
0.06173242,0.15155677
0.54022968,0.49106583
0.55547559,0.69213933
0.27272198,0.24906784
0.50559992,0.54263598
0.82579249,0.77467996
0.71635032,0.68409622
0.20491819,0.29139313
0.53519511,0.51904726
0.50875479,0.38562462
0.85644919,0.84973544
0.92441350,0.95088142
0.92371970,0.94298244
0.92871481,0.86500758
0.90579319,0.90359151
0.91005760,0.87472767
0.60450917,0.46424896
0.95587575,0.95084935
0.55558944,0.77117878
0.71328950,0.58342171
0.89238405,0.91828686
0.76881796,0.80697674
0.76877600,0.71942645
0.86823034,0.93650794
0.56514621,0.57005721
0.43980262,0.51761085
0.76706332,0.75609297
0.51545024,0.45612457
0.85001832,0.73582870
0.57277614,0.38604474
0.91608363,0.90181994
0.66084009,0.73497599
0.92802292,0.88957173
0.25684473,0.34808046
0.83608532,0.92061257
0.85573608,0.90839982
0.64984524,0.55831069
0.60109758,0.72351193
0.88741648,0.93805766
0.66358060,0.64244634
0.60162348,0.32544324
0.79260260,0.73041230
0.40933093,0.34453544
0.59183884,0.50486070
0.76871324,0.78953445
0.87625313,0.94339621
0.32359859,0.30385977
0.68748218,0.64590788
0.90968794,0.85407209
0.91163319,0.91231942
0.69319147,0.18738404
0.51912212,0.45740741
0.90968871,0.96041739
0.57983875,0.72167873
0.59354341,0.42158175
0.87578046,0.91804773
0.76103938,0.78965688
0.46047926,0.52184761
0.81779611,0.87190974
0.96444058,0.94274896
0.81888223,0.80571985
0.88047409,0.07899183
0.82805169,0.60848868
0.79475731,0.89148116
0.45678455,0.51343048
0.93791181,0.92359877
0.62455380,0.79474926
0.74474096,0.88637221
0.87694377,0.98275864
0.90045971,0.89629233
0.76880783,0.89764708
0.76698762,0.84450263
0.66406661,0.61614585
0.15467328,0.17829013
0.91483879,0.92699409
0.76187879,0.81618500
0.47684306,0.53220779
0.86142337,0.92192829
0.33798099,0.33106670
0.55121464,0.44288188
0.54565156,0.56109023
0.64563709,0.43951538
0.89053565,0.92528480
0.89083385,0.93086082
0.34795022,0.26050326
0.47920904,0.56626183
0.38660130,0.36328125
0.90187055,0.92448813
0.73384511,0.82105064
0.59068894,0.68381846
0.72233188,0.82598782
0.52691025,0.50071144
0.89808905,0.94360578
0.77952379,0.90516317
0.65480006,0.72879392
0.81836611,0.76458818
0.86950117,0.88809526
0.93969655,0.92989480
0.93355531,0.98217809
0.75664699,0.86826700
0.86274558,0.56681240
0.83744043,0.85920775
0.65920877,0.57705969
0.95345438,0.88157892
0.69786721,0.78612471
0.87731159,0.94624126
0.53587991,0.54118794
0.67489082,0.63134241
0.50388807,0.87279165
0.42924944,0.31614673
0.86158043,0.86965811
0.88652563,0.88306868
0.91160429,0.92385060
0.63651717,0.76888734
0.86201769,0.84614265
0.73651451,0.72766995
0.07315569,0.11512188
0.93043816,0.93403876
0.85980433,0.82826018
0.86989200,0.87306368
0.84841782,0.87089950
0.76957417,0.75645971
0.82671529,0.85018182
0.78711003,0.66416782
0.59745264,0.75797015
0.46365476,0.25341764
0.60365748,0.61868542
0.87917107,0.93299794
0.79000640,0.53369093
0.47347373,0.50543553
0.90134871,0.94818151
0.74922764,0.89948452
0.87119967,0.88830614
0.69574916,0.55795473
0.78467798,0.71386105
0.70012617,0.76758122
0.82446736,0.75173992
0.67970049,0.67453843
0.13729085,0.15517631
0.06005983,0.08621617
0.87250340,0.87846482
0.74884051,0.77368772
0.34932634,0.32831958
0.64390719,0.69556928
0.81315005,0.85143918
0.71641874,0.96383566
0.81854945,0.91259277
0.49034509,0.42557567
0.93349081,0.88128066
0.66634262,0.73436350
0.81593436,0.75521260
0.94246507,0.94178456
0.84331775,0.83820224
0.81357008,0.90534252
0.88842070,0.90604395
0.68582410,0.54397857
0.26276094,0.34042621
0.80960780,0.74213564
0.37187752,0.46721312
0.74262166,0.83787876
0.84886074,0.77691257
0.66941369,0.78463358
0.71140057,0.54062980
0.61564314,0.56309479
0.87708706,0.90254986
0.74703962,0.81804323
0.85336417,0.88422751
0.80405831,0.82250792
0.49184284,0.68953943
0.91331536,0.90570074
0.94157720,0.94573575
0.92586190,0.98872048
0.21338256,0.28900936
0.85287100,0.79104477
0.94171047,0.93850523
0.91743338,0.89795154
0.82781714,0.83737725
0.70542473,0.74095714
0.40105647,0.33032396
0.38193047,0.34530908
0.79717016,0.80003738
0.80640465,0.74438637
0.89582944,0.86483365
0.65027517,0.16271827
0.21583787,0.27488452
0.82813734,0.97891808
0.65907502,0.81934381
0.74556524,0.87059790
0.78347266,0.53162599
0.83224535,0.89136720
0.77460593,0.78222442
0.77891749,0.87974375
0.14357829,0.17347129
0.88490486,0.78741497
0.61892980,0.57768714
0.81431061,0.66176468
0.78634405,0.37600806
0.72453165,0.90059763
0.91948348,1.00000000
0.67666197,0.75333333
0.61614704,0.51879370
0.73622686,0.87455761
0.77778131,0.88170165
0.26852533,0.33645615
0.85218471,0.78451216
0.89730710,0.87897205
0.40371728,0.37231278
0.61421031,0.65100884
0.86982077,0.98514849
0.34876087,0.34342417
0.91347677,0.94150341
0.86148983,0.86278194
0.47792301,0.73398250
0.39190304,0.18351649
0.91773391,0.17508772
0.77226806,0.54235989
0.80180883,0.88377446
0.91786611,0.88747102
0.84889215,0.68725389
0.89580458,0.94704670
0.69684744,0.76789868
0.90998220,0.90375656
0.52180511,0.38664913
0.74722630,0.58123970
0.95995963,0.94471526
0.57252181,0.58785385
0.16232572,0.13317041
0.77122140,0.82111031
0.77773589,0.81927550
0.69153410,0.50737178
0.38511792,0.35793820
0.84793508,0.94668913
0.70195901,0.78106236
0.77686238,0.76445186
0.79393321,0.94601381
0.89398128,0.90634274
0.66882604,0.68380833
0.90523225,0.90094048
0.47965392,0.20601732
0.66109586,0.57549256
0.37586507,0.40170914
0.61074358,0.56870341
0.83990777,0.70322567
0.33820230,0.56885648
0.94458371,0.95232815
0.89778703,0.97230917
0.92144978,0.90798736
0.57255840,0.50279957
0.89146775,0.93726468
0.52037078,0.47462690
0.86931741,0.98611641
0.81100535,0.84835601
0.53593588,0.45559782
0.79573983,0.90083504
0.85862970,0.91296166
0.90373856,0.94327378
0.31859210,0.16424765
0.52518827,0.55503821
0.91956717,0.91661292
0.41570756,0.45925885
0.34214169,0.29532996
0.90045363,0.87887806
0.86861998,0.90586281
0.31785873,0.17696486
0.69276237,0.82478631
0.83187503,0.86314261
0.76737154,0.76869750
0.56245905,0.53705597
0.86782795,0.92538112
0.37425852,0.56055903
0.85158467,0.88629723
0.62276655,0.75627935
0.92773080,0.93670887
0.78938752,0.82308888
0.55141711,0.40456834
0.83162069,0.91089743
0.64311796,0.78777778
0.86992812,0.92911357
0.80378622,0.69113922
0.88377619,0.90190220
0.70686144,0.63666749
0.90431786,0.85641026
0.43478933,0.17829363
0.80329871,0.69058317
0.05202192,0.15327817
0.87826926,0.90101820
0.87741303,0.91109407
0.95824271,0.95047361
0.93265951,0.92647058
0.50032860,0.68912905
0.89893734,0.92720586
0.49256080,0.42086020
0.25007179,0.27375650
0.92070544,0.86971354
0.85342616,0.89973330
0.77273101,0.79886061
0.38613626,0.43711844
0.87558091,0.98076922
0.19779392,0.10615226
0.82664359,0.83466554
0.82425922,0.88856828
0.80590665,0.94647890
0.51196611,0.43639743
0.70799392,0.55140448
0.85174894,0.87530923
0.81696832,0.78524160
0.88129514,0.91887212
0.91140300,0.96458089
0.53884888,0.73625642
0.74830812,0.62658280
0.80072761,0.84385967
0.79954523,0.15565036
0.94927680,0.95704174
0.90338194,0.89234298
0.32504940,0.52842444
0.85330278,0.87819541
0.92084783,0.88687754
0.69047749,0.73830181
0.58138412,0.52949911
0.71167868,0.71129984
0.70888287,0.86401820
0.79047650,0.84465569
0.37261856,0.62325048
0.82225728,0.70629656
0.93985522,0.96345747
0.78743911,0.85711020
0.57819682,0.42282653
0.92458701,0.83812600
0.77631402,0.91418177
0.59402853,0.53076196
0.78579247,0.76756668
0.53979671,0.48365700
0.75255585,0.84386742
0.88540804,0.87472898
0.53544247,0.43295455
0.72153825,0.15256086
0.36237523,0.56848830
0.38602710,0.46316090
0.71422446,0.84844136
0.48610011,0.58766234
0.88638020,0.93451458
0.92408043,0.94434857
0.74784833,0.87548947
0.85334516,0.66451401
0.90185863,0.93750000
0.83204889,0.87782383
0.84877592,0.77662879
0.35931483,0.52112883
0.85303372,0.74080932
0.34327427,0.35436183
0.91599709,0.90838045
0.86788583,0.86874288
0.39655292,0.40221879
0.82036728,0.68074971
0.77819997,0.27570876
0.68141776,0.65938246
0.59816682,0.75972068
0.70210302,0.72567880
0.92546427,0.92263740
0.83884370,0.90852314
0.82966101,0.77347380
0.85627890,0.90735614
0.40849125,0.39060232
0.90712190,0.93160450
0.87442696,0.93575215
0.89964938,0.95952332
0.92344248,0.92662084
0.13650301,0.13453953
0.60071415,0.80454558
0.92611712,0.97752655
0.85169327,0.84678727
0.84544325,0.82333183
0.89572799,0.93022865
0.69554675,0.61199600
0.73914576,0.77859968
0.70892698,0.80725890
0.83703905,0.83139491
0.81730503,0.83583742
0.85487324,0.87042934
0.62415177,0.70664060
0.52121556,0.36685368
0.74396127,0.74097306
0.73448944,0.79255486
0.87232459,0.84913212
0.82306916,0.71875864
0.78983676,0.67011690
0.68847781,0.32683048
0.76258975,0.55766112
0.81505597,0.85989255
0.24626669,0.19367094
0.87651592,0.93538404
0.90677017,0.90991825
0.79105276,0.68539327
0.92308855,0.91759419
0.76666385,0.72106284
0.34812698,0.32704347
0.92529643,0.93608046
0.78308803,0.86502969
0.91768831,0.95979702
0.83956444,0.84799147
0.26415828,0.37755728
0.93737686,0.95145708
0.67598087,0.56290847
0.85892409,0.91645712
0.86891752,0.95285410
0.74512923,0.62650567
0.31477958,0.32072335
0.93010306,0.89240617
0.33114713,0.35028657
0.66227108,0.71653408
0.91515148,0.88588905
0.37725604,0.26666120
0.77815175,0.74499589
0.85122365,0.83351606
0.88114780,0.96326405
0.84398055,0.90768588
0.86421472,0.94939309
0.77734637,0.85437626
0.86556119,0.95850748
0.51081461,0.54287916
0.27929291,0.36428204
0.92065513,0.88704598
0.56552672,0.43425927
0.91263789,0.94929725
0.64369929,0.71067512
0.79049110,0.63700873
0.71500915,0.86472732
0.71264058,0.71541029
0.71082962,0.63905811
0.83892530,0.80315578
0.88453740,0.88850272
0.68188632,0.66753322
0.44713354,0.44647831
0.63979399,0.62124932
0.78903371,0.87901765
0.75508058,0.78030300
0.37233847,0.52420342
0.88200289,0.92205089
0.85159355,0.78166133
0.73411173,0.73881441
0.84724396,0.84031099
0.53736562,0.63799721
0.90262854,0.94316679
0.93876415,0.93215811
0.91851687,0.89567053
0.86274195,0.25329894
0.79475975,0.86700290
0.91643339,0.95950282
0.92087656,0.88489062
0.84958595,0.86976236
0.75491202,0.76693648
0.75151426,0.30950662
0.84124792,0.72567809
0.92317504,0.97021693
0.20171796,0.21486366
0.89244932,0.78550839
0.90907377,0.93685639
0.61645806,0.49767870
0.71614349,0.69782382
0.42305812,0.25678471
0.87343657,0.86602592
0.61887074,0.55377764
0.80117160,0.62692308
0.60592371,0.46017650
0.95206225,0.92502511
0.89802665,0.88770777
0.76946819,0.82881659
0.75138921,0.50868225
0.88158745,0.92674989
0.42025346,0.36921552
0.91986728,0.90374178
0.90649325,0.88365299
0.72687596,0.72280091
0.56195694,0.36578321
0.72828299,0.84963846
0.95879984,0.95857555
0.86545098,0.91486543
0.84267849,0.82511932
0.44390938,0.54123598
0.84715194,0.87810737
0.80845916,0.88048673
0.83408815,0.86632097
0.89467251,0.89029562
0.89186418,0.92037600
0.57071900,0.57556325
0.69125605,0.68744832
0.90164661,0.90070903
0.53786409,0.65185744
0.82466680,0.84777701
0.21009627,0.32695955
0.92702872,0.99002868
0.65085757,0.69989926
0.80110502,0.71813726
0.86411232,0.61200142
0.77904624,0.49263832
0.94406056,0.94070256
0.96919078,0.96220237
0.75274837,0.85051167
0.94929570,0.91666669
0.77977723,0.77461988
0.32722703,0.46426493
0.25862443,0.17483173
0.93042731,0.88480097
0.77258360,0.83754009
0.73029447,0.84317225
0.77866292,0.83602023
0.17862092,0.11402626
0.92280382,0.95478034
0.92886978,0.91940153
0.96411264,0.97209769
0.83936954,0.88014835
0.68121266,0.51186508
0.83286798,0.92653054
0.92709053,0.96006495
0.65030408,0.67934263
0.83374947,0.71043456
0.92208123,0.92495000
0.77610785,0.35361624
0.47373122,0.50788003
0.95012683,0.98148149
0.58593118,0.68704647
0.72972947,0.86311477
0.47059181,0.52732795
0.81568223,0.88892710
0.92232323,0.95763242
0.81868488,0.80791467
0.74161804,0.83319384
0.88024330,0.81443512
0.68584889,0.68139619
0.61327195,0.74045002
0.71459466,0.80992734
0.80149937,0.87623996
0.46550202,0.67512143
0.73031819,0.60962784
0.83613169,0.94444442
0.84599727,0.91606665
0.44917610,0.35512239
0.91832674,0.90430218
0.94309074,0.92204130
0.55733311,0.55746180
0.44270197,0.49128383
0.89304602,0.89216524
0.94612670,0.95149255
0.89743477,0.98148149
0.77684569,0.94337589
0.85511291,0.80992484
0.87121403,0.90847337
0.85929877,0.92484701
0.45383707,0.26357070
0.08583673,0.08537281
0.90685320,0.93373901
0.76773864,0.87512636
0.92887318,0.91501004
0.77064556,0.95940173
0.93267339,0.91044438
0.57416415,0.59308600
0.86502635,0.90087485
0.72764707,0.61900586
0.76924068,0.82157707
0.48945084,0.52896458
0.69994515,0.73947090
0.78477812,0.79045957
0.58044559,0.54188710
0.85421479,0.87981242
0.63685042,0.65378422
0.57989365,0.61596203
0.93812001,0.94051993
0.63120735,0.74266541
0.59003520,0.64204597
0.80749106,0.88051951
0.90492553,0.89543957
0.75308758,0.81695253
0.80631089,0.91156465
0.81481063,0.64776045
0.92921829,0.92656809
0.87239289,0.93346846
0.80147624,0.92307693
0.86077785,0.91433054
0.86915833,0.88171500
0.76989871,0.78515816
0.27812156,0.21394357
0.79116225,0.71412039
0.44894311,0.37766421
0.90163875,0.86475295
0.12890662,0.16192956
0.59260023,0.68831170
0.85846269,0.87214881
0.80548239,0.77392119
0.21186239,0.17979489
0.68033260,0.87428027
0.25348324,0.35305768
0.80422938,0.92311543
0.92988986,0.97734177
0.47305700,0.44297516
0.62988323,0.58479846
0.77769679,0.77450913
0.95003235,0.91695273
0.94314086,0.95487177
0.91756976,0.94533968
0.73121029,0.80533808
0.82958883,0.94351768
0.91264457,0.93783897
0.93179661,0.89982951
0.77475965,0.69699663
0.50981122,0.49800220
0.29027092,0.21694674
0.72429007,0.17383404
0.87579024,0.82614231
0.82304579,0.87852186
0.85003829,0.92970103
0.87367225,0.92205727
0.75282705,0.79311341
0.48421106,0.51911014
0.69562948,0.67791635
0.75288671,0.69121093
0.76720011,0.77200490
0.93032950,0.96604937
0.45222300,0.38564792
0.77774644,0.81436181
0.63138396,0.62727273
0.48466516,0.46962860
0.84905255,0.94494885
0.65845561,0.77758312
0.72734678,0.64672607
0.68880445,0.74681777
0.90378022,0.90649003
0.71959960,0.69499135
0.75695485,0.55331343
0.51117909,0.52941179
0.18615258,0.12279566
0.45896098,0.20196499
0.75705910,0.66119969
0.84175456,0.80784112
0.78558308,0.62730896
0.91416693,0.92794609
0.87239826,0.84856158
0.26837426,0.30643708
0.65612411,0.55393302
0.92258865,0.93758202
0.43426865,0.32155719
0.80911326,0.81454670
0.91144490,0.89606696
0.44359031,0.36516562
0.92277664,0.93428081
0.40341631,0.23690413
0.91111982,0.84717596
0.87506378,0.91078752
0.83302474,0.90155697
0.84780627,0.91223651
0.08738036,0.26881394
0.73300683,0.84800750
0.53910023,0.42078146
0.92608392,0.92582595
0.66448683,0.61574668
0.82154882,0.91927910
0.88848948,0.95104164
0.75874794,0.85549217
0.58517992,0.62375444
0.89893252,0.93637651
0.82483286,0.89367819
0.93602788,0.98437500
0.66002971,0.53379685
0.77177864,0.80090910
0.60362238,0.51022112
0.92062873,0.90876842
0.71706176,0.91176468
0.83791447,0.95534998
0.94897145,0.93555743
0.83159059,0.86466682
0.96390557,0.95430315
0.86497021,0.93287402
0.60314536,0.78593373
0.58673042,0.69455785
0.89880192,0.91957241
0.90783298,0.94464284
0.88031805,0.93530023
0.93337321,0.90274012
0.59982383,0.45755017
0.72787458,0.56770021
0.41936749,0.36953107
0.82025480,0.85556936
0.65617192,0.62952900
0.88907588,0.92032969
0.80392683,0.78991342
0.85105836,0.79022276
0.92572457,0.93898064
0.46071690,0.61570078
0.69586617,0.61032093
0.81423885,0.80869693
0.56949848,0.52065676
0.89604044,0.88971859
0.63808846,0.76950121
0.53739977,0.74825537
0.90870547,0.92996031
0.88246238,0.85084409
0.88743144,0.92322910
0.77536917,0.86068684
0.82112980,0.82627243
0.88826674,0.87418145
0.19304134,0.38190293
0.65341955,0.70674533
0.54523492,0.45081618
0.08172405,0.19908528
0.92502981,0.93265975
0.16455017,0.13550466
0.88381296,0.82801121
0.82323629,0.82499671
0.78741711,0.82292283
0.87580615,0.61613685
0.52996618,0.41865605
0.74322265,0.85303593
0.77652824,0.72537714
0.91965234,0.90746534
0.54662240,0.65970802
0.77466524,0.79149979
0.49430645,0.51734716
0.71971250,0.70596415
0.62574691,0.86146969
0.68399948,0.59412861
0.87834311,0.90554196
0.53730983,0.31699321
0.75854933,0.79235536
0.81225532,0.96315634
0.89702535,0.95144135
0.60417068,0.69962430
0.92186302,0.93211806
0.80280077,0.79020721
0.41793028,0.13364494
0.86134529,0.89458221
0.72296691,0.70245183
0.80775714,0.88117242
0.70408404,0.81967878
0.55525577,0.45043087
0.90746820,0.92016530
0.60904932,0.74292898
0.85643399,0.86784792
0.46407497,0.48134920
0.34050077,0.38352272
0.94733769,0.90179396
0.48990825,0.62159163
0.68165696,0.82353109
0.77787626,0.74484628
0.65054911,0.46226159
0.92126077,0.94724113
0.65203267,0.64109588
0.40381807,0.63318902
0.76616520,0.87730807
0.59139776,0.54174799
0.23871872,0.26134872
0.35559818,0.39796156
0.92163628,0.96515346
0.81655967,0.84253895
0.84451014,0.89035964
0.74851221,0.68880910
0.70972526,0.80264014
0.86968881,0.94652826
0.46069232,0.40216938
0.47542685,0.32936326
0.86271596,0.88440251
0.83953571,0.91058183
0.88140917,0.95819235
0.85279298,0.80141354
0.87121940,0.81881869
0.30752158,0.33966598
0.87247527,0.83845812
0.69283772,0.72067273
0.83554471,0.71464974
0.87810910,0.94552267
0.67533267,0.82677245
0.89650291,0.89366513
0.48257083,0.44353002
0.87990355,0.86284196
0.83436382,0.90117520
0.77243716,0.67239612
0.54015708,0.45512497
0.33594090,0.41031593
0.79282767,0.85483080
0.05759487,0.12402173
0.90359116,0.87717927
0.60288393,0.76724756
0.69738752,0.74839228
0.92094398,0.95609128
0.85978478,0.87540984
0.88281327,0.89596272
0.91816157,0.78938752
0.81549346,0.86691177
0.78471279,0.85494852
0.55985785,0.39591315
0.90387166,0.92033941
0.90183884,0.88691229
0.58671284,0.17861831
0.81860840,0.77333140
0.85726124,0.77242583
0.82188332,0.90382445
0.91272211,0.96130955
0.85131061,0.90178835
0.86286539,0.86821795
0.38444269,0.51038188
0.52877325,0.52354044
0.65553135,0.39061904
0.76159430,0.78983051
0.93161374,0.90608150
0.83114707,0.86151963
0.17318334,0.16620064
0.84476161,0.81705415
0.28846821,0.14033276
0.81915158,0.94849259
0.87888312,0.93695247
0.93479437,0.90225464
0.57736719,0.68723565
0.63838816,0.70983922
0.91115218,0.93921524
0.94321734,0.97331643
0.86037374,0.94247788
0.93137449,0.94023150
0.87719160,0.89014053
0.60618281,0.58158690
0.92943007,0.95213675
0.89897257,0.96273726
0.58541638,0.29339823
0.95582390,0.94588178
0.50382185,0.35537711
0.91030627,0.90648854
0.90451193,0.92760080
0.59951955,0.61439639
0.60166091,0.61636692
0.82655269,0.82331884
0.93207502,0.95866567
0.86297297,0.87172282
0.32303572,0.44508946
0.71452892,0.71611089
0.67084926,0.74423760
0.71786493,0.72952181
0.53299171,0.41164085
0.83601224,0.82517481
0.91548914,0.94793499
0.75250071,0.72894895
0.78352994,0.77467930
0.68301779,0.75584644
0.77770388,0.86081523
0.86248374,0.79092300
0.80417496,0.95771295
0.22310923,0.23065026
0.48484176,0.40575597
0.93306208,0.91637313
0.85846305,0.85944188
0.88329381,0.82319373
0.90673667,0.87709641
0.63429278,0.85654885
0.88971871,0.81987131
0.56753361,0.75668681
0.85718894,0.96326727
0.85596311,0.90877980
0.84674615,0.78017247
0.72504473,0.89659327
0.85334688,0.45434865
0.87521183,0.93550819
0.48975694,0.33236539
0.71836907,0.67126918
0.86761808,0.86809969
0.74207020,0.76524013
0.92123175,0.95311350
0.61644220,0.70298028
0.74983484,0.63070697
0.49333167,0.38904256
0.64008868,0.67159504
0.91172606,0.89412314
0.57661211,0.78604466
0.91289246,0.89639795
0.74267036,0.90183181
0.74042213,0.77594239
0.52923697,0.66692740
0.84520328,0.92419624
0.37181121,0.43101856
0.72472775,0.73391855
0.95060748,0.93786341
0.82840681,0.92271572
0.86798644,0.86316317
0.64891225,0.74612027
0.82378542,0.84178931
0.87567425,0.94119513
0.79267943,0.89251560
0.86920661,0.08616666
0.91537380,0.94889951
0.81898040,0.85838568
0.73452818,0.78195721
0.53262883,0.50961137
0.88727784,0.91318637
0.49571371,0.58032495
0.73971188,0.72058821
0.85145867,0.87648863
0.68517417,0.89723504
0.87259060,0.97198546
0.55149633,0.53174502
0.71883750,0.74054253
0.84070498,0.89807105
0.88168854,0.87314165
0.66628957,0.49803987
0.79810518,0.91567296
0.71825856,0.70998877
0.79850233,0.79656887
0.71624851,0.76658165
0.93330878,0.92745882
0.88181210,0.94270670
0.90514189,0.88472223
0.51867497,0.91358906
0.91877341,0.94486678
0.91564673,0.89864576
0.82653779,0.91669101
0.83955896,0.86409551
0.88950354,0.93267393
0.59750956,0.75018275
0.72478825,0.74797732
0.93751109,0.87692684
0.48393151,0.45611110
0.79543930,0.88962030
0.75255322,0.73376626
0.82762641,0.87730265
0.57695711,0.65064371
0.19385330,0.24327958
0.84719485,0.90283960
0.88603938,0.89793319
0.95320821,0.90713865
0.92261779,0.86267680
0.80332166,0.83767259
0.68275774,0.75043857
0.48998570,0.29342574
0.70150739,0.37517300
0.50693727,0.27144331
0.45824042,0.53353494
0.95326823,0.93888563
0.52486783,0.53177083
0.55074549,0.55553466
0.75985444,0.83362466
0.88986415,0.80975300
0.68062109,0.73159635
0.47993812,0.41099244
0.87998194,0.85301232
0.42481208,0.22399463
0.87454283,0.84236497
0.89978099,0.83059180
0.74263000,0.70978802
0.79170108,0.90175575
0.79709727,0.88496017
0.87247545,0.88146681
0.85803813,0.92958516
0.84952128,0.92494768
0.86491847,0.89472997
0.80153906,0.79526842
0.66040111,0.55668980
0.56575936,0.60080689
0.85660458,0.89541948
0.85036093,0.90695620
0.63605136,0.64195281
0.92854744,0.89309132
0.89344597,0.92199475
0.41756913,0.46343273
0.70086485,0.48762295
0.45103651,0.37766227
0.76134598,0.84082973
0.71586061,0.82466567
0.70534366,0.78476727
0.66667503,0.57847667
0.74088657,0.86685240
0.39987910,0.48266807
0.90582705,0.92900878
0.92275745,0.94202763
0.66012132,0.53758651
0.88850307,0.95274055
0.83929765,0.81160688
0.56578344,0.54689425
0.60376608,0.43769249
0.90387022,0.95743710
0.22674301,0.26628786
0.94592696,0.71685928
0.85986561,0.92110193
0.91542602,0.89462847
0.86588550,0.94512832
0.43257746,0.53698891
0.79103041,0.89818394
0.63916814,0.66532636
0.82306933,0.80210078
0.23630302,0.13075037
0.93652177,0.95270759
0.90039331,0.86370462
0.39138272,0.49028674
0.87887448,0.86971426
0.46834460,0.28106725
0.68304706,0.62579632
0.49275443,0.70767403
0.43927565,0.49142787
0.87802076,0.87161088
0.74623394,0.81364524
0.88467503,0.82076824
0.82871461,0.76398718
0.86744952,0.70944595
0.68254197,0.81606609
0.65726960,0.77454114
0.55785650,0.51892120
0.40921181,0.33438757
0.90990418,0.87753981
0.93360418,0.93807071
0.63921261,0.81902450
0.82703012,0.83854169
0.75507700,0.73578578
0.15733497,0.24476069
0.39930168,0.53281617
0.81476420,0.92047477
0.86985403,0.82710451
0.78038222,0.90542126
0.43357944,0.51606286
0.76309204,0.73391616
0.91960061,0.93402922
0.39921215,0.65666670
0.90625215,0.89485359
0.55192482,0.31634554
0.81321716,0.93243587
0.54816151,0.64970696
0.89030188,0.90725738
0.75473911,0.71543360
0.55136782,0.75549358
0.94460177,0.93879426
0.72157550,0.80238050
0.68514705,0.59600776
0.65308011,0.65135133
0.78339678,0.74812269
0.90300399,0.94710082
0.82541388,0.95040262
0.50840503,0.41656491
0.70034027,0.83460188
0.53085673,0.65000886
0.49738389,0.59144676
0.46717930,0.40970385
0.91789728,0.91748369
0.91438824,0.89698690
0.17506579,0.38408521
0.88491821,0.82805753
0.80387759,0.79830301
0.91670960,0.90281177
0.75866175,0.87611806
0.92198604,0.87324220
0.87279850,0.88167590
0.90462923,0.97204489
0.96679193,0.93010205
0.92132187,0.95964092
0.84879375,0.73860455
0.39549714,0.49867678
0.53381860,0.50132352
0.65503484,0.69505018
0.64971930,0.84510601
0.87990391,0.95837182
0.92230934,0.92829204
0.80518591,0.83752120
0.93613321,0.98404253
0.84702432,0.90488315
0.90592176,0.95265329
0.91454339,0.89866310
0.41140360,0.48596954
0.42205736,0.47469667
0.63043988,0.64932239
0.77438545,0.91496086
0.85047066,0.90919358
0.89685357,0.93144357
0.88485301,0.94767022
0.62244439,0.59418839
0.87346375,0.81429839
0.86315483,0.87630820
0.77856839,0.86969548
0.89077282,0.90734369
0.29367399,0.23983876
0.94577724,0.95225853
0.74238938,0.74336976
0.36633587,0.20974027
0.85346514,0.85911715
0.89688045,0.92190522
0.57264316,0.63594991
0.89097738,0.87459141
0.94634634,0.91888404
0.90257561,0.87656248
0.77578807,0.72008377
0.91845596,0.91064250
0.88319349,0.91873574
0.81839406,0.88412184
0.90812433,0.96045852
0.61859047,0.59251827
0.93676305,0.98125660
0.65144414,0.71476805
0.93622220,0.91274738
0.91944510,0.93771875
0.81951356,0.90582424
0.76640671,0.86909419
0.44958115,0.66639233
0.49296129,0.56607145
0.87906241,0.86414915
0.51918083,0.73283887
0.80258280,0.72567838
0.86366552,0.80612981
0.78603023,0.76363367
0.89046776,0.92203224
0.69787914,0.30417153
0.15254617,0.24640717
0.83095169,0.94013160
0.57718623,0.61984944
0.76373452,0.85978144
0.86770844,0.75075912
0.83568269,0.77610731
0.89081597,0.94225049
0.28505594,0.43986452
0.57243520,0.64820087
0.56690979,0.65961528
0.83633339,0.82529610
0.05332799,0.13065517
0.27818283,0.27115142
0.89363384,0.85416496
0.86600459,0.90534735
0.92947125,0.94278848
0.78981918,0.72029686
0.80957216,0.92424244
0.75982678,0.91895717
0.75800490,0.66417360
0.35019860,0.32791984
0.90677285,0.90549296
0.86289138,0.95789301
0.83005297,0.89080381
0.54791516,0.77852327
0.92742068,0.99382716
0.92671680,0.88186079
0.67044759,0.88710868
0.94436920,0.92620957
0.61666828,0.68692023
0.86649382,0.89170754
0.78862715,0.75865537
0.85380405,0.88659948
0.89353240,0.90233785
0.68417275,0.59161586
0.82889909,0.84202844
0.46590343,0.40008104
0.25477356,0.19608384
0.21582368,0.38803819
0.78671837,0.83664083
0.95545805,0.93995357
0.11817800,0.17202541
0.91931885,0.94480026
0.79491323,0.91060805
0.93926358,0.95128202
0.76932842,0.72880971
0.74134004,0.64410317
0.52323860,0.59747022
0.87151337,0.89400923
0.90614331,0.96926028
0.32102248,0.28936982
0.86512512,0.90047210
0.85686308,0.88663781
0.71356690,0.65250051
0.48919806,0.68346667
0.73962831,0.69276422
0.87628353,0.90303099
0.84025586,0.76921195
0.47102323,0.57899725
0.96027941,0.97542685
0.91080433,0.94569963
0.91667336,0.87832510
0.83262181,0.77567565
0.86209840,0.85220218
0.91477048,0.93093783
0.39657605,0.53888887
0.65002573,0.67654282
0.28690302,0.30169028
0.70054483,0.73221946
0.88974249,0.88268322
0.57992989,0.53039193
0.87083453,0.82138282
0.91837257,0.95707542
0.81628585,0.80100870
0.63886297,0.16196567
0.45742738,0.46990740
0.66223300,0.93861771
0.33765775,0.36217457
0.88340920,0.80709219
0.85298818,0.86199093
0.86926949,0.90178287
0.75183702,0.80542874
0.78362584,0.80751878
0.93166602,0.80104631
0.86389393,0.88718373
0.64570391,0.69739503
0.94451481,0.97984850
0.54196918,0.36426768
0.88531601,0.88705528
0.46039733,0.36864805
0.72572678,0.66977620
0.82788324,0.88403136
0.75984609,0.76571822
0.36751193,0.37886363
0.56549644,0.65493828
0.45804647,0.43489569
0.75382560,0.73532635
0.84084576,0.81124872
0.90215909,0.99519229
0.87534994,0.84344262
0.84061396,0.78308499
0.86405599,0.86333960
0.82553536,0.90753543
0.77268988,0.72476077
0.79830003,0.92074680
0.59550929,0.35370290
0.94457012,0.95396715
0.82689440,0.87761462
0.75016320,0.81144160
0.93720120,0.95044720
0.87516528,0.93787879
0.90095955,0.85638297
0.76519656,0.85987854
0.89974338,0.82632869
0.92447400,0.89242089
0.83674097,0.82250887
0.81039268,0.81279546
0.88820308,0.94034493
0.74438846,0.77992052
0.71843302,0.76553100
0.80763739,0.68906206
0.79780769,0.82355517
0.48408028,0.35938177
0.81520873,0.87345409
0.87307614,0.88898343
0.87891221,0.89636159
0.92685562,0.92429376
0.81261086,0.67505187
0.46881422,0.44651172
0.82277572,0.88253027
0.95398408,0.97088867
0.85905600,0.86081493
0.91153544,0.93382460
0.60703260,0.54484087
0.58258921,0.75259417
0.76778018,0.80454546
0.85787833,0.84909785
0.91654426,0.95265228
0.86076760,0.92188805
0.56738311,0.46306127
0.90242726,0.91840661
0.75099093,0.68427199
0.95773321,0.94943053
0.87504977,0.92813319
0.49874005,0.37271520
0.77607030,0.75953388
0.92976958,0.89450550
0.74820381,0.85920537
0.70308203,0.73107523
0.82848287,0.83104122
0.90533561,0.91353768
0.93290240,0.97617865
0.90993679,0.89562041
0.15727028,0.41411451
0.91908658,0.91535169
0.84615719,0.87848437
0.63551074,0.77436620
0.77282661,0.89726198
0.89473045,0.91848284
0.38441494,0.40602154
0.91650397,0.95445096
0.87935305,0.78282315
0.62740022,0.79333568
0.68928373,0.73695797
0.81928384,0.74194068
0.85707885,0.88089836
0.63167763,0.70376295
0.84889543,0.79222780
0.46395838,0.53284085
0.68810648,0.69232672
0.82603228,0.87362635
0.88934332,0.93315899
0.84979701,0.89847904
0.94601935,0.95048326
0.83876485,0.82544190
0.57853121,0.45111784
0.82017821,0.76526254
0.61331934,0.66666669
0.93102831,0.97847730
0.87386841,0.94832075
0.83662277,0.86359763
0.85951835,0.93086141
0.85196990,0.87737757
0.79198647,0.73550689
0.76984364,0.51974297
0.91208214,0.90886420
0.87360579,0.38720176
0.85859871,0.91401410
0.52650589,0.48355031
0.63900340,0.62408209
0.51289856,0.48662463
0.93689936,0.86647338
0.87558603,0.95473486
0.64642668,0.71931773
0.91629195,0.95317155
0.51661885,0.61325783
0.48909903,0.48577949
0.73306692,0.71954024
0.91849363,0.93052202
0.54056138,0.66256094
0.89880335,0.88869721
0.83808643,0.87507844
0.86789662,0.81792372
0.86289877,0.86819649
0.79874110,0.86218625
0.84483403,0.88602632
0.93396610,0.91711634
0.54820573,0.63773948
0.91324437,0.89752495
0.93477380,0.93743151
0.64299482,0.49827948
0.79114509,0.88587773
0.76596165,0.77601486
0.81210393,0.85811526
0.83547497,0.85945159
0.79317790,0.70968443
0.55772495,0.61327791
0.90804797,0.92292207
0.83679324,0.82941765
0.72029024,0.66451561
0.79868799,0.92823392
0.81239861,0.71632773
0.89805859,0.94417560
0.77573216,0.68505210
0.91438347,0.91002417
0.90509236,0.91359538
0.74013621,0.85673094
0.63173968,0.70807981
0.81141281,0.76070392
0.13623212,0.13729459
0.76794350,0.68835652
0.77376425,0.72137666
0.74129134,0.82629925
0.86305970,0.86523712
0.57695413,0.59538245
0.09334289,0.15473181
0.83982718,0.73120302
0.61995327,0.72034764
0.73319679,0.81581563
0.55200094,0.49250498
0.92719465,0.92217743
0.81960332,0.81998229
0.85881662,0.74506533
0.70931745,0.66413325
0.42659089,0.50783974
0.95288837,0.94408256
0.50535738,0.37030447
0.70771682,0.87927926
0.41428801,0.53091592
0.90758818,0.95057774
0.81947368,0.80528605
0.51628137,0.37589082
0.80524635,0.83684266
0.92668831,0.97540987
0.48073012,0.62377995
0.63938934,0.48037428
0.56797177,0.46269619
0.87758201,0.93457288
0.88497865,0.80866539
0.82599074,0.89903843
0.77072304,0.84958625
0.67243236,0.61506706
0.86746788,0.76880431
0.84276801,0.90974027
0.75950551,0.79691225
0.55751872,0.87143034
0.74012256,0.76363635
0.50444096,0.40563783
0.83207059,0.74708658
0.86005443,0.97692186
0.34242260,0.42828083
0.87707347,0.92113245
0.83014238,0.83368820
0.91248077,0.85752261
0.80589360,0.89205337
0.59022689,0.55848861
0.89121640,0.92058164
0.91989779,0.86682916
0.76849705,0.86542338
0.69239283,0.34309050
0.10965775,0.10223510
0.89679396,0.85050559
0.79321748,0.79062480
0.90548241,0.92328155
0.93237418,0.97340423
0.40787292,0.40775433
0.77189910,0.75948274
0.82480341,0.78137255
0.85229629,0.88627803
0.82105148,0.81695038
0.85013592,0.75612265
0.18296240,0.15788215
0.80986202,0.92603093
0.75512242,0.62210047
0.38825169,0.33476782
0.84186721,0.83544338
0.83676285,0.88758588
0.88722116,0.78805077
0.39708662,0.49801278
0.53143561,0.60709095
0.81169128,0.84692925
0.78648424,0.72917205
0.81548876,0.90947235
0.90768176,0.91117525
0.93822032,0.93593907
0.28480002,0.60444576
0.52632850,0.73260748
0.74381918,0.66800827
0.88034928,0.90116984
0.61633432,0.66688097
0.92031211,0.94407284
0.77016509,0.83050269
0.93472570,0.96413970
0.43688637,0.30929348
0.89610803,0.93405366
0.76915300,0.84988165
0.82887650,0.85200143
0.09466819,0.11235981
0.78616232,0.70359343
0.79248267,0.69242609
0.86313814,0.85500002
0.73187870,0.71504486
0.68812239,0.56811988
0.74431509,0.84428191
0.78588420,0.45439693
0.78830826,0.62743056
0.22764672,0.29696268
0.87563938,0.85932982
0.87501585,0.85385585
0.63945282,0.52152991
0.43566754,0.50629544
0.89881843,0.92316020
0.89470214,0.88298571
0.86094701,0.92222607
0.82742929,0.85558599
0.72146630,0.43593705
0.91905677,0.99253732
0.25275278,0.19189817
0.53413939,0.55577368
0.90424025,0.92915082
0.10740206,0.17149614
0.90646684,0.90909094
0.40017793,0.48133001
0.24328063,0.26531985
0.32127047,0.34279943
0.75547832,0.94318181
0.11286493,0.16805555
0.92950225,0.92390758
0.91361773,0.90907645
0.87017769,0.90473849
0.81529599,0.60401648
0.95517266,0.94725490
0.52254838,0.51886147
0.86387336,0.90454543
0.86143458,0.89266211
0.71838629,0.63306081
0.79323363,0.80605441
0.62128782,0.49109986
0.93939799,0.93343937
0.82601249,0.82869685
0.85473275,0.76971161
0.70072407,0.75072098
0.54514176,0.59973037
0.88357675,0.93272662
0.16786700,0.16096221
0.78626680,0.83236551
0.21972455,0.14895315
0.76907504,0.74707866
0.52198434,0.32226485
0.64599746,0.56694961
0.88622445,0.89686990
0.92092758,0.94380414
0.63703907,0.72198862
0.30432710,0.33630988
0.74161977,0.79918033
0.66273868,0.80353743
0.82696354,0.77578127
0.87851083,0.85983205
0.63643962,0.79289818
0.92952079,0.17597333
0.25705457,0.27355328
0.77640736,0.70210099
0.85452259,0.90981239
0.81383055,0.80974191
0.90703678,0.94101930
0.75321186,0.74400544
0.56007922,0.47822964
0.90441650,0.88957387
0.90627480,0.91254580
0.71044415,0.81035084
0.92717290,0.91257709
0.42543608,0.41389197
0.80166805,0.85481483
0.74652392,0.49117348
0.90505773,0.91156292
0.45876491,0.41237518
0.86980063,0.73316973
0.87172562,0.90417427
0.79992622,0.84203482
0.84218025,0.87100881
0.66072810,0.64989978
0.75543594,0.66030031
0.73453456,0.84235799
0.42576882,0.53175914
0.38140988,0.42613587
0.76559699,0.74045897
0.83158487,0.92179739
0.84548372,0.83363283
0.74765152,0.74972790
0.92027664,0.93267393
0.94886112,0.90011698
0.79969484,0.80131948
0.54757220,0.68642855
0.73595601,0.81843573
0.64557397,0.70556027
0.70594001,0.86710781
0.68306822,0.88317168
0.93079776,0.53268218
0.71690893,0.71708071
0.46741629,0.49782473
0.76650053,0.63613039
0.89820975,0.95715326
0.93149632,0.94849253
0.33728820,0.43774909
0.92831194,0.80915117
0.85334998,0.92648935
0.88861912,0.90317327
0.88870394,0.88832200
0.93699795,0.94523060
0.87955379,0.90917122
0.45132616,0.51725292
0.84906316,0.93333334
0.94800842,0.95148885
0.37328133,0.49638805
0.71006584,0.88987964
0.61135870,0.52429187
0.78693205,0.76684982
0.93102700,0.92035741
0.64130056,0.60529757
0.66833299,0.59092259
0.65097791,0.57391024
0.71479899,0.77398944
0.80915594,0.80154157
0.83743429,0.90063465
0.88282609,0.94029009
0.80189365,0.82723516
0.29536933,0.32289064
0.52935314,0.58769631
0.51780540,0.56708324
0.83499974,0.88732040
0.87685913,0.83375001
0.81809622,0.83192021
0.90705067,0.87247783
0.62667102,0.75191194
0.47838274,0.54102367
0.62394953,0.58003098
0.37579238,0.43387705
0.91434294,0.89318383
0.92994338,0.97521418
0.85395139,0.92824352
0.86810571,0.85440701
0.44304571,0.24134728
0.54490346,0.46230251
0.84413683,0.95507568
0.89828700,0.90797651
0.85368550,0.87545484
0.64103693,0.55882353
0.19363226,0.41450471
0.92674005,0.94064313
0.76018625,0.79514021
0.74127060,0.62104017
0.70018297,0.74635702
0.59304625,0.74321967
0.75344568,0.64693373
0.56624246,0.64818114
0.73210061,0.81084216
0.82252467,0.94846493
0.84774870,0.85275441
0.28802195,0.16919251
0.68104410,0.73777807
0.80566311,0.60520834
0.83439487,0.72881877
0.23501146,0.13987172
0.79649955,0.74972749
0.50527143,0.57779288
0.88935453,0.91396326
0.63377303,0.49417111
0.93803251,0.90073121
0.54808104,0.68355483
0.19223900,0.45858580
0.52098984,0.59835202
0.55267215,0.60581255
0.58929932,0.27689710
0.73332310,0.88675213
0.84074861,0.89387077
0.91742885,0.86072850
0.82001835,0.90895396
0.16727662,0.12685186
0.90413529,0.94719952
0.87208676,0.80947930
0.74198908,0.87093079
0.71163338,0.53754151
0.61561179,0.48074982
0.77957839,0.70175231
0.72058523,0.80138272
0.40193260,0.18914123
0.85777956,0.89991969
0.82758921,0.90664697
0.92566931,0.92192310
0.74144387,0.70954633
0.57761145,0.64516598
0.87849063,0.93934959
0.73666739,0.68070573
0.83815819,0.78901410
0.23240216,0.25915682
0.93943316,0.93755049
0.67103273,0.78349674
0.46149686,0.30113637
0.72705716,0.79827219
0.66964394,0.70221823
0.87774438,0.96412265
0.20989308,0.30938494
0.28200737,0.24587674
0.85896945,0.91239721
0.55013144,0.43103448
0.77878124,0.65319914
0.89524359,0.91233766
0.55415833,0.55924815
0.72869015,0.89297050
0.89600801,0.92712766
0.67205298,0.65528846
0.90829033,0.91641706
0.78633702,0.91049892
0.77305490,0.72620887
0.86507535,0.92000842
0.89169431,0.90261990
0.91536099,0.94229674
0.73084760,0.74520206
0.66096723,0.70211607
0.86520660,0.98922598
0.71734530,0.69567865
0.72060573,0.91332501
0.93683910,0.97619045
0.88667345,0.91140813
0.92486846,0.97933853
0.90676892,0.92179483
0.85425735,0.83434474
0.47316083,0.43875387
0.19213405,0.12598751
0.92204839,0.80515140
0.88507575,0.78235292
0.90600365,0.89587718
0.89711320,0.92665416
0.68051529,0.64506000
0.71435905,0.73887980
0.90459794,0.92082554
0.76763690,0.89070284
0.89208138,0.66290534
0.87825602,0.94156039
0.73520052,0.53559911
0.77495837,0.70679015
0.86372983,0.87731093
0.89950091,0.91074419
0.38946664,0.52660644
0.74058658,0.69846857
0.96165270,0.92421627
0.86729908,0.86835557
0.53046483,0.50482512
0.75746757,0.82318991
0.32959500,0.30889091
0.62070030,0.55752653
0.28925577,0.31595987
0.48619241,0.83333331
0.25286236,0.33849600
0.66606641,0.79298246
0.87668312,0.71165258
0.45024967,0.31763548
0.54214144,0.39099726
0.76803648,0.73548859
0.26209131,0.34459993
0.83103150,0.88075078
0.79823923,0.85386860
0.84058130,0.84730196
0.88411558,0.84439600
0.83428192,0.89345825
0.73742336,0.78287286
0.86923349,0.90166646
0.27471071,0.49553746
0.86788398,0.90880620
0.86353946,0.84768492
0.75161070,0.83387977
0.87472123,0.75215387
0.82180810,0.76766616
0.60767871,0.53104299
0.74028438,0.81340581
0.74964780,0.75326777
0.58379388,0.51244235
0.27942064,0.34693033
0.81751436,0.79598188
0.94310111,0.90986842
0.47619024,0.45630932
0.91535789,0.89654469
0.67431605,0.68593282
0.57181263,0.60692453
0.74192369,0.84840775
0.46119604,0.35541871
0.60181296,0.63192332
0.72840875,0.77879041
0.28152609,0.39656276
0.92409587,0.94523376
0.65560555,0.63374132
0.88699555,0.98275864
0.81597406,0.85287970
0.29092255,0.18073878
0.59124243,0.67013109
0.86727148,0.95277780
0.83546549,0.70886618
0.85507262,0.94090909
0.24122678,0.37231132
0.77977914,0.79828602
0.78789598,0.78862488
0.08153526,0.14017177
0.75942785,0.86554027
0.95096654,0.95667285
0.83241177,0.84633219
0.90397072,0.96923077
0.86526096,0.89775115
0.69974434,0.64714241
0.84022093,0.83513546
0.51235276,0.72588235
0.80214101,0.84754902
0.62585443,0.71759260
0.65022004,0.70015180
0.82637119,0.75465667
0.24953729,0.41527238
0.84716058,0.85904509
0.82372701,0.74544257
0.75932127,0.70368671
0.90595078,0.96376812
0.90950000,0.99275362
0.85906267,0.82435900
0.40229970,0.59803253
0.81409597,0.82986039
0.54999179,0.63351828
0.81936169,0.81027752
0.87985379,0.95262128
0.64629918,0.80894148
0.89085048,0.85415053
0.59871840,0.22454269
0.71178031,0.83595204
0.79979682,0.70385230
0.82046354,0.85160822
0.18792346,0.13069455
0.94128460,0.95625663
0.59422106,0.44530153
0.68999517,0.84039712
0.30121139,0.43346915
0.68538219,0.89800197
0.90913051,0.90875059
0.79917061,0.82030994
0.85757184,0.79763937
0.32136485,0.24452288
0.81020564,0.83806610
0.66469419,0.65213674
0.57780755,0.57287008
0.83904374,0.92304611
0.77653801,0.94978607
0.69784725,0.64651471
0.87658334,0.86218202
0.91405725,0.91463667
0.77896851,0.84729153
0.65439683,0.75903976
0.37894315,0.45269471
0.89773047,0.92181176
0.97226375,0.95691174
0.81966954,0.79957718
0.66849059,0.87323833
0.81903952,0.62049538
0.75082064,0.83840066
0.92966992,0.94470590
0.88821954,0.63815278
0.86294633,0.81925821
0.65131658,0.76926482
0.88559973,0.93142217
0.66100532,0.64008701
0.80818081,0.83216071
0.90259844,0.93350875
0.64860338,0.83468765
0.93465436,0.91225690
0.85270375,0.79963523
0.88082433,0.94897085
0.71812141,0.75115359
0.68315125,0.66969699
0.93014485,0.94510549
0.38109076,0.46856546
0.59887761,0.56722486
0.80291718,0.79981911
0.80972862,0.91211033
0.86694229,0.90170288
0.93784553,0.96798378
0.66086584,0.67013174
0.87488872,0.88219142
0.85057294,0.91038436
0.83005542,0.79298246
0.90798450,0.86638868
0.07646524,0.12465912
0.69585574,0.90974259
0.51394981,0.39943701
0.52419603,0.46200973
0.66358012,0.82783753
0.76738489,0.82958025
0.93839580,0.94356018
0.37608427,0.33618388
0.79394162,0.73583418
0.55962527,0.55495280
0.56875175,0.50611144
0.68141448,0.84291822
0.92410809,0.88362384
0.40743187,0.53967869
0.27815315,0.29709384
0.69291556,0.68652040
0.84136730,0.87947094
0.66726834,0.68962061
0.73435110,0.60175437
0.69061297,0.59613425
0.68982810,0.54225522
0.77118063,0.88332212
0.89041674,0.87752408
0.91764635,0.89441079
0.06728659,0.06378902
0.78709573,0.90164453
0.22063807,0.46296296
0.70199096,0.67128801
0.54209030,0.57127637
0.71317524,0.79508626
0.86925733,0.93096691
0.89600486,0.91537356
0.89465994,0.95516568
0.75274998,0.74644977
0.89552915,0.96847826
0.51962256,0.55499166
0.69227433,0.75261503
0.61496490,0.42450452
0.89018530,0.89535546
0.94989961,0.90532106
0.85146695,0.81703997
0.77917427,0.85103798
0.83592921,0.90310782
0.94081008,0.97872341
0.86573684,0.96459067
0.80026627,0.76291794
0.84006816,0.74279559
0.91149712,0.89090663
0.50151807,0.53643906
0.77060622,0.84706134
0.61635530,0.53568822
0.91325045,0.89027262
0.93911928,0.87522280
0.72481018,0.68735337
0.93945110,0.90734500
0.54231942,0.59587657
0.69996071,0.49330035
0.83022815,0.60518789
0.92567974,0.87993860
0.79233265,0.88662660
0.66243112,0.59807694
0.87696493,0.85897189
0.68924886,0.78093833
0.17376117,0.22644928
0.87279755,0.84770489
0.65787464,0.81561995
0.58894086,0.42962953
0.85205144,0.94712073
0.88362575,0.77471656
0.78019822,0.76811635
0.40329909,0.48900464
0.88052779,0.75165170
0.77010405,0.88255924
0.84693712,0.90447593
0.72543675,0.82797444
0.35643438,0.30609041
0.60817200,0.59229332
0.74177086,0.74305391
0.84661514,0.82886869
0.91212964,0.94409192
0.63929415,0.78591627
0.75527442,0.71623808
0.53448373,0.47535211
0.92557126,0.94798648
0.32977545,0.36237374
0.68408424,0.83224422
0.89386535,0.83307701
0.67049646,0.65434241
0.49597767,0.55239666
0.94011897,0.93473929
0.89495295,0.93723059
0.91238678,0.93569988
0.86423892,0.87917340
0.85147661,0.88735884
0.90298939,0.88899755
0.53247273,0.74898958
0.57066762,0.68114477
0.76537138,0.58571428
0.60548359,0.48970768
0.87896949,0.86167032
0.32106560,0.29080674
0.85531306,0.93277830
0.79083019,0.81553400
0.81497294,0.77173913
0.72915125,0.73167789
0.80026704,0.81875646
0.95810789,0.94533569
0.58062452,0.52331150
0.77628434,0.82278323
0.89194185,0.89532495
0.94949931,0.93501192
0.76979858,0.94000000
0.90221596,0.93757176
0.38440344,0.28643617
0.51483238,0.38437003
0.79864508,0.86175376
0.50084150,0.66428620
0.33187944,0.42257217
0.53514189,0.65077490
0.85280788,0.91923076
0.71191728,0.67142022
0.70825827,0.48139769
0.85193634,0.85357428
0.43718824,0.56810105
0.88689184,0.87248802
0.80816257,0.95862800
0.69122410,0.82238585
0.67373347,0.62078261
0.89993876,0.80750889
0.80134261,0.83243144
0.93733633,0.85847986
0.95539242,0.91971737
0.61454952,0.69436836
0.87419081,0.75966048
0.53406996,0.41319931
0.85380268,0.88292122
0.74487674,0.74175900
0.78202015,0.85444778
0.61869901,0.65708536
0.91483474,0.91202533
0.74620110,0.79289150
0.32881147,0.11148074
0.64265251,0.49401122
0.77494961,0.76232862
0.92163062,0.92849016
0.17058818,0.19169508
0.13047542,0.14660482
0.75095874,0.88060230
0.71572942,0.71151268
0.47147104,0.26976076
0.83009154,0.87049526
0.70660067,0.64069766
0.57743508,0.70906752
0.26578444,0.20999916
0.84686059,0.90540540
0.50576705,0.58448458
0.58784580,0.59448087
0.83232564,0.73690474
0.59545028,0.68911612
0.82268429,0.86158252
0.68793058,0.79910553
0.87026513,0.88239187
0.80178511,0.90231508
0.52844673,0.49682686
0.69721758,0.33763418
0.85063165,0.95539623
0.69661182,0.42209944
0.74828702,0.84276849
0.77780348,0.83121246
0.41889527,0.33246276
0.82016653,0.87292683
0.87995374,0.81089091
0.85148406,0.82630205
0.92412847,0.78991252
0.84826088,0.86705172
0.67515552,0.61377645
0.27613768,0.34832197
0.93106234,0.91766828
0.58283907,0.32575008
0.53717017,0.60423815
0.82595426,0.88158941
0.85658634,0.90737563
0.82442641,0.83232540
0.68336189,0.83195084
0.80185741,0.73680902
0.90211755,0.98660505
0.47165591,0.62205803
0.69226605,0.69734889
0.85791367,0.88779718
0.77669030,0.91158903
0.81710488,0.74469572
0.91737127,0.94096643
0.68276358,0.72543061
0.79069561,0.79676998
0.93628490,0.95966935
0.79413915,0.87531143
0.42346928,0.58723468
0.44877335,0.42238268
0.82389742,0.81438857
0.63322645,0.61333448
0.78699350,0.45584652
0.63849127,0.72169811
0.90237337,0.82912940
0.93451059,0.90630299
0.86007744,0.85919821
0.91789162,0.89294875
0.33171225,0.35851455
0.43505782,0.50331545
0.89874154,0.76369637
0.63048619,0.51747334
0.90540588,0.96570659
0.36842421,0.37821880
0.91673774,0.94701755
0.50785440,0.36748573
0.67528546,0.48774403
0.87348723,0.91049600
0.90565622,0.88741851
0.89250183,0.98275864
0.96575677,0.98849702
0.96067911,0.90976351
0.37321615,0.24929525
0.58452964,0.50047541
0.92066681,0.89817476
0.90618128,0.85895091
0.89186317,0.82343489
0.10889046,0.09733385
0.55750501,0.56538570
0.71507680,0.69834185
0.80337501,0.88496679
0.52110523,0.64710796
0.92167383,0.93648565
0.67132133,0.71581823
0.83957040,0.78080195
0.41224906,0.42770770
0.91822469,0.91392887
0.92708212,0.90552974
0.89620435,0.91573662
0.55335885,0.68036401
0.87035060,0.89907104
0.54592395,0.44020849
0.68482256,0.65571481
0.90829051,0.94130152
0.79573566,0.80382884
0.69387132,0.71913344
0.09994349,0.16865297
0.52055305,0.14304200
0.15106641,0.21486166
0.32243097,0.31148237
0.86551863,0.91949451
0.92428470,0.96001065
0.83851582,0.95454544
0.80028772,0.66906595
0.84403908,0.85357368
0.55023712,0.67364585
0.81096846,0.79618436
0.65406096,0.84451681
0.37341252,0.44881848
0.90011460,0.85982561
0.78239715,0.79611725
0.25802577,0.24394307
0.76403642,0.81831789
0.55038762,0.41585678
0.86736512,0.87915879
0.57277101,0.40451533
0.69081450,0.72263235
0.84279358,0.94221395
0.67688191,0.75266081
0.86662388,0.91873604
0.73328716,0.74833596
0.83373535,0.85856056
0.73862529,0.81048852
0.79954135,0.89603448
0.17742698,0.26633644
0.87531990,0.81332099
0.71614510,0.70573384
0.94100910,0.97651005
0.84701365,0.91983503
0.93272418,0.91829187
0.41787133,0.35841557
0.94652081,0.91055554
0.56958222,0.74782741
0.95005083,0.94044352
0.91904622,0.96733141
0.89553750,0.92955494
0.81244624,0.83844447
0.78277785,0.58614844
0.88173246,0.88006818
0.91989195,0.92288601
0.34687400,0.26272455
0.84068346,0.83190924
0.61889976,0.72027773
0.71792054,0.93526757
0.78894061,0.68704498
0.16628796,0.15570776
0.74957019,0.65136182
0.91411513,0.92125106
0.84776813,0.79162019
0.81159413,0.85636902
0.85650355,0.88357931
0.79303855,0.88174993
0.77036232,0.79741377
0.51075369,0.64639425
0.57790679,0.53909063
0.67914945,0.62573582
0.84456372,0.87221742
0.71561193,0.79562014
0.67967105,0.78673470
0.77790308,0.82393950
0.41437200,0.43288681
0.35621718,0.25553018
0.86401433,0.87876654
0.82109177,0.76957691
0.86978525,0.74898672
0.70254701,0.41086957
0.46239525,0.34485158
0.52973670,0.53546131
0.83108163,0.96666664
0.89017487,0.95023924
0.76376438,0.87311041
0.90221953,0.91178250
0.80535561,0.83515948
0.65366596,0.58434588
0.94958520,0.89346659
0.95909595,0.98982012
0.91374576,0.87994564
0.86833906,0.76127243
0.82586062,0.85837102
0.93790603,0.91895425
0.16928129,0.24012481
0.73873943,0.84508663
0.87940592,0.87620687
0.70148271,0.54030800
0.77908462,0.76951873
0.89762557,0.97838503
0.87546813,0.80167454
0.70426285,0.57442808
0.67889953,0.77140731
0.79415512,0.81005025
0.79642755,0.85648358
0.89344913,0.86341697
0.89884889,0.77339107
0.88760066,0.87987375
0.13155095,0.11469042
0.83240283,0.88720489
0.93860674,0.93778312
0.68466908,0.69335526
0.91232443,0.93119937
0.87534308,0.89935899
0.87737513,0.88697916
0.80502766,0.75230956
0.77927351,0.73787737
0.92960614,0.95592654
0.71604592,0.60129112
0.93725830,0.97611338
0.91830158,0.90174145
0.86117870,0.89140624
0.56294084,0.66635603
0.66468257,0.80292118
0.78109747,0.74788964
0.93114549,0.85470283
0.64451104,0.35770595
0.63433081,0.59154373
0.84968346,0.82882243
0.88463604,0.90482342
0.70109862,0.59700030
0.84763658,0.89153439
0.93375206,0.97311831
0.64875138,0.53575748
0.18544756,0.15808170
0.74400598,0.71256495
0.79693425,0.87203765
0.65542436,0.49895087
0.68400460,0.56250000
0.70178616,0.52228165
0.70237470,0.83328664
0.86439162,0.80661660
0.90568203,0.93434107
0.58105302,0.64884073
0.74042618,0.75838923
0.01927216,0.04953431
0.87876987,0.85798162
0.82375640,0.80806857
0.93266755,0.93983078
0.57689869,0.50126493
0.88822937,0.88039112
0.89579046,0.94798410
0.77048212,0.87687516
0.62827998,0.58634460
0.85592103,0.91057914
0.43726337,0.48184818
0.51464617,0.33665380
0.84015936,0.85242832
0.90824670,0.90735292
0.29734477,0.40943256
0.47281319,0.44473892
0.85111171,0.81955886
0.84697258,0.83082032
0.90917867,0.91540599
0.36953893,0.37155995
0.20655951,0.13041443
0.75345427,0.67618191
0.86451536,0.93599880
0.93816900,0.85991228
0.95053208,0.94861281
0.80187583,0.77751720
0.78838366,0.61105484
0.84008557,0.89774948
0.71161509,0.34511524
0.88867289,0.87132150
0.90039235,0.94743907
0.57417589,0.61226863
0.76383579,0.80778700
0.93914127,0.93322879
0.95900184,0.97222221
0.33523291,0.42358845
0.92651814,0.92842150
0.85791498,0.87963533
0.88370383,0.93257427
0.83163822,0.84153783
0.89930207,0.93129760
0.61504430,0.68185139
0.82619929,0.94208270
0.71111834,0.69028759
0.89763063,0.85408163
0.52280563,0.73607951
0.87960953,0.88519126
0.55901951,0.50528187
0.76721603,0.84792101
0.82405347,0.75366879
0.68048072,0.50658047
0.73296374,0.64404887
0.88656604,0.89263630
0.49835011,0.49252614
0.68254936,0.65751696
0.67847651,0.58521760
0.81911552,0.70898658
0.94535804,0.94868690
0.76360065,0.79000568
0.74650604,0.87812442
0.88747835,0.90679687
0.80705583,0.93229169
0.47531635,0.40523237
0.87981844,0.86327744
0.85553902,0.69556737
0.66160637,0.80346686
0.65017146,0.67167324
0.90597558,0.82744044
0.75226218,0.75187397
0.40623060,0.57973754
0.88560301,0.96288943
0.84574842,0.96245849
0.91252202,0.97161305
0.84415847,0.92712247
0.80166668,0.83955443
0.49647310,0.59445947
0.74309456,0.79835540
0.81945407,0.85104710
0.90993893,0.85698450
0.68278515,0.75783801
0.62926829,0.68147451
0.85051954,0.68763447
0.86795115,0.86583000
0.87770855,0.83552742
0.93059206,0.92595226
0.73616534,0.80328435
0.69903588,0.76440734
0.61958760,0.48274773
0.73269850,0.85425282
0.33557165,0.35217968
0.81668669,0.95604396
0.63241643,0.57052928
0.84525853,0.65849674
0.94836223,0.97115386
0.65321696,0.51422232
0.89039767,0.94842172
0.88025117,0.86075163
0.88571459,0.97244149
0.88654214,0.88086736
0.02817241,0.04580267
0.68483108,0.71991873
0.82152200,0.90789473
0.91538614,0.83249384
0.88991928,0.88196427
0.89097142,0.86628664
0.84338295,0.91282797
0.90487361,0.91710097
0.74488878,0.81452864
0.80804348,0.67801344
0.81011724,0.47775811
0.85680515,0.80510753
0.62893713,0.67446810
0.89039123,0.84147245
0.92231113,0.93378329
0.85622537,0.84296876
0.82464623,0.73563290
0.49580863,0.43004099
0.06266497,0.11223690
0.61336446,0.57947791
0.93146884,0.94054466
0.91096693,0.93813747
0.95831341,0.86860120
0.63849270,0.62798101
0.94959742,0.95646960
0.68615764,0.47371379
0.76299244,0.94417387
0.92498767,0.96932012
0.69279480,0.56598759
0.75609189,0.80576950
0.33230808,0.33701411
0.78326565,0.69234240
0.88702726,0.84282053
0.41456801,0.26069599
0.49340063,0.73901176
0.86729258,0.93899584
0.75312817,0.60856491
0.23903927,0.14977884
0.83816397,0.89643747
0.87606919,0.84919506
0.77603811,0.78197366
0.82088810,0.84337187
0.69782001,0.62717295
0.57483983,0.77907377
0.87573957,0.85116220
0.49509498,0.62323946
0.56525511,0.65485609
0.96161169,0.97540987
0.91043174,0.86293226
0.65506083,0.81600612
0.44530663,0.47790524
0.94453317,0.95002931
0.95515102,0.94913703
0.57118070,0.58176565
0.89621395,0.90195483
0.57427979,0.50837183
0.49035633,0.54774100
0.47118542,0.57565135
0.70605594,0.80611110
0.48786032,0.39445871
0.85793030,0.96013117
0.18015163,0.19643602
0.96056199,0.96178591
0.59042192,0.24278516
0.94730765,0.96150458
0.81760645,0.83796620
0.89820659,0.92015117
0.87434524,0.94868141
0.67673612,0.59982920
0.85099715,0.76569235
0.85832989,0.88745636
0.91149956,0.95939767
0.25614077,0.34010842
0.74440598,0.80897957
0.66766590,0.89536291
0.39502802,0.32583460
0.80327225,0.71392745
0.95286989,0.95888788
0.88012528,0.88028204
0.90361452,0.88586742
0.80190861,0.68154299
0.89888734,0.94550353
0.86128670,0.94453758
0.73870534,0.73705500
0.88940626,0.90509939
0.30929425,0.17494252
0.72172409,0.87989235
0.56216800,0.68179667
0.70838261,0.79959714
0.71964282,0.59616596
0.86952060,0.84470910
0.91329217,0.99497414
0.19350524,0.26573077
0.91557509,0.96437126
0.83558214,0.87511498
0.72217464,0.63227510
0.80713165,0.80413121
0.90302896,0.87317926
0.79150468,0.71612072
0.85833830,0.87742949
0.77925479,0.84252799
0.89501655,0.88625824
0.68347025,0.70597845
0.85241055,0.82569063
0.27879760,0.28093535
0.42132023,0.45139080
0.81613916,0.85651290
0.15166064,0.25443321
0.85083503,0.87771767
0.88199550,0.92113006
0.83869541,0.78771532
0.61472350,0.56883347
0.78666741,0.68409812
0.56444031,0.51866502
0.90250891,0.89704436
0.81207293,0.64072943
0.88419628,0.97974503
0.82831889,0.83071285
0.85200918,0.84090102
0.47149473,0.29403645
0.80981678,0.77840394
0.64244938,0.76021636
0.71500695,0.78524214
0.84881157,0.89633226
0.92732078,0.94120151
0.80815417,0.87318563
0.75506872,0.82413101
0.91741449,0.95733041
0.85582721,0.90329397
0.17554760,0.11286988
0.42132816,0.44786826
0.69281924,0.70078200
0.63630134,0.70576924
0.66475201,0.77261633
0.68137330,0.51436228
0.73074222,0.64331055
0.69510132,0.77381706
0.82869577,0.94997269
0.84160644,0.57921028
0.90025234,0.96609181
0.78257459,0.83745748
0.85348439,0.87462234
0.84970957,0.86753249
0.82747793,0.90942913
0.88581079,0.92438066
0.84942490,0.81891280
0.88832808,0.91215152
0.83425331,0.70312828
0.83817536,0.81175274
0.87374407,0.87305474
0.88225615,0.89770633
0.62287259,0.50900257
0.28418466,0.54919863
0.84378868,0.99425286
0.85667562,0.90091950
0.87593848,0.80878663
0.78996104,0.83850265
0.74093932,0.74399853
0.92180449,0.92098033
0.56539345,0.62598270
0.86410421,0.76550871
0.93857187,0.87920874
0.19450952,0.25909430
0.81159931,0.76881856
0.94001317,0.92859668
0.80527890,0.71317309
0.71538031,0.77956986
0.80569160,0.86996698
0.69017029,0.45161444
0.83392996,0.98084825
0.84094447,0.84113801
0.83097368,0.84279549
0.70662260,0.70817608
0.41824073,0.44838309
0.75989640,0.85638946
0.71851581,0.99642855
0.90913254,0.95770979
0.82223076,0.87345171
0.73584718,0.73427027
0.86403763,0.84351897
0.90262854,0.92926937
0.93639046,0.92618775
0.42528966,0.45971575
0.92924285,0.90075141
0.83002180,0.82073301
0.91588521,0.90561372
0.87261677,0.84722221
0.87811208,0.92095351
0.93058628,0.88191885
0.09210208,0.07497706
0.29251480,0.14390244
0.86998212,0.84716874
0.92695028,0.88255036
0.85397130,0.85113996
0.90444696,0.94928300
0.71473092,0.73880899
0.57136655,0.62105978
0.81005383,0.81262982
0.55499411,0.55583185
0.88664168,0.88450295
0.42615116,0.43947282
0.89910901,0.93605608
0.69805461,0.74731505
0.51195419,0.60952902
0.70829618,0.71591765
0.92026365,0.90945148
0.64076823,0.61156446
0.63289917,0.66399556
0.79593897,0.82773900
0.65419424,0.99888641
0.80676222,0.80901307
0.75589484,0.83635467
0.58430612,0.62672049
0.63042814,0.62334055
0.90116638,0.80335766
0.53967905,0.57727122
0.70178515,0.69110304
0.76704061,0.87603253
0.46587175,0.62082064
0.65458399,0.60234964
0.23703162,0.31594202
0.31963778,0.45400271
0.57794470,0.73377436
0.64913511,0.54876393
0.57458669,0.67029285
0.77854449,0.89851618
0.82283294,0.70219976
0.75076026,0.79977137
0.80714685,0.75698471
0.81317258,0.80296588
0.92050254,0.98493630
0.64830816,0.73153740
0.90681535,0.91952467
0.79566938,0.74732560
0.17723560,0.27417654
0.79944170,0.90460300
0.58468384,0.61332309
0.80347610,0.90574151
0.94004214,0.93852460
0.41513973,0.41883275
0.49877432,0.45576829
0.50961578,0.40355298
0.90977526,0.90396249
0.78506041,0.87063295
0.26168856,0.24686849
0.93223763,0.90374649
0.85414588,0.80468750
0.81175888,0.92537314
0.80374765,0.82373244
0.90921879,0.90890688
0.42281419,0.41073257
0.90453511,0.92492646
0.82750738,0.89233661
0.83541888,0.75138891
0.88623428,0.78554803
0.78032184,0.68115872
0.58472991,0.59684193
0.73708951,0.34331059
0.94519454,0.95993030
0.90461928,0.75191104
0.84365129,0.92942840
0.03903726,0.05887888
0.78223729,0.86328375
0.94214624,0.92137265
0.93729329,0.94824338
0.88608176,0.92727274
0.38096446,0.44329169
0.12855728,0.16621801
0.75543875,0.81493509
0.71607345,0.77093369
0.48410645,0.36946368
0.91731179,0.94431466
0.83168739,0.86139697
0.69843847,0.71845347
0.47783667,0.42334017
0.76483625,0.88576943
0.89583236,0.98041666
0.85484713,0.89055043
0.45679852,0.45699394
0.52586401,0.43135002
0.64486098,0.56313431
0.69324887,0.65316665
0.81135958,0.88094515
0.77319944,0.81349206
0.64410371,0.69447440
0.65180045,0.53202736
0.31548578,0.19074610
0.64188671,0.62072283
0.69079000,0.62310362
0.13166627,0.17857143
0.92270416,0.93130344
0.29808605,0.26686859
0.39810207,0.41347429
0.45542777,0.34925410
0.96384698,0.92120683
0.64470190,0.71532255
0.83099270,0.91563803
0.28874397,0.36190981
0.57495201,0.68842268
0.64393014,0.75373417
0.92941695,0.91406190
0.76009858,0.61812866
0.87456381,0.88348532
0.95129770,0.96102065
0.69700354,0.76305968
0.81292033,0.93243456
0.76268214,0.88182276
0.75754035,0.68118411
0.72354162,0.86943781
0.89681762,0.93299937
0.69524479,0.82679921
0.83178002,0.90753287
0.55677289,0.56599897
0.88018006,0.58724594
0.92227268,0.93863815
0.89553177,0.78259116
0.89500892,0.85712564
0.93102252,0.94747758
0.96792477,0.93136072
0.30150408,0.38836405
0.69846457,0.83414632
0.81447333,0.81010693
0.85463446,0.73488325
0.66971773,0.91078430
0.84907901,0.95604217
0.35408410,0.61352813
0.39346582,0.28458738
0.56292057,0.64388865
0.29522750,0.31385612
0.67066336,0.58470148
0.93269891,0.90445155
0.62678415,0.73867559
0.86748666,0.86246496
0.26918551,0.37729108
0.76728523,0.66213691
0.78763479,0.78770852
0.36192378,0.38212597
0.23432887,0.21620715
0.56890720,0.44405919
0.87264329,0.88106066
0.76137125,0.77390367
0.81187236,0.82036614
0.90395164,0.80996716
0.86894715,0.85842067
0.90098757,0.90472430
0.86238420,0.40315506
0.70424503,0.60859418
0.81533712,0.73751736
0.80847847,0.73597103
0.80993408,0.80103737
0.81572658,0.83284163
0.29939726,0.27266225
0.73357683,0.60189211
0.66109681,0.84333014
0.94840544,0.97828609
0.83919042,0.78776121
0.80846083,0.74959815
0.67008489,0.84598929
0.77407843,0.80587584
0.79316950,0.72466218
0.78015834,0.88078433
0.88848728,0.93350166
0.58467859,0.39687431
0.69740409,0.53868902
0.37357712,0.39282146
0.46450627,0.46381423
0.88583505,0.91736388
0.80139190,0.81108958
0.68169481,0.69661492
0.66840404,0.62597948
0.91986501,0.80019981
0.57376868,0.47633147
0.77058721,0.84880120
0.89779770,0.83789790
0.49618790,0.67357653
0.78567547,0.72186613
0.52167505,0.51307732
0.70752257,0.77973855
0.19436198,0.34047765
0.56451583,0.55808079
0.38369378,0.41156632
0.42900047,0.51598209
0.88594246,0.89465147
0.85821456,0.84753376
0.74018872,0.70289034
0.89097190,0.94705653
0.88126421,0.92244416
0.93508404,0.94948977
0.69160396,0.63704205
0.85313076,0.88767505
0.34382612,0.44295454
0.89572436,0.91778165
0.92517632,0.96724421
0.76942396,0.71548676
0.54406351,0.70466030
0.92139745,0.96487606
0.69475323,0.69793046
0.82302868,0.83635980
0.95894301,0.95140678
0.72229075,0.73388773
0.30502704,0.30173033
0.90649962,0.91107738
0.85914898,0.84156317
0.69410574,0.68461519
0.78160590,0.82612556
0.91195142,0.90076631
0.56777924,0.57860386
0.91629505,0.89237136
0.87162817,0.80948132
0.76463270,0.63861454
0.27078274,0.38626665
0.51886249,0.52671957
0.81317991,0.87913013
0.93001550,0.95767272
0.85085338,0.86352932
0.57298434,0.33011273
0.85377634,0.94629246
0.92842340,0.93036580
0.91402870,0.91126776
0.91553760,0.97853369
0.59125650,0.64231008
0.82280314,0.78312474
0.93336523,0.96205503
0.91447860,0.91715837
0.69966823,0.68434751
0.84611523,0.88573885
0.87860072,0.89452815
0.38638851,0.26408178
0.51782447,0.52276689
0.86689585,0.91676831
0.59028238,0.59834677
0.80493796,0.62980771
0.81889546,0.84498233
0.95009118,0.97385532
0.65933508,0.71306640
0.71869785,0.85761565
0.28740415,0.26958776
0.88755620,0.88651258
0.92260092,0.97886825
0.87333220,0.88575268
0.72036803,0.81904554
0.87147272,0.85631067
0.88915753,0.78633600
0.43702975,0.53611565
0.61605150,0.52867132
0.72170705,0.58175290
0.89228910,0.74276859
0.17287841,0.16462965
0.88272500,0.93084574
0.87251544,0.92125493
0.78062457,0.86562502
0.49970084,0.52665967
0.79986972,0.76739419
0.86492401,0.86697251
0.87800241,0.90608108
0.26305634,0.21021059
0.77011609,0.71524066
0.84946817,0.82290912
0.69156188,0.77031821
0.74096513,0.79810995
0.66842234,0.51792771
0.62359947,0.67713457
0.72819525,0.73488283
0.88025367,0.88671398
0.92555881,0.86932921
0.39276767,0.45771959
0.62951303,0.53966188
0.83863789,0.88286805
0.84232742,0.80708271
0.76717532,0.92190522
0.85743439,0.70137870
0.75793803,0.84829384
0.84866852,0.83466822
0.73938757,0.71924812
0.83412814,0.93329918
0.61844319,0.76857030
0.71771139,0.55803180
0.89581656,0.88090771
0.90952152,0.84025007
0.94064623,0.91762823
0.88416934,0.86246240
0.49927363,0.51923591
0.57733631,0.53985041
0.45550275,0.41860464
0.86743426,0.74591571
0.77291620,0.71431565
0.83102179,0.85822320
0.78753138,0.86392111
0.84755296,0.84782684
0.43728971,0.31394839
0.58767259,0.64767081
0.48747894,0.60114735
0.82749867,0.80974412
0.36103010,0.37164414
0.42940813,0.46460047
0.77205765,0.84319019
0.20910947,0.16497388
0.91644472,0.94478381
0.61475819,0.60501510
0.80005634,0.81430602
0.87274331,0.85963488
0.55897367,0.52581948
0.72225577,0.90674686
0.73420078,0.59478402
0.76189673,0.84960896
0.76470155,0.80011517
0.22872145,0.29427531
0.85469925,0.88049716
0.89465356,0.94305301
0.78444189,0.88107681
0.74315310,0.66533875
0.94019103,0.92313504
0.71113604,0.73524374
0.86318445,0.86621511
0.94945151,0.93106729
0.62971067,0.47980279
0.85008258,0.83803141
0.90462399,0.86684155
0.87089658,0.88924634
0.73199183,0.68040210
0.75584769,0.81234568
0.35146895,0.34900808
0.87483269,0.93970716
0.87143576,0.92941880
0.81095940,0.80512625
0.77234036,0.91325521
0.86371762,0.74869227
0.39742768,0.21674128
0.86150783,0.95140427
0.81292784,0.76357943
0.71735829,0.73503256
0.88389432,0.93443501
0.50479114,0.43088040
0.61049539,0.61491698
0.09562971,0.20233637
0.78865123,0.93137479
0.75024563,0.88597447
0.81116903,0.82273108
0.92905152,0.95281094
0.91931897,0.95226735
0.81681514,0.78538090
0.90461439,0.94541657
0.88370728,0.90407228
0.54449642,0.57378972
0.86985862,0.81096095
0.88382113,0.94468367
0.76623905,0.91102755
0.72101963,0.65889424
0.40478450,0.55896705
0.23948851,0.25727087
0.58290797,0.55153459
0.59894174,0.56407166
0.56170648,0.62411201
0.52741623,0.44689736
0.73894233,0.89418244
0.71949536,0.74401551
0.88282162,0.91926515
0.44763240,0.48811969
0.78303355,0.60936344
0.87442017,0.96453899
0.85934448,0.94567049
0.48623383,0.58518744
0.68937278,0.85896105
0.87805647,0.92436975
0.78080142,0.76619637
0.53022236,0.37865728
0.65778941,0.53696579
0.81908506,0.68268484
0.50995308,0.54181010
0.85246688,0.86332214
0.42257160,0.63521641
0.84919691,0.87784016
0.89603382,0.94144881
0.69472867,0.56423545
0.87300080,0.88804388
0.72482908,0.90700543
0.89889359,0.95015210
0.60978866,0.62058789
0.65185142,0.79883087
0.80792642,0.92123985
0.26496634,0.29284340
0.51283288,0.65918279
0.96278822,0.95156682
0.76975417,0.83087158
0.69275159,0.55090457
0.91345656,0.89478815
0.70470846,0.71079355
0.35972247,0.29572579
0.84316349,0.90395570
0.71495885,0.70062238
0.45955145,0.42544800
0.07307280,0.13499986
0.46343699,0.59261674
0.72744477,0.83686870
0.75651836,0.71431649
0.79426444,0.80535322
0.38125330,0.44080490
0.68033636,0.68046820
0.88530487,0.88211900
0.87548727,0.92337251
0.82224119,0.90806741
0.59831136,0.42550504
0.77774251,0.81607956
0.80902237,0.75267017
0.43166187,0.54109889
0.49175161,0.64185476
0.63531548,0.78316742
0.80562651,0.83877629
0.78397840,0.80120999
0.91473693,0.89555258
0.89134783,0.88730419
0.73815864,0.89329320
0.89009935,0.86925638
0.88300627,0.90426528
0.43896347,0.32794622
0.62787616,0.72307694
0.68999130,0.78880227
0.59697115,0.69225228
0.66740459,0.49802372
0.86914998,0.94826311
0.75508946,0.65071899
0.76754218,0.69458610
0.91571021,0.91751724
0.68192297,0.60509634
0.77580601,0.72117525
0.70703340,0.51230520
0.88233495,0.83057493
0.86455888,0.62790275
0.67676365,0.72464728
0.70180207,0.60357124
0.83340383,0.57811230
0.61692882,0.76451755
0.67174381,0.65460360
0.90749472,0.91930300
0.70131570,0.41803375
0.82417160,0.91481394
0.51185679,0.57398993
0.26926574,0.30924433
0.74791801,0.72230905
0.46977517,0.49731249
0.79173934,0.73707688
0.89214337,0.87325001
0.78757042,0.81795913
0.71678424,0.80513459
0.89525783,0.90945530
0.58867943,0.66351891
0.85847199,0.83636242
0.80030918,0.81954020
0.93442905,0.93428570
0.67189461,0.72480237
0.96162337,0.95489550
0.89390725,0.97859430
0.72139889,0.76543307
0.87444478,0.88159877
0.74979949,0.66364735
0.75207752,0.66201407
0.79286569,0.81898528
0.95452529,0.90554053
0.91916138,0.90113240
0.28448549,0.20370160
0.41854611,0.31864753
0.25789180,0.22531345
0.52184677,0.56835264
0.81073517,0.89218456
0.90525502,0.91149521
0.60630018,0.43312377
0.75838882,0.41225928
0.83297467,0.85576922
0.88250005,0.72041112
0.74742514,0.84452683
0.73449492,0.82641959
0.82264161,0.87013572
0.67888999,0.40221089
0.87110752,0.93004912
0.86077124,0.94750637
0.52230620,0.42811745
0.91344327,0.95471442
0.83553398,0.91122085
0.58311921,0.51083529
0.44778001,0.27325070
0.58945251,0.48874459
0.50895035,0.53219175
0.87382197,0.91258496
0.34884942,0.51421547
0.22895427,0.16824375
0.91044056,0.95793831
0.85822564,0.87224317
0.44761837,0.35857671
0.82321221,0.88580358
0.67988133,0.65312827
0.47581440,0.45671040
0.79265708,0.84324133
0.90943301,0.91488916
0.49373680,0.43936557
0.95045817,0.96191794
0.34580198,0.36642864
0.93851787,0.90795249
0.84899300,0.92329091
0.86960191,0.82083333
0.94779593,0.94758064
0.45966032,0.37408519
0.87990981,0.87000698
0.88230592,0.88083166
0.84923959,0.88705063
0.67840719,0.59842324
0.64312220,0.60643572
0.83294421,0.83627653
0.36578873,0.39646974
0.95129329,0.90601200
0.57530189,0.48900181
0.81375021,0.87262613
0.76989728,0.70908070
0.84457111,0.75484210
0.74940038,0.77926588
0.70088387,0.75887817
0.51062888,0.24975027
0.52611351,0.61219209
0.92001402,0.95826328
0.95111424,0.96291733
0.60523498,0.49350649
0.85064167,0.75180954
0.62590098,0.55396414
0.92452979,0.92468077
0.84012306,0.89616227
0.87256086,0.87778515
0.85333818,0.94268423
0.46776107,0.69172472
0.89774913,0.92317021
0.71333027,0.62751853
0.81032842,0.68234134
0.63395071,0.72234392
0.48490453,0.52153915
0.67636144,0.48065290
0.89573646,0.90427721
0.92161614,0.92455280
0.83611834,0.86911076
0.51381403,0.60090137
0.73216736,0.78461540
0.87051743,0.94017917
0.88031226,0.89266616
0.89600450,0.92072195
0.89221573,0.86983883
0.62047094,0.66580093
0.86068165,0.77782387
0.81356591,0.91726822
0.89368212,0.89858943
0.60834152,0.89878005
0.51796335,0.56363636
0.82599151,0.79968596
0.68262702,0.68719727
0.88819224,0.85790408
0.88245642,0.90293932
0.76423812,0.95863920
0.33098811,0.36549816
0.81853652,0.90652174
0.77928984,0.81130463
0.83692616,0.69390404
0.83729571,0.86177069
0.70753509,0.66614151
0.06620701,0.10867411
0.85240728,0.83432090
0.23238236,0.27899492
0.91507560,0.93369395
0.67543977,0.76367360
0.53258324,0.52248341
0.57952940,0.70664138
0.43913740,0.47202370
0.67398977,0.72612965
0.92784536,0.89943314
0.31690025,0.55499828
0.85854018,0.89636755
0.81519306,0.75809509
0.76858330,0.63974792
0.79919773,0.78104293
0.84955621,0.88610148
0.91656727,0.93431371
0.79039609,0.83934772
0.61657417,0.71283698
0.86809242,0.89842480
0.59144771,0.54730159
0.70998478,0.43214285
0.62064177,0.35497200
0.56721902,0.52035463
0.21612437,0.16419658
0.31870517,0.40966952
0.75848538,0.61902410
0.54055029,0.72706509
0.86618727,0.90523183
0.83592063,0.81309521
0.67909533,0.62879652
0.80874807,0.82935148
0.57738519,0.72596747
0.83516222,0.78171802
0.72315073,0.76299530
0.84540629,0.91868389
0.21155983,0.25794923
0.89722186,0.94805503
0.65476072,0.54948288
0.88816851,0.96323186
0.63965559,0.70808846
0.78741294,0.74844444
0.86502302,0.82007611
0.85287374,0.84158826
0.85601270,0.90366298
0.77550656,0.79571223
0.84950852,0.80758429
0.75982666,0.79464287
0.22438054,0.39908019
0.81222463,0.73734641
0.32741898,0.07455605
0.32821158,0.17020099
0.89991605,0.93589354
0.53435445,0.63321871
0.80831581,0.80233514
0.59355730,0.67605603
0.92701930,0.91330028
0.75769293,0.71992844
0.94412798,0.91117382
0.57471639,0.47939801
0.81592464,0.85910517
0.54313993,0.56120360
0.65235162,0.99609375
0.79855758,0.82705593
0.27834904,0.31308284
0.89378160,0.71998125
0.71217197,0.61743915
0.79142326,0.79744208
0.83200979,0.80658859
0.81985295,0.86582166
0.87131655,0.94588816
0.52339810,0.67820317
0.83659846,0.86383486
0.74288225,0.55416667
0.73953056,0.64915603
0.77259886,0.77142859
0.69136810,0.55404264
0.68912989,0.72441417
0.77485299,0.84533483
0.60043246,0.71924734
0.88416779,0.87103897
0.83925313,0.86925709
0.88593382,0.89299560
0.86966461,0.85965991
0.91956162,0.96687371
0.90194720,0.87602341
0.73187810,0.78267020
0.82796675,0.90069497
0.91450089,0.88417375
0.66748947,0.69139767
0.81681025,0.81770831
0.72354162,0.67526495
0.41480613,0.52850091
0.79424280,0.81791282
0.72402310,0.61894262
0.85396034,0.91690284
0.53022194,0.49491447
0.76117009,0.82243747
0.72450554,0.62001604
0.77795893,0.76807755
0.52776194,0.42000598
0.52819741,0.63359320
0.86027759,0.92971718
0.73655671,0.57530427
0.84665722,0.80952382
0.89928925,0.92160279
0.89904886,0.84482759
0.84015304,0.84970713
0.64810115,0.28383347
0.90693086,0.88441843
0.69282585,0.69579417
0.27798808,0.22469424
0.89186525,0.82103914
0.80512053,0.75675434
0.68400961,0.65243727
0.85205358,0.88136077
0.71187693,0.85177046
0.81029707,0.89009333
0.84654182,0.81751615
0.28236300,0.26774266
0.61073923,0.70526057
0.66951257,0.83430231
0.58675432,0.62772018
0.86435378,0.85244316
0.64561427,0.57725251
0.29440841,0.29824492
0.62534684,0.61118960
0.87098306,0.93584907
0.87939447,0.93856561
0.56826866,0.36630476
0.64120990,0.58595842
0.33585677,0.38987574
0.79790306,0.87111205
0.77492243,0.83429378
0.92412549,0.41153699
0.89406836,0.95909977
0.90707177,0.92901236
0.61627299,0.61069566
0.90328741,0.89789295
0.70844012,0.74303269
0.92133278,0.85485041
0.93680757,0.88345087
0.24098472,0.27619258
0.82923555,0.95724529
0.90232182,0.83617675
0.40740576,0.49744982
0.95598000,0.94597828
0.83159447,0.87699610
0.90224886,0.94724703
0.88990647,0.90196633
0.90569109,0.92557651
0.68037939,0.73717207
0.65332967,0.69321382
0.92585325,0.94005603
0.90605581,0.88258708
0.88833916,0.90425348
0.92522794,0.88550907
0.53505200,0.45869714
0.89594793,0.88097888
0.23549926,0.25123823
0.94476402,0.92153847
0.88038671,0.94516450
0.71660930,0.57412654
0.89164740,0.87704951
0.91707581,0.96241832
0.82564086,0.82477778
0.38168848,0.29932868
0.81176758,0.69225293
0.66481054,0.97664815
0.90156007,0.90223086
0.63725829,0.60148513
0.73058528,0.79319382
0.82021606,0.78682846
0.73799312,0.89248890
0.72133315,0.35644263
0.77667850,0.80514705
0.83644283,0.84663057
0.60339528,0.65003949
0.83669144,0.64214063
0.60910362,0.59708977
0.32893270,0.20019954
0.84890223,0.88225627
0.19648540,0.15344574
0.87744439,0.92121214
0.81910002,0.67571312
0.85708457,0.76544768
0.85612506,0.97370946
0.87991035,0.84361732
0.69206494,0.82224995
0.45478615,0.37674493
0.81925279,0.90007275
0.86405784,0.89105046
0.89073867,0.96345901
0.91002327,0.87839490
0.81387466,0.71089637
0.91943997,0.89089328
0.68687105,0.75335133
0.91548848,0.89259034
0.09685617,0.06829837
0.89817595,0.94404960
0.92300987,0.96098900
0.50941670,0.62072366
0.67475855,0.48020723
0.66615641,0.81188536
0.90163392,0.89475161
0.85498059,0.88479143
0.86827826,0.85508496
0.93507028,0.92049551
0.65085292,0.63504386
0.87296981,0.84325689
0.93390924,0.86173087
0.77844411,0.84849393
0.59858584,0.45001563
0.84766996,0.87728935
0.94115472,0.88124722
0.66268158,0.52454460
0.40274543,0.55092359
0.86361647,0.90826315
0.78172606,0.78231227
0.86289877,0.89741707
0.86990166,0.86492676
0.56279695,0.15921940
0.42166132,0.29984215
0.65600389,0.43859890
0.93438023,0.99230766
0.83418047,0.84102565
0.28245285,0.17442191
0.66706711,0.70329672
0.47549298,0.40908498
0.43056348,0.40095246
0.48924109,0.48571542
0.52183682,0.49918452
0.93357599,0.88721877
0.38682711,0.08909262
0.82894987,0.82946324
0.82414925,0.75512242
0.92274851,0.92004907
0.89949256,0.88721830
0.61299407,0.53965944
0.95496440,0.94276226
0.83649778,0.85317880
0.74666923,0.90883893
0.69203663,0.61259478
0.21848203,0.41220814
0.72956371,0.76328313
0.89620006,0.94481438
0.80351245,0.82163745
0.78729987,0.79190278
0.10608486,0.14329004
0.68624645,0.54568022
0.87122643,0.91237390
0.81856966,0.64533132
0.93626434,0.89040375
0.20692776,0.23491916
0.83685869,0.70512819
0.92544037,0.87333721
0.74897897,0.50275481
0.60499561,0.41492388
0.61996049,0.83216679
0.86070144,0.84765434
0.84841567,0.87943816
0.93903738,0.91746032
0.82116455,0.84982634
0.87650889,0.68396997
0.77072024,0.84090906
0.63866901,0.70183557
0.73639518,0.77616769
0.92210168,0.94641560
0.66834939,0.61118776
0.50725412,0.68366092
0.36391971,0.45492229
0.84209585,0.80246884
0.69999963,0.71277618
0.85007232,0.86717635
0.71280390,0.76205230
0.94674593,0.96383440
0.43514022,0.43993151
0.36744848,0.38756835
0.92290300,0.91624326
0.40623298,0.31154683
0.83546162,0.91513997
0.94450414,0.96767455
0.19462527,0.18740541
0.71887583,0.66513056
0.26808590,0.25474322
0.94143951,0.94279474
0.77393466,0.81180859
0.92320937,0.94845963
0.88639289,0.97481686
0.47218850,0.18055958
0.55461591,0.19880952
0.33392674,0.38651857
0.72784215,0.80794996
0.76731145,0.82167602
0.93554229,0.96399838
0.84310031,0.84096026
0.80882573,0.85861164
0.73142397,0.65253198
0.39451703,0.45501372
0.40368634,0.42889556
0.90296656,0.92932373
0.66625947,0.59381235
0.89004642,0.91048646
0.92614424,0.92507005
0.91630620,0.88690591
0.16716115,0.23253667
0.92606908,0.92717087
0.81911802,0.90045935
0.83770019,0.93431395
0.82971090,0.90154886
0.72811705,0.88411397
0.40340954,0.43741089
0.86282337,0.83839709
0.88281667,0.91226202
0.49204099,0.31578946
0.40971586,0.40491804
0.92967230,0.93180543
0.90845293,0.88696444
0.90286887,0.93975824
0.91831559,0.95710742
0.89369422,0.93605047
0.92712015,0.91082805
0.59081531,0.60890597
0.85308534,0.90525424
0.90047854,0.90705884
0.83063203,0.75723577
0.85180217,0.76311040
0.88221151,0.83497620
0.75866699,0.93640012
0.89849895,0.89069539
0.80414265,0.81720781
0.60431367,0.63918066
0.75665182,0.91938615
0.53063124,0.87966478
0.74948984,0.02964612
0.88341004,0.90822428
0.72126108,0.71300256
0.46714506,0.57531393
0.80374986,0.88143426
0.82509351,0.85934305
0.74454647,0.64706433
0.83429319,0.96249998
0.83801460,0.92266011
0.76891887,0.83189654
0.78227371,0.77686781
0.65547186,0.59934556
0.77156109,0.76567739
0.78185350,0.84105265
0.91130292,0.91954386
0.13509701,0.12743473
0.79478973,0.62894773
0.72137213,0.41752899
0.59008771,0.50101358
0.74198228,0.78430188
0.77024662,0.68559217
0.57437360,0.60607475
0.86347502,0.88823915
0.87528479,0.84758389
0.80795819,0.75931394
0.16768782,0.23200859
0.37460330,0.38606334
0.92908067,0.89179516
0.88303477,0.94080716
0.59587032,0.46410990
0.80801165,0.65484893
0.78895521,0.31590417
0.25237918,0.24041301
0.87521046,0.94095367
0.82991064,0.87500000
0.37416917,0.61891466
0.90692633,0.92870259
0.27871045,0.27204525
0.62346530,0.45376888
0.79731685,0.57336152
0.90635371,0.87294120
0.74508798,0.85196078
0.86700141,0.85354626
0.88915920,0.97498119
0.65787184,0.42754343
0.88810199,0.94963878
0.34432849,0.45171499
0.92542028,0.96791446
0.87971330,0.86007518
0.90736610,0.83196211
0.87758744,0.85797906
0.84773129,0.91861320
0.54810762,0.35621205
0.86139965,0.85198003
0.77774388,0.79217917
0.47053218,0.17416899
0.94964594,0.91427881
0.78666025,0.87962961
0.78837687,0.47461370
0.85990500,0.92484587
0.93225694,0.91949022
0.62827140,0.60943729
0.71537197,0.77308971
0.89210463,0.87145025
0.52601069,0.55161566
0.64054686,0.63959783
0.30527914,0.34424084
0.80406016,0.69670886
0.56063432,0.71045119
0.83469486,0.73442084
0.37588260,0.45881557
0.59160376,0.66664827
0.82700527,0.93217814
0.91056705,0.81453234
0.60430926,0.75454545
0.74538487,1.00000000
0.83133751,0.93357509
0.71619111,0.71567297
0.76414138,0.84580421
0.67997563,0.80489445
0.65810513,0.77475005
0.85017949,0.74435073
0.89849055,0.88111013
0.34255931,0.25292870
0.87454605,0.93983138
0.86833280,0.94122696
0.86624032,0.85635376
0.87540960,0.80575335
0.74767286,0.85893720
0.70369989,0.93557674
0.84197342,0.90379173
0.30167094,0.14004968
0.90791059,0.83660132
0.92737061,0.93454885
0.55395550,0.26287934
0.85428500,0.91712707
0.57516426,0.65285587
0.75471628,0.76490575
0.64916420,0.58143669
0.25192454,0.12236842
0.83643383,0.93267488
0.86935538,0.95400006
0.83352894,0.85818166
0.90354466,0.91877991
0.71825695,0.72395557
0.74311286,0.80206394
0.08263215,0.10837964
0.47492114,0.16903889
0.90698761,0.91320348
0.83031124,0.68061656
0.88597268,0.93670887
0.46974003,0.37096778
0.89047706,0.87613404
0.90157384,0.90014768
0.72755229,0.89949495
0.91553825,0.91311008
0.72901607,0.51841706
0.85652089,0.89685607
0.78953344,0.86471170
0.81020230,0.83123648
0.32025701,0.25009397
0.89576745,0.92673993
0.91901881,0.89891565
0.82102954,0.84587008
0.94419873,0.90423000
0.75586253,0.73255002
0.91250527,0.92189580
0.93820477,0.88496912
0.74056476,0.71860522
0.75702667,0.74341798
0.94240689,0.92109185
0.70637006,0.99761903
0.47842154,0.46135831
0.73524302,0.71771282
0.92755717,0.87048554
0.60728616,0.72692442
0.51409751,0.57671326
0.67413306,0.88399357
0.35773945,0.40305534
0.85562140,0.88357663
0.87385082,0.94397849
0.47425878,0.66152561
0.61749727,0.75018382
0.85897321,0.93260264
0.79383326,0.85270655
0.65317237,0.55598551
0.72199047,0.68247974
0.90611482,0.90051502
0.90157986,0.96181631
0.82185882,0.95810419
0.84731549,0.88069820
0.82586557,0.83784002
0.79183835,0.88187933
0.77317208,0.54209012
0.66173226,0.77091575
0.80122679,0.81152558
0.72419232,0.61299437
0.92882973,0.87382627
0.71343869,0.62929517
0.89919394,0.88459653
0.93280250,0.97421932
0.26192388,0.30498749
0.26495692,0.23558581
0.78101158,0.89388430
0.74266732,0.64270473
0.18234777,0.35376799
0.91448206,0.95362890
0.89087212,0.95308578
0.43821761,0.49136579
0.96060741,0.96046054
0.72400218,0.69312167
0.92718315,0.94805765
0.82205760,0.81778711
0.81110924,0.84878772
0.83052218,0.85112309
0.77207857,0.73909897
0.76122922,0.89631337
0.72371036,0.54158878
0.21890789,0.11928131
0.84636229,0.79812777
0.77953750,0.79585254
0.74972630,0.81701428
0.79621148,0.83949620
0.87112474,0.89025772
0.69663054,0.65752423
0.77930456,0.75183153
0.91030401,0.84598374
0.89307588,0.89336401
0.88070041,0.92591268
0.85324097,0.20265526
0.94293773,0.91118538
0.89950138,0.87318838
0.33247277,0.39870444
0.87609476,0.95628518
0.94382936,0.93480587
0.89947867,0.68611109
0.77221978,0.80030638
0.60797340,0.58126551
0.90172976,0.89695305
0.55598027,0.67022020
0.57352233,0.55239910
0.80568117,0.85537314
0.88462704,0.94570857
0.92210746,0.87090105
0.42452082,0.34116378
0.91633523,0.91170633
0.76239377,0.75524253
0.70758557,0.78257108
0.86810941,0.71781015
0.52797258,0.55659592
0.32697454,0.23622312
0.90541095,0.90851682
0.63752627,0.69989014
0.85672879,0.82449800
0.56725836,0.36360854
0.76480085,0.74996972
0.86713547,0.98918617
0.39590672,0.58207434
0.78789103,0.79490948
0.87108970,0.89624220
0.60468739,0.72093529
0.55330539,0.47539854
0.71854764,0.71786344
0.44779962,0.30410188
0.91346920,0.92258757
0.86321050,0.85097408
0.90103459,0.97181028
0.93451232,0.97244811
0.69317859,0.74257195
0.90791070,0.83984154
0.94102699,0.95610476
0.90373164,0.89228970
0.87032765,0.95104462
0.23674852,0.48661110
0.70589030,0.23532061
0.92320883,0.94193619
0.77901667,0.94814813
0.70552737,0.76838869
0.89478964,0.91721088
0.74786705,0.71718627
0.83075619,0.87530082
0.72796518,0.80126286
0.84603518,0.87911576
0.86147875,0.87978101
0.64489150,0.76279688
0.71896690,0.59722221
0.80627984,0.77453446
0.86695278,0.83986402
0.24673921,0.33316183
0.90561795,0.92045456
0.20028009,0.16410257
0.82156897,0.87043571
0.94955003,0.94557279
0.95597351,0.89435160
0.85205680,0.87352216
0.85601270,0.78661382
0.88945025,0.93115294
0.42321947,0.33930302
0.93037623,0.96018147
0.91158336,0.88915795
0.60630310,0.62549937
0.41167590,0.42995441
0.84190631,0.86061025
0.87865317,0.82341480
0.64903784,0.61313039
0.90966296,0.85261708
0.87644100,0.93497360
0.92679596,0.93336874
0.90283328,0.92636108
0.78193033,0.70151520
0.35115111,0.43657759
0.87383920,0.89725381
0.83514726,0.89741272
0.80890232,0.92162603
0.92477047,0.96660280
0.83022422,0.87866646
0.86492330,0.92998105
0.85704988,0.94204807
0.38156733,0.40268132
0.95052159,0.96721530
0.93443459,0.82956123
0.91535920,0.93272763
0.34846571,0.28030348
0.82717943,0.84774113
0.61693245,0.66428322
0.84120506,0.85773218
0.86138570,0.83218777
0.74949801,0.67524999
0.89170623,0.86763257
0.66192257,0.45857561
0.68392569,0.55131948
0.68108523,0.57006878
0.85687876,0.91356343
0.18654855,0.35344827
0.75284731,0.68637580
0.80110168,0.85277158
0.43644387,0.51030177
0.90786606,0.86988801
0.90398532,0.89293605
0.60504985,0.51675773
0.89469975,0.91071427
0.91427886,0.91369045
0.78586543,0.76848835
0.07957709,0.12009080
0.32243806,0.33951929
0.58255154,0.57617915
0.73563713,0.73087358
0.86309999,0.89735472
0.78881073,0.20103613
0.35917291,0.39131579
0.91378886,0.91408473
0.82669938,0.85691029
0.93409091,0.91631782
0.76498121,0.77734041
0.76412576,0.56578946
0.89637798,0.90342987
0.90116531,0.80230767
0.47429499,0.64375412
0.87797385,0.93873984
0.78987658,0.73178452
0.86024988,0.90988481
0.46719378,0.25153777
0.88331497,0.86816931
0.58715594,0.52582270
0.79373884,0.84114772
0.93683320,0.93597382
0.07912332,0.05177786
0.92720693,0.94183105
0.84305280,0.83697361
0.88783443,0.88469118
0.79318613,0.21718000
0.14513913,0.13375518
0.87232476,0.88863069
0.86982489,0.89505064
0.90670753,0.93717951
0.89666927,0.96428573
0.44444764,0.42815128
0.56365007,0.82392406
0.60510719,0.71136653
0.75428307,0.72151899
0.43156755,0.29105273
0.90095645,0.88285232
0.92715806,0.95917141
0.87734777,0.88766891
0.74033999,0.75831223
0.94395691,0.94079292
0.31187001,0.27233332
0.88407558,0.92894202
0.82001770,0.74482477
0.78235590,0.68835163
0.58385158,0.69626689
0.79809934,0.76337951
0.42601246,0.52755839
0.23691916,0.48439011
0.83406752,0.81957686
0.64284229,0.64755809
0.78573537,0.69263530
0.90892154,0.93752217
0.56396204,0.59006566
0.72910011,0.81194216
0.72447443,0.55855328
0.80243260,0.92853534
0.41445282,0.31734344
0.88273352,0.92831528
0.74055940,0.72871143
0.93982637,0.90732759
0.95562714,0.91167587
0.89094746,0.89145327
0.74371701,0.60457516
0.53069973,0.55800653
0.69325459,0.51890302
0.88816184,0.91044778
0.75771540,0.80315363
0.90228724,0.93414629
0.40559179,0.30079299
0.91228545,0.86599702
0.80640221,0.84880590
0.34630224,0.32693663
0.69118649,0.79857057
0.49416867,0.81092477
0.89302588,0.92455530
0.46193680,0.51497561
0.79110688,0.89615589
0.59562933,0.40874887
0.90242237,0.89347422
0.85752326,0.88959527
0.88651919,0.89362514
0.87320864,0.94016254
0.90178454,0.70615774
0.68581760,0.74715853
0.79183698,0.77799922
0.32444921,0.38993159
0.81272674,0.88015294
0.73979253,0.73414218
0.90536052,0.91260988
0.68334889,0.58093786
0.51590323,0.32032537
0.86715448,0.91386050
0.84186059,0.83528072
0.89293158,0.90238804
0.76497227,0.86159825
0.64741093,0.55233061
0.63226968,0.84287149
0.80050135,0.95948678
0.61079419,0.78245258
0.78653181,0.85784400
0.79567587,0.82536179
0.40908125,0.40037879
0.38728195,0.37431037
0.82925904,0.82199389
0.92951161,0.53693014
0.84817016,0.78574461
0.18398175,0.22848853
0.87928873,0.82250047
0.74749541,0.73024690
0.88893294,0.89206827
0.82808030,0.92170960
0.60455614,0.44967532
0.85941595,0.92603070
0.40914035,0.51326311
0.68575847,0.78067976
0.81737989,0.88254195
0.62323517,0.77216905
0.85917366,0.94628650
0.83773857,0.84378111
0.89462978,0.84498900
0.72503847,0.65070677
0.81285858,0.87078249
0.88492441,0.88635421
0.86678034,0.87408596
0.68898559,0.68906432
0.59861660,0.49958915
0.91211098,0.91602910
0.85194904,0.84021819
0.81360132,0.78692722
0.71427399,0.58999157
0.75635701,0.84815788
0.80393630,0.84443849
0.76879090,0.78091633
0.72294307,0.84737122
0.15778148,0.17152122
0.56453973,0.54855615
0.94123751,0.94437683
0.93291432,0.92429012
0.62131792,0.55621076
0.78062254,0.81466025
0.86847359,0.80726790
0.86264342,0.78682929
0.92250049,0.94617754
0.90174568,0.88148147
0.60060459,0.67054486
0.75286549,0.85064381
0.87665325,0.92771083
0.80026269,0.75047678
0.96569252,0.95686454
0.83948922,0.87358367
0.20473927,0.23834726
0.66010380,0.77629673
0.85632598,0.89035308
0.87910903,0.97187579
0.91914380,0.90651137
0.75499743,0.90096408
0.58774894,0.53995329
0.93004680,0.98958331
0.81485265,0.76987988
0.92661655,0.91929823
0.62991601,0.66241825
0.73891383,0.64942288
0.89148402,0.89044762
0.58935171,0.67610937
0.75837404,0.72676283
0.78085536,0.76720375
0.82778716,0.83216292
0.90936011,0.90534341
0.86394447,0.96796197
0.87460619,0.87003565
0.61178720,0.63031000
0.91270232,0.92950636
0.84076780,0.88743019
0.90190923,0.87090665
0.81898230,0.70694989
0.90229374,0.97563297
0.82908839,0.79623288
0.80403918,0.88405353
0.50275266,0.49265650
0.91798407,0.99444443
0.77514768,0.79036933
0.76524305,0.70986301
0.93985182,0.92288488
0.45777729,0.30756614
0.55193925,0.68696600
0.87391144,0.86625421
0.42081016,0.35050800
0.50703347,0.46106213
0.71673924,0.44303864
0.91716737,0.87660164
0.79830194,0.83545738
0.88652384,0.85069126
0.81353337,0.81162632
0.46701762,0.57950193
0.63720489,0.73750222
0.94453448,0.95530301
0.94553512,0.95363468
0.27218729,0.32808661
0.55626857,0.55121565
0.90070325,0.92689967
0.86488199,0.90217435
0.90147406,0.88427126
0.55733526,0.65315610
0.85756439,0.87675571
0.72599673,0.66503936
0.02924003,0.11494103
0.61136448,0.67119473
0.81549865,0.79233122
0.56329590,0.66094005
0.83546799,0.93963963
0.62009209,0.69750714
0.75093728,0.85764241
0.54715967,0.52840298
0.76708496,0.73471564
0.85925722,0.89596272
0.64642566,0.35766375
0.61179346,0.63896549
0.46658233,0.40296757
0.85734963,0.88704634
0.41991228,0.45070335
0.76980031,0.83443046
0.51717836,0.47934622
0.70110524,0.67756408
0.91529429,0.93684494
0.54411358,0.56713766
0.74044532,0.90593648
0.68124819,0.70142967
0.43542731,0.50965667
0.81562203,0.88671875
0.61349320,0.52885211
0.91173834,0.83463115
0.40298250,0.34641609
0.91072088,0.82876712
0.89451474,0.91406453
0.47537178,0.30129331
0.27334511,0.63616073
0.28192228,0.04845155
0.77841747,0.88600469
0.66682917,0.61904764
0.60329062,0.45204136
0.82820773,0.81475151
0.65124029,0.90451390
0.18282142,0.22177146
0.26841950,0.29945654
0.71817303,0.68983757
0.93037367,0.91415662
0.87904257,0.87006044
0.58808708,0.80337584
0.94063127,0.96874243
0.86029631,0.88009894
0.72591054,0.85188872
0.95538151,0.93316805
0.92233670,0.90077287
0.78415811,0.80911100
0.15067858,0.11408894
0.82787555,0.85279375
0.88347679,0.93032849
0.87555587,0.91492677
0.82748210,0.90733528
0.80162674,0.81771487
0.87017727,0.91498768
0.91591197,0.95652425
0.97010553,0.90646917
0.60947931,0.64652777
0.74798203,0.58315706
0.91121620,0.85891318
0.66168433,0.69257730
0.88773853,0.94185799
0.81947458,0.88832200
0.75784314,0.85598040
0.81138152,0.78168249
0.83015305,0.90263158
0.72030884,0.83303654
0.90883088,0.91967493
0.75063115,0.71624804
0.89282644,0.80990237
0.92784268,0.90912700
0.78586602,0.80256462
0.60541040,0.59552443
0.19932942,0.23681186
0.60277939,0.50253379
0.63179106,0.54191619
0.23714930,0.18189681
0.50184953,0.42438155
0.70319140,0.72044647
0.84609962,0.91439730
0.89273494,0.91684574
0.91360718,0.92506206
0.28172505,0.24160588
0.29819301,0.27595365
0.93183064,0.85697168
0.70833546,0.66573411
0.79327416,0.89220566
0.56941235,0.47112080
0.59844744,0.48271435
0.67623752,0.77254188
0.85204601,0.96651059
0.83753061,0.72334933
0.92834961,0.64689296
0.28376946,0.72345650
0.12756252,0.18042041
0.83079809,0.60098600
0.70869404,0.49399674
0.67763263,0.71402138
0.91464013,0.94178361
0.53151506,0.29500368
0.83263731,0.90296113
0.13654636,0.05136472
0.91317242,0.94964486
0.28598747,0.47654912
0.51399189,0.55289757
0.84004247,0.81119543
0.78907478,0.90784472
0.90156716,0.89685374
0.73824221,0.67636144
0.68603075,0.40288460
0.45861241,0.42986614
0.93446416,0.98393756
0.64228457,0.61065215
0.75921297,0.65012896
0.90890461,0.95646000
0.49236029,0.50420672
0.93278903,0.87978321
0.94337153,0.92094803
0.65481281,0.66511738
0.62147754,0.60660034
0.38578376,0.44250327
0.88378108,0.89464885
0.95814550,0.92523944
0.93480438,0.94815439
0.68236959,0.88486564
0.80493468,0.83461541
0.83397204,0.87142307
0.79433703,0.83375567
0.64412516,0.56789601
0.80676883,0.84102881
0.88031471,0.85782647
0.69289964,0.67394406
0.90929115,0.95129144
0.74721611,0.59579164
0.91450280,0.87803340
0.87291414,0.86035794
0.72158158,0.66070873
0.80414754,0.82681078
0.67439824,0.67062145
0.58365822,0.58097559
0.38615370,0.39346027
0.22393078,0.34014612
0.29631031,0.21975319
0.75846267,0.59207392
0.76185244,0.87201297
0.72642249,0.78771836
0.81242192,0.70762616
0.65159816,0.67272651
0.83691555,0.87387979
0.87512654,0.96345621
0.49031845,0.42077038
0.35878488,0.15829608
0.92464596,0.91199678
0.91174138,0.95495719
0.26117960,0.35403588
0.74230689,0.66532016
0.89315838,0.92055923
0.69600046,0.91490322
0.94274318,0.97001278
0.86434615,0.88018858
0.89866978,0.93117476
0.96055442,0.95382863
0.79184020,0.86244410
0.74297714,0.73442101
0.90118706,0.91228068
0.76507413,0.93927830
0.60811132,0.46267676
0.74192977,0.70179617
0.91211522,0.91501409
0.93437713,0.91996789
0.65204239,0.54710144
0.34145519,0.31135127
0.90981758,0.93886197
0.89614201,0.90465760
0.89895815,0.94040430
0.54648823,0.66389376
0.81210345,0.82772726
0.93374282,0.91983473
0.43371910,0.39805523
0.83103323,0.87549829
0.65433252,0.66744733
0.86002445,0.79849559
0.83839083,0.85115749
0.77187163,0.81344086
0.86153239,0.87896824
0.86954242,0.66121429
0.72594023,0.55836362
0.69603056,0.51431823
0.88172007,0.87147808
0.95210677,0.91590399
0.86826736,0.90799302
0.91720879,0.85250485
0.89850932,0.96512985
0.91788942,0.95205468
0.87808281,0.91211528
0.64310712,0.65570402
0.70525140,0.75059289
0.86313707,0.72716153
0.78285104,0.57137841
0.82357264,0.76650643
0.92319059,0.91661173
0.74928725,0.76482922
0.73654085,0.74185425
0.37765607,0.31294981
0.94001400,0.96527582
0.84490311,0.85145080
0.86200982,0.80889010
0.71401972,0.76749974
0.58676934,0.41971815
0.89556617,0.84762043
0.75119865,0.87377679
0.27092987,0.40974379
0.55203974,0.66561794
0.82736325,0.82890910
0.84268230,0.86212122
0.66111612,0.68294156
0.19469319,0.31551424
0.77072930,0.72432435
0.86628413,0.87636930
0.86137986,0.89229268
0.36633572,0.70499414
0.94491655,0.94096440
0.78958666,0.69155443
0.44895974,0.42263299
0.83057266,0.78516775
0.77946913,0.73881149
0.61672163,0.26188931
0.73083842,0.92157781
0.65549862,0.71014494
0.68025601,0.63020581
0.29795483,0.46329337
0.59338987,0.48507112
0.72241676,0.77320921
0.36661574,0.51368695
0.96437120,0.95154363
0.70818180,0.82196611
0.33430392,0.31492946
0.81673545,0.86184406
0.89012045,0.91306508
0.75282586,0.81522924
0.42363009,0.29763985
0.90778333,0.91791171
0.89027715,0.84123367
0.88025367,0.86639059
0.66709119,0.70728254
0.42327622,0.50532764
0.82775789,0.75413793
0.73972309,0.79802209
0.54213613,0.06908450
0.36589473,0.46709225
0.66319799,0.48625547
0.82399654,0.91732252
0.91658652,0.91885495
0.68012756,0.35408440
0.85986155,0.91003817
0.62255055,0.76037735
0.55836302,0.57758534
0.92491955,0.90748078
0.95194459,0.92078489
0.65788412,0.43711427
0.90591282,0.89867485
0.43837988,0.58305603
0.71554959,0.66135561
0.50543982,0.60321182
0.71817434,0.78839141
0.88554037,0.87336266
0.91956764,0.91758722
0.88608742,0.82968795
0.92058086,0.94885772
0.73894119,0.74861449
0.92586845,0.87827450
0.76019418,0.85758328
0.70524740,0.82503259
0.77778435,0.79437703
0.76790410,0.77544993
0.77743560,0.96475953
0.94717550,0.88080531
0.88756365,0.93811256
0.56383532,0.53290743
0.94582039,0.88905644
0.84766954,0.82162529
0.87402648,0.82956201
0.52480364,0.54464805
0.78007913,0.85636365
0.93240964,0.93567741
0.57069784,0.62207139
0.74082756,0.75282866
0.80930024,0.83056438
0.48985264,0.60219049
0.66574025,0.59485096
0.79243046,0.92739350
0.30999359,0.36347941
0.86332554,0.93956929
0.71874964,0.58518565
0.34304118,0.31247404
0.86831057,0.84383649
0.55063510,0.60194921
0.85089469,0.90385151
0.88451147,0.91632074
0.80945641,0.79541570
0.85642385,0.92923933
0.85000110,0.87799019
0.84196538,0.91084057
0.47880903,0.60825026
0.68635416,0.80930573
0.43082279,0.44092557
0.94122654,0.93097347
0.89019674,0.94509882
0.76006746,0.82213134
0.72997773,0.79500026
0.74126124,0.73055553
0.61859894,0.65812683
0.83182192,0.89912975
0.76401192,0.60179102
0.72159857,0.67281604
0.76758134,0.68463725
0.86073935,0.98814118
0.37813523,0.46337771
0.58219224,0.68644661
0.83656216,0.84266508
0.72984833,0.79233730
0.78956085,0.84904999
0.50464922,0.62392473
0.87895530,0.87537408
0.86071038,0.86046410
0.84327137,0.92244172
0.69461787,0.12338441
0.77932787,0.92666966
0.92866403,0.89816177
0.87943882,0.92510438
0.82845873,0.78233039
0.81999564,0.88588852
0.71438682,0.63951617
0.89669055,0.89922249
0.43994752,0.43105555
0.39526534,0.26039925
0.65085226,0.57132524
0.30392683,0.52865130
0.37499353,0.34113720
0.90756208,0.85555959
0.64068180,0.68694735
0.87608081,0.94155842
0.53043938,0.67960298
0.94053042,0.98026317
0.72330803,0.71152312
0.79735154,0.11945333
0.90420568,0.91170597
0.93686283,0.94761902
0.91910803,0.87409574
0.49208462,0.63698959
0.90839636,0.91972297
0.70006567,0.60412472
0.14049514,0.17510287
0.54703051,0.65124583
0.93684536,0.94237727
0.89121753,0.81131107
0.88789159,0.85678673
0.85919923,0.89682353
0.70564526,0.68675578
0.80113840,0.69969225
0.86531782,0.89197922
0.93780452,0.93751657
0.55499452,0.52735651
0.65406251,0.67539680
0.85372680,0.81089741
0.95210862,0.93118787
0.28537694,0.23821059
0.80355299,0.88850033
0.30408150,0.29759315
0.88600951,0.98387098
0.86431569,0.68531996
0.93894005,0.90717655
0.70554483,0.63645130
0.75541139,0.63410997
0.65769774,0.56390709
0.32915840,0.38640112
0.59476775,0.59971195
0.81014222,0.81190509
0.56122601,0.77822804
0.89539135,0.94847524
0.53641725,0.50519210
0.90748471,0.93418801
0.93807834,0.94858783
0.86998457,0.86462289
0.91332692,0.93756014
0.91224468,0.81495655
0.50420487,0.48136434
0.51449639,0.37597519
0.59025311,0.70359051
0.64134854,0.62592953
0.69157279,0.51125449
0.51152664,0.54233509
0.92756116,0.87815273
0.46584722,0.49069935
0.78025442,0.90702724
0.95882243,0.93976974
0.87586594,0.93013632
0.81370193,0.91496599
0.50901097,0.46256721
0.63538522,0.81667751
0.55340785,0.61455625
0.82229584,0.86431748
0.89008206,0.92088908
0.95593220,0.95627242
0.36809826,0.35047990
0.44719160,0.27582550
0.91038668,0.89698404
0.57072002,0.49309525
0.58895683,0.59674865
0.82570231,0.90041858
0.83329415,0.84657222
0.67519617,0.74964249
0.79300743,0.84259510
0.93602258,0.92773968
0.89567536,0.86005497
0.36825639,0.43663746
0.45748609,0.65562260
0.82663888,0.77084839
0.85877913,0.88929200
0.72088516,0.56137246
0.88940573,0.95222330
0.77522761,0.93880033
0.61415219,0.61130273
0.74792564,0.66463548
0.64745438,0.57126212
0.77479643,0.81140125
0.87881470,0.87110692
0.58002365,0.51611155
0.71442729,0.82379520
0.89896649,0.92742449
0.79867560,0.86062193
0.91731209,0.87861025
0.73991936,0.76460183
0.56003225,0.62398291
0.83701378,0.88543117
0.74029005,0.65755576
0.65398151,0.71240228
0.86655277,0.88966560
0.63186908,0.61563998
0.22373411,0.27041593
0.85277450,0.82627690
0.42261779,0.36762342
0.59035254,0.70276552
0.72479820,0.76733917
0.50191534,0.50571364
0.91279697,0.89392662
0.78806853,0.70371163
0.86633736,0.92180008
0.91066056,0.95222223
0.94005764,0.97394812
0.84273237,0.87787205
0.39874375,0.26346931
0.67064697,0.60044956
0.89028245,0.88773692
0.91211116,0.94300526
0.73173708,0.65546620
0.84403312,0.88994503
0.90927643,0.94645202
0.77666759,0.85202897
0.82381475,0.84666324
0.94270015,0.92938083
0.57271999,0.65601927
0.66610986,0.79284823
0.84040570,0.86666667
0.51191670,0.49213353
0.89396966,0.90919971
0.37908420,0.37278584
0.67812616,0.61247760
0.92256171,0.98069954
0.89601010,0.89074618
0.82898033,0.92161173
0.76526177,0.78991175
0.57055169,0.50117564
0.87649047,0.92743641
0.90129709,0.93714100
0.66747391,0.62839681
0.86682993,0.86453646
0.68436038,0.51834238
0.70154357,0.51592159
0.89691710,0.91337049
0.74788898,0.84103644
0.21396190,0.26368701
0.93661481,0.94897270
0.78839552,0.86834514
0.83203042,0.83479828
0.45936382,0.32072389
0.89247698,0.91436714
0.79568380,0.92822248
0.86059725,0.66482651
0.79105729,0.87753588
0.94986945,0.95978361
0.85338593,0.88037038
0.72399944,0.82229638
0.87782419,0.81553066
0.88519996,0.90870708
0.21390893,0.22173683
0.79055178,0.81991667
0.84012908,0.88727701
0.88571203,0.97264469
0.88393623,0.88453460
0.45298010,0.39998743
0.76779389,0.72426903
0.36498609,0.37020344
0.58465272,0.62159497
0.84060538,0.80033547
0.86063945,0.87703180
0.82568640,0.72613961
0.94031012,0.91932911
0.80515546,0.80875707
0.82009143,0.96621388
0.75300092,0.73590565
0.53932136,0.53175282
0.84938079,0.95569479
0.58027458,0.85787910
0.86582571,0.91462767
0.87273163,0.84964156
0.91041112,0.92041367
0.64283824,0.43037850
0.67223495,0.65663856
0.24798633,0.34939492
0.94579417,0.91933256
0.75583041,0.79794973
0.91740048,0.24443860
0.19985746,0.19908604
0.88915932,0.92154646
0.67237657,0.79469872
0.63579559,0.67562401
0.71840823,0.79151249
0.74683625,0.66866726
0.75177175,0.84853733
0.59888983,0.66561460
0.70275867,0.81181318
0.09746875,0.16883211
0.73556817,0.69151980
0.93334311,0.94042695
0.57804108,0.57627106
0.43426931,0.52826089
0.92994440,0.93764573
0.86335933,0.87558526
0.40534768,0.41945186
0.47048524,0.40059206
0.94966745,0.93563622
0.83908737,0.81188291
0.17808104,0.14387700
0.58154494,0.67460316
0.85381973,0.75912517
0.74059546,0.69298339
0.89343786,0.92375308
0.87266594,0.94433659
0.65373814,0.33902389
0.90105194,0.88370687
0.58446276,0.60963219
0.85257298,0.91833335
0.46056560,0.58405799
0.75268513,0.75930297
0.91111463,0.87258023
0.94301873,0.93895632
0.45942611,0.43178505
0.44271472,0.38442686
0.53878611,0.56603146
0.72232807,0.71205699
0.31594703,0.32590580
0.93758136,0.88000000
0.10858920,0.09435582
0.94556808,0.93921590
0.85030681,0.94690579
0.83305788,0.86420643
0.78518862,0.86055839
0.86419839,0.82858294
0.87059194,0.91889256
0.90264404,0.79470009
0.46897897,0.47681984
0.89930707,0.91692543
0.81721085,0.76311851
0.60737777,0.53652096
0.51498067,0.43902439
0.92602706,0.92598152
0.25176811,0.14750355
0.19667633,0.12500930
0.84949201,0.94349796
0.81380361,0.90295762
0.94230497,0.93720138
0.93190229,0.90058959
0.22750638,0.21902834
0.57271171,0.37369376
0.54258448,0.24889717
0.87685913,0.96393663
0.55960411,0.78216499
0.83957702,0.79706925
0.15562414,0.23380351
0.83085930,0.80832392
0.81722230,0.81209868
0.78765422,0.72360629
0.89523369,0.93560302
0.48439828,0.42252624
0.74291253,0.76539201
0.88923377,0.97972971
0.90224516,0.96800590
0.80110955,0.77814007
0.73379284,0.67242688
0.66652077,0.55221295
0.74410892,0.48824480
0.02719901,0.07052541
0.86896920,0.89690268
0.92543977,0.92507643
0.42148903,0.54578048
0.91717339,0.91136366
0.91685611,0.91526860
0.78311521,0.88864428
0.31994486,0.31234205
0.69104433,0.68848288
0.92123413,0.90304595
0.49146271,0.56129384
0.89139271,0.84524548
0.48858297,0.30743930
0.36101648,0.52422714
0.82535744,0.71524698
0.68022525,0.64460522
0.74988812,0.90030444
0.94539106,0.94745803
0.89387554,0.88062829
0.89707983,0.92783791
0.91698110,0.92027003
0.13547477,0.17943431
0.57204682,0.95145631
0.89403778,0.93441278
0.69146121,0.68503690
0.87030381,0.87123710
0.83151311,0.88809526
0.66571307,0.69953054
0.73408604,0.81813127
0.26266134,0.37159628
0.37643281,0.29625952
0.35210240,0.28532243
0.83996141,0.85054159
0.72070569,0.92562938
0.85405862,0.87106997
0.87802154,0.84478593
0.65603715,0.73150969
0.82778144,0.92903388
0.76881647,0.76272196
0.08986732,0.08568238
0.70012254,0.76789194
0.62706518,0.81197923
0.61267209,0.48532185
0.73444748,0.79078865
0.67569357,0.65116352
0.87624604,0.96470785
0.55403548,0.55118233
0.81289154,0.78396225
0.85593683,0.77738202
0.77408314,0.86583269
0.73664582,0.84166664
0.78430891,0.70324481
0.94720089,0.94711012
0.71676117,0.85160482
0.92415130,0.93683344
0.72454560,0.58848786
0.75399828,0.88028342
0.92851341,0.84917581
0.58078194,0.70565295
0.53137910,0.41524440
0.35246524,0.54964250
0.80980492,0.69148803
0.87204999,0.95602828
0.88432592,0.83180285
0.71002722,0.79387879
0.50109214,0.47865498
0.75371188,0.90606135
0.93037158,0.95982093
0.86088878,0.81467670
0.86301488,0.78690267
0.43416154,0.17064413
0.78692198,0.84632868
0.90086472,0.93790323
0.80306762,0.85245901
0.73093468,0.47078872
0.92644703,0.84759617
0.62083256,0.76904571
0.70685190,0.67385155
0.73010433,0.73476619
0.81964254,0.88548368
0.58709627,0.70113432
0.83628297,0.84885603
0.89497447,0.90338469
0.88058025,0.82758075
0.57541490,0.52502859
0.66456175,0.65216792
0.70646864,0.62694097
0.83008558,0.83595008
0.87148142,0.93602693
0.89497566,0.83276290
0.88040507,0.85947710
0.78954643,0.79183537
0.88068497,0.95738298
0.43932027,0.66735572
0.47277194,0.64438772
0.68294591,0.56597847
0.74928576,0.64929682
0.50885499,0.61122042
0.73909318,0.66178775
0.69040531,0.65776700
0.90495980,0.89681071
0.69129336,0.76346344
0.82749534,0.95932311
0.92593312,0.92198241
0.39493272,0.48826945
0.08111686,0.10680799
0.61219275,0.68948412
0.29332656,0.29136214
0.83428228,0.97972971
0.75144392,0.80772376
0.77147126,0.76360542
0.83522165,0.84191996
0.78482962,0.77688491
0.67958546,0.78312802
0.88330585,0.84217387
0.84727168,0.90997022
0.91840780,0.90726715
0.92109352,0.93198651
0.91926998,0.81842673
0.79462987,0.79706222
0.81277156,0.80172646
0.31435698,0.31707820
0.89861375,0.95548791
0.80696547,0.86841512
0.85085833,0.84227818
0.87182248,0.84136605
0.82757372,0.84452415
0.86099094,0.83379704
0.78274840,0.80149972
0.44399616,0.48747450
0.93966883,0.98148149
0.87543911,0.87855417
0.68809378,0.64632630
0.09344368,0.13333993
0.67721057,0.59449309
0.77585816,0.80787051
0.47423092,0.39782366
0.88650495,0.89029396
0.79053319,0.83938628
0.42945403,0.47833067
0.78069800,0.68499780
0.56146276,0.60607290
0.90042114,0.93123323
0.93079525,0.86792201
0.86928886,0.88176209
0.39509991,0.62249100
0.83688891,0.87446427
0.76027071,0.85988402
0.64092368,0.83945477
0.85491675,0.92678893
0.67098731,0.45893669
0.78313297,0.76620084
0.65684378,0.65751547
0.90652537,0.86638761
0.92361492,0.93196636
0.81037796,0.91527689
0.48401695,0.43201447
0.70098501,0.69329590
0.83462226,0.82569033
0.88887954,0.90167713
0.90547144,0.93781269
0.82176238,0.99166667
0.06517939,0.07119388
0.85110939,0.91083103
0.79973125,0.85227573
0.27861479,0.22015037
0.51154447,0.33580360
0.79763329,0.71583664
0.67970955,0.69845706
0.89400470,0.93265718
0.76036471,0.74616790
0.33043733,0.17975725
0.44711658,0.64841282
0.39102107,0.58648145
0.78960347,0.76639825
0.57893854,0.58259737
0.67513460,0.57789510
0.68096495,0.73101193
0.90153223,0.88887489
0.92834693,0.92653334
0.87887126,0.77204609
0.91577029,0.94158655
0.77968490,0.73460716
0.87674743,0.85845518
0.92581695,0.96074772
0.76552266,0.76332963
0.91674799,0.92130870
0.67224634,0.63106823
0.70883948,0.86904764
0.77444917,0.62137681
0.62949014,0.69717968
0.67001319,0.62352329
0.92449492,0.19285475
0.77921849,0.93114913
0.62258834,0.67452687
0.91158384,0.93856800
0.41180262,0.34905660
0.80689305,0.75569052
0.78195715,0.56770831
0.85328752,0.92663145
0.89136654,0.94022715
0.69139034,0.67264873
0.88330787,0.88423645
0.74754703,0.86261904
0.67733073,0.60852438
0.77534270,0.53065002
0.73870444,0.68030012
0.43554440,0.47194296
0.94954413,0.93220341
0.88297808,0.89097673
0.79932034,0.66884613
0.86939967,0.88850945
0.79976493,0.88932097
0.16791889,0.16695653
0.61115843,0.61830258
0.76236844,0.67327338
0.68868870,0.85753751
0.63034636,0.53779238
0.76150399,0.86649662
0.89256281,0.89299858
0.87669575,0.96202534
0.69161290,0.57181078
0.60545868,0.60144925
0.89774883,0.85056043
0.82378262,0.78023899
0.92967188,0.91588992
0.38595033,0.28081399
0.72779924,0.75372505
0.79322219,0.80725032
0.69781667,0.72609496
0.92040801,0.98553824
0.77093720,0.78690523
0.71996492,0.88962543
0.12259424,0.12251612
0.93600869,0.96561623
0.74863195,0.81306690
0.92972577,0.93226063
0.85157603,0.90780938
0.80866492,0.95410550
0.37721133,0.50064051
0.77276689,0.17005523
0.68570274,0.67373949
0.83596838,0.94060165
0.85751206,0.84559554
0.27668810,0.26626548
0.92434108,0.94038880
0.86241192,0.93379462
0.85856593,0.86828297
0.86534423,0.93649572
0.90027088,0.87033379
0.41784531,0.30239484
0.46572956,0.75320405
0.67907590,0.64618421
0.81961709,0.80412138
0.75792116,0.84704185
0.95914024,0.96123320
0.93863583,0.99000001
0.78038150,0.79330862
0.87194484,0.84130782
0.55953920,0.56824267
0.91271842,0.93353629
0.91231376,0.94065863
0.85761470,0.83396387
0.94117403,0.86737651
0.94039392,0.93076921
0.76903820,0.81203127
0.88909382,0.91948223
0.91744012,0.96731538
0.70755756,0.66242820
0.51429808,0.50470990
0.89994591,0.95643938
0.56162566,0.72128850
0.85132349,0.84586579
0.78542399,0.76629037
0.86456895,0.91518635
0.81338394,0.65751314
0.80747283,0.86267960
0.95893180,0.92284340
0.75007463,0.71982896
0.57798642,0.44666255
0.73664629,0.80244207
0.41679740,0.55172747
0.84816575,0.89200079
0.73283136,0.57812291
0.75645512,0.70387191
0.66203266,0.35829931
0.81407219,0.78926712
0.53917217,0.62279826
0.68936700,0.63501704
0.89581436,0.95910424
0.61634189,0.80791867
0.64368874,0.37608716
0.74108988,0.60309088
0.43300253,0.67371470
0.88915062,0.80536258
0.79807752,0.70601851
0.77873325,0.77915603
0.48381197,0.49406329
0.80299681,0.89151007
0.94488692,0.94268775
0.81603819,0.73738050
0.87274206,0.92052633
0.87566882,0.83014584
0.51811910,0.46121386
0.87605500,0.83173078
0.78294605,0.88455808
0.64358193,0.66780853
0.88489413,0.95223755
0.88512993,0.83463120
0.66809291,0.56047386
0.81518108,0.71757340
0.37996736,0.27852824
0.12149543,0.19048506
0.68345010,0.73409849
0.91324198,0.93607050
0.61506486,0.67824072
0.42459998,0.52498394
0.61329609,0.47280738
0.81357986,0.77034056
0.67742139,0.58825344
0.54996711,0.51538432
0.59092027,0.48177847
0.60910171,0.58467114
0.91084832,0.90775782
0.93831158,0.92439532
0.71036959,0.67871708
0.65193510,0.68213701
0.66247290,0.80082154
0.61911935,0.75862384
0.47810307,0.33779141
0.90729594,0.98343235
0.84009820,0.88749582
0.72729200,0.73438913
0.78181654,0.72330016
0.64674604,0.67253858
0.79604942,0.87918276
0.34222829,0.28183806
0.91456300,0.97442567
0.76781011,0.69661677
0.91310543,0.94012767
0.90661788,0.92631358
0.88640320,0.88204587
0.89061874,0.93467259
0.22804533,0.41041511
0.86562747,0.91388887
0.85448879,0.84910339
0.84570628,0.96799505
0.82526857,0.92860109
0.73117173,0.83098817
0.87582207,0.93587887
0.92660493,0.96623707
0.85248542,0.91050261
0.69972438,0.90038919
0.72216117,0.86312574
0.84997958,0.82508343
0.86335045,0.88796860
0.49501982,0.39896694
0.36656108,0.33061740
0.74541545,0.88319206
0.36745283,0.41717896
0.43819991,0.55536669
0.95650214,0.90886855
0.89567232,0.57984751
0.94983989,0.90169120
0.81045908,0.81267005
0.86323023,0.94749999
0.87233156,0.84824699
0.89556968,0.91906285
0.81539488,0.81047422
0.94237429,0.97802615
0.75438762,0.91478366
0.53763491,0.44305736
0.70209563,0.78115833
0.92484128,0.94915253
0.74570721,0.87132651
0.65613908,0.69052649
0.73816907,0.76175255
0.67189735,0.71315020
0.64347905,0.58285314
0.53540719,0.52807713
0.91999447,0.98107141
0.66331899,0.65546507
0.50723726,0.44111520
0.60000736,0.56628370
0.54585123,0.73233843
0.92204064,0.96042806
0.63538939,0.55050504
0.61942744,0.66516650
0.87402827,0.86129528
0.84484124,0.82908076
0.75858986,0.74611723
0.57264853,0.76525813
0.82588279,0.90927100
0.71994817,0.60400087
0.83106250,0.94416016
0.81670338,0.66264325
0.88375556,0.09637783
0.94492960,0.96862489
0.64613330,0.80731523
0.90898824,0.92791831
0.63754523,0.55941457
0.73983037,0.60825813
0.84177577,0.86800700
0.90506428,0.97567004
0.70293695,0.66535783
0.76520407,0.72670645
0.85860729,0.86571139
0.91735905,0.91038311
0.82753766,0.59109044
0.74371415,0.82247573
0.34810245,0.45888653
0.91660154,0.91079795
0.43956539,0.49548846
0.88282061,0.89794171
0.06671426,0.11910129
0.96487880,0.89069951
0.11585426,0.15725546
0.89379019,0.96538460
0.92716289,0.94564301
0.76416516,0.71695369
0.83970451,0.62296212
0.49066573,0.53124499
0.66171223,0.65715879
0.74757272,0.66834688
0.57253331,0.21868169
0.55118215,0.55416667
0.57123935,0.43706784
0.73044133,0.80063033
0.92560363,0.90268874
0.61950171,0.60752630
0.54325044,0.61615503
0.44778696,0.37033582
0.57335758,0.61427045
0.89205581,0.97887844
0.90252256,0.90608376
0.60590732,0.56728727
0.95689732,0.97202671
0.43900469,0.35575166
0.90940452,0.92224234
0.68089694,0.63843971
0.40308771,0.30286923
0.85291445,0.91054130
0.70750117,0.68342865
0.31872556,0.28797027
0.19757068,0.20291358
0.86089778,0.86948252
0.73773527,0.91682285
0.88323039,0.78800392
0.90410626,0.87119436
0.55189365,0.43287298
0.68030053,0.70836127
0.19383378,0.32228628
0.82709205,0.86419630
0.21998076,0.16025908
0.68961209,0.74384892
0.83574164,0.81542057
0.68266523,0.58880627
0.83414006,0.76590323
0.95543700,0.99206346
0.73022109,0.77681589
0.55734700,0.50917512
0.83494514,0.85952008
0.77227634,0.63465470
0.91524893,0.88424534
0.81757706,0.63328665
0.91705936,0.94574910
0.14090517,0.11811777
0.95035839,0.91740221
0.86727005,0.90386921
0.92047709,0.94970340
0.87259799,0.87843370
0.45839620,0.39732978
0.86881500,0.84708250
0.79314268,0.80015755
0.53436178,0.55821848
0.88379997,0.39024442
0.71075976,0.84693062
0.74289042,0.69758278
0.82979947,0.93098426
0.87749958,0.82907850
0.91560209,0.99166667
0.92393500,0.97223514
0.19792028,0.24435264
0.35803539,0.42901236
0.91033065,0.82156307
0.31739461,0.35357124
0.88634300,0.92150867
0.82769257,0.56147814
0.40746328,0.23245470
0.55408108,0.48848704
0.95002753,0.92389894
0.94668329,0.95277780
0.70611161,0.76972771
0.73124367,0.67172754
0.82057637,0.84837419
0.83302903,0.82475513
0.51345730,0.23030707
0.82790315,0.82152689
0.72221202,0.76228070
0.26633373,0.28620270
0.73038071,0.66100800
0.66586357,0.86522591
0.35639539,0.36501867
0.85239851,0.94780713
0.45895377,0.69999999
0.85242432,0.85361654
0.82468218,0.97650141
0.61845511,0.64468789
0.43557760,0.61029834
0.81144726,0.73559529
0.89494789,0.93532604
0.86129272,0.70510715
0.92100000,0.90939397
0.86566907,0.91705018
0.81384331,0.85875821
0.14774701,0.34002978
0.73116410,0.95213205
0.91269767,0.98165137
0.33627027,0.30604681
0.41377276,0.25812802
0.76896822,0.82496858
0.66966718,0.51854765
0.72200763,0.76430041
0.90762734,0.93725395
0.32939693,0.33801779
0.54973882,0.63362235
0.65521544,0.50731504
0.70391011,0.62807781
0.77569687,0.87558323
0.82025498,0.94364434
0.84034151,0.75039101
0.76432252,0.74451780
0.91835290,0.86319327
0.45316303,0.38241962
0.74520248,0.81843013
0.90799135,0.86405939
0.77407205,0.86405599
0.33194926,0.43701848
0.90919238,0.87335420
0.59251899,0.50978321
0.89252979,0.81202036
0.86298585,0.88600940
0.50424737,0.50539047
0.77597487,0.85573643
0.87298852,0.91987669
0.85620213,0.88797641
0.65519142,0.70683777
0.85974365,0.79020047
0.80153739,0.73596215
0.89639974,0.94090211
0.88961887,0.94067794
0.96029884,0.95086616
0.65111738,0.59285712
0.87391967,0.86079091
0.62328088,0.49104384
0.80597377,0.81961870
0.76724631,0.82330829
0.80522370,0.87552047
0.64187962,0.78884101
0.82864487,0.79976088
0.78401870,0.82835734
0.76426202,0.71350086
0.83163637,0.86343962
0.64567083,0.59022194
0.76277739,0.72376144
0.93176246,0.77212322
0.83570820,0.87821120
0.61070698,0.67949569
0.90337807,0.92183858
0.70738590,0.56200981
0.62518924,0.54360116
0.44048214,0.48100710
0.56759936,0.50808626
0.63613361,0.63141090
0.90479815,0.97427428
0.73696458,0.64895022
0.90948486,0.92226720
0.84105694,0.91636389
0.72291213,0.70371795
0.15480888,0.17081459
0.67513567,0.66695982
0.67582017,0.71938390
0.94662356,0.90761811
0.81364369,0.71532935
0.78953195,0.88697839
0.79489833,0.82639384
0.89726561,0.94949025
0.92068869,0.96667588
0.69122207,0.86410254
0.68891114,0.78773451
0.73940140,0.77489179
0.15766416,0.21120690
0.80837971,0.79312551
0.76069015,0.70562029
0.92755049,0.87896007
0.81612390,0.91606569
0.89924359,0.90378344
0.77530372,0.90067273
0.93376887,0.91130340
0.79988551,0.84284276
0.77891064,0.87324744
0.93720424,0.93165481
0.53846520,0.54390246
0.89332914,0.85810858
0.87999362,0.89733505
0.67999369,0.70793337
0.86842501,0.95843238
0.32534921,0.05111977
0.56081784,0.58055115
0.66757154,0.60134947
0.17050238,0.17964554
0.88756412,0.98333335
0.29640391,0.27774772
0.90882665,0.93567622
0.35799846,0.21625404
0.20049918,0.15141453
0.82480478,0.85147029
0.89160740,0.92382288
0.77335852,0.73685557
0.74702066,0.71868426
0.41183326,0.44562212
0.72669435,0.66638315
0.82506222,0.86071163
0.68707258,0.67451662
0.07104753,0.13947834
0.33449528,0.26940882
0.93388790,0.95736259
0.94322902,0.94181597
0.94033802,0.99242425
0.85557663,0.92092192
0.75970060,0.66526419
0.92530012,0.95984846
0.68865919,0.69779003
0.53162289,0.38681319
0.37350023,0.32338411
0.74657816,0.80857682
0.37919879,0.53040332
0.87504423,0.86771774
0.94179809,0.87664849
0.09592382,0.18619974
0.48512316,0.49730280
0.79775470,0.88230950
0.82829237,0.72491962
0.67476207,0.67751479
0.59242386,0.62500000
0.53413171,0.64033121
0.86506569,0.90594268
0.74127376,0.68416995
0.27616903,0.33631256
0.80882585,0.84237599
0.50687486,0.70284545
0.85892749,0.87696075
0.73806161,0.81707221
0.91941679,0.98026657
0.93520790,0.93594086
0.70509446,0.68148047
0.81790954,0.85499483
0.57806605,0.55622739
0.48488218,0.65000129
0.40631658,0.44748220
0.20040585,0.29259095
0.58728468,0.36457625
0.85609162,0.95988846
0.93198556,0.90913469
0.91651040,0.94531852
0.64832735,0.73246604
0.75111508,0.83462989
0.75576633,0.71052945
0.87934035,0.94230771
0.66255009,0.66252059
0.87876785,0.90287155
0.66995031,0.75985974
0.47185203,0.46171406
0.50657600,0.31956398
0.85277015,0.85933375
0.51984674,0.76866412
0.89927500,0.94714755
0.81735474,0.87915987
0.91899222,0.93169492
0.85603070,0.86261386
0.47467604,0.19632471
0.87511086,0.90105909
0.70743090,0.72031099
0.72750872,0.76688313
0.90056980,0.96012962
0.92862380,0.86866605
0.84747660,0.90585440
0.86946571,0.93271685
0.84343094,0.88478261
0.90463054,0.86176914
0.51027882,0.51347333
0.93629044,0.93015492
0.69477040,0.68921834
0.61351734,0.79513890
0.62521154,0.59012729
0.54850894,0.62888986
0.91349328,0.89901131
0.81566477,0.76649535
0.72600818,0.82911712
0.88734996,0.88514960
0.80736977,0.89969790
0.71357620,0.76841235
0.84514707,0.84677452
0.63036782,0.64934814
0.77725488,0.76868510
0.53819656,0.61119562
0.94752979,0.97107846
0.58463734,0.63371974
0.84160411,0.89817280
0.53446257,0.68898940
0.84044033,0.81780916
0.30373344,0.25656238
0.81553471,0.84428668
0.87069386,0.85637277
0.77734858,0.81129110
0.83474511,0.89091057
0.15298983,0.20130895
0.94215882,0.94965976
0.90869558,0.91128057
0.86276662,0.81745720
0.54394579,0.54087633
0.76568747,0.84246558
0.80677551,0.78334731
0.48341686,0.60525763
0.84077084,0.62561375
0.93131298,0.90607119
0.93742925,0.91905630
0.84911078,0.85009265
0.94124913,0.96336478
0.62766129,0.71349239
0.02225279,0.11315766
0.42282066,0.39373800
0.10015296,0.18446052
0.72585428,0.75481474
0.90803862,0.97979796
0.83520621,0.89345986
0.85504001,0.82663476
0.75192785,0.29397160
0.61572373,0.62876254
0.36342189,0.28677204
0.81796610,0.73443598
0.93535638,0.95912063
0.83008343,0.83815354
0.89121693,0.94038206
0.24868138,0.37639332
0.89093041,0.86912143
0.65668750,0.66216218
0.39560694,0.42071429
0.82407087,0.90442324
0.78337848,0.81430185
0.75709683,0.84434795
0.42117390,0.38420847
0.74799633,0.65241379
0.26440942,0.28744543
0.89582556,0.89842528
0.24497747,0.22208612
0.80888021,0.88827115
0.88677549,0.92057413
0.92900574,0.93169284
0.60713297,0.71136886
0.74180937,0.72549576
0.81641614,0.82310528
0.71586072,0.82157713
0.87190169,0.91352737
0.89245588,0.83189255
0.63259792,0.50598788
0.42903242,0.52617741
0.82166886,0.89521056
0.62386006,0.47556207
0.91167849,0.90490377
0.55301738,0.65470612
0.78779012,0.77047533
0.93541533,0.94232351
0.93855840,0.92753059
0.87836272,0.89827532
0.53198946,0.48258558
0.94962645,0.93193859
0.55311936,0.52693659
0.83513486,0.74553573
0.80606639,0.66983384
0.54101449,0.59997392
0.90272403,0.89775598
0.57497674,0.62719846
0.78487158,0.81560630
0.78170341,0.70691872
0.10332673,0.06146450
0.76427799,0.73465145
0.67521179,0.85437572
0.50041354,0.60141242
0.93197501,0.92879355
0.55935460,0.55277306
0.52680194,0.42435005
0.69133776,0.61499906
0.46409613,0.56885421
0.59742808,0.73046875
0.91586787,0.99295777
0.88334119,0.94686663
0.62640035,0.84868419
0.85832381,0.87420022
0.90767431,0.84413356
0.71598661,0.71263474
0.88527340,0.96101540
0.81316626,0.67569047
0.80517060,0.76929212
0.83603382,0.80854803
0.87355089,0.70490855
0.39618787,0.46597019
0.83266050,0.84792453
0.79301852,0.80308068
0.83730239,0.97528517
0.84259415,0.85825270
0.63320690,0.81442559
0.86769009,0.98765433
0.74636948,0.87371445
0.91879052,0.89968103
0.94100863,0.96111113
0.90828156,0.88765866
0.86333567,0.90612924
0.42234740,0.47920039
0.87221915,0.86153930
0.83458638,0.73372692
0.77228326,0.86213523
0.49443874,0.48991859
0.79342604,0.81857145
0.93106896,0.95981508
0.92297280,0.93555748
0.76408291,0.75470591
0.87228572,0.99586779
0.17509173,0.15128127
0.86185056,0.93831909
0.69040328,0.65180963
0.73625821,0.73469114
0.76092243,0.73667657
0.92929381,0.95084673
0.56914157,0.45411944
0.78576511,0.82596397
0.93425673,0.91558367
0.87777174,0.87270057
0.79887474,0.79986250
0.90916675,0.92148459
0.94304627,0.92151356
0.33767101,0.49974844
0.92160690,0.84275365
0.83603656,0.85395765
0.83087063,0.81715631
0.57472628,0.60693753
0.89699984,0.95842308
0.57516646,0.32973275
0.95604354,0.95446908
0.87412810,0.95598608
0.75558150,0.78623497
0.50914782,0.52014506
0.86342114,0.83970904
0.65555376,0.63051218
0.81667686,0.88158399
0.65378886,0.61583138
0.88827622,0.95565987
0.81950378,0.75523072
0.84159440,0.67953658
0.44045535,0.53720492
0.86505127,0.94218749
0.77004546,0.66828531
0.88526273,0.89803207
0.83059931,0.72039056
0.95805502,0.95181960
0.50133562,0.57788283
0.17805251,0.19792528
0.79324991,0.86498845
0.86781746,0.83672267
0.88441020,0.96998775
0.31956133,0.35605732
0.70328516,0.77120531
0.59591335,0.59340554
0.84457606,0.92227584
0.65635222,0.70291263
0.73248500,0.47399795
0.81608361,0.82838124
0.88300145,0.96343940
0.56427062,0.73905796
0.84549457,0.80588073
0.36638758,0.68041873
0.43623233,0.52807361
0.79492474,0.84815532
0.59040731,0.61597735
0.94188744,0.92333215
0.37351727,0.36546922
0.88374162,0.70270622
0.60654277,0.30880341
0.93097305,0.96578383
0.52374709,0.78835350
0.86559987,0.90789402
0.87835813,0.94718617
0.90756100,0.95959967
0.84987414,0.87348652
0.73061937,0.84302080
0.37109038,0.25022730
0.87274057,0.92284918
0.32794586,0.31365532
0.46818879,0.27681780
0.93257344,0.95272404
0.42765641,0.23379037
0.52034962,0.17387006
0.91260552,0.94375002
0.87163532,0.80404592
0.79131788,0.89114791
0.86211407,0.94414365
0.74563104,0.81688803
0.33940774,0.26702121
0.84124893,0.86121500
0.87707293,0.93752176
0.56583512,0.60269165
0.84108937,0.83144921
0.79228950,0.76140672
0.57461840,0.25086823
0.74798405,0.78410792
0.81453335,0.85786331
0.48937437,0.29281345
0.62216854,0.70345747
0.80725896,0.90486759
0.52001119,0.47359255
0.68767196,0.75320292
0.89254212,0.88372147
0.93983549,0.96178764
0.70139253,0.80204189
0.16774255,0.21891502
0.82920474,0.88470757
0.94412065,0.95590001
0.70981354,0.72039109
0.03932409,0.13315079
0.88560295,0.88758594
0.86128569,0.86063218
0.83318067,0.73494339
0.92824173,0.92040634
0.85814804,0.91938025
0.43671212,0.26233122
0.48394257,0.35845995
0.36424881,0.29174992
0.65431195,0.74594754
0.78522360,0.86434209
0.82714587,0.68731707
0.75571817,0.73861116
0.74830139,0.79933137
0.88236099,0.87618434
0.84329414,0.91233575
0.84524781,0.90985346
0.88431317,0.95246643
0.75032169,0.88553327
0.33559278,0.30136934
0.71282566,0.69969070
0.57148492,0.59131038
0.77831066,0.92737734
0.96175557,0.90550238
0.38798812,0.32065657
0.07197811,0.12341198
0.46087575,0.63449591
0.64679742,0.56483519
0.79480869,0.79153407
0.69250548,0.75685716
0.84423095,0.85959321
0.54844087,0.32328284
0.92996418,0.97483182
0.85043609,0.93755800
0.82479095,0.75008893
0.40492392,0.54827785
0.75836462,0.77899390
0.79113609,0.86642855
0.86672246,0.85757929
0.82530159,0.80524760
0.88967472,0.89142627
0.81326163,0.85637563
0.64885533,0.55213892
0.78633541,0.79657477
0.80636466,0.93150687
0.57551825,0.64687014
0.82876486,0.81788236
0.86255324,0.93490839
0.63222814,0.60836816
0.82592833,0.75797695
0.56616181,0.37491038
0.87169492,0.84554595
0.79562557,0.94024563
0.88007116,0.89032346
0.94370860,0.94315207
0.73213655,0.70266181
0.24518278,0.17724867
0.86199522,0.95757121
0.78506488,0.66002661
0.90473753,0.89160919
0.65665114,0.71016461
0.55634791,0.17304045
0.68163389,0.63766545
0.69483697,0.65249920
0.78716546,0.79832476
0.85209119,0.75634831
0.88052404,0.93308949
0.87205923,0.91925669
0.76543969,0.61354744
0.71218574,0.71067053
0.47560021,0.49853435
0.92007965,0.96987951
0.45028409,0.47457367
0.70595074,0.46507189
0.94243807,0.95709866
0.85995638,0.84032446
0.82351613,0.79147798
0.19212891,0.22571428
0.57726640,0.62316215
0.85057080,0.94026083
0.91532934,0.95509452
0.87540454,0.91946626
0.89175147,0.86271608
0.80177617,0.67736185
0.36645666,0.29299012
0.90844548,0.93160981
0.92423224,0.84429461
0.91952020,0.93079340
0.93571413,0.92286462
0.38239437,0.27491388
0.49909109,0.47344095
0.20117986,0.27841941
0.51491821,0.48061144
0.92339694,0.93051064
0.78563505,0.75789320
0.87701070,0.94412440
0.77995354,0.77607644
0.48869795,0.72667122
0.71526200,0.69301343
0.13775480,0.17293985
0.86089736,0.96814185
0.80359465,0.82575756
0.73842359,0.72635400
0.61865127,0.86697614
0.69754952,0.31173092
0.22428015,0.39001819
0.41294986,0.16899768
0.83751929,0.85553277
0.62818444,0.81164742
0.23200229,0.16834933
0.42488575,0.42169273
0.79043621,0.80127829
0.88086343,0.89919740
0.69281662,0.79312229
0.65006906,0.57057905
0.89023113,0.88174176
0.80331343,0.85781008
0.63587797,0.64401621
0.62362367,0.83227658
0.90768003,0.95726961
0.89056742,0.91936576
0.73178053,0.83569002
0.61952615,0.68053460
0.86591297,0.80092055
0.91802806,0.79621947
0.74830055,0.63051528
0.39452249,0.36483938
0.81941462,0.93216443
0.74013716,0.86294699
0.88739812,0.85502547
0.65375370,0.61018181
0.57005155,0.49695927
0.39330578,0.32577950
0.77211171,0.82228351
0.82484251,0.87309384
0.89089626,0.95283973
0.24683405,0.26299021
0.66430086,0.89971167
0.58254927,0.33002645
0.76941055,0.84373164
0.95563948,0.92684191
0.74773186,0.87118959
0.54890233,0.69461000
0.89940798,0.88480371
0.81141478,0.77288473
0.59180331,0.62577182
0.83942860,0.84312797
0.78989601,0.85797119
0.70827168,0.82330436
0.83823282,0.95151877
0.79196733,0.69807410
0.80431718,0.72405922
0.80471164,0.77265352
0.80661947,0.67525947
0.77112532,0.83003324
0.58982682,0.62389106
0.78250140,0.75815243
0.33546090,0.28270778
0.79796815,0.77167141
0.65243119,0.65917218
0.88546664,0.93516433
0.85212201,0.93100321
0.91471499,0.87618065
0.76264495,0.81323248
0.52859235,0.52777779
0.56873637,0.84273905
0.89687413,0.92441005
0.66862237,0.58058608
0.91811806,0.92202109
0.90939480,0.92261904
0.71911603,0.92895114
0.91354674,0.97321427
0.92258960,0.94377512
0.72950339,0.76018411
0.82519054,0.67623830
0.77391851,0.89098436
0.91669941,0.91602188
0.13170150,0.17230944
0.57309234,0.32973078
0.62787426,0.81386065
0.35670781,0.27668396
0.90852052,0.87431556
0.68485576,0.56918818
0.54942012,0.42682275
0.77021432,0.63289338
0.76284891,0.77915019
0.79683924,0.60599780
0.88489312,0.88887203
0.89873469,0.87887549
0.85499883,0.86881334
0.83044541,0.84907150
0.87216592,0.91576087
0.39152777,0.28926456
0.68066061,0.47911146
0.63963991,0.72467917
0.48426384,0.25419217
0.42931592,0.47933921
0.73257142,0.79894364
0.92408925,0.92743337
0.72140038,0.64779776
0.88649595,0.84539419
0.87559098,0.91399813
0.82899970,0.87271202
0.77126348,0.89002138
0.76099217,0.66373658
0.92404461,0.95114291
0.84993082,0.88769233
0.92038095,0.90360600
0.92580992,0.90453696
0.81983203,0.87023139
0.67465323,0.56904960
0.28586739,0.16021530
0.60422122,0.58776891
0.65338737,0.71616167
0.72135597,0.37820470
0.76899368,0.65054834
0.53993726,0.50625002
0.88614768,0.94345587
0.29597721,0.17151481
0.55448902,0.46443731
0.93556362,0.88044626
0.74892789,0.88876408
0.17702831,0.11137762
0.72242802,0.82759631
0.43062651,0.33913177
0.33750406,0.40757680
0.63673735,0.59522474
0.92791665,0.82589042
0.93589461,0.89339018
0.87849367,0.93048781
0.83608627,0.87427169
0.83915544,0.87892240
0.90101874,0.87680632
0.64867789,0.65094632
0.87483031,0.92667466
0.91957694,0.82291138
0.94582701,0.93553358
0.74394953,0.88555944
0.94811076,0.91696113
0.84353209,0.72555214
0.25361553,0.28170526
0.31414813,0.37861234
0.69347328,0.80787998
0.81897092,0.75822806
0.78677946,0.76342481
0.91632110,0.92787415
0.25481021,0.25668153
0.79707658,0.90701222
0.33571354,0.44807673
0.78855544,0.81018358
0.94953126,0.91454196
0.50922459,0.38902196
0.61118788,0.68171883
0.84176791,0.94202447
0.85514820,0.88461536
0.51348716,0.61678380
0.82565016,0.81605130
0.87714750,0.85770750
0.69868469,0.76175278
0.93053341,0.84337181
0.78024375,0.74940479
0.33472624,0.31749630
0.87927097,0.93988925
0.46305469,0.40856928
0.55439454,0.61964816
0.85626245,0.84441388
0.23769310,0.26264372
0.76889914,0.81456357
0.93111295,0.94091511
0.92816901,0.94483697
0.74540472,0.77436751
0.76986700,0.73497641
0.81628209,0.92367995
0.70247900,0.77442616
0.94034445,0.94002044
0.63924319,0.63948178
0.46671748,0.29001552
0.53424430,0.47703418
0.27059114,0.46399826
0.41791978,0.37721276
0.85218793,0.78236324
0.86472827,0.92214078
0.35107291,0.27103627
0.57205111,0.76398522
0.76261920,0.67205632
0.85055071,0.83523494
0.77631956,0.64715928
0.60812634,0.51620871
0.44099051,0.32157460
0.42560783,0.45544040
0.85624009,0.87108934
0.86881918,0.89443016
0.82758367,0.83858269
0.64866406,0.57860529
0.83869541,0.88908589
0.88849461,0.89660627
0.91652030,0.92574090
0.57906735,0.54323483
0.59669489,0.60007393
0.87221229,0.91481650
0.71222532,0.81704611
0.66699010,0.58841795
0.80990756,0.88918424
0.91252643,0.91494471
0.62445968,0.68860352
0.49280411,0.52295959
0.85105479,0.88658679
0.89880949,0.94576925
0.57364202,0.49879763
0.93375993,0.90279007
0.85640931,0.88721806
0.82728297,0.81605262
0.81386226,0.87434340
0.86319035,0.90211141
0.86897129,0.77503872
0.72582704,0.71505392
0.89613932,0.88430274
0.80916542,0.92897898
0.87965786,0.90256023
0.37035978,0.40279752
0.68188614,0.84916544
0.80890572,0.83684731
0.69333541,0.70334005
0.77806515,0.87882924
0.84559339,0.87598771
0.31680277,0.31770834
0.54625338,0.28206921
0.86809349,0.89248365
0.72734433,0.85238957
0.01890071,0.05983176
0.87421912,0.85267913
0.66008526,0.77992070
0.80437583,0.86928755
0.91404831,0.96528614
0.73549956,0.71977520
0.93461758,0.96238422
0.89895958,0.85739511
0.81659353,0.78503537
0.63229686,0.79966629
0.84400332,0.93440080
0.94030029,0.92379886
0.87645382,0.98342597
0.28838447,0.20089869
0.92929673,0.90116090
0.81205803,0.69155842
0.72942537,0.78557223
0.91777146,0.89515465
0.86522287,0.93720782
0.80406892,0.92423284
0.93403047,0.90575522
0.15377557,0.13828705
0.91494310,0.86878383
0.55222762,0.60396838
0.95825559,0.96349204
0.75644094,0.51846373
0.86643142,0.93656617
0.90837228,0.89278406
0.79005724,0.87902308
0.33461291,0.30046332
0.79490048,0.53138095
0.93984002,0.87888008
0.48015851,0.75535089
0.94288677,0.93247199
0.74086207,0.79126173
0.74053591,0.76397306
0.30297661,0.49263170
0.81275368,0.87048954
0.34243125,0.31396824
0.84296250,0.84852940
0.79172194,0.83923560
0.78528005,0.77722436
0.72546685,0.54607058
0.45517403,0.39491045
0.24918714,0.36439809
0.94755554,0.92298979
0.51360816,0.35971594
0.78696150,0.66836733
0.74400306,0.82934022
0.75048995,0.74916667
0.62631464,0.56794870
0.16444063,0.26325795
0.28939173,0.32736620
0.51903468,0.47069946
0.88157308,0.84627378
0.23483299,0.24463277
0.83338064,0.89110482
0.81172937,0.88505620
0.96033853,0.94174266
0.21206717,0.41137549
0.75150555,0.91608393
0.86590904,0.79931033
0.61659127,0.51875001
0.88446915,0.91388160
0.91436684,0.92925030
0.72343403,0.78833914
0.85671848,0.79221088
0.40138516,0.35390970
0.85183424,0.81076223
0.64986575,0.05911645
0.94421583,0.91886663
0.47694197,0.56222737
0.59864902,0.68636763
0.83496279,0.95931786
0.47978219,0.32346126
0.83367527,0.78118002
0.65188295,0.85876667
0.88210171,0.88779765
0.57382613,0.71874297
0.59087664,0.53004801
0.93782747,0.95449668
0.83196288,0.79494876
0.88329405,0.87537640
0.82427454,0.86697876
0.91919845,0.93665755
0.89487851,0.90814400
0.73099488,0.65395433
0.88867587,0.89931768
0.35440466,0.18908121
0.67073041,0.82154208
0.59906572,0.69164246
0.92547929,0.93209720
0.37107298,0.35555893
0.94050759,0.80653161
0.80088884,0.85493028
0.50827706,0.38282001
0.45603415,0.19711182
0.88760853,0.95179147
0.32624587,0.12941177
0.37101430,0.31220102
0.50681829,0.44861254
0.63504481,0.58635527
0.50340593,0.44241595
0.63443238,0.79017901
0.60907239,0.73001599
0.59664124,0.71861422
0.57391739,0.73753810
0.67168379,0.71454597
0.90640247,0.92307693
0.82567966,0.80853629
0.80711907,0.81911242
0.48559663,0.61310273
0.57286167,0.16138309
0.80504173,0.91361284
0.89285535,0.93801761
0.79531342,0.73944688
0.93836808,0.95026594
0.78022271,0.68241286
0.50946385,0.29026577
0.94123495,0.90825266
0.64265317,0.56674302
0.89417684,0.83006382
0.37202463,0.37950405
0.18232194,0.24927419
0.50807607,0.66252685
0.16816723,0.16204339
0.92823458,0.93233085
0.34722298,0.31582168
0.63490516,0.54292929
0.56128299,0.50508738
0.80593055,0.72426468
0.95268631,0.96746254
0.59531105,0.65416348
0.76040494,0.73229450
0.87184870,0.83696705
0.81890333,0.91287881
0.76096714,0.78899848
0.79320496,0.67014772
0.71869802,0.66860127
0.94639117,0.98486894
0.85231692,0.91407204
0.82577914,0.79912353
0.90590328,0.90790600
0.65353447,0.70644838
0.89119762,0.91641748
0.72558570,0.84031063
0.84684086,0.87734169
0.60815525,0.62949657
0.81371790,0.94938821
0.88724369,0.82608330
0.85832381,0.94702840
0.61450696,0.63105524
0.88331354,0.88569623
0.79092515,0.77464294
0.56552809,0.74545455
0.94421417,0.98336834
0.89074540,0.91069108
0.96017838,0.89937484
0.83033615,0.78953713
0.77992922,0.76818180
0.69204938,0.57471848
0.93778366,0.93378985
0.36753511,0.52639496
0.78845370,0.76866150
0.85798013,0.89826912
0.90667236,0.84943604
0.87681073,0.81756449
0.34306243,0.24496280
0.84525555,0.76861268
0.82613045,0.85765803
0.92911339,0.90140927
0.83939636,0.84456784
0.84990031,0.91470444
0.87710512,0.92037565
0.86545491,0.85377020
0.90444541,0.79467213
0.90658611,0.94008398
0.76575327,0.65170592
0.84096164,0.91676092
0.74664265,0.90826541
0.67112440,0.60053039
0.73496133,0.76889235
0.66935486,0.65831244
0.89674920,0.86602229
0.90317380,0.93534577
0.74832189,0.86279762
0.80488956,0.94604290
0.66631907,0.39957401
0.27589729,0.24195077
0.78512090,0.93266457
0.82840657,0.80518061
0.73222458,0.72062546
0.83616316,0.78055555
0.59284717,0.56966841
0.93603832,0.92892653
0.88614798,0.95193678
0.43909451,0.38558289
0.79887021,0.90510201
0.88368392,0.89741594
0.47262639,0.37056318
0.90680122,0.89875025
0.88912630,0.86353403
0.83593285,0.83863795
0.86454338,0.93527162
0.67942137,0.75619966
0.91592818,0.92960197
0.46956608,0.44396770
0.67191631,0.70168668
0.58479190,0.83679587
0.70902157,0.69344342
0.86595893,0.89650995
0.68343812,0.60600597
0.92758155,0.99450552
0.46522403,0.51262629
0.93882227,0.95794207
0.87200809,0.94287515
0.81983632,0.83426428
0.88485044,0.86212325
0.88433510,0.94481504
0.70771110,0.85546035
0.58525193,0.60193843
0.89802724,0.86465520
0.70037258,0.69813317
0.57025665,0.64303428
0.41753218,0.53717440
0.57738531,0.84272724
0.54385793,0.54914093
0.73056364,0.78872246
0.89675122,0.90750098
0.93819314,0.96502912
0.67675495,0.54791605
0.20041572,0.28604645
0.89264774,0.88689107
0.80296552,0.63084817
0.70009297,0.81448370
0.76155609,0.84798652
0.84203780,0.81720990
0.66673279,0.61100036
0.53895456,0.37871712
0.90617019,0.93508095
0.80800813,0.95268255
0.61213219,0.63884330
0.93342340,0.91655874
0.33148435,0.18856642
0.67483133,0.43263334
0.39718997,0.22155657
0.89855069,0.89042938
0.40247113,0.45910111
0.80593413,0.73458838
0.91781288,0.89012313
0.71180373,0.83894086
0.93182909,0.95038587
0.83658648,0.79125559
0.72773117,0.82203388
0.86018008,0.82721812
0.84685218,0.92786938
0.24887164,0.23721561
0.78473312,0.80576110
0.83323652,0.80829614
0.40651348,0.37508041
0.41786844,0.39418384
0.86736178,0.93737882
0.76844364,0.72736418
0.92365319,0.94878781
0.94082409,0.96307963
0.26430690,0.23443674
0.90937245,0.95625705
0.50793177,0.32948253
0.35173261,0.33280957
0.81162590,0.92866290
0.57823420,0.59002978
0.85848445,0.86577785
0.71211618,0.67957091
0.37370649,0.37083334
0.31184965,0.30060565
0.86756891,0.88114440
0.81256109,0.86221063
0.87611002,0.92929351
0.92838329,0.94755554
0.74756753,0.93284994
0.78664178,0.79547930
0.92237484,0.59764564
0.14890362,0.18849500
0.58930171,0.45049426
0.48322511,0.73779058
0.78437275,0.74086756
0.87998849,0.90647060
0.81936276,0.87305856
0.79280174,0.78616065
0.88143641,0.81487179
0.80015099,0.88617051
0.69879347,0.94964349
0.84272128,0.88360649
0.76381671,0.69574910
0.85862172,0.92451078
0.81170404,0.87648630
0.83054471,0.66000003
0.82397938,0.86680472
0.90239930,0.92136472
0.85106289,0.98305082
0.82672614,0.85917401
0.86397582,0.85643667
0.93763596,0.97607863
0.82745320,0.86778843
0.17283398,0.11444855
0.58337408,0.66009390
0.54817116,0.31722808
0.54301870,0.52303976
0.78915703,0.81928641
0.91757053,0.92797798
0.37892658,0.52903360
0.77746117,0.57935721
0.89934248,0.84517330
0.62324584,0.61519480
0.90951592,0.92339206
0.47275621,0.37234765
0.34261233,0.34595588
0.95394081,0.97681099
0.87002844,0.92441779
0.32287329,0.26586309
0.91911900,0.93525636
0.73583120,0.87356466
0.66695362,0.76463962
0.83667117,0.83113098
0.83669466,0.81653941
0.78580648,0.74366540
0.36449543,0.74915254
0.20710325,0.15166023
0.86546612,0.93917751
0.81545633,0.57265884
0.79232502,0.72574067
0.85142606,0.96226418
0.69801992,0.53176051
0.91861194,0.91369045
0.75460351,0.91626227
0.77816743,0.78528452
0.82188582,0.89729768
0.70402068,0.58861798
0.55725539,0.73949623
0.58542228,0.33631712
0.69898778,0.65859860
0.95292348,0.94795454
0.92251247,0.90801525
0.80236900,0.82967067
0.31830987,0.30645886
0.55526775,0.50251269
0.76189059,0.57917917
0.95629352,0.94779015
0.51127338,0.41248873
0.46931386,0.48412770
0.88387346,0.84244376
0.90179449,0.96799999
0.81271964,0.70853096
0.31191412,0.34913969
0.72311962,0.74974638
0.44756076,0.58547497
0.84371537,0.89215314
0.70962352,0.78218085
0.91113931,0.93565577
0.79783750,0.78867966
0.92630428,0.96692306
0.21318968,0.26499084
0.13655604,0.19875507
0.89955318,0.89975178
0.63628429,0.64754456
0.93088514,0.95454317
0.58265716,0.42990908
0.81560957,0.87952393
0.74926370,0.80987573
0.73249614,0.68158633
0.91696674,0.96209157
0.62946033,0.77735543
0.88945460,0.91145277
0.84284228,0.89309311
0.54971427,0.53292096
0.92267191,0.96157050
0.76863128,0.87500000
0.77989763,0.82282609
0.75133187,0.91638511
0.63087308,0.58630854
0.90613067,0.93979931
0.75136858,0.59177703
0.78400886,0.89854771
0.80941647,0.72432882
0.76264536,0.63698202
0.91710609,0.93027323
0.69530934,0.56061918
0.84227180,0.77020580
0.49908733,0.42132545
0.83990598,0.94683260
0.91223568,0.90500355
0.93620330,0.94230771
0.73170477,0.65608561
0.66058785,0.74019837
0.76149094,0.70291167
0.29579973,0.44576421
0.65751398,0.90727490
0.86019045,0.94602466
0.39967442,0.33775628
0.88222528,0.95109040
0.90088242,0.91905427
0.50887716,0.50566500
0.81615400,0.90048444
0.57939404,0.59053195
0.94515491,0.97306174
0.70691699,0.75476748
0.30087295,0.33456340
0.87151039,0.96128732
0.86656684,0.81549895
0.82586396,0.85439688
0.76496655,0.85401893
0.80835181,0.85075760
0.95394814,0.95165145
0.93440336,0.92686504
0.34654653,0.48505858
0.93708044,0.95390511
0.78539753,0.80599838
0.81747860,0.90769231
0.76952267,0.79080892
0.87758374,0.90397990
0.58502841,0.36405113
0.88763827,0.87470949
0.90162849,0.93694389
0.66524553,0.79691780
0.82303250,0.78330952
0.88844168,0.96805274
0.57034856,0.76921332
0.91060561,0.93607086
0.72935832,0.72216403
0.81483781,0.94570917
0.65446931,0.78358960
0.11637937,0.22785492
0.11053167,0.30344516
0.92497915,0.97201425
0.92925256,0.92996705
0.47283542,0.49853569
0.79035348,0.71849275
0.83032572,0.95070422
0.86244637,0.88003707
0.71451294,0.83245796
0.72003895,0.69407368
0.95139956,0.97383201
0.83532751,0.84758884
0.92904896,0.91683120
0.90199322,0.84386200
0.91363668,0.90087718
0.69421935,0.79504013
0.90161616,0.90407240
0.90683585,0.88486165
0.54307431,0.47393841
0.86675167,0.81459248
0.82098734,0.65215379
0.67077976,0.70029688
0.81625497,0.76731455
0.62677205,0.65735173
0.83796734,0.87525922
0.51616937,0.51220894
0.86235958,0.79191267
0.90092516,0.83404255
0.93685228,0.95983928
0.35975230,0.36042839
0.83387059,0.80392855
0.88914996,0.85172158
0.63162541,0.72687620
0.87174278,0.92983389
0.91543543,0.95673680
0.89898932,0.95630878
0.85999811,0.97462410
0.91614443,0.89845413
0.82971370,0.79668605
0.92795867,0.88697374
0.84169632,0.86759579
0.81256104,0.88792294
0.92381001,0.93200159
0.90194148,0.93097031
0.88636208,0.85191262
0.38306230,0.43764684
0.91064095,0.95304269
0.95711821,0.92646158
0.25676361,0.39971015
0.79106951,0.67215383
0.26667139,0.25180703
0.82100070,0.81518060
0.90491623,0.86124969
0.86774945,0.81611842
0.72019625,0.84769130
0.60901314,0.50645941
0.04682603,0.08762792
0.19002450,0.21655035
0.83894908,0.88651985
0.77760899,0.83152914
0.86030596,0.82580411
0.54388356,0.56879222
0.65867829,0.51782811
0.94295651,0.92928571
0.75975275,0.61852694
0.84505540,0.87166262
0.58891279,0.56360048
0.86648154,0.86212993
0.76193434,0.78719491
0.26740342,0.27508554
0.82409370,0.04841315
0.76242918,0.80169010
0.62975889,0.68397969
0.92646652,0.91978264
0.79488879,0.94484937
0.37263152,0.38727298
0.71619385,0.90857321
0.81063330,0.89265734
0.04151307,0.06653640
0.85769194,0.89169848
0.87391484,0.90864319
0.95264143,0.94609249
0.89989519,0.90433514
0.66331559,0.75037980
0.65774894,0.76231754
0.79468989,0.80713177
0.50459188,0.62611806
0.42300946,0.40342155
0.82954699,0.91816008
0.84450829,0.88266206
0.41628450,0.33628988
0.28160337,0.30961546
0.93091840,0.87369770
0.79680890,0.84653473
0.78306508,0.76207525
0.41689774,0.72625697
0.74793136,0.83388489
0.65500200,0.68317592
0.84062058,0.86365926
0.83510816,0.74751997
0.88635796,0.92639738
0.82374144,0.96173269
0.86950755,0.93501294
0.22564472,0.25788260
0.88442713,0.88248795
0.19806480,0.27713567
0.34445274,0.23388544
0.71891916,0.88203245
0.65133053,0.22875798
0.53212541,0.45881549
0.39280778,0.37987551
0.73384362,0.68915665
0.64333385,0.52350962
0.88662010,0.90397918
0.75860292,0.75808090
0.84723777,0.92827880
0.79544771,0.66389322
0.90236658,0.74797606
0.49474412,0.61400348
0.82786125,0.87679505
0.88275850,0.85100001
0.79126352,0.76419407
0.66297156,0.70871383
0.39382216,0.37168610
0.29646337,0.25433421
0.37090304,0.55558765
0.27664289,0.37943745
0.73812371,0.70826066
0.64942586,0.68231523
0.86866152,0.83614987
0.54172176,0.66354609
0.55460674,0.56455427
0.90385222,0.91570240
0.88018996,0.94852942
0.71810752,0.87019229
0.73722774,0.67060351
0.86314315,0.87860221
0.37160346,0.43408552
0.88126999,0.90430224
0.58661652,0.47454759
0.62410545,0.51738435
0.37130111,0.49768543
0.89491475,0.91897058
0.67396563,0.75338256
0.21548446,0.33257172
0.79751831,0.89344037
0.88702136,0.91629022
0.70456237,0.73072940
0.79536545,0.88801169
0.34087774,0.32324985
0.86190665,0.94017380
0.44338682,0.62384528
0.70144600,0.81833214
0.86425370,0.89733124
0.84921324,0.93570572
0.70894867,0.80914003
0.69473416,0.67290825
0.61476064,0.72541469
0.91457957,0.97580647
0.70564872,0.73941207
0.94527417,0.92059553
0.92079335,0.89386451
0.92526001,0.90226364
0.87105244,0.93188852
0.83055055,0.92187917
0.89525121,0.82926828
0.94735759,0.90646851
0.62167579,0.59047621
0.64347708,0.65952832
0.81562912,0.79450709
0.77967578,0.90077573
0.52406788,0.55291277
0.69641578,0.79394019
0.94766337,0.94914114
0.78885168,0.85851353
0.60550082,0.66111636
0.50471479,0.68265980
0.75513887,0.79583335
0.91269749,0.91269839
0.63746214,0.28492424
0.75770873,0.65308434
0.50616908,0.60615385
0.81542277,0.82792622
0.83073109,0.82487172
0.73042959,0.79496950
0.75978339,0.73055607
0.81669569,0.87011999
0.91173804,0.92416620
0.83357179,0.74605095
0.89891815,0.91570044
0.74943233,0.91728526
0.93650240,0.96706986
0.17459594,0.23533912
0.56906712,0.62380713
0.95565873,0.96905977
0.90901524,0.78756368
0.90666366,0.89470923
0.73807847,0.71027851
0.87570781,0.89061230
0.95151830,0.91687191
0.95274681,0.93857831
0.81266046,0.83492053
0.68895811,0.50351262
0.41608614,0.45799181
0.56925899,0.71102941
0.74573958,0.54235274
0.81865627,0.90381426
0.80679554,0.85565293
0.93165267,0.86322647
0.15275611,0.17943865
0.86912090,0.91248631
0.56146002,0.66569257
0.76115066,0.79492009
0.91683638,0.85245121
0.82856643,0.81559318
0.26834762,0.41204482
0.75294024,0.82869667
0.55768681,0.57735616
0.71320105,0.94763815
0.77770734,0.52567416
0.38824797,0.27283254
0.84941608,0.77820754
0.83093482,0.80371416
0.78231239,0.64583331
0.74617261,0.69887793
0.56193823,0.70807451
0.82606131,0.92517263
0.31236130,0.36639267
0.92988521,0.92623454
0.69647610,0.75976318
0.94251490,0.94687277
0.62226373,0.66178685
0.75998896,0.86329669
0.87602639,0.96053946
0.91829741,0.96490383
0.82934457,0.76452470
0.01648135,0.04907224
0.71213001,0.73474181
0.82316047,0.84605688
0.78148961,0.80925405
0.90193290,0.83467120
0.77627993,0.87336600
0.71680975,0.80581552
0.37662899,0.29188052
0.82343024,0.90178400
0.89518362,0.96808511
0.93221462,0.90359366
0.86253792,0.94184738
0.37762791,0.37508628
0.64357275,0.57276696
0.29550371,0.31777900
0.78184402,0.72867787
0.34774056,0.45838079
0.92479253,0.96690059
0.75072342,0.76967627
0.91752720,0.84325379
0.71438342,0.77817506
0.58346683,0.78527069
0.88097030,0.88919914
0.66951984,0.47211823
0.74644864,0.81373334
0.80041134,0.92434543
0.88779831,0.90702969
0.38489145,0.36060503
0.68307447,0.79690802
0.88379574,0.90548658
0.89032990,0.74968606
0.75455201,0.85537040
0.91237962,0.94372815
0.67260128,0.63958174
0.20091331,0.29538941
0.82959431,0.87087911
0.81225979,0.78552634
0.84438223,0.80993885
0.69331026,0.64122051
0.53851521,0.90967745
0.92725164,0.94041324
0.66171128,0.66906327
0.90782404,0.85280538
0.77632028,0.77713078
0.88255429,0.90087938
0.40073508,0.36320755
0.62356555,0.80348140
0.44312066,0.45288461
0.69096410,0.80483484
0.75517094,0.66613168
0.43303257,0.45424199
0.82733250,0.80536550
0.60221517,0.58970314
0.90898824,0.86410403
0.89655060,0.93724263
0.81584984,0.79350895
0.93535513,0.94241124
0.80955446,0.09493448
0.73340726,0.70093668
0.90064275,0.91849816
0.47035730,0.77214825
0.89711833,0.91477275
0.27460799,0.19832759
0.82249546,0.77344030
0.91708231,0.81774193
0.58062911,0.74101347
0.79153621,0.79667425
0.39063409,0.39893100
0.74264884,0.75262189
0.95754814,0.97436619
0.64779484,0.58208001
0.94817775,0.85481483
0.66360003,0.65468109
0.84274727,0.92648536
0.56624985,0.74169868
0.94037443,0.96470946
0.22631736,0.14268395
0.87650895,0.85882354
0.93017000,0.96330440
0.82137400,0.82924050
0.80511892,0.77595627
0.49806476,0.44452891
0.78566039,0.84760499
0.56160820,0.63616735
0.86397928,0.75533837
0.82388151,0.77235162
0.93199074,0.92451161
0.46950051,0.52540648
0.81599158,0.87541831
0.82148337,0.86324370
0.90580678,0.92401743
0.89550424,0.79488355
0.77950060,0.81569493
0.91417331,0.91648656
0.64862347,0.78724122
0.69740433,0.81261754
0.88692063,0.89749157
0.78764480,0.54038197
0.66419744,0.41161060
0.28920507,0.27785650
0.84781480,0.83435541
0.94018024,0.93596226
0.65154457,0.66906357
0.15486889,0.09331770
0.56374121,0.70543820
0.58827692,0.39207914
0.60366017,0.66717333
0.81628984,0.76567328
0.88304138,0.87568682
0.94751674,0.93506479
0.60739720,0.70934904
0.88386863,0.90208632
0.44650921,0.35040271
0.77131796,0.85967463
0.87911552,0.82354587
0.75850821,0.61100799
0.65967935,0.69261646
0.91691309,0.92561406
0.68048269,0.67673612
0.92054850,0.86098039
0.92626351,0.97058821
0.75478786,0.73329091
0.47244763,0.55677921
0.67664558,0.68556148
0.95087761,0.90425187
0.90242779,0.93237972
0.85905391,0.92176437
0.71391666,0.75551468
0.91698599,0.94066691
0.87590307,0.91112089
0.81091076,0.79359227
0.58178741,0.65434331
0.58274633,0.66588682
0.79992217,0.88086140
0.81860018,0.86908519
0.92678475,0.92590219
0.44483215,0.27918723
0.61570847,0.75859374
0.42889947,0.60708481
0.81894982,0.88536286
0.74576366,0.82017541
0.87941283,0.85367477
0.51642978,0.29310322
0.84278077,0.75720918
0.83501416,0.84809572
0.88625973,0.90018588
0.77460665,0.90471417
0.76539391,0.83271801
0.87418514,0.92495608
0.84816438,0.80089670
0.65742356,0.62819201
0.73785204,0.87680167
0.31996298,0.18476626
0.55941242,0.65500969
0.90745527,0.86213160
0.91096801,0.88749844
0.74296165,0.68462902
0.80320299,0.60758698
0.48171577,0.44687781
0.58454138,0.54361302
0.78093028,0.89737171
0.30860758,0.33808678
0.92884427,0.93352044
0.85862577,0.88174605
0.73423386,0.67734772
0.64956087,0.60252136
0.54413170,0.47512907
0.65293872,0.71401262
0.88777012,0.85995477
0.72210813,0.70470148
0.61583984,0.72416669
0.89609385,0.92451495
0.88513988,0.89092827
0.58502525,0.48940939
0.95032382,0.85253119
0.76976728,0.72226584
0.77778852,0.82371795
0.72116232,0.72313339
0.68476808,0.69491524
0.39240003,0.28302512
0.86428177,0.66316849
0.79116166,0.78918386
0.80589980,0.86122358
0.63260567,0.61486304
0.93415344,0.93851012
0.85708129,0.86617076
0.24636251,0.21854033
0.90330911,0.86709678
0.62548155,0.44594145
0.72312093,0.70934421
0.80142730,0.57563108
0.71750325,0.84181809
0.86612940,0.89143956
0.40754521,0.33776334
0.90166926,0.88076925
0.54377592,0.62833571
0.67132330,0.65507013
0.43396413,0.54255599
0.93941879,0.94780439
0.82758498,0.84815168
0.90472114,0.96512538
0.92735815,0.94533569
0.18505970,0.13820100
0.49968669,0.63128549
0.90104824,0.87087184
0.81577587,0.77670741
0.66671515,0.57333332
0.70772851,0.73601484
0.66758269,0.60244495
0.92982316,0.93458170
0.82183611,0.74855393
0.82215768,0.85432756
0.93023777,0.90358436
0.58808577,0.36324245
0.89980179,0.90914899
0.39577881,0.23429488
0.66516674,0.67422217
0.86083835,0.91130614
0.81944215,0.86633402
0.44067037,0.45963559
0.85247242,0.93364704
0.89065504,0.90337920
0.85547525,0.88635087
0.82574433,0.86596137
0.12315139,0.14238474
0.71554863,0.67353058
0.77948362,0.65959710
0.74596691,0.68902355
0.94503480,0.94130772
0.92589092,0.93890327
0.75191522,0.83010000
0.80045849,0.76870990
0.73436326,0.78508079
0.23986375,0.20129573
0.70405155,0.73593277
0.68765640,0.69652408
0.92087817,0.89276779
0.95646322,0.95815170
0.76309621,0.85358393
0.82825524,0.95081967
0.71721178,0.87386876
0.90621650,0.92785192
0.88506836,0.82240474
0.65903348,0.51847291
0.47553131,0.54570955
0.89278370,0.91483933
0.90347928,0.96159512
0.90808034,0.91969699
0.87859446,0.77557325
0.92963779,0.94213098
0.61669350,0.59547079
0.55890816,0.63316905
0.88745874,0.85747862
0.87363112,0.88942462
0.71481884,0.76581365
0.86404431,0.92413795
0.92005438,0.86388087
0.82376856,0.90184408
0.88452584,0.94159889
0.53617525,0.47769994
0.49782938,0.51582682
0.72758353,0.65855271
0.64458179,0.55837613
0.66606313,0.86041665
0.86912531,0.81261653
0.65817070,0.64788085
0.89377904,0.90757883
0.62734157,0.68867254
0.30266723,0.27033615
0.85569882,0.86742425
0.90211511,0.95296687
0.87378776,0.87668997
0.70149219,0.70405483
0.92014283,0.90872830
0.28648147,0.26891235
0.32649967,0.28844616
0.92132503,0.93867528
0.91474152,0.95836520
0.93211156,0.85400099
0.59039366,0.64777327
0.86589992,0.94413793
0.22409008,0.58318377
0.82268888,0.87031418
0.89806741,0.90730679
0.86700314,0.89260840
0.85804129,0.85858172
0.60042554,0.44202900
0.27909836,0.22620282
0.90792042,0.93948317
0.90201092,0.95407110
0.87738431,0.85167789
0.43245703,0.31044713
0.54392207,0.53255486
0.68472171,0.65804696
0.44435483,0.71916008
0.84524292,0.82708436
0.80479991,0.90111095
0.88263339,0.88809043
0.44906211,0.61163920
0.52922297,0.29148528
0.83988267,0.84470338
0.75172520,0.76190341
0.67674917,0.67272520
0.89550853,0.96080023
0.80740291,0.93525702
0.90483582,0.96389180
0.69875532,0.64065313
0.79406708,0.72689146
0.87742585,0.77282280
0.56270510,0.57794201
0.12374311,0.35547245
0.80437875,0.93001091
0.88294202,0.76111454
0.39851391,0.52020627
0.16598171,0.17866541
0.70224619,0.69835669
0.56589556,0.33899325
0.70679188,0.67985255
0.93365240,0.92778361
0.12031544,0.10347844
0.78991038,0.86087668
0.88756758,0.91655713
0.59558553,0.68643981
0.74580890,0.61396575
0.67987913,0.78740156
0.83159161,0.83333802
0.47619104,0.77130038
0.87644231,0.94031703
0.84469426,0.91185915
0.87999427,0.83411217
0.42640659,0.89218092
0.73595190,0.73265839
0.93409258,0.94374889
0.90343326,0.89110535
0.56164950,0.51438850
0.72744560,0.74140918
0.67696905,0.72272569
0.25551370,0.25613412
0.87756008,0.91926461
0.66936177,0.67595762
0.30624485,0.35258478
0.69001210,0.75138831
0.90577495,0.97033179
0.77688855,0.56723893
0.15637375,0.06769641
0.88066566,0.90299064
0.63757044,0.75866234
0.50026351,0.55458927
0.61158103,0.64275974
0.71167535,0.78007442
0.91867077,0.93749142
0.29005075,0.33064476
0.17320426,0.13935617
0.78861690,0.76309842
0.87160826,0.70236617
0.78238368,0.82342285
0.87340885,0.96078664
0.77269918,0.61427450
0.70832419,0.86798906
0.81425816,0.94516754
0.76179433,0.86344659
0.88098717,0.78021848
0.83954185,0.88256192
0.89294505,0.92800957
0.64610696,0.70984000
0.15246753,0.19401021
0.93735129,0.93364310
0.82571417,0.85556608
0.86412549,0.82829678
0.76760614,0.86018974
0.90585369,0.93216723
0.81957841,0.83884478
0.88749689,0.91721135
0.82098645,0.85417455
0.56257170,0.44195944
0.71087998,0.63091153
0.92199332,0.92968750
0.92927104,0.98076922
0.94223851,0.93113101
0.93812621,0.93695152
0.62518692,0.59340662
0.75322187,0.75494677
0.66610968,0.56511414
0.69533688,0.59271789
0.66224128,0.57225901
0.63104701,0.63688868
0.78868347,0.85099202
0.36206254,0.51166642
0.83077157,0.86235178
0.88021356,0.71102273
0.72390503,0.74606460
0.63452351,0.90601236
0.71197939,0.82942766
0.91314727,0.95560515
0.22558899,0.17277816
0.45935950,0.41530049
0.23578872,0.35408485
0.78481001,0.86810982
0.84426069,0.87404394
0.78923762,0.84020394
0.90441066,0.88895178
0.86288464,0.88835049
0.72328609,0.75410956
0.20195839,0.19355844
0.70102322,0.70774949
0.85700673,0.79755753
0.97211027,0.94196790
0.67366624,0.53551751
0.78674906,0.69441104
0.85215962,0.74720901
0.47086644,0.80436713
0.76769710,0.90191597
0.72096944,0.81031436
0.40609628,0.57670254
0.44741324,0.37342286
0.91303068,0.90213126
0.87315047,0.91887301
0.13759442,0.21821387
0.86369520,0.84253246
0.81671005,0.91629750
0.75831109,0.85547787
0.29831147,0.17727028
0.85169518,0.76651859
0.67967272,0.61042839
0.37145826,0.57232702
0.69911718,0.77196455
0.43776661,0.31979588
0.91796333,0.94718504
0.87284428,0.82682014
0.82045192,0.79161072
0.89059711,0.92636448
0.88790333,0.87543857
0.68786937,0.73408186
0.87260789,0.91348845
0.83791196,0.83029968
0.64400655,0.54387695
0.41002581,0.09005424
0.88294786,0.93725491
0.84251451,0.89542693
0.79919499,0.90824288
0.78395361,0.68916667
0.78673697,0.75555056
0.88740975,0.88198572
0.81472576,0.78076386
0.73879498,0.90701753
0.88315767,0.81612223
0.88367587,0.93109173
0.79842746,0.63605124
0.15509468,0.22940685
0.68005854,0.68094826
0.11439846,0.09789793
0.61616397,0.55041182
0.79424083,0.66631186
0.49675322,0.38241181
0.53779143,0.58136481
0.22904468,0.14239281
0.47771204,0.41961285
0.71245170,0.67160743
0.89454347,0.81496948
0.91453922,0.94230771
0.62730044,0.54797554
0.18615496,0.22549520
0.90447146,0.88494551
0.83933228,0.87281960
0.86266720,0.79909480
0.92566329,0.97513658
0.77464706,0.87907219
0.90782529,0.82881582
0.42171440,0.28370300
0.66259575,0.50191200
0.54753113,0.55876905
0.81531769,0.84394497
0.76392579,0.86643320
0.88889605,0.88522571
0.91547090,0.92619932
0.73182809,0.62764049
0.86833954,0.83414376
0.74703634,0.59026688
0.88541204,0.88969105
0.86628675,0.87930161
0.64207429,0.64108753
0.78441817,0.69405240
0.73769641,0.44936466
0.65315807,0.65328610
0.37242723,0.35587573
0.87654442,0.92472613
0.87428361,0.89193571
0.88168114,0.91976273
0.68707144,0.56158555
0.87998831,0.93181819
0.86420286,0.93839288
0.88467127,0.89677179
0.60278064,0.61343890
0.71944523,0.64621210
0.80639344,0.93771851
0.68943918,0.64251715
0.85179186,0.80676502
0.88796049,0.92940140
0.22236459,0.56573516
0.77675998,0.83414179
0.69972146,0.61239034
0.94319856,0.94537038
0.66967738,0.89517760
0.81062299,0.84082633
0.93766814,0.95478034
0.80613303,0.82629454
0.89064747,0.90221554
0.71457517,0.71525139
0.69280392,0.65284371
0.76482987,0.88858747
0.60693890,0.34324324
0.86214811,0.92129201
0.35296845,0.52965587
0.76507735,0.85662329
0.68204844,0.62984276
0.67512697,0.84014910
0.61553776,0.67456281
0.83591288,0.81367642
0.80191904,0.87737381
0.75814152,0.71979111
0.72499776,0.60012245
0.76715386,0.80896324
0.61621982,0.79903263
0.84252214,0.84898800
0.78443658,0.89979094
0.62335747,0.54217803
0.89662361,0.87184513
0.43763810,0.35023639
0.89087164,0.86972600
0.93520141,0.93309766
0.87194580,0.42963848
0.92542034,0.95238096
0.90141022,0.90292448
0.37225223,0.59359169
0.89702231,0.84764689
0.87089735,0.93941593
0.59534353,0.54642147
0.57013726,0.46075755
0.84578568,0.78745866
0.93745899,0.88140428
0.86793542,0.85532874
0.83922118,0.87586004
0.35367024,0.41097781
0.68803388,0.81294906
0.66153169,0.69873011
0.77866763,0.76341772
0.34940234,0.41939652
0.94539732,0.93331707
0.31963208,0.38063678
0.72047937,0.81461120
0.86193871,0.86356544
0.86028183,0.81888497
0.77552533,0.70126402
0.82318908,0.84600532
0.75850785,0.71799242
0.52269918,0.80576766
0.08233351,0.11573371
0.10798177,0.14471753
0.16315441,0.27370870
0.26582107,0.21802193
0.82597625,0.86745286
0.82641321,0.91761792
0.49097326,0.55567831
0.40095657,0.08684523
0.93738681,0.90174997
0.89701349,0.97752810
0.73588049,0.50587827
0.92005622,0.95787656
0.77057421,0.82811010
0.63464528,0.58943623
0.77177721,0.84034121
0.64328802,0.72468823
0.54705429,0.41787943
0.59406459,0.67524695
0.83679199,0.88715434
0.83312541,0.85143358
0.75687993,0.76572299
0.84250033,0.73267573
0.56525958,0.41130349
0.42056128,0.41253459
0.53673393,0.42333701
0.77005148,0.80225331
0.36686009,0.37073177
0.86374182,0.89083129
0.93985623,0.92635638
0.80284363,0.90638530
0.95406228,0.92786336
0.88832390,0.88932884
0.88401830,0.87222224
0.79513174,0.76081729
0.90374827,0.84429973
0.82451409,0.86156839
0.60304940,0.45977011
0.91958481,0.87298405
0.55420357,0.47832707
0.61748630,0.52225542
0.77625293,0.79806578
0.85792631,0.88583738
0.82186776,0.87263954
0.61142731,0.70811111
0.85461301,0.81082720
0.70569944,0.75315470
0.46580273,0.55298787
0.88428336,0.86960250
0.86429286,0.89337331
0.24060206,0.29517210
0.36588547,0.38227704
0.81726551,0.94754153
0.85285592,0.89941752
0.71856236,0.72067940
0.82212818,0.92671192
0.71228576,0.72892541
0.37693977,0.40477979
0.53070313,0.49698871
0.62448955,0.22254266
0.87367654,0.91021466
0.66115296,0.75062531
0.91304117,0.89143640
0.89561492,0.92778337
0.90832448,0.84831065
0.78072590,0.81224483
0.64411843,0.76156652
0.85983926,0.82895660
0.56811476,0.54846936
0.89451903,0.93164825
0.57032973,0.79267889
0.29732347,0.17075326
0.44037890,0.27600297
0.92433172,0.93757331
0.78288674,0.71526593
0.68806875,0.66985452
0.62199634,0.41604635
0.82573527,0.81719166
0.20916389,0.21320389
0.76515549,0.72617304
0.94911855,0.94099051
0.70586807,0.75108284
0.53553772,0.46733695
0.09468373,0.10089324
0.96924061,0.94463146
0.70410824,0.74892473
0.80741310,0.84465814
0.55296159,0.58803153
0.82200468,0.78171647
0.82182646,0.86781013
0.29624996,0.48348597
0.83651686,0.89264327
0.52908045,0.50515997
0.90974486,0.91790068
0.35588577,0.32206389
0.83917296,0.85796642
0.68840373,0.50573266
0.24043435,0.20284900
0.92665416,0.87166619
0.90735722,0.93390751
0.90607041,0.99810249
0.63109231,0.66365343
0.57421923,0.42079458
0.79017699,0.71060944
0.86227846,0.93063945
0.70486259,0.73101854
0.86346525,0.95595813
0.77210110,0.61693120
0.72893178,0.85039145
0.94266361,0.96496212
0.39528534,0.24882154
0.85916913,0.92705601
0.82510507,0.88428366
0.40849259,0.38980940
0.82252401,0.93256634
0.86304808,0.83937222
0.74715704,0.72542518
0.74305600,0.67465597
0.63540345,0.82082480
0.89780742,0.90278625
0.89061707,0.89822596
0.70734811,0.68520772
0.53665888,0.38532355
0.57775116,0.48704740
0.83191335,0.83126938
0.36478475,0.18162036
0.90063286,0.90208477
0.84092993,0.77817488
0.83351296,0.97225618
0.16195633,0.19789402
0.84245032,0.89963681
0.94789100,0.94377440
0.88402706,0.85839826
0.63828427,0.61078435
0.48257205,0.61413044
0.91130352,0.93711191
0.85740876,0.76545084
0.94713938,0.97058821
0.27755773,0.36443609
0.46284303,0.36312521
0.83944833,0.76708263
0.45111555,0.52937502
0.89894176,0.79024607
0.83803749,0.89081454
0.86893237,0.86110950
0.67013395,0.75369942
0.30851007,0.35006940
0.96032917,0.94548410
0.83335334,0.66498518
0.84801286,0.81830639
0.84312779,0.82892108
0.79800755,0.88184768
0.35809332,0.27616072
0.88852686,0.79850364
0.90593243,0.89065719
0.88800591,0.93086231
0.91130006,0.72998244
0.85001314,0.84679800
0.47342414,0.21632653
0.27779284,0.33326069
0.25067002,0.19183815
0.67416608,0.48743087
0.93070209,0.94407952
0.88117474,0.89401984
0.89552879,0.81552893
0.83967662,0.92807019
0.86845028,0.78325993
0.83070445,0.86732459
0.73910159,0.77313966
0.81682068,0.77454948
0.65063894,0.74046820
0.88227177,0.85392076
0.75533354,0.83129698
0.84214002,0.83756614
0.93386579,0.93528140
0.83810854,0.88186926
0.66358501,0.79381973
0.77672738,0.69688696
0.95754373,0.91922879
0.89503539,0.92652273
0.85788888,0.84664577
0.76030439,0.76540387
0.83992034,0.89585638
0.90499473,0.93859649
0.23904996,0.32080314
0.77421063,0.77245408
0.90897632,0.91573280
0.63160002,0.64191377
0.75611258,0.85057473
0.11124314,0.14787246
0.90922087,0.84416056
0.76676893,0.79087746
0.80952686,0.89317387
0.65842175,0.64391613
0.81805807,0.88299233
0.53257823,0.43194795
0.60425079,0.67963105
0.64896578,0.65176547
0.73074704,0.82643163
0.78356045,0.75226355
0.81093812,0.75716102
0.50102228,0.44025022
0.70960176,0.60747039
0.88803107,0.78223419
0.83473265,0.86879975
0.78919107,0.76255196
0.91135311,0.88927275
0.91285402,0.96808511
0.55820096,0.54241073
0.80276835,0.75661653
0.30155084,0.09863760
0.49964619,0.55715907
0.78472281,0.73624593
0.83924174,0.79540890
0.56977522,0.71696526
0.71686792,0.59149587
0.90503681,0.93978560
0.87600845,0.96419412
0.70470667,0.69525450
0.86124188,0.49738893
0.80713749,0.76723981
0.94199485,0.95720690
0.90135133,0.90099812
0.90060723,0.95794469
0.19767138,0.30288059
0.64350563,0.71082675
0.86308187,0.86419159
0.73507476,0.65958905
0.88967353,0.85815513
0.70289737,0.74333793
0.67053652,0.66988039
0.62576753,0.71070814
0.75486475,0.94148535
0.56274432,0.81313258
0.82784927,0.79290372
0.65994126,0.64735752
0.81062472,0.79436970
0.86895388,0.87596530
0.90382904,0.87224531
0.91144145,0.95764995
0.30919817,0.36092472
0.70038080,0.62922239
0.91972387,0.92874461
0.76013774,0.74860299
0.64065832,0.70526314
0.81767917,0.89749998
0.34150606,0.37449864
0.93426681,0.95026022
0.68006170,0.32028005
0.55120260,0.64425415
0.88422376,0.96162230
0.85167336,0.76695514
0.77531546,0.77394414
0.47683761,0.63053328
0.86200261,0.95596242
0.82492065,0.76823986
0.75460398,0.75105363
0.40033960,0.32566988
0.75043780,0.68333334
0.53266686,0.69332433
0.08555456,0.08037448
0.79040384,0.89220911
0.88928908,0.96814519
0.86240602,0.84479272
0.79321796,0.79338527
0.86679268,0.94954646
0.49556330,0.43284315
0.88172555,0.69583505
0.92739660,0.89440757
0.29265559,0.36039910
0.29232556,0.35332921
0.82229632,0.68539518
0.70565051,0.74256802
0.65853792,0.48081312
0.61362541,0.53971231
0.81666577,0.72615498
0.94655341,0.92392248
0.91123748,0.96382010
0.65662968,0.73432392
0.86523670,0.86331171
0.82594490,0.78166544
0.89361089,0.89899069
0.61767870,0.76608050
0.85658598,0.86064786
0.68762869,0.82148719
0.48846290,0.58672035
0.93455422,0.93351567
0.20323749,0.42465344
0.37273592,0.68576086
0.44431940,0.52576363
0.78847861,0.70784760
0.83083433,0.53574198
0.88895160,0.91157508
0.86357021,0.74523485
0.92477345,0.91091871
0.78600019,0.82977635
0.68868536,0.81792766
0.82675797,0.88826263
0.65877622,0.72435689
0.71802527,0.75868577
0.52838016,0.67637467
0.80067658,0.99567723
0.95334041,0.92606348
0.67103273,0.57397401
0.86120605,0.90356058
0.82198763,0.71961153
0.70752293,0.79880536
0.56668061,0.50130612
0.90297246,0.93789756
0.88771713,0.95311296
0.76990187,0.81991476
0.78519505,0.72814614
0.65092766,0.71362889
0.82670557,0.83389235
0.79137695,0.83451200
0.85666853,0.78860199
0.77376747,0.73657191
0.87712568,0.84061986
0.78321773,0.94540530
0.81803584,0.80648643
0.19963159,0.31366667
0.82930523,0.84796661
0.69394392,0.73351729
0.51276058,0.54718840
0.92154932,0.88162988
0.67714137,0.81057250
0.86273253,0.92400765
0.62195605,0.57354552
0.87497121,0.87233663
0.44781291,0.50428438
0.56721282,0.13711420
0.37322736,0.32454872
0.83936179,0.89262384
0.95552504,0.96363014
0.17956936,0.19509904
0.91320330,0.99425286
0.66222471,0.72651094
0.58777285,0.60988230
0.44459134,0.60228240
0.85645258,0.88930732
0.90252036,0.86408865
0.56990731,0.34537953
0.87810344,0.84377444
0.93744159,0.90561378
0.12408752,0.13695097
0.38732103,0.50378859
0.79210025,0.74292064
0.87172902,0.79004449
0.33971339,0.24258862
0.69607556,0.86763489
0.93556762,0.94272786
0.91628486,0.87228262
0.88961232,0.93089473
0.75745392,0.82659674
0.65938556,0.56715345
0.40194809,0.43750000
0.59012312,0.64929664
0.79999006,0.87730443
0.77670413,0.87369418
0.95081413,0.93460876
0.76930463,0.83190787
0.90307951,0.93884945
0.89304924,0.93355179
0.86007351,0.68113589
0.86480528,0.92294228
0.88845313,0.92998475
0.64865583,0.72939563
0.91181135,0.81197727
0.91923493,0.93533128
0.67476934,0.66155618
0.83253908,0.83815289
0.54133379,0.64594233
0.53123742,0.42381462
0.47054705,0.33714616
0.14328547,0.19290447
0.81651521,0.88418782
0.66717476,0.52502614
0.19034326,0.22745098
0.86390710,0.81343281
0.36559677,0.29205781
0.91335416,0.87623543
0.68193769,0.67069441
0.76108533,0.84294069
0.90987253,0.93773043
0.79156995,0.81463414
0.89804029,0.94401836
0.89385849,0.86678141
0.84063321,0.87521613
0.48804072,0.57271230
0.48586962,0.53940362
0.72083294,0.71821153
0.85044563,0.91012084
0.58558887,0.47917229
0.86176258,0.98165137
0.86480969,0.91362369
0.86169165,0.85909718
0.55371130,0.54266471
0.87954491,0.91173846
0.90271223,0.90658933
0.89962941,0.86791629
0.92524225,0.95744681
0.76800030,0.58418125
0.78597522,0.82290292
0.89463609,0.87208658
0.80702358,0.74011052
0.51635438,0.60045093
0.84786224,0.83905226
0.69737411,0.65093398
0.88505846,0.90899503
0.65662217,0.69546163
0.36044532,0.74472129
0.82732290,0.88727701
0.76012826,0.73769182
0.70095783,0.73922074
0.66474867,0.76217532
0.92696738,0.93277627
0.76495457,0.83050299
0.92031920,0.90052283
0.17401578,0.21194558
0.21615525,0.17284226
0.90439391,0.77059960
0.87081331,0.91963649
0.77987117,0.89316058
0.91602850,0.86691087
0.90494776,0.93498981
0.80251867,0.82219505
0.57031357,0.58228850
0.78173912,0.70582694
0.95247030,0.95121115
0.81108469,0.86135387
0.50020540,0.56164718
0.32421589,0.30777812
0.84186286,0.91045171
0.86076045,0.89441824
0.81749523,0.84645456
0.83951813,0.94160479
0.92363113,0.91924030
0.88276309,0.90334094
0.60424596,0.61994076
0.63914341,0.40143004
0.78993380,0.81551468
0.68077689,0.78577238
0.27627507,0.20197700
0.73527664,0.66645622
0.58911347,0.78876680
0.82943696,0.89681494
0.95237464,0.90065694
0.80402058,0.84817350
0.64079458,0.47467282
0.69185656,0.79190505
0.41093343,0.28224444
0.59993005,0.76277483
0.84916627,0.91742486
0.76629174,0.83657098
0.77629125,0.82361144
0.84249169,0.68787706
0.73201239,0.91034049
0.89892256,0.96686637
0.69230306,0.61069554
0.91717398,0.83503401
0.68122596,0.69078428
0.88060766,0.91370666
0.84682554,0.84787780
0.85055614,0.90089047
0.77764410,0.82089055
0.91932106,0.80405194
0.90472943,0.93518662
0.96932185,0.97240955
0.83199215,0.84013987
0.82140231,0.87225527
0.89535910,0.92179430
0.89303535,0.92888987
0.26900491,0.45072746
0.84076101,0.85822284
0.85010064,0.85104918
0.70989054,0.76822382
0.86531556,0.82194221
0.65791219,0.59787560
0.82562876,0.84872788
0.80034828,0.83742207
0.31357932,0.34439981
0.93971592,0.93610096
0.31991839,0.26666668
0.60873562,0.62235463
0.47630191,0.60673052
0.35120124,0.18010005
0.85044169,0.84380031
0.83718002,0.92732280
0.81310534,0.83649731
0.81745666,0.90593380
0.68638021,0.70613438
0.89768380,0.92788690
0.42536083,0.48370764
0.81302971,0.81176519
0.65994143,0.77148271
0.89686096,0.96093750
0.90642732,0.90387791
0.86300910,0.84759659
0.85420138,0.89461780
0.91821176,0.94208241
0.91208041,0.95119363
0.92707598,0.90923703
0.88509357,0.98130840
0.57515907,0.56146836
0.88670284,0.91173589
0.51224768,0.50154185
0.59481674,0.58893472
0.13883193,0.14646147
0.54849970,0.50424671
0.36507770,0.41088435
0.40590006,0.29401568
0.37558556,0.48030955
0.16133808,0.07546584
0.75194687,0.74223316
0.65628952,0.87124062
0.91172415,0.91920114
0.73689049,0.74406934
0.92457122,0.92366052
0.65922618,0.64682537
0.62279773,0.60321188
0.55597377,0.37818581
0.72643155,0.62571734
0.90132749,0.91259533
0.74451882,0.72680253
0.73954505,0.66029036
0.84624439,0.87170118
0.80318624,0.76955587
0.90269196,0.93319839
0.75161535,0.85587108
0.56252325,0.58505511
0.86797142,0.96349204
0.52201968,0.61569321
0.64889175,0.69259226
0.66826153,0.66327536
0.90619135,0.91928649
0.93991488,0.95802468
0.93735969,0.90012270
0.91641861,0.90114379
0.33816189,0.20503296
0.17797390,0.35523197
0.34699142,0.26745707
0.86012948,0.90437460
0.80300307,0.63581181
0.58849263,0.61104149
0.86541361,0.93285304
0.66047132,0.81210190
0.40599898,0.47129482
0.80973256,0.81258750
0.40832379,0.45364729
0.87350708,0.98169702
0.72349495,0.78268450
0.41213632,0.61704546
0.92228460,0.88990861
0.86735409,0.97045207
0.67492706,0.70130837
0.91584408,0.89285284
0.57452297,0.62724870
0.66180629,0.56385195
0.45849085,0.25637975
0.78057784,0.79500234
0.77272224,0.69508725
0.56129092,0.63013417
0.92383462,0.98334062
0.56118888,0.69055158
0.86843908,0.92383808
0.88764673,0.94218361
0.85798556,0.86891854
0.87910050,0.86367422
0.53691870,0.51754659
0.66489249,0.78297937
0.91987616,0.93371862
0.89259160,0.90143776
0.82771438,0.91566491
0.24407123,0.30468205
0.60721368,0.56979698
0.27817315,0.23250675
0.92672890,0.86995327
0.36763206,0.41469720
0.94505769,0.93900478
0.48725617,0.43546876
0.72612685,0.77786911
0.76199538,0.69936556
0.88951087,0.95305806
0.84325993,0.76403230
0.83515489,0.80402207
0.69717538,0.75223839
0.81491596,0.83078456
0.83900917,0.78764856
0.93608344,0.95811826
0.69024354,0.65855736
0.90890568,0.91666669
0.06007984,0.07999019
0.82342732,0.76587898
0.81886381,0.61953080
0.79374683,0.75495642
0.92579049,0.95080733
0.79726428,0.77038592
0.72177345,0.80060756
0.62092447,0.74267250
0.82178414,0.79971099
0.83488119,0.91238075
0.22689222,0.22217397
0.92535526,0.87666112
0.54818696,0.74300504
0.53722280,0.45698714
0.27937222,0.36278734
0.49494773,0.37106428
0.58111852,0.71309465
0.24817538,0.44977465
0.69486248,0.59016037
0.90943098,0.91565895
0.92415720,0.91120613
0.86337876,0.91013020
0.90600628,0.89345205
0.77458984,0.80820620
0.68791062,0.86757928
0.79433799,0.91666669
0.75832456,0.85315496
0.91724098,0.87983447
0.39508533,0.49665090
0.91765225,0.95381582
0.87085110,0.90521133
0.74450618,0.67910516
0.60596496,0.40959081
0.22893777,0.20271671
0.51910669,0.68091470
0.69156045,0.68552852
0.93320441,0.96753246
0.19826260,0.10126051
0.89076895,0.80754149
0.92455453,0.93436402
0.87229735,0.74362189
0.79642874,0.82724601
0.72920537,0.79828215
0.79550636,0.69347245
0.81312871,0.82698303
0.94275969,0.93198323
0.61341053,0.51811862
0.73932606,0.70439917
0.85386920,0.92944145
0.84183764,0.90636706
0.72963142,0.71667582
0.59344614,0.42832315
0.86739773,0.89857936
0.85240585,0.86661679
0.95216036,0.92589283
0.33007404,0.25634059
0.71551198,0.83868378
0.83947629,0.78827751
0.94455242,0.92849410
0.95391673,0.89989805
0.82173347,0.76666665
0.62474030,0.55991811
0.41824648,0.28589076
0.85503918,0.88310915
0.47715488,0.55888957
0.94013655,0.89850473
0.45686918,0.27880543
0.93864536,0.92014730
0.75018698,0.73731178
0.58908176,0.52108461
0.76530993,0.83567995
0.29528257,0.32528889
0.90758348,0.96169591
0.56114846,0.77822578
0.64574558,0.58068180
0.93464559,0.87170529
0.78248304,0.71845239
0.93120420,0.87380368
0.78517908,0.76607144
0.91823113,0.95326221
0.93843180,0.89258462
0.34945291,0.34081885
0.57551169,0.59745753
0.56026292,0.68646055
0.84426522,0.82647961
0.88274980,0.90271491
0.90037853,0.91725850
0.88683951,0.88718826
0.81418526,0.87114435
0.61733055,0.60120356
0.78824294,0.46852174
0.63888031,0.73190427
0.43351084,0.39402726
0.70107251,0.62926930
0.61084729,0.49691918
0.94841355,0.98701298
0.85641187,0.89826065
0.82627857,0.85449898
0.88893843,0.90821499
0.81029195,0.75923043
0.71489429,0.70555204
0.86484474,0.94282120
0.79551429,0.77347064
0.76016766,0.67157787
0.88909870,0.70553362
0.74225730,0.81201661
0.92408162,0.88078886
0.77783722,0.83578432
0.94560194,0.94103128
0.67803365,0.53107768
0.63247126,0.52988833
0.47175333,0.20009609
0.32779470,0.39013493
0.78380370,0.78663665
0.93647170,0.89193547
0.71195048,0.44416144
0.82991499,0.93978345
0.75533104,0.81386513
0.39145100,0.33039546
0.80187219,0.65399677
0.71172750,0.75515068
0.93735600,0.96022224
0.84283918,0.87657964
0.79668784,0.84198749
0.76175797,0.86983937
0.77699339,0.78114754
0.62914360,0.78111744
0.59553444,0.56970626
0.85736477,0.92520034
0.73872197,0.79707003
0.80574715,0.89074498
0.92303950,0.84968865
0.68254775,0.76813245
0.72571290,0.90280050
0.85740840,0.94572371
0.75566375,0.82553840
0.52197200,0.65357143
0.88139987,0.95462906
0.64693826,0.66510111
0.92248410,0.79662228
0.91387945,0.90443242
0.77030152,0.84760690
0.69834787,0.83841294
0.62065756,0.67039657
0.82205957,0.83207256
0.84864140,0.81657487
0.72635239,0.77877766
0.29499656,0.31129807
0.51372701,0.68655598
0.60121769,0.59858119
0.12613119,0.17453220
0.83093065,0.93983346
0.88604677,0.93475556
0.77700454,0.75798655
0.80476367,0.70731276
0.74871719,0.71174288
0.45716220,0.35124078
0.89471310,0.91406113
0.67343175,0.76807600
0.83684301,0.76313525
0.23302579,0.31278375
0.41024542,0.44432133
0.86033350,0.90317613
0.72932696,0.79202557
0.86565542,0.93099362
0.64954215,0.70170403
0.42910373,0.54166949
0.73134464,0.85633147
0.87541765,0.90139705
0.71044505,0.75012022
0.82109576,0.80881226
0.70866799,0.82235855
0.58451152,0.60790813
0.75868040,0.74700153
0.92933840,0.96954507
0.85365653,0.91812015
0.82775557,0.84948391
0.03267884,0.08566161
0.85373771,0.12643468
0.64695323,0.85046059
0.87397438,0.90807289
0.92928612,0.93888801
0.54738420,0.60186297
0.92836934,0.91981262
0.70272452,0.69896704
0.74368936,0.66550720
0.75063908,0.77146763
0.76925075,0.90429294
0.65667635,0.79958069
0.43373793,0.40756464
0.67193925,0.39721471
0.31178534,0.17623153
0.74852711,0.73163074
0.91050965,0.89707863
0.92568314,0.56689388
0.75789785,0.87054497
0.83545882,0.88084084
0.88010323,0.91818798
0.87751317,0.94163120
0.94656473,0.86440676
0.78096759,0.87353730
0.49220833,0.56899458
0.50244647,0.49455270
0.67598438,0.61777139
0.60150498,0.52595538
0.79622167,0.94755542
0.42672756,0.36901370
0.82199067,0.87933469
0.86294514,0.87507808
0.92054772,0.91969991
0.95654100,0.97183162
0.76633638,0.69854492
0.91745853,0.90601087
0.89870387,0.91934985
0.64730358,0.76273364
0.82519746,0.86068255
0.80310148,0.91656953
0.71657562,0.60021871
0.86879647,0.85117328
0.82848185,0.86987966
0.79818875,0.84303600
0.66158277,0.77068216
0.61070037,0.79150760
0.95931435,0.97414732
0.85621595,0.88803732
0.90382016,0.90785474
0.55916232,0.71074456
0.82073903,0.83252627
0.50573021,0.63190854
0.83259434,0.88191229
0.10336313,0.20976952
0.87351525,0.95288247
0.91410649,0.92028987
0.43813047,0.49156144
0.89472461,0.83364457
0.80984181,0.87213224
0.87496448,0.88528138
0.67679393,0.58817035
0.37300593,0.31286803
0.47672904,0.62922794
0.58297729,0.61418188
0.59299147,0.24347527
0.13174239,0.11873738
0.79044813,0.76134181
0.36953387,0.39613393
0.67093235,0.82008451
0.81469315,0.80440974
0.34195808,0.33329469
0.87709033,0.92367554
0.91656399,0.89866668
0.56448370,0.70171762
0.48601836,0.42954203
0.69060266,0.80566639
0.82664025,0.83036262
0.91154897,0.92585701
0.79128057,0.74073303
0.71999943,0.80979818
0.87010467,0.86962384
0.67688054,0.62326616
0.73480684,0.63095152
0.84575278,0.89482588
0.73291010,0.83699787
0.48122972,0.49342829
0.82535428,0.91283423
0.83658296,0.80642664
0.54225838,0.62330812
0.87194318,0.89504141
0.90995002,0.89152396
0.77515757,0.92405063
0.30241105,0.32725823
0.48523384,0.39709273
0.84711373,0.93515384
0.87810946,0.88094622
0.86012942,0.85957152
0.26387373,0.27339184
0.89624751,0.86980635
0.83713263,0.79888940
0.32585180,0.42548537
0.87272286,0.86160082
0.36459160,0.54627961
0.60060698,0.43585798
0.61651254,0.50837368
0.87275332,0.85884035
0.91484249,0.88307792
0.24043286,0.45987770
0.89729893,0.91107064
0.18085083,0.24315847
0.82052946,0.90119338
0.83893520,0.90645260
0.60387152,0.72031248
0.86645818,0.87706041
0.73505825,0.80713564
0.80039847,0.85912198
0.79231232,0.72882140
0.82798487,0.99019605
0.77157986,0.83900726
0.58866268,0.32135075
0.44762066,0.39172241
0.66002959,0.67829460
0.31708223,0.37510505
0.88849950,0.83604652
0.84088665,0.85988456
0.51925373,0.65158045
0.23988122,0.31108308
0.51275021,0.50334930
0.81094044,0.85481507
0.79893535,0.79130161
0.80677074,0.84695125
0.75289130,0.61887354
0.17448080,0.14263675
0.61579537,0.48690495
0.85192847,0.86300260
0.45319939,0.26383927
0.55371362,0.53753352
0.78177738,0.62433434
0.52937901,0.45224568
0.87639111,0.95352924
0.90644598,0.80819237
0.68057632,0.69459707
0.56179249,0.67878431
0.91840857,0.89837396
0.94406337,0.95400435
0.87983990,0.91041696
0.85184753,0.75858337
0.79771847,0.82003665
0.76517594,0.70340455
0.66948277,0.48337805
0.41515094,0.37991992
0.72117835,0.86611974
0.64115739,0.58784384
0.68884385,0.75064933
0.88225818,0.90627605
0.66776222,0.65292746
0.90538758,0.91074139
0.70932394,0.76752019
0.78997517,0.87040246
0.77329171,0.61211991
0.50432569,0.43487820
0.87403929,0.90623552
0.94076407,0.89944851
0.82931095,0.84052944
0.24748468,0.26004007
0.74412328,0.84988815
0.57926041,0.53417081
0.78722554,0.83466578
0.67704469,0.52981442
0.82991999,0.86218321
0.75079560,0.81845027
0.87510830,0.86103523
0.49512047,0.51631916
0.78660196,0.83559859
0.67720789,0.18303572
0.62904418,0.93627453
0.86202168,0.83944249
0.86705446,0.84463322
0.10043359,0.09526616
0.95054281,0.93244487
0.75853539,0.77100843
0.86375892,0.94883019
0.93481946,0.92723972
0.84711969,0.68794161
0.88228184,0.86485237
0.93147206,0.92160589
0.83225513,0.89840817
0.81726205,0.92906165
0.80490690,0.75259233
0.73623496,0.61574060
0.69587862,0.59257960
0.89889550,0.79675978
0.67610323,0.59789425
0.94859695,0.93469661
0.74642318,0.54686409
0.92894751,0.93159062
0.67587608,0.70015490
0.72428173,0.86223722
0.80289191,0.90609950
0.87824690,0.94830412
0.88379532,0.94938821
0.42742950,0.35658288
0.74530226,0.71201617
0.45345274,0.45272169
0.74464250,0.82881021
0.34708920,0.37209436
0.85008806,0.92400002
0.73765755,0.68304229
0.77143371,0.71880341
0.92416000,0.88179296
0.74218535,0.76571894
0.77579790,0.77197582
0.44990730,0.57446116
0.21065579,0.32542616
0.77302319,0.65605420
0.64754647,0.61134416
0.45321906,0.58115762
0.86541522,0.81293952
0.73026729,0.60676390
0.89212388,0.82358974
0.78734332,0.85777777
0.30242661,0.27318868
0.59102255,0.81480813
0.79949272,0.87839675
0.44360828,0.29782945
0.27096713,0.04680178
0.07818400,0.06657046
0.84135139,0.90623760
0.80307376,0.81647158
0.76935297,0.58619440
0.86332041,0.92981434
0.91961139,0.95986170
0.60043228,0.74702710
0.46888471,0.64082605
0.82335699,0.76300967
0.82734978,0.83017105
0.89803731,0.84848541
0.78820431,0.79630065
0.86073411,0.79869944
0.68178487,0.59406590
0.78881770,0.79819822
0.73636627,0.81499010
0.94940507,0.91630435
0.54767507,0.34444845
