Predicted Score,Actual Score
0.84465939,0.97402596
0.79148227,0.73417723
0.44834268,0.12823969
0.84111667,0.81259978
0.88617182,0.89496130
0.52918941,0.47500202
0.88279289,0.90291262
0.87086600,0.96124291
0.86381501,0.89341539
0.85813057,0.88575649
0.83255649,0.89799571
0.89902693,0.90173441
0.88412648,0.87073731
0.90062445,0.92330921
0.54468930,0.56876683
0.73221779,0.75344354
0.91486144,0.95312500
0.90302515,0.91624480
0.71760678,0.69825709
0.60379130,0.67295039
0.89541698,0.92591548
0.64683223,0.83874792
0.72469342,0.67183489
0.89211488,0.87838751
0.80138433,0.85806680
0.44790173,0.67744184
0.65503705,0.64183676
0.85021156,0.90314204
0.74267542,0.39795625
0.11346879,0.23219927
0.79090315,0.73923182
0.59594393,0.62878650
0.88123685,0.79866892
0.93060154,0.93340164
0.81233656,0.76762378
0.87681431,0.87750590
0.58398896,0.70610350
0.90800178,0.87274390
0.81032974,0.77471316
0.76632422,0.74017882
0.58027393,0.53162020
0.80908972,0.85185730
0.87706780,0.82243454
0.88605934,0.96494067
0.74723488,0.68949252
0.79050493,0.84601575
0.77378917,0.66256118
0.92596114,0.96178091
0.86637968,0.89498997
0.45404589,0.60363024
0.93537140,0.95655042
0.58745384,0.52236116
0.76866323,0.77376813
0.89386374,0.95441693
0.72524470,0.69354075
0.50439239,0.63580692
0.83189619,0.84415495
0.66330492,0.40421757
0.67840594,0.71092772
0.61459082,0.48772570
0.87184632,0.92003518
0.69381285,0.80931371
0.83509409,0.81769353
0.48335195,0.58732945
0.88242686,0.93263525
0.89985108,0.92334527
0.87599856,0.86228913
0.49437487,0.61061680
0.91373581,0.94150591
0.90849751,0.93775851
0.74826932,0.77325583
0.66933316,0.75315696
0.94586742,0.94875002
0.89348489,0.91922528
0.04512719,0.08555707
0.89740026,0.91582203
0.72748739,0.45671695
0.90350807,0.90770239
0.84662741,0.85985541
0.66239023,0.62730861
0.74694145,0.72826087
0.87927103,0.88688642
0.63745356,0.71479058
0.50779665,0.36846665
0.67316812,0.65540588
0.64984614,0.68428475
0.84884816,0.84891218
0.88642740,0.55244505
0.83508140,0.35617423
0.66296315,0.50777072
0.81763244,0.85436708
0.73007095,0.79423076
0.81075227,0.89748764
0.77608067,0.83244783
0.93654740,0.92120171
0.81278127,0.88900036
0.77386427,0.84893095
0.29318011,0.26438427
0.86990905,0.93618190
0.68165362,0.71952027
0.68038946,0.70891517
0.86338234,0.93338555
0.79922855,0.81782299
0.83592826,0.82515365
0.92324972,0.93354863
0.77698392,0.76575905
0.78953320,0.78066832
0.71414489,0.81996006
0.44644895,0.70684522
0.73679209,0.62531328
0.91462505,0.92056233
0.87757903,0.89564049
0.76682872,0.75606227
0.87030637,0.79218322
0.78860682,0.74072599
0.92439723,0.98071426
0.90048206,0.92811561
0.90145361,0.87471670
0.92787606,0.91462636
0.85560262,0.82258064
0.46985853,0.39279380
0.87302595,0.88937986
0.90374392,0.90602368
0.76922250,0.81310177
0.32928517,0.55831259
0.88534290,0.94914424
0.92107707,0.95865506
0.90096766,0.91876382
0.68296522,0.50917327
0.40772095,0.36498562
0.54390079,0.61657834
0.87949866,0.79741937
0.93110740,0.95239449
0.37042147,0.28675476
0.09390721,0.07518037
0.78193796,0.71153843
0.88307744,0.92348027
0.92772979,0.92421323
0.80895424,0.56428504
0.81745476,0.82616764
0.25782695,0.34419924
0.64592862,0.81334132
0.67650950,0.65832502
0.54073721,0.43220028
0.86024046,0.90905404
0.84736013,0.79105079
0.48060083,0.55054945
0.82181144,0.62651515
0.80486459,0.86879802
0.87419122,0.97530866
0.74438602,0.87283242
0.62933987,0.56747156
0.91040653,0.94212097
0.64321125,0.66474348
0.85003150,0.92114174
0.59962690,0.53451371
0.65996844,0.53433007
0.35411066,0.26161468
0.77580321,0.76617503
0.48813048,0.26211971
0.63847327,0.85384059
0.73980820,0.83106786
0.42865312,0.52025586
0.48847201,0.45982206
0.74898589,0.66571146
0.69599265,0.65996927
0.67038500,0.55469769
0.39295462,0.49744070
0.84368336,0.82678950
0.86557323,0.86687738
0.44593632,0.50203669
0.69484878,0.82179201
0.75095671,0.83482140
0.87413794,0.87538403
0.64467829,0.42339361
0.90785730,0.87560409
0.84521699,0.96667218
0.91501993,0.91998285
0.66952419,0.57792211
0.11055515,0.11602031
0.31609115,0.44695711
0.90372699,0.90727723
0.31917286,0.21682203
0.63707626,0.73896211
0.21355666,0.08269231
0.89635241,0.89456820
0.46751398,0.54569191
0.40765449,0.53317410
0.89639413,0.80749857
0.90373856,0.91145813
0.76408237,0.55948716
0.87576777,0.80233300
0.88334185,0.88644528
0.60658479,0.62116641
0.91740638,0.95716840
0.81420892,0.88170350
0.89355773,0.87957662
0.91299349,0.89387870
0.43805391,0.40693602
0.85861152,0.89572513
0.88819391,0.91693234
0.81235826,0.84765124
0.60485286,0.76251251
0.90012938,0.91515762
0.92285836,0.87500000
0.90671217,0.89019877
0.85003269,0.61056477
0.49797624,0.82854885
0.87995827,0.78734589
0.81309325,0.78923386
0.79609436,0.88581467
0.14045145,0.16648623
0.66821426,0.67439586
0.60022926,0.60586655
0.28821859,0.21057090
0.94133919,0.97528487
0.64159405,0.77255833
0.85770142,0.81333578
0.58597463,0.40319654
0.18712938,0.18734229
0.88879377,0.93949294
0.81035727,0.83993411
0.81713998,0.81172067
0.88802522,0.84017092
0.90183669,0.92468828
0.93325043,0.88304842
0.82594264,0.66082203
0.90427303,0.88372952
0.88544422,0.83225191
0.92108715,0.95003641
0.80903906,0.72066885
0.75656754,0.86759102
0.93650484,0.95790040
0.85254216,0.90465409
0.82670337,0.89721519
0.72055638,0.70557100
0.76509953,0.69692564
0.89867115,0.92170662
0.69925058,0.82425898
0.78671342,0.87733400
0.79905677,0.73381919
0.85821694,0.93076921
0.44540432,0.24927424
0.78351223,0.52957636
0.85619533,0.82738793
0.76172405,0.86590999
0.93896890,0.92802405
0.88458902,0.90368575
0.58194435,0.54557669
0.63670504,0.62063390
0.74477184,0.79854780
0.86329764,0.74737102
0.21152639,0.12833922
0.85539365,0.79881155
0.50186509,0.35335454
0.92144674,0.93185782
0.62544239,0.59370100
0.68847418,0.77021104
0.47240964,0.52511907
0.34041354,0.30528343
0.77357280,0.80870020
0.53475249,0.34392732
0.86832625,0.89617443
0.45810926,0.35266176
0.01886142,0.07075887
0.91532606,0.87498575
0.83607823,0.88172841
0.13354054,0.12780370
0.90168750,0.90276414
0.73370898,0.83361101
0.83262396,0.88522983
0.92897028,0.95717955
0.69866407,0.46015915
0.60846645,0.38126567
0.21154451,0.25172111
0.77398562,0.80265307
0.84031039,0.76514375
0.40490726,0.07320361
0.81389064,0.89524198
0.67782468,0.73342174
0.84236979,0.80329156
0.83383608,0.85264045
0.81451392,0.78269428
0.86578166,0.87559807
0.87851381,0.90807718
0.33882824,0.36312518
0.90447807,0.80876142
0.34117559,0.25291896
0.86783493,0.86300600
0.76379305,0.79727256
0.53799903,0.61340129
0.92227983,0.89284766
0.92206943,0.91649079
0.64077687,0.55881286
0.45309323,0.54536289
0.81322950,0.75468165
0.90928608,0.94361734
0.71759558,0.59260988
0.66533196,0.64701778
0.83956182,0.71809447
0.88479537,0.93402511
0.65769780,0.58740681
0.41654086,0.41599599
0.14226288,0.14241019
0.76483226,0.67805189
0.91660541,0.80217671
0.79993063,0.66494596
0.89769655,0.95568520
0.45125225,0.61684728
0.89745212,0.88004929
0.80078292,0.88933253
0.85065937,0.82872027
0.81316525,0.80215055
0.85553765,0.80901641
0.83967370,0.82661730
0.11139452,0.11900791
0.85172129,0.87948585
0.77759576,0.80047262
0.58544767,0.46851847
0.51585197,0.57297772
0.87616980,0.71595830
0.52145958,0.74690306
0.75998420,0.73192525
0.64100540,0.75357145
0.52471620,0.57308745
0.61004740,0.62363571
0.70569742,0.65479439
0.91626304,0.93142426
0.73604220,0.83667612
0.90128893,0.89990115
0.68556368,0.67989606
0.90565091,0.94007879
0.88080382,0.91771734
0.88147128,0.91071504
0.89011663,0.92906648
0.91986060,0.91549295
0.79731935,0.66958934
0.34988406,0.41143456
0.75853896,0.88174874
0.87074822,0.85992599
0.46656212,0.13107717
0.85416889,0.89474386
0.74927175,0.68202478
0.92558485,0.94682842
0.72189927,0.63246292
0.83837789,0.62972188
0.55874610,0.37559256
0.81468004,0.80065358
0.91992211,0.92087841
0.18977347,0.36875001
0.90596950,0.91927636
0.52378339,0.46600592
0.74197346,0.61411488
0.88739538,0.89916748
0.89143419,0.92163610
0.88793528,0.93200552
0.63693148,0.61390060
0.83318192,0.65883905
0.91162843,0.67633200
0.82925588,0.86915255
0.11561830,0.15155677
0.56967139,0.49106583
0.61792332,0.69213933
0.25510845,0.24906784
0.45857179,0.54263598
0.77464348,0.77467996
0.76921916,0.68409622
0.23887233,0.29139313
0.44567657,0.51904726
0.44906977,0.38562462
0.87252635,0.84973544
0.91008222,0.95088142
0.91566592,0.94298244
0.90862739,0.86500758
0.88462102,0.90359151
0.87291795,0.87472767
0.69164395,0.46424896
0.93377525,0.95084935
0.82188171,0.77117878
0.72543412,0.58342171
0.87809461,0.91828686
0.86079949,0.80697674
0.81494653,0.71942645
0.88580966,0.93650794
0.54854769,0.57005721
0.32861543,0.51761085
0.79433471,0.75609297
0.57312822,0.45612457
0.85532922,0.73582870
0.60923928,0.38604474
0.90310711,0.90181994
0.77636516,0.73497599
0.88106763,0.88957173
0.25393727,0.34808046
0.84962618,0.92061257
0.87929595,0.90839982
0.59924948,0.55831069
0.68395185,0.72351193
0.89561272,0.93805766
0.66750932,0.64244634
0.57996547,0.32544324
0.83063394,0.73041230
0.41727078,0.34453544
0.54516274,0.50486070
0.85417044,0.78953445
0.87616676,0.94339621
0.33687073,0.30385977
0.70033836,0.64590788
0.89377040,0.85407209
0.88083285,0.91231942
0.66060126,0.18738404
0.45469707,0.45740741
0.89978045,0.96041739
0.56958908,0.72167873
0.61403471,0.42158175
0.88505661,0.91804773
0.81715339,0.78965688
0.44189906,0.52184761
0.79052055,0.87190974
0.93265027,0.94274896
0.83209604,0.80571985
0.87022132,0.07899183
0.85290051,0.60848868
0.81354189,0.89148116
0.56926930,0.51343048
0.93169105,0.92359877
0.60888612,0.79474926
0.77920437,0.88637221
0.86612529,0.98275864
0.90652812,0.89629233
0.78239572,0.89764708
0.82230824,0.84450263
0.69960529,0.61614585
0.14418788,0.17829013
0.89802068,0.92699409
0.76652491,0.81618500
0.49780893,0.53220779
0.85160369,0.92192829
0.29850447,0.33106670
0.40060994,0.44288188
0.48850131,0.56109023
0.66987640,0.43951538
0.90871716,0.92528480
0.90772772,0.93086082
0.37605467,0.26050326
0.63115811,0.56626183
0.53696209,0.36328125
0.91968030,0.92448813
0.78474569,0.82105064
0.57358378,0.68381846
0.80286127,0.82598782
0.50267851,0.50071144
0.86894327,0.94360578
0.79749602,0.90516317
0.64054370,0.72879392
0.80951709,0.76458818
0.85851401,0.88809526
0.91352385,0.92989480
0.89709443,0.98217809
0.74722916,0.86826700
0.84081268,0.56681240
0.86873519,0.85920775
0.49727726,0.57705969
0.94096678,0.88157892
0.66687661,0.78612471
0.88507968,0.94624126
0.51413900,0.54118794
0.56934410,0.63134241
0.58856815,0.87279165
0.40208101,0.31614673
0.86606067,0.86965811
0.87830329,0.88306868
0.90468818,0.92385060
0.65854967,0.76888734
0.84476084,0.84614265
0.80379677,0.72766995
0.10497154,0.11512188
0.92357141,0.93403876
0.87144464,0.82826018
0.86952847,0.87306368
0.84151411,0.87089950
0.81185943,0.75645971
0.84419900,0.85018182
0.77570873,0.66416782
0.62836677,0.75797015
0.45850292,0.25341764
0.58639002,0.61868542
0.87668210,0.93299794
0.66359383,0.53369093
0.48782316,0.50543553
0.88155633,0.94818151
0.82001728,0.89948452
0.88214129,0.88830614
0.68024868,0.55795473
0.80577558,0.71386105
0.74502760,0.76758122
0.82215995,0.75173992
0.71690977,0.67453843
0.12796198,0.15517631
0.10555319,0.08621617
0.84325957,0.87846482
0.74285233,0.77368772
0.28580973,0.32831958
0.59525162,0.69556928
0.84702629,0.85143918
0.71411473,0.96383566
0.80933255,0.91259277
0.56320387,0.42557567
0.92166859,0.88128066
0.69668835,0.73436350
0.81870127,0.75521260
0.91614443,0.94178456
0.86491561,0.83820224
0.80683255,0.90534252
0.89638335,0.90604395
0.64833361,0.54397857
0.30666399,0.34042621
0.77833772,0.74213564
0.45124027,0.46721312
0.80019748,0.83787876
0.83975303,0.77691257
0.63753259,0.78463358
0.62427610,0.54062980
0.68150741,0.56309479
0.88996953,0.90254986
0.71222502,0.81804323
0.87037301,0.88422751
0.82644057,0.82250792
0.51338953,0.68953943
0.88592702,0.90570074
0.92391592,0.94573575
0.92188340,0.98872048
0.26992822,0.28900936
0.88585198,0.79104477
0.92919904,0.93850523
0.87711614,0.89795154
0.76634538,0.83737725
0.79327863,0.74095714
0.39647681,0.33032396
0.37016669,0.34530908
0.80631804,0.80003738
0.79249769,0.74438637
0.84387994,0.86483365
0.53172469,0.16271827
0.19367157,0.27488452
0.84298527,0.97891808
0.75578135,0.81934381
0.76149786,0.87059790
0.78102773,0.53162599
0.83841592,0.89136720
0.76462001,0.78222442
0.81815469,0.87974375
0.14338365,0.17347129
0.84909856,0.78741497
0.54488808,0.57768714
0.85161370,0.66176468
0.71111810,0.37600806
0.57944506,0.90059763
0.90626800,1.00000000
0.68563348,0.75333333
0.42664891,0.51879370
0.73839146,0.87455761
0.78503221,0.88170165
0.28333458,0.33645615
0.86818480,0.78451216
0.89475775,0.87897205
0.47753695,0.37231278
0.59318513,0.65100884
0.85629433,0.98514849
0.40255347,0.34342417
0.90086198,0.94150341
0.85125256,0.86278194
0.40439358,0.73398250
0.38964105,0.18351649
0.89536589,0.17508772
0.68853962,0.54235989
0.83880311,0.88377446
0.88638037,0.88747102
0.84601271,0.68725389
0.86551708,0.94704670
0.69840485,0.76789868
0.90345311,0.90375656
0.57087988,0.38664913
0.72996312,0.58123970
0.94080734,0.94471526
0.62001866,0.58785385
0.14826301,0.13317041
0.78404558,0.82111031
0.80897123,0.81927550
0.68243009,0.50737178
0.40891689,0.35793820
0.88760376,0.94668913
0.64204782,0.78106236
0.76632327,0.76445186
0.80962759,0.94601381
0.85114843,0.90634274
0.63714892,0.68380833
0.90656358,0.90094048
0.44546801,0.20601732
0.65902078,0.57549256
0.41564709,0.40170914
0.63954848,0.56870341
0.84584922,0.70322567
0.32158622,0.56885648
0.93968624,0.95232815
0.87289852,0.97230917
0.90032780,0.90798736
0.59091997,0.50279957
0.86202830,0.93726468
0.45007402,0.47462690
0.85813922,0.98611641
0.80487108,0.84835601
0.62551427,0.45559782
0.85040694,0.90083504
0.84191322,0.91296166
0.89724582,0.94327378
0.27348921,0.16424765
0.58744657,0.55503821
0.88136005,0.91661292
0.41992518,0.45925885
0.45584074,0.29532996
0.89716262,0.87887806
0.89245123,0.90586281
0.30877820,0.17696486
0.70231992,0.82478631
0.85807508,0.86314261
0.76347059,0.76869750
0.55075920,0.53705597
0.84560597,0.92538112
0.47856331,0.56055903
0.86281025,0.88629723
0.70616376,0.75627935
0.92838395,0.93670887
0.79512888,0.82308888
0.46991423,0.40456834
0.82944906,0.91089743
0.63091922,0.78777778
0.88929683,0.92911357
0.82737631,0.69113922
0.87266207,0.90190220
0.74998838,0.63666749
0.90281409,0.85641026
0.39119917,0.17829363
0.85210514,0.69058317
0.06367379,0.15327817
0.89529699,0.90101820
0.87340617,0.91109407
0.92267627,0.95047361
0.92768115,0.92647058
0.46833476,0.68912905
0.89516544,0.92720586
0.41777083,0.42086020
0.27017787,0.27375650
0.90802073,0.86971354
0.83254659,0.89973330
0.81084400,0.79886061
0.47028789,0.43711844
0.89100724,0.98076922
0.15243709,0.10615226
0.81012738,0.83466554
0.82213438,0.88856828
0.83687514,0.94647890
0.42963517,0.43639743
0.53014231,0.55140448
0.82778746,0.87530923
0.75535387,0.78524160
0.87752753,0.91887212
0.89667106,0.96458089
0.56320333,0.73625642
0.76158345,0.62658280
0.79405618,0.84385967
0.79655272,0.15565036
0.93030268,0.95704174
0.91355526,0.89234298
0.41320407,0.52842444
0.84592247,0.87819541
0.90470582,0.88687754
0.69336450,0.73830181
0.65581012,0.52949911
0.67191130,0.71129984
0.81402129,0.86401820
0.82612860,0.84465569
0.32172409,0.62325048
0.83356923,0.70629656
0.92508501,0.96345747
0.83439589,0.85711020
0.58379346,0.42282653
0.86459351,0.83812600
0.81751943,0.91418177
0.68229455,0.53076196
0.74472851,0.76756668
0.49082226,0.48365700
0.81824440,0.84386742
0.86692643,0.87472898
0.49147192,0.43295455
0.59485584,0.15256086
0.29604566,0.56848830
0.54671544,0.46316090
0.78179991,0.84844136
0.62577558,0.58766234
0.89417946,0.93451458
0.91733688,0.94434857
0.76278299,0.87548947
0.83582360,0.66451401
0.87020338,0.93750000
0.87524170,0.87782383
0.83626246,0.77662879
0.39259508,0.52112883
0.83053076,0.74080932
0.33432394,0.35436183
0.90019226,0.90838045
0.88217908,0.86874288
0.32100406,0.40221879
0.80773973,0.68074971
0.74650407,0.27570876
0.58829832,0.65938246
0.60421121,0.75972068
0.77749634,0.72567880
0.92200947,0.92263740
0.83722192,0.90852314
0.81263661,0.77347380
0.87004179,0.90735614
0.41947252,0.39060232
0.90444946,0.93160450
0.89123493,0.93575215
0.89338166,0.95952332
0.90329337,0.92662084
0.16786022,0.13453953
0.63582706,0.80454558
0.91859221,0.97752655
0.78225833,0.84678727
0.80334383,0.82333183
0.88276362,0.93022865
0.77690125,0.61199600
0.66668582,0.77859968
0.78795999,0.80725890
0.81518745,0.83139491
0.85627091,0.83583742
0.79654652,0.87042934
0.53372312,0.70664060
0.50906414,0.36685368
0.78117377,0.74097306
0.77963543,0.79255486
0.85834628,0.84913212
0.82831013,0.71875864
0.79406685,0.67011690
0.57157254,0.32683048
0.65944421,0.55766112
0.81082869,0.85989255
0.24615403,0.19367094
0.84134817,0.93538404
0.89812946,0.90991825
0.79984254,0.68539327
0.90689790,0.91759419
0.82022280,0.72106284
0.49917597,0.32704347
0.91055697,0.93608046
0.75517422,0.86502969
0.88190073,0.95979702
0.83235431,0.84799147
0.23692334,0.37755728
0.92739707,0.95145708
0.51324302,0.56290847
0.86654145,0.91645712
0.86851865,0.95285410
0.71816033,0.62650567
0.28517449,0.32072335
0.88638955,0.89240617
0.38871309,0.35028657
0.57260859,0.71653408
0.91848493,0.88588905
0.40440202,0.26666120
0.75080591,0.74499589
0.85030937,0.83351606
0.86731309,0.96326405
0.84408647,0.90768588
0.86660421,0.94939309
0.80928814,0.85437626
0.87113380,0.95850748
0.48726478,0.54287916
0.32111621,0.36428204
0.90393198,0.88704598
0.54390043,0.43425927
0.91456312,0.94929725
0.65501910,0.71067512
0.77771455,0.63700873
0.78334790,0.86472732
0.73699576,0.71541029
0.79429919,0.63905811
0.88231277,0.80315578
0.86819756,0.88850272
0.74642903,0.66753322
0.48695883,0.44647831
0.71072096,0.62124932
0.79391015,0.87901765
0.78988969,0.78030300
0.35790762,0.52420342
0.83614177,0.92205089
0.85608321,0.78166133
0.73741901,0.73881441
0.86095017,0.84031099
0.57104361,0.63799721
0.92213869,0.94316679
0.89085418,0.93215811
0.87835801,0.89567053
0.84430218,0.25329894
0.79713082,0.86700290
0.89136666,0.95950282
0.90171850,0.88489062
0.81670934,0.86976236
0.79570222,0.76693648
0.61528647,0.30950662
0.82836509,0.72567809
0.92247963,0.97021693
0.22389519,0.21486366
0.89614892,0.78550839
0.91705918,0.93685639
0.71602494,0.49767870
0.59630275,0.69782382
0.32106078,0.25678471
0.84565896,0.86602592
0.63010073,0.55377764
0.78693628,0.62692308
0.68116778,0.46017650
0.91737998,0.92502511
0.88958031,0.88770777
0.75718081,0.82881659
0.76713759,0.50868225
0.90734118,0.92674989
0.45521602,0.36921552
0.91117847,0.90374178
0.86893851,0.88365299
0.72016311,0.72280091
0.59784019,0.36578321
0.71136928,0.84963846
0.93832064,0.95857555
0.87348288,0.91486543
0.87477857,0.82511932
0.48750117,0.54123598
0.84033191,0.87810737
0.85366756,0.88048673
0.76248258,0.86632097
0.91140640,0.89029562
0.88344771,0.92037600
0.50483590,0.57556325
0.71985489,0.68744832
0.90386659,0.90070903
0.52467591,0.65185744
0.84278446,0.84777701
0.29274991,0.32695955
0.91514301,0.99002868
0.70398581,0.69989926
0.84125710,0.71813726
0.82961029,0.61200142
0.63785607,0.49263832
0.90957654,0.94070256
0.95000297,0.96220237
0.71727359,0.85051167
0.93353176,0.91666669
0.84836143,0.77461988
0.24564657,0.46426493
0.21549915,0.17483173
0.91340786,0.88480097
0.77307743,0.83754009
0.70909739,0.84317225
0.82376140,0.83602023
0.15324347,0.11402626
0.88640290,0.95478034
0.91159427,0.91940153
0.96112251,0.97209769
0.86469167,0.88014835
0.66400576,0.51186508
0.85852319,0.92653054
0.92332888,0.96006495
0.76526177,0.67934263
0.85434443,0.71043456
0.90824783,0.92495000
0.82750022,0.35361624
0.55424917,0.50788003
0.92947596,0.98148149
0.59368831,0.68704647
0.85972476,0.86311477
0.51082480,0.52732795
0.84854805,0.88892710
0.90279561,0.95763242
0.81224340,0.80791467
0.80247170,0.83319384
0.83175164,0.81443512
0.63401788,0.68139619
0.73449868,0.74045002
0.69098639,0.80992734
0.84629917,0.87623996
0.42590436,0.67512143
0.64394575,0.60962784
0.84197003,0.94444442
0.84707654,0.91606665
0.33017865,0.35512239
0.90528488,0.90430218
0.93764287,0.92204130
0.64225292,0.55746180
0.41571409,0.49128383
0.89307016,0.89216524
0.91820610,0.95149255
0.90592456,0.98148149
0.81869185,0.94337589
0.85611808,0.80992484
0.87926376,0.90847337
0.84972709,0.92484701
0.57975399,0.26357070
0.08418489,0.08537281
0.89564508,0.93373901
0.81693506,0.87512636
0.91673434,0.91501004
0.76865113,0.95940173
0.93156534,0.91044438
0.55639696,0.59308600
0.84100062,0.90087485
0.69810361,0.61900586
0.81942040,0.82157707
0.50384986,0.52896458
0.78140396,0.73947090
0.84571445,0.79045957
0.56938827,0.54188710
0.83320177,0.87981242
0.48321140,0.65378422
0.60138011,0.61596203
0.93620914,0.94051993
0.57270950,0.74266541
0.69772243,0.64204597
0.84529841,0.88051951
0.88884068,0.89543957
0.68103439,0.81695253
0.83035344,0.91156465
0.78907990,0.64776045
0.92509419,0.92656809
0.88484544,0.93346846
0.80311483,0.92307693
0.88644207,0.91433054
0.80632967,0.88171500
0.67438233,0.78515816
0.36076844,0.21394357
0.77438760,0.71412039
0.42102265,0.37766421
0.89052248,0.86475295
0.20741978,0.16192956
0.57467169,0.68831170
0.85765696,0.87214881
0.84039634,0.77392119
0.21911997,0.17979489
0.53026950,0.87428027
0.36721641,0.35305768
0.81365651,0.92311543
0.93011463,0.97734177
0.46386853,0.44297516
0.75669885,0.58479846
0.76578826,0.77450913
0.92579848,0.91695273
0.92143804,0.95487177
0.90037602,0.94533968
0.75237948,0.80533808
0.86979461,0.94351768
0.90272808,0.93783897
0.88793969,0.89982951
0.78912556,0.69699663
0.52307773,0.49800220
0.33304298,0.21694674
0.66506588,0.17383404
0.88939118,0.82614231
0.79569310,0.87852186
0.81895864,0.92970103
0.88212144,0.92205727
0.78555214,0.79311341
0.28657973,0.51911014
0.75371116,0.67791635
0.75842226,0.69121093
0.80067760,0.77200490
0.93263644,0.96604937
0.42544538,0.38564792
0.78615737,0.81436181
0.60004812,0.62727273
0.49734697,0.46962860
0.89340526,0.94494885
0.72403049,0.77758312
0.70198840,0.64672607
0.61645293,0.74681777
0.90098828,0.90649003
0.71121311,0.69499135
0.79188925,0.55331343
0.43822494,0.52941179
0.16288483,0.12279566
0.44580001,0.20196499
0.77325654,0.66119969
0.85717511,0.80784112
0.75303727,0.62730896
0.89535159,0.92794609
0.87659836,0.84856158
0.31637526,0.30643708
0.70515877,0.55393302
0.90561730,0.93758202
0.49039045,0.32155719
0.83225471,0.81454670
0.90834904,0.89606696
0.44673401,0.36516562
0.91453612,0.93428081
0.36774433,0.23690413
0.86811668,0.84717596
0.86070490,0.91078752
0.81877911,0.90155697
0.86298567,0.91223651
0.10944879,0.26881394
0.70458484,0.84800750
0.50511658,0.42078146
0.91897351,0.92582595
0.73581415,0.61574668
0.85527575,0.91927910
0.86612916,0.95104164
0.73063332,0.85549217
0.62317145,0.62375444
0.86678356,0.93637651
0.86968958,0.89367819
0.91590059,0.98437500
0.68100977,0.53379685
0.82542723,0.80090910
0.59275526,0.51022112
0.91163951,0.90876842
0.76791084,0.91176468
0.78994936,0.95534998
0.93534648,0.93555743
0.83901006,0.86466682
0.94304609,0.95430315
0.84528255,0.93287402
0.63603640,0.78593373
0.56437880,0.69455785
0.86292154,0.91957241
0.91101164,0.94464284
0.89690185,0.93530023
0.89304763,0.90274012
0.63166606,0.45755017
0.73766404,0.56770021
0.50525320,0.36953107
0.82131606,0.85556936
0.65471900,0.62952900
0.88217831,0.92032969
0.84709328,0.78991342
0.84279257,0.79022276
0.92624730,0.93898064
0.50515759,0.61570078
0.72235686,0.61032093
0.85025680,0.80869693
0.67691970,0.52065676
0.89759082,0.88971859
0.72437328,0.76950121
0.60033691,0.74825537
0.90517032,0.92996031
0.88858140,0.85084409
0.85606486,0.92322910
0.77076793,0.86068684
0.76544136,0.82627243
0.87816232,0.87418145
0.20499651,0.38190293
0.71642369,0.70674533
0.63789052,0.45081618
0.08094019,0.19908528
0.90728241,0.93265975
0.16666648,0.13550466
0.88575834,0.82801121
0.82843846,0.82499671
0.79047608,0.82292283
0.82557440,0.61613685
0.46684968,0.41865605
0.77753371,0.85303593
0.67342007,0.72537714
0.89000136,0.90746534
0.50701183,0.65970802
0.77554888,0.79149979
0.56260890,0.51734716
0.78393853,0.70596415
0.70130348,0.86146969
0.72590756,0.59412861
0.86226457,0.90554196
0.75285965,0.31699321
0.73683161,0.79235536
0.83615500,0.96315634
0.90025425,0.95144135
0.66864055,0.69962430
0.88650006,0.93211806
0.80793869,0.79020721
0.39661670,0.13364494
0.85834068,0.89458221
0.73514122,0.70245183
0.64290172,0.88117242
0.73258710,0.81967878
0.52221602,0.45043087
0.90218908,0.92016530
0.73466283,0.74292898
0.79668999,0.86784792
0.47083187,0.48134920
0.30051270,0.38352272
0.92630357,0.90179396
0.53485042,0.62159163
0.73774308,0.82353109
0.81514180,0.74484628
0.66222125,0.46226159
0.89226121,0.94724113
0.56076193,0.64109588
0.36665717,0.63318902
0.84855634,0.87730807
0.66389173,0.54174799
0.30251685,0.26134872
0.31242034,0.39796156
0.90879524,0.96515346
0.86150491,0.84253895
0.87723655,0.89035964
0.71872836,0.68880910
0.73023951,0.80264014
0.88592792,0.94652826
0.45817417,0.40216938
0.47555137,0.32936326
0.88548577,0.88440251
0.84305763,0.91058183
0.89281923,0.95819235
0.87195587,0.80141354
0.86122233,0.81881869
0.39445758,0.33966598
0.87658095,0.83845812
0.71301472,0.72067273
0.86406487,0.71464974
0.87765461,0.94552267
0.77110350,0.82677245
0.87402654,0.89366513
0.42442691,0.44353002
0.86820078,0.86284196
0.84764349,0.90117520
0.72717649,0.67239612
0.52295458,0.45512497
0.31277782,0.41031593
0.78452897,0.85483080
0.06456134,0.12402173
0.91387039,0.87717927
0.66700834,0.76724756
0.77455586,0.74839228
0.89730787,0.95609128
0.85933304,0.87540984
0.89029938,0.89596272
0.89740765,0.78938752
0.84577340,0.86691177
0.77127618,0.85494852
0.53814870,0.39591315
0.90306658,0.92033941
0.89402080,0.88691229
0.57249194,0.17861831
0.82300293,0.77333140
0.74412161,0.77242583
0.81539637,0.90382445
0.91384846,0.96130955
0.89222533,0.90178835
0.88624823,0.86821795
0.36888736,0.51038188
0.45848820,0.52354044
0.67691296,0.39061904
0.69750142,0.78983051
0.91894722,0.90608150
0.85819006,0.86151963
0.22064090,0.16620064
0.80922252,0.81705415
0.31930706,0.14033276
0.84408993,0.94849259
0.87583667,0.93695247
0.90166742,0.90225464
0.67535514,0.68723565
0.65316290,0.70983922
0.91484910,0.93921524
0.93690711,0.97331643
0.85010868,0.94247788
0.92276639,0.94023150
0.89210057,0.89014053
0.64326954,0.58158690
0.90625715,0.95213675
0.90273684,0.96273726
0.54430848,0.29339823
0.93935382,0.94588178
0.41586122,0.35537711
0.90873170,0.90648854
0.89910817,0.92760080
0.62281626,0.61439639
0.56201845,0.61636692
0.83987957,0.82331884
0.90664691,0.95866567
0.87206441,0.87172282
0.39731994,0.44508946
0.72446108,0.71611089
0.64612073,0.74423760
0.72158319,0.72952181
0.52880573,0.41164085
0.77902126,0.82517481
0.90353650,0.94793499
0.75852841,0.72894895
0.75806141,0.77467930
0.69657248,0.75584644
0.79160094,0.86081523
0.83599502,0.79092300
0.82605302,0.95771295
0.29502958,0.23065026
0.51650137,0.40575597
0.91864634,0.91637313
0.86341441,0.85944188
0.87772131,0.82319373
0.89644367,0.87709641
0.75892127,0.85654885
0.85825354,0.81987131
0.67274112,0.75668681
0.87342948,0.96326727
0.87944692,0.90877980
0.84472108,0.78017247
0.77682191,0.89659327
0.83879465,0.45434865
0.84160775,0.93550819
0.43610570,0.33236539
0.76642478,0.67126918
0.86904311,0.86809969
0.80588996,0.76524013
0.91579729,0.95311350
0.77203608,0.70298028
0.78291476,0.63070697
0.49628946,0.38904256
0.74613422,0.67159504
0.88707435,0.89412314
0.41846117,0.78604466
0.90614206,0.89639795
0.81465739,0.90183181
0.76153111,0.77594239
0.46368799,0.66692740
0.87063414,0.92419624
0.41200128,0.43101856
0.80539310,0.73391855
0.94568980,0.93786341
0.86107695,0.92271572
0.88042974,0.86316317
0.64747018,0.74612027
0.80552286,0.84178931
0.86544234,0.94119513
0.78838456,0.89251560
0.87663645,0.08616666
0.90783179,0.94889951
0.79701221,0.85838568
0.80973220,0.78195721
0.54956549,0.50961137
0.88664126,0.91318637
0.55676734,0.58032495
0.69890505,0.72058821
0.86225569,0.87648863
0.77117294,0.89723504
0.86521322,0.97198546
0.58302313,0.53174502
0.56866252,0.74054253
0.87665719,0.89807105
0.87305051,0.87314165
0.69855386,0.49803987
0.83425224,0.91567296
0.78027785,0.70998877
0.85305429,0.79656887
0.71527523,0.76658165
0.91364384,0.92745882
0.88472754,0.94270670
0.90977561,0.88472223
0.48141378,0.91358906
0.89131290,0.94486678
0.90356606,0.89864576
0.83153701,0.91669101
0.85125852,0.86409551
0.89510471,0.93267393
0.56425220,0.75018275
0.66315907,0.74797732
0.92287391,0.87692684
0.44485286,0.45611110
0.85336453,0.88962030
0.82202911,0.73376626
0.85562456,0.87730265
0.71664357,0.65064371
0.24746464,0.24327958
0.86466622,0.90283960
0.86940020,0.89793319
0.93343782,0.90713865
0.88844842,0.86267680
0.75354517,0.83767259
0.71601683,0.75043857
0.55340040,0.29342574
0.65237367,0.37517300
0.51741248,0.27144331
0.47810313,0.53353494
0.92861342,0.93888563
0.54393446,0.53177083
0.44646156,0.55553466
0.80439353,0.83362466
0.88596469,0.80975300
0.61297721,0.73159635
0.46901369,0.41099244
0.88385636,0.85301232
0.43280396,0.22399463
0.87772679,0.84236497
0.91006964,0.83059180
0.77039349,0.70978802
0.84947807,0.90175575
0.83204204,0.88496017
0.86259067,0.88146681
0.87296045,0.92958516
0.85651863,0.92494768
0.87142009,0.89472997
0.81596488,0.79526842
0.59070188,0.55668980
0.54906839,0.60080689
0.83876365,0.89541948
0.87195414,0.90695620
0.63454646,0.64195281
0.90411949,0.89309132
0.88070744,0.92199475
0.46822491,0.46343273
0.69378835,0.48762295
0.44859999,0.37766227
0.77094495,0.84082973
0.66509312,0.82466567
0.65028167,0.78476727
0.69656795,0.57847667
0.72811115,0.86685240
0.44215259,0.48266807
0.90083927,0.92900878
0.91090834,0.94202763
0.69253308,0.53758651
0.91150510,0.95274055
0.81886005,0.81160688
0.62652594,0.54689425
0.56590617,0.43769249
0.90682703,0.95743710
0.28859019,0.26628786
0.92101681,0.71685928
0.86059654,0.92110193
0.92264086,0.89462847
0.84930760,0.94512832
0.53427362,0.53698891
0.75490654,0.89818394
0.71375316,0.66532636
0.81577456,0.80210078
0.25109246,0.13075037
0.93041712,0.95270759
0.89541864,0.86370462
0.32995161,0.49028674
0.86565417,0.86971426
0.43200183,0.28106725
0.63639784,0.62579632
0.63819671,0.70767403
0.59094566,0.49142787
0.85429037,0.87161088
0.79682159,0.81364524
0.87903851,0.82076824
0.85527289,0.76398718
0.81778491,0.70944595
0.68943816,0.81606609
0.60272598,0.77454114
0.54878682,0.51892120
0.40145180,0.33438757
0.90054989,0.87753981
0.92884135,0.93807071
0.68012166,0.81902450
0.84055269,0.83854169
0.79167837,0.73578578
0.14360420,0.24476069
0.53408504,0.53281617
0.81391716,0.92047477
0.84441757,0.82710451
0.80958992,0.90542126
0.35076311,0.51606286
0.74310523,0.73391616
0.91106647,0.93402922
0.31073487,0.65666670
0.90648884,0.89485359
0.56327534,0.31634554
0.78973204,0.93243587
0.45534253,0.64970696
0.90004420,0.90725738
0.78328001,0.71543360
0.62432265,0.75549358
0.94246578,0.93879426
0.76616436,0.80238050
0.71389449,0.59600776
0.71638393,0.65135133
0.82436669,0.74812269
0.89489788,0.94710082
0.80675066,0.95040262
0.39704841,0.41656491
0.80210358,0.83460188
0.49607006,0.65000886
0.48848873,0.59144676
0.39006215,0.40970385
0.90286916,0.91748369
0.88636839,0.89698690
0.18769123,0.38408521
0.88306791,0.82805753
0.79042095,0.79830301
0.91301012,0.90281177
0.77853394,0.87611806
0.91028839,0.87324220
0.86282694,0.88167590
0.90813595,0.97204489
0.95134509,0.93010205
0.90293241,0.95964092
0.88012707,0.73860455
0.39345217,0.49867678
0.37639228,0.50132352
0.63228762,0.69505018
0.64775127,0.84510601
0.88131970,0.95837182
0.88653368,0.92829204
0.83981472,0.83752120
0.90776467,0.98404253
0.85789746,0.90488315
0.88184398,0.95265329
0.91539139,0.89866310
0.40060535,0.48596954
0.48336077,0.47469667
0.66300243,0.64932239
0.79476058,0.91496086
0.85668033,0.90919358
0.89475048,0.93144357
0.87217140,0.94767022
0.63987595,0.59418839
0.85634226,0.81429839
0.88560313,0.87630820
0.80672878,0.86969548
0.86873609,0.90734369
0.35819972,0.23983876
0.93415123,0.95225853
0.82015830,0.74336976
0.41627070,0.20974027
0.84272301,0.85911715
0.86128551,0.92190522
0.62588227,0.63594991
0.89020789,0.87459141
0.93267411,0.91888404
0.88651907,0.87656248
0.74681789,0.72008377
0.89930826,0.91064250
0.87876749,0.91873574
0.78102618,0.88412184
0.88495111,0.96045852
0.59011245,0.59251827
0.93840134,0.98125660
0.66703713,0.71476805
0.91975176,0.91274738
0.91726124,0.93771875
0.80450487,0.90582424
0.85197687,0.86909419
0.43623400,0.66639233
0.42347562,0.56607145
0.85813677,0.86414915
0.57509661,0.73283887
0.82097656,0.72567838
0.86276615,0.80612981
0.82488096,0.76363367
0.89489007,0.92203224
0.77458453,0.30417153
0.25226909,0.24640717
0.87241340,0.94013160
0.70079041,0.61984944
0.74048185,0.85978144
0.88501310,0.75075912
0.85466874,0.77610731
0.88123506,0.94225049
0.35784817,0.43986452
0.57925725,0.64820087
0.59416598,0.65961528
0.85678476,0.82529610
0.06624147,0.13065517
0.34378567,0.27115142
0.88927531,0.85416496
0.90106213,0.90534735
0.91714579,0.94278848
0.79929858,0.72029686
0.76291943,0.92424244
0.80943638,0.91895717
0.80953896,0.66417360
0.33330050,0.32791984
0.88290197,0.90549296
0.87377030,0.95789301
0.87286681,0.89080381
0.62052971,0.77852327
0.90848547,0.99382716
0.87094921,0.88186079
0.70546293,0.88710868
0.92605662,0.92620957
0.52669698,0.68692023
0.88709736,0.89170754
0.77495074,0.75865537
0.85671240,0.88659948
0.88011461,0.90233785
0.71861333,0.59161586
0.84263104,0.84202844
0.55901730,0.40008104
0.27695331,0.19608384
0.19104575,0.38803819
0.80936080,0.83664083
0.93985552,0.93995357
0.18141854,0.17202541
0.85135579,0.94480026
0.80356121,0.91060805
0.92664403,0.95128202
0.76649201,0.72880971
0.70643008,0.64410317
0.58943599,0.59747022
0.87533689,0.89400923
0.93018115,0.96926028
0.19749182,0.28936982
0.87592959,0.90047210
0.87468082,0.88663781
0.69317704,0.65250051
0.57903302,0.68346667
0.78101993,0.69276422
0.87366480,0.90303099
0.82780725,0.76921195
0.48689598,0.57899725
0.94611806,0.97542685
0.89869434,0.94569963
0.91162091,0.87832510
0.87221628,0.77567565
0.87458408,0.85220218
0.91342813,0.93093783
0.39984015,0.53888887
0.55209124,0.67654282
0.20928089,0.30169028
0.74109966,0.73221946
0.89270675,0.88268322
0.57773834,0.53039193
0.88344246,0.82138282
0.90558434,0.95707542
0.81510967,0.80100870
0.58764029,0.16196567
0.38696218,0.46990740
0.67964303,0.93861771
0.27487588,0.36217457
0.85547906,0.80709219
0.85946649,0.86199093
0.86992252,0.90178287
0.74818844,0.80542874
0.79061925,0.80751878
0.92197812,0.80104631
0.84234768,0.88718373
0.66821027,0.69739503
0.92007345,0.97984850
0.40289801,0.36426768
0.87614590,0.88705528
0.62895513,0.36864805
0.78345197,0.66977620
0.85190368,0.88403136
0.78105080,0.76571822
0.33332804,0.37886363
0.63330734,0.65493828
0.40538159,0.43489569
0.77437818,0.73532635
0.86803943,0.81124872
0.86524981,0.99519229
0.87530494,0.84344262
0.83585447,0.78308499
0.85252786,0.86333960
0.85300255,0.90753543
0.79411918,0.72476077
0.80026847,0.92074680
0.63164592,0.35370290
0.94073832,0.95396715
0.83015674,0.87761462
0.75050116,0.81144160
0.93788588,0.95044720
0.88445729,0.93787879
0.88019675,0.85638297
0.79298997,0.85987854
0.89941192,0.82632869
0.91274643,0.89242089
0.83887380,0.82250887
0.80633175,0.81279546
0.87332028,0.94034493
0.79426354,0.77992052
0.75965255,0.76553100
0.75261188,0.68906206
0.80284727,0.82355517
0.62502819,0.35938177
0.87819666,0.87345409
0.86163837,0.88898343
0.85648775,0.89636159
0.93341917,0.92429376
0.76971328,0.67505187
0.46288165,0.44651172
0.85943931,0.88253027
0.95137036,0.97088867
0.85663021,0.86081493
0.90928710,0.93382460
0.63091213,0.54484087
0.55948693,0.75259417
0.81929255,0.80454546
0.87573504,0.84909785
0.89195061,0.95265228
0.80684751,0.92188805
0.60937983,0.46306127
0.90815431,0.91840661
0.64758343,0.68427199
0.93836200,0.94943053
0.85438681,0.92813319
0.45552906,0.37271520
0.78875202,0.75953388
0.91090423,0.89450550
0.81566727,0.85920537
0.68222427,0.73107523
0.82055616,0.83104122
0.87868011,0.91353768
0.92046559,0.97617865
0.89760059,0.89562041
0.15611400,0.41411451
0.90230590,0.91535169
0.85206491,0.87848437
0.56718916,0.77436620
0.82898968,0.89726198
0.87632787,0.91848284
0.34203076,0.40602154
0.90309292,0.95445096
0.88992459,0.78282315
0.72841340,0.79333568
0.80462241,0.73695797
0.80213380,0.74194068
0.87301660,0.88089836
0.64315528,0.70376295
0.85788184,0.79222780
0.47530943,0.53284085
0.72937387,0.69232672
0.78631139,0.87362635
0.88382757,0.93315899
0.85023957,0.89847904
0.92667204,0.95048326
0.82196331,0.82544190
0.58029824,0.45111784
0.83094144,0.76526254
0.63039958,0.66666669
0.91625565,0.97847730
0.85391366,0.94832075
0.82903194,0.86359763
0.87572134,0.93086141
0.87695611,0.87737757
0.82781005,0.73550689
0.73258400,0.51974297
0.89986211,0.90886420
0.88172162,0.38720176
0.86567247,0.91401410
0.52253473,0.48355031
0.65180963,0.62408209
0.52505630,0.48662463
0.89915520,0.86647338
0.86238980,0.95473486
0.76639032,0.71931773
0.90341163,0.95317155
0.61253607,0.61325783
0.59665853,0.48577949
0.48620602,0.71954024
0.92317134,0.93052202
0.68148237,0.66256094
0.88686436,0.88869721
0.84524649,0.87507844
0.85129976,0.81792372
0.84702665,0.86819649
0.79522115,0.86218625
0.85373724,0.88602632
0.92877811,0.91711634
0.58311194,0.63773948
0.90116531,0.89752495
0.92680937,0.93743151
0.55413699,0.49827948
0.78145862,0.88587773
0.76211381,0.77601486
0.82464850,0.85811526
0.84028989,0.85945159
0.82627797,0.70968443
0.63871431,0.61327791
0.88237965,0.92292207
0.85786808,0.82941765
0.74506658,0.66451561
0.84096706,0.92823392
0.82642001,0.71632773
0.88849044,0.94417560
0.71010280,0.68505210
0.90207005,0.91002417
0.88852990,0.91359538
0.77090406,0.85673094
0.70166367,0.70807981
0.81312919,0.76070392
0.16581208,0.13729459
0.74936736,0.68835652
0.72221172,0.72137666
0.70548397,0.82629925
0.87417084,0.86523712
0.53695869,0.59538245
0.07761568,0.15473181
0.87299943,0.73120302
0.67818880,0.72034764
0.79911596,0.81581563
0.49394518,0.49250498
0.92017299,0.92217743
0.74435449,0.81998229
0.84601051,0.74506533
0.77626455,0.66413325
0.38650811,0.50783974
0.93551439,0.94408256
0.47348604,0.37030447
0.65036255,0.87927926
0.51643616,0.53091592
0.89168513,0.95057774
0.85705972,0.80528605
0.39916980,0.37589082
0.81419176,0.83684266
0.86419529,0.97540987
0.53055704,0.62377995
0.63710701,0.48037428
0.37194699,0.46269619
0.89912993,0.93457288
0.86642641,0.80866539
0.81753826,0.89903843
0.77569038,0.84958625
0.65450501,0.61506706
0.85623318,0.76880431
0.89288366,0.90974027
0.72611326,0.79691225
0.70575887,0.87143034
0.79528725,0.76363635
0.49022067,0.40563783
0.84752077,0.74708658
0.84634572,0.97692186
0.39012769,0.42828083
0.87635237,0.92113245
0.85624236,0.83368820
0.90703464,0.85752261
0.83293706,0.89205337
0.61076266,0.55848861
0.89692223,0.92058164
0.91180956,0.86682916
0.81075585,0.86542338
0.58483195,0.34309050
0.14848876,0.10223510
0.84480840,0.85050559
0.79868561,0.79062480
0.88495499,0.92328155
0.90200001,0.97340423
0.36476389,0.40775433
0.75306147,0.75948274
0.86684185,0.78137255
0.83970469,0.88627803
0.81250471,0.81695038
0.83284944,0.75612265
0.18539432,0.15788215
0.82519126,0.92603093
0.76187360,0.62210047
0.51673144,0.33476782
0.87262630,0.83544338
0.83467376,0.88758588
0.87336516,0.78805077
0.41854206,0.49801278
0.53419691,0.60709095
0.79513860,0.84692925
0.81446195,0.72917205
0.83907026,0.90947235
0.89904106,0.91117525
0.91707510,0.93593907
0.34928975,0.60444576
0.63524276,0.73260748
0.73042589,0.66800827
0.89484668,0.90116984
0.74542731,0.66688097
0.89926624,0.94407284
0.76505542,0.83050269
0.92106533,0.96413970
0.31442565,0.30929348
0.86365080,0.93405366
0.75112599,0.84988165
0.80071712,0.85200143
0.13754962,0.11235981
0.81446213,0.70359343
0.79551035,0.69242609
0.81424290,0.85500002
0.63592207,0.71504486
0.67942321,0.56811988
0.79793167,0.84428191
0.64505780,0.45439693
0.77461231,0.62743056
0.31387022,0.29696268
0.86342275,0.85932982
0.86100471,0.85385585
0.46542221,0.52152991
0.35473374,0.50629544
0.89975691,0.92316020
0.86464894,0.88298571
0.85229725,0.92222607
0.85027999,0.85558599
0.76702434,0.43593705
0.91339064,0.99253732
0.21745846,0.19189817
0.56937116,0.55577368
0.90256190,0.92915082
0.13325915,0.17149614
0.92763275,0.90909094
0.35764629,0.48133001
0.30852956,0.26531985
0.22602452,0.34279943
0.75593621,0.94318181
0.09827965,0.16805555
0.91498816,0.92390758
0.91066295,0.90907645
0.87664884,0.90473849
0.80703193,0.60401648
0.92402935,0.94725490
0.57805645,0.51886147
0.86460191,0.90454543
0.87298173,0.89266211
0.73516953,0.63306081
0.78496289,0.80605441
0.56666923,0.49109986
0.92757118,0.93343937
0.84407097,0.82869685
0.84576714,0.76971161
0.67983061,0.75072098
0.50104713,0.59973037
0.88306832,0.93272662
0.15664411,0.16096221
0.77235603,0.83236551
0.17440009,0.14895315
0.75482827,0.74707866
0.48020902,0.32226485
0.61038429,0.56694961
0.87863868,0.89686990
0.90528381,0.94380414
0.57031554,0.72198862
0.35890225,0.33630988
0.70225978,0.79918033
0.64360434,0.80353743
0.84325898,0.77578127
0.88604838,0.85983205
0.55589724,0.79289818
0.89657599,0.17597333
0.20429319,0.27355328
0.76493096,0.70210099
0.86171085,0.90981239
0.82950813,0.80974191
0.88348800,0.94101930
0.76988119,0.74400544
0.57891434,0.47822964
0.88307744,0.88957387
0.83919293,0.91254580
0.69021481,0.81035084
0.89647442,0.91257709
0.43677455,0.41389197
0.76387113,0.85481483
0.75721830,0.49117348
0.88792413,0.91156292
0.48463050,0.41237518
0.85607004,0.73316973
0.86376655,0.90417427
0.81801170,0.84203482
0.84510100,0.87100881
0.56502372,0.64989978
0.77185541,0.66030031
0.76725048,0.84235799
0.60163635,0.53175914
0.39235166,0.42613587
0.76702744,0.74045897
0.85189921,0.92179739
0.85729039,0.83363283
0.76728141,0.74972790
0.89431506,0.93267393
0.94153017,0.90011698
0.74060529,0.80131948
0.51341671,0.68642855
0.76290762,0.81843573
0.63848406,0.70556027
0.75585902,0.86710781
0.67151904,0.88317168
0.91963178,0.53268218
0.75974953,0.71708071
0.42454782,0.49782473
0.79405016,0.63613039
0.88162136,0.95715326
0.91662836,0.94849253
0.33973634,0.43774909
0.90705621,0.80915117
0.87687260,0.92648935
0.86030519,0.90317327
0.87308085,0.88832200
0.91081023,0.94523060
0.87321055,0.90917122
0.40895230,0.51725292
0.85617322,0.93333334
0.92409414,0.95148885
0.34977758,0.49638805
0.79009777,0.88987964
0.47379538,0.52429187
0.78902286,0.76684982
0.91499019,0.92035741
0.72884303,0.60529757
0.70010734,0.59092259
0.65779251,0.57391024
0.63614535,0.77398944
0.79831350,0.80154157
0.86619425,0.90063465
0.86291981,0.94029009
0.84190434,0.82723516
0.37605485,0.32289064
0.52289546,0.58769631
0.55655611,0.56708324
0.86308241,0.88732040
0.89011598,0.83375001
0.82940978,0.83192021
0.86899090,0.87247783
0.71259516,0.75191194
0.64631718,0.54102367
0.76341802,0.58003098
0.37528765,0.43387705
0.90395010,0.89318383
0.90724534,0.97521418
0.90691215,0.92824352
0.86575806,0.85440701
0.47604010,0.24134728
0.58981198,0.46230251
0.80930012,0.95507568
0.88462800,0.90797651
0.83840579,0.87545484
0.67208236,0.55882353
0.09414445,0.41450471
0.90705186,0.94064313
0.81546509,0.79514021
0.71427077,0.62104017
0.69719803,0.74635702
0.57492876,0.74321967
0.81171626,0.64693373
0.66351759,0.64818114
0.71141726,0.81084216
0.82009816,0.94846493
0.84106529,0.85275441
0.25370303,0.16919251
0.63960618,0.73777807
0.80740315,0.60520834
0.82944411,0.72881877
0.31093013,0.13987172
0.74234968,0.74972749
0.59589911,0.57779288
0.89451742,0.91396326
0.27149475,0.49417111
0.91537869,0.90073121
0.53536731,0.68355483
0.26491216,0.45858580
0.54753703,0.59835202
0.50744301,0.60581255
0.55381745,0.27689710
0.61941266,0.88675213
0.83680177,0.89387077
0.88731945,0.86072850
0.84454215,0.90895396
0.19771707,0.12685186
0.89120567,0.94719952
0.89927298,0.80947930
0.84013748,0.87093079
0.63791823,0.53754151
0.65449333,0.48074982
0.73990285,0.70175231
0.73907322,0.80138272
0.34389806,0.18914123
0.84805775,0.89991969
0.81997198,0.90664697
0.92607623,0.92192310
0.76723945,0.70954633
0.57178557,0.64516598
0.86199677,0.93934959
0.66949081,0.68070573
0.81289035,0.78901410
0.23548746,0.25915682
0.92594570,0.93755049
0.73138660,0.78349674
0.42454052,0.30113637
0.75984246,0.79827219
0.64277637,0.70221823
0.84688181,0.96412265
0.23313320,0.30938494
0.28013685,0.24587674
0.88471097,0.91239721
0.57949787,0.43103448
0.80807775,0.65319914
0.88264602,0.91233766
0.63124591,0.55924815
0.66223168,0.89297050
0.89647925,0.92712766
0.71092355,0.65528846
0.87940592,0.91641706
0.77415150,0.91049892
0.80644006,0.72620887
0.86005992,0.92000842
0.86497492,0.90261990
0.87119377,0.94229674
0.69291627,0.74520206
0.72681767,0.70211607
0.86548984,0.98922598
0.80784893,0.69567865
0.77545571,0.91332501
0.90683293,0.97619045
0.88846129,0.91140813
0.91494077,0.97933853
0.86874855,0.92179483
0.84605819,0.83434474
0.41806382,0.43875387
0.18168372,0.12598751
0.90318471,0.80515140
0.89243722,0.78235292
0.89116836,0.89587718
0.88814741,0.92665416
0.74909019,0.64506000
0.70866895,0.73887980
0.89903551,0.92082554
0.82748944,0.89070284
0.87428087,0.66290534
0.89624131,0.94156039
0.68845975,0.53559911
0.72924685,0.70679015
0.87085038,0.87731093
0.88686240,0.91074419
0.47630286,0.52660644
0.79416323,0.69846857
0.95136243,0.92421627
0.86906946,0.86835557
0.58195907,0.50482512
0.85470343,0.82318991
0.40087056,0.30889091
0.65850365,0.55752653
0.30212390,0.31595987
0.60578537,0.83333331
0.31374103,0.33849600
0.78490049,0.79298246
0.87000263,0.71165258
0.47484985,0.31763548
0.51332062,0.39099726
0.77504480,0.73548859
0.23343967,0.34459993
0.81942374,0.88075078
0.78267288,0.85386860
0.83188617,0.84730196
0.88824314,0.84439600
0.83986872,0.89345825
0.77045125,0.78287286
0.81469184,0.90166646
0.39050093,0.49553746
0.87726152,0.90880620
0.86472970,0.84768492
0.75784039,0.83387977
0.87540412,0.75215387
0.84366548,0.76766616
0.65060359,0.53104299
0.71112454,0.81340581
0.67800188,0.75326777
0.59166515,0.51244235
0.25217700,0.34693033
0.81660873,0.79598188
0.91493958,0.90986842
0.56546736,0.45630932
0.89122123,0.89654469
0.69213575,0.68593282
0.56795275,0.60692453
0.77511251,0.84840775
0.51361603,0.35541871
0.62333572,0.63192332
0.78652775,0.77879041
0.40319446,0.39656276
0.91062021,0.94523376
0.63311040,0.63374132
0.86996716,0.98275864
0.82643324,0.85287970
0.22070022,0.18073878
0.52424473,0.67013109
0.86976081,0.95277780
0.84513336,0.70886618
0.87359023,0.94090909
0.28522891,0.37231132
0.74881262,0.79828602
0.82045281,0.78862488
0.12895633,0.14017177
0.81325209,0.86554027
0.93852389,0.95667285
0.84973139,0.84633219
0.87597269,0.96923077
0.84682930,0.89775115
0.72212684,0.64714241
0.87813926,0.83513546
0.51453078,0.72588235
0.74533707,0.84754902
0.64394850,0.71759260
0.63832563,0.70015180
0.82483435,0.75465667
0.25654835,0.41527238
0.86901033,0.85904509
0.86076236,0.74544257
0.81057429,0.70368671
0.89454848,0.96376812
0.89373142,0.99275362
0.85320443,0.82435900
0.44709855,0.59803253
0.86532587,0.82986039
0.52014661,0.63351828
0.85764527,0.81027752
0.90419817,0.95262128
0.42324519,0.80894148
0.86172670,0.85415053
0.59718019,0.22454269
0.78564501,0.83595204
0.84014153,0.70385230
0.84074616,0.85160822
0.17794368,0.13069455
0.90507120,0.95625663
0.53247434,0.44530153
0.62333822,0.84039712
0.27515867,0.43346915
0.72173405,0.89800197
0.90567243,0.90875059
0.80530488,0.82030994
0.82458770,0.79763937
0.33757234,0.24452288
0.75004625,0.83806610
0.66588926,0.65213674
0.56992865,0.57287008
0.85212010,0.92304611
0.74108905,0.94978607
0.68007320,0.64651471
0.89260137,0.86218202
0.88871437,0.91463667
0.80104476,0.84729153
0.71825922,0.75903976
0.28000042,0.45269471
0.87046313,0.92181176
0.94651943,0.95691174
0.83193558,0.79957718
0.70619112,0.87323833
0.83853126,0.62049538
0.75263375,0.83840066
0.91472477,0.94470590
0.88245356,0.63815278
0.84986508,0.81925821
0.74640924,0.76926482
0.87859571,0.93142217
0.69069678,0.64008701
0.80306500,0.83216071
0.85231626,0.93350875
0.67783892,0.83468765
0.91898447,0.91225690
0.85833156,0.79963523
0.85933340,0.94897085
0.73171556,0.75115359
0.74185145,0.66969699
0.92360312,0.94510549
0.44503182,0.46856546
0.55570942,0.56722486
0.75916296,0.79981911
0.81333321,0.91211033
0.88266349,0.90170288
0.90423959,0.96798378
0.70892525,0.67013174
0.85644060,0.88219142
0.85144579,0.91038436
0.83297688,0.79298246
0.89671451,0.86638868
0.16841446,0.12465912
0.70633000,0.90974259
0.45854202,0.39943701
0.52768272,0.46200973
0.72815323,0.82783753
0.77261442,0.82958025
0.92264754,0.94356018
0.34968898,0.33618388
0.72366369,0.73583418
0.55447298,0.55495280
0.57047236,0.50611144
0.65414184,0.84291822
0.90508634,0.88362384
0.40385219,0.53967869
0.26889819,0.29709384
0.72622925,0.68652040
0.86715156,0.87947094
0.78226537,0.68962061
0.68469638,0.60175437
0.68439811,0.59613425
0.58697635,0.54225522
0.83051193,0.88332212
0.87629634,0.87752408
0.89425790,0.89441079
0.06186364,0.06378902
0.81245780,0.90164453
0.31512201,0.46296296
0.73498869,0.67128801
0.60193706,0.57127637
0.65499586,0.79508626
0.83876491,0.93096691
0.88904226,0.91537356
0.88842922,0.95516568
0.80288959,0.74644977
0.90116876,0.96847826
0.51566583,0.55499166
0.69968367,0.75261503
0.54765487,0.42450452
0.89431149,0.89535546
0.93275553,0.90532106
0.86298043,0.81703997
0.76865059,0.85103798
0.86242342,0.90310782
0.93198222,0.97872341
0.82160151,0.96459067
0.81675065,0.76291794
0.81447637,0.74279559
0.88232332,0.89090663
0.43531072,0.53643906
0.79678357,0.84706134
0.67239642,0.53568822
0.89640152,0.89027262
0.90535760,0.87522280
0.73484331,0.68735337
0.94225979,0.90734500
0.62431240,0.59587657
0.75729924,0.49330035
0.73588383,0.60518789
0.90611821,0.87993860
0.82211739,0.88662660
0.69657487,0.59807694
0.87601036,0.85897189
0.75527966,0.78093833
0.20117411,0.22644928
0.86647636,0.84770489
0.60140145,0.81561995
0.51919627,0.42962953
0.85738379,0.94712073
0.88106734,0.77471656
0.77736890,0.76811635
0.33082059,0.48900464
0.87491143,0.75165170
0.75692278,0.88255924
0.82703477,0.90447593
0.77421552,0.82797444
0.36872521,0.30609041
0.62322569,0.59229332
0.67712295,0.74305391
0.83812970,0.82886869
0.91910398,0.94409192
0.72262073,0.78591627
0.76822925,0.71623808
0.50489295,0.47535211
0.90155202,0.94798648
0.40875942,0.36237374
0.61487466,0.83224422
0.90108746,0.83307701
0.66947246,0.65434241
0.43485406,0.55239666
0.88407338,0.93473929
0.89222568,0.93723059
0.92576140,0.93569988
0.88454837,0.87917340
0.86374599,0.88735884
0.88355231,0.88899755
0.51069611,0.74898958
0.60098147,0.68114477
0.71158016,0.58571428
0.57269716,0.48970768
0.91118276,0.86167032
0.27284831,0.29080674
0.84247112,0.93277830
0.77633715,0.81553400
0.82810611,0.77173913
0.78216606,0.73167789
0.80962378,0.81875646
0.94651729,0.94533569
0.38801706,0.52331150
0.81008559,0.82278323
0.88476628,0.89532495
0.93243855,0.93501192
0.75778133,0.94000000
0.89774120,0.93757176
0.50837409,0.28643617
0.49625835,0.38437003
0.83180022,0.86175376
0.47151589,0.66428620
0.30133703,0.42257217
0.59692270,0.65077490
0.88539076,0.91923076
0.65464222,0.67142022
0.78740895,0.48139769
0.86949342,0.85357428
0.47673813,0.56810105
0.86941105,0.87248802
0.83356589,0.95862800
0.73124403,0.82238585
0.68684566,0.62078261
0.88125777,0.80750889
0.77720052,0.83243144
0.92682564,0.85847986
0.93278205,0.91971737
0.65546805,0.69436836
0.86489749,0.75966048
0.43706635,0.41319931
0.85453987,0.88292122
0.77941847,0.74175900
0.79197145,0.85444778
0.63885194,0.65708536
0.91926181,0.91202533
0.73490947,0.79289150
0.19071504,0.11148074
0.54079926,0.49401122
0.73919851,0.76232862
0.91338837,0.92849016
0.23863733,0.19169508
0.16702956,0.14660482
0.76425499,0.88060230
0.67403746,0.71151268
0.38626215,0.26976076
0.83916712,0.87049526
0.76822484,0.64069766
0.52202564,0.70906752
0.24285674,0.20999916
0.85324937,0.90540540
0.44734269,0.58448458
0.40388626,0.59448087
0.87890643,0.73690474
0.52223241,0.68911612
0.84571248,0.86158252
0.64804006,0.79910553
0.88709217,0.88239187
0.80605912,0.90231508
0.54639888,0.49682686
0.56131709,0.33763418
0.81872618,0.95539623
0.70280081,0.42209944
0.75292706,0.84276849
0.82255697,0.83121246
0.39159116,0.33246276
0.87145460,0.87292683
0.87072057,0.81089091
0.86828452,0.82630205
0.90009564,0.78991252
0.80543768,0.86705172
0.64125419,0.61377645
0.33724687,0.34832197
0.93561852,0.91766828
0.39218923,0.32575008
0.57614654,0.60423815
0.83634305,0.88158941
0.82484066,0.90737563
0.79073375,0.83232540
0.68752235,0.83195084
0.83120954,0.73680902
0.88023317,0.98660505
0.40789247,0.62205803
0.68317890,0.69734889
0.86380869,0.88779718
0.81984717,0.91158903
0.82801276,0.74469572
0.90682054,0.94096643
0.68616283,0.72543061
0.79461521,0.79676998
0.90000886,0.95966935
0.80135942,0.87531143
0.47405493,0.58723468
0.46697724,0.42238268
0.85199803,0.81438857
0.57247078,0.61333448
0.74696738,0.45584652
0.67543846,0.72169811
0.90342420,0.82912940
0.88514847,0.90630299
0.84723395,0.85919821
0.90459138,0.89294875
0.37182558,0.35851455
0.19867294,0.50331545
0.86075163,0.76369637
0.76565862,0.51747334
0.91667277,0.96570659
0.32898006,0.37821880
0.91360205,0.94701755
0.45359975,0.36748573
0.58202523,0.48774403
0.89094281,0.91049600
0.89535064,0.88741851
0.88828194,0.98275864
0.93629462,0.98849702
0.93484145,0.90976351
0.28321496,0.24929525
0.64040262,0.50047541
0.89264119,0.89817476
0.89322424,0.85895091
0.87391627,0.82343489
0.09524303,0.09733385
0.65110499,0.56538570
0.77571821,0.69834185
0.84331352,0.88496679
0.54755914,0.64710796
0.91391397,0.93648565
0.70804828,0.71581823
0.84346390,0.78080195
0.34430087,0.42770770
0.88233262,0.91392887
0.90464026,0.90552974
0.89954972,0.91573662
0.56684268,0.68036401
0.88844794,0.89907104
0.54923248,0.44020849
0.73434025,0.65571481
0.90898597,0.94130152
0.80715245,0.80382884
0.79802656,0.71913344
0.08538487,0.16865297
0.26956350,0.14304200
0.18391596,0.21486166
0.30876508,0.31148237
0.82709372,0.91949451
0.91017884,0.96001065
0.86024863,0.95454544
0.81523877,0.66906595
0.82893842,0.85357368
0.57182574,0.67364585
0.83597612,0.79618436
0.65078211,0.84451681
0.38850537,0.44881848
0.90651441,0.85982561
0.83132154,0.79611725
0.30642566,0.24394307
0.70449191,0.81831789
0.60220933,0.41585678
0.86650974,0.87915879
0.61092210,0.40451533
0.80684131,0.72263235
0.85867584,0.94221395
0.50531870,0.75266081
0.86245269,0.91873604
0.67283261,0.74833596
0.84765345,0.85856056
0.76038796,0.81048852
0.79546720,0.89603448
0.17101091,0.26633644
0.85469645,0.81332099
0.72562641,0.70573384
0.91781282,0.97651005
0.81356198,0.91983503
0.91485018,0.91829187
0.45657617,0.35841557
0.92543203,0.91055554
0.53200620,0.74782741
0.93396986,0.94044352
0.91782624,0.96733141
0.88077521,0.92955494
0.83257502,0.83844447
0.78405124,0.58614844
0.86890215,0.88006818
0.90743828,0.92288601
0.34312537,0.26272455
0.80477720,0.83190924
0.68589699,0.72027773
0.79370391,0.93526757
0.79045200,0.68704498
0.24865706,0.15570776
0.77771151,0.65136182
0.88600063,0.92125106
0.82588094,0.79162019
0.80801839,0.85636902
0.85664040,0.88357931
0.85171807,0.88174993
0.81662470,0.79741377
0.64604080,0.64639425
0.51152563,0.53909063
0.71867394,0.62573582
0.81822777,0.87221742
0.73782927,0.79562014
0.66220689,0.78673470
0.79482073,0.82393950
0.36422890,0.43288681
0.39063516,0.25553018
0.83650720,0.87876654
0.87655449,0.76957691
0.87009281,0.74898672
0.58703780,0.41086957
0.48243618,0.34485158
0.49922580,0.53546131
0.84374022,0.96666664
0.90504456,0.95023924
0.77914494,0.87311041
0.89528424,0.91178250
0.82242584,0.83515948
0.74602371,0.58434588
0.93254095,0.89346659
0.93239319,0.98982012
0.89443558,0.87994564
0.87388760,0.76127243
0.83443141,0.85837102
0.92491633,0.91895425
0.18997277,0.24012481
0.79628533,0.84508663
0.87751001,0.87620687
0.73654056,0.54030800
0.85017943,0.76951873
0.91269219,0.97838503
0.84167200,0.80167454
0.67549592,0.57442808
0.63504171,0.77140731
0.85440403,0.81005025
0.85007024,0.85648358
0.89485556,0.86341697
0.87188637,0.77339107
0.89060968,0.87987375
0.15784511,0.11469042
0.90910143,0.88720489
0.91711539,0.93778312
0.72466666,0.69335526
0.91118699,0.93119937
0.86239094,0.89935899
0.89593393,0.88697916
0.75993782,0.75230956
0.78673422,0.73787737
0.90288997,0.95592654
0.77562457,0.60129112
0.91273028,0.97611338
0.90617973,0.90174145
0.86025238,0.89140624
0.52059114,0.66635603
0.75333232,0.80292118
0.80339539,0.74788964
0.92835170,0.85470283
0.61558819,0.35770595
0.64303148,0.59154373
0.84061527,0.82882243
0.89378393,0.90482342
0.80312687,0.59700030
0.85685527,0.89153439
0.92018044,0.97311831
0.66509062,0.53575748
0.17403364,0.15808170
0.80906224,0.71256495
0.81885648,0.87203765
0.67432564,0.49895087
0.78563482,0.56250000
0.67230183,0.52228165
0.68982267,0.83328664
0.84623158,0.80661660
0.89379299,0.93434107
0.54266459,0.64884073
0.73579657,0.75838923
0.02112230,0.04953431
0.81886685,0.85798162
0.83693320,0.80806857
0.91678673,0.93983078
0.59526873,0.50126493
0.86920285,0.88039112
0.84626001,0.94798410
0.77371264,0.87687516
0.65774536,0.58634460
0.84890592,0.91057914
0.48189482,0.48184818
0.53144395,0.33665380
0.86602658,0.85242832
0.87276590,0.90735292
0.28650790,0.40943256
0.40331540,0.44473892
0.85092610,0.81955886
0.87727106,0.83082032
0.91385621,0.91540599
0.38130847,0.37155995
0.15409221,0.13041443
0.78694582,0.67618191
0.86952281,0.93599880
0.91611266,0.85991228
0.92042935,0.94861281
0.84545738,0.77751720
0.81800497,0.61105484
0.83634460,0.89774948
0.68081111,0.34511524
0.87444878,0.87132150
0.90119481,0.94743907
0.56809115,0.61226863
0.76589608,0.80778700
0.93315333,0.93322879
0.92717314,0.97222221
0.38716006,0.42358845
0.92092931,0.92842150
0.86019969,0.87963533
0.87117159,0.93257427
0.81190515,0.84153783
0.87983692,0.93129760
0.54945260,0.68185139
0.82214504,0.94208270
0.75854021,0.69028759
0.88802958,0.85408163
0.40024063,0.73607951
0.88730866,0.88519126
0.52626222,0.50528187
0.73582828,0.84792101
0.82783568,0.75366879
0.56007999,0.50658047
0.78758603,0.64404887
0.89484698,0.89263630
0.47445032,0.49252614
0.69892091,0.65751696
0.74673927,0.58521760
0.82367504,0.70898658
0.93799883,0.94868690
0.77395672,0.79000568
0.75292200,0.87812442
0.89153188,0.90679687
0.84200913,0.93229169
0.50885415,0.40523237
0.88364851,0.86327744
0.86146778,0.69556737
0.72997832,0.80346686
0.65866911,0.67167324
0.91652185,0.82744044
0.68537933,0.75187397
0.45500645,0.57973754
0.87571180,0.96288943
0.83400923,0.96245849
0.90604603,0.97161305
0.78351474,0.92712247
0.86729652,0.83955443
0.44294351,0.59445947
0.79740107,0.79835540
0.83315951,0.85104710
0.88442457,0.85698450
0.67294729,0.75783801
0.76569712,0.68147451
0.78158712,0.68763447
0.87458974,0.86583000
0.87904191,0.83552742
0.90216732,0.92595226
0.75341111,0.80328435
0.79670638,0.76440734
0.70777100,0.48274773
0.75560111,0.85425282
0.31200150,0.35217968
0.87295204,0.95604396
0.70059729,0.57052928
0.85786963,0.65849674
0.93913591,0.97115386
0.63931024,0.51422232
0.88023758,0.94842172
0.88285893,0.86075163
0.88230026,0.97244149
0.88419533,0.88086736
0.01799490,0.04580267
0.69776326,0.71991873
0.84349930,0.90789473
0.90726846,0.83249384
0.86733437,0.88196427
0.88179743,0.86628664
0.84186333,0.91282797
0.88912398,0.91710097
0.78901523,0.81452864
0.84119695,0.67801344
0.83939266,0.47775811
0.84800756,0.80510753
0.59207749,0.67446810
0.90014696,0.84147245
0.92106807,0.93378329
0.85545945,0.84296876
0.83382314,0.73563290
0.52753276,0.43004099
0.08931636,0.11223690
0.63074946,0.57947791
0.90059537,0.94054466
0.90431511,0.93813747
0.93154752,0.86860120
0.71754068,0.62798101
0.92913878,0.95646960
0.55377203,0.47371379
0.80094492,0.94417387
0.90627956,0.96932012
0.70973653,0.56598759
0.73012990,0.80576950
0.29037195,0.33701411
0.79794717,0.69234240
0.87466240,0.84282053
0.35678485,0.26069599
0.49894431,0.73901176
0.85773200,0.93899584
0.74364060,0.60856491
0.20736463,0.14977884
0.83800763,0.89643747
0.88791978,0.84919506
0.85261571,0.78197366
0.81685013,0.84337187
0.65094787,0.62717295
0.61041188,0.77907377
0.86509883,0.85116220
0.48963350,0.62323946
0.67111897,0.65485609
0.95609891,0.97540987
0.89523393,0.86293226
0.73957205,0.81600612
0.55244958,0.47790524
0.90978068,0.95002931
0.93851906,0.94913703
0.51927459,0.58176565
0.87863338,0.90195483
0.68664247,0.50837183
0.52345502,0.54774100
0.49922425,0.57565135
0.72436017,0.80611110
0.48530009,0.39445871
0.89463103,0.96013117
0.11989256,0.19643602
0.93835998,0.96178591
0.57698578,0.24278516
0.93268269,0.96150458
0.86251634,0.83796620
0.87678176,0.92015117
0.88237327,0.94868141
0.69009316,0.59982920
0.84151936,0.76569235
0.85448802,0.88745636
0.89495766,0.95939767
0.26897475,0.34010842
0.71477318,0.80897957
0.79454136,0.89536291
0.35571912,0.32583460
0.83502072,0.71392745
0.93821663,0.95888788
0.88997895,0.88028204
0.88512206,0.88586742
0.81558520,0.68154299
0.88469356,0.94550353
0.87890750,0.94453758
0.73987812,0.73705500
0.87878853,0.90509939
0.34624025,0.17494252
0.77186888,0.87989235
0.60791177,0.68179667
0.62146503,0.79959714
0.69230896,0.59616596
0.87271255,0.84470910
0.91159880,0.99497414
0.26982564,0.26573077
0.92471594,0.96437126
0.80879819,0.87511498
0.78637010,0.63227510
0.81826270,0.80413121
0.88801700,0.87317926
0.83450890,0.71612072
0.87448484,0.87742949
0.81629354,0.84252799
0.88884747,0.88625824
0.73986620,0.70597845
0.85170436,0.82569063
0.25399601,0.28093535
0.42396149,0.45139080
0.86346072,0.85651290
0.13863139,0.25443321
0.87330627,0.87771767
0.85945785,0.92113006
0.85480565,0.78771532
0.56912065,0.56883347
0.77459705,0.68409812
0.63227296,0.51866502
0.88393837,0.89704436
0.76754045,0.64072943
0.89667815,0.97974503
0.82808459,0.83071285
0.83688825,0.84090102
0.39173472,0.29403645
0.79508477,0.77840394
0.66829419,0.76021636
0.77593660,0.78524214
0.86767679,0.89633226
0.91537619,0.94120151
0.78434217,0.87318563
0.83261353,0.82413101
0.89348650,0.95733041
0.86952019,0.90329397
0.21467724,0.11286988
0.38286364,0.44786826
0.64333266,0.70078200
0.47346625,0.70576924
0.61620361,0.77261633
0.62614375,0.51436228
0.76864088,0.64331055
0.65458143,0.77381706
0.84243709,0.94997269
0.82545930,0.57921028
0.89124155,0.96609181
0.82219839,0.83745748
0.85576558,0.87462234
0.87176168,0.86753249
0.83842564,0.90942913
0.87481427,0.92438066
0.83298677,0.81891280
0.89137697,0.91215152
0.82665360,0.70312828
0.84530532,0.81175274
0.89199555,0.87305474
0.87593913,0.89770633
0.62944883,0.50900257
0.29458991,0.54919863
0.85607582,0.99425286
0.87803495,0.90091950
0.87173015,0.80878663
0.81746840,0.83850265
0.76541311,0.74399853
0.90467101,0.92098033
0.47799513,0.62598270
0.85923254,0.76550871
0.90586179,0.87920874
0.20555103,0.25909430
0.78730041,0.76881856
0.92519581,0.92859668
0.82118517,0.71317309
0.74219984,0.77956986
0.83104402,0.86996698
0.62777299,0.45161444
0.85417515,0.98084825
0.87167799,0.84113801
0.84677064,0.84279549
0.70906043,0.70817608
0.30364862,0.44838309
0.73198897,0.85638946
0.79745382,0.99642855
0.90221703,0.95770979
0.87106711,0.87345171
0.74465269,0.73427027
0.86965883,0.84351897
0.89438188,0.92926937
0.91959268,0.92618775
0.58899707,0.45971575
0.92199719,0.90075141
0.84580213,0.82073301
0.88018936,0.90561372
0.89402455,0.84722221
0.87029094,0.92095351
0.90745890,0.88191885
0.08670633,0.07497706
0.23337574,0.14390244
0.86667520,0.84716874
0.89793217,0.88255036
0.82804167,0.85113996
0.88783735,0.94928300
0.67294711,0.73880899
0.59606349,0.62105978
0.77445167,0.81262982
0.53896636,0.55583185
0.87440896,0.88450295
0.40952274,0.43947282
0.88103676,0.93605608
0.73580104,0.74731505
0.52542788,0.60952902
0.74352604,0.71591765
0.89475125,0.90945148
0.56633878,0.61156446
0.62166584,0.66399556
0.82176691,0.82773900
0.72868168,0.99888641
0.84724075,0.80901307
0.77887076,0.83635467
0.61439091,0.62672049
0.70757723,0.62334055
0.89505094,0.80335766
0.60087818,0.57727122
0.72280902,0.69110304
0.80105257,0.87603253
0.37091878,0.62082064
0.60755181,0.60234964
0.30787671,0.31594202
0.32055551,0.45400271
0.65233523,0.73377436
0.77285898,0.54876393
0.55891281,0.67029285
0.83924091,0.89851618
0.84204811,0.70219976
0.75439829,0.79977137
0.80674410,0.75698471
0.82102829,0.80296588
0.89722174,0.98493630
0.66689199,0.73153740
0.87681770,0.91952467
0.83195484,0.74732560
0.20815326,0.27417654
0.82271892,0.90460300
0.59704649,0.61332309
0.82676232,0.90574151
0.91105378,0.93852460
0.42901102,0.41883275
0.44690576,0.45576829
0.51752090,0.40355298
0.85951048,0.90396249
0.85405493,0.87063295
0.26897985,0.24686849
0.91559529,0.90374649
0.89524484,0.80468750
0.82568353,0.92537314
0.81641340,0.82373244
0.90019155,0.90890688
0.41407365,0.41073257
0.89487040,0.92492646
0.87214547,0.89233661
0.86531824,0.75138891
0.87953490,0.78554803
0.80219716,0.68115872
0.47666863,0.59684193
0.74645865,0.34331059
0.92950231,0.95993030
0.86905742,0.75191104
0.82489830,0.92942840
0.02710551,0.05887888
0.74287271,0.86328375
0.92445058,0.92137265
0.90211040,0.94824338
0.88337857,0.92727274
0.31395522,0.44329169
0.14838699,0.16621801
0.79524481,0.81493509
0.72333908,0.77093369
0.48413745,0.36946368
0.88984066,0.94431466
0.81676435,0.86139697
0.65279490,0.71845347
0.52501667,0.42334017
0.80115271,0.88576943
0.87575495,0.98041666
0.83588856,0.89055043
0.42903924,0.45699394
0.41725925,0.43135002
0.71948999,0.56313431
0.77415043,0.65316665
0.83759135,0.88094515
0.76836735,0.81349206
0.66766495,0.69447440
0.66639274,0.53202736
0.35441813,0.19074610
0.55270845,0.62072283
0.69178677,0.62310362
0.13483593,0.17857143
0.91626674,0.93130344
0.31576630,0.26686859
0.33439198,0.41347429
0.40722650,0.34925410
0.93066388,0.92120683
0.66437346,0.71532255
0.84364021,0.91563803
0.26804271,0.36190981
0.62381297,0.68842268
0.71508241,0.75373417
0.91403657,0.91406190
0.73083568,0.61812866
0.87390012,0.88348532
0.93636411,0.96102065
0.79197329,0.76305968
0.84617198,0.93243456
0.81322801,0.88182276
0.80331647,0.68118411
0.78212017,0.86943781
0.92422807,0.93299937
0.61993045,0.82679921
0.90014917,0.90753287
0.54999417,0.56599897
0.80434799,0.58724594
0.92589146,0.93863815
0.89587426,0.78259116
0.90800571,0.85712564
0.92412299,0.94747758
0.92623323,0.93136072
0.23791474,0.38836405
0.72266197,0.83414632
0.83258247,0.81010693
0.87815297,0.73488325
0.74225062,0.91078430
0.84547734,0.95604217
0.45070729,0.61352813
0.40957749,0.28458738
0.67854470,0.64388865
0.19447936,0.31385612
0.67930335,0.58470148
0.91242111,0.90445155
0.60329020,0.73867559
0.87733847,0.86246496
0.31544119,0.37729108
0.83580053,0.66213691
0.80903596,0.78770852
0.43062899,0.38212597
0.21259724,0.21620715
0.57716519,0.44405919
0.87613940,0.88106066
0.75616950,0.77390367
0.80500621,0.82036614
0.84986037,0.80996716
0.86269784,0.85842067
0.90375298,0.90472430
0.87901187,0.40315506
0.76644897,0.60859418
0.80096853,0.73751736
0.79169500,0.73597103
0.84088111,0.80103737
0.85482466,0.83284163
0.25937232,0.27266225
0.76473290,0.60189211
0.38523814,0.84333014
0.93796116,0.97828609
0.84054404,0.78776121
0.81301796,0.74959815
0.61441642,0.84598929
0.75815672,0.80587584
0.78265733,0.72466218
0.82428122,0.88078433
0.86203420,0.93350166
0.59192550,0.39687431
0.63222337,0.53868902
0.36022219,0.39282146
0.41083524,0.46381423
0.87779534,0.91736388
0.81562835,0.81108958
0.68631530,0.69661492
0.65916157,0.62597948
0.91390300,0.80019981
0.66143912,0.47633147
0.79172391,0.84880120
0.87076437,0.83789790
0.57104987,0.67357653
0.80628735,0.72186613
0.55400604,0.51307732
0.78047973,0.77973855
0.25484651,0.34047765
0.51895523,0.55808079
0.46214589,0.41156632
0.45442405,0.51598209
0.89821637,0.89465147
0.84417295,0.84753376
0.77642423,0.70289034
0.90314132,0.94705653
0.85656232,0.92244416
0.91339433,0.94948977
0.75677836,0.63704205
0.82356483,0.88767505
0.35274544,0.44295454
0.85155565,0.91778165
0.92744905,0.96724421
0.85054821,0.71548676
0.49066862,0.70466030
0.91279632,0.96487606
0.70396030,0.69793046
0.81943893,0.83635980
0.93392140,0.95140678
0.69045085,0.73388773
0.34698075,0.30173033
0.89157689,0.91107738
0.83882177,0.84156317
0.72114253,0.68461519
0.75422865,0.82612556
0.90295964,0.90076631
0.58688807,0.57860386
0.90387100,0.89237136
0.82960522,0.80948132
0.80830997,0.63861454
0.29464185,0.38626665
0.43558857,0.52671957
0.83914417,0.87913013
0.90898943,0.95767272
0.85368383,0.86352932
0.44678286,0.33011273
0.86166000,0.94629246
0.93024415,0.93036580
0.90967226,0.91126776
0.89389861,0.97853369
0.59630638,0.64231008
0.79997706,0.78312474
0.92353982,0.96205503
0.90400851,0.91715837
0.76727384,0.68434751
0.84488821,0.88573885
0.86816961,0.89452815
0.36337149,0.26408178
0.45548886,0.52276689
0.87276077,0.91676831
0.55253720,0.59834677
0.86640620,0.62980771
0.86002535,0.84498233
0.93011379,0.97385532
0.58865827,0.71306640
0.79290903,0.85761565
0.27398956,0.26958776
0.88572156,0.88651258
0.88377941,0.97886825
0.85439456,0.88575268
0.73851949,0.81904554
0.83786112,0.85631067
0.88014120,0.78633600
0.44629940,0.53611565
0.58821076,0.52867132
0.78642356,0.58175290
0.88857967,0.74276859
0.23935200,0.16462965
0.89626056,0.93084574
0.84710586,0.92125493
0.76359618,0.86562502
0.53461629,0.52665967
0.78563720,0.76739419
0.83949679,0.86697251
0.89394915,0.90608108
0.21770221,0.21021059
0.80877608,0.71524066
0.81891513,0.82290912
0.68906331,0.77031821
0.74959868,0.79810995
0.76185524,0.51792771
0.59874713,0.67713457
0.80976957,0.73488283
0.86796391,0.88671398
0.90121496,0.86932921
0.45232749,0.45771959
0.67161191,0.53966188
0.85009289,0.88286805
0.81275028,0.80708271
0.79645574,0.92190522
0.87334198,0.70137870
0.79060674,0.84829384
0.82813281,0.83466822
0.77381748,0.71924812
0.84756368,0.93329918
0.59616053,0.76857030
0.67087775,0.55803180
0.87232441,0.88090771
0.89086932,0.84025007
0.92436820,0.91762823
0.88540298,0.86246240
0.56153840,0.51923591
0.56513578,0.53985041
0.41214138,0.41860464
0.86238831,0.74591571
0.74108565,0.71431565
0.82773930,0.85822320
0.83884454,0.86392111
0.86673963,0.84782684
0.39798531,0.31394839
0.55726838,0.64767081
0.54717797,0.60114735
0.83997351,0.80974412
0.38932759,0.37164414
0.44401640,0.46460047
0.82055408,0.84319019
0.18069203,0.16497388
0.91367817,0.94478381
0.66670167,0.60501510
0.80131668,0.81430602
0.87415755,0.85963488
0.63647693,0.52581948
0.78634262,0.90674686
0.73531288,0.59478402
0.76411349,0.84960896
0.74910712,0.80011517
0.21413121,0.29427531
0.86748844,0.88049716
0.87784934,0.94305301
0.80672616,0.88107681
0.75103331,0.66533875
0.92671585,0.92313504
0.71452707,0.73524374
0.89070469,0.86621511
0.93664652,0.93106729
0.64739203,0.47980279
0.79362839,0.83803141
0.89309478,0.86684155
0.85545230,0.88924634
0.80072784,0.68040210
0.76260155,0.81234568
0.33668706,0.34900808
0.87917882,0.93970716
0.87051731,0.92941880
0.83456212,0.80512625
0.86918932,0.91325521
0.84218544,0.74869227
0.35991856,0.21674128
0.85802770,0.95140427
0.83105570,0.76357943
0.72959894,0.73503256
0.89908731,0.93443501
0.51794958,0.43088040
0.52171868,0.61491698
0.14592169,0.20233637
0.76690978,0.93137479
0.81213766,0.88597447
0.83710223,0.82273108
0.92969662,0.95281094
0.91911376,0.95226735
0.78079045,0.78538090
0.88691521,0.94541657
0.88530815,0.90407228
0.54527819,0.57378972
0.86846721,0.81096095
0.86744583,0.94468367
0.84173471,0.91102755
0.76736683,0.65889424
0.39743453,0.55896705
0.20780089,0.25727087
0.54618019,0.55153459
0.66425127,0.56407166
0.56232768,0.62411201
0.40800893,0.44689736
0.71048629,0.89418244
0.70761472,0.74401551
0.91614366,0.91926515
0.39160478,0.48811969
0.70264089,0.60936344
0.84866446,0.96453899
0.86398941,0.94567049
0.52132368,0.58518744
0.67993969,0.85896105
0.87437660,0.92436975
0.69549352,0.76619637
0.55896062,0.37865728
0.62940735,0.53696579
0.80025470,0.68268484
0.54500204,0.54181010
0.85782903,0.86332214
0.41062611,0.63521641
0.83842510,0.87784016
0.84654814,0.94144881
0.62350649,0.56423545
0.88903028,0.88804388
0.83654159,0.90700543
0.89924222,0.95015210
0.46922943,0.62058789
0.55663848,0.79883087
0.83636665,0.92123985
0.21622375,0.29284340
0.53912836,0.65918279
0.93160194,0.95156682
0.67712271,0.83087158
0.57865542,0.55090457
0.90213853,0.89478815
0.73178518,0.71079355
0.28722271,0.29572579
0.78282398,0.90395570
0.71475989,0.70062238
0.39387706,0.42544800
0.10570884,0.13499986
0.37612113,0.59261674
0.76446426,0.83686870
0.83459151,0.71431649
0.82879329,0.80535322
0.40613005,0.44080490
0.59033084,0.68046820
0.87482715,0.88211900
0.84356183,0.92337251
0.84369838,0.90806741
0.64860064,0.42550504
0.84168458,0.81607956
0.81106961,0.75267017
0.55510032,0.54109889
0.45503607,0.64185476
0.74101430,0.78316742
0.83798945,0.83877629
0.79962659,0.80120999
0.87787348,0.89555258
0.89143175,0.88730419
0.70533335,0.89329320
0.88289034,0.86925638
0.88642448,0.90426528
0.46723050,0.32794622
0.70006704,0.72307694
0.79935563,0.78880227
0.58498716,0.69225228
0.66855818,0.49802372
0.85660619,0.94826311
0.79482716,0.65071899
0.81365246,0.69458610
0.87003320,0.91751724
0.66241950,0.60509634
0.79380834,0.72117525
0.66277438,0.51230520
0.87787634,0.83057493
0.86918598,0.62790275
0.75153965,0.72464728
0.69077176,0.60357124
0.81945246,0.57811230
0.57954437,0.76451755
0.65867603,0.65460360
0.89383721,0.91930300
0.78439939,0.41803375
0.87448353,0.91481394
0.43978137,0.57398993
0.27112907,0.30924433
0.64496636,0.72230905
0.50348920,0.49731249
0.77553648,0.73707688
0.87697792,0.87325001
0.81199104,0.81795913
0.77172112,0.80513459
0.86215067,0.90945530
0.51242673,0.66351891
0.83832645,0.83636242
0.81062680,0.81954020
0.92406273,0.93428570
0.76160377,0.72480237
0.91922235,0.95489550
0.88965797,0.97859430
0.70740145,0.76543307
0.87773436,0.88159877
0.60488021,0.66364735
0.78600025,0.66201407
0.78671879,0.81898528
0.92121369,0.90554053
0.89217502,0.90113240
0.37511063,0.20370160
0.38652122,0.31864753
0.26105481,0.22531345
0.56048948,0.56835264
0.83321863,0.89218456
0.89586699,0.91149521
0.55838025,0.43312377
0.71971363,0.41225928
0.80058056,0.85576922
0.89287460,0.72041112
0.82451254,0.84452683
0.81950974,0.82641959
0.85726237,0.87013572
0.68115389,0.40221089
0.87706321,0.93004912
0.85584259,0.94750637
0.52267784,0.42811745
0.91756392,0.95471442
0.86437124,0.91122085
0.41220599,0.51083529
0.50222862,0.27325070
0.68851584,0.48874459
0.61284912,0.53219175
0.88663483,0.91258496
0.38939205,0.51421547
0.14675517,0.16824375
0.89020789,0.95793831
0.88320923,0.87224317
0.38167864,0.35857671
0.83509159,0.88580358
0.69845420,0.65312827
0.55152410,0.45671040
0.79195064,0.84324133
0.90835780,0.91488916
0.51235628,0.43936557
0.92818087,0.96191794
0.44872007,0.36642864
0.92764795,0.90795249
0.86376512,0.92329091
0.85733366,0.82083333
0.92354476,0.94758064
0.38582796,0.37408519
0.87995893,0.87000698
0.82887852,0.88083166
0.87628406,0.88705063
0.71480411,0.59842324
0.69570202,0.60643572
0.77333057,0.83627653
0.34461108,0.39646974
0.94181156,0.90601200
0.46788514,0.48900181
0.87093174,0.87262613
0.70350844,0.70908070
0.87130362,0.75484210
0.75901955,0.77926588
0.74370533,0.75887817
0.50673133,0.24975027
0.37702510,0.61219209
0.90786988,0.95826328
0.93338299,0.96291733
0.63504606,0.49350649
0.85039032,0.75180954
0.65197450,0.55396414
0.91094118,0.92468077
0.83469343,0.89616227
0.88409853,0.87778515
0.87463021,0.94268423
0.45863834,0.69172472
0.90644956,0.92317021
0.70991600,0.62751853
0.78567618,0.68234134
0.58553094,0.72234392
0.37279323,0.52153915
0.59606987,0.48065290
0.88120252,0.90427721
0.89850074,0.92455280
0.85386145,0.86911076
0.59108877,0.60090137
0.77475947,0.78461540
0.86327642,0.94017917
0.87806058,0.89266616
0.86191911,0.92072195
0.87386429,0.86983883
0.68637735,0.66580093
0.86740172,0.77782387
0.84053826,0.91726822
0.89195627,0.89858943
0.65382665,0.89878005
0.37707052,0.56363636
0.82747489,0.79968596
0.66913515,0.68719727
0.86872315,0.85790408
0.85647243,0.90293932
0.87838054,0.95863920
0.46696147,0.36549816
0.85654217,0.90652174
0.76597655,0.81130463
0.85515308,0.69390404
0.86612719,0.86177069
0.73777801,0.66614151
0.08546767,0.10867411
0.83252364,0.83432090
0.18143691,0.27899492
0.88923377,0.93369395
0.65314025,0.76367360
0.58822560,0.52248341
0.61425018,0.70664138
0.38576308,0.47202370
0.65014237,0.72612965
0.93446833,0.89943314
0.31030571,0.55499828
0.88266498,0.89636755
0.82620025,0.75809509
0.70006663,0.63974792
0.83810318,0.78104293
0.81812429,0.88610148
0.90751463,0.93431371
0.78178883,0.83934772
0.58561867,0.71283698
0.89029890,0.89842480
0.66279823,0.54730159
0.65764070,0.43214285
0.75593215,0.35497200
0.52774024,0.52035463
0.16305403,0.16419658
0.31962618,0.40966952
0.68358302,0.61902410
0.54329681,0.72706509
0.86189902,0.90523183
0.80179501,0.81309521
0.69694448,0.62879652
0.78630251,0.82935148
0.58652109,0.72596747
0.84487838,0.78171802
0.67268109,0.76299530
0.85609901,0.91868389
0.20868006,0.25794923
0.88112277,0.94805503
0.64306402,0.54948288
0.92005783,0.96323186
0.73461521,0.70808846
0.83030313,0.74844444
0.87819618,0.82007611
0.85032159,0.84158826
0.85640574,0.90366298
0.80731833,0.79571223
0.85823774,0.80758429
0.64447147,0.79464287
0.22372337,0.39908019
0.79396862,0.73734641
0.27403954,0.07455605
0.33575991,0.17020099
0.90719450,0.93589354
0.55379117,0.63321871
0.77767706,0.80233514
0.54337180,0.67605603
0.90254813,0.91330028
0.78253949,0.71992844
0.92796099,0.91117382
0.47646433,0.47939801
0.81063074,0.85910517
0.51983404,0.56120360
0.66209120,0.99609375
0.82863009,0.82705593
0.35416871,0.31308284
0.89134270,0.71998125
0.74108964,0.61743915
0.81975079,0.79744208
0.79480314,0.80658859
0.84418237,0.86582166
0.84982705,0.94588816
0.65937394,0.67820317
0.86834639,0.86383486
0.75764036,0.55416667
0.74480331,0.64915603
0.74946439,0.77142859
0.75239307,0.55404264
0.57454872,0.72441417
0.82445049,0.84533483
0.67301673,0.71924734
0.84797996,0.87103897
0.82959765,0.86925709
0.88724434,0.89299560
0.90511990,0.85965991
0.90963650,0.96687371
0.87563723,0.87602341
0.73829293,0.78267020
0.84354329,0.90069497
0.89483172,0.88417375
0.68167853,0.69139767
0.81726843,0.81770831
0.70773399,0.67526495
0.46163175,0.52850091
0.86095327,0.81791282
0.79185367,0.61894262
0.83712143,0.91690284
0.42778617,0.49491447
0.82693762,0.82243747
0.75949132,0.62001604
0.77649277,0.76807755
0.53579825,0.42000598
0.63125134,0.63359320
0.87276930,0.92971718
0.77833802,0.57530427
0.83064002,0.80952382
0.83439511,0.92160279
0.90072262,0.84482759
0.82467765,0.84970713
0.43656898,0.28383347
0.89937419,0.88441843
0.65660989,0.69579417
0.25798157,0.22469424
0.87571537,0.82103914
0.79970866,0.75675434
0.70104676,0.65243727
0.86263609,0.88136077
0.80930817,0.85177046
0.87378377,0.89009333
0.87679231,0.81751615
0.36927658,0.26774266
0.70495373,0.70526057
0.77770126,0.83430231
0.60913718,0.62772018
0.85298806,0.85244316
0.68566322,0.57725251
0.31532496,0.29824492
0.64107347,0.61118960
0.85790318,0.93584907
0.86309057,0.93856561
0.53726268,0.36630476
0.62026137,0.58595842
0.32387072,0.38987574
0.83308256,0.87111205
0.86686963,0.83429378
0.89070255,0.41153699
0.89008152,0.95909977
0.89077765,0.92901236
0.61496770,0.61069566
0.86911529,0.89789295
0.70462745,0.74303269
0.89591062,0.85485041
0.92380565,0.88345087
0.30228832,0.27619258
0.86373603,0.95724529
0.87148762,0.83617675
0.40986216,0.49744982
0.93802190,0.94597828
0.83902836,0.87699610
0.87661624,0.94724703
0.88641256,0.90196633
0.88374346,0.92557651
0.72525436,0.73717207
0.72286367,0.69321382
0.91106093,0.94005603
0.88231218,0.88258708
0.85219049,0.90425348
0.91766709,0.88550907
0.77599311,0.45869714
0.89027005,0.88097888
0.21671799,0.25123823
0.92200011,0.92153847
0.88811308,0.94516450
0.71551460,0.57412654
0.89530313,0.87704951
0.88412595,0.96241832
0.79611993,0.82477778
0.30372295,0.29932868
0.78147155,0.69225293
0.38749757,0.97664815
0.88892561,0.90223086
0.59829062,0.60148513
0.78226364,0.79319382
0.82794303,0.78682846
0.77519256,0.89248890
0.67818266,0.35644263
0.75091165,0.80514705
0.81976628,0.84663057
0.62977630,0.65003949
0.83359313,0.64214063
0.51722127,0.59708977
0.36413181,0.20019954
0.87215370,0.88225627
0.21547766,0.15344574
0.88000751,0.92121214
0.81402183,0.67571312
0.83249080,0.76544768
0.88464355,0.97370946
0.86134309,0.84361732
0.78046530,0.82224995
0.45114839,0.37674493
0.85936755,0.90007275
0.85393465,0.89105046
0.91538537,0.96345901
0.88389200,0.87839490
0.77771413,0.71089637
0.90299046,0.89089328
0.67149210,0.75335133
0.89209366,0.89259034
0.06650566,0.06829837
0.87028235,0.94404960
0.92335683,0.96098900
0.66644347,0.62072366
0.72780412,0.48020723
0.71437168,0.81188536
0.89352620,0.89475161
0.87986767,0.88479143
0.86934137,0.85508496
0.89517081,0.92049551
0.53341913,0.63504386
0.86467409,0.84325689
0.91403168,0.86173087
0.81529462,0.84849393
0.53003329,0.45001563
0.86318946,0.87728935
0.91989255,0.88124722
0.64188010,0.52454460
0.41168284,0.55092359
0.87666184,0.90826315
0.80024970,0.78231227
0.88441724,0.89741707
0.87911570,0.86492676
0.45424816,0.15921940
0.29968822,0.29984215
0.65727341,0.43859890
0.91631246,0.99230766
0.81712282,0.84102565
0.23417982,0.17442191
0.61291301,0.70329672
0.40916184,0.40908498
0.44341230,0.40095246
0.58836859,0.48571542
0.50578028,0.49918452
0.89606249,0.88721877
0.39611802,0.08909262
0.82125521,0.82946324
0.86721671,0.75512242
0.88398635,0.92004907
0.90117389,0.88721830
0.52659333,0.53965944
0.91409713,0.94276226
0.85505092,0.85317880
0.81332010,0.90883893
0.69544661,0.61259478
0.25075933,0.41220814
0.69779205,0.76328313
0.88499695,0.94481438
0.79903257,0.82163745
0.82356948,0.79190278
0.11481037,0.14329004
0.70455772,0.54568022
0.85821003,0.91237390
0.82524389,0.64533132
0.91793811,0.89040375
0.15573053,0.23491916
0.81249762,0.70512819
0.91626716,0.87333721
0.74631637,0.50275481
0.46885285,0.41492388
0.70991051,0.83216679
0.87645584,0.84765434
0.87982398,0.87943816
0.89831090,0.91746032
0.80482507,0.84982634
0.87226605,0.68396997
0.81836087,0.84090906
0.76566094,0.70183557
0.53716350,0.77616769
0.89033723,0.94641560
0.54100013,0.61118776
0.51732337,0.68366092
0.36568412,0.45492229
0.79221135,0.80246884
0.55904359,0.71277618
0.82856095,0.86717635
0.71143121,0.76205230
0.91931695,0.96383440
0.35876882,0.43993151
0.36138639,0.38756835
0.91713536,0.91624326
0.38998830,0.31154683
0.86676949,0.91513997
0.93813175,0.96767455
0.26274589,0.18740541
0.72463298,0.66513056
0.33149129,0.25474322
0.92681968,0.94279474
0.77359575,0.81180859
0.92923576,0.94845963
0.86855912,0.97481686
0.53671837,0.18055958
0.49447703,0.19880952
0.29014841,0.38651857
0.73581880,0.80794996
0.79326999,0.82167602
0.90517128,0.96399838
0.84555328,0.84096026
0.83486611,0.85861164
0.71868682,0.65253198
0.43050286,0.45501372
0.46258178,0.42889556
0.89760655,0.92932373
0.70078582,0.59381235
0.89253330,0.91048646
0.88867378,0.92507005
0.91470820,0.88690591
0.18495135,0.23253667
0.90626341,0.92717087
0.87329429,0.90045935
0.88107896,0.93431395
0.81778193,0.90154886
0.79820585,0.88411397
0.36202592,0.43741089
0.89408344,0.83839709
0.86683345,0.91226202
0.44044703,0.31578946
0.33209741,0.40491804
0.90295410,0.93180543
0.85475028,0.88696444
0.90549356,0.93975824
0.86241102,0.95710742
0.89039612,0.93605047
0.89609528,0.91082805
0.48229387,0.60890597
0.85045868,0.90525424
0.89377922,0.90705884
0.83666891,0.75723577
0.85877109,0.76311040
0.89915228,0.83497620
0.79425949,0.93640012
0.88899988,0.89069539
0.81075835,0.81720781
0.56582534,0.63918066
0.79924935,0.91938615
0.64427990,0.87966478
0.76842248,0.02964612
0.87806141,0.90822428
0.69481283,0.71300256
0.52953714,0.57531393
0.78871852,0.88143426
0.80331951,0.85934305
0.72576356,0.64706433
0.87129962,0.96249998
0.81704670,0.92266011
0.81166321,0.83189654
0.79972595,0.77686781
0.49278516,0.59934556
0.79898322,0.76567739
0.79220200,0.84105265
0.90218985,0.91954386
0.12864685,0.12743473
0.81285197,0.62894773
0.74776292,0.41752899
0.56610125,0.50101358
0.79152828,0.78430188
0.78200114,0.68559217
0.57828420,0.60607475
0.87266368,0.88823915
0.84895468,0.84758389
0.77799219,0.75931394
0.21605152,0.23200859
0.42733285,0.38606334
0.92520827,0.89179516
0.87397772,0.94080716
0.57531744,0.46410990
0.79603064,0.65484893
0.81209773,0.31590417
0.22572961,0.24041301
0.89565527,0.94095367
0.83612698,0.87500000
0.38573882,0.61891466
0.90676165,0.92870259
0.25179860,0.27204525
0.66739094,0.45376888
0.70436984,0.57336152
0.89651209,0.87294120
0.80339253,0.85196078
0.87353110,0.85354626
0.90401918,0.97498119
0.57504272,0.42754343
0.88274193,0.94963878
0.43336853,0.45171499
0.91739625,0.96791446
0.89226407,0.86007518
0.88555849,0.83196211
0.87013078,0.85797906
0.83719498,0.91861320
0.59115350,0.35621205
0.88721424,0.85198003
0.79319537,0.79217917
0.40999490,0.17416899
0.92291909,0.91427881
0.81155968,0.87962961
0.55174881,0.47461370
0.84124267,0.92484587
0.91667736,0.91949022
0.61999160,0.60943729
0.63714397,0.77308971
0.89743304,0.87145025
0.49832940,0.55161566
0.66799182,0.63959783
0.26868168,0.34424084
0.81402844,0.69670886
0.51850122,0.71045119
0.87770277,0.73442084
0.38903821,0.45881557
0.68604952,0.66664827
0.83735943,0.93217814
0.88321644,0.81453234
0.51697844,0.75454545
0.79796112,1.00000000
0.88140452,0.93357509
0.74591374,0.71567297
0.79018205,0.84580421
0.69581288,0.80489445
0.71721202,0.77475005
0.84005368,0.74435073
0.88518679,0.88111013
0.35652465,0.25292870
0.84749579,0.93983138
0.84574169,0.94122696
0.84998608,0.85635376
0.86681366,0.80575335
0.84077972,0.85893720
0.71705073,0.93557674
0.85834622,0.90379173
0.31291559,0.14004968
0.90608466,0.83660132
0.90222615,0.93454885
0.38241285,0.26287934
0.88192624,0.91712707
0.57139397,0.65285587
0.73881793,0.76490575
0.65543455,0.58143669
0.27026418,0.12236842
0.85725868,0.93267488
0.87630945,0.95400006
0.82125360,0.85818166
0.89785141,0.91877991
0.74428105,0.72395557
0.65516818,0.80206394
0.12286258,0.10837964
0.40456760,0.16903889
0.89440680,0.91320348
0.78322268,0.68061656
0.88337773,0.93670887
0.48346478,0.37096778
0.87710971,0.87613404
0.90444070,0.90014768
0.77903050,0.89949495
0.87884033,0.91311008
0.69814807,0.51841706
0.87431049,0.89685607
0.82743883,0.86471170
0.81011999,0.83123648
0.30320096,0.25009397
0.87934512,0.92673993
0.88429713,0.89891565
0.80722767,0.84587008
0.93081623,0.90423000
0.80294198,0.73255002
0.89521611,0.92189580
0.90675479,0.88496912
0.73596263,0.71860522
0.78435045,0.74341798
0.91195512,0.92109185
0.77386552,0.99761903
0.41465819,0.46135831
0.76736397,0.71771282
0.90141737,0.87048554
0.71322286,0.72692442
0.49582154,0.57671326
0.75428122,0.88399357
0.37387067,0.40305534
0.89563596,0.88357663
0.87744862,0.94397849
0.49021879,0.66152561
0.63726562,0.75018382
0.88938105,0.93260264
0.83315927,0.85270655
0.75337988,0.55598551
0.62471330,0.68247974
0.88537747,0.90051502
0.90197790,0.96181631
0.85726702,0.95810419
0.84903437,0.88069820
0.82133073,0.83784002
0.77755505,0.88187933
0.77625418,0.54209012
0.67866445,0.77091575
0.81821495,0.81152558
0.72318715,0.61299437
0.92416734,0.87382627
0.73757303,0.62929517
0.88303870,0.88459653
0.91724807,0.97421932
0.30741614,0.30498749
0.29554263,0.23558581
0.75828445,0.89388430
0.77554262,0.64270473
0.20211820,0.35376799
0.91351765,0.95362890
0.87970656,0.95308578
0.50337440,0.49136579
0.95447111,0.96046054
0.76461720,0.69312167
0.91968584,0.94805765
0.85666680,0.81778711
0.82971942,0.84878772
0.83976895,0.85112309
0.82237887,0.73909897
0.82703853,0.89631337
0.72743380,0.54158878
0.19016309,0.11928131
0.87591702,0.79812777
0.80020237,0.79585254
0.74732500,0.81701428
0.83139759,0.83949620
0.77209634,0.89025772
0.68588603,0.65752423
0.85951775,0.75183153
0.87987769,0.84598374
0.83548987,0.89336401
0.90346962,0.92591268
0.83658320,0.20265526
0.91301310,0.91118538
0.89412522,0.87318838
0.30103558,0.39870444
0.87756079,0.95628518
0.92477661,0.93480587
0.90411073,0.68611109
0.77134681,0.80030638
0.63416445,0.58126551
0.89578289,0.89695305
0.58165663,0.67022020
0.57432336,0.55239910
0.82608938,0.85537314
0.87578660,0.94570857
0.91416961,0.87090105
0.44445768,0.34116378
0.91736585,0.91170633
0.80490160,0.75524253
0.64944315,0.78257108
0.87266535,0.71781015
0.48663470,0.55659592
0.21115533,0.23622312
0.91204107,0.90851682
0.67525208,0.69989014
0.86977541,0.82449800
0.68188059,0.36360854
0.73240846,0.74996972
0.87318236,0.98918617
0.46277675,0.58207434
0.76907456,0.79490948
0.87491447,0.89624220
0.58208573,0.72093529
0.53937674,0.47539854
0.73370534,0.71786344
0.42202866,0.30410188
0.90867412,0.92258757
0.87075067,0.85097408
0.88547915,0.97181028
0.90111428,0.97244811
0.74164945,0.74257195
0.89538348,0.83984154
0.92274463,0.95610476
0.89173394,0.89228970
0.88993919,0.95104462
0.39836404,0.48661110
0.69508708,0.23532061
0.90464377,0.94193619
0.82493269,0.94814813
0.65583462,0.76838869
0.88182044,0.91721088
0.81789082,0.71718627
0.83144504,0.87530082
0.77944714,0.80126286
0.85769105,0.87911576
0.88014829,0.87978101
0.75136751,0.76279688
0.72951913,0.59722221
0.80009317,0.77453446
0.86710626,0.83986402
0.28975764,0.33316183
0.90585601,0.92045456
0.21024573,0.16410257
0.83886576,0.87043571
0.93885475,0.94557279
0.92390233,0.89435160
0.89640802,0.87352216
0.83545446,0.78661382
0.86136454,0.93115294
0.40525210,0.33930302
0.91517109,0.96018147
0.91652465,0.88915795
0.49247590,0.62549937
0.40194461,0.42995441
0.86834872,0.86061025
0.84768236,0.82341480
0.72751606,0.61313039
0.89938825,0.85261708
0.88871485,0.93497360
0.91099405,0.93336874
0.90206665,0.92636108
0.61084622,0.70151520
0.39293507,0.43657759
0.89333934,0.89725381
0.79545945,0.89741272
0.79574209,0.92162603
0.92267877,0.96660280
0.85990649,0.87866646
0.85558826,0.92998105
0.86915034,0.94204807
0.32289982,0.40268132
0.93788135,0.96721530
0.94494963,0.82956123
0.89293307,0.93272763
0.37466699,0.28030348
0.84244144,0.84774113
0.64691514,0.66428322
0.87901235,0.85773218
0.89237589,0.83218777
0.78218514,0.67524999
0.90902185,0.86763257
0.68177843,0.45857561
0.73048592,0.55131948
0.65746874,0.57006878
0.89427888,0.91356343
0.17978983,0.35344827
0.82767397,0.68637580
0.77763927,0.85277158
0.41426322,0.51030177
0.90615505,0.86988801
0.89899915,0.89293605
0.58858591,0.51675773
0.90059662,0.91071427
0.87617105,0.91369045
0.84573901,0.76848835
0.11589636,0.12009080
0.28977424,0.33951929
0.56155968,0.57617915
0.77552873,0.73087358
0.86060447,0.89735472
0.75926590,0.20103613
0.34423012,0.39131579
0.91244739,0.91408473
0.82364559,0.85691029
0.91644430,0.91631782
0.78770298,0.77734041
0.78548336,0.56578946
0.88808316,0.90342987
0.87785172,0.80230767
0.47414011,0.64375412
0.88062882,0.93873984
0.78434336,0.73178452
0.85455829,0.90988481
0.38621989,0.25153777
0.87370920,0.86816931
0.51464564,0.52582270
0.80628699,0.84114772
0.92077881,0.93597382
0.08579165,0.05177786
0.90230393,0.94183105
0.84026235,0.83697361
0.85949934,0.88469118
0.72861356,0.21718000
0.10874570,0.13375518
0.86576951,0.88863069
0.85482550,0.89505064
0.89892972,0.93717951
0.91319066,0.96428573
0.57079637,0.42815128
0.64029557,0.82392406
0.57400870,0.71136653
0.79706901,0.72151899
0.43378720,0.29105273
0.88802683,0.88285232
0.91062409,0.95917141
0.88795757,0.88766891
0.77222490,0.75831223
0.93504643,0.94079292
0.36405748,0.27233332
0.87450892,0.92894202
0.81576645,0.74482477
0.78013939,0.68835163
0.69253874,0.69626689
0.78844345,0.76337951
0.54191840,0.52755839
0.30304757,0.48439011
0.84323543,0.81957686
0.73634326,0.64755809
0.79456192,0.69263530
0.90945792,0.93752217
0.62176311,0.59006566
0.80817950,0.81194216
0.75474101,0.55855328
0.83352083,0.92853534
0.40931380,0.31734344
0.89972407,0.92831528
0.71091354,0.72871143
0.92381471,0.90732759
0.94130933,0.91167587
0.87616384,0.89145327
0.69045973,0.60457516
0.54390919,0.55800653
0.57298893,0.51890302
0.85998291,0.91044778
0.80560535,0.80315363
0.89490980,0.93414629
0.22626914,0.30079299
0.90458542,0.86599702
0.84022987,0.84880590
0.41098389,0.32693663
0.71613193,0.79857057
0.63553822,0.81092477
0.92041266,0.92455530
0.46731547,0.51497561
0.81963551,0.89615589
0.56916863,0.40874887
0.89831352,0.89347422
0.89044899,0.88959527
0.88222742,0.89362514
0.87410569,0.94016254
0.90215027,0.70615774
0.70620793,0.74715853
0.77752143,0.77799922
0.33732870,0.38993159
0.79541218,0.88015294
0.78626686,0.73414218
0.88608748,0.91260988
0.71134698,0.58093786
0.43787831,0.32032537
0.87917316,0.91386050
0.85489112,0.83528072
0.88198435,0.90238804
0.82312334,0.86159825
0.61002851,0.55233061
0.69361198,0.84287149
0.86283714,0.95948678
0.61057037,0.78245258
0.81378537,0.85784400
0.78414452,0.82536179
0.37363511,0.40037879
0.34816310,0.37431037
0.86131084,0.82199389
0.91046703,0.53693014
0.86195534,0.78574461
0.18099149,0.22848853
0.87737876,0.82250047
0.79407096,0.73024690
0.87671453,0.89206827
0.84898794,0.92170960
0.54017717,0.44967532
0.84395128,0.92603070
0.47042716,0.51326311
0.70939726,0.78067976
0.82505435,0.88254195
0.56307131,0.77216905
0.86723304,0.94628650
0.83886951,0.84378111
0.87055826,0.84498900
0.71652395,0.65070677
0.83071607,0.87078249
0.87809384,0.88635421
0.86485374,0.87408596
0.55692816,0.68906432
0.52978325,0.49958915
0.89310545,0.91602910
0.87416899,0.84021819
0.79848766,0.78692722
0.64616907,0.58999157
0.85565162,0.84815788
0.80165642,0.84443849
0.82351184,0.78091633
0.80209577,0.84737122
0.17843211,0.17152122
0.55684996,0.54855615
0.92327499,0.94437683
0.92353064,0.92429012
0.72102934,0.55621076
0.78558874,0.81466025
0.86002201,0.80726790
0.84111845,0.78682929
0.90761656,0.94617754
0.87664241,0.88148147
0.70516491,0.67054486
0.70053858,0.85064381
0.86117035,0.92771083
0.86665457,0.75047678
0.93519264,0.95686454
0.84831440,0.87358367
0.18180843,0.23834726
0.71785313,0.77629673
0.84406948,0.89035308
0.89502668,0.97187579
0.89618570,0.90651137
0.76054829,0.90096408
0.65390998,0.53995329
0.91662729,0.98958331
0.84082878,0.76987988
0.91151798,0.91929823
0.73841268,0.66241825
0.72754818,0.64942288
0.89142454,0.89044762
0.65807855,0.67610937
0.82774991,0.72676283
0.81243408,0.76720375
0.83554018,0.83216292
0.90506971,0.90534341
0.84552830,0.96796197
0.84648383,0.87003565
0.62060183,0.63031000
0.90579396,0.92950636
0.86936903,0.88743019
0.88931853,0.87090665
0.86309445,0.70694989
0.88738412,0.97563297
0.78685844,0.79623288
0.87981558,0.88405353
0.44675845,0.49265650
0.88173091,0.99444443
0.83611923,0.79036933
0.83800328,0.70986301
0.92262703,0.92288488
0.41924250,0.30756614
0.63185591,0.68696600
0.78980350,0.86625421
0.49671581,0.35050800
0.55061495,0.46106213
0.70222396,0.44303864
0.89498550,0.87660164
0.79256165,0.83545738
0.86708778,0.85069126
0.85384917,0.81162632
0.44637993,0.57950193
0.76048219,0.73750222
0.91834843,0.95530301
0.92604172,0.95363468
0.26929244,0.32808661
0.62988621,0.55121565
0.88135386,0.92689967
0.87723362,0.90217435
0.89226651,0.88427126
0.65241575,0.65315610
0.85932237,0.87675571
0.73362279,0.66503936
0.04323212,0.11494103
0.64786071,0.67119473
0.79139978,0.79233122
0.66202366,0.66094005
0.74530715,0.93963963
0.66155857,0.69750714
0.78988069,0.85764241
0.58257866,0.52840298
0.77938527,0.73471564
0.86935329,0.89596272
0.67862618,0.35766375
0.68199408,0.63896549
0.48831084,0.40296757
0.85617059,0.88704634
0.38257933,0.45070335
0.71386576,0.83443046
0.48295256,0.47934622
0.70890439,0.67756408
0.90062726,0.93684494
0.59139383,0.56713766
0.81906605,0.90593648
0.67961109,0.70142967
0.42547435,0.50965667
0.76163429,0.88671875
0.60895222,0.52885211
0.89536130,0.83463115
0.40502355,0.34641609
0.90346187,0.82876712
0.88191140,0.91406453
0.37540185,0.30129331
0.27972129,0.63616073
0.28033710,0.04845155
0.79675823,0.88600469
0.70336360,0.61904764
0.56363606,0.45204136
0.81805187,0.81475151
0.71194750,0.90451390
0.16322125,0.22177146
0.24630721,0.29945654
0.80746114,0.68983757
0.89686674,0.91415662
0.84991610,0.87006044
0.57905036,0.80337584
0.91884404,0.96874243
0.88392365,0.88009894
0.78980106,0.85188872
0.94502342,0.93316805
0.93458283,0.90077287
0.79658735,0.80911100
0.14069121,0.11408894
0.85556477,0.85279375
0.82537103,0.93032849
0.87793434,0.91492677
0.84823412,0.90733528
0.80750746,0.81771487
0.86667758,0.91498768
0.90586758,0.95652425
0.94511741,0.90646917
0.65477818,0.64652777
0.73765373,0.58315706
0.89977813,0.85891318
0.71739298,0.69257730
0.87579429,0.94185799
0.85858375,0.88832200
0.79013044,0.85598040
0.83383983,0.78168249
0.83954352,0.90263158
0.78433245,0.83303654
0.87445211,0.91967493
0.79559112,0.71624804
0.87250686,0.80990237
0.90185940,0.90912700
0.79599911,0.80256462
0.63629460,0.59552443
0.26008797,0.23681186
0.56670618,0.50253379
0.61819988,0.54191619
0.18799448,0.18189681
0.49229002,0.42438155
0.76041633,0.72044647
0.84030730,0.91439730
0.88633806,0.91684574
0.89902925,0.92506206
0.29512793,0.24160588
0.31333095,0.27595365
0.91917932,0.85697168
0.69896543,0.66573411
0.76666021,0.89220566
0.60219038,0.47112080
0.58262628,0.48271435
0.80346859,0.77254188
0.85159212,0.96651059
0.84379882,0.72334933
0.90677506,0.64689296
0.35494396,0.72345650
0.13647094,0.18042041
0.84449410,0.60098600
0.66184640,0.49399674
0.60067642,0.71402138
0.90521592,0.94178361
0.49705216,0.29500368
0.86007029,0.90296113
0.14114626,0.05136472
0.90268129,0.94964486
0.35086522,0.47654912
0.55147791,0.55289757
0.84656489,0.81119543
0.70967889,0.90784472
0.91142076,0.89685374
0.76524609,0.67636144
0.58592993,0.40288460
0.49252993,0.42986614
0.93018281,0.98393756
0.54520303,0.61065215
0.76149678,0.65012896
0.89331257,0.95646000
0.49774003,0.50420672
0.92166901,0.87978321
0.92992812,0.92094803
0.76275945,0.66511738
0.65891784,0.60660034
0.37079787,0.44250327
0.89380658,0.89464885
0.94471234,0.92523944
0.90636212,0.94815439
0.77140063,0.88486564
0.80991292,0.83461541
0.82598531,0.87142307
0.78664154,0.83375567
0.64502281,0.56789601
0.75398105,0.84102881
0.85718250,0.85782647
0.64487267,0.67394406
0.91824532,0.95129144
0.77625787,0.59579164
0.91074640,0.87803340
0.88309401,0.86035794
0.75968564,0.66070873
0.77693260,0.82681078
0.67774725,0.67062145
0.68642646,0.58097559
0.35433432,0.39346027
0.19060239,0.34014612
0.31784520,0.21975319
0.75472927,0.59207392
0.79016721,0.87201297
0.78835404,0.78771836
0.71464926,0.70762616
0.66759056,0.67272651
0.78269434,0.87387979
0.85497993,0.96345621
0.52989310,0.42077038
0.48340487,0.15829608
0.91649008,0.91199678
0.90884358,0.95495719
0.23815501,0.35403588
0.67944825,0.66532016
0.87993097,0.92055923
0.66284531,0.91490322
0.92934203,0.97001278
0.87668484,0.88018858
0.88111502,0.93117476
0.95581001,0.95382863
0.81314754,0.86244410
0.71929896,0.73442101
0.88651884,0.91228068
0.77281922,0.93927830
0.55755085,0.46267676
0.74442536,0.70179617
0.89830911,0.91501409
0.92366141,0.91996789
0.63648236,0.54710144
0.37853971,0.31135127
0.89010435,0.93886197
0.88449228,0.90465760
0.89482534,0.94040430
0.51413423,0.66389376
0.81048822,0.82772726
0.92430055,0.91983473
0.41125676,0.39805523
0.84684247,0.87549829
0.62757564,0.66744733
0.86871135,0.79849559
0.84058559,0.85115749
0.78442955,0.81344086
0.87128145,0.87896824
0.84936291,0.66121429
0.76057881,0.55836362
0.65604991,0.51431823
0.89144140,0.87147808
0.92272162,0.91590399
0.87450045,0.90799302
0.91421437,0.85250485
0.89683127,0.96512985
0.89747423,0.95205468
0.86183506,0.91211528
0.60902023,0.65570402
0.73546761,0.75059289
0.86304396,0.72716153
0.78790665,0.57137841
0.83278424,0.76650643
0.90607595,0.91661173
0.78738260,0.76482922
0.72451884,0.74185425
0.37951878,0.31294981
0.91719151,0.96527582
0.83028066,0.85145080
0.87050152,0.80889010
0.73195165,0.76749974
0.63944560,0.41971815
0.88405550,0.84762043
0.76406145,0.87377679
0.20522481,0.40974379
0.51930791,0.66561794
0.85806674,0.82890910
0.78201884,0.86212122
0.70753872,0.68294156
0.17439647,0.31551424
0.80546063,0.72432435
0.71983176,0.87636930
0.86442441,0.89229268
0.26978141,0.70499414
0.93214619,0.94096440
0.78278869,0.69155443
0.40982297,0.42263299
0.83005059,0.78516775
0.82531232,0.73881149
0.56383061,0.26188931
0.77092761,0.92157781
0.70896095,0.71014494
0.68883681,0.63020581
0.27799606,0.46329337
0.62388009,0.48507112
0.71680474,0.77320921
0.42746660,0.51368695
0.93662423,0.95154363
0.73767042,0.82196611
0.36303595,0.31492946
0.85156757,0.86184406
0.89543796,0.91306508
0.80567193,0.81522924
0.32758230,0.29763985
0.87691444,0.91791171
0.88073105,0.84123367
0.87968904,0.86639059
0.72391224,0.70728254
0.38794163,0.50532764
0.81298566,0.75413793
0.74516201,0.79802209
0.39431223,0.06908450
0.30459568,0.46709225
0.72074419,0.48625547
0.81531751,0.91732252
0.88331115,0.91885495
0.56083900,0.35408440
0.88743538,0.91003817
0.69287443,0.76037735
0.45139727,0.57758534
0.92289197,0.90748078
0.92899662,0.92078489
0.62451762,0.43711427
0.88293618,0.89867485
0.46066317,0.58305603
0.76573074,0.66135561
0.54238087,0.60321182
0.76163042,0.78839141
0.84322262,0.87336266
0.91620159,0.91758722
0.89996761,0.82968795
0.91290867,0.94885772
0.72944152,0.74861449
0.92506647,0.87827450
0.85339844,0.85758328
0.78657067,0.82503259
0.76019388,0.79437703
0.83257133,0.77544993
0.77656853,0.96475953
0.92928588,0.88080531
0.91008681,0.93811256
0.64849800,0.53290743
0.90596646,0.88905644
0.86255342,0.82162529
0.87602770,0.82956201
0.53827757,0.54464805
0.80272186,0.85636365
0.89466661,0.93567741
0.60800278,0.62207139
0.76513624,0.75282866
0.81394941,0.83056438
0.61167425,0.60219049
0.64591652,0.59485096
0.81886518,0.92739350
0.31264901,0.36347941
0.89642614,0.93956929
0.68810958,0.58518565
0.30335107,0.31247404
0.85210949,0.84383649
0.56818312,0.60194921
0.84294552,0.90385151
0.89682120,0.91632074
0.80898750,0.79541570
0.85420114,0.92923933
0.84057605,0.87799019
0.88125551,0.91084057
0.57904357,0.60825026
0.66414005,0.80930573
0.56061929,0.44092557
0.93052632,0.93097347
0.87333184,0.94509882
0.84091264,0.82213134
0.77463990,0.79500026
0.75594223,0.73055553
0.59801096,0.65812683
0.82018977,0.89912975
0.83747178,0.60179102
0.75480837,0.67281604
0.79244381,0.68463725
0.88773555,0.98814118
0.38081610,0.46337771
0.60135108,0.68644661
0.84008986,0.84266508
0.79186451,0.79233730
0.79764861,0.84904999
0.46461159,0.62392473
0.85932690,0.87537408
0.86470294,0.86046410
0.83023500,0.92244172
0.70164806,0.12338441
0.81132823,0.92666966
0.91384238,0.89816177
0.88340491,0.92510438
0.83797354,0.78233039
0.82810616,0.88588852
0.76450282,0.63951617
0.86829978,0.89922249
0.50282186,0.43105555
0.35146138,0.26039925
0.66607636,0.57132524
0.35297164,0.52865130
0.24651596,0.34113720
0.89196569,0.85555959
0.64244664,0.68694735
0.79374725,0.94155842
0.51885611,0.67960298
0.92562735,0.98026317
0.65308052,0.71152312
0.84106588,0.11945333
0.89828926,0.91170597
0.91908908,0.94761902
0.90340543,0.87409574
0.68352050,0.63698959
0.89530230,0.91972297
0.62024593,0.60412472
0.14422315,0.17510287
0.58429509,0.65124583
0.90920097,0.94237727
0.88305396,0.81131107
0.88922262,0.85678673
0.86376399,0.89682353
0.75822878,0.68675578
0.79688096,0.69969225
0.86005461,0.89197922
0.91292346,0.93751657
0.56360948,0.52735651
0.73184460,0.67539680
0.86472684,0.81089741
0.93490177,0.93118787
0.23267823,0.23821059
0.81873959,0.88850033
0.32517782,0.29759315
0.89354038,0.98387098
0.85793811,0.68531996
0.90823233,0.90717655
0.64507836,0.63645130
0.80812126,0.63410997
0.63440055,0.56390709
0.30704746,0.38640112
0.65009755,0.59971195
0.83210236,0.81190509
0.29203835,0.77822804
0.88617390,0.94847524
0.63317031,0.50519210
0.89569533,0.93418801
0.92691636,0.94858783
0.84859186,0.86462289
0.91064793,0.93756014
0.84796911,0.81495655
0.45240033,0.48136434
0.54139483,0.37597519
0.67646801,0.70359051
0.73540246,0.62592953
0.68237901,0.51125449
0.39726338,0.54233509
0.90635294,0.87815273
0.39966235,0.49069935
0.78029370,0.90702724
0.93847597,0.93976974
0.86484224,0.93013632
0.84019387,0.91496599
0.52271372,0.46256721
0.63492507,0.81667751
0.62278801,0.61455625
0.81523925,0.86431748
0.89440477,0.92088908
0.95475137,0.95627242
0.33864555,0.35047990
0.49256462,0.27582550
0.86671478,0.89698404
0.58454406,0.49309525
0.56561339,0.59674865
0.87849379,0.90041858
0.86984360,0.84657222
0.64689463,0.74964249
0.75372100,0.84259510
0.92048258,0.92773968
0.88245207,0.86005497
0.50378442,0.43663746
0.59425259,0.65562260
0.83829510,0.77084839
0.85610735,0.88929200
0.71845472,0.56137246
0.88549936,0.95222330
0.79847836,0.93880033
0.72660458,0.61130273
0.74854791,0.66463548
0.62720609,0.57126212
0.79581320,0.81140125
0.89357358,0.87110692
0.55893469,0.51611155
0.76706493,0.82379520
0.88742965,0.92742449
0.79782015,0.86062193
0.89508826,0.87861025
0.78344458,0.76460183
0.58083081,0.62398291
0.82477057,0.88543117
0.77304959,0.65755576
0.64941764,0.71240228
0.87651229,0.88966560
0.61617517,0.61563998
0.24794072,0.27041593
0.84852004,0.82627690
0.31759238,0.36762342
0.67764187,0.70276552
0.77154064,0.76733917
0.43985876,0.50571364
0.88397580,0.89392662
0.84786832,0.70371163
0.88090390,0.92180008
0.88887686,0.95222223
0.92673266,0.97394812
0.83831865,0.87787205
0.29526567,0.26346931
0.82231611,0.60044956
0.87951165,0.88773692
0.91941500,0.94300526
0.68272310,0.65546620
0.86460626,0.88994503
0.90048754,0.94645202
0.80372584,0.85202897
0.79568952,0.84666324
0.93106139,0.92938083
0.55797154,0.65601927
0.59819651,0.79284823
0.83912396,0.86666667
0.50403261,0.49213353
0.89556772,0.90919971
0.32882240,0.37278584
0.66852427,0.61247760
0.90744090,0.98069954
0.89882886,0.89074618
0.83759928,0.92161173
0.82428098,0.78991175
0.56336886,0.50117564
0.89332616,0.92743641
0.91546237,0.93714100
0.60791069,0.62839681
0.87385631,0.86453646
0.63798726,0.51834238
0.65621442,0.51592159
0.88846958,0.91337049
0.74056971,0.84103644
0.23285687,0.26368701
0.91998345,0.94897270
0.83798546,0.86834514
0.87484390,0.83479828
0.42276269,0.32072389
0.89526016,0.91436714
0.85259926,0.92822248
0.84002143,0.66482651
0.81289458,0.87753588
0.92850673,0.95978361
0.84385097,0.88037038
0.76142883,0.82229638
0.81844550,0.81553066
0.87145931,0.90870708
0.28599119,0.22173683
0.82689923,0.81991667
0.83250105,0.88727701
0.87361807,0.97264469
0.87931138,0.88453460
0.44609505,0.39998743
0.76079893,0.72426903
0.38605854,0.37020344
0.62215400,0.62159497
0.83505988,0.80033547
0.82482725,0.87703180
0.79381770,0.72613961
0.93063653,0.91932911
0.76281238,0.80875707
0.86115789,0.96621388
0.78115755,0.73590565
0.60455149,0.53175282
0.86957729,0.95569479
0.72461110,0.85787910
0.88903123,0.91462767
0.87410468,0.84964156
0.89259350,0.92041367
0.74185830,0.43037850
0.66951597,0.65663856
0.24660185,0.34939492
0.93642294,0.91933256
0.70087004,0.79794973
0.88108134,0.24443860
0.21884894,0.19908604
0.85878462,0.92154646
0.60864329,0.79469872
0.61379427,0.67562401
0.75580728,0.79151249
0.76920009,0.66866726
0.78437930,0.84853733
0.58774316,0.66561460
0.81329983,0.81181318
0.15651374,0.16883211
0.76934910,0.69151980
0.92223376,0.94042695
0.49416396,0.57627106
0.39873019,0.52826089
0.91337949,0.93764573
0.88916922,0.87558526
0.43980995,0.41945186
0.41223216,0.40059206
0.91596240,0.93563622
0.81219441,0.81188291
0.18343103,0.14387700
0.49156108,0.67460316
0.80618554,0.75912517
0.77728122,0.69298339
0.90812039,0.92375308
0.82983458,0.94433659
0.67259181,0.33902389
0.88763011,0.88370687
0.58682340,0.60963219
0.83408070,0.91833335
0.49006379,0.58405799
0.79584891,0.75930297
0.88943428,0.87258023
0.90662092,0.93895632
0.42988750,0.43178505
0.63086027,0.38442686
0.62210703,0.56603146
0.67730486,0.71205699
0.40255636,0.32590580
0.90941906,0.88000000
0.19066013,0.09435582
0.92390597,0.93921590
0.85021716,0.94690579
0.83979064,0.86420643
0.80215752,0.86055839
0.88995737,0.82858294
0.89057070,0.91889256
0.90228748,0.79470009
0.53765839,0.47681984
0.89522284,0.91692543
0.84271234,0.76311851
0.62459767,0.53652096
0.62577999,0.43902439
0.91014212,0.92598152
0.30708885,0.14750355
0.19996805,0.12500930
0.84601659,0.94349796
0.82678461,0.90295762
0.91841310,0.93720138
0.90203387,0.90058959
0.18365395,0.21902834
0.59534705,0.37369376
0.48187974,0.24889717
0.89158076,0.96393663
0.67748660,0.78216499
0.82814640,0.79706925
0.16583255,0.23380351
0.85728472,0.80832392
0.83268642,0.81209868
0.78716397,0.72360629
0.90539747,0.93560302
0.53523934,0.42252624
0.79607171,0.76539201
0.90112048,0.97972971
0.88963741,0.96800590
0.77547622,0.77814007
0.79229212,0.67242688
0.69659907,0.55221295
0.82176399,0.48824480
0.04069118,0.07052541
0.88633054,0.89690268
0.93677926,0.92507643
0.40331957,0.54578048
0.89979875,0.91136366
0.90604991,0.91526860
0.77306342,0.88864428
0.31310213,0.31234205
0.81783921,0.68848288
0.90551925,0.90304595
0.57026976,0.56129384
0.84560478,0.84524548
0.42199504,0.30743930
0.34090865,0.52422714
0.82892519,0.71524698
0.67655510,0.64460522
0.71855921,0.90030444
0.92876804,0.94745803
0.87691915,0.88062829
0.90529621,0.92783791
0.90794003,0.92027003
0.11834006,0.17943431
0.68851513,0.95145631
0.90860891,0.93441278
0.51515061,0.68503690
0.87923622,0.87123710
0.85130382,0.88809526
0.73273504,0.69953054
0.77368158,0.81813127
0.27987796,0.37159628
0.58341283,0.29625952
0.42304599,0.28532243
0.86158115,0.85054159
0.77471578,0.92562938
0.83924890,0.87106997
0.88601917,0.84478593
0.73624295,0.73150969
0.88550889,0.92903388
0.81086749,0.76272196
0.05711522,0.08568238
0.69500566,0.76789194
0.66902155,0.81197923
0.46125549,0.48532185
0.78266871,0.79078865
0.68199188,0.65116352
0.88956106,0.96470785
0.59751427,0.55118233
0.77135491,0.78396225
0.84339249,0.77738202
0.72476435,0.86583269
0.76976299,0.84166664
0.79059678,0.70324481
0.92454553,0.94711012
0.69911718,0.85160482
0.90839726,0.93683344
0.65084517,0.58848786
0.85698879,0.88028342
0.91148865,0.84917581
0.60061753,0.70565295
0.52581120,0.41524440
0.42957339,0.54964250
0.80394876,0.69148803
0.85919362,0.95602828
0.87281042,0.83180285
0.76553673,0.79387879
0.56645644,0.47865498
0.78237408,0.90606135
0.90783101,0.95982093
0.85523385,0.81467670
0.87527651,0.78690267
0.36093292,0.17064413
0.80260932,0.84632868
0.90350240,0.93790323
0.84108359,0.85245901
0.75626868,0.47078872
0.90492600,0.84759617
0.64370233,0.76904571
0.82360893,0.67385155
0.77437818,0.73476619
0.79873288,0.88548368
0.67828333,0.70113432
0.86090100,0.84885603
0.86982328,0.90338469
0.84347767,0.82758075
0.62821227,0.52502859
0.69593054,0.65216792
0.69796646,0.62694097
0.85635334,0.83595008
0.85511863,0.93602693
0.89132452,0.83276290
0.88886082,0.85947710
0.81060624,0.79183537
0.89540243,0.95738298
0.57920188,0.66735572
0.46768367,0.64438772
0.74431866,0.56597847
0.81898654,0.64929682
0.51537842,0.61122042
0.78502989,0.66178775
0.78768367,0.65776700
0.88418204,0.89681071
0.70473868,0.76346344
0.87028295,0.95932311
0.91248065,0.92198241
0.31799412,0.48826945
0.07334726,0.10680799
0.60774356,0.68948412
0.30229980,0.29136214
0.86600524,0.97972971
0.78407335,0.80772376
0.77430105,0.76360542
0.88934922,0.84191996
0.81369805,0.77688491
0.72917736,0.78312802
0.86871701,0.84217387
0.86719608,0.90997022
0.90392429,0.90726715
0.91526884,0.93198651
0.88803923,0.81842673
0.84687239,0.79706222
0.80757624,0.80172646
0.26255009,0.31707820
0.89530534,0.95548791
0.82642567,0.86841512
0.87940758,0.84227818
0.87594390,0.84136605
0.83645892,0.84452415
0.84367990,0.83379704
0.71749014,0.80149972
0.41915911,0.48747450
0.91022992,0.98148149
0.83228582,0.87855417
0.67449772,0.64632630
0.10955469,0.13333993
0.64040917,0.59449309
0.75928164,0.80787051
0.52889109,0.39782366
0.83762866,0.89029396
0.82201374,0.83938628
0.41155124,0.47833067
0.73859048,0.68499780
0.50557315,0.60607290
0.90376943,0.93123323
0.91489410,0.86792201
0.88041091,0.88176209
0.41386050,0.62249100
0.85314214,0.87446427
0.85725516,0.85988402
0.59390348,0.83945477
0.87784308,0.92678893
0.66751373,0.45893669
0.80156833,0.76620084
0.67695254,0.65751547
0.87126917,0.86638761
0.91010404,0.93196636
0.78515834,0.91527689
0.51280093,0.43201447
0.70707822,0.69329590
0.82800317,0.82569033
0.89734977,0.90167713
0.89555836,0.93781269
0.81312269,0.99166667
0.04290011,0.07119388
0.88268209,0.91083103
0.84509856,0.85227573
0.25689036,0.22015037
0.52258801,0.33580360
0.76344299,0.71583664
0.78770494,0.69845706
0.88333511,0.93265718
0.80297303,0.74616790
0.27260646,0.17975725
0.37033767,0.64841282
0.44817683,0.58648145
0.77869225,0.76639825
0.61640739,0.58259737
0.73487550,0.57789510
0.68551463,0.73101193
0.87333065,0.88887489
0.88119435,0.92653334
0.87315226,0.77204609
0.92085606,0.94158655
0.77418095,0.73460716
0.89835924,0.85845518
0.90887213,0.96074772
0.76262057,0.76332963
0.91778320,0.92130870
0.78472763,0.63106823
0.78304929,0.86904764
0.70465553,0.62137681
0.62897474,0.69717968
0.73544490,0.62352329
0.91225094,0.19285475
0.75171697,0.93114913
0.67800814,0.67452687
0.91598982,0.93856800
0.40501326,0.34905660
0.80827433,0.75569052
0.78319377,0.56770831
0.82165807,0.92663145
0.88288599,0.94022715
0.70180809,0.67264873
0.88580370,0.88423645
0.76539826,0.86261904
0.65613526,0.60852438
0.73274618,0.53065002
0.57557917,0.68030012
0.38265747,0.47194296
0.92362094,0.93220341
0.86519885,0.89097673
0.76135784,0.66884613
0.84995723,0.88850945
0.81751883,0.88932097
0.21693383,0.16695653
0.54731220,0.61830258
0.75377119,0.67327338
0.77425700,0.85753751
0.58678442,0.53779238
0.79140043,0.86649662
0.89976519,0.89299858
0.87807548,0.96202534
0.72169417,0.57181078
0.52002269,0.60144925
0.88740635,0.85056043
0.81628007,0.78023899
0.92565912,0.91588992
0.29420599,0.28081399
0.62839937,0.75372505
0.83479363,0.80725032
0.74418461,0.72609496
0.91469318,0.98553824
0.82930142,0.78690523
0.82525516,0.88962543
0.11117760,0.12251612
0.92339432,0.96561623
0.77050662,0.81306690
0.92509621,0.93226063
0.81827641,0.90780938
0.83583117,0.95410550
0.38724056,0.50064051
0.85637593,0.17005523
0.61660087,0.67373949
0.86246526,0.94060165
0.85691041,0.84559554
0.27762678,0.26626548
0.92759746,0.94038880
0.87149215,0.93379462
0.84534287,0.86828297
0.86938024,0.93649572
0.89961588,0.87033379
0.42403200,0.30239484
0.42601323,0.75320405
0.78199542,0.64618421
0.83359224,0.80412138
0.79665649,0.84704185
0.93060255,0.96123320
0.92359847,0.99000001
0.81061327,0.79330862
0.85887814,0.84130782
0.52717942,0.56824267
0.89122015,0.93353629
0.88876003,0.94065863
0.77570516,0.83396387
0.92137045,0.86737651
0.90019947,0.93076921
0.76992399,0.81203127
0.89167643,0.91948223
0.89336699,0.96731538
0.79120344,0.66242820
0.51554871,0.50470990
0.90540224,0.95643938
0.70123875,0.72128850
0.87461925,0.84586579
0.82569134,0.76629037
0.84698302,0.91518635
0.69066793,0.65751314
0.77425939,0.86267960
0.93321186,0.92284340
0.78277963,0.71982896
0.53158730,0.44666255
0.78255123,0.80244207
0.45846283,0.55172747
0.86836815,0.89200079
0.67550641,0.57812291
0.80766833,0.70387191
0.64838070,0.35829931
0.83790827,0.78926712
0.56479865,0.62279826
0.74619693,0.63501704
0.88370347,0.95910424
0.62686467,0.80791867
0.56836504,0.37608716
0.75952852,0.60309088
0.39560926,0.67371470
0.85826182,0.80536258
0.75701249,0.70601851
0.73635495,0.77915603
0.58757716,0.49406329
0.74826914,0.89151007
0.91390759,0.94268775
0.80967265,0.73738050
0.86509514,0.92052633
0.86032021,0.83014584
0.48465922,0.46121386
0.88048851,0.83173078
0.85255653,0.88455808
0.67710239,0.66780853
0.86450702,0.95223755
0.85184860,0.83463120
0.64232910,0.56047386
0.78258497,0.71757340
0.39544344,0.27852824
0.24311759,0.19048506
0.79818892,0.73409849
0.89529914,0.93607050
0.71246642,0.67824072
0.48653370,0.52498394
0.60563427,0.47280738
0.84555107,0.77034056
0.76800185,0.58825344
0.48276302,0.51538432
0.54330778,0.48177847
0.47973853,0.58467114
0.86865985,0.90775782
0.92145270,0.92439532
0.68077993,0.67871708
0.68417573,0.68213701
0.68683910,0.80082154
0.70852828,0.75862384
0.39621064,0.33779141
0.90085977,0.98343235
0.85071146,0.88749582
0.73050475,0.73438913
0.81872284,0.72330016
0.58507651,0.67253858
0.84662628,0.87918276
0.33015588,0.28183806
0.90767992,0.97442567
0.80295366,0.69661677
0.90458030,0.94012767
0.88881814,0.92631358
0.86440974,0.88204587
0.87837559,0.93467259
0.23791328,0.41041511
0.87272179,0.91388887
0.86114436,0.84910339
0.86288339,0.96799505
0.84438169,0.92860109
0.74128264,0.83098817
0.88211274,0.93587887
0.92609906,0.96623707
0.85527229,0.91050261
0.73973387,0.90038919
0.72570282,0.86312574
0.81269133,0.82508343
0.89358491,0.88796860
0.51127130,0.39896694
0.30302784,0.33061740
0.73925120,0.88319206
0.37588435,0.41717896
0.40339473,0.55536669
0.93745953,0.90886855
0.88139349,0.57984751
0.92472380,0.90169120
0.81831801,0.81267005
0.87999475,0.94749999
0.83282316,0.84824699
0.87590235,0.91906285
0.83298939,0.81047422
0.92438847,0.97802615
0.67087150,0.91478366
0.55793029,0.44305736
0.72293389,0.78115833
0.91978508,0.94915253
0.77703077,0.87132651
0.64953923,0.69052649
0.74335748,0.76175255
0.64427012,0.71315020
0.71325111,0.58285314
0.51911139,0.52807713
0.90181780,0.98107141
0.73897380,0.65546507
0.41191965,0.44111520
0.62391979,0.56628370
0.56375384,0.73233843
0.92411125,0.96042806
0.53799564,0.55050504
0.69260865,0.66516650
0.90348667,0.86129528
0.87743258,0.82908076
0.77194089,0.74611723
0.67478639,0.76525813
0.85870409,0.90927100
0.71503896,0.60400087
0.81479895,0.94416016
0.80889034,0.66264325
0.84653491,0.09637783
0.93989098,0.96862489
0.62502164,0.80731523
0.88873267,0.92791831
0.61328477,0.55941457
0.70999128,0.60825813
0.85796458,0.86800700
0.88598382,0.97567004
0.73950523,0.66535783
0.74739105,0.72670645
0.87874955,0.86571139
0.89445281,0.91038311
0.80993164,0.59109044
0.77912259,0.82247573
0.47713447,0.45888653
0.90366596,0.91079795
0.49980980,0.49548846
0.86477524,0.89794171
0.08464804,0.11910129
0.94285995,0.89069951
0.09670219,0.15725546
0.87979245,0.96538460
0.90510732,0.94564301
0.83267403,0.71695369
0.85560542,0.62296212
0.43130144,0.53124499
0.62901449,0.65715879
0.74664587,0.66834688
0.48759919,0.21868169
0.61373740,0.55416667
0.55012077,0.43706784
0.81733984,0.80063033
0.90097654,0.90268874
0.66775095,0.60752630
0.47181815,0.61615503
0.41594180,0.37033582
0.54898727,0.61427045
0.91119301,0.97887844
0.90293330,0.90608376
0.60070020,0.56728727
0.93549937,0.97202671
0.54934436,0.35575166
0.89294142,0.92224234
0.63792574,0.63843971
0.28231463,0.30286923
0.84968513,0.91054130
0.69138169,0.68342865
0.37599882,0.28797027
0.17649153,0.20291358
0.86846411,0.86948252
0.61851805,0.91682285
0.88479644,0.78800392
0.87257499,0.87119436
0.58135188,0.43287298
0.64999002,0.70836127
0.18883017,0.32228628
0.81786305,0.86419630
0.26024851,0.16025908
0.67747790,0.74384892
0.83033705,0.81542057
0.74728370,0.58880627
0.83570325,0.76590323
0.93378508,0.99206346
0.74881744,0.77681589
0.60300618,0.50917512
0.83511674,0.85952008
0.77063465,0.63465470
0.86686039,0.88424534
0.76050657,0.63328665
0.93212503,0.94574910
0.16686369,0.11811777
0.92822945,0.91740221
0.82441086,0.90386921
0.90500510,0.94970340
0.88543820,0.87843370
0.53051245,0.39732978
0.86554986,0.84708250
0.80673933,0.80015755
0.63875329,0.55821848
0.88169366,0.39024442
0.69493443,0.84693062
0.73053998,0.69758278
0.80625254,0.93098426
0.86584514,0.82907850
0.88033110,0.99166667
0.91758460,0.97223514
0.17068376,0.24435264
0.45562825,0.42901236
0.89380133,0.82156307
0.35156888,0.35357124
0.84851742,0.92150867
0.86098421,0.56147814
0.34147817,0.23245470
0.54810095,0.48848704
0.93230635,0.92389894
0.93557900,0.95277780
0.63961583,0.76972771
0.69065958,0.67172754
0.87098724,0.84837419
0.84310734,0.82475513
0.37898877,0.23030707
0.81624067,0.82152689
0.77010143,0.76228070
0.29808715,0.28620270
0.72064078,0.66100800
0.72314477,0.86522591
0.39076078,0.36501867
0.88582295,0.94780713
0.54917181,0.69999999
0.87290698,0.85361654
0.85163593,0.97650141
0.53466552,0.64468789
0.51353222,0.61029834
0.84978712,0.73559529
0.89538008,0.93532604
0.85985601,0.70510715
0.89190876,0.90939397
0.87327546,0.91705018
0.81868231,0.85875821
0.16039824,0.34002978
0.76589847,0.95213205
0.91023701,0.98165137
0.34044686,0.30604681
0.31166321,0.25812802
0.79056323,0.82496858
0.70468545,0.51854765
0.72997463,0.76430041
0.88022357,0.93725395
0.30071771,0.33801779
0.55072206,0.63362235
0.58796448,0.50731504
0.60559732,0.62807781
0.86095649,0.87558323
0.80810744,0.94364434
0.85499263,0.75039101
0.78364468,0.74451780
0.91429311,0.86319327
0.51548266,0.38241962
0.77479112,0.81843013
0.92100483,0.86405939
0.73532540,0.86405599
0.32492524,0.43701848
0.90117013,0.87335420
0.63404626,0.50978321
0.84596336,0.81202036
0.84942538,0.88600940
0.58720201,0.50539047
0.83684498,0.85573643
0.88858694,0.91987669
0.87334228,0.88797641
0.67238772,0.70683777
0.83676106,0.79020047
0.83527482,0.73596215
0.85886455,0.94090211
0.88076967,0.94067794
0.94390124,0.95086616
0.66175914,0.59285712
0.87440145,0.86079091
0.66879338,0.49104384
0.83002108,0.81961870
0.78454530,0.82330829
0.84888822,0.87552047
0.40560010,0.78884101
0.80944002,0.79976088
0.77453321,0.82835734
0.78131360,0.71350086
0.81550980,0.86343962
0.74368227,0.59022194
0.60669744,0.72376144
0.90318179,0.77212322
0.80515462,0.87821120
0.68414247,0.67949569
0.89431000,0.92183858
0.76208866,0.56200981
0.57629180,0.54360116
0.49344665,0.48100710
0.56451100,0.50808626
0.61420435,0.63141090
0.90945780,0.97427428
0.73198974,0.64895022
0.87263185,0.92226720
0.87822437,0.91636389
0.61386639,0.70371795
0.19172643,0.17081459
0.63080347,0.66695982
0.69534212,0.71938390
0.93077773,0.90761811
0.79548776,0.71532935
0.84584898,0.88697839
0.82154053,0.82639384
0.88675320,0.94949025
0.91408795,0.96667588
0.70879453,0.86410254
0.72259015,0.78773451
0.75180304,0.77489179
0.18139189,0.21120690
0.81354082,0.79312551
0.83725125,0.70562029
0.92576319,0.87896007
0.84416401,0.91606569
0.90738094,0.90378344
0.79552823,0.90067273
0.92673081,0.91130340
0.80434120,0.84284276
0.80789131,0.87324744
0.92670828,0.93165481
0.54369283,0.54390246
0.86748546,0.85810858
0.85439473,0.89733505
0.76971096,0.70793337
0.85530925,0.95843238
0.46519032,0.05111977
0.65641183,0.58055115
0.66818428,0.60134947
0.17319724,0.17964554
0.88446373,0.98333335
0.27847967,0.27774772
0.90572113,0.93567622
0.39526850,0.21625404
0.16763832,0.15141453
0.85321671,0.85147029
0.87992650,0.92382288
0.83559662,0.73685557
0.77703190,0.71868426
0.44076824,0.44562212
0.72959900,0.66638315
0.83871841,0.86071163
0.79354781,0.67451662
0.10454956,0.13947834
0.27809551,0.26940882
0.91346198,0.95736259
0.92747593,0.94181597
0.91002244,0.99242425
0.84946615,0.92092192
0.73867708,0.66526419
0.89163744,0.95984846
0.77390921,0.69779003
0.45707700,0.38681319
0.26635045,0.32338411
0.76464289,0.80857682
0.40578622,0.53040332
0.85419655,0.86771774
0.93251735,0.87664849
0.15605128,0.18619974
0.59008849,0.49730280
0.84160763,0.88230950
0.83705503,0.72491962
0.65381670,0.67751479
0.69136649,0.62500000
0.51340032,0.64033121
0.86013865,0.90594268
0.76008540,0.68416995
0.39932579,0.33631256
0.82045823,0.84237599
0.58913475,0.70284545
0.86413985,0.87696075
0.70255715,0.81707221
0.90358818,0.98026657
0.92589962,0.93594086
0.73489678,0.68148047
0.79848403,0.85499483
0.67959434,0.55622739
0.52348310,0.65000129
0.43454581,0.44748220
0.26296884,0.29259095
0.46088517,0.36457625
0.87942588,0.95988846
0.90990007,0.90913469
0.89729470,0.94531852
0.80087084,0.73246604
0.76927900,0.83462989
0.82378536,0.71052945
0.89002496,0.94230771
0.69031936,0.66252059
0.88829166,0.90287155
0.47443399,0.75985974
0.32648504,0.46171406
0.53128207,0.31956398
0.84588176,0.85933375
0.66351461,0.76866412
0.90062177,0.94714755
0.85391927,0.87915987
0.89831567,0.93169492
0.86878002,0.86261386
0.36465690,0.19632471
0.87594646,0.90105909
0.76272559,0.72031099
0.66680622,0.76688313
0.90268952,0.96012962
0.90189934,0.86866605
0.86194915,0.90585440
0.87350458,0.93271685
0.82102692,0.88478261
0.89237148,0.86176914
0.45923957,0.51347333
0.92026937,0.93015492
0.67337865,0.68921834
0.61113155,0.79513890
0.65333223,0.59012729
0.61401993,0.62888986
0.90639257,0.89901131
0.84596008,0.76649535
0.74634153,0.82911712
0.87583971,0.88514960
0.82090425,0.89969790
0.84050536,0.76841235
0.83241373,0.84677452
0.63412398,0.64934814
0.83090967,0.76868510
0.58923173,0.61119562
0.92133504,0.97107846
0.56479341,0.63371974
0.84966344,0.89817280
0.36949050,0.68898940
0.83524674,0.81780916
0.28510213,0.25656238
0.79583842,0.84428668
0.87824649,0.85637277
0.77999240,0.81129110
0.84128588,0.89091057
0.20304631,0.20130895
0.91643441,0.94965976
0.89956433,0.91128057
0.86663634,0.81745720
0.53345585,0.54087633
0.80975103,0.84246558
0.82074261,0.78334731
0.40303516,0.60525763
0.87607527,0.62561375
0.90993631,0.90607119
0.91877472,0.91905630
0.84930968,0.85009265
0.93377292,0.96336478
0.62524563,0.71349239
0.02151607,0.11315766
0.49394864,0.39373800
0.08455072,0.18446052
0.75404382,0.75481474
0.89468396,0.97979796
0.84801322,0.89345986
0.84103024,0.82663476
0.69210231,0.29397160
0.41672394,0.62876254
0.35168439,0.28677204
0.82978517,0.73443598
0.93280417,0.95912063
0.77659899,0.83815354
0.87033117,0.94038206
0.27106991,0.37639332
0.91827083,0.86912143
0.59294015,0.66216218
0.32921800,0.42071429
0.85802025,0.90442324
0.80457366,0.81430185
0.77876443,0.84434795
0.39320895,0.38420847
0.79207659,0.65241379
0.32426459,0.28744543
0.90821773,0.89842528
0.29653752,0.22208612
0.84908694,0.88827115
0.89401841,0.92057413
0.90685260,0.93169284
0.59058982,0.71136886
0.78067881,0.72549576
0.90057957,0.82310528
0.75057083,0.82157713
0.89432287,0.91352737
0.86725008,0.83189255
0.70043617,0.50598788
0.48781481,0.52617741
0.81837332,0.89521056
0.64237797,0.47556207
0.89526546,0.90490377
0.62893337,0.65470612
0.73756790,0.77047533
0.90301543,0.94232351
0.87328410,0.92753059
0.90335840,0.89827532
0.49267611,0.48258558
0.92669201,0.93193859
0.53237164,0.52693659
0.81380671,0.74553573
0.83959770,0.66983384
0.58996034,0.59997392
0.86853731,0.89775598
0.59252644,0.62719846
0.80173868,0.81560630
0.76742744,0.70691872
0.09737642,0.06146450
0.79474652,0.73465145
0.72727263,0.85437572
0.62600732,0.60141242
0.90465206,0.92879355
0.55902839,0.55277306
0.47842553,0.42435005
0.60156447,0.61499906
0.47827622,0.56885421
0.57074475,0.73046875
0.90759224,0.99295777
0.90617788,0.94686663
0.64735675,0.84868419
0.88131398,0.87420022
0.91113466,0.84413356
0.58848113,0.71263474
0.90417486,0.96101540
0.85437238,0.67569047
0.77750456,0.76929212
0.85578060,0.80854803
0.82704002,0.70490855
0.43331969,0.46597019
0.83033007,0.84792453
0.78745407,0.80308068
0.85206264,0.97528517
0.87626964,0.85825270
0.63774693,0.81442559
0.86162531,0.98765433
0.74888438,0.87371445
0.90685892,0.89968103
0.93064398,0.96111113
0.89329803,0.88765866
0.81607896,0.90612924
0.43294209,0.47920039
0.87454921,0.86153930
0.79263288,0.73372692
0.77509648,0.86213523
0.56304878,0.48991859
0.82234901,0.81857145
0.92136991,0.95981508
0.89629233,0.93555748
0.77609885,0.75470591
0.84696275,0.99586779
0.16597903,0.15128127
0.83404136,0.93831909
0.67434156,0.65180963
0.81412351,0.73469114
0.77182305,0.73667657
0.91168559,0.95084673
0.52444392,0.45411944
0.79786545,0.82596397
0.91812217,0.91558367
0.86960030,0.87270057
0.79360777,0.79986250
0.86436379,0.92148459
0.90944785,0.92151356
0.40718868,0.49974844
0.88970804,0.84275365
0.82916307,0.85395765
0.83679575,0.81715631
0.63844055,0.60693753
0.89867449,0.95842308
0.39926979,0.32973275
0.91325659,0.95446908
0.87467635,0.95598608
0.76458210,0.78623497
0.53979921,0.52014506
0.89102668,0.83970904
0.59973317,0.63051218
0.87343395,0.88158399
0.68011945,0.61583138
0.90369439,0.95565987
0.81492239,0.75523072
0.84899688,0.67953658
0.51005352,0.53720492
0.86967343,0.94218749
0.77878046,0.66828531
0.88545448,0.89803207
0.77301484,0.72039056
0.92119086,0.95181960
0.48792708,0.57788283
0.16294450,0.19792528
0.85353327,0.86498845
0.88149869,0.83672267
0.87196422,0.96998775
0.23807195,0.35605732
0.63639057,0.77120531
0.53050333,0.59340554
0.86535996,0.92227584
0.68829894,0.70291263
0.68893212,0.47399795
0.77785933,0.82838124
0.88242537,0.96343940
0.50144666,0.73905796
0.83653665,0.80588073
0.32712489,0.68041873
0.41013834,0.52807361
0.77480644,0.84815532
0.61418253,0.61597735
0.93641126,0.92333215
0.44854558,0.36546922
0.88396800,0.70270622
0.60931426,0.30880341
0.93084782,0.96578383
0.59706235,0.78835350
0.84101546,0.90789402
0.90899080,0.94718617
0.90227640,0.95959967
0.85425818,0.87348652
0.73720527,0.84302080
0.23892587,0.25022730
0.86640137,0.92284918
0.23813327,0.31365532
0.49142367,0.27681780
0.91369182,0.95272404
0.38829175,0.23379037
0.52241135,0.17387006
0.91652590,0.94375002
0.87185097,0.80404592
0.83543628,0.89114791
0.85217935,0.94414365
0.80494440,0.81688803
0.67272359,0.26702121
0.85849279,0.86121500
0.88764787,0.93752176
0.51520234,0.60269165
0.85952544,0.83144921
0.80084753,0.76140672
0.49748820,0.25086823
0.73178756,0.78410792
0.84307092,0.85786331
0.47351661,0.29281345
0.68729955,0.70345747
0.82482636,0.90486759
0.49066666,0.47359255
0.68725240,0.75320292
0.88359034,0.88372147
0.91093796,0.96178764
0.71478438,0.80204189
0.11504477,0.21891502
0.79423040,0.88470757
0.92275238,0.95590001
0.77289480,0.72039109
0.04647174,0.13315079
0.89096344,0.88758594
0.87524241,0.86063218
0.85470557,0.73494339
0.91209590,0.92040634
0.85624599,0.91938025
0.45514405,0.26233122
0.47848010,0.35845995
0.37678808,0.29174992
0.66076142,0.74594754
0.82174516,0.86434209
0.82084996,0.68731707
0.79615027,0.73861116
0.75949937,0.79933137
0.86223400,0.87618434
0.85671300,0.91233575
0.86509722,0.90985346
0.89455229,0.95246643
0.74411041,0.88553327
0.36099201,0.30136934
0.62241507,0.69969070
0.67762303,0.59131038
0.76744980,0.92737734
0.94089156,0.90550238
0.34194365,0.32065657
0.13638926,0.12341198
0.39514354,0.63449591
0.68746018,0.56483519
0.83069748,0.79153407
0.71384501,0.75685716
0.83833784,0.85959321
0.66144413,0.32328284
0.91853982,0.97483182
0.82830644,0.93755800
0.85533053,0.75008893
0.42799169,0.54827785
0.76816154,0.77899390
0.81905496,0.86642855
0.86994064,0.85757929
0.84980172,0.80524760
0.84818113,0.89142627
0.85194927,0.85637563
0.66364270,0.55213892
0.83894551,0.79657477
0.81681973,0.93150687
0.58546686,0.64687014
0.85803556,0.81788236
0.87184227,0.93490839
0.62037385,0.60836816
0.81592482,0.75797695
0.48198929,0.37491038
0.84847891,0.84554595
0.80360979,0.94024563
0.90127468,0.89032346
0.93714583,0.94315207
0.70875472,0.70266181
0.26467991,0.17724867
0.85931253,0.95757121
0.77687711,0.66002661
0.89121693,0.89160919
0.72643048,0.71016461
0.76832998,0.17304045
0.70950812,0.63766545
0.69408059,0.65249920
0.80120391,0.79832476
0.85894871,0.75634831
0.89338905,0.93308949
0.85421395,0.91925669
0.83459544,0.61354744
0.75616109,0.71067053
0.54325020,0.49853435
0.91230130,0.96987951
0.52498090,0.47457367
0.75423348,0.46507189
0.92288446,0.95709866
0.89242303,0.84032446
0.85692459,0.79147798
0.12808450,0.22571428
0.59602749,0.62316215
0.87928766,0.94026083
0.90548921,0.95509452
0.87594414,0.91946626
0.91140670,0.86271608
0.75065964,0.67736185
0.32980281,0.29299012
0.89971268,0.93160981
0.90419775,0.84429461
0.91329545,0.93079340
0.92117214,0.92286462
0.36835858,0.27491388
0.43737775,0.47344095
0.21884204,0.27841941
0.58250093,0.48061144
0.87623125,0.93051064
0.74091995,0.75789320
0.87000525,0.94412440
0.78485143,0.77607644
0.48486608,0.72667122
0.70265836,0.69301343
0.13840429,0.17293985
0.87038648,0.96814185
0.83631742,0.82575756
0.77264512,0.72635400
0.64219409,0.86697614
0.72315246,0.31173092
0.23912306,0.39001819
0.43197125,0.16899768
0.81820530,0.85553277
0.74610740,0.81164742
0.26208550,0.16834933
0.44125757,0.42169273
0.48110488,0.80127829
0.86839294,0.89919740
0.75249666,0.79312229
0.64947742,0.57057905
0.89017427,0.88174176
0.77978027,0.85781008
0.58917087,0.64401621
0.53038007,0.83227658
0.85633892,0.95726961
0.89146805,0.91936576
0.82157993,0.83569002
0.71249074,0.68053460
0.86383867,0.80092055
0.90300328,0.79621947
0.73164058,0.63051528
0.32614434,0.36483938
0.83331800,0.93216443
0.74131441,0.86294699
0.88026798,0.85502547
0.67232758,0.61018181
0.56663483,0.49695927
0.39929321,0.32577950
0.79498321,0.82228351
0.83676964,0.87309384
0.84557992,0.95283973
0.27991119,0.26299021
0.65247267,0.89971167
0.56438351,0.33002645
0.73120821,0.84373164
0.94512254,0.92684191
0.84499711,0.87118959
0.49637127,0.69461000
0.87584311,0.88480371
0.85136598,0.77288473
0.54688931,0.62577182
0.81969190,0.84312797
0.82703209,0.85797119
0.82599884,0.82330436
0.81327105,0.95151877
0.84016228,0.69807410
0.78117394,0.72405922
0.78305870,0.77265352
0.82459795,0.67525947
0.79376370,0.83003324
0.61288649,0.62389106
0.79476088,0.75815243
0.34190619,0.28270778
0.84254748,0.77167141
0.69587308,0.65917218
0.86970365,0.93516433
0.85253513,0.93100321
0.88515216,0.87618065
0.80580980,0.81323248
0.61620748,0.52777779
0.62270892,0.84273905
0.89351904,0.92441005
0.73414862,0.58058608
0.89430147,0.92202109
0.89738482,0.92261904
0.75970942,0.92895114
0.88804895,0.97321427
0.91936773,0.94377512
0.80403662,0.76018411
0.84310490,0.67623830
0.77169389,0.89098436
0.90331358,0.91602188
0.13172998,0.17230944
0.55604511,0.32973078
0.64656001,0.81386065
0.41609675,0.27668396
0.86227238,0.87431556
0.69817942,0.56918818
0.60969222,0.42682275
0.71428996,0.63289338
0.82292259,0.77915019
0.83912277,0.60599780
0.88636750,0.88887203
0.88035721,0.87887549
0.83604300,0.86881334
0.86631370,0.84907150
0.83901870,0.91576087
0.44228318,0.28926456
0.58758616,0.47911146
0.63239413,0.72467917
0.54088533,0.25419217
0.40457693,0.47933921
0.69442195,0.79894364
0.90316963,0.92743337
0.70551121,0.64779776
0.89990997,0.84539419
0.89335299,0.91399813
0.87662601,0.87271202
0.81189698,0.89002138
0.79967529,0.66373658
0.92595452,0.95114291
0.84041184,0.88769233
0.91736203,0.90360600
0.91929656,0.90453696
0.79061598,0.87023139
0.63603681,0.56904960
0.25283530,0.16021530
0.68105710,0.58776891
0.67449313,0.71616167
0.64272493,0.37820470
0.72860104,0.65054834
0.56880373,0.50625002
0.90471196,0.94345587
0.30369180,0.17151481
0.53306639,0.46443731
0.92671621,0.88044626
0.79947954,0.88876408
0.26318493,0.11137762
0.76696068,0.82759631
0.47959742,0.33913177
0.35311961,0.40757680
0.63036567,0.59522474
0.88159007,0.82589042
0.92007387,0.89339018
0.89684296,0.93048781
0.88837159,0.87427169
0.83547568,0.87892240
0.91072392,0.87680632
0.67350650,0.65094632
0.88496810,0.92667466
0.87757009,0.82291138
0.91828120,0.93553358
0.76494652,0.88555944
0.92901760,0.91696113
0.87395519,0.72555214
0.27758691,0.28170526
0.28801382,0.37861234
0.71691543,0.80787998
0.82084286,0.75822806
0.83308554,0.76342481
0.90005749,0.92787415
0.24197203,0.25668153
0.79745424,0.90701222
0.32148820,0.44807673
0.83270842,0.81018358
0.92293441,0.91454196
0.53342509,0.38902196
0.59353316,0.68171883
0.87581646,0.94202447
0.82759184,0.88461536
0.59512496,0.61678380
0.84663904,0.81605130
0.86288249,0.85770750
0.76368529,0.76175278
0.91293269,0.84337181
0.78515613,0.74940479
0.29271305,0.31749630
0.86788332,0.93988925
0.51654428,0.40856928
0.52895617,0.61964816
0.86153787,0.84441388
0.23119311,0.26264372
0.75098586,0.81456357
0.90668041,0.94091511
0.91898245,0.94483697
0.75666136,0.77436751
0.81599367,0.73497641
0.88579941,0.92367995
0.74492431,0.77442616
0.92501247,0.94002044
0.66756791,0.63948178
0.44931054,0.29001552
0.48091909,0.47703418
0.37356606,0.46399826
0.42577353,0.37721276
0.87735081,0.78236324
0.85765254,0.92214078
0.40379202,0.27103627
0.64760602,0.76398522
0.77978450,0.67205632
0.84977049,0.83523494
0.73149216,0.64715928
0.57317156,0.51620871
0.45727342,0.32157460
0.41469344,0.45544040
0.85943383,0.87108934
0.85859138,0.89443016
0.84459144,0.83858269
0.69076753,0.57860529
0.78773320,0.88908589
0.86375022,0.89660627
0.89660215,0.92574090
0.62359160,0.54323483
0.51567364,0.60007393
0.89046288,0.91481650
0.75305498,0.81704611
0.75033331,0.58841795
0.80377835,0.88918424
0.88992739,0.91494471
0.61936682,0.68860352
0.53989905,0.52295959
0.88946438,0.88658679
0.91001683,0.94576925
0.59350157,0.49879763
0.90547633,0.90279007
0.87607551,0.88721806
0.80438060,0.81605262
0.75917518,0.87434340
0.84071052,0.90211141
0.85188007,0.77503872
0.77424550,0.71505392
0.89104098,0.88430274
0.77232349,0.92897898
0.87087739,0.90256023
0.36238593,0.40279752
0.72799182,0.84916544
0.81770426,0.83684731
0.68378162,0.70334005
0.80178386,0.87882924
0.86390817,0.87598771
0.26760522,0.31770834
0.49487773,0.28206921
0.84659767,0.89248365
0.77902144,0.85238957
0.02895287,0.05983176
0.85448855,0.85267913
0.78630805,0.77992070
0.82329583,0.86928755
0.88562518,0.96528614
0.79929310,0.71977520
0.92981398,0.96238422
0.88550740,0.85739511
0.86012411,0.78503537
0.74620301,0.79966629
0.88242811,0.93440080
0.91594607,0.92379886
0.87295854,0.98342597
0.29393297,0.20089869
0.92492282,0.90116090
0.80218822,0.69155842
0.75977945,0.78557223
0.89394981,0.89515465
0.86145025,0.93720782
0.83097154,0.92423284
0.91846550,0.90575522
0.12858996,0.13828705
0.88627166,0.86878383
0.43391192,0.60396838
0.92158967,0.96349204
0.70727390,0.51846373
0.83672005,0.93656617
0.89065772,0.89278406
0.82166046,0.87902308
0.32461292,0.30046332
0.80438572,0.53138095
0.93076998,0.87888008
0.44290841,0.75535089
0.90341651,0.93247199
0.77381659,0.79126173
0.72964376,0.76397306
0.40844437,0.49263170
0.76926672,0.87048954
0.45974821,0.31396824
0.84009600,0.84852940
0.83983600,0.83923560
0.83145684,0.77722436
0.76840127,0.54607058
0.38980636,0.39491045
0.24114181,0.36439809
0.92945135,0.92298979
0.38928300,0.35971594
0.87184948,0.66836733
0.77201366,0.82934022
0.75382173,0.74916667
0.63732749,0.56794870
0.17075413,0.26325795
0.38857982,0.32736620
0.42972454,0.47069946
0.88895917,0.84627378
0.28672141,0.24463277
0.85605884,0.89110482
0.82647371,0.88505620
0.93662447,0.94174266
0.28295708,0.41137549
0.81208444,0.91608393
0.83443606,0.79931033
0.64864051,0.51875001
0.86703700,0.91388160
0.88707781,0.92925030
0.82959533,0.78833914
0.87754637,0.79221088
0.42048189,0.35390970
0.83176190,0.81076223
0.55800164,0.05911645
0.92361879,0.91886663
0.54995114,0.56222737
0.57469624,0.68636763
0.83696413,0.95931786
0.44631305,0.32346126
0.81238657,0.78118002
0.70704842,0.85876667
0.88586330,0.88779765
0.67529720,0.71874297
0.58778071,0.53004801
0.90834922,0.95449668
0.82915419,0.79494876
0.88363010,0.87537640
0.82247156,0.86697876
0.91207391,0.93665755
0.88277411,0.90814400
0.68995380,0.65395433
0.86521167,0.89931768
0.31468222,0.18908121
0.72325277,0.82154208
0.46170372,0.69164246
0.88575590,0.93209720
0.41089311,0.35555893
0.92242169,0.80653161
0.74850965,0.85493028
0.45732847,0.38282001
0.36748546,0.19711182
0.88698816,0.95179147
0.27833834,0.12941177
0.41141772,0.31220102
0.52626497,0.44861254
0.68961608,0.58635527
0.45579353,0.44241595
0.76661909,0.79017901
0.55644953,0.73001599
0.57711035,0.71861422
0.57627022,0.73753810
0.70760918,0.71454597
0.88806480,0.92307693
0.86574543,0.80853629
0.77556103,0.81911242
0.42629677,0.61310273
0.49472252,0.16138309
0.80885798,0.91361284
0.89362711,0.93801761
0.82667381,0.73944688
0.91109616,0.95026594
0.72108251,0.68241286
0.51535147,0.29026577
0.92960864,0.90825266
0.65312558,0.56674302
0.88206476,0.83006382
0.37091249,0.37950405
0.27448875,0.24927419
0.61089432,0.66252685
0.17162372,0.16204339
0.92139077,0.93233085
0.26208413,0.31582168
0.75268054,0.54292929
0.51323789,0.50508738
0.80929184,0.72426468
0.94270200,0.96746254
0.55503047,0.65416348
0.78255612,0.73229450
0.84892815,0.83696705
0.82417428,0.91287881
0.84939545,0.78899848
0.72648299,0.67014772
0.65587139,0.66860127
0.92410547,0.98486894
0.84557039,0.91407204
0.86098570,0.79912353
0.88296556,0.90790600
0.78480488,0.70644838
0.85528117,0.91641748
0.75351316,0.84031063
0.74289340,0.87734169
0.46133229,0.62949657
0.84527707,0.94938821
0.87581706,0.82608330
0.85059905,0.94702840
0.55828500,0.63105524
0.88879520,0.88569623
0.81061280,0.77464294
0.68023789,0.74545455
0.92357123,0.98336834
0.90450662,0.91069108
0.93433696,0.89937484
0.83634549,0.78953713
0.73974508,0.76818180
0.74368238,0.57471848
0.92159677,0.93378985
0.38097087,0.52639496
0.78040868,0.76866150
0.85057563,0.89826912
0.88333362,0.84943604
0.85895836,0.81756449
0.22181611,0.24496280
0.85399765,0.76861268
0.81782293,0.85765803
0.91340011,0.90140927
0.87130034,0.84456784
0.88082498,0.91470444
0.86926562,0.92037565
0.83222651,0.85377020
0.87614179,0.79467213
0.91250569,0.94008398
0.74686927,0.65170592
0.86232376,0.91676092
0.71247464,0.90826541
0.61410028,0.60053039
0.76281679,0.76889235
0.66685218,0.65831244
0.86553699,0.86602229
0.90902221,0.93534577
0.80695772,0.86279762
0.78248399,0.94604290
0.58985132,0.39957401
0.24177629,0.24195077
0.80462259,0.93266457
0.81662196,0.80518061
0.78504276,0.72062546
0.78536731,0.78055555
0.61541152,0.56966841
0.93409133,0.92892653
0.89130992,0.95193678
0.53729779,0.38558289
0.80381185,0.90510201
0.88062656,0.89741594
0.51015514,0.37056318
0.90184224,0.89875025
0.88720906,0.86353403
0.85124868,0.83863795
0.86589420,0.93527162
0.80484223,0.75619966
0.90885872,0.92960197
0.54197800,0.44396770
0.71236503,0.70168668
0.57626957,0.83679587
0.82859010,0.69344342
0.87908328,0.89650995
0.70584399,0.60600597
0.90274036,0.99450552
0.58417988,0.51262629
0.92334878,0.95794207
0.89049888,0.94287515
0.84642750,0.83426428
0.88312489,0.86212325
0.88436508,0.94481504
0.61151332,0.85546035
0.58620971,0.60193843
0.88826501,0.86465520
0.78278416,0.69813317
0.60094303,0.64303428
0.38653895,0.53717440
0.73626667,0.84272724
0.66889328,0.54914093
0.72818112,0.78872246
0.86523098,0.90750098
0.92976463,0.96502912
0.75554526,0.54791605
0.19477648,0.28604645
0.88750315,0.88689107
0.81992394,0.63084817
0.72030163,0.81448370
0.78838766,0.84798652
0.83899790,0.81720990
0.68240875,0.61100036
0.60477507,0.37871712
0.88143545,0.93508095
0.86435848,0.95268255
0.77462304,0.63884330
0.92643881,0.91655874
0.28021783,0.18856642
0.69532561,0.43263334
0.44863108,0.22155657
0.89175934,0.89042938
0.37519571,0.45910111
0.85435402,0.73458838
0.90493101,0.89012313
0.78149199,0.83894086
0.92475390,0.95038587
0.83266777,0.79125559
0.79458785,0.82203388
0.84684825,0.82721812
0.86840576,0.92786938
0.21685103,0.23721561
0.79538029,0.80576110
0.81840152,0.80829614
0.35440892,0.37508041
0.43256551,0.39418384
0.88381976,0.93737882
0.78376150,0.72736418
0.91628808,0.94878781
0.92645848,0.96307963
0.20604338,0.23443674
0.91740918,0.95625705
0.48150119,0.32948253
0.35314873,0.33280957
0.82205433,0.92866290
0.64249837,0.59002978
0.84687358,0.86577785
0.75141454,0.67957091
0.43124771,0.37083334
0.19325963,0.30060565
0.85434741,0.88114440
0.82814467,0.86221063
0.86602098,0.92929351
0.91992617,0.94755554
0.76985008,0.93284994
0.88240093,0.79547930
0.92848682,0.59764564
0.23627549,0.18849500
0.61094218,0.45049426
0.45188847,0.73779058
0.83742863,0.74086756
0.88197368,0.90647060
0.81931376,0.87305856
0.83132565,0.78616065
0.86005497,0.81487179
0.85499012,0.88617051
0.81441301,0.94964349
0.85879111,0.88360649
0.79490417,0.69574910
0.87909108,0.92451078
0.81638634,0.87648630
0.79197836,0.66000003
0.86173320,0.86680472
0.88834214,0.92136472
0.89467597,0.98305082
0.81524497,0.85917401
0.86619586,0.85643667
0.92161816,0.97607863
0.82394826,0.86778843
0.20141730,0.11444855
0.62520462,0.66009390
0.54403096,0.31722808
0.66052991,0.52303976
0.79817891,0.81928641
0.90518069,0.92797798
0.36611441,0.52903360
0.44000757,0.57935721
0.90532917,0.84517330
0.66679901,0.61519480
0.89985937,0.92339206
0.44205466,0.37234765
0.39862069,0.34595588
0.94522208,0.97681099
0.83208871,0.92441779
0.34794280,0.26586309
0.91116059,0.93525636
0.78947312,0.87356466
0.70355576,0.76463962
0.84443957,0.83113098
0.83258694,0.81653941
0.79928643,0.74366540
0.37792978,0.74915254
0.26008472,0.15166023
0.87720191,0.93917751
0.82812917,0.57265884
0.80935127,0.72574067
0.84961194,0.96226418
0.71257550,0.53176051
0.88161069,0.91369045
0.82121640,0.91626227
0.77842182,0.78528452
0.82376498,0.89729768
0.71939772,0.58861798
0.46413106,0.73949623
0.66720068,0.33631712
0.80184060,0.65859860
0.93042141,0.94795454
0.89485645,0.90801525
0.85869879,0.82967067
0.32388258,0.30645886
0.35877866,0.50251269
0.73965961,0.57917917
0.93720764,0.94779015
0.38577187,0.41248873
0.42828336,0.48412770
0.87404424,0.84244376
0.89954489,0.96799999
0.78554791,0.70853096
0.30773634,0.34913969
0.77091312,0.74974638
0.42586231,0.58547497
0.83890486,0.89215314
0.79765725,0.78218085
0.89455020,0.93565577
0.83182871,0.78867966
0.91160953,0.96692306
0.26522043,0.26499084
0.10946183,0.19875507
0.88947088,0.89975178
0.68158150,0.64754456
0.91084445,0.95454317
0.54221034,0.42990908
0.86256719,0.87952393
0.59289205,0.80987573
0.71464711,0.68158633
0.89056742,0.96209157
0.54509747,0.77735543
0.87091619,0.91145277
0.86588830,0.89309311
0.40835539,0.53292096
0.92281604,0.96157050
0.82861662,0.87500000
0.76551348,0.82282609
0.77855748,0.91638511
0.55830830,0.58630854
0.90538633,0.93979931
0.78324002,0.59177703
0.79072398,0.89854771
0.80450839,0.72432882
0.76752257,0.63698202
0.88642371,0.93027323
0.72702390,0.56061918
0.84001458,0.77020580
0.49355111,0.42132545
0.87292105,0.94683260
0.89484167,0.90500355
0.91886187,0.94230771
0.76285475,0.65608561
0.61638641,0.74019837
0.80917954,0.70291167
0.35133341,0.44576421
0.64438987,0.90727490
0.80409271,0.94602466
0.38179955,0.33775628
0.87345296,0.95109040
0.88897520,0.91905427
0.55812669,0.50566500
0.87997055,0.90048444
0.52027315,0.59053195
0.91618180,0.97306174
0.66732657,0.75476748
0.35028732,0.33456340
0.89747065,0.96128732
0.85374427,0.81549895
0.84228021,0.85439688
0.71989810,0.85401893
0.85357219,0.85075760
0.92980236,0.95165145
0.91246963,0.92686504
0.31087625,0.48505858
0.91615248,0.95390511
0.78805363,0.80599838
0.83533138,0.90769231
0.78556025,0.79080892
0.85856730,0.90397990
0.54182196,0.36405113
0.87026608,0.87470949
0.87251610,0.93694389
0.64671439,0.79691780
0.81934315,0.78330952
0.87728667,0.96805274
0.70617747,0.76921332
0.90377462,0.93607086
0.70933944,0.72216403
0.77718145,0.94570917
0.80820400,0.78358960
0.15795691,0.22785492
0.16054775,0.30344516
0.92273539,0.97201425
0.91666937,0.92996705
0.38159794,0.49853569
0.72804737,0.71849275
0.86586571,0.95070422
0.87043720,0.88003707
0.72915906,0.83245796
0.75974083,0.69407368
0.93991059,0.97383201
0.84088862,0.84758884
0.92091697,0.91683120
0.89472997,0.84386200
0.90220195,0.90087718
0.76392925,0.79504013
0.88739771,0.90407240
0.88864583,0.88486165
0.51070535,0.47393841
0.88203502,0.81459248
0.77131689,0.65215379
0.71574336,0.70029688
0.85534769,0.76731455
0.69533181,0.65735173
0.85394990,0.87525922
0.59367400,0.51220894
0.85017753,0.79191267
0.88126028,0.83404255
0.93262661,0.95983928
0.38968456,0.36042839
0.84040427,0.80392855
0.86302233,0.85172158
0.65573907,0.72687620
0.86983043,0.92983389
0.91289407,0.95673680
0.88545877,0.95630878
0.87396729,0.97462410
0.90737224,0.89845413
0.84281123,0.79668605
0.90994751,0.88697374
0.82716388,0.86759579
0.60193259,0.88792294
0.92227161,0.93200159
0.88735092,0.93097031
0.88430655,0.85191262
0.33596027,0.43764684
0.91853952,0.95304269
0.92187732,0.92646158
0.37962765,0.39971015
0.80043054,0.67215383
0.20481786,0.25180703
0.82070446,0.81518060
0.86495316,0.86124969
0.85478073,0.81611842
0.73671579,0.84769130
0.68463266,0.50645941
0.03766382,0.08762792
0.18708767,0.21655035
0.88302207,0.88651985
0.71147615,0.83152914
0.83326495,0.82580411
0.66440523,0.56879222
0.66100419,0.51782811
0.93627185,0.92928571
0.72786629,0.61852694
0.85402983,0.87166262
0.53512520,0.56360048
0.87127256,0.86212993
0.72953421,0.78719491
0.30030638,0.27508554
0.79963970,0.04841315
0.79852128,0.80169010
0.62144327,0.68397969
0.92786717,0.91978264
0.86548376,0.94484937
0.37044498,0.38727298
0.74726546,0.90857321
0.78622073,0.89265734
0.04560465,0.06653640
0.85656339,0.89169848
0.86260879,0.90864319
0.93067187,0.94609249
0.88810462,0.90433514
0.53661472,0.75037980
0.59286004,0.76231754
0.83053946,0.80713177
0.45771188,0.62611806
0.35102838,0.40342155
0.86296391,0.91816008
0.84170359,0.88266206
0.38985500,0.33628988
0.27488130,0.30961546
0.92741728,0.87369770
0.84404933,0.84653473
0.77271348,0.76207525
0.44577348,0.72625697
0.74337548,0.83388489
0.66537631,0.68317592
0.85087204,0.86365926
0.85143566,0.74751997
0.89263397,0.92639738
0.86909252,0.96173269
0.85188562,0.93501294
0.29170209,0.25788260
0.88538373,0.88248795
0.18916248,0.27713567
0.31503665,0.23388544
0.70415753,0.88203245
0.56797421,0.22875798
0.59965068,0.45881549
0.31857997,0.37987551
0.66528207,0.68915665
0.63230824,0.52350962
0.87978125,0.90397918
0.77050251,0.75808090
0.80464804,0.92827880
0.80758566,0.66389322
0.89170182,0.74797606
0.50988382,0.61400348
0.81768733,0.87679505
0.87513953,0.85100001
0.79688340,0.76419407
0.75072789,0.70871383
0.43667960,0.37168610
0.41026166,0.25433421
0.43580735,0.55558765
0.26641998,0.37943745
0.64285243,0.70826066
0.75811917,0.68231523
0.88910943,0.83614987
0.50901812,0.66354609
0.57740104,0.56455427
0.87141705,0.91570240
0.83786213,0.94852942
0.77511376,0.87019229
0.79534775,0.67060351
0.85994971,0.87860221
0.45649058,0.43408552
0.85341477,0.90430224
0.64502531,0.47454759
0.53107834,0.51738435
0.45568368,0.49768543
0.88097078,0.91897058
0.71197098,0.75338256
0.29920551,0.33257172
0.80072927,0.89344037
0.88356233,0.91629022
0.77252173,0.73072940
0.84028971,0.88801169
0.28162754,0.32324985
0.87178153,0.94017380
0.52308625,0.62384528
0.75112987,0.81833214
0.89838374,0.89733124
0.85047513,0.93570572
0.80398053,0.80914003
0.75536698,0.67290825
0.68016022,0.72541469
0.90772164,0.97580647
0.69798017,0.73941207
0.90552306,0.92059553
0.90861714,0.89386451
0.91612053,0.90226364
0.86394912,0.93188852
0.85013157,0.92187917
0.88037878,0.82926828
0.93232995,0.90646851
0.76999253,0.59047621
0.75017107,0.65952832
0.83576220,0.79450709
0.83187342,0.90077573
0.45895314,0.55291277
0.71220386,0.79394019
0.91813314,0.94914114
0.82537681,0.85851353
0.55494678,0.66111636
0.46909416,0.68265980
0.79553425,0.79583335
0.88288146,0.91269839
0.43096900,0.28492424
0.72926599,0.65308434
0.53996277,0.60615385
0.84384805,0.82792622
0.82194543,0.82487172
0.82830733,0.79496950
0.80557871,0.73055607
0.80816627,0.87011999
0.88998795,0.92416620
0.78413242,0.74605095
0.90658593,0.91570044
0.78036356,0.91728526
0.91105241,0.96706986
0.17956457,0.23533912
0.64273667,0.62380713
0.96017796,0.96905977
0.90404183,0.78756368
0.90191919,0.89470923
0.73538983,0.71027851
0.87152177,0.89061230
0.93473530,0.91687191
0.94179612,0.93857831
0.84851581,0.83492053
0.70354754,0.50351262
0.46298915,0.45799181
0.73787397,0.71102941
0.74756747,0.54235274
0.85591543,0.90381426
0.80513555,0.85565293
0.91411567,0.86322647
0.18250258,0.17943865
0.86900473,0.91248631
0.50898790,0.66569257
0.81051302,0.79492009
0.90045905,0.85245121
0.81265754,0.81559318
0.32899699,0.41204482
0.76157916,0.82869667
0.64302784,0.57735616
0.74726331,0.94763815
0.79228926,0.52567416
0.39780006,0.27283254
0.85098177,0.77820754
0.80825120,0.80371416
0.72392851,0.64583331
0.75772518,0.69887793
0.59005427,0.70807451
0.78061926,0.92517263
0.32055748,0.36639267
0.91711330,0.92623454
0.76773977,0.75976318
0.92894065,0.94687277
0.73394114,0.66178685
0.77556938,0.86329669
0.85577154,0.96053946
0.91583771,0.96490383
0.86440551,0.76452470
0.02344144,0.04907224
0.71179324,0.73474181
0.83006853,0.84605688
0.72892922,0.80925405
0.90563178,0.83467120
0.78084421,0.87336600
0.80100352,0.80581552
0.40167999,0.29188052
0.80014575,0.90178400
0.89698136,0.96808511
0.89169258,0.90359366
0.87524199,0.94184738
0.34954345,0.37508628
0.62782085,0.57276696
0.34312043,0.31777900
0.71869260,0.72867787
0.37743521,0.45838079
0.91568875,0.96690059
0.78201181,0.76967627
0.92857087,0.84325379
0.70265740,0.77817506
0.66953194,0.78527069
0.86596876,0.88919914
0.63793898,0.47211823
0.73858792,0.81373334
0.85026371,0.92434543
0.84147519,0.90702969
0.38220796,0.36060503
0.74999601,0.79690802
0.89190078,0.90548658
0.88192481,0.74968606
0.79971915,0.85537040
0.90974259,0.94372815
0.67405963,0.63958174
0.20402582,0.29538941
0.78595203,0.87087911
0.81725574,0.78552634
0.82537776,0.80993885
0.64984584,0.64122051
0.54975677,0.90967745
0.88706678,0.94041324
0.64921331,0.66906327
0.88873237,0.85280538
0.83259839,0.77713078
0.84904861,0.90087938
0.39894056,0.36320755
0.53982234,0.80348140
0.40375102,0.45288461
0.56213355,0.80483484
0.70981407,0.66613168
0.42787790,0.45424199
0.83829045,0.80536550
0.57885742,0.58970314
0.88845354,0.86410403
0.87420398,0.93724263
0.82312131,0.79350895
0.93179762,0.94241124
0.44684383,0.09493448
0.73636460,0.70093668
0.82947201,0.91849816
0.61869270,0.77214825
0.90178531,0.91477275
0.25579849,0.19832759
0.80145431,0.77344030
0.88168585,0.81774193
0.64299560,0.74101347
0.81793702,0.79667425
0.44320226,0.39893100
0.80290043,0.75262189
0.94494599,0.97436619
0.59709191,0.58208001
0.91371965,0.85481483
0.69523895,0.65468109
0.84943789,0.92648536
0.70971471,0.74169868
0.91958642,0.96470946
0.20223223,0.14268395
0.87954438,0.85882354
0.88870150,0.96330440
0.81414151,0.82924050
0.84426630,0.77595627
0.46420041,0.44452891
0.82568145,0.84760499
0.62287694,0.63616735
0.82829493,0.75533837
0.84039366,0.77235162
0.93589902,0.92451161
0.54347402,0.52540648
0.84237063,0.87541831
0.81273258,0.86324370
0.87886155,0.92401743
0.89191955,0.79488355
0.82720679,0.81569493
0.90204477,0.91648656
0.48836395,0.78724122
0.69719505,0.81261754
0.89249206,0.89749157
0.80515522,0.54038197
0.64121008,0.41161060
0.27271256,0.27785650
0.88545018,0.83435541
0.85342032,0.93596226
0.57940131,0.66906357
0.16270600,0.09331770
0.62043715,0.70543820
0.68837506,0.39207914
0.55544186,0.66717333
0.82721657,0.76567328
0.86256063,0.87568682
0.95414358,0.93506479
0.63547391,0.70934904
0.86714202,0.90208632
0.40176681,0.35040271
0.77550924,0.85967463
0.88057798,0.82354587
0.74439055,0.61100799
0.48186043,0.69261646
0.91695362,0.92561406
0.70517683,0.67673612
0.90163982,0.86098039
0.92241639,0.97058821
0.76957011,0.73329091
0.54400939,0.55677921
0.61537939,0.68556148
0.92600489,0.90425187
0.88074297,0.93237972
0.82146496,0.92176437
0.70768785,0.75551468
0.92195910,0.94066691
0.89196700,0.91112089
0.80179155,0.79359227
0.55357975,0.65434331
0.64874333,0.66588682
0.83542627,0.88086140
0.87147051,0.86908519
0.89071691,0.92590219
0.43106949,0.27918723
0.75364900,0.75859374
0.51416314,0.60708481
0.87132156,0.88536286
0.76370919,0.82017541
0.85412514,0.85367477
0.53593850,0.29310322
0.85250807,0.75720918
0.84714091,0.84809572
0.88342452,0.90018588
0.76607579,0.90471417
0.79190737,0.83271801
0.86381835,0.92495608
0.86077225,0.80089670
0.60379499,0.62819201
0.76879483,0.87680167
0.26809353,0.18476626
0.52789563,0.65500969
0.86177522,0.86213160
0.90768415,0.88749844
0.73534787,0.68462902
0.77970797,0.60758698
0.43899897,0.44687781
0.64121884,0.54361302
0.82706225,0.89737171
0.36767524,0.33808678
0.89715797,0.93352044
0.85447818,0.88174605
0.73560756,0.67734772
0.39660960,0.60252136
0.38443226,0.47512907
0.61466438,0.71401262
0.88805598,0.85995477
0.64727437,0.70470148
0.58347148,0.72416669
0.90021574,0.92451495
0.88913101,0.89092827
0.71268463,0.48940939
0.91719896,0.85253119
0.69035077,0.72226584
0.79118687,0.82371795
0.69181395,0.72313339
0.76168698,0.69491524
0.37945408,0.28302512
0.84207028,0.66316849
0.78258854,0.78918386
0.82187444,0.86122358
0.70421529,0.61486304
0.92457938,0.93851012
0.86492133,0.86617076
0.23392186,0.21854033
0.89996231,0.86709678
0.64123273,0.44594145
0.73666906,0.70934421
0.68257576,0.57563108
0.67969865,0.84181809
0.85543531,0.89143956
0.27258143,0.33776334
0.85836256,0.88076925
0.50536853,0.62833571
0.62333012,0.65507013
0.51375020,0.54255599
0.88236278,0.94780439
0.86629820,0.84815168
0.87597388,0.96512538
0.88883990,0.94533569
0.12492482,0.13820100
0.55777013,0.63128549
0.88160008,0.87087184
0.82726109,0.77670741
0.71446812,0.57333332
0.78513283,0.73601484
0.70558625,0.60244495
0.91177636,0.93458170
0.80792129,0.74855393
0.83155090,0.85432756
0.91439366,0.90358436
0.58439505,0.36324245
0.88597578,0.90914899
0.45958871,0.23429488
0.66019464,0.67422217
0.85248113,0.91130614
0.81277627,0.86633402
0.41186371,0.45963559
0.81139272,0.93364704
0.86675024,0.90337920
0.83242822,0.88635087
0.82981992,0.86596137
0.10631192,0.14238474
0.74832141,0.67353058
0.78082728,0.65959710
0.80842668,0.68902355
0.91873133,0.94130772
0.89094001,0.93890327
0.78973484,0.83010000
0.84864330,0.76870990
0.78245413,0.78508079
0.34311512,0.20129573
0.73813671,0.73593277
0.63306886,0.69652408
0.90380245,0.89276779
0.93755895,0.95815170
0.78589839,0.85358393
0.83442634,0.95081967
0.72359693,0.87386876
0.89688218,0.92785192
0.86466765,0.82240474
0.57331514,0.51847291
0.51358163,0.54570955
0.87425393,0.91483933
0.91748583,0.96159512
0.90255469,0.91969699
0.87384808,0.77557325
0.91234547,0.94213098
0.77197301,0.59547079
0.50066537,0.63316905
0.86451113,0.85747862
0.81212223,0.88942462
0.77813345,0.76581365
0.85378826,0.92413795
0.89223105,0.86388087
0.85598564,0.90184408
0.88164753,0.94159889
0.62074465,0.47769994
0.55732340,0.51582682
0.72672212,0.65855271
0.65697449,0.55837613
0.67888343,0.86041665
0.87021863,0.81261653
0.57454026,0.64788085
0.88040352,0.90757883
0.59771228,0.68867254
0.27944285,0.27033615
0.82363695,0.86742425
0.88202506,0.95296687
0.87039077,0.87668997
0.64258617,0.70405483
0.90608007,0.90872830
0.19045824,0.26891235
0.24025850,0.28844616
0.90806675,0.93867528
0.89765054,0.95836520
0.90189505,0.85400099
0.53266412,0.64777327
0.88117617,0.94413793
0.20221263,0.58318377
0.85368747,0.87031418
0.88545364,0.90730679
0.85310388,0.89260840
0.86891717,0.85858172
0.62244481,0.44202900
0.30385470,0.22620282
0.91591638,0.93948317
0.91031307,0.95407110
0.85815161,0.85167789
0.41590783,0.31044713
0.58050376,0.53255486
0.61476511,0.65804696
0.34566745,0.71916008
0.86229104,0.82708436
0.78521359,0.90111095
0.86630368,0.88809043
0.52796406,0.61163920
0.48046613,0.29148528
0.86298114,0.84470338
0.77573693,0.76190341
0.58187741,0.67272520
0.90621728,0.96080023
0.84269571,0.93525702
0.87452632,0.96389180
0.67713970,0.64065313
0.80219513,0.72689146
0.83565974,0.77282280
0.54408258,0.57794201
0.17652479,0.35547245
0.83425784,0.93001091
0.86831808,0.76111454
0.44975808,0.52020627
0.16269122,0.17866541
0.77258015,0.69835669
0.70083016,0.33899325
0.67579502,0.67985255
0.91833812,0.92778361
0.13960290,0.10347844
0.84123260,0.86087668
0.88723552,0.91655713
0.57847393,0.68643981
0.70373595,0.61396575
0.77326351,0.78740156
0.83168149,0.83333802
0.55508876,0.77130038
0.89173961,0.94031703
0.85682291,0.91185915
0.88185835,0.83411217
0.52414113,0.89218092
0.75512624,0.73265839
0.92041177,0.94374889
0.84782648,0.89110535
0.65460658,0.51438850
0.77732021,0.74140918
0.64895791,0.72272569
0.25217634,0.25613412
0.86933768,0.91926461
0.69225931,0.67595762
0.39123896,0.35258478
0.75725192,0.75138831
0.89748007,0.97033179
0.68458551,0.56723893
0.17094080,0.06769641
0.84991562,0.90299064
0.69085908,0.75866234
0.44718918,0.55458927
0.58407784,0.64275974
0.80364305,0.78007442
0.90451950,0.93749142
0.17621835,0.33064476
0.16851322,0.13935617
0.76775151,0.76309842
0.87086737,0.70236617
0.77888495,0.82342285
0.87553382,0.96078664
0.77298295,0.61427450
0.71136504,0.86798906
0.86710221,0.94516754
0.77877527,0.86344659
0.85974628,0.78021848
0.87785459,0.88256192
0.88581014,0.92800957
0.70343500,0.70984000
0.12454844,0.19401021
0.90944552,0.93364310
0.81754482,0.85556608
0.81793040,0.82829678
0.71488947,0.86018974
0.88414538,0.93216723
0.87172979,0.83884478
0.79717791,0.91721135
0.83457059,0.85417455
0.63372809,0.44195944
0.79639858,0.63091153
0.88768637,0.92968750
0.91103631,0.98076922
0.92580062,0.93113101
0.91408694,0.93695152
0.70334399,0.59340662
0.75055391,0.75494677
0.30812481,0.56511414
0.71879852,0.59271789
0.64062035,0.57225901
0.71090037,0.63688868
0.72023398,0.85099202
0.41545948,0.51166642
0.80671436,0.86235178
0.84461194,0.71102273
0.74393743,0.74606460
0.73314536,0.90601236
0.75355649,0.82942766
0.88505745,0.95560515
0.28517258,0.17277816
0.41468328,0.41530049
0.25736967,0.35408485
0.79930311,0.86810982
0.84993297,0.87404394
0.83572632,0.84020394
0.87581986,0.88895178
0.86684263,0.88835049
0.72913653,0.75410956
0.25564271,0.19355844
0.66757983,0.70774949
0.85883391,0.79755753
0.94167608,0.94196790
0.62206119,0.53551751
0.80004770,0.69441104
0.82463467,0.74720901
0.47827530,0.80436713
0.80102271,0.90191597
0.64859426,0.81031436
0.38324562,0.57670254
0.46323583,0.37342286
0.88556433,0.90213126
0.84386432,0.91887301
0.15746464,0.21821387
0.87354189,0.84253246
0.81050569,0.91629750
0.85617942,0.85547787
0.35637456,0.17727028
0.83616740,0.76651859
0.71190482,0.61042839
0.55830109,0.57232702
0.69722146,0.77196455
0.55365670,0.31979588
0.89630347,0.94718504
0.86684775,0.82682014
0.82738364,0.79161072
0.90223992,0.92636448
0.86261809,0.87543857
0.74953794,0.73408186
0.84612238,0.91348845
0.79410636,0.83029968
0.65436202,0.54387695
0.35602474,0.09005424
0.87823987,0.93725491
0.84030032,0.89542693
0.83694327,0.90824288
0.71660501,0.68916667
0.73348141,0.75555056
0.89417040,0.88198572
0.82057732,0.78076386
0.66907722,0.90701753
0.86151963,0.81612223
0.89577377,0.93109173
0.77058512,0.63605124
0.19330439,0.22940685
0.71510923,0.68094826
0.10222342,0.09789793
0.60784751,0.55041182
0.81163293,0.66631186
0.49077356,0.38241181
0.51892453,0.58136481
0.20203714,0.14239281
0.42325956,0.41961285
0.72605908,0.67160743
0.85206300,0.81496948
0.90652156,0.94230771
0.61887169,0.54797554
0.13438047,0.22549520
0.91244996,0.88494551
0.85219568,0.87281960
0.86139792,0.79909480
0.90966177,0.97513658
0.78204989,0.87907219
0.85382736,0.82881582
0.36790439,0.28370300
0.58456677,0.50191200
0.56935942,0.55876905
0.81171638,0.84394497
0.82020700,0.86643320
0.85763758,0.88522571
0.90220422,0.92619932
0.70052719,0.62764049
0.83574599,0.83414376
0.78359538,0.59026688
0.88032895,0.88969105
0.85949248,0.87930161
0.57362080,0.64108753
0.78860682,0.69405240
0.74541354,0.44936466
0.65457296,0.65328610
0.38205600,0.35587573
0.87422848,0.92472613
0.85801440,0.89193571
0.88609928,0.91976273
0.75057018,0.56158555
0.81573582,0.93181819
0.85082442,0.93839288
0.87781078,0.89677179
0.55569333,0.61343890
0.75414574,0.64621210
0.84700751,0.93771851
0.72345722,0.64251715
0.87142044,0.80676502
0.86560452,0.92940140
0.24459259,0.56573516
0.80821204,0.83414179
0.78353214,0.61239034
0.91824973,0.94537038
0.69384873,0.89517760
0.83376646,0.84082633
0.92081237,0.95478034
0.77766949,0.82629454
0.88934302,0.90221554
0.62862128,0.71525139
0.72316313,0.65284371
0.82395917,0.88858747
0.34733498,0.34324324
0.86302722,0.92129201
0.27657068,0.52965587
0.72968173,0.85662329
0.64399141,0.62984276
0.71752661,0.84014910
0.64972788,0.67456281
0.83157289,0.81367642
0.80714989,0.87737381
0.78769481,0.71979111
0.73038453,0.60012245
0.73351663,0.80896324
0.67857522,0.79903263
0.82768816,0.84898800
0.84055597,0.89979094
0.57117748,0.54217803
0.89874643,0.87184513
0.43165454,0.35023639
0.90245003,0.86972600
0.91466266,0.93309766
0.83066231,0.42963848
0.90675360,0.95238096
0.87176096,0.90292448
0.51522321,0.59359169
0.85331935,0.84764689
0.89295477,0.93941593
0.71721292,0.54642147
0.44334018,0.46075755
0.88418716,0.78745866
0.91802013,0.88140428
0.86468637,0.85532874
0.83543354,0.87586004
0.34322852,0.41097781
0.56976080,0.81294906
0.68185872,0.69873011
0.76894951,0.76341772
0.43470597,0.41939652
0.92599583,0.93331707
0.31569639,0.38063678
0.73575866,0.81461120
0.85417080,0.86356544
0.82178646,0.81888497
0.77090228,0.70126402
0.83685052,0.84600532
0.81234318,0.71799242
0.60975432,0.80576766
0.10173815,0.11573371
0.09389892,0.14471753
0.23002511,0.27370870
0.29856795,0.21802193
0.85232168,0.86745286
0.87607312,0.91761792
0.51460063,0.55567831
0.32734096,0.08684523
0.91440392,0.90174997
0.87473810,0.97752810
0.77349871,0.50587827
0.89660859,0.95787656
0.82701975,0.82811010
0.72310352,0.58943623
0.74470282,0.84034121
0.61574221,0.72468823
0.58901221,0.41787943
0.61369807,0.67524695
0.82030153,0.88715434
0.81093556,0.85143358
0.79199630,0.76572299
0.86019897,0.73267573
0.62094057,0.41130349
0.36836815,0.41253459
0.38953781,0.42333701
0.79143953,0.80225331
0.34209615,0.37073177
0.89988041,0.89083129
0.93131495,0.92635638
0.85887831,0.90638530
0.93123376,0.92786336
0.87966615,0.88932884
0.87758392,0.87222224
0.81280148,0.76081729
0.89489961,0.84429973
0.80927646,0.86156839
0.60949558,0.45977011
0.90186161,0.87298405
0.59561139,0.47832707
0.48738983,0.52225542
0.75654054,0.79806578
0.87646967,0.88583738
0.79402179,0.87263954
0.57546479,0.70811111
0.86204267,0.81082720
0.74003261,0.75315470
0.52459806,0.55298787
0.88179451,0.86960250
0.84811121,0.89337331
0.25037360,0.29517210
0.40217674,0.38227704
0.84600991,0.94754153
0.85188746,0.89941752
0.70097679,0.72067940
0.84241360,0.92671192
0.72134143,0.72892541
0.38331252,0.40477979
0.49113917,0.49698871
0.56541705,0.22254266
0.85662901,0.91021466
0.70993769,0.75062531
0.89787161,0.89143640
0.88873708,0.92778337
0.89733231,0.84831065
0.79189861,0.81224483
0.61417073,0.76156652
0.84131038,0.82895660
0.54789013,0.54846936
0.90148127,0.93164825
0.68772185,0.79267889
0.34880865,0.17075326
0.56408316,0.27600297
0.92468864,0.93757331
0.83323842,0.71526593
0.66276461,0.66985452
0.53752887,0.41604635
0.83523190,0.81719166
0.21937466,0.21320389
0.74496257,0.72617304
0.93364024,0.94099051
0.75060016,0.75108284
0.55400366,0.46733695
0.09369780,0.10089324
0.94260883,0.94463146
0.71126616,0.74892473
0.87649918,0.84465814
0.55005419,0.58803153
0.78937221,0.78171647
0.82709503,0.86781013
0.27923310,0.48348597
0.84684759,0.89264327
0.52010107,0.50515997
0.89965516,0.91790068
0.34080076,0.32206389
0.83790302,0.85796642
0.72633141,0.50573266
0.21640676,0.20284900
0.90996718,0.87166619
0.89078778,0.93390751
0.89891177,0.99810249
0.73130023,0.66365343
0.51572061,0.42079458
0.76916283,0.71060944
0.84948575,0.93063945
0.69197166,0.73101854
0.85755759,0.95595813
0.77862865,0.61693120
0.72976452,0.85039145
0.92284709,0.96496212
0.31178045,0.24882154
0.86745030,0.92705601
0.85325307,0.88428366
0.48008874,0.38980940
0.81400341,0.93256634
0.88207662,0.83937222
0.76343435,0.72542518
0.80515313,0.67465597
0.68268764,0.82082480
0.89506334,0.90278625
0.86199492,0.89822596
0.84228683,0.68520772
0.56326348,0.38532355
0.66130608,0.48704740
0.87138885,0.83126938
0.28795657,0.18162036
0.89532644,0.90208477
0.87863392,0.77817488
0.86564612,0.97225618
0.20051566,0.19789402
0.83665496,0.89963681
0.93076533,0.94377440
0.88177013,0.85839826
0.70343810,0.61078435
0.51926649,0.61413044
0.89778751,0.93711191
0.83827126,0.76545084
0.93756586,0.97058821
0.20368147,0.36443609
0.44371840,0.36312521
0.82277465,0.76708263
0.51991349,0.52937502
0.88872379,0.79024607
0.75785828,0.89081454
0.86775333,0.86110950
0.65651965,0.75369942
0.32418710,0.35006940
0.94118851,0.94548410
0.83098799,0.66498518
0.83223158,0.81830639
0.84108979,0.82892108
0.78772634,0.88184768
0.30311263,0.27616072
0.87338012,0.79850364
0.86350584,0.89065719
0.86439192,0.93086231
0.88734639,0.72998244
0.84459162,0.84679800
0.46870497,0.21632653
0.23640664,0.33326069
0.23936482,0.19183815
0.64870340,0.48743087
0.91281813,0.94407952
0.83031881,0.89401984
0.86260080,0.81552893
0.87753654,0.92807019
0.89097327,0.78325993
0.79300380,0.86732459
0.75558966,0.77313966
0.84159613,0.77454948
0.69821972,0.74046820
0.87604874,0.85392076
0.86533421,0.83129698
0.84234947,0.83756614
0.91639668,0.93528140
0.84037530,0.88186926
0.76579583,0.79381973
0.74926823,0.69688696
0.94225204,0.91922879
0.87518829,0.92652273
0.84415042,0.84664577
0.74431866,0.76540387
0.82346785,0.89585638
0.89212447,0.93859649
0.34337679,0.32080314
0.77692211,0.77245408
0.91020393,0.91573280
0.63433111,0.64191377
0.82172340,0.85057473
0.15761916,0.14787246
0.89092135,0.84416056
0.79331392,0.79087746
0.79226828,0.89317387
0.58133340,0.64391613
0.86478871,0.88299233
0.61009544,0.43194795
0.68193632,0.67963105
0.52885890,0.65176547
0.74835491,0.82643163
0.83779806,0.75226355
0.83221847,0.75716102
0.46921894,0.44025022
0.75945216,0.60747039
0.88524163,0.78223419
0.87694007,0.86879975
0.83407295,0.76255196
0.86402118,0.88927275
0.91747540,0.96808511
0.51608729,0.54241073
0.80050606,0.75661653
0.20923163,0.09863760
0.46048439,0.55715907
0.79307914,0.73624593
0.84156489,0.79540890
0.63542521,0.71696526
0.56881499,0.59149587
0.91016275,0.93978560
0.87481683,0.96419412
0.66717768,0.69525450
0.85533750,0.49738893
0.78976029,0.76723981
0.92202538,0.95720690
0.84780025,0.90099812
0.86051100,0.95794469
0.16201340,0.30288059
0.67917168,0.71082675
0.84782064,0.86419159
0.66793841,0.65958905
0.88772106,0.85815513
0.74559999,0.74333793
0.69037336,0.66988039
0.56906778,0.71070814
0.75566721,0.94148535
0.56992668,0.81313258
0.85591584,0.79290372
0.77512288,0.64735752
0.77804905,0.79436970
0.89128983,0.87596530
0.89050150,0.87224531
0.89804560,0.95764995
0.36991125,0.36092472
0.67595434,0.62922239
0.91667879,0.92874461
0.77574754,0.74860299
0.63990247,0.70526314
0.80002820,0.89749998
0.35360044,0.37449864
0.91589928,0.95026022
0.60001326,0.32028005
0.51668090,0.64425415
0.89572865,0.96162230
0.78679556,0.76695514
0.74359906,0.77394414
0.50350475,0.63053328
0.86079991,0.95596242
0.84836578,0.76823986
0.82097656,0.75105363
0.36098769,0.32566988
0.79714584,0.68333334
0.62774569,0.69332433
0.06517106,0.08037448
0.78690052,0.89220911
0.88389963,0.96814519
0.88716125,0.84479272
0.82147092,0.79338527
0.83426619,0.94954646
0.40701032,0.43284315
0.83750963,0.69583505
0.91458327,0.89440757
0.36723524,0.36039910
0.16983299,0.35332921
0.76457286,0.68539518
0.69584584,0.74256802
0.65371549,0.48081312
0.77431011,0.53971231
0.77907491,0.72615498
0.93592703,0.92392248
0.91356421,0.96382010
0.59556150,0.73432392
0.86029172,0.86331171
0.82006353,0.78166544
0.86631697,0.89899069
0.69544971,0.76608050
0.85718000,0.86064786
0.64595270,0.82148719
0.57372350,0.58672035
0.91849083,0.93351567
0.26070720,0.42465344
0.38162184,0.68576086
0.57262033,0.52576363
0.81298655,0.70784760
0.77764118,0.53574198
0.88344061,0.91157508
0.84382266,0.74523485
0.89545864,0.91091871
0.83128977,0.82977635
0.68016618,0.81792766
0.85805410,0.88826263
0.64505792,0.72435689
0.76426238,0.75868577
0.56973422,0.67637467
0.83509701,0.99567723
0.93095952,0.92606348
0.68260068,0.57397401
0.86499310,0.90356058
0.84407127,0.71961153
0.74469435,0.79880536
0.56817245,0.50130612
0.87919158,0.93789756
0.88785213,0.95311296
0.83972591,0.81991476
0.81036323,0.72814614
0.65532506,0.71362889
0.77797925,0.83389235
0.83031929,0.83451200
0.86863214,0.78860199
0.80913782,0.73657191
0.86556387,0.84061986
0.80599660,0.94540530
0.82647556,0.80648643
0.25521556,0.31366667
0.84450233,0.84796661
0.73256564,0.73351729
0.45473099,0.54718840
0.90894675,0.88162988
0.78094637,0.81057250
0.85504031,0.92400765
0.51297969,0.57354552
0.87872249,0.87233663
0.53234011,0.50428438
0.53970933,0.13711420
0.32616654,0.32454872
0.84915304,0.89262384
0.93380445,0.96363014
0.21416736,0.19509904
0.92702025,0.99425286
0.67657042,0.72651094
0.47825292,0.60988230
0.60696286,0.60228240
0.83520192,0.88930732
0.91363823,0.86408865
0.45190415,0.34537953
0.87237346,0.84377444
0.92579317,0.90561378
0.12535943,0.13695097
0.27504492,0.50378859
0.83790225,0.74292064
0.86241740,0.79004449
0.25124803,0.24258862
0.76477152,0.86763489
0.91937459,0.94272786
0.89928675,0.87228262
0.90192181,0.93089473
0.74999523,0.82659674
0.75476545,0.56715345
0.27607247,0.43750000
0.65561825,0.64929664
0.78067780,0.87730443
0.82301521,0.87369418
0.93077731,0.93460876
0.77924567,0.83190787
0.89579701,0.93884945
0.87470710,0.93355179
0.88311267,0.68113589
0.83440059,0.92294228
0.89923519,0.92998475
0.62456822,0.72939563
0.90471435,0.81197727
0.89618742,0.93533128
0.66664129,0.66155618
0.85352540,0.83815289
0.58508563,0.64594233
0.44477072,0.42381462
0.44012505,0.33714616
0.13093378,0.19290447
0.85546869,0.88418782
0.71734643,0.52502614
0.27158192,0.22745098
0.87397194,0.81343281
0.32124805,0.29205781
0.91310090,0.87623543
0.65762091,0.67069441
0.74466950,0.84294069
0.90648365,0.93773043
0.81716669,0.81463414
0.92420614,0.94401836
0.88687795,0.86678141
0.84048182,0.87521613
0.54415405,0.57271230
0.61304390,0.53940362
0.61168975,0.71821153
0.86262012,0.91012084
0.61681789,0.47917229
0.88177282,0.98165137
0.81673634,0.91362369
0.87856585,0.85909718
0.65468663,0.54266471
0.87164313,0.91173846
0.89605749,0.90658933
0.91126055,0.86791629
0.90764230,0.95744681
0.72959363,0.58418125
0.79517061,0.82290292
0.90115428,0.87208658
0.73204833,0.74011052
0.41444224,0.60045093
0.85322988,0.83905226
0.75971091,0.65093398
0.87197918,0.90899503
0.54717022,0.69546163
0.27906388,0.74472129
0.80402201,0.88727701
0.80927241,0.73769182
0.73003381,0.73922074
0.74429560,0.76217532
0.91936076,0.93277627
0.79962170,0.83050299
0.91298336,0.90052283
0.15927012,0.21194558
0.23817538,0.17284226
0.87863123,0.77059960
0.85948467,0.91963649
0.82638347,0.89316058
0.88822937,0.86691087
0.88620478,0.93498981
0.83595735,0.82219505
0.63125050,0.58228850
0.74556935,0.70582694
0.93804318,0.95121115
0.83569008,0.86135387
0.51814711,0.56164718
0.29668421,0.30777812
0.85423845,0.91045171
0.86264628,0.89441824
0.78866768,0.84645456
0.81756437,0.94160479
0.91229588,0.91924030
0.88682210,0.90334094
0.72284317,0.61994076
0.69244027,0.40143004
0.82270294,0.81551468
0.71505237,0.78577238
0.29248777,0.20197700
0.76232415,0.66645622
0.62459368,0.78876680
0.80510151,0.89681494
0.94154549,0.90065694
0.80810905,0.84817350
0.75404263,0.47467282
0.79976010,0.79190505
0.29520181,0.28224444
0.55973488,0.76277483
0.85151076,0.91742486
0.78034490,0.83657098
0.79962349,0.82361144
0.84493756,0.68787706
0.75630134,0.91034049
0.90618175,0.96686637
0.59032685,0.61069554
0.89290839,0.83503401
0.64059854,0.69078428
0.88863146,0.91370666
0.83783996,0.84787780
0.85274071,0.90089047
0.82359052,0.82089055
0.91702950,0.80405194
0.90907216,0.93518662
0.94319260,0.97240955
0.83705795,0.84013987
0.85006040,0.87225527
0.90017313,0.92179430
0.84766406,0.92888987
0.25112548,0.45072746
0.84039772,0.85822284
0.87059343,0.85104918
0.69666421,0.76822382
0.88085401,0.82194221
0.70317453,0.59787560
0.83574057,0.84872788
0.76886141,0.83742207
0.38375419,0.34439981
0.92116112,0.93610096
0.25931534,0.26666668
0.68736207,0.62235463
0.53935534,0.60673052
0.25594491,0.18010005
0.85268295,0.84380031
0.84016567,0.92732280
0.82831812,0.83649731
0.80453902,0.90593380
0.68488622,0.70613438
0.89611012,0.92788690
0.47452068,0.48370764
0.83465201,0.81176519
0.60370988,0.77148271
0.87281287,0.96093750
0.90361726,0.90387791
0.87321085,0.84759659
0.83672196,0.89461780
0.90749717,0.94208241
0.91751415,0.95119363
0.90835238,0.90923703
0.89296007,0.98130840
0.58746094,0.56146836
0.89063823,0.91173589
0.54965460,0.50154185
0.59672588,0.58893472
0.14819136,0.14646147
0.53127718,0.50424671
0.40287340,0.41088435
0.44517061,0.29401568
0.40414762,0.48030955
0.15597507,0.07546584
0.79310566,0.74223316
0.77550805,0.87124062
0.90122765,0.91920114
0.73766261,0.74406934
0.90311539,0.92366052
0.72965175,0.64682537
0.53044581,0.60321188
0.51495242,0.37818581
0.63498467,0.62571734
0.86535305,0.91259533
0.78172296,0.72680253
0.76658809,0.66029036
0.86398834,0.87170118
0.82476360,0.76955587
0.88683045,0.93319839
0.78295195,0.85587108
0.59788442,0.58505511
0.87449080,0.96349204
0.60597348,0.61569321
0.65858728,0.69259226
0.56745392,0.66327536
0.90643889,0.91928649
0.92192942,0.95802468
0.91801971,0.90012270
0.87945497,0.90114379
0.36311844,0.20503296
0.15001720,0.35523197
0.36449540,0.26745707
0.87557536,0.90437460
0.78404295,0.63581181
0.58498108,0.61104149
0.87583452,0.93285304
0.45604834,0.81210190
0.42051399,0.47129482
0.82032633,0.81258750
0.40374860,0.45364729
0.88975042,0.98169702
0.77076566,0.78268450
0.43451741,0.61704546
0.88172889,0.88990861
0.85550749,0.97045207
0.68775463,0.70130837
0.89459360,0.89285284
0.49295121,0.62724870
0.66460598,0.56385195
0.39610797,0.25637975
0.71273917,0.79500234
0.76402098,0.69508725
0.54502201,0.63013417
0.88427663,0.98334062
0.54347569,0.69055158
0.86199039,0.92383808
0.88745499,0.94218361
0.82222569,0.86891854
0.87235534,0.86367422
0.52113777,0.51754659
0.67149818,0.78297937
0.90091586,0.93371862
0.89687371,0.90143776
0.82256204,0.91566491
0.34874967,0.30468205
0.61493170,0.56979698
0.34998772,0.23250675
0.91766930,0.86995327
0.37943074,0.41469720
0.92594743,0.93900478
0.29488218,0.43546876
0.71458358,0.77786911
0.66446239,0.69936556
0.90257829,0.95305806
0.81402034,0.76403230
0.85273296,0.80402207
0.74128294,0.75223839
0.82051522,0.83078456
0.85138136,0.78764856
0.93327022,0.95811826
0.62650841,0.65855736
0.87534434,0.91666669
0.05620968,0.07999019
0.81872147,0.76587898
0.78478384,0.61953080
0.82257092,0.75495642
0.89326209,0.95080733
0.79125899,0.77038592
0.76621574,0.80060756
0.62453109,0.74267250
0.82355535,0.79971099
0.84223968,0.91238075
0.25116917,0.22217397
0.90146095,0.87666112
0.61681622,0.74300504
0.58242351,0.45698714
0.32454047,0.36278734
0.43867168,0.37106428
0.59989184,0.71309465
0.42873707,0.44977465
0.81000674,0.59016037
0.90762758,0.91565895
0.91911519,0.91120613
0.88226229,0.91013020
0.90838104,0.89345205
0.81730163,0.80820620
0.70234281,0.86757928
0.79484868,0.91666669
0.81505609,0.85315496
0.89684391,0.87983447
0.41006163,0.49665090
0.90814304,0.95381582
0.90021050,0.90521133
0.72910494,0.67910516
0.56284779,0.40959081
0.15653495,0.20271671
0.52181965,0.68091470
0.75687212,0.68552852
0.92844230,0.96753246
0.17438865,0.10126051
0.85571879,0.80754149
0.91132224,0.93436402
0.80770993,0.74362189
0.81486136,0.82724601
0.78136063,0.79828215
0.80491054,0.69347245
0.82875562,0.82698303
0.93260235,0.93198323
0.66373020,0.51811862
0.75667638,0.70439917
0.87130606,0.92944145
0.85772973,0.90636706
0.80904597,0.71667582
0.53354770,0.42832315
0.86577004,0.89857936
0.86957413,0.86661679
0.94103301,0.92589283
0.49304080,0.25634059
0.75903225,0.83868378
0.82451797,0.78827751
0.91951704,0.92849410
0.91404831,0.89989805
0.82298082,0.76666665
0.62242544,0.55991811
0.37951073,0.28589076
0.83880150,0.88310915
0.50776142,0.55888957
0.91597068,0.89850473
0.46043923,0.27880543
0.93820393,0.92014730
0.72059822,0.73731178
0.60976368,0.52108461
0.73191977,0.83567995
0.32272997,0.32528889
0.90451121,0.96169591
0.56920856,0.77822578
0.52154368,0.58068180
0.90714103,0.87170529
0.76813716,0.71845239
0.91088134,0.87380368
0.73312533,0.76607144
0.90469873,0.95326221
0.91230202,0.89258462
0.35641915,0.34081885
0.58273733,0.59745753
0.60736436,0.68646055
0.87497520,0.82647961
0.88657737,0.90271491
0.89561313,0.91725850
0.87176198,0.88718826
0.82048452,0.87114435
0.61669308,0.60120356
0.78144622,0.46852174
0.58047938,0.73190427
0.44751436,0.39402726
0.63029402,0.62926930
0.52005333,0.49691918
0.92126775,0.98701298
0.85487789,0.89826065
0.82177883,0.85449898
0.88071936,0.90821499
0.80383426,0.75923043
0.75385153,0.70555204
0.86814910,0.94282120
0.81480145,0.77347064
0.79061645,0.67157787
0.89790392,0.70553362
0.76011378,0.81201661
0.90886492,0.88078886
0.77402782,0.83578432
0.93605471,0.94103128
0.65802968,0.53107768
0.47913241,0.52988833
0.29163063,0.20009609
0.38062009,0.39013493
0.80212176,0.78663665
0.91126329,0.89193547
0.60166943,0.44416144
0.79702491,0.93978345
0.80176765,0.81386513
0.30586207,0.33039546
0.81130618,0.65399677
0.76180667,0.75515068
0.92079318,0.96022224
0.85427970,0.87657964
0.85835326,0.84198749
0.78168160,0.86983937
0.77546018,0.78114754
0.58804482,0.78111744
0.63445371,0.56970626
0.87297410,0.92520034
0.82520223,0.79707003
0.86103612,0.89074498
0.91521460,0.84968865
0.75030982,0.76813245
0.77198595,0.90280050
0.86296374,0.94572371
0.77896333,0.82553840
0.57656372,0.65357143
0.88950902,0.95462906
0.65471917,0.66510111
0.91991276,0.79662228
0.89773709,0.90443242
0.79799110,0.84760690
0.77828270,0.83841294
0.42559540,0.67039657
0.81570226,0.83207256
0.81890196,0.81657487
0.74991369,0.77877766
0.22327729,0.31129807
0.52475274,0.68655598
0.59708530,0.59858119
0.11170609,0.17453220
0.85999727,0.93983346
0.83646125,0.93475556
0.80759662,0.75798655
0.76517665,0.70731276
0.71370018,0.71174288
0.49784732,0.35124078
0.86111474,0.91406113
0.73230988,0.76807600
0.79651785,0.76313525
0.40732771,0.31278375
0.41777366,0.44432133
0.84130198,0.90317613
0.75622922,0.79202557
0.87847131,0.93099362
0.76503432,0.70170403
0.43433404,0.54166949
0.73940969,0.85633147
0.88667780,0.90139705
0.74817961,0.75012022
0.82365513,0.80881226
0.73349476,0.82235855
0.59236062,0.60790813
0.79341084,0.74700153
0.90745318,0.96954507
0.83837372,0.91812015
0.83050704,0.84948391
0.05484962,0.08566161
0.87148738,0.12643468
0.64928591,0.85046059
0.87394571,0.90807289
0.90886170,0.93888801
0.59951836,0.60186297
0.89559954,0.91981262
0.62533563,0.69896704
0.75964350,0.66550720
0.79160511,0.77146763
0.76204056,0.90429294
0.69072616,0.79958069
0.47844255,0.40756464
0.60570234,0.39721471
0.37993813,0.17623153
0.70505774,0.73163074
0.89153814,0.89707863
0.90938753,0.56689388
0.73465312,0.87054497
0.89092690,0.88084084
0.89854312,0.91818798
0.89197439,0.94163120
0.92828071,0.86440676
0.80640471,0.87353730
0.27893612,0.56899458
0.45318154,0.49455270
0.70572835,0.61777139
0.60768980,0.52595538
0.80487263,0.94755542
0.45318747,0.36901370
0.86061853,0.87933469
0.86537915,0.87507808
0.88334566,0.91969991
0.93218333,0.97183162
0.81766236,0.69854492
0.90807039,0.90601087
0.88391501,0.91934985
0.73292047,0.76273364
0.83913136,0.86068255
0.83577567,0.91656953
0.73797542,0.60021871
0.86290228,0.85117328
0.72117120,0.86987966
0.86219859,0.84303600
0.67228812,0.77068216
0.75067711,0.79150760
0.94333535,0.97414732
0.88069272,0.88803732
0.89795476,0.90785474
0.54089123,0.71074456
0.79800034,0.83252627
0.52921700,0.63190854
0.85838860,0.88191229
0.18365920,0.20976952
0.87388307,0.95288247
0.90397191,0.92028987
0.34684539,0.49156144
0.86869347,0.83364457
0.83765733,0.87213224
0.86679435,0.88528138
0.76799023,0.58817035
0.32735395,0.31286803
0.48830777,0.62922794
0.57191277,0.61418188
0.54422718,0.24347527
0.10290217,0.11873738
0.79680979,0.76134181
0.31917182,0.39613393
0.66533875,0.82008451
0.83809042,0.80440974
0.28076416,0.33329469
0.86794150,0.92367554
0.89570159,0.89866668
0.58927250,0.70171762
0.49127701,0.42954203
0.65897489,0.80566639
0.86047399,0.83036262
0.91301525,0.92585701
0.80933291,0.74073303
0.72632438,0.80979818
0.84052396,0.86962384
0.70445144,0.62326616
0.77674150,0.63095152
0.80594176,0.89482588
0.77584499,0.83699787
0.53655517,0.49342829
0.81393892,0.91283423
0.85185325,0.80642664
0.53749573,0.62330812
0.85966837,0.89504141
0.86971563,0.89152396
0.82801765,0.92405063
0.29168198,0.32725823
0.45416459,0.39709273
0.84662563,0.93515384
0.88823944,0.88094622
0.86442345,0.85957152
0.30504003,0.27339184
0.85894048,0.86980635
0.84048462,0.79888940
0.30577207,0.42548537
0.85886788,0.86160082
0.41564763,0.54627961
0.68681866,0.43585798
0.74201125,0.50837368
0.86053836,0.85884035
0.89616215,0.88307792
0.31625545,0.45987770
0.89125377,0.91107064
0.25071591,0.24315847
0.83696955,0.90119338
0.89612383,0.90645260
0.38288188,0.72031248
0.85547906,0.87706041
0.81859040,0.80713564
0.83527100,0.85912198
0.65185416,0.72882140
0.86393213,0.99019605
0.81730926,0.83900726
0.55130631,0.32135075
0.45793334,0.39172241
0.71321321,0.67829460
0.49652082,0.37510505
0.88904303,0.83604652
0.87203139,0.85988456
0.51464498,0.65158045
0.21583632,0.31108308
0.45809746,0.50334930
0.76709950,0.85481507
0.83167875,0.79130161
0.75697052,0.84695125
0.75688064,0.61887354
0.20348729,0.14263675
0.57192391,0.48690495
0.85651952,0.86300260
0.41155201,0.26383927
0.44150367,0.53753352
0.78284520,0.62433434
0.58964843,0.45224568
0.89362556,0.95352924
0.89514500,0.80819237
0.77746326,0.69459707
0.51881367,0.67878431
0.90662742,0.89837396
0.91592568,0.95400435
0.88123387,0.91041696
0.83925390,0.75858337
0.77220988,0.82003665
0.77049446,0.70340455
0.59168923,0.48337805
0.38692263,0.37991992
0.77974772,0.86611974
0.69831342,0.58784384
0.62903023,0.75064933
0.86408609,0.90627605
0.56426370,0.65292746
0.89412725,0.91074139
0.62819272,0.76752019
0.76668459,0.87040246
0.76805615,0.61211991
0.48660788,0.43487820
0.84665889,0.90623552
0.93121701,0.89944851
0.86097616,0.84052944
0.28070563,0.26004007
0.73669636,0.84988815
0.69260049,0.53417081
0.84197748,0.83466578
0.73677361,0.52981442
0.83809578,0.86218321
0.78446323,0.81845027
0.84826374,0.86103523
0.42952940,0.51631916
0.83294338,0.83559859
0.69984353,0.18303572
0.66945243,0.93627453
0.87242907,0.83944249
0.86142862,0.84463322
0.07509154,0.09526616
0.92854941,0.93244487
0.81787765,0.77100843
0.86786360,0.94883019
0.92244929,0.92723972
0.83235073,0.68794161
0.88027436,0.86485237
0.91667837,0.92160589
0.84722745,0.89840817
0.84386653,0.92906165
0.79706866,0.75259233
0.71104592,0.61574060
0.65919626,0.59257960
0.89019400,0.79675978
0.72680372,0.59789425
0.90039581,0.93469661
0.80670488,0.54686409
0.92996913,0.93159062
0.72010905,0.70015490
0.67691195,0.86223722
0.80196548,0.90609950
0.87515813,0.94830412
0.85741055,0.94938821
0.39765859,0.35658288
0.73817623,0.71201617
0.48656872,0.45272169
0.83453542,0.82881021
0.48573542,0.37209436
0.84937763,0.92400002
0.80051118,0.68304229
0.79900664,0.71880341
0.91258073,0.88179296
0.77675962,0.76571894
0.71364629,0.77197582
0.52250940,0.57446116
0.13916357,0.32542616
0.79113567,0.65605420
0.56297612,0.61134416
0.60631484,0.58115762
0.86493862,0.81293952
0.76041323,0.60676390
0.83049846,0.82358974
0.78978378,0.85777777
0.27711892,0.27318868
0.60703021,0.81480813
0.81671923,0.87839675
0.39733568,0.29782945
0.27689856,0.04680178
0.08467501,0.06657046
0.84572059,0.90623760
0.83810037,0.81647158
0.80222344,0.58619440
0.86307234,0.92981434
0.89642626,0.95986170
0.68686122,0.74702710
0.50308430,0.64082605
0.79574835,0.76300967
0.78089350,0.83017105
0.87536705,0.84848541
0.81021696,0.79630065
0.85015100,0.79869944
0.59900844,0.59406590
0.79657960,0.79819822
0.71982920,0.81499010
0.91783309,0.91630435
0.64377952,0.34444845
